F,mean_landmark_error,n_subjects
1,0.0028756860073740915,99
3,0.0028774090111814677,99
5,0.0028730569502694826,99
10,0.002872262540380858,99
15,0.002872658135025114,99
