file,angle_from_convention,angle_from_identity,n_verts,start,residual,residual_src,residual_second_start,iters,scale,scale_norm,seconds,R00,R01,R02,R10,R11,R12,R20,R21,R22,tx,ty,tz,res_coarse_I,res_coarse_Rx180,res_coarse_Ry180,res_coarse_Rz180,res_coarse_Rx+90,res_coarse_Rx-90,res_coarse_Ry+90,res_coarse_Ry-90
scan_face/FaMoS_180424_03335_TA,4.160435409070338,4.160435409070338,2773,I,0.01850858770737421,0.013724281418411498,0.01965175130312979,60,0.003291266396140996,0.6837347657614785,4.098487196024507,0.9998933635534987,0.0056037484793033145,-0.013485530195408964,-0.004631158691757889,0.997458337795082,0.07110145379839292,0.013849689196597004,-0.07103141816164135,0.9973779242308826,-0.000855690031181402,0.012341177089036197,0.09253173989923569,0.03033112241498961,0.17136586773255363,0.17637219674220533,0.06254573989558368,0.05605895440178514,0.0567364320876489,0.06311219181586133,0.057587974122156466
scan_face/FaMoS_180426_03336_TA,3.3229491659691535,3.3229491659691535,2827,I,0.021493874471005293,0.016704021109996404,0.026377703172412004,56,0.0034038842328299717,0.708070803568069,4.029835432069376,0.9997057030721447,0.023580540091751225,0.005697839415940161,-0.023247809809776795,0.9983386344275403,-0.052721061715428535,-0.006931564331157466,0.052573083781864066,0.9985930223457342,-1.8420249454024904e-05,0.013172477083580644,0.07821899121281572,0.030449964912683935,0.17401344595585433,0.17448502813564407,0.05696777047669926,0.05417793776206558,0.053647714925095666,0.056914475075678636,0.05622633481852159
scan_face/FaMoS_180426_03337_TA,0.4221636636596203,0.4221636636596203,2819,I,0.017359307725386845,0.010897309071401975,0.022136829720300413,60,0.003425232963917879,0.7140521517629601,4.000203068135306,0.9999845151120502,0.0033128751219673653,-0.004471509202061916,-0.003334429577175479,0.9999828168162215,-0.004821581865883338,0.0044554590686855305,0.004836417136766396,0.9999783787431435,0.0011409040270411958,0.014864251199925807,0.0861160819978028,0.027322293776629092,0.173666100727114,0.17360102005133698,0.05578383871141452,0.054124794252167006,0.05365561018254122,0.058001492011423204,0.05730518006626065
scan_face/FaMoS_180427_03338_TA,6.095995955928921,6.095995955928921,2778,Rx+90,0.028412399795787104,0.02244184594199865,0.02887605636361875,60,0.003203571229682311,0.6707697607453679,3.978557506110519,0.999821753595096,0.004562511834086513,-0.01832060380531895,-0.006452333550022268,0.9945084053895255,-0.10445764213949724,0.0177434052477788,0.10455723358691081,0.9943605766897967,-0.00031178697109413673,-0.001732017510968839,0.09270673121458142,0.03675173591215894,0.16470357243140954,0.16654137167465818,0.05918640203544181,0.05357572129465735,0.06540929931197342,0.06272892312294223,0.06311991911389726
scan_face/FaMoS_180427_03339_TA,2.8491277563748376,2.8491277563748376,2787,I,0.02981258372986698,0.024558003388432885,0.031290611590777576,46,0.00335983078116988,0.7279609567377208,4.031569964019582,0.9995871410080688,-0.002718151120426605,-0.028603482057271985,0.0038764444146215673,0.9991713039260995,0.04051763306659002,0.028469645414274183,-0.040611784805706236,0.9987693238305231,0.0016490110585209033,0.005126514652594158,0.08332488582188496,0.03788477432762922,0.17559860466409696,0.17490899480584896,0.05752674414322279,0.052568007425528085,0.07096297842038127,0.05844791618530136,0.05987128091040034
scan_face/FaMoS_180502_00145_TA,2.964845302118157,2.964845302118157,2773,I,0.030096964045778416,0.02464647879820802,0.046283492391872384,60,0.003249938446018317,0.677245063499281,4.3120463190134615,0.998745915659617,0.0004347949478204942,-0.05006402806992538,0.00021610026379903375,0.9999155366601431,0.01299510855420099,0.05006544970245381,-0.012989630441734642,0.9986614642846087,-0.004240552056667287,0.02565268560567574,0.08903963916810786,0.038863065768977086,0.16797161192151597,0.17047922875595847,0.0582280444896292,0.06566903626628351,0.0588454806299365,0.06683478448826993,0.06066932760417351
scan_face/FaMoS_180502_03340_TA,1.8054356047639883,1.8054356047639883,2797,I,0.018020865463147556,0.012457498202437531,0.023887260454754186,60,0.0035171574269380218,0.7007466883351019,4.228092262987047,0.9996162048708096,0.01007357919698004,-0.025806316316775157,-0.01045978713369459,0.9998346556072567,-0.01487461931735725,0.02565220873135662,0.015138839086293127,0.9995562914305136,-0.0029338379331902194,0.013116621653471855,0.09321213366471373,0.029641095945242696,0.17865104338960877,0.17923132328043828,0.06176117678268091,0.052087252428990725,0.051035798114531954,0.05841863861737867,0.05953040837378647
scan_face/FaMoS_180502_03341_TA,4.081664021203215,4.081664021203215,2811,I,0.02462407877188426,0.019532786512277002,0.02535447609919471,60,0.0033327801536155934,0.7100279173578714,4.08263347693719,0.9997279108230493,0.003227736272244211,-0.023101645827468546,-0.004774273710686767,0.9977276876881627,-0.06720615694240879,0.02283222792274992,0.06729816445482818,0.9974716268792282,-0.001638414650361963,0.0021286338570012317,0.08133272081618018,0.03349318247431682,0.16976053270040872,0.1684108468002845,0.06458509608132945,0.0490152196961189,0.074673331717542,0.062123712550606516,0.060377043317836346
scan_face/FaMoS_180503_031203_TA,3.070425188168773,3.070425188168773,2810,I,0.020433531289458132,0.013586846496937402,0.02513721902933042,60,0.00354894107308213,0.7083684269403324,4.145033946027979,0.9998688193252178,-0.01482617803998797,-0.00652139447682101,0.014473850382910932,0.998588243720989,-0.05110799504307533,0.007269924090995907,0.05100690097385269,0.998671840124049,0.001842840239032351,-0.0005963118671082693,0.08793787630776512,0.03092388059864823,0.1754437374889965,0.17915383284581476,0.06201691499107178,0.04922602122933955,0.058099567474895225,0.0577308575049366,0.05576223090231023
scan_face/FaMoS_180503_03304_TA,2.725002230700343,2.725002230700343,2777,I,0.020607001239585927,0.014044342999731537,0.021644691139294264,60,0.003282717959166703,0.6884909400500717,4.097383185988292,0.9994079127177475,0.02137841478576542,-0.026958994387840423,-0.020481996632703146,0.9992421505737142,0.03310003520776183,0.027646189811505326,-0.03252826306560076,0.9990883846241237,-0.0037403413336189037,0.015799710614220162,0.08083605801226793,0.03186034526335381,0.17240143810019948,0.17428741392495256,0.057629525765711086,0.05116236720290782,0.05056539828813366,0.06152530124624284,0.05828867475314905
scan_face/FaMoS_180503_03342_TA,2.910618675181996,2.910618675181996,2760,I,0.017238065062493625,0.012323077493827104,0.019976042323614718,60,0.0034358202372194316,0.6707478118116762,3.949300243984908,0.999418236153081,-0.013529565874794355,-0.03130718914088952,0.012341708571481248,0.9992080080914079,-0.03782907341632803,0.031794205041177824,0.037420681624482734,0.9987936829558739,-0.002006459443076743,0.014742918644734829,0.08618175447204532,0.026456916652103726,0.16884286576906707,0.1720053764124447,0.05747525983733401,0.05099521187620979,0.04794993985381923,0.06369286267491774,0.06112814982131262
scan_face/FaMoS_180504_03343_TA,2.443549126413487,2.443549126413487,2759,I,0.027464146287079626,0.020927623458699644,0.030636211754752316,60,0.003240130333316717,0.67,3.9877560131717473,0.9995596579824009,0.029649142627850893,0.001190997707240427,-0.02959876170774641,0.9990920659965319,-0.03064240473836464,-0.002098437388472061,0.03059365954270704,0.9995297016879046,-0.0015730546465352764,0.012268300957118554,0.08951380887837732,0.038115259359405976,0.1687340632400452,0.1708293257420496,0.05650122302162517,0.05506547708181023,0.05693153394172283,0.06130500279206022,0.06472157902285744
scan_face/FaMoS_180507_03344_TA,1.7544248713617003,1.7544248713617003,2773,I,0.017887325935855864,0.013000122029923301,0.025354109139651113,60,0.0033923829910392656,0.7029336124415044,4.215614163083956,0.9997308228764094,0.017435544684715344,-0.015306324588366838,-0.01712624367029441,0.9996510568765856,0.02011109801258681,0.01565163149971413,-0.01984354472047453,0.9996805790672958,-0.002540318433462751,0.014684144038811915,0.08697158869595562,0.029719974826831475,0.1754174369906419,0.17542238185301978,0.058583917475944346,0.05771524974703869,0.04988026112129017,0.05967215102420781,0.05881118302493195
scan_face/FaMoS_180507_03345_TA,1.7301454107815024,1.7301454107815024,2769,I,0.018694413180299116,0.013490711575258246,0.03837931580608695,60,0.0033929677912726565,0.6827072386490708,4.0466109570115805,0.9996382447367079,0.01087320738810504,-0.02459985814610014,-0.011209738320057425,0.999844897576152,-0.01358390804334123,0.024448341999179155,0.013854751965638746,0.9996050842314989,-0.002786685559783586,0.011011198079300552,0.089504167926063,0.02812516714960708,0.17090781372206662,0.17159101356964346,0.05062807566490165,0.053394920108995145,0.05108043450227074,0.061221170248349985,0.06047715100394528
scan_face/FaMoS_180508_02474_TA,3.838972943120628,3.838972943120628,2781,I,0.022482861248935632,0.01719169568863022,0.026718568188149758,60,0.0034205554334332017,0.6866143665974268,4.281860406976193,0.9997682765531027,-0.003984365405430321,-0.021154621961981996,0.0026349617954890057,0.9979823979062503,-0.06343650719915392,0.02136469457714464,0.06336606585237804,0.997761640635687,-0.003684439603252051,0.01810473477683218,0.08020884911232912,0.032613609079901455,0.1718652069344861,0.17696827543766605,0.05871002062885731,0.053003272039799425,0.04398981554372648,0.06823585558310896,0.06380737159806583
scan_face/FaMoS_180508_03229_TA,1.061394413243473,1.061394413243473,2779,I,0.018352759082050113,0.012616360579878454,0.02202545960531446,60,0.0033258191089253187,0.7004823706484335,3.7591397538781166,0.9998381787653012,-0.010188977585440117,-0.014825687810341777,0.010123378765249168,0.9999386631281525,-0.004493015007586677,0.014870557678231845,0.004342201889191167,0.9998799986983901,0.0004751828183847536,0.03243990864455626,0.0850844486009219,0.028405872712833864,0.1643915339191609,0.16394108789131293,0.053026644788515376,0.05756404867997743,0.039746748399961195,0.06121565586958242,0.061593778080736517
scan_face/FaMoS_180509_03346_TA,2.482631386499602,2.482631386499602,2768,I,0.01712368527892758,0.011381631013566576,0.021558075263884754,46,0.003559861430458785,0.7253747201571559,4.106915168929845,0.9998448446442356,0.00448190334815445,-0.01703523350945395,-0.0038041751450528277,0.9992079673765949,0.03961017776530682,0.017199270037114467,-0.03953922702217696,0.9990699848542536,-0.0023479051288335033,0.015420843978341613,0.08306972653243658,0.02836565906546712,0.18248065392226717,0.1823277720740984,0.05927941897859548,0.048575004118981094,0.0533454447587403,0.05680595927287647,0.055398280880960125
scan_face/FaMoS_180509_03347_TA,4.203351379280293,4.203351379280293,2761,I,0.01784878124915154,0.013151607234611564,0.023579429651801757,60,0.00345530438991462,0.7183472779603597,4.1132477631326765,0.9996446026588532,0.001052796694558326,-0.02663756734659195,0.0007688727812453311,0.9976655788765569,0.06828470955895301,0.026647273963213407,-0.0682809222552268,0.9973102017157477,-0.0020492031344062104,0.020170214227669653,0.0838905960952896,0.03158168198396566,0.17733502998465628,0.1789970873429139,0.05317832913921323,0.06084890300613438,0.04516083241987752,0.06087100606167932,0.06111221796725341
scan_face/FaMoS_180515_03303_TA,3.3395769467273166,3.3395769467273166,2779,I,0.022456347043694213,0.01588618912272192,0.03039947154728006,60,0.003588947984533627,0.7258105451413525,4.20202651200816,0.9992378413560757,0.029702688431796943,-0.025327587764609576,-0.030770681336893677,0.9986064578217695,-0.042875489113509246,0.024018775408287268,0.043622158321005834,0.9987593332386453,-0.006087830798999221,0.003342299074760066,0.08161308892068142,0.031964106722571564,0.1740942313146963,0.17414187326920819,0.05737725595053565,0.05396368119276461,0.047050486547270266,0.058464706610466606,0.05998720199472962
scan_face/FaMoS_180618_03331_TA,2.973437931133553,2.973437931133553,2784,I,0.016506895737837344,0.010915857343993704,0.021382442529797024,55,0.0035605522562943454,0.7300999253466427,4.3466022599022835,0.999479949810569,-0.024614517670517526,-0.02083159731056358,0.02544093874140784,0.998860335787421,0.040383019037668895,0.019813847748926323,-0.04089199323203234,0.9989670947167849,0.00010675454809236781,0.011492725417084307,0.08613027408486398,0.02767043644045003,0.1818557514564218,0.1812115539774614,0.061214561566954664,0.051084396242952274,0.06202338149890127,0.05883030873738131,0.05701254103092995
recon_face/3ddfa_v2/FaMoS_180424_03335_TA__multiview_expressions__IMG_0053,7.518265454905889,7.518265454905889,2694,I,0.020001691739635962,0.014225464345289526,0.04081227675643271,60,0.003324386331462747,0.6796162713813167,4.240929479943588,0.9998321068215379,0.015836363706289026,-0.00921779547217207,-0.016897211385916464,0.991436579362292,-0.12949128677164543,0.007088188498080353,0.12962530110653164,0.9915377143088691,-0.0016100659029094017,0.019973299173862757,0.058936580074142604,0.02891585521989605,0.16922919074426127,0.16899844431721991,0.05118365370314134,0.05691683192367157,0.05330112253613941,0.0646189854410494,0.06288861794966553
recon_face/3ddfa_v2/FaMoS_180424_03335_TA__multiview_expressions__IMG_0054,4.604941109034055,4.604941109034055,2701,I,0.017603988677909757,0.0124309978214445,0.024160071924056115,41,0.003396466197957735,0.6869421357884303,3.8352759999688715,0.9998766452811435,0.013041956008783957,-0.008752234274298122,-0.013690620401480245,0.996805839982013,-0.07868090169016223,0.007698125378936554,0.07879101954676887,0.9968614317468759,0.00810980060638656,0.02096970383487312,0.06642550611085563,0.027412570852103725,0.1754265558651422,0.17499553497227935,0.05584497930027856,0.05422945762018756,0.04628193845523921,0.06179488517023524,0.06022660175213319
recon_face/3ddfa_v2/FaMoS_180424_03335_TA__multiview_expressions__IMG_0067,2.667609367927725,2.667609367927725,2695,I,0.018280933908798556,0.012832779534113511,0.022877378290762102,60,0.003415686139342794,0.6950144417650121,4.15184655203484,0.9999053828417582,0.01265478399726237,-0.005392754959967318,-0.01288205943730645,0.9989294023811285,-0.04443086318242154,0.004824718512962541,0.04449612905033448,0.9989979061994105,-0.011468084781416674,0.01820641854129941,0.05861779900302631,0.02931855652493914,0.1786856091605606,0.17865463381766836,0.0539077243746923,0.05155184056633266,0.04635009838087599,0.05980344597203812,0.06303274458872363
recon_face/3ddfa_v2/FaMoS_180424_03335_TA__multiview_expressions__IMG_0078,3.3221114828048273,3.3221114828048273,2706,I,0.017511869645790153,0.012050203274822568,0.02257810846445523,57,0.0033838011642444298,0.6890552808153612,3.9568314549978822,0.9999042505434252,0.012361337437213417,-0.006219894046867565,-0.012691783402608837,0.9983367533877043,-0.0562374027614937,0.005514379317037973,0.0563109596087699,0.998398050603409,-0.015412396714588522,0.018035469203411383,0.06701163817717828,0.028237948197454406,0.17448280536645547,0.17689966627233358,0.05419998557463177,0.05698450518869234,0.05177117321662236,0.060858805882153304,0.06375744822757272
recon_face/3ddfa_v2/FaMoS_180424_03335_TA__multiview_expressions__IMG_0081,5.334976508855284,5.334976508855284,2700,I,0.019561018986630648,0.01405898880346787,0.02706418639654006,42,0.0033288380665989032,0.6841798113808919,3.7881313001271337,0.9998219761969389,0.010078465337107885,-0.015951189613838592,-0.011489047819814559,0.9957878774366522,-0.09096430580398962,0.01496722064519432,0.09113137597258388,0.9957263954618766,0.0008221977778545894,0.018334553610457528,0.05980935281794426,0.028555155634878017,0.16993472775663845,0.17166124177056186,0.05541204406294901,0.056896956112830126,0.05420473174914953,0.06180837157531508,0.06172332699315205
recon_face/3ddfa_v2/FaMoS_180424_03335_TA__multiview_neutral__IMG_0041,1.1170224175755956,1.1170224175755956,2702,I,0.014542933244023448,0.009299225085339233,0.02092897003337799,60,0.003458717920683722,0.6918583143381462,3.92837546300143,0.9999355576203623,0.007338148698116188,-0.008662111759776948,-0.007199944577483276,0.9998479848390186,0.015879798847407964,0.008777323312701736,-0.015816408790787717,0.9998363865195282,-0.022260337336312642,0.017498785937419756,0.08070741405204565,0.02668899439747539,0.16138579185449337,0.17217534587807062,0.05781695527535511,0.051082646218163656,0.0464949710279936,0.057669023631536406,0.062147920555747665
recon_face/3ddfa_v2/FaMoS_180424_03335_TA__multiview_neutral__IMG_0043,0.9606458943999803,0.9606458943999803,2706,I,0.01609252839168454,0.010896792868716264,0.022022631731809406,60,0.0034421506839005162,0.7049437890948352,4.052313264226541,0.9999006332187268,0.014088910254004043,-0.00047570646871520294,-0.014084012392757646,0.9998595922534603,0.009079447872273251,0.0006035592020703049,-0.009071845820961688,0.9999586678106701,-0.016980448995953572,0.019317866296849437,0.06272494897563674,0.027325575822455882,0.16373713678334417,0.1811886533289023,0.05629014767047751,0.05439318013304088,0.04755654466887504,0.05808281511710033,0.059709502070676525
recon_face/3ddfa_v2/FaMoS_180424_03335_TA__multiview_neutral__IMG_0045,1.5448911913494687,1.5448911913494687,2699,I,0.016057750975023984,0.010805769443597808,0.020896794576318933,56,0.0033739175369750774,0.6918360491093903,3.810602786950767,0.9999753369245784,0.0016790638640255585,-0.006819551826599767,-0.0018560064924582477,0.9996596092333109,-0.026023468396916286,0.006773535448723152,0.02603548371061841,0.9996380709064051,0.0003768907566403418,0.015592445170554352,0.06676734596319461,0.025949225319155264,0.1737647454398,0.17423730220680153,0.054686321670572025,0.0514087863466546,0.04682278085188475,0.06041079351218079,0.05908927706446247
recon_face/3ddfa_v2/FaMoS_180424_03335_TA__multiview_neutral__IMG_0100,0.6403505125521076,0.6403505125521076,2703,I,0.015180961912171307,0.009880050385079601,0.02073142199887884,43,0.003443144161982098,0.7054817723511526,3.909330507973209,0.9999454368590701,0.0037045954895793248,-0.009767255345413268,-0.0036657657987548033,0.9999853193002649,0.003990406627852444,0.009781894797665386,-0.0039543844281402585,0.9999443371398038,0.012201245659081622,0.0166951562163542,0.06853495636002599,0.026067777084705614,0.18058246349198642,0.18160610084536796,0.056022544828543235,0.051287208826891174,0.04928528625967286,0.06304763572491029,0.05724563791595642
recon_face/3ddfa_v2/FaMoS_180424_03335_TA__multiview_neutral__IMG_0101,1.5632861174512325,1.5632861174512325,2704,I,0.014889171450744228,0.009518915106153904,0.018530277168698234,60,0.0034239917931288763,0.688517521164197,3.9971614768728614,0.9999681667598633,-0.0005355114679829199,-0.00796107369550353,0.0007430240891899097,0.9996594302668242,0.02608584661863778,0.007944393124742972,-0.026090931491150087,0.9996280057660467,0.023071317482664777,0.017356653045012584,0.07802841226152998,0.026912048042608175,0.17997460708025678,0.18227286556770989,0.054270066564080115,0.053931427514581916,0.04628204766886401,0.06226585375233675,0.05707111479721521
recon_face/3ddfa_v2/FaMoS_180424_03335_TA__multiview_occlusions__IMG_0106,0.9640303660737874,0.9640303660737874,2703,I,0.01563796740687841,0.010355024923031687,0.02199648197659281,49,0.0033871586091172956,0.6886269906164253,3.8712765811942518,0.9998759033257771,0.010296326554053086,-0.011923238148802284,-0.010225709485591122,0.9999299032500492,0.005968538503111531,0.011983856390037625,-0.005845874257896531,0.999911102518711,-0.02352975545516649,0.014727822157249201,0.0754529749728319,0.025486831421262006,0.17688575738302473,0.17980928774920443,0.056908763310314005,0.04913626858846738,0.04856068106367159,0.05844929538689977,0.06008257413777359
recon_face/3ddfa_v2/FaMoS_180424_03335_TA__multiview_occlusions__IMG_0107,0.6592511393023719,0.6592511393023719,2698,I,0.015634934386562934,0.010252363489508046,0.02191012944189908,60,0.0033865154471054235,0.7001665175999742,3.8888348310720176,0.9999437941227637,0.00013823217798366737,-0.010601390816126823,-0.0001856151627884165,0.9999899982945881,-0.004468652794795036,0.010600667072530448,0.004470369409126907,0.9999338186374952,-0.01962111425920934,0.01622253878291636,0.06757580171834515,0.026512538345347975,0.1719969933453371,0.17445142769296992,0.05522703358838064,0.056488135518850256,0.04862185826094414,0.05711713535884323,0.06233517839886715
recon_face/3ddfa_v2/FaMoS_180424_03335_TA__multiview_occlusions__IMG_0109,1.5071842486816924,1.5071842486816924,2704,I,0.014474511219196007,0.009263849442121106,0.0190553499953663,60,0.003458705392472377,0.7066415360156445,3.972794465953484,0.9998334442658144,0.010923229040787926,-0.014620765878722249,-0.010644315955485666,0.9997624356208604,0.01902027495294055,0.014825055325283453,-0.018861478965557062,0.9997121897555485,0.00019126542004255128,0.012639106189667279,0.07198269910834304,0.026018687346693475,0.17853439593736264,0.18061297234173082,0.057735377235102296,0.04883415081180745,0.05032022844784792,0.05985124897832517,0.05788381725078003
recon_face/3ddfa_v2/FaMoS_180424_03335_TA__multiview_occlusions__IMG_0110,1.1207915395844747,1.1207915395844747,2699,I,0.015279843041763606,0.009997891099963867,0.02131942582376493,49,0.003403555539421551,0.6984592326407035,3.8324016220867634,0.9999203334085748,0.009553652290012635,-0.008249519016644264,-0.00967586092092099,0.9998421203061358,-0.014903428369634627,0.008105834412534835,0.014982062262965438,0.9998549061032931,0.016456831872506492,0.018189483423422248,0.0699825445072427,0.025959671342313393,0.178633118386705,0.17892298886688005,0.054365122009665805,0.05157307740022008,0.04613418051321727,0.06181646542861811,0.057272057585050794
recon_face/3ddfa_v2/FaMoS_180424_03335_TA__multiview_occlusions__IMG_0111,1.5801660017564552,1.5801660017564552,2708,I,0.019917989851871525,0.01417174279294297,0.021202145216725494,47,0.0033521493975097404,0.6863521684242041,3.7380495129618794,0.9998742505982858,0.014889407326232439,-0.0054578878689975005,-0.015008756109487006,0.9996337113708594,-0.022520664532128053,0.005120569359255622,0.022599748679935843,0.9997314795128945,0.018216904072717723,0.015610641770877454,0.07631846191290875,0.028655894076683855,0.1683819987630565,0.17018545927167542,0.05450920081450401,0.053680878000640544,0.05335752604555064,0.0637867025324907,0.058215784260078264
recon_face/3ddfa_v2/FaMoS_180424_03335_TA__selfie__IMG_0092,7.150803380320306,7.150803380320306,2702,I,0.019149526277745098,0.013035246054774574,0.028091504734341712,57,0.0033535219422953953,0.6831451901587441,3.9616816309280694,0.9999984845555789,0.0007570056469540115,-0.0015677464707318212,-0.0009462550412600165,0.9922231034686065,-0.12446854038079033,0.0014613308807050972,0.12446983524363658,0.9922223161300492,0.001255845795000758,0.01790301103317727,0.05938245237117042,0.02871612244759731,0.1782013821099603,0.17762080027122576,0.052530211362123755,0.05404635561964445,0.05079450466346547,0.06239453912713125,0.06332226398418449
recon_face/3ddfa_v2/FaMoS_180426_03336_TA__multiview_expressions__IMG_0134,5.9706946981446825,5.9706946981446825,2696,I,0.020390187069503723,0.014423495529569291,0.04232178943942911,58,0.003321108114813597,0.6715934973707921,4.1133112099487334,0.9999627930436231,0.0027015832378774114,-0.00819231203047463,-0.0035362788900987164,0.9946075587338074,-0.1036498858715572,0.007868116674737495,0.10367499967486933,0.9945801059655318,-0.016920277625583686,0.020519133705438522,0.07786138056452654,0.029238078146275853,0.167498312675463,0.1671173880646417,0.05288635698732193,0.05778339387054662,0.05320913418875663,0.06196849020082058,0.06630749548137134
recon_face/3ddfa_v2/FaMoS_180426_03336_TA__multiview_expressions__IMG_0135,6.629121661891708,6.629121661891708,2700,I,0.01952864397801618,0.01344220274974211,0.04145945578827457,57,0.0033508824053104045,0.6824618156071283,4.153187550837174,0.9999620511524525,0.003990426427324987,-0.007744207635834661,-0.004855381422711456,0.9933423533145095,-0.11509732569800374,0.007233362027356393,0.11513055896902652,0.9933240321593256,-0.017487227935472197,0.020291085535429992,0.06653748424355166,0.029341321142121807,0.1686756016421051,0.16723684904439134,0.05296556938703386,0.06074943353122375,0.05545149239661361,0.06117773471165173,0.06650576555962309
recon_face/3ddfa_v2/FaMoS_180426_03336_TA__multiview_expressions__IMG_0136,3.634054713972307,3.634054713972307,2699,I,0.01863869177428287,0.013157664073504528,0.02626000646688805,56,0.003370342534671961,0.6890948119231245,4.013799721840769,0.999997365332156,0.0016563949452890153,-0.0015892402372903707,-0.0017537347260564548,0.9979904111194272,-0.06334085354798585,0.0014811290481338158,0.0633434737716679,0.997990686623518,-0.010390049188932046,0.01819196036977941,0.06514447576221155,0.02892737659996526,0.17251152225150876,0.1735112767553858,0.0547142546353124,0.05530342049848609,0.051246339468636486,0.060474751736758196,0.06234372349204071
recon_face/3ddfa_v2/FaMoS_180426_03336_TA__multiview_expressions__IMG_0137,3.0964409997281597,3.0964409997281597,2705,I,0.017590906300738934,0.012688769995089492,0.025083687553224977,52,0.003394337869374921,0.6915392740984849,3.9206651831045747,0.999876150561036,0.015556551301833269,-0.0023826982259997588,-0.015658897865946996,0.998541987502076,-0.051659443599672804,0.001575581437624989,0.0516903560347321,0.9986619170851246,-0.0004039950135274184,0.017554157052899845,0.0688426061414884,0.028024185392788243,0.17595316925745844,0.1772672963277177,0.05592299251099346,0.05099198501721339,0.049709071949420654,0.05887220685893825,0.05944445984455732
recon_face/3ddfa_v2/FaMoS_180426_03336_TA__multiview_expressions__IMG_0147,1.2340787674238116,1.2340787674238116,2700,I,0.015682312947533618,0.010556350439984296,0.023546152064229428,60,0.0034826646152272163,0.7060598747001186,3.9687029090709984,0.9998249472997501,0.01861743721407448,-0.00186166286722517,-0.018636237575727823,0.9997696033990212,-0.010650388180020957,0.0016629510131813282,0.010683218192290891,0.9999415500132914,0.002491439688358397,0.013253155299515616,0.07266894572046737,0.02678752884324126,0.17237788813644417,0.17467257787289223,0.057927095444027535,0.0509881592878477,0.05001249014205685,0.05832120922769821,0.060294162319855266
recon_face/3ddfa_v2/FaMoS_180426_03336_TA__multiview_expressions__IMG_0148,1.445593944264464,1.445593944264464,2697,I,0.01637412576874874,0.011433758856886451,0.02221050895747828,60,0.003389631799707478,0.6902171214467578,3.8570890810806304,0.9999587011685309,0.007710732566408943,-0.004810463661032699,-0.007821808978941058,0.9996928675492698,-0.023515736761037923,0.004627662654272906,0.02355239211644517,0.9997118932792343,0.008131731617650073,0.017788812044094958,0.07448424103216986,0.02757624507331973,0.17165025250833293,0.17508275457230596,0.05579428948119722,0.04897436732855009,0.047753860934040084,0.062308770236588366,0.05882235221851732
recon_face/3ddfa_v2/FaMoS_180426_03336_TA__multiview_neutral__IMG_0125,5.376184641169339,5.376184641169339,2698,I,0.01873175369655448,0.012972601789428854,0.04175677959315458,60,0.0033326676206910607,0.6720325480330489,4.1752482110168785,0.9997673450032278,0.01917226625341277,-0.00988332291819791,-0.019993676212617793,0.9956414812645241,-0.09109497075519175,0.008093749236424802,0.09127138101339588,0.9957931643826471,-0.017404213701104183,0.021181523017986106,0.07732272580267116,0.027904691259233175,0.16876954397485777,0.1701323190552024,0.052639612796554,0.055786061624862764,0.05449487870638394,0.06200698777743814,0.06548086077834032
recon_face/3ddfa_v2/FaMoS_180426_03336_TA__multiview_neutral__IMG_0127,1.0722792979141296,1.0722792979141296,2700,I,0.015126636600455075,0.010195629333204026,0.022549260803564126,60,0.0034084121063354613,0.6999298487591935,3.910344392992556,0.9998668436001162,0.015185755223929457,-0.005973935672630561,-0.015239845460117024,0.9998423147822554,-0.009115518702344755,0.0058345676355302835,0.009205346769130804,0.9999406079419749,-0.014008644958863392,0.01653566901589549,0.06652336771791537,0.026304534981236163,0.17499075620413657,0.17592921958630073,0.05588699532465466,0.051605581127865924,0.04773649697499657,0.05821764166776091,0.06179318651820798
recon_face/3ddfa_v2/FaMoS_180426_03336_TA__multiview_neutral__IMG_0153,0.8144312053281352,0.8144312053281352,2697,I,0.01756766839269403,0.01199524126727087,0.024893009872068328,60,0.0035600147206039795,0.7225370970874136,4.091470023849979,0.9999094898263438,0.010232539736389023,-0.008735404155730696,-0.01027249068716845,0.9999369260943796,-0.004540899470929806,0.008688388245398205,0.0046302228311685435,0.9999515352987014,-0.0010908908879400697,0.011231780312976447,0.06217472596786398,0.02892717421921052,0.17980845684274396,0.18017559772015548,0.05858527004847109,0.04963140843613399,0.04790276331616318,0.057072295541318006,0.05816619692046821
recon_face/3ddfa_v2/FaMoS_180426_03336_TA__multiview_neutral__IMG_0158,2.087555965419165,2.087555965419165,2711,I,0.01658825766229984,0.01069895571389122,0.021658725862811003,51,0.0034155205053293387,0.6990100922613511,3.856832080055028,0.9998961301351151,0.002979000280333369,-0.014101577860341424,-0.003449124082362774,0.9994350318855377,-0.03343232841157888,0.013994016002776381,0.03347749389194155,0.9993414956454225,0.009946386301507845,0.012768376153933926,0.07243733542373734,0.02662052353825944,0.17533089669167826,0.17760873686728354,0.05549358345536552,0.05234033419386283,0.05131491240819807,0.060715294576198495,0.05793698559027547
recon_face/3ddfa_v2/FaMoS_180426_03336_TA__multiview_neutral__IMG_0159,1.9474196333107572,1.9474196333107572,2705,I,0.015956439119222045,0.010478728373938179,0.023003965341824015,60,0.0034269527778663543,0.6949058250837213,3.9207381310407072,0.9998975138095063,0.0024721616888460202,-0.014101428798320822,-0.002905618637800768,0.9995213035513824,-0.030801316973081888,0.01401853265864774,0.030839133637778918,0.9994260495797425,0.013379494570729844,0.01484185828505049,0.0781473094064381,0.026361128794186815,0.17358390049010075,0.17698376665319848,0.057345826377716666,0.052895908153953945,0.05212154397229784,0.06118474103590143,0.05808366200587926
recon_face/3ddfa_v2/FaMoS_180426_03336_TA__multiview_occlusions__IMG_0121,1.018264574834893,1.018264574834893,2702,I,0.015311318183995034,0.01039570101170937,0.021876997593810288,51,0.003439702697547716,0.6965072733694687,3.9367693290114403,0.9998962021167771,0.011317641995108063,-0.008916051374684793,-0.011409792828935544,0.9998813066775771,-0.010353220964645277,0.008797819050550122,0.010453876621261892,0.9999066530649457,-0.000565131573381699,0.01256400330253856,0.06892855730433689,0.025840221438578236,0.18032014632317608,0.1813482304132283,0.05989445719575056,0.05027898450638764,0.049475835509254905,0.05979022757157395,0.057399986206118137
recon_face/3ddfa_v2/FaMoS_180426_03336_TA__multiview_occlusions__IMG_0123,4.55382628509781,4.55382628509781,2708,I,0.020295041637180863,0.014288976685649568,0.02142353669115483,60,0.0033651759732465456,0.6953748926130847,3.843924474902451,0.9996652182939967,0.017748481768980383,-0.018826649412779412,-0.01911189607696863,0.9970078630293908,-0.07490031031919012,0.017440950706847622,0.07523504803257579,0.9970132901752,0.014121210211681095,0.014793321600715184,0.07282529357328951,0.029293792914896807,0.17020386196010362,0.17033222727544015,0.0575900750093957,0.05271702655322321,0.05660393416615087,0.06437521081767278,0.05859651468744796
recon_face/3ddfa_v2/FaMoS_180426_03336_TA__multiview_occlusions__IMG_0124,3.3004505342225,3.3004505342225,2705,I,0.017292641274278504,0.011912423549592013,0.022321700496108078,60,0.0034032020070438244,0.693705683879078,3.9204683841671795,0.9998580826237305,0.0074385516159487216,-0.015115639644232591,-0.00825950118945807,0.9984524521409736,-0.0549952857414092,0.014683162196842006,0.05511232859837042,0.9983721931145552,0.011512201024535061,0.017127905379049214,0.07051286572429821,0.026520847677804937,0.16967301515608607,0.17046039623984466,0.056734400508283774,0.053368234922137686,0.05095440996218786,0.060691158986080365,0.057906669269345144
recon_face/3ddfa_v2/FaMoS_180426_03336_TA__multiview_occlusions__IMG_0164,3.846301627642126,3.846301627642126,2705,I,0.017996263269311075,0.012561971962476128,0.023171716549503514,53,0.0033947627068055667,0.6932596917748073,3.9417084860615432,0.9999244170154931,0.0051600070450605615,-0.011159506419239696,-0.005884717045855392,0.9978079030518975,-0.06591478371704967,0.010794922950922152,0.06597547221862125,0.9977628509340348,-0.02123448562245951,0.016972009065869875,0.07003779008110067,0.028310664295644217,0.17585255894604088,0.17909085361412722,0.05592959027322429,0.05252665991611041,0.05098716326625204,0.057965024851409454,0.06214088192728739
recon_face/3ddfa_v2/FaMoS_180426_03336_TA__multiview_occlusions__IMG_0165,2.6971341828278885,2.6971341828278885,2705,I,0.017715292232796005,0.011586177398555348,0.02005394656496871,60,0.0034045927323754373,0.7083279543445321,3.9567709390539676,0.9998861937320057,0.010749835405609465,-0.010584924320740196,-0.011210987351533941,0.9989457180220048,-0.044517032786404905,0.010095214050590435,0.04463063392171788,0.9989525480066702,-0.01092181359216243,0.013012293542329453,0.06411999443081048,0.02781912644590268,0.17913704364084249,0.1801343799584087,0.05649589041900001,0.050856793459223074,0.055129111715547297,0.05903177660096953,0.06116399651788695
recon_face/3ddfa_v2/FaMoS_180426_03336_TA__selfie__IMG_0151,7.4008513533197435,7.4008513533197435,2698,I,0.022377158756202227,0.01735605799189744,0.029796949640489945,60,0.003404191921774083,0.688686425972885,4.24183556297794,0.9996619927529428,0.02529858222246718,-0.005990157155584374,-0.025852249632743452,0.9916788368191828,-0.1261140190219891,0.0027498062007804275,0.12622625060772963,0.9919976674485544,0.0013771097141896279,0.021482543996786077,0.06467459571770856,0.033045604819462504,0.17241927579582136,0.17191828887045338,0.053180331428073734,0.05684739623715256,0.05287086310002973,0.06243045934473165,0.061695527485049945
recon_face/3ddfa_v2/FaMoS_180426_03336_TA__selfie__IMG_0152,2.352939452081772,2.352939452081772,2703,I,0.01742333666958797,0.0128475466898805,0.022434402950368998,60,0.0034721103069020815,0.7053789344279148,4.025694139068946,0.9999088226891117,0.012810665054143642,-0.004270031539100704,-0.01296659523659734,0.9991649720125169,-0.03874565925617735,0.0037701082802252517,0.03879749430177258,0.9992399815457043,0.0017421349543533967,0.013976918644112067,0.06924599226456868,0.028346225161949564,0.17841783733482813,0.18121930298609185,0.05572351661330816,0.04906533870739036,0.047187074665500706,0.060009626334218046,0.059845424530954684
recon_face/3ddfa_v2/FaMoS_180426_03337_TA__multiview_expressions__IMG_0184,3.123234766965398,3.123234766965398,2706,I,0.016644646418203294,0.011071408946577745,0.021738080616940023,60,0.0034006200878893902,0.6974830977687552,3.9792750789783895,0.9998100689499803,0.015099292481399343,-0.01232223164836564,-0.01570676046409894,0.9985858742818915,-0.0507892642237838,0.011537924508257195,0.05097316010638427,0.9986333727884374,0.012331693732006412,0.017239874233694955,0.06754259989445843,0.026905828623982116,0.17830091211880436,0.17690887115881085,0.05446188581265052,0.05450771464070494,0.048791539246186184,0.06295853606840544,0.05892137116564403
recon_face/3ddfa_v2/FaMoS_180426_03337_TA__multiview_expressions__IMG_0185,5.547950397510417,5.547950397510417,2695,I,0.01910276791384521,0.013630336747719744,0.02516270578089862,52,0.0033852268559581363,0.6889489109286874,3.98649361403659,0.9999537973275063,0.007224761254504843,-0.006340822905221682,-0.007801257191515887,0.9953335509817213,-0.09617828588797013,0.005616368624992444,0.09622330858441577,0.9953439261323374,-0.004106795322645594,0.022618653342137002,0.055242718754839444,0.02955863204789219,0.17852367641906425,0.17598755913995912,0.0524543355638962,0.05587052574813038,0.04854399931567429,0.06301280650997217,0.06282057365069148
recon_face/3ddfa_v2/FaMoS_180426_03337_TA__multiview_expressions__IMG_0186,5.713003714908099,5.713003714908099,2704,I,0.01886294452879144,0.013201350166157937,0.023080943375700783,47,0.0033745511090308004,0.6872920414316925,3.8886996859218925,0.9999641020067959,-0.0038476387933454458,-0.007549196875022436,0.003079883268051191,0.9950628871956693,-0.09919861311970407,0.007893606070553762,0.09917180144342198,0.9950390167132491,-0.013501628461179364,0.02111110775953677,0.053692078798757016,0.02869329098604357,0.1722333104515477,0.17240020356944322,0.052663411101517066,0.05727081773008733,0.047724550987791846,0.059522090639312734,0.06383283715127533
recon_face/3ddfa_v2/FaMoS_180426_03337_TA__multiview_expressions__IMG_0187,5.315880562813905,5.315880562813905,2702,I,0.0186011809193792,0.013140815649955903,0.022263477509493798,52,0.003384908513634354,0.6831205276199966,4.003949634032324,0.9999360675430777,-0.004326613087636713,-0.010447068759968373,0.0033475854549752833,0.9957556126834225,-0.09197583096163499,0.01080067118781305,0.09193497826535638,0.995706435287651,-0.0201983141141837,0.021390493780630127,0.06039702712229315,0.028909751279760146,0.17766902594285347,0.1754935228464769,0.054607344043849496,0.05520667082249757,0.047323331312718216,0.05834792513303639,0.06493698845252584
recon_face/3ddfa_v2/FaMoS_180426_03337_TA__multiview_expressions__IMG_0188,5.755722715883345,5.755722715883345,2703,I,0.01851372661152256,0.012710795556145228,0.027130213337133346,60,0.0033792519476637155,0.6879208174459707,4.078509086975828,0.9999693631395195,0.006894134160050005,-0.0037072491859476285,-0.007230252920568041,0.994964143033159,-0.09997038321920874,0.0029993707753619794,0.09999412478977959,0.9949835067891715,-0.02301393534637066,0.02303965143052164,0.06561604895569662,0.028829757055676156,0.17181879843500825,0.16998815791984143,0.05376341864285103,0.05857117208244557,0.05179792891152826,0.06054226004731894,0.0640506071948301
recon_face/3ddfa_v2/FaMoS_180426_03337_TA__multiview_expressions__IMG_0189,5.398727603439039,5.398727603439039,2704,I,0.0184013005224238,0.012578794622206596,0.02212307974083779,60,0.0033656810229987437,0.6818594377604168,3.9809689219109714,0.9998114221930191,0.019163896026598955,-0.0031408822732512404,-0.019371683642843463,0.9955665955893829,-0.09204287924336685,0.0013630573041190132,0.09208636617680763,0.9957500907552743,-0.021741962289097763,0.02070428512361644,0.07638495155296307,0.02883463709204454,0.16806113321777133,0.171901661559461,0.053742699926741556,0.05546352528261138,0.05128573069243591,0.0601184755834436,0.06572360990008125
recon_face/3ddfa_v2/FaMoS_180426_03337_TA__multiview_neutral__IMG_0178,3.650254170638245,3.650254170638245,2695,I,0.017650466969353813,0.01279660526659268,0.022770139898309606,60,0.0033946866127693726,0.6758488061781547,3.9890220027882606,0.9999596294141598,0.0031152709225699894,-0.00842820437436319,-0.003640310429977901,0.99800593098871,-0.06301515572727358,0.0082150886708811,0.06304329304880968,0.9979769814578346,-0.021652550213783442,0.02234623793472859,0.08048191229587026,0.028299141699452402,0.16896189279031196,0.16921690876563242,0.05348826619160388,0.0527071986658641,0.044954059010009435,0.05972110075671045,0.06278466268875778
recon_face/3ddfa_v2/FaMoS_180426_03337_TA__multiview_neutral__IMG_0179,2.295904696234875,2.295904696234875,2707,I,0.016042818747684814,0.010833532965729833,0.020402813979083532,60,0.0034109074285207106,0.6944074170946702,3.9415296490769833,0.999824314486915,0.017906673186534508,-0.005539965357366222,-0.018091610466545633,0.9992108969615877,-0.03535925655250944,0.00490242710266546,0.0354532713386231,0.9993593106385176,-0.02419608251878413,0.020509310287387644,0.06815875108240588,0.026701958626915517,0.17719038913440732,0.17846271574760214,0.053633709344544415,0.05260093256340819,0.045118828216750236,0.05850625956863649,0.06141627514743504
recon_face/3ddfa_v2/FaMoS_180426_03337_TA__multiview_neutral__IMG_0180,2.962208019382305,2.962208019382305,2707,I,0.01648383531106997,0.010993715184142716,0.022004937003671773,59,0.003416207871904745,0.6987280234731004,3.9828962138853967,0.9999438380527634,0.002057446911282134,-0.010396521173724249,-0.002580679320247988,0.9987173091489364,-0.050567543944252294,0.010279145614032566,0.050591534059713075,0.9986665288508124,-0.016199792701138627,0.016432088656552546,0.06198601515699139,0.02698828187077415,0.1772984209705877,0.17935798822782625,0.05503882930873167,0.05469507009431309,0.04957869680633225,0.056610561372730066,0.0625406744861233
recon_face/3ddfa_v2/FaMoS_180426_03337_TA__multiview_neutral__IMG_0181,1.251506670211065,1.251506670211065,2701,I,0.015686423510276822,0.010270383655920205,0.023373445865160665,60,0.003411998203953688,0.7003784257008101,3.9476696751080453,0.9999664633317961,0.005537955866588678,-0.006033511126946409,-0.005658987615246474,0.9997793164381378,-0.02023102275368927,0.005920141119074501,0.020264487837335605,0.9997771263945883,-0.005311983816750204,0.017022598672221723,0.05981927287811805,0.026270371057552994,0.17733814876519374,0.17856776662841986,0.05516327895944292,0.05300624365577197,0.048298974490647226,0.058603000182331985,0.05854880399774022
recon_face/3ddfa_v2/FaMoS_180426_03337_TA__multiview_neutral__IMG_0211,1.3654804378473646,1.3654804378473646,2701,I,0.014794305615196738,0.009532894833352663,0.02135184846662489,60,0.003437008375832687,0.7027908709033245,3.9798040878959,0.9999537084853063,0.00322957680678824,-0.009063703444576335,-0.003031204857961285,0.9997574193880008,0.021815457266654948,0.009131959460665648,-0.021786973454182106,0.9997209286116377,-0.0003744474630782102,0.01272042109584546,0.06983855203262379,0.026978060673775672,0.17958090494997495,0.18496598337222786,0.05623603597718962,0.050020287122801724,0.04694868785112165,0.05866036903062684,0.057827546625123745
recon_face/3ddfa_v2/FaMoS_180426_03337_TA__multiview_neutral__IMG_0212,0.724745983394322,0.724745983394322,2705,I,0.0149798521275005,0.009961123100628914,0.023376763674174166,42,0.00344661129952385,0.697515869527622,3.790165505837649,0.9999279632763094,0.002506984336101899,-0.011738112609355335,-0.0025538100044418216,0.9999888350308994,-0.003975910965424575,0.0117280140071787,0.004005601463239854,0.9999232014731755,0.009045120900516998,0.014454827374424634,0.07262339376509067,0.02548893721129233,0.17505551345916673,0.17702403683363965,0.05773340431654498,0.05113771330758616,0.050469572684618456,0.06045459860879021,0.05600746682169161
recon_face/3ddfa_v2/FaMoS_180426_03337_TA__selfie__IMG_0201,7.1711339967748,7.1711339967748,2702,I,0.020326323840086577,0.014411780165305662,0.02778906713814153,60,0.003394212431109518,0.6869789744428135,4.084434257121757,0.9995764835682063,0.028662215687100534,-0.005032980163550029,-0.02906127410740406,0.9921831000226959,-0.1213595417616908,0.0015152044993625427,0.12145440881770975,0.9925958546830961,-0.00040573259982452936,0.021770694241575392,0.06396612232533522,0.0304236185865268,0.17507643446143084,0.17365520579161403,0.052883697383248,0.056580410955063574,0.050806454692788855,0.06163803935782775,0.06249640214817016
recon_face/3ddfa_v2/FaMoS_180426_03337_TA__selfie__IMG_0202,5.379057855779861,5.379057855779861,2704,I,0.01773532303718727,0.012183535307889308,0.024683368299190964,35,0.003400656294866735,0.6931175493498347,3.8269903489854187,0.999813979129907,0.01735999605205699,-0.008404622150631542,-0.018057907961480674,0.995625166929951,-0.09167572708063365,0.006776363071516446,0.09181044337536282,0.9957534450810318,-0.0007277469838174776,0.01648677645669345,0.06270011377455995,0.02796395364117419,0.1787970256740526,0.17975664299183378,0.053651382230081854,0.05507119054406599,0.05038383459753183,0.05997056269276061,0.060445416975998624
recon_face/3ddfa_v2/FaMoS_180426_03337_TA__selfie__IMG_0214,1.165683203557362,1.165683203557362,2704,I,0.015705583568117912,0.010420776768413074,0.022305014879952473,45,0.003428807817581927,0.6987023558323463,3.831896232906729,0.9999785080813692,0.0012721982536010104,-0.006431554008328964,-0.001395824571906634,0.9998136494572718,-0.019254039386462963,0.006405860529466704,0.019262602901335597,0.9997939373092553,-0.0006944181662129989,0.012497576756976624,0.067359414654488,0.026457904274925354,0.17853605905308975,0.18104732639072432,0.055437746725659244,0.05163403690599567,0.04712854140938284,0.05860438585922896,0.061091144782614
recon_face/3ddfa_v2/FaMoS_180427_03338_TA__multiview_expressions__IMG_0227,4.879822960206507,4.879822960206507,2707,I,0.020809600952739298,0.014419878526306365,0.025490718719519034,60,0.00332783698766987,0.6869771804342094,3.939866380067542,0.9998711733841401,0.012071920523521866,-0.010578533466276007,-0.012913510958508309,0.9964259654345383,-0.08347776136536836,0.009532988521331416,0.08360361321571386,0.9964534901274266,-0.014376559855282606,0.01627452402403142,0.06366174981084813,0.030502352037262943,0.17090674274722065,0.17240838630973296,0.054784361131289074,0.056467642919710674,0.05281981328962123,0.06014266730716689,0.06315282016914009
recon_face/3ddfa_v2/FaMoS_180427_03338_TA__multiview_expressions__IMG_0229,5.121370580915698,5.121370580915698,2693,I,0.019773015197243726,0.014414711363438283,0.02592438305693855,60,0.0033783040859981456,0.6847166686871615,4.024860446108505,0.9999479358050214,0.006451404502685748,-0.007906014117067732,-0.0071271225485892735,0.9960368107597602,-0.08865594021667621,0.0073027257550820745,0.0887076715480017,0.9960309328555406,-0.0006285609238949546,0.022868930603788154,0.0651827937358882,0.030137546016450502,0.17654279121221478,0.1756705727663589,0.0498116472963666,0.053475484027501394,0.04771295522038753,0.06276496352190983,0.06332856441601854
recon_face/3ddfa_v2/FaMoS_180427_03338_TA__multiview_expressions__IMG_0230,5.789759176921377,5.789759176921377,2695,I,0.0214536610974198,0.01600944018945383,0.02487479999509169,60,0.0033901692111779867,0.677984571459523,3.994991766056046,0.9998476866536665,0.017412730928883517,-0.001183340572871308,-0.017444136865178664,0.9948988051692196,-0.09935828884340003,-0.0005527950271264945,0.09936379760485153,0.9950510188644598,0.0013835777498249385,0.01904313846448042,0.06547020181630198,0.03307844470810783,0.1774339689459532,0.1770199034650496,0.051793943606737704,0.05327088924574533,0.04339341023323227,0.06204243984483682,0.0636052889093948
recon_face/3ddfa_v2/FaMoS_180427_03338_TA__multiview_expressions__IMG_0232,5.896203488899396,5.896203488899396,2695,I,0.019593207764037734,0.013906806516985174,0.022887716161074975,49,0.003344148695285264,0.6719038830459773,3.880517251091078,0.9995381017725397,0.029871156032855502,-0.005594384882027227,-0.030276048821733268,0.9947181142247998,-0.09807769420618168,0.0026351418731223064,0.09820176816289028,0.9951630362694296,0.007552389070650907,0.022682382893946418,0.069544426019293,0.029870539878165518,0.17393947053906672,0.17312348072324554,0.05055669676312848,0.0552773067636183,0.045964026090274904,0.06590260734666747,0.062442741159631394
recon_face/3ddfa_v2/FaMoS_180427_03338_TA__multiview_expressions__IMG_0233,3.8625395551314408,3.8625395551314408,2695,I,0.01976701719079191,0.013167134701307127,0.024719484937372218,57,0.0034764037233902256,0.7047681670461495,4.0211150059476495,0.999959148056044,0.005583335083972903,-0.007108346387943416,-0.006045404208422183,0.9977524638201222,-0.06673435418757534,0.006719769861215629,0.06677460078664667,0.9977454572098018,0.0030368755531009826,0.01116485683407676,0.06589795298038778,0.02971552545955846,0.18073309884076974,0.180284120423038,0.05347828561771,0.05167397040151821,0.04434926476282842,0.06174297324160307,0.06028812695665639
recon_face/3ddfa_v2/FaMoS_180427_03338_TA__multiview_expressions__IMG_0234,1.375350843793813,1.375350843793813,2698,I,0.01627455792958317,0.010593165068607868,0.022219336904252738,60,0.003400705886495509,0.6913752403514393,3.930213512852788,0.9997123260533407,0.02296791220558417,-0.006909424428621609,-0.022974219373930214,0.999735709215017,-0.0008348440008479731,0.00688842370769872,0.0009933424705502838,0.9999757811515037,-0.01338595438137593,0.011949587332050336,0.08410845989249513,0.02659908394771018,0.17512202792862763,0.17772379272042113,0.05620514519028756,0.05091585920309127,0.050553237781553635,0.05849370040761374,0.06061343448460641
recon_face/3ddfa_v2/FaMoS_180427_03338_TA__multiview_expressions__IMG_0235,1.0329486245294357,1.0329486245294357,2706,I,0.01826816576016239,0.013008284312225808,0.020970008702000668,60,0.0033995286791249748,0.685799748549968,3.8565120978746563,0.9998565918074229,0.01609626602108892,-0.005263652669318803,-0.01612849066796575,0.9998510868952961,-0.006138063462437726,0.005164068940112042,0.006222077986806667,0.9999673085343881,-0.017913632619020573,0.012236808874532608,0.07745847411036355,0.028731718355185447,0.16705300020242778,0.16922229299408856,0.05820381469759189,0.05011093534340184,0.05197784035867539,0.05841010742624749,0.061562510708261554
recon_face/3ddfa_v2/FaMoS_180427_03338_TA__multiview_expressions__IMG_0238,0.902252138362133,0.902252138362133,2707,I,0.0170692634955296,0.010804778250781934,0.020094282880210635,47,0.0036044034633041684,0.7224382663479363,4.06607549614273,0.999904644662434,0.005704397865201807,-0.01257622469132625,-0.005609067628529771,0.9999553693310751,0.007602480272362879,0.012619030978241652,-0.007531214440484994,0.999892014602688,1.1092562639073523e-05,0.006682548099581499,0.06990471370093079,0.027253897804215582,0.18236345701029044,0.18519759691050247,0.060501474115696306,0.04654987746335601,0.0468854845803193,0.05936233228303183,0.05734102624866503
recon_face/3ddfa_v2/FaMoS_180427_03338_TA__multiview_expressions__IMG_0239,1.4348525836985582,1.4348525836985582,2696,I,0.015410474456692533,0.010568332975420036,0.018819103750870318,60,0.003493443721937713,0.6990641572977806,3.9091515948530287,0.9999233135996118,0.006713423733174803,-0.01040657781172981,-0.006485337117213218,0.9997413499956276,0.021798474978663496,0.010550228549602102,-0.021729313166737617,0.9997082222462975,0.004318276395512248,0.012058947041550694,0.07628615433587915,0.02641982856076082,0.17410931009052255,0.1762514135050873,0.05940449566862491,0.04707370575982354,0.05068092171674189,0.05740549669087081,0.057846442719846854
recon_face/3ddfa_v2/FaMoS_180427_03338_TA__multiview_neutral__IMG_0215,1.8725476003972163,1.8725476003972163,2706,I,0.016133996402916743,0.010435874751515747,0.018660419856863675,60,0.0034315152635770144,0.6876497345774651,3.858965476974845,0.9996508326013904,0.023989625246906968,-0.011077488878732972,-0.02377219053944912,0.9995299293784315,0.019359835580472714,0.011536716877067534,-0.01908973958072177,0.9997512120554987,-0.023348681600327017,0.011221854995768325,0.0857207414393911,0.026753673522791756,0.17237539426848153,0.17500688887513718,0.056985291936867924,0.04988814447193452,0.051136852050765756,0.056086122350595034,0.061196312873164536
recon_face/3ddfa_v2/FaMoS_180427_03338_TA__multiview_neutral__IMG_0217,0.8060061425993553,0.8060061425993553,2706,I,0.016036023907402885,0.010685936043380048,0.0181950991921288,60,0.0034217394689998325,0.6992222340809296,3.9343477089423686,0.9999362326834305,0.007308681310651872,-0.008608933985570345,-0.007236213475270343,0.9999383766652236,0.008419031218417762,0.008669935490469148,-0.008356198275274474,0.9999275004563956,-0.01332327092421642,0.011452590303106108,0.07197543430963921,0.02694064280888737,0.18023769333528664,0.1833826710310971,0.05990933308253768,0.048316916290814374,0.053174075319270764,0.05689093796750673,0.05961126247295557
recon_face/3ddfa_v2/FaMoS_180427_03338_TA__multiview_neutral__IMG_0219,1.0060130713711033,1.0060130713711033,2705,I,0.016443507227915835,0.010691860781728717,0.02271360088498965,59,0.003566725841624564,0.7222686248347245,4.06377281085588,0.9999800779200936,-0.0023002398832760837,-0.00587815101900105,0.002396236782600785,0.9998630228126719,0.016376619345478346,0.005839675693436092,-0.016390378530844688,0.9998486153810537,0.001002316579325973,0.008206340147817827,0.0689911087745532,0.028484407799355918,0.17789579826712323,0.17978673514858518,0.06246682578091342,0.0511474994878807,0.04781024040281679,0.05805010158755767,0.056316690117651676
recon_face/3ddfa_v2/FaMoS_180427_03338_TA__multiview_neutral__IMG_0261,1.3107539488642093,1.3107539488642093,2699,I,0.0157931879104705,0.010398161945482697,0.020808283226410276,60,0.0034724408529582967,0.7129079953626158,3.919315190985799,0.999964985692539,-0.0036490321553928236,-0.007530733911748257,0.0038085338521229597,0.9997663949727826,0.021275585844416856,0.007451339397576737,-0.0213035219495469,0.9997452863073311,-0.0008433164317319319,0.013233402574872072,0.06514548448669555,0.027207735436113878,0.1771410978539555,0.1804880397401185,0.058422468853609244,0.04904864622723802,0.049635243176077,0.05914927243938558,0.05838274515454906
recon_face/3ddfa_v2/FaMoS_180427_03338_TA__multiview_neutral__IMG_0262,0.8409087474739025,0.8409087474739025,2694,I,0.016451464461984443,0.010564407067728378,0.022804025498860646,44,0.003540286293196989,0.7121003417156392,3.8369853699114174,0.999911154653991,0.007188868525538914,-0.0112251043578539,-0.007119801219292965,0.9999555519667813,0.006180818829818357,0.011269038517990262,-0.0061003491811371085,0.9999178938846671,0.007566959604626603,0.01009330629246153,0.07430515294699896,0.027937485081062242,0.17398340240197535,0.17699611832767442,0.05819641989803145,0.05015635506614495,0.04337914995476502,0.0607545996720693,0.05846650757189714
recon_face/3ddfa_v2/FaMoS_180427_03338_TA__multiview_neutral__IMG_0263,1.5164905213294022,1.5164905213294022,2697,I,0.015570597959935541,0.010407551735693629,0.017170381573541532,60,0.0034044995388368767,0.6841969455180504,3.827349450904876,0.9999045470591268,0.01105845877478067,-0.008282949958176775,-0.01124261461003705,0.999683024299697,-0.022526751735223265,0.008031213308919524,0.022617723504735582,0.9997119276052726,0.005132517475647575,0.0143544395099073,0.08280874211132405,0.02608566061615573,0.1694946856645165,0.17033423567195483,0.05731385215799549,0.05098765006016267,0.05277163021194457,0.059622589624638955,0.05760726255707257
recon_face/3ddfa_v2/FaMoS_180427_03338_TA__multiview_occlusions__IMG_0240,3.147899374537583,3.147899374537583,2704,I,0.01676076736680766,0.010810831253520727,0.022532128908938163,60,0.003536075222889559,0.7172272749314509,4.095076899975538,0.9991687632936346,0.04019515387841454,-0.006792058815936896,-0.03991784873068409,0.9985194807478922,0.036951480615448715,0.008267273491471688,-0.03664964081202217,0.9992939787756988,-0.022300516084012383,0.007163378699966097,0.07156910807618821,0.02959877521148241,0.18026030206058113,0.1845999542255703,0.05844490548337745,0.04914971206468916,0.04832492170040033,0.0578582407567333,0.058384577371926864
recon_face/3ddfa_v2/FaMoS_180427_03338_TA__multiview_occlusions__IMG_0241,1.5038514379391865,1.5038514379391865,2719,I,0.018630152654207994,0.012418959983698727,0.02074057175432118,60,0.003412220324267156,0.709193998950151,3.9698362490162253,0.9996561964798149,0.021520297024961124,-0.014978840257725268,-0.021537143646366618,0.9997675837987007,-0.000964276341960348,0.014954607419279526,0.001286546254646152,0.9998873459123634,-0.015852155361392294,0.006779644714516156,0.06594028868359295,0.029153216414373122,0.18108501172824526,0.18550721056471817,0.06149460187293094,0.04963681966815667,0.054422728877999475,0.05750209670125108,0.06131617905274563
recon_face/3ddfa_v2/FaMoS_180427_03338_TA__multiview_occlusions__IMG_0242,3.1269375169019566,3.1269375169019566,2706,I,0.01600733012415165,0.00980935727355319,0.02047967778376927,56,0.0035464715174041575,0.7178623643603237,4.057624229928479,0.9998637315087038,0.005746073819106108,-0.01547582143720679,-0.004933625751920439,0.9986331357759289,0.052033830026966654,0.015753658318971926,-0.0519503875442776,0.9985254025229245,-0.0018396839567102453,0.005428810999324636,0.0703112720261346,0.027675405433800752,0.18151493064043117,0.1832726735308883,0.05876235372397097,0.04784384962137545,0.04822213002883145,0.05756396639626334,0.058474472126277516
recon_face/3ddfa_v2/FaMoS_180427_03338_TA__multiview_occlusions__IMG_0243,2.733215541224705,2.733215541224705,2699,I,0.017530836071431237,0.010804418896050952,0.02024539775220532,60,0.003648189637495242,0.7262115114689045,4.312951379222795,0.999866237878775,-0.004607055982098207,-0.01569335481412161,0.005305452088641411,0.9989838714383098,0.0447557458239925,0.015471216121534593,-0.0448330195425704,0.9988746877513792,0.004602227304517506,0.0019121874172640385,0.0724597323444999,0.029595145231509797,0.1817622969530832,0.18739983405278232,0.0602542854333159,0.04796172180979701,0.04810008185759995,0.0597864401487703,0.05882249010884306
recon_face/3ddfa_v2/FaMoS_180427_03338_TA__multiview_occlusions__IMG_0244,2.3117404835845403,2.3117404835845403,2697,I,0.015120736529485838,0.009584096794418026,0.021183612740052423,60,0.00347733583829321,0.7098562707891113,4.0153905709739774,0.999870718041078,0.012923443879239374,-0.009567225424304696,-0.012560640748318513,0.9992342198181918,0.03705677061376941,0.010038800128052762,-0.03693180936036026,0.9992673635966299,0.0001859163853613382,0.011843589128445374,0.0724626037633937,0.026875487743452484,0.17947245841859422,0.1817545584215438,0.056171920780890734,0.048017334106746974,0.04704058617769479,0.05959190120820597,0.057243991280583405
recon_face/3ddfa_v2/FaMoS_180427_03338_TA__multiview_occlusions__IMG_0245,2.410613873177831,2.410613873177831,2703,I,0.014394756389014891,0.008896734026394279,0.020658119575527475,60,0.0034317958993194003,0.7049818553156215,3.8926779869943857,0.9998842994507261,-0.001471287407792977,-0.01514011312025163,0.0020639076545965348,0.9992291932723206,0.039201525449148254,0.01507076630844111,-0.039228237606482086,0.9991166185071517,-0.0010295905009990055,0.011901654635795351,0.06654498698827543,0.025412922269777656,0.17599610332893278,0.1781566512494954,0.05669377105834424,0.04981921357098405,0.04808248089902306,0.058554692215869605,0.057263949683058174
recon_face/3ddfa_v2/FaMoS_180427_03338_TA__multiview_occlusions__IMG_0246,1.5773934716157905,1.5773934716157905,2721,I,0.016998846851744704,0.010656976458625287,0.020467235875965484,60,0.00343768124882872,0.7137301836189976,3.8831791491247714,0.9998748834293258,0.012244206056220711,-0.010014834259437187,-0.012015458063481714,0.9996725901643331,0.022590733535204677,0.010288160900564279,-0.0224675742390388,0.999694634302444,-0.014394707574374787,0.00838585583287587,0.0619273558263354,0.028159986645478058,0.17547889685127654,0.1796627370434137,0.058293585661772944,0.048241660079611386,0.05371907631028386,0.057469472199800885,0.0576946249039917
recon_face/3ddfa_v2/FaMoS_180427_03338_TA__multiview_occlusions__IMG_0247,1.9393888720440138,1.9393888720440138,2708,I,0.01889903863984547,0.012930655610306594,0.026264173182664535,60,0.0036635123289146692,0.733965808273209,4.28304202388972,0.9998047710359506,-0.00948492179036601,-0.01733366875134743,0.009957653323115134,0.9995751504386733,0.027392768494635646,0.017066486282989013,-0.027560023297063703,0.9994744519805484,0.005097983509002731,0.0013508072077099767,0.07176696156233633,0.029670802326680908,0.17958136898575386,0.18414879326039696,0.06586274379765356,0.051279451329915834,0.04842811442388873,0.05983903531037785,0.05896503274650878
recon_face/3ddfa_v2/FaMoS_180427_03338_TA__multiview_occlusions__IMG_0248,1.6632284218665965,1.6632284218665965,2697,I,0.01834475107270502,0.01228476364277341,0.02504254314122987,60,0.0036282802473565317,0.7283380074760322,4.231983250007033,0.9998068114847802,-0.007065518828968673,-0.018341705272790092,0.007455676349332161,0.9997455184413238,0.02129110722019115,0.018186604928089645,-0.021423743841008293,0.999605057310648,0.005211530446779807,0.002231502882928532,0.07041334174863972,0.02945563687488084,0.17615556177213643,0.18462971920259158,0.0592580098563299,0.048494232083462895,0.045735057117582134,0.05790471051475618,0.058060910152427044
recon_face/3ddfa_v2/FaMoS_180427_03338_TA__multiview_occlusions__IMG_0272,1.1978998490876716,1.1978998490876716,2703,I,0.015307749068484483,0.009935303226506586,0.02219720040802038,60,0.003391924727463104,0.6941110177932374,3.88917813799344,0.999887875784557,0.0005268159303281633,-0.014965237185652642,-0.00030842566694833063,0.9998934874405013,0.014591732168601731,0.014971330356893998,-0.014585480418820572,0.9997815376512497,-0.0030626808521201235,0.015884979564807916,0.06506163191715372,0.026443292620995557,0.17725667115341182,0.17975429437247756,0.05619876863364816,0.049294000704119136,0.047688659675036264,0.059349417410462506,0.05840485629893338
recon_face/3ddfa_v2/FaMoS_180427_03338_TA__multiview_occlusions__IMG_0273,1.5702324954527587,1.5702324954527587,2697,I,0.018364151479347696,0.013254834458487463,0.0217606523274572,60,0.0035444530359726428,0.7075260872232418,4.085598178906366,0.9999411476960981,-0.00031252663690083034,-0.010844513419752802,3.953337676914109e-05,0.9996833233737396,-0.025164486991544728,0.0108489437883184,0.025162577283273868,0.99962450206222,0.008308460090474708,0.00916915156374503,0.07542227866597226,0.028598295669995954,0.177740486420951,0.18006238080802095,0.05928348450265609,0.04858755754368014,0.049516203685517804,0.05964348714668206,0.057819659014312574
recon_face/3ddfa_v2/FaMoS_180427_03338_TA__multiview_occlusions__IMG_0274,0.8733057287503103,0.8733057287503103,2698,I,0.016530045046260072,0.011133737336089826,0.022414626291439414,60,0.0035230529414783636,0.7104055703400751,4.03227794286795,0.99988524629932,0.0012926896029604334,-0.015093812856190608,-0.0013179836113275689,0.9999977437464619,-0.0016659595388760604,0.01509162523214712,0.0016856617618306717,0.9998846940484076,0.0067590415484692,0.010310636436843872,0.0722081320137497,0.02868438092783264,0.17895682431683957,0.18071564209072435,0.05630433151303514,0.05133452429952141,0.047990624482298,0.06009286474692602,0.05819914157757978
recon_face/3ddfa_v2/FaMoS_180427_03338_TA__selfie__IMG_0254,8.233682760909385,8.233682760909385,2700,I,0.02548275506912075,0.017906789229420447,0.0284251973155349,60,0.0034964353566991103,0.6970488110690871,4.1387687290553,0.9997894672669018,0.0201928968119036,-0.0036425349015854758,-0.020505332367575055,0.9896946287788654,-0.14171828784867097,0.0007432944643508523,0.14176314289901776,0.9899003277243278,-0.0014253299426205475,0.012840422475258115,0.060084895910886886,0.034326910876108396,0.17605566645288198,0.17543735992656834,0.052844605607640656,0.05469259994880006,0.047530450668769285,0.061883823027110645,0.06225689842419135
recon_face/3ddfa_v2/FaMoS_180427_03338_TA__selfie__IMG_0275,2.230237875275171,2.230237875275171,2709,I,0.017411700184420068,0.012197796339188433,0.023057155826576022,60,0.003519557939249424,0.7097789883012396,4.038297790801153,0.9997747018335524,-0.0030510172040863755,-0.0210056389489051,0.0023641443794389042,0.9994641493499387,-0.03264697513640592,0.02109398954642193,0.03258995946950961,0.9992461849548345,-0.003014709896931652,0.008428053142689115,0.06593833101768456,0.028341696069565544,0.17699699202581204,0.18145501733577493,0.058022936781515044,0.0516897075547497,0.04866436531950865,0.059011739152954226,0.058550539009134074
recon_face/3ddfa_v2/FaMoS_180427_03339_TA__multiview_expressions__IMG_0289,3.870872511593604,3.870872511593604,2705,I,0.018222265457673036,0.013097705932458415,0.024129511166785595,60,0.0034175571220439707,0.6937566663497282,4.036035833880305,0.9999639299461534,0.006907892927211127,-0.004941641625213842,-0.007223341923532801,0.9977298069600586,-0.06695562437092992,0.004467900860761444,0.066988904445076,0.9977437168647804,-0.020466803524984385,0.01944636953972391,0.06623208285522497,0.029144216206735303,0.17340992263435606,0.17417464260488594,0.05588925891371857,0.05455977437321494,0.05202873360165527,0.058569547649531796,0.06332086312073118
recon_face/3ddfa_v2/FaMoS_180427_03339_TA__multiview_expressions__IMG_0290,1.6362177900143335,1.6362177900143335,2715,I,0.01705235549113921,0.011171293560133539,0.02282291329042655,60,0.00341145147784527,0.7095158699269253,3.8705342209432274,0.999905015714403,0.012284808012766118,-0.0062484431075963695,-0.012437230844753622,0.9996108368211842,-0.024969785713279537,0.005939262420006462,0.025045127305371076,0.9996686784931115,-0.016417563996214524,0.014543777867010471,0.05510133293672743,0.027654499192869362,0.17541027235673473,0.17998608872743713,0.05596383459863848,0.05308272286666341,0.0487507360084072,0.056260220841152224,0.06012878782596149
recon_face/3ddfa_v2/FaMoS_180427_03339_TA__multiview_expressions__IMG_0291,3.2585073418452297,3.2585073418452297,2700,I,0.01720005559585488,0.011465333958828396,0.024552959774192848,51,0.003388819958135633,0.7020545804672185,3.932633045129478,0.9999719648737667,0.004347672725247878,-0.006096491480469945,-0.004684283427118962,0.9984010715903711,-0.05633256372624943,0.005841828076186835,0.05635954212971981,0.998393447021592,-0.002091950012820339,0.015233560006307718,0.06172256567268287,0.027337998551291244,0.18107652364189722,0.1782119564875646,0.0561428350827115,0.05518624607660671,0.05024308972323789,0.06057699853101992,0.06145051062016339
recon_face/3ddfa_v2/FaMoS_180427_03339_TA__multiview_expressions__IMG_0323,1.3046826369494404,1.3046826369494404,2708,I,0.015951456481364385,0.010906508764151562,0.021040815623993236,60,0.003400978025206801,0.696834731325269,3.8798573100939393,0.9999260728625697,0.005311003820049408,-0.010938100752040955,-0.0055205947344817395,0.9998000116016347,-0.01922133801658712,0.010833828659157848,0.019280301859506948,0.9997554191484984,-0.02325142384511013,0.019370310252773693,0.0626024785649972,0.02688441853561589,0.17456429637752857,0.17579967241916533,0.05620235600672295,0.05076610869955151,0.04875452088011484,0.057282976382430115,0.061024109501096636
recon_face/3ddfa_v2/FaMoS_180427_03339_TA__multiview_expressions__IMG_0324,2.5359598923362388,2.5359598923362388,2707,I,0.01743579380473442,0.011637366308863665,0.022929814082864146,60,0.003363330881273278,0.7049728448294976,3.814239194151014,0.9998475973554392,0.014523427496612331,-0.009687730193743862,-0.01490533197640016,0.9990647416057735,-0.040589076841718606,0.009089177148093994,0.04072728979370296,0.9991289580053372,-0.013650708406586106,0.018383274280326316,0.056230175065838835,0.02816590015593082,0.17223351966285638,0.1746328929280033,0.055844879267844885,0.052055277192630714,0.049196940901305566,0.057370888744467316,0.05790723369146471
recon_face/3ddfa_v2/FaMoS_180427_03339_TA__multiview_expressions__IMG_0325,2.6964015537468793,2.6964015537468793,2699,I,0.017604587098888885,0.012303005374566257,0.02381935983351001,57,0.003357801247729434,0.6923768727943265,3.792378519894555,0.9998323664876639,-0.012878899513192297,-0.013014333290903873,0.012302758767168857,0.9989811566193373,-0.04341993604564566,0.01356027471677781,0.0432525452062674,0.9989721398931929,-0.0009226473995672699,0.016672748624143155,0.0671307948683818,0.027431715722057777,0.17167785090719967,0.17135153813591053,0.05408760876995235,0.052903316071378964,0.048322389804043096,0.061076768672223856,0.06085176122812691
recon_face/3ddfa_v2/FaMoS_180427_03339_TA__multiview_neutral__IMG_0284,1.0210255389868064,1.0210255389868064,2706,I,0.014535267445219463,0.009227803171650987,0.020212918809874962,60,0.0034551983683978045,0.7101931404700108,3.97222918109037,0.9999448718246459,0.0040686557651960845,-0.009679842553279507,-0.003928867238754607,0.9998883559087195,0.014416647334897092,0.009737418231347836,-0.01437782175515083,0.9998492190964422,0.004047300816043381,0.012945834403045843,0.07093377944307983,0.025956567490035453,0.17678771505242358,0.17835484156225032,0.05601278411110578,0.05152506014822281,0.04840206048368322,0.05935643396735627,0.05737473209853109
recon_face/3ddfa_v2/FaMoS_180427_03339_TA__multiview_neutral__IMG_0285,1.137242015864437,1.137242015864437,2706,I,0.01623658413405573,0.010976982728780608,0.020965630007524223,60,0.0035413877351740167,0.7113814718288631,4.054671892896295,0.9999088547415212,0.0030599939931746237,-0.013149853469195763,-0.002868357789865272,0.9998897743137224,0.014567489366507903,0.013192980447529812,-0.014528443124290344,0.9998074162593993,0.01022774754489381,0.010698457130660963,0.07424575102756012,0.029092093210858743,0.1791692397396451,0.18097620368817036,0.061090533945005014,0.049267463720103294,0.05178623740363998,0.06081834865264537,0.05679680885173073
recon_face/3ddfa_v2/FaMoS_180427_03339_TA__multiview_neutral__IMG_0286,0.8993313637136954,0.8993313637136954,2704,I,0.015251349905416744,0.01025154434568683,0.020389674730302735,60,0.0034891946321401,0.7015791640737287,4.02086357306689,0.9998769472896055,-0.005805327583944015,-0.014573553117285422,0.005797850680488427,0.9999830381720253,-0.0005552438491340784,0.014576529295617662,0.0004706802400153874,0.9998936459713128,0.011360505971696293,0.013021200736813558,0.07845134009988686,0.027210665202715596,0.1792336164640836,0.18161016378554007,0.058918772320640626,0.05122083185668456,0.04963099228423396,0.06207713689739035,0.0567923781631
recon_face/3ddfa_v2/FaMoS_180427_03339_TA__multiview_neutral__IMG_0314,0.6236565821207534,0.6236565821207534,2701,I,0.01649676718491817,0.011098014595900077,0.021656328597637737,60,0.0035383411010319744,0.7113205471644681,4.016844432102516,0.9999408530326925,0.00695074916304518,-0.008365256859401054,-0.006947149564823008,0.9999757627915333,0.00045928467690399007,0.008368246481510242,-0.0004011428210578648,0.9999649051518069,-0.030859351083390236,0.01677152479675595,0.07474131402499476,0.029580446445690974,0.16157474746497208,0.1810469592189156,0.05620807536397616,0.050602037256495674,0.04681662559199526,0.05477057946632807,0.06222200119042785
recon_face/3ddfa_v2/FaMoS_180427_03339_TA__multiview_neutral__IMG_0315,1.2557013888325095,1.2557013888325095,2709,I,0.018100703640596447,0.01218212673615802,0.020472898460366075,60,0.003395073733628485,0.7044281004093658,3.8935209850315005,0.9997670467197713,0.01736013791702684,-0.012824893946124577,-0.0174086670534116,0.9998416777833247,-0.0036820753454544163,0.012758942144668448,0.003904481902627721,0.9999109782457742,-0.01699121439285803,0.014660456918710367,0.06140681928499409,0.02885396928773787,0.17533219197864894,0.178855625082552,0.05918665236457831,0.050517039551766056,0.053111662518850015,0.056520115588183456,0.05984792457471795
recon_face/3ddfa_v2/FaMoS_180427_03339_TA__multiview_neutral__IMG_0316,0.8097170241300145,0.8097170241300145,2698,I,0.015853542833425553,0.010837746555503498,0.022078379756192916,38,0.0033812868105627357,0.6923775686137913,3.7378851680550724,0.9999569950674202,-0.007020776412825004,-0.006059431846012302,0.0069557637307648265,0.9999187274807831,-0.010684371021870006,0.0061339519607774,0.01064176356495099,0.9999245609052569,0.000258772338346479,0.014526433604529564,0.06737356843325237,0.026229560028735863,0.1738472676490729,0.178336311972817,0.058995331489343765,0.05085789113256316,0.04925690685984754,0.05871943901461171,0.05935607025552012
recon_face/3ddfa_v2/FaMoS_180427_03339_TA__multiview_occlusions__IMG_0304,1.1855203387269424,1.1855203387269424,2722,I,0.0173533509523995,0.011098237718675194,0.020011769021931906,60,0.0034422597976307965,0.7096078945173085,3.9762840289622545,0.999815297359086,0.013388170277026098,-0.013788693317219625,-0.013282123881972087,0.9998817241200739,0.007753899396568836,0.013890872972816645,-0.007569324098062616,0.9998748666612,-0.0074761881697018905,0.008621302295496264,0.05960857460139426,0.02859072507340173,0.1758395885874791,0.18324895631814048,0.05924820515401307,0.0500177740603513,0.05316763273083581,0.05602479213786982,0.059571009340029145
recon_face/3ddfa_v2/FaMoS_180427_03339_TA__multiview_occlusions__IMG_0308,0.7109705793488079,0.7109705793488079,2700,I,0.015084103816873055,0.010182197229187902,0.020615412608973288,54,0.0034350346693288562,0.695514551975404,3.9141643459443003,0.9999352732312409,-0.001609104015315211,-0.011263220331306263,0.0015533081529612875,0.9999864887227181,-0.004960806969708775,0.011271050605227442,0.004942990620733953,0.9999242622628864,0.008473365691549543,0.013293018764324406,0.07369743497108427,0.026105157224380404,0.17483218369731346,0.17675459438788702,0.05669514101747593,0.05173962408293934,0.04997981171832714,0.05942954415759524,0.05630717418090285
recon_face/3ddfa_v2/FaMoS_180427_03339_TA__multiview_occlusions__IMG_0327,1.3857758245246854,1.3857758245246854,2700,I,0.01637749670666253,0.0115939145330562,0.021458573520354827,60,0.00341429472684766,0.6945544851483215,3.9739181860350072,0.9999795092176211,0.003006828709696187,-0.005651559607503137,-0.003137814793664113,0.9997232949864289,-0.02331282007390527,0.005579898135923098,0.0233300759233258,0.999712244745559,-0.026811817473538616,0.020131888133882392,0.07032804230218861,0.02787057729982164,0.17540253690391552,0.17829285010659124,0.05558163704009215,0.05155616319482339,0.045066638130932604,0.05846351346393516,0.0634661174670224
recon_face/3ddfa_v2/FaMoS_180427_03339_TA__multiview_occlusions__IMG_0328,1.3388521696191402,1.3388521696191402,2712,I,0.015333166984826726,0.009737567177909178,0.021914082928885078,57,0.003441444987693831,0.7173725956404714,4.035346010001376,0.9997416375714747,0.020586208904149642,-0.009636706328490919,-0.020533754913135804,0.9997739723784064,0.0055108133581576405,0.009747974921702368,-0.0053115118051163075,0.9999383805151545,-0.01968759083027419,0.019164279783983516,0.054719960503449884,0.026806457089092454,0.18060027487519373,0.18720042963462802,0.057921087218405984,0.04971785837556075,0.04972420874657331,0.057094290499893424,0.058424897803822366
recon_face/3ddfa_v2/FaMoS_180427_03339_TA__multiview_occlusions__IMG_0329,0.7094034986336067,0.7094034986336067,2701,I,0.014839358723071521,0.00962594220906619,0.01787959726577941,40,0.0034176197681593766,0.699070684201836,3.7470009110402316,0.9999281794815769,0.0029587889835870325,-0.011613847183835325,-0.0029226837306249916,0.9999908475022287,0.003124553021817305,0.011622985781184442,-0.0030903850125850742,0.9999276752455672,-0.002291976879118752,0.01565682961228341,0.06377155635963103,0.026207988703250317,0.1803980225007176,0.18493049358297176,0.05682100741219881,0.04706408814195495,0.049451325783675504,0.060242172038379144,0.059346693620407294
recon_face/3ddfa_v2/FaMoS_180502_00145_TA__multiview_expressions__IMG_0397,1.1190192339467864,1.1190192339467864,2704,I,0.015131566033305874,0.009837688334674313,0.021682666163675857,42,0.003400282710403707,0.6997004123199663,3.708309028064832,0.999818050379124,0.015706074350122532,-0.010825218916771105,-0.015751264886866297,0.999867526780055,-0.0041020172111577765,0.010759358277860669,0.004271781741297893,0.9999329918000524,-0.022752632997872235,0.018590631817905948,0.06828853491160233,0.026109880149708227,0.17150320736565147,0.1724564609027794,0.055325883343647145,0.05255777355467687,0.04734545480836814,0.05818658885819527,0.0621881307432305
recon_face/3ddfa_v2/FaMoS_180502_00145_TA__multiview_expressions__IMG_0398,1.3246177080197872,1.3246177080197872,2712,I,0.016889072548995413,0.011784776384021213,0.021286714714302775,60,0.0033574815365867297,0.6974699497377012,3.8427102440036833,0.9997904678100867,0.016522897834927188,-0.012083638658333397,-0.016651755502445496,0.9998047133048071,-0.010642099989185876,0.011905440553603536,0.010841083923188314,0.9998703572886813,-0.014188051198490342,0.017278799393960258,0.05784724617098861,0.027078779036668672,0.1718259594884655,0.17334435593513842,0.05521124951343497,0.054315490946428555,0.049283393916324005,0.058845318184248555,0.060192021448055605
recon_face/3ddfa_v2/FaMoS_180502_00145_TA__multiview_expressions__IMG_0399,0.8380909754525329,0.8380909754525329,2709,I,0.017284399796718305,0.011851117966137685,0.02034619857263531,60,0.0033529825001145613,0.6983829095811867,3.8651993540115654,0.999904874042135,0.009347567235150095,-0.010142280491450007,-0.009396839506871136,0.9999442253158103,-0.004821375825072542,0.010096646674267878,0.00491622256909092,0.9999369422526533,-0.01026817590370395,0.016019166404186054,0.05884638498877388,0.02748338082536716,0.1801667832448916,0.18053158762434307,0.05397896967807236,0.05248467175446336,0.0472606182355764,0.05820090944617286,0.06247143998351599
recon_face/3ddfa_v2/FaMoS_180502_00145_TA__multiview_expressions__IMG_0406,1.4809465585329986,1.4809465585329986,2704,I,0.016133941417885007,0.011099990806292091,0.020909053479533066,60,0.0033569908739541935,0.690495892352123,3.8197285200003535,0.9998460395531099,0.010195719954104732,-0.014280913296355275,-0.009922875621307416,0.9997693319814873,0.01904781795101775,0.01447182536394802,-0.018903177614055508,0.9997165779093228,-0.007292622347041772,0.013665001598730596,0.06531793578571224,0.026007104977998276,0.1702270506863682,0.17464087067107312,0.05301251442964776,0.05233235987939002,0.04829445801064967,0.057030736517796644,0.058972464075373175
recon_face/3ddfa_v2/FaMoS_180502_00145_TA__multiview_expressions__IMG_0407,2.127083999332794,2.127083999332794,2708,I,0.018595216227141574,0.012573194040241167,0.020405666051365894,60,0.0032806235764838,0.6858780414727444,3.800762599799782,0.9997661612135872,-0.015171249293253182,-0.01540961021990932,0.015629268796473753,0.9994261743948604,0.03005075525409109,0.014944860291589559,-0.030284569162127527,0.9994295853243135,0.0015559241703447634,0.015123328430908127,0.071593787051315,0.028379472379309042,0.1723549398221371,0.17707814990520473,0.057148599466564996,0.04890318680408615,0.050309913492378844,0.059994557104546806,0.05966383082784998
recon_face/3ddfa_v2/FaMoS_180502_00145_TA__multiview_expressions__IMG_0408,1.1618588698367278,1.1618588698367278,2703,I,0.016402906291260268,0.011034062204269997,0.019553814102603394,49,0.0033577712185949467,0.6907521961379023,3.7841885241214186,0.9999325000727181,0.008747080831192421,-0.007647475090355079,-0.008618781047919587,0.9998242024827642,0.01665174894577997,0.007791784877230491,-0.01658471304056353,0.9998321035962934,0.006909869543181851,0.015577376181154824,0.07090071913980442,0.026085411080113915,0.17422607128903603,0.17568799484993883,0.05272526372973807,0.05098815975044649,0.04819563485041363,0.058688903737592564,0.05997173426030121
recon_face/3ddfa_v2/FaMoS_180502_00145_TA__multiview_neutral__IMG_0388,1.9863112219762413,1.9863112219762413,2703,I,0.014752297386900651,0.00933439646112129,0.021618837941330325,60,0.003433262828580767,0.7050636942728263,3.9540866729803383,0.9998601274542379,0.01260670278043397,-0.010990749392212078,-0.012267192770689009,0.9994616469521239,0.03042913494129777,0.011368443548849033,-0.03029005309923933,0.9994764985603821,-0.024123862259328183,0.016109528663287853,0.07064140185882689,0.026457074614753814,0.1646331518453616,0.17996135501953808,0.056422645890041825,0.051840151664784055,0.04919048185015159,0.056848750333980104,0.05988447416437195
recon_face/3ddfa_v2/FaMoS_180502_00145_TA__multiview_neutral__IMG_0390,2.397012466022449,2.397012466022449,2707,I,0.014673874436571048,0.00932758718673291,0.021329817001989375,54,0.00339949986231281,0.7022047510163827,3.895286493934691,0.9998208716990323,0.01634997608101337,-0.009534295838502259,-0.015982959686922815,0.9991734059972096,0.037377128669556114,0.01013753000646549,-0.03721804710197307,0.9992557467712072,-0.012660345127142564,0.014966151810273574,0.06045596152371004,0.026136476958630576,0.17774647008782385,0.180932827327391,0.05483022242560994,0.05205346165765094,0.0486599979540056,0.05707252420759839,0.060007198324571444
recon_face/3ddfa_v2/FaMoS_180502_00145_TA__multiview_neutral__IMG_0392,1.3392747609912798,1.3392747609912798,2701,I,0.015681362886795037,0.010444302590968577,0.022247782835257388,60,0.0033729576233405482,0.7036876516068671,3.8703362089581788,0.9999753886303123,-0.0019085413413684807,-0.006751266814751999,0.002058587766875287,0.9997494667090937,0.02228824872636405,0.006707037353538152,-0.02230159825731079,0.9997287904052319,5.488993992527934e-06,0.016375832522176344,0.06206208863209745,0.02583545824432554,0.1765684070350528,0.1786153863952633,0.05534063815449204,0.05184476343982426,0.0504891324188553,0.05915227049210287,0.059315421845610686
recon_face/3ddfa_v2/FaMoS_180502_00145_TA__multiview_neutral__IMG_0394,1.673327373487445,1.673327373487445,2701,I,0.01510446452522051,0.00978166542683534,0.02054585917166296,49,0.0033936722357694737,0.6884298136721753,3.73055102606304,0.9999754615502758,0.0032152763082049177,-0.00622400960601984,-0.003037541684890873,0.9995932123834048,0.02835812224988195,0.00631265695460175,-0.028338520696899374,0.9995784504514316,0.0118210378670809,0.015734456460717916,0.06997647875371682,0.026658559646803616,0.17307288140939295,0.17677627685271557,0.05453074689705221,0.05199749847835705,0.045364389172361595,0.059945403987383794,0.05806414937754302
recon_face/3ddfa_v2/FaMoS_180502_00145_TA__multiview_neutral__IMG_0395,1.4487093645634654,1.4487093645634654,2698,I,0.014996409908729484,0.00961597675249114,0.02001656336751711,60,0.0033947218719635026,0.6925028899945093,3.8438477751333266,0.9999832085488187,0.0026906518046365085,-0.0051325445225606815,-0.0025635288902851852,0.999693697879007,0.0246158229727261,0.005197205021791507,-0.02460225221117214,0.9996838091347182,0.014155070076122735,0.018112292495107367,0.06897152593825448,0.026953413001320967,0.17472890859821957,0.176573859870673,0.05272668694813124,0.05287716747857017,0.04416660708743975,0.06207114514030285,0.05779882685730062
recon_face/3ddfa_v2/FaMoS_180502_00145_TA__multiview_occlusions__IMG_0412,1.056242699012319,1.056242699012319,2703,I,0.015627850639514714,0.010502880245661251,0.022155014807139207,60,0.0033784001510923888,0.6980170080869957,3.9447181499563158,0.9998750431539071,0.00010463595714500341,-0.015807818612642757,4.527345896201695e-05,0.9999550382128841,0.009482589466131104,0.015808100084692668,-0.009482120226285747,0.9998300822478422,-0.01797942464038371,0.017474612172394273,0.058084155295666205,0.025203312938211028,0.18015062666992057,0.1821455441714642,0.055700944655093,0.0503321494309652,0.04843891149434452,0.057144393300034936,0.060271690566505186
recon_face/3ddfa_v2/FaMoS_180502_00145_TA__multiview_occlusions__IMG_0413,1.0965587814239022,1.0965587814239022,2706,I,0.01447238123131981,0.008972233186458194,0.019355939817479236,36,0.003445106315455135,0.709034065634368,3.723578739911318,0.9999033906312782,0.005826971728866851,-0.012619659446495016,-0.005660455195250434,0.9998969760641264,0.013190773472412952,0.012695221583615088,-0.013118066103238254,0.9998333599608762,-0.003006266262276982,0.01615932637449423,0.06043916119874348,0.026387342944000983,0.17904124316857292,0.1802855040424074,0.05748091469233386,0.05183664966334482,0.04696318143087781,0.05850917332492594,0.05860358435477448
recon_face/3ddfa_v2/FaMoS_180502_00145_TA__multiview_occlusions__IMG_0414,1.5179888184270602,1.5179888184270602,2701,I,0.014561043013400925,0.009422128827225451,0.021071867686555938,43,0.0034031562387452827,0.7005934815689541,3.7414005850441754,0.9998652865173062,-0.005113876619419404,-0.015596701048181835,0.005437107627161255,0.9997698527155071,0.020752818166796902,0.015486984158178297,-0.020834823424613617,0.9996629749343273,0.0013573208021335553,0.017308339830106358,0.06538534464949475,0.02563716167320243,0.17718939702449069,0.18000129054838182,0.05694040364287099,0.04973652839325317,0.04786770888240986,0.060499869313575504,0.05766837306184217
recon_face/3ddfa_v2/FaMoS_180502_00145_TA__multiview_occlusions__IMG_0415,1.1178337945163221,1.1178337945163221,2701,I,0.015985549375566704,0.010745802408140614,0.020810256206066018,60,0.003351077083120587,0.693283806917028,3.875703705009073,0.9999716157755439,0.0004355750420195989,-0.007521829407229349,-0.0003001464194129808,0.999838004881193,0.017996497084766656,0.007528449732554719,-0.017993728617989892,0.9998097559911316,0.011142115776747112,0.017864174979803693,0.06574700892151669,0.02654928729348097,0.1773911328572602,0.17861674043669742,0.05620285679044147,0.05287557296243261,0.049322790601870566,0.06004615589360136,0.057595524815105575
recon_face/3ddfa_v2/FaMoS_180502_00145_TA__multiview_occlusions__IMG_0416,1.0344689329894263,1.0344689329894263,2699,I,0.016477529384698188,0.01139493024237039,0.0219483217741952,43,0.0033707301941736214,0.6905479373490422,3.755110213998705,0.999846265137581,0.013818275017229731,-0.010793579849947277,-0.013771720022829172,0.9998955910505313,0.004375697123863655,0.010852917489863773,-0.004226378266930936,0.9999321736541451,0.015723336644941452,0.0164360200872083,0.07252548172295553,0.02625855935209941,0.17371707839748277,0.17533612618782846,0.05614964821301714,0.05343845497591841,0.05115744170308052,0.06292966446942931,0.05766993831024728
recon_face/3ddfa_v2/FaMoS_180502_00145_TA__selfie__IMG_0418,2.1887919780969334,2.1887919780969334,2701,I,0.016176140042556655,0.01066980822057275,0.024659294841740585,60,0.0033801529820384753,0.7006676471382044,3.8983167479746044,0.9999221090599315,-0.0010668618701468492,-0.01243533750603031,0.0006172817233338123,0.9993479428635528,-0.036101358113762895,0.012465744117897451,0.03609087003847566,0.9992707612671616,0.0003703545681176116,0.016609863863500544,0.06609498736916314,0.02690930492654193,0.17310991992240343,0.17617799898419195,0.0555943686449378,0.05389139088968901,0.05155147730969261,0.060295463355984034,0.061430161143354076
recon_face/3ddfa_v2/FaMoS_180502_00145_TA__selfie__IMG_0421,0.6758612446299622,0.6758612446299622,2700,I,0.01565845277819027,0.010408163230406909,0.02299686873716313,60,0.0034092670931043932,0.705947582555624,3.9479175629094243,0.9999565155537671,0.005085788843580139,-0.007816761056085825,-0.005029193573376932,0.9999611228441524,0.007242928431491376,0.007853293167259733,-0.007203301472291607,0.9999432175050382,-0.006943418625348667,0.020827791980770893,0.05407114355330959,0.028022825472326353,0.16355799843047716,0.18197090647077438,0.0553202888822562,0.0514630757437545,0.04704205294616556,0.057870943929199684,0.057762604011182966
recon_face/3ddfa_v2/FaMoS_180502_00145_TA__selfie__IMG_0422,0.9553215536219274,0.9553215536219274,2699,I,0.014675905710565757,0.00944213338655593,0.02021260345742938,57,0.003426820857310894,0.6957052523370222,3.826960487989709,0.9999140000979926,-0.000602306685549108,-0.013100749394153932,0.0007371560749159548,0.9999467759266943,0.01029086559674344,0.01309385386175882,-0.010299637880312323,0.9998612245959846,-0.0009491939631791637,0.014281508522379333,0.07056259859686831,0.0275894417931,0.1742938948748187,0.1751334398555747,0.05503627170018609,0.050199810098352345,0.04386150575543015,0.05991741387297658,0.058658863318143954
recon_face/3ddfa_v2/FaMoS_180502_00145_TA__selfie__IMG_0436,1.106720164258603,1.106720164258603,2703,I,0.014372038658218834,0.009177892404016052,0.01739040951737238,41,0.0034440738949910923,0.6996104264523916,3.7456827578134835,0.9998497039293752,-0.0044278191359352305,-0.016761979896192238,0.004570386455823965,0.9999536277594218,0.008476667883941996,0.016723669453362462,-0.008552002599957692,0.9998235755029709,0.0015783453477509514,0.012518775992002164,0.07246406550483528,0.025226768092090585,0.17606538979998787,0.17951499089453654,0.057578602407769526,0.049725979032987595,0.05078003282041074,0.057676212076345046,0.057943823361869894
recon_face/3ddfa_v2/FaMoS_180502_00145_TA__selfie__IMG_0437,0.8996853157103248,0.8996853157103248,2696,I,0.016367856510729733,0.010403797482178241,0.022960521975134117,60,0.0035133330703444347,0.7048632209906568,3.988516767974943,0.9999483857552838,-0.0052470239957001135,-0.008700262328845115,0.005350808875406409,0.9999142928570954,0.01194888214327976,0.008636820582890803,-0.011994818851640289,0.9998907588586543,-0.0010618638142753292,0.010308693280739079,0.06831135732788826,0.028260454594947963,0.17805979863322857,0.1809297493612821,0.056366467631821716,0.049544810652227975,0.04585888381132286,0.0613691773933486,0.05926259681008099
recon_face/3ddfa_v2/FaMoS_180502_03340_TA__multiview_expressions__IMG_0341,2.6094683385369133,2.6094683385369133,2704,I,0.018030732151969747,0.012479621196454899,0.024173000395425845,55,0.00352055425608968,0.7121650927240484,4.003200963838026,0.9999032082054528,0.003911032977868121,-0.013352080043539995,-0.004486211860784853,0.9990510327567528,-0.04332329455162824,0.013169970523248207,0.04337900147206041,0.9989718785369806,-0.02807887565934715,0.018487237302896954,0.06376128407479628,0.029352021645744714,0.1786776115081437,0.18047487628120087,0.05431064306015184,0.051095834910437024,0.04351624983919231,0.05833036909995823,0.062433272585616074
recon_face/3ddfa_v2/FaMoS_180502_03340_TA__multiview_expressions__IMG_0342,2.4097117475890224,2.4097117475890224,2697,I,0.017532696784368428,0.012547601066164633,0.02344506405507452,60,0.0034257707650626247,0.6929893223332041,4.037393543869257,0.9999047784149012,0.008731771687208333,-0.010685984570939158,-0.009149314699703702,0.99917095499025,-0.03966979637454081,0.010330737803935827,0.039763788389365194,0.999155702075183,-0.013893323825951757,0.01901862258979023,0.05944169668174195,0.02880060293785564,0.1733167923043686,0.17626519587752967,0.05654881508924217,0.05287176334568921,0.04862472977083833,0.05918241580376555,0.059451447361334585
recon_face/3ddfa_v2/FaMoS_180502_03340_TA__multiview_expressions__IMG_0343,2.708628329476481,2.708628329476481,2699,I,0.016318076681084745,0.010854493975537836,0.0227790249785684,48,0.0033730109101797684,0.6950184013041696,3.779723184881732,0.9998787147171908,0.011640550185542095,-0.01034666356255761,-0.0120906328796975,0.998933619550425,-0.04455828013349178,0.009816947186740838,0.0446779735805488,0.9989532052226812,-0.0012249249193088435,0.01635220909285052,0.06730723631608262,0.026625335927836013,0.1724950480423526,0.17385675669211365,0.05482556097430425,0.053337723870486235,0.04926820354381438,0.06182146414971449,0.05981154181299502
recon_face/3ddfa_v2/FaMoS_180502_03340_TA__multiview_expressions__IMG_0344,1.4559035540440761,1.4559035540440761,2698,I,0.01719479472569477,0.011709911962629325,0.024001407038719693,60,0.003510568494265189,0.7079777960275698,4.0134931991342455,0.9999014920600752,0.009797679991038664,-0.010050454856801663,-0.010008353732822188,0.9997266405804744,-0.02113000163834493,0.009840682476033416,0.021228508672795562,0.9997262182157349,0.007549278466175745,0.016382048190614992,0.06597493639709803,0.028936093862609424,0.1748845571154242,0.17713249374393267,0.05469391511837467,0.05318250796088092,0.04640252448520535,0.06070400548004841,0.058337470553920565
recon_face/3ddfa_v2/FaMoS_180502_03340_TA__multiview_expressions__IMG_0345,1.9925721981842184,1.9925721981842184,2700,I,0.017627082179039993,0.01224365042874912,0.023049803688504723,59,0.0035066988433362922,0.7057050385179371,4.0639528329484165,0.9999664464988216,0.0018011957739469879,-0.007991343460542866,-0.0020702106568120516,0.9994270224388423,-0.033783739385517854,0.007925913471447114,0.0337991495871727,0.9993972170177519,0.014986136554068188,0.016458748729223246,0.06889182620442624,0.028657463757815027,0.17817894349487554,0.18199379290292356,0.05490052684609787,0.056220932694881806,0.0448346037194374,0.061511335559620725,0.057402451926337104
recon_face/3ddfa_v2/FaMoS_180502_03340_TA__multiview_expressions__IMG_0381,4.26538634862525,4.26538634862525,2704,I,0.01725007036689468,0.011724618201223247,0.02433714687553102,43,0.0033830631528473086,0.6941121603330569,3.7581683930475265,0.999741791113054,0.01947553277396375,-0.011707037423414071,-0.02025586662885257,0.9972908600940718,-0.07071520515377679,0.010298105125560167,0.07093408204803163,0.9974278445255206,0.0005342309385663999,0.019405286398128274,0.06551504680381315,0.027440313356541044,0.17125615828244223,0.17160534689207993,0.05325245815810665,0.05364392495930313,0.050209393796959566,0.05986920197639929,0.05864212952480105
recon_face/3ddfa_v2/FaMoS_180502_03340_TA__multiview_expressions__IMG_0382,2.1836506337530044,2.1836506337530044,2697,I,0.01818111661328178,0.01260383016473703,0.024158969513321964,60,0.003511446259771807,0.7189169239334213,4.218146657105535,0.9999545400765107,0.005431830388664836,-0.007836644626554689,-0.005717238964873293,0.9993037462613367,-0.03686917257921732,0.007630921241414163,0.0369123004794655,0.9992893730618378,0.014023370159935968,0.018119098541727212,0.06189429836018797,0.029999029317095378,0.1864290581408056,0.18818239849262555,0.05498152999108917,0.0549138837078012,0.047724064636108864,0.06292715535915445,0.05742077299597606
recon_face/3ddfa_v2/FaMoS_180502_03340_TA__multiview_neutral__IMG_0331,0.5964107195315966,0.5964107195315966,2702,I,0.01722935805957908,0.011398650207355109,0.023105454639247146,60,0.003579615774320458,0.71108547002149,4.046068077906966,0.9999483678598884,0.0066887998070498484,-0.007649939312581625,-0.006706040197452697,0.9999750272210826,-0.0022302374460208474,0.007634830660539828,0.002281423094627079,0.9999682517307477,-0.02219919366045112,0.013834412331101359,0.07768651661335657,0.029628136703354978,0.17770728569075828,0.18019930891023944,0.05578791533690896,0.05366467363990089,0.044698546948909346,0.056952308452319265,0.06307363836716244
recon_face/3ddfa_v2/FaMoS_180502_03340_TA__multiview_neutral__IMG_0333,1.5672977997954338,1.5672977997954338,2705,I,0.016469612397953727,0.010781608901854357,0.02226405279475072,60,0.003516442696508778,0.7167782895393291,4.095340928994119,0.9998828320848923,0.011194513859141926,-0.010440544111873592,-0.0109549682215609,0.9996817203004226,0.02272546519771435,0.010691621633741483,-0.02260842667337574,0.9996872252210666,-0.01622221341896332,0.015321667506697605,0.06045760382109249,0.02863413081462819,0.18538150014362142,0.18740932209145153,0.05673396736079018,0.05061787731477965,0.04593684859174727,0.05825981368160645,0.06051777551931078
recon_face/3ddfa_v2/FaMoS_180502_03340_TA__multiview_neutral__IMG_0334,1.1322688952243578,1.1322688952243578,2705,I,0.015192141051579728,0.010220604953305712,0.02166054284297141,60,0.0034591245760844,0.7042216989567147,3.9599532638676465,0.9998476437728822,0.016964415112126742,-0.004110700879269634,-0.016925608514193204,0.999813517081819,0.009298109318981602,0.0042676712900190416,-0.009227116580325012,0.999948322315395,-0.0022804458678377633,0.015958175071145976,0.0635692748035066,0.02776050197934319,0.18276496412466187,0.18378295224163324,0.05656654661285203,0.04845942783353475,0.047384114520144426,0.05775534741600049,0.057961308038124486
recon_face/3ddfa_v2/FaMoS_180502_03340_TA__multiview_neutral__IMG_0338,0.5611206611296699,0.5611206611296699,2694,I,0.01638702186193429,0.01084226667009689,0.024078749765189502,60,0.003545304741974107,0.7078882306895832,4.102385509992018,0.9999558186571819,0.003935498674023761,-0.008536544021609112,-0.003912031707529287,0.9999885282033558,0.002763959045750507,0.008547323649271635,-0.002730441699443043,0.9999597431629739,0.01447241149690789,0.011414759708149015,0.07867670572020416,0.029038390764441854,0.1756951445749173,0.1786814937182514,0.05937193111930957,0.052653140865263647,0.046606892815266136,0.06108853761236322,0.059908440149975754
recon_face/3ddfa_v2/FaMoS_180502_03340_TA__multiview_neutral__IMG_0373,0.8214157961827622,0.8214157961827622,2697,I,0.016481008922931317,0.010670913092597092,0.023184211727556976,47,0.0035404719346352385,0.7148026063178493,3.9454487450420856,0.9999419384377625,0.003214563144648207,-0.010285248520051051,-0.0031171672024527548,0.9999502853854226,0.009471537691602097,0.010315184048871592,-0.009438926919971084,0.9999022470404979,0.004835818328749893,0.013812543688852125,0.06622726316969993,0.027978238181960872,0.1763128281416842,0.18017794258393208,0.058856442703929764,0.05134108699693975,0.044357021651541116,0.05758646372506973,0.05688762116159307
recon_face/3ddfa_v2/FaMoS_180502_03340_TA__multiview_neutral__IMG_0375,0.7577911630120051,0.7577911630120051,2697,I,0.0171207379215242,0.011368939660095206,0.02360014813405361,60,0.0035731671411263137,0.7231100919215863,4.0617307289503515,0.9999582498417355,0.006519571234617842,-0.006402637298069806,-0.006458054243548217,0.9999332352793865,0.009582198030005122,0.0064646816504202375,-0.00954044939274773,0.9999335916532371,0.015345996131227255,0.014946836785975692,0.0641484116764709,0.02885524166959759,0.17724529410844544,0.17930792721703612,0.05777118436888915,0.051018881697342554,0.0436665062158188,0.061662973165611354,0.058886450856730145
recon_face/3ddfa_v2/FaMoS_180502_03340_TA__multiview_neutral__IMG_0376,1.440421274502759,1.440421274502759,2701,I,0.016771428907217372,0.01109978521221834,0.022660252822004363,60,0.0035287081784274137,0.7095830745338391,3.9655269980430603,0.9999573433526168,0.00022202288262189408,-0.009233752271822777,-6.078985203753808e-06,0.9997266546266045,0.023379820190570576,0.009236419123434059,-0.023378766753981355,0.999684010988892,0.021708679989818517,0.016098280806550437,0.07130769938323372,0.029615859537930445,0.1738475971031678,0.1753664812199602,0.05723308818483472,0.052756191080639184,0.044461705779772986,0.06271553443171063,0.05659669828758768
recon_face/3ddfa_v2/FaMoS_180502_03340_TA__multiview_occlusions__IMG_0357,1.9016020497648014,1.9016020497648014,2703,I,0.015677609607697506,0.010230584765845267,0.022915383475680774,60,0.00338080757224567,0.6901284570570141,3.9392541190609336,0.9996957175526641,0.02176578254714294,-0.01160702446692034,-0.022018102412217584,0.9995138763709778,-0.022072927038058767,0.011120947487975034,0.022321775287213033,0.9996889830717338,-0.016775909688405706,0.014949468288818546,0.08106904096578227,0.025575682259959053,0.17567255788077665,0.17827472451142737,0.05550576175867901,0.05092799067870559,0.04805763471215823,0.0589562235015089,0.06102784074433905
recon_face/3ddfa_v2/FaMoS_180502_03340_TA__multiview_occlusions__IMG_0359,0.7169122065451401,0.7169122065451401,2702,I,0.017621677001725934,0.012166380583215142,0.02504923924132836,60,0.003594810120612922,0.7170545635123475,4.185399573063478,0.999929657725892,0.009799832638578252,-0.0066815327909190815,-0.009773132463070414,0.9999441727421637,0.004017123454589198,0.00672052691680871,-0.00395154137596808,0.9999696094575646,-0.01483514158021855,0.009831432821739594,0.06587947899466895,0.028877247571059857,0.17840460472450123,0.18474621545482328,0.06045035739566929,0.04786566656172227,0.044643496535802615,0.05958203315052367,0.062269886464705645
recon_face/3ddfa_v2/FaMoS_180502_03340_TA__multiview_occlusions__IMG_0360,0.8537023073831744,0.8537023073831744,2698,I,0.01649863834344229,0.011221709656405652,0.02290959654321285,60,0.0034986270282709527,0.7144993780044525,4.021127976011485,0.9998942543683226,0.013870767203830786,-0.004368283231717629,-0.013884857678731476,0.9998984417515407,-0.0032119947201943045,0.004323286765500059,0.0032723080567566222,0.9999853004877247,-0.00828633995471069,0.012024964266156922,0.06657808423461856,0.028044292616688917,0.17878019057158362,0.17846463440508084,0.05816015299382843,0.051776683812505934,0.046708431222052864,0.057684621392749734,0.0584144205719806
recon_face/3ddfa_v2/FaMoS_180502_03340_TA__multiview_occlusions__IMG_0361,0.8963246814373768,0.8963246814373768,2694,I,0.01705767387092904,0.011034492162809818,0.024659573664984284,60,0.003583407715176451,0.7121271182907546,4.054213711991906,0.999957606497261,0.004413558085402237,-0.008081195041411644,-0.004311006285719656,0.9999105161601972,0.012663921077303918,0.008136364856312774,-0.012628546126711392,0.9998871533276394,0.0040249784499068915,0.01155025218444744,0.07203880889935302,0.028344702629347053,0.17792378242446313,0.1820852821825651,0.05835196140208046,0.05190003808819177,0.045913744502828514,0.05901963266412269,0.0609866308333838
recon_face/3ddfa_v2/FaMoS_180502_03340_TA__multiview_occlusions__IMG_0362,1.3870555009486598,1.3870555009486598,2699,I,0.015829257421252546,0.010211731534629937,0.021971495533098816,60,0.003521010462477396,0.709405987840614,3.974614526843652,0.9998984768771383,-0.005332929895227461,-0.013213470305410738,0.005590490652406147,0.9997935898842516,0.019532640390516404,0.013106576709604238,-0.019604527158094257,0.9997219014115191,0.020129022710928413,0.01409134434284419,0.07992332058286858,0.029769347485986773,0.17414665812716842,0.1757157696735781,0.05690444824184938,0.05322551344841117,0.047746656584194976,0.06179735039048242,0.05777941217400645
recon_face/3ddfa_v2/FaMoS_180502_03340_TA__selfie__IMG_0365,6.403980423887933,6.403980423887933,2705,I,0.019112582745788826,0.01336790403156754,0.026218214769567635,60,0.0033766746376950522,0.6865527339439876,4.019058837089688,0.9999349090946673,0.011112469559661293,-0.0025866182796095657,-0.011330857527665805,0.9937621038337948,-0.11094364628727992,0.0013376253311545062,0.11096573346810701,0.9938233327681331,-0.0005695715435084516,0.014989902840093786,0.05869040421533648,0.028629535027936196,0.17478902821731876,0.17370122189944603,0.0532893250555284,0.05444731090063067,0.0497329967990665,0.06234432859977423,0.062061557211046996
recon_face/3ddfa_v2/FaMoS_180502_03340_TA__selfie__IMG_0367,2.9090604772534747,2.9090604772534747,2700,I,0.01661386559580503,0.011200225298502692,0.023472569436113196,60,0.0033836369939873987,0.6861855707804422,3.9075035129208118,0.9998744413376937,0.015777664502841543,-0.0014720266539713157,-0.015830290756483293,0.9987119394646582,-0.04820647119740549,0.0007095450651128107,0.0482237210673011,0.9988363075460482,-0.0007750662882277412,0.013912433366330197,0.06656981342145363,0.026818949647519845,0.17559721703037662,0.17508630412899795,0.05488774641313779,0.052906463944314155,0.046412629576276,0.05868750312746433,0.060836421860998365
recon_face/3ddfa_v2/FaMoS_180502_03340_TA__selfie__IMG_0384,3.2407070350305816,3.2407070350305816,2706,I,0.017588114885515597,0.012206339724886127,0.024399851247199643,60,0.0034469472285687482,0.6989093179413827,4.090899124974385,0.9999322280882263,0.008331001462484779,-0.008132259535170508,-0.008768134959296557,0.9984320476968268,-0.05528621836640298,0.007658918974036579,0.055353776262818066,0.9984374293933473,0.0005912587963435264,0.013668646976326547,0.06409852556986576,0.02939632713581049,0.18122922042305975,0.18304794866695714,0.056850078576042413,0.05164875335683663,0.04924562056452433,0.059210337740665024,0.06102386807668864
recon_face/3ddfa_v2/FaMoS_180502_03341_TA__multiview_expressions__IMG_0451,7.036239596517354,7.036239596517354,2697,I,0.023789335384794885,0.016296767832241637,0.02632807159117863,60,0.003428372491517138,0.67,3.9707823670469224,0.9996011755876324,0.02797016182307887,0.003893560248986066,-0.027306388521056248,0.9924843143555068,-0.11928640703875812,-0.007200757582284596,0.11913251363867808,0.9928522514877887,-0.009244072417792258,0.015457078886819145,0.07806685489540924,0.0336743275104053,0.16712336011135015,0.17160208596052112,0.05099452681136864,0.05637463468043397,0.04653901806515074,0.06533158130943667,0.06762097735441905
recon_face/3ddfa_v2/FaMoS_180502_03341_TA__multiview_expressions__IMG_0452,6.4884757346398265,6.4884757346398265,2698,I,0.019807369575712348,0.01450442790546375,0.02606092094270831,44,0.003383885239046208,0.6838659255790788,3.9970119050703943,0.9999060539500114,0.013315140511627568,-0.0032542752300751226,-0.01359615318317137,0.9935977328336375,-0.11215475882224248,0.0017400841178534501,0.11218846795019231,0.9936854229414113,-0.014067273633920005,0.019386049718005623,0.06917886621899746,0.030457839798270665,0.17429845202559416,0.17574327785804292,0.05403936515828896,0.05574587888273814,0.05014599779386062,0.06039436270745124,0.0643347681150643
recon_face/3ddfa_v2/FaMoS_180502_03341_TA__multiview_expressions__IMG_0453,5.76282923954959,5.76282923954959,2701,I,0.01987560082618035,0.014383102748254804,0.02697917312476625,60,0.0033347719270516666,0.6767783691225833,3.979330383008346,0.9998506604914197,0.017213874535310723,-0.0015294568821645235,-0.01728074040417618,0.9949462878529648,-0.09891036497095534,-0.0001809031655110318,0.09892202389299752,0.9950951715604683,-0.00922359521954225,0.01857744982523818,0.0666433348996433,0.02929560883516351,0.16911964639584096,0.16787328306448318,0.05515217988048793,0.05563438556551249,0.052901983461333325,0.05987799972571856,0.06316761494808161
recon_face/3ddfa_v2/FaMoS_180502_03341_TA__multiview_expressions__IMG_0479,4.417178200692299,4.417178200692299,2698,I,0.018297500641069057,0.012637728674263899,0.025065535062849968,56,0.0033888928481192564,0.7001725969807004,3.9212913860101253,0.9998279876139626,0.018493247088517826,-0.0014124432508108699,-0.018547089048417308,0.9970299648046691,-0.07474794157319559,2.591609177336986e-05,0.07476128071216269,0.9972014592020182,-0.0029434726532513566,0.018408633211489035,0.06531364396018263,0.028626230549218687,0.17810232061950854,0.17865598188442638,0.0546698486554258,0.05439593157094682,0.05201272998278781,0.061835154838475063,0.06086834609996214
recon_face/3ddfa_v2/FaMoS_180502_03341_TA__multiview_expressions__IMG_0480,4.451147166048181,4.451147166048181,2697,I,0.019346631529454716,0.013982331353373833,0.024767656817878722,60,0.00345878956737122,0.697420848342142,4.035583039978519,0.9999520430872926,0.009632037755772246,-0.0017706987944313228,-0.009739776135690534,0.9969848465971429,-0.0769828059796383,0.0010238585721946952,0.07699636033179362,0.9970308481733555,0.005208590281953385,0.014343740576587334,0.06885175193932053,0.02956065072850206,0.17344481626516822,0.17428414996864014,0.05511498888146086,0.0520133831176672,0.049222603355905864,0.06124393243880416,0.05864884530171821
recon_face/3ddfa_v2/FaMoS_180502_03341_TA__multiview_neutral__IMG_0442,5.0798247826333425,5.0798247826333425,2696,I,0.018060951227124433,0.012605597327762256,0.02312718429716378,60,0.0033615324116578783,0.679265587526638,3.976818002993241,0.9991930854167259,0.04015907339408451,0.0006533601859490329,-0.03998210730473973,0.9960748142202688,-0.07897085267064773,-0.0038221918942320378,0.07888100722091095,0.9968767113083435,-0.014501107618479055,0.02038609664718921,0.07913273939648224,0.028266845045525298,0.17022763555367926,0.17002516736468817,0.054596421293847536,0.05315843652575494,0.049547091871865234,0.06168180101552609,0.0635424842894699
recon_face/3ddfa_v2/FaMoS_180502_03341_TA__multiview_neutral__IMG_0445,2.3467011024414224,2.3467011024414224,2708,I,0.016576283165472803,0.011025984341046506,0.021970954888848333,59,0.0033860477728057457,0.6970045561165553,3.890586572000757,0.9998683182194489,0.012168281381017885,-0.010736812806516938,-0.01256334888358403,0.9992165452739243,-0.037529427329415894,0.010271732367967832,0.03765937571278774,0.9992378410243903,-0.011019072378891066,0.013626863324420618,0.06730991005749834,0.0270218879280911,0.1768180495679332,0.1773539096823409,0.05645165055391333,0.05225203040036341,0.05009423459626208,0.05759115104349968,0.06007369889352698
recon_face/3ddfa_v2/FaMoS_180502_03341_TA__multiview_neutral__IMG_0447,1.5465335589844202,1.5465335589844202,2702,I,0.016022919982974792,0.010596140663453126,0.022989015309832106,59,0.003407578252787071,0.700459350055997,3.9231855149846524,0.9998618946276675,0.014730408371040936,-0.007694591658630628,-0.014890720029745874,0.999664144302748,-0.021210022452872183,0.0073795750938942745,0.021321671244956167,0.9997454317008684,-0.0043470187817943404,0.013693342574337679,0.06411065567322136,0.026511403408935305,0.17942951074719804,0.1817977274410518,0.0566929970209483,0.05150056217780592,0.05086751440123219,0.05944140760807958,0.05927932317346101
recon_face/3ddfa_v2/FaMoS_180502_03341_TA__multiview_neutral__IMG_0474,0.9435864856735462,0.9435864856735462,2704,I,0.015501141415297548,0.01053483504786271,0.022077032199940762,59,0.0034742722204881946,0.7066548475631171,3.9583700459916145,0.999889105043407,0.008183101659416707,-0.012442446010544892,-0.00827037245895617,0.9999414472347854,-0.006978756435932977,0.012384609597553348,0.0070808861898488265,0.9998982360699928,0.0016158795387575468,0.014927336299902963,0.07088324776831398,0.026491895513071847,0.1736583458216966,0.17741026749487676,0.05704232477112636,0.050478347941177434,0.05017968962727265,0.05982926585492513,0.05753781101087795
recon_face/3ddfa_v2/FaMoS_180502_03341_TA__multiview_neutral__IMG_0475,0.451405390476943,0.451405390476943,2702,I,0.015848571863357405,0.011153128001404737,0.019445646583369915,60,0.0034707468772645135,0.7003149034543765,4.053510731086135,0.9999691037495647,0.003283872514211645,-0.007141969448459657,-0.0032801056772861583,0.9999944751387099,0.0005390721676475966,0.007143700234343653,-0.0005156290978039762,0.9999743505078492,0.005736893909507743,0.014262779825284594,0.07398251415889631,0.02705449228071175,0.1818244538803875,0.1838120548534684,0.06065530810932787,0.047542707284383603,0.04983753167406952,0.05898858931682861,0.05922316347724287
recon_face/3ddfa_v2/FaMoS_180502_03341_TA__selfie__IMG_0468,7.9281426285560075,7.9281426285560075,2693,I,0.0229722332756603,0.016922829149019453,0.026341790092093597,60,0.003378433674679419,0.6762628533396162,4.260018914937973,0.9999207375279447,0.012590372509178029,-3.437515193127784e-05,-0.012475746734632105,0.9904421800684948,-0.1373631816921116,-0.0016954070261305748,0.13735272280245073,0.9905207494715941,-0.0016333494888747483,0.02464606196151431,0.0619975446806855,0.03412261849072174,0.1715678336920975,0.16832070853368888,0.05151551962876316,0.055187417449066564,0.051060445432691226,0.06566360648953826,0.06270314949255062
recon_face/3ddfa_v2/FaMoS_180502_03341_TA__selfie__IMG_0483,6.391683601263696,6.391683601263696,2696,I,0.021649458629227625,0.016260970766562216,0.026480141355706054,60,0.003408074503856642,0.6867240858509435,4.078561763046309,0.9998371763565497,0.016473517968693265,-0.007365051330259279,-0.0171829621893281,0.9938048756137864,-0.10980261844176098,0.0055105885132475585,0.10991129337789603,0.993926124519441,-0.0014800098547021426,0.021854608354267058,0.06386121361676775,0.03264152837474199,0.17756565867040863,0.17746012191070198,0.05346556919419529,0.054469596079199066,0.0473202188875425,0.06390264048093217,0.061261956955652466
recon_face/3ddfa_v2/FaMoS_180503_031203_TA__multiview_expressions__IMG_0504,0.8836609181462909,0.8836609181462909,2701,I,0.01810244549655591,0.011519602743448945,0.0258552923234798,46,0.003658347713885165,0.7319776939289294,4.072131434921175,0.9998841657328794,0.011862374081833538,-0.009536204580754031,-0.011838612281648401,0.9999266840904091,0.0025443473041306583,0.009565687424756853,-0.0024311571528551922,0.9999512923632784,-0.0035071517381954132,0.005490475497651394,0.06822441392646653,0.029479868100265608,0.18237750685600299,0.18250446121984115,0.05940488051438447,0.04785852609784128,0.04642864458167438,0.05935603550887725,0.059139669806578345
recon_face/3ddfa_v2/FaMoS_180503_031203_TA__multiview_expressions__IMG_0505,0.6922246609867764,0.6922246609867764,2708,I,0.017679253763376937,0.011304885672204943,0.02504065363860389,60,0.0036471560047194674,0.7275271419615154,4.178023166954517,0.9999299543776133,0.005330968642586234,-0.010567266047379639,-0.005356560297913246,0.999982785556524,-0.0023949639643609808,0.010554316659981428,0.0024514004053864274,0.9999412967949137,0.005313329709916477,0.004050642858498356,0.0721857089724689,0.029152176701825277,0.18125514014225347,0.1838339111422124,0.06143866157109118,0.04918770976394042,0.04885952324748475,0.06021349701007649,0.05880377905182241
recon_face/3ddfa_v2/FaMoS_180503_031203_TA__multiview_expressions__IMG_0506,1.5597929225993303,1.5597929225993303,2696,I,0.016751110206779073,0.011707428359073712,0.0223149430247553,60,0.0034665034986478926,0.7039885390660666,3.999155049910769,0.9996302408879655,0.027100258320923727,-0.002226544679134625,-0.02709745944270783,0.9996319798033958,0.0012777504036579166,0.0022603526317328867,-0.001216944239663068,0.9999967049209201,-0.01024135785994535,0.011408228871256074,0.07032539276438954,0.028157184923725462,0.17486739084291592,0.1804662650744423,0.05713176077346354,0.048425858617211714,0.047061239982191805,0.05779042003378771,0.059693571550971214
recon_face/3ddfa_v2/FaMoS_180503_031203_TA__multiview_expressions__IMG_0542,2.0997821093525437,2.0997821093525437,2704,I,0.01780063862940873,0.012505514006803083,0.022580386203707267,60,0.0035452041831188015,0.7071813787118674,4.028538037091494,0.9998987411053146,0.013354365004182292,-0.0049161439505287265,-0.013512748790367717,0.9993395314898793,-0.03373286856639914,0.004462415952784427,0.0337958834316344,0.9994187936530607,-0.016524172675533178,0.011813824698754485,0.0774071366178063,0.02889464210845478,0.17654196233280098,0.1772168249336417,0.05981113658883111,0.049198765297806604,0.0454782844646036,0.05783916060842671,0.05840815529440576
recon_face/3ddfa_v2/FaMoS_180503_031203_TA__multiview_expressions__IMG_0543,4.63784579872195,4.63784579872195,2714,I,0.018368649535309273,0.013381299888341835,0.021751662902823633,60,0.0034529968231729216,0.7027029779246666,4.118834479013458,0.9999357195284185,0.008045395489224507,-0.007989269215966452,-0.008659207683101088,0.9967550297127075,-0.0800276756173705,0.0073194899743183155,0.08009171214201959,0.9967606245797811,-0.016218602424393044,0.015473102802511948,0.06582168847433223,0.02851838036433742,0.18124247683355263,0.18103123101566082,0.05749470746062277,0.051223732110676226,0.05136511137882379,0.05843822626356558,0.06204590757790019
recon_face/3ddfa_v2/FaMoS_180503_031203_TA__multiview_neutral__IMG_0492,0.7925108609203462,0.7925108609203462,2701,I,0.01694406381965131,0.011065200560335341,0.020139830598322927,56,0.0035912481799195476,0.7173577825289108,4.040091727860272,0.9999438591042054,0.003310853506821418,-0.010065629083406575,-0.0032212359179432885,0.9999551475826897,0.008906540408182128,0.010094665866154574,-0.00887361662108485,0.9999096742451852,0.007905255080247506,0.0067785408507310685,0.0750050141543254,0.027767337181011816,0.17960611528273987,0.18248011347091425,0.05898812404686486,0.04637035810738949,0.04862448816600297,0.05898893126172323,0.057573583164395335
recon_face/3ddfa_v2/FaMoS_180503_031203_TA__multiview_neutral__IMG_0493,1.3762027367278165,1.3762027367278165,2704,I,0.016847843493017954,0.010924644120429632,0.0222342915777253,60,0.003588411329202283,0.7170859172808188,4.152144887018949,0.9999787025209934,-0.0010839548477970362,-0.006435801917186437,0.0012324195930759414,0.9997321779116379,0.023109599520505075,0.006409028504845813,-0.023117038952674307,0.9997122220237605,0.011974511186218707,0.005748183745775216,0.0797870970313119,0.028746729800528583,0.18282220475782604,0.1855617506604283,0.059239948830529965,0.04995179266158248,0.04715226539460406,0.061262676222785334,0.056227158805666484
recon_face/3ddfa_v2/FaMoS_180503_031203_TA__multiview_neutral__IMG_0531,1.2821064659602697,1.2821064659602697,2691,I,0.016269148386938905,0.011424008485980247,0.02196367485120299,60,0.0034080357666999893,0.6839324859916873,3.862084030872211,0.9998361459813732,0.01744259182450813,-0.004841196087451597,-0.01750476018766108,0.9997608160775491,-0.013110835470169772,0.004611351199597593,0.013193431183622784,0.9999023296371086,-0.017387976258907454,0.016732634383694996,0.08571743025420756,0.026803455230209945,0.17204158554399132,0.17432662672332244,0.05653776187385236,0.05156962236180465,0.0465299492892621,0.05872933857457102,0.06209956970005729
recon_face/3ddfa_v2/FaMoS_180503_031203_TA__multiview_neutral__IMG_0533,0.6110506292334454,0.6110506292334454,2707,I,0.016881372997334075,0.011025258442382004,0.02336784398435011,44,0.003572105384877505,0.7197972873130778,3.9437792061362416,0.9999607172613942,0.0050043038193144235,-0.007315796427096203,-0.0050476033277356445,0.999969783350372,-0.005912198140739408,0.007285988932502559,0.005948893131795726,0.9999557615393703,-0.02018753543447455,0.010246485255945667,0.07136192491549201,0.028744919223321893,0.180959396814709,0.18166944412456637,0.05870182862794181,0.04871266077391989,0.04804727075410748,0.057914397807714665,0.06299708545677657
recon_face/3ddfa_v2/FaMoS_180503_031203_TA__multiview_neutral__IMG_0538,0.9181161474805957,0.9181161474805957,2705,I,0.018707584060575412,0.012438965171285402,0.020361259410626595,60,0.0037561552269212437,0.7403968822796017,4.38839174201712,0.9998717222518186,-0.0012264225875283422,-0.015969813048933752,0.0012337823787968729,0.9999991371840872,0.00045101233171569857,0.01596924613821405,-0.000470657750801837,0.9998723726851639,-0.0012474579192717707,0.001575423766601823,0.0697549679631716,0.030132216738705097,0.18271765867199374,0.18476244460212388,0.06296503505831183,0.04770091506951844,0.04803051683237286,0.05915697673127528,0.059448026848036795
recon_face/3ddfa_v2/FaMoS_180503_031203_TA__selfie__IMG_0511,2.8847454389194036,2.8847454389194036,2719,I,0.017564253532730514,0.011872873751960108,0.019822887620301075,60,0.0034362764893665584,0.703860969686485,3.9644982691388577,0.9999027612737463,0.012629399768517006,-0.005913227428721935,-0.012900586362596844,0.9987485063167273,-0.048321796340838497,0.005295551778425822,0.04839338169203784,0.998814315946548,-0.0018838447062045844,0.007225209087843555,0.06595190605430229,0.027809004884076713,0.18116170239660462,0.18202930546648072,0.05860223235852602,0.05039191118610768,0.05326445037139183,0.06011321011910297,0.05925884792520388
recon_face/3ddfa_v2/FaMoS_180503_031203_TA__selfie__IMG_0548,2.6180080551556024,2.6180080551556024,2713,I,0.016771512876306845,0.011617014446550063,0.020373025096060655,52,0.0034673252392946026,0.7077432893819785,3.9218310960568488,0.9999016261413641,0.013602676172288754,-0.003421292271747474,-0.013738550853370987,0.9989611451004208,-0.04344977330327977,0.002826704849504197,0.043492502579282284,0.9990497544962842,0.000139352395275105,0.010197861600482062,0.06491745818019629,0.02733858871970743,0.1797343289386337,0.1814559704674103,0.05796921236088329,0.0500365560133205,0.05015895990729029,0.059071224858318845,0.058484159142939536
recon_face/3ddfa_v2/FaMoS_180503_03304_TA__multiview_expressions__IMG_0614,1.7582079193317688,1.7582079193317688,2711,I,0.01650596710465496,0.011195964810371382,0.020980312089673946,60,0.0034134538598497707,0.6939892722406162,3.933474806835875,0.9997480723393914,0.02152784765724404,-0.0063516634764235755,-0.021656026399459537,0.9995479726820683,-0.02085346081000223,0.005899862223573954,0.020985759038330873,0.9997623665368324,-0.016864280187783746,0.017276232120707606,0.07344660557619495,0.027100192047963892,0.17606733261465393,0.1752071808808788,0.05449124525637674,0.055029476394684015,0.04776204892143877,0.05959213157309281,0.06241196305804075
recon_face/3ddfa_v2/FaMoS_180503_03304_TA__multiview_expressions__IMG_0616,0.7724516058769826,0.7724516058769826,2705,I,0.01711916648655048,0.011991777716789782,0.02095124745492632,60,0.0033313175506099815,0.691985648212844,3.8532107239589095,0.9999312205908033,0.0033313427868207728,-0.011245276476074,-0.003406030410233619,0.9999722267162193,-0.0066290838771890315,0.011222880407061722,0.0066669296863654005,0.9999147958720913,-0.01667880538599414,0.017964827415954912,0.058248135754714984,0.027131529115758172,0.17161688525262742,0.1726684476363799,0.05439370845144969,0.057357156460303205,0.046517210534332394,0.05914111489658783,0.06114169562733976
recon_face/3ddfa_v2/FaMoS_180503_03304_TA__multiview_expressions__IMG_0617,1.0624159835468128,1.0624159835468128,2707,I,0.018110440132574103,0.012823402702443582,0.021290855389167446,60,0.003339935362600123,0.6946200749639391,3.943445950979367,0.9998293693696558,-0.0011937596158735741,-0.018433856998903417,0.0012232478285997394,0.9999979901895156,0.0015884840817864585,0.01843192368219704,-0.0016107622132933502,0.9998288201659652,-0.013299809019049182,0.01664550463535308,0.05659614137293046,0.027494344805075656,0.17604972955887013,0.18051162883337638,0.055904266073920586,0.0594192527049706,0.049564437840795846,0.0590707701339095,0.06139546335972681
recon_face/3ddfa_v2/FaMoS_180503_03304_TA__multiview_expressions__IMG_0618,1.6187075757915557,1.6187075757915557,2697,I,0.016162379359306225,0.010763744815051457,0.022119997594194123,55,0.003402971611415407,0.7042115487494592,3.9023238332010806,0.9998062948912755,0.01641207282972851,-0.010863542756016214,-0.0166288592098867,0.9996581600731961,-0.020175332474330215,0.01052871013742298,0.0203520727323704,0.9997374352290397,-0.009851909172865173,0.022841272664292353,0.05194334349067541,0.026404655050030226,0.18106042382005563,0.18012079284289614,0.054329157817274806,0.053923769426898006,0.044607324252231725,0.05899836220423564,0.05798473961102564
recon_face/3ddfa_v2/FaMoS_180503_03304_TA__multiview_expressions__IMG_0619,1.3938957297679022,1.3938957297679022,2701,I,0.01570508189166615,0.010369333524704654,0.02219044405876973,60,0.003377323264964123,0.6935994313597169,3.9052596159745008,0.9998636057343219,0.00589608772958629,-0.01542744559044123,-0.006170704617831537,0.9998222777399967,-0.017813908592032135,0.015319671422079363,0.01790667708679708,0.9997222907303952,0.0015425697961688072,0.02184741724910369,0.06293802222377151,0.02587052256459151,0.17697310802407593,0.1775507816424584,0.054519611960809976,0.05294749256899033,0.046867160719814664,0.06022050539445631,0.05947075486614143
recon_face/3ddfa_v2/FaMoS_180503_03304_TA__multiview_expressions__IMG_0620,1.5533961844417579,1.5533961844417579,2702,I,0.016714516835084882,0.011488001265595585,0.02278639803554782,60,0.003433364548470386,0.6965575886100495,3.981859609950334,0.9996539435090939,0.024159411231799557,-0.01040750093200668,-0.024090723534008686,0.9996874891169404,0.006675413296242851,0.010565522529666138,-0.0064223789985093805,0.9999235584691837,0.012251674963469728,0.024466520666163408,0.06148791940726619,0.02803942992090326,0.17840887848438663,0.18221027772963175,0.054481520322593166,0.05425772164047512,0.04495470382051283,0.05856415309650349,0.057866260053154386
recon_face/3ddfa_v2/FaMoS_180503_03304_TA__multiview_neutral__IMG_0601,1.485461152964714,1.485461152964714,2708,I,0.01635754791595801,0.011109684869012147,0.020699656000769697,42,0.003391078897547457,0.6900035962370095,3.816226804163307,0.9997126439964198,0.02297580499062366,-0.006836798865065018,-0.023042169168959632,0.9996865399856467,-0.00979184413248366,0.0066096803007081725,0.009946565063309125,0.99992868644207,-0.0186305999386621,0.015599799447195244,0.0719701304949241,0.027025222481992392,0.17872269614190936,0.17876984022862594,0.054291896445925955,0.05340405879751145,0.04670430122003956,0.059724636736265636,0.06303618475890657
recon_face/3ddfa_v2/FaMoS_180503_03304_TA__multiview_neutral__IMG_0602,1.8010267451305708,1.8010267451305708,2707,I,0.01722612967758566,0.012154137117013524,0.021809814997704756,60,0.003350297137010828,0.6867559856553636,3.9743459708988667,0.9999430549988713,-0.0018649275837465656,-0.010507559404155228,0.0015534813673863692,0.9995614812721105,-0.029570793914703415,0.010558099031816917,0.029552786708059005,0.9995074583726842,-0.01933319381927476,0.020155646144011677,0.05875686638088314,0.027520389881172558,0.17682245632373478,0.17721899400553523,0.053956679694814005,0.05511482460465145,0.04722678999585774,0.05930383256342313,0.06200018839688877
recon_face/3ddfa_v2/FaMoS_180503_03304_TA__multiview_neutral__IMG_0604,2.6011401326134034,2.6011401326134034,2702,I,0.019594622212716836,0.01404899057485858,0.022038037009781682,60,0.003285980386439031,0.6745899520608145,3.934161892859265,0.9999506910365757,-0.002558507619573289,-0.009595287084524461,0.0021310732426635783,0.999016225437154,-0.04429491889750871,0.009699176372675136,0.044272286501411365,0.9989724173497627,-0.0040050129668761335,0.0182549597623943,0.06270397183994178,0.028478281366803297,0.17319621213212266,0.17515481260232837,0.05294603341320211,0.05585219842439135,0.04861019495743754,0.06088681910839941,0.062341906280385495
recon_face/3ddfa_v2/FaMoS_180503_03304_TA__multiview_neutral__IMG_0630,0.9187884811239928,0.9187884811239928,2704,I,0.015865974408911226,0.01052398644625004,0.021610973532816873,60,0.003463044178969941,0.7092999035057492,4.022432015975937,0.9998841687110132,0.012068166501945088,-0.009274077763652697,-0.012021196731050498,0.9999147174133259,0.005103795585682779,0.009334880301231916,-0.004991718893165329,0.9999439698064352,0.013253205783313876,0.023208300805196744,0.05909826958614189,0.027946853125489987,0.17617363901276215,0.1794278201738247,0.05442415022187741,0.05212313374895717,0.04497168346802104,0.06040059209638887,0.05809871924026271
recon_face/3ddfa_v2/FaMoS_180503_03304_TA__multiview_neutral__IMG_0631,1.7615305656060338,1.7615305656060338,2707,I,0.015872501988539536,0.010137108374719,0.02139636795137393,59,0.0034112984597066726,0.6993572063021767,3.8927481689024717,0.9997295573477718,0.019927476953544947,-0.011987819964146645,-0.020164483753493428,0.9995968993340951,-0.019985805878609847,0.01158472097989242,0.020222129065167734,0.9997283929827591,0.01601355503767149,0.023077534694533275,0.05942826283766032,0.02704719031638917,0.17813680175132846,0.17922011416807349,0.05403363269507665,0.05344919928783753,0.04618091300740477,0.06100414564501917,0.05686346837256464
recon_face/3ddfa_v2/FaMoS_180503_03304_TA__selfie__IMG_0621,4.178809235998311,4.178809235998311,2697,I,0.01753300945831564,0.012182827587557826,0.023414013549317336,57,0.0033511090618717713,0.6903799891297449,3.9137235218659043,0.9998821948414279,0.01184277947471908,-0.00976447711873349,-0.012508317201687142,0.9973850805703666,-0.07117965338793664,0.008895978859635216,0.07129340523469202,0.9974157167050111,-0.001473562626955541,0.019192900343059933,0.06049480528883964,0.028325462467628806,0.17228250525892613,0.1785564147183029,0.05221230603764954,0.05500168950097525,0.04779461001989285,0.06131428161277153,0.06130682210280317
recon_face/3ddfa_v2/FaMoS_180503_03304_TA__selfie__IMG_0622,3.2836109314827366,3.2836109314827366,2701,I,0.01684561251409729,0.011414999749099316,0.0245928643268675,39,0.0033759049097735598,0.6981345565600628,3.7711434131488204,0.999931811163642,-0.0010044716752706203,-0.01163460612357981,0.0003504426564226999,0.9984262007438862,-0.05608028939005154,0.011672626651350649,0.056072388078099,0.9983584712327915,-0.0039006102705267543,0.017377022394298405,0.06079356123669893,0.027228891605572274,0.17263510195080597,0.1741250614042188,0.05424151205563189,0.05483430262247904,0.051723835825275594,0.05887708132276652,0.0611226841273967
recon_face/3ddfa_v2/FaMoS_180503_03304_TA__selfie__IMG_0636,0.8887626622040713,0.8887626622040713,2695,I,0.015344867717581647,0.010097330313376429,0.022040995595468384,43,0.0033857694847850336,0.6914535954267715,3.811405065935105,0.9999179635976878,0.007464648591237586,-0.010408895045269801,-0.007555427989360079,0.9999335282723939,-0.008709451453383392,0.010343190153511721,0.00878738061828349,0.9999078959380797,-0.0008750763321557229,0.01715439634385478,0.06794379648479387,0.026267487064144075,0.17572560321456793,0.17800011822295536,0.05449595565974991,0.05133996263805147,0.04897082948847876,0.058042800490240846,0.060334750584262534
recon_face/3ddfa_v2/FaMoS_180503_03342_TA__multiview_expressions__IMG_0566,0.8265762871062134,0.8265762871062134,2698,I,0.016236923391776997,0.010978469808167789,0.021824155391870634,60,0.0034882302801991197,0.6926947159659866,3.984131606062874,0.9999225994966754,0.008953839983599894,-0.008638504810479746,-0.00901668010177393,0.9999329711288436,-0.007263107419515283,0.008572893079635806,0.0073404358857787075,0.9999363097244006,-0.019743087887131937,0.017173510119700496,0.08000162709481967,0.02787065076369506,0.1761532101707618,0.17620598028659493,0.05618626779270968,0.05355845220388667,0.045518178141691276,0.05850143789545702,0.06089791039071098
recon_face/3ddfa_v2/FaMoS_180503_03342_TA__multiview_expressions__IMG_0568,1.6398272077943172,1.6398272077943172,2708,I,0.016981427049301938,0.011273121714985781,0.02300708177920344,54,0.0035463841913704708,0.7173191494661108,4.050180558813736,0.9999029176197688,0.010713473783852942,-0.008909366697828696,-0.010487420794907349,0.999631350899499,0.02504348825372242,0.009174385022671991,-0.024947620694697338,0.9996466610163459,-0.015496554439579691,0.012635771064624997,0.06197707148974701,0.028568091103325654,0.1774338870607755,0.18118292544836687,0.060265117624047834,0.0506446559400951,0.04637235917601793,0.057987542571703535,0.059056788048288074
recon_face/3ddfa_v2/FaMoS_180503_03342_TA__multiview_expressions__IMG_0570,0.969198818317451,0.969198818317451,2701,I,0.016788449994681324,0.011138544355364039,0.023721272225081406,48,0.0035406925790139833,0.7202189053810214,4.012187909102067,0.9998911923688649,-0.001295836421041149,-0.01469436052161908,0.0014174287858219315,0.9999648201201701,0.008267370662581304,0.014683130415770917,-0.008287299319156472,0.9998578530727198,-0.001512025891635912,0.01039857516562969,0.06282131296785062,0.029169886873099106,0.1812244569066247,0.18209943634719403,0.05800212393395998,0.05105498466211637,0.045952562735299685,0.0587968217493701,0.05894682921799286
recon_face/3ddfa_v2/FaMoS_180503_03342_TA__multiview_expressions__IMG_0571,1.5250438292941593,1.5250438292941593,2698,I,0.017952271340453588,0.011263924165455167,0.02620513529576208,60,0.003658923568655351,0.7270681482430782,4.141789799090475,0.9996678339409749,0.024284054107658413,-0.008631714769079545,-0.024340839666489686,0.9996823537784122,-0.006535676581897292,0.008470260213752395,0.006743608837205129,0.9999413874981685,0.004296587661805016,0.006997266858816201,0.06727856913103869,0.02936293475002037,0.1753094001096729,0.17914434180062638,0.058129942244782254,0.05170479556033873,0.042402110223453325,0.05894424991658491,0.05895871998472527
recon_face/3ddfa_v2/FaMoS_180503_03342_TA__multiview_expressions__IMG_0573,1.3770364775454966,1.3770364775454966,2699,I,0.017430218816391167,0.012078323855672413,0.023292567062121364,48,0.003499437202906067,0.7087054997061177,3.9708935599774122,0.9999023984887425,0.013952052160742938,-0.0007305730379872605,-0.013963670382756211,0.9997113781365549,-0.01954933077500986,0.0004576088959551054,0.019557624211875128,0.9998086266527635,0.011766232601049604,0.016484708011008348,0.06669248715071763,0.02786827278668857,0.1804680774797586,0.18289717649652806,0.056017917066506905,0.05059904512984164,0.04530482219732928,0.06088989021915191,0.058050279954824945
recon_face/3ddfa_v2/FaMoS_180503_03342_TA__multiview_neutral__IMG_0549,0.62360006794126,0.62360006794126,2699,I,0.015039058287761487,0.010340099865584026,0.02078546246100204,60,0.0034514811624876077,0.6891824559875378,3.951353013049811,0.9999409792321502,0.004892751531096119,-0.009700465695211036,-0.004899007344895747,0.9999878068188739,-0.0006212411877207745,0.009697307836903491,0.0006687271742784289,0.9999527563963622,-0.021122977627053587,0.01709618812129768,0.08479551184331746,0.027271051840568793,0.1740331599999399,0.1731971488546056,0.05655157950364505,0.050790658659513696,0.04582269769175198,0.058718521730933705,0.06142647510375724
recon_face/3ddfa_v2/FaMoS_180503_03342_TA__multiview_neutral__IMG_0552,0.6832068025124958,0.6832068025124958,2704,I,0.016500637281379633,0.01107068067363533,0.022811676112251895,60,0.0035068611682377176,0.7110336990071258,4.062536142999306,0.9999542927459314,0.00235941697208251,-0.009265288475535274,-0.0022933383598117995,0.9999719086134168,0.007136006110342424,0.00928186501466451,-0.007114431501622236,0.9999316135847782,-0.01664661643778761,0.01536897294642453,0.06233541329451909,0.02776750455455916,0.1810046185974151,0.1833591022671085,0.05803933742466631,0.050954228772394854,0.044494097955376406,0.05878936086221417,0.059190063917839125
recon_face/3ddfa_v2/FaMoS_180503_03342_TA__multiview_neutral__IMG_0553,0.448528276749959,0.448528276749959,2702,I,0.016370776790682124,0.011083035522412882,0.023141763188741324,41,0.0035064916833511877,0.7173800533919218,3.8402960910461843,0.9999695975084192,0.0007468561821598884,-0.007761846732139177,-0.0007522162720688931,0.9999994806384722,-0.0006876725002032996,0.007761329108476514,0.0006934901806592151,0.9999696399600537,-0.0055292881163742594,0.014072586091049291,0.06017686963620084,0.027385130491904584,0.17601561261249424,0.17775508192692793,0.05605727827640328,0.05016499600413302,0.04554360356312492,0.0585929864948838,0.058279751677055985
recon_face/3ddfa_v2/FaMoS_180503_03342_TA__multiview_neutral__IMG_0593,0.9128883341329942,0.9128883341329942,2695,I,0.01579396299350962,0.010591781332086872,0.02247635256134547,60,0.003494183077309013,0.7023325370552926,3.999210371170193,0.9999226974627728,0.0026493383116470005,-0.012148255236114808,-0.0025281816414739777,0.9999470254057147,0.0099777091483844,0.012174046014331698,-0.00994622485028774,0.9998764249720407,0.006971935231885989,0.012855327767571735,0.07273703403060963,0.02714288013974205,0.18056854092144822,0.18368797913382298,0.05555196687928337,0.048700496798550645,0.0440372082544464,0.05914184157722049,0.058135963876990625
recon_face/3ddfa_v2/FaMoS_180503_03342_TA__multiview_neutral__IMG_0594,1.2364255935630093,1.2364255935630093,2694,I,0.016847489453529,0.010949409122781164,0.023414121155491185,60,0.0035608019008272853,0.7154094799595303,4.1310764939989895,0.9998876588476595,0.005183178826894692,-0.01406429313524726,-0.004964225878578911,0.9998666357882283,0.015558505678774627,0.014143059979091486,-0.015486939490371858,0.9997800400886432,0.01053311960888698,0.011497106877172925,0.07004503236741891,0.029230561819637093,0.18000896121237683,0.18213440518234916,0.057367735865635566,0.05031232901540318,0.04647127055577636,0.06204615813000092,0.0598978047878465
recon_face/3ddfa_v2/FaMoS_180503_03342_TA__selfie__IMG_0583,3.189225432108044,3.189225432108044,2699,I,0.018764216024840248,0.01320357355244842,0.02495652927234833,60,0.0035496668094280475,0.7199212143850671,4.1469861678779125,0.9999122077084335,0.01147133212168717,-0.006632150103910562,-0.011812949015704587,0.9984712139088566,-0.05399712243191097,0.0060025920400454775,0.05407072715183655,0.9985190660944202,-0.0007291648910701793,0.010042299632689385,0.06409269009645593,0.028686181232843912,0.18265243240023396,0.1832496258324411,0.05589743490686268,0.05116856033203024,0.04638631853198575,0.06009453179429185,0.057881469506300534
recon_face/3ddfa_v2/FaMoS_180503_03342_TA__selfie__IMG_0596,3.468631511634289,3.468631511634289,2703,I,0.016758099792578023,0.011328647317941178,0.022590417928335202,60,0.003400022563586524,0.6949703825465795,3.956966751953587,0.9999359089237618,0.01017351717700539,-0.004967654683902808,-0.010450789999633432,0.998178943966623,-0.059410241626002426,0.00435419719269677,0.05945834987556915,0.9982212908954011,-0.0018690835637144164,0.017626224813380838,0.0637263670703003,0.027558556194167732,0.17593316176520193,0.17612273701559303,0.054544497391790875,0.05360389239206297,0.04687122623163339,0.06113225498627618,0.060854637570107346
recon_face/3ddfa_v2/FaMoS_180504_03343_TA__multiview_expressions__IMG_0660,0.6663338202224752,0.6663338202224752,2705,I,0.014490927928968838,0.009037246354668248,0.017454667746950953,52,0.0034556168799333314,0.698890649732639,3.904012467013672,0.9999786426786287,0.0021562919923721587,-0.006169650836954883,-0.002096843825782812,0.999951471678626,0.009625878335012003,0.006190107638529631,-0.009612735957770164,0.9999346368012407,0.007534336499203864,0.010503962037377801,0.07236642495648551,0.025264369551448382,0.1791375457874262,0.18209643688978483,0.05831804244858551,0.049799360751338916,0.052081856753630015,0.058495241388743874,0.057270518629247785
recon_face/3ddfa_v2/FaMoS_180504_03343_TA__multiview_expressions__IMG_0661,0.4238335791956682,0.4238335791956682,2710,I,0.014751114354892535,0.009594840516014499,0.02039982012339652,60,0.0034705318402721377,0.7013567119960735,3.9862494429107755,0.9999727405578459,0.00664941393873908,-0.0032098964940694657,-0.006650851611098972,0.9999777871711516,-0.0004374210045400015,0.003206916599863338,0.0004587576259565115,0.9999947525999137,0.016382972671680887,0.01334834885462436,0.07426311269850852,0.026320895086589614,0.17862089967836334,0.18064149862621534,0.05982589315326793,0.05034045318740525,0.04994917615064003,0.05872678992252442,0.0582809237809633
recon_face/3ddfa_v2/FaMoS_180504_03343_TA__multiview_expressions__IMG_0681,2.4368656460765505,2.4368656460765505,2697,I,0.017159288109572315,0.012433905803826617,0.023715224229606008,60,0.003411634039803535,0.6863566227376913,4.028765963157639,0.9998001048469832,0.019987830157900677,-0.00048681982413363757,-0.019992019126396574,0.9990956855885145,-0.03752506108811077,-0.0002636649617430756,0.03752729252151785,0.9992955682863764,-0.008136629337043646,0.016475384983664007,0.08282824047919551,0.028556121055968296,0.1736439040836407,0.1769045618860025,0.05584102107180026,0.05259079833281528,0.049554833045048145,0.061953046160189686,0.06128817453938977
recon_face/3ddfa_v2/FaMoS_180504_03343_TA__multiview_expressions__IMG_0682,3.490081574276765,3.490081574276765,2703,I,0.01845877685524698,0.013622263428506537,0.024945669106312626,60,0.003408122603347427,0.6880891698801378,3.9910621710587293,0.9997674567319363,0.020597012069264564,-0.0063871397020275455,-0.02092726974454095,0.998162161495145,-0.05687133496217346,0.0052040215981361965,0.05699177531152265,0.9983610848315589,-0.012396621323390224,0.0160598716863901,0.07235133688490489,0.029840773258936675,0.17555084429354292,0.17773221043365078,0.055353560804609986,0.05303189786324947,0.047825296530451464,0.05866143151815189,0.06129511622126654
recon_face/3ddfa_v2/FaMoS_180504_03343_TA__multiview_expressions__IMG_0683,4.852380459113476,4.852380459113476,2702,I,0.01804862388350666,0.0124034004556305,0.025137264418897964,44,0.0033640598535169095,0.6921742333921574,3.8458635238930583,0.999502217888162,0.028734681753143528,-0.01302438102910419,-0.029668581712587128,0.9964865926192611,-0.07832142739517899,0.010728079782014597,0.07866885530246606,0.996843076672347,-0.009044255985738749,0.016032151818343,0.06428573634808313,0.027753446492702883,0.17550081249033872,0.17619142383142808,0.05346554039697998,0.05184564218835949,0.05138369480361301,0.061003934062145534,0.061145293265789054
recon_face/3ddfa_v2/FaMoS_180504_03343_TA__multiview_neutral__IMG_0652,1.9400972983963194,1.9400972983963194,2703,I,0.014214845280103543,0.008809603796816239,0.019263570014426103,51,0.0034539418420105007,0.6991357506661168,3.8877086751163006,0.9999035372149736,-0.007288107302038633,-0.01182369472448656,0.007649706397276531,0.9994953307165092,0.03083124823828684,0.011593026223525312,-0.030918721963389226,0.9994546684943395,0.007165826395673402,0.011347500542321254,0.07573851705116769,0.02632734340176104,0.1744247914770477,0.1794763604391412,0.05938340645050389,0.050165882709057065,0.04945573536050254,0.05651628532724383,0.05977413567673083
recon_face/3ddfa_v2/FaMoS_180504_03343_TA__multiview_neutral__IMG_0654,1.1419659999410945,1.1419659999410945,2698,I,0.014344562986070784,0.008983036681606708,0.01935793465023558,60,0.0034224117167255554,0.6939582820847017,3.879266065079719,0.9999539524271932,0.004431562817828994,-0.008512007767009092,-0.004282200915993168,0.9998379382866961,0.017485992048572936,0.00858811856864203,-0.017448736733624143,0.9998108750187963,0.009251925699290127,0.01203106742530418,0.08442099257448349,0.025566706319532662,0.17588261072201133,0.17965674358044043,0.055517434087573266,0.05218995156306767,0.04680127576569948,0.060730991898115656,0.059010793034654056
recon_face/3ddfa_v2/FaMoS_180504_03343_TA__multiview_neutral__IMG_0677,1.2831360229965907,1.2831360229965907,2706,I,0.016607203020764873,0.011739849109641645,0.022952933844681226,60,0.0034898757830557764,0.7071177368928558,4.082280369009823,0.9997552291781744,0.021360847433279363,-0.005761590737601574,-0.021340783677473302,0.9997660572031641,0.0035216212844521415,0.005835467669925179,-0.003397802432746858,0.9999772008679505,-0.010992039063737049,0.011270297954684615,0.07220309237359093,0.028734851362601913,0.17989940126097395,0.18175466457285916,0.0590902340904345,0.05163922804972154,0.05140780823121664,0.058463289154052654,0.05869406703611259
recon_face/3ddfa_v2/FaMoS_180504_03343_TA__multiview_neutral__IMG_0678,1.268628237538249,1.268628237538249,2703,I,0.015475991663486373,0.010576597445040557,0.02225010617359042,60,0.003451669477884129,0.6983360083648481,3.9994164968375117,0.9998194581538201,0.018545025683485802,-0.0041392172448743245,-0.018496786312687273,0.9997638905391215,0.011403160534797346,0.004349711841512906,-0.011324539570261694,0.9999264146978103,-0.006809157878210711,0.012734694505404272,0.06799811740945247,0.027245493017016842,0.17635271133980615,0.18104544158956698,0.05836226679372011,0.04949050796041516,0.04886020949072033,0.05729185445023569,0.05721300734897914
recon_face/3ddfa_v2/FaMoS_180504_03343_TA__multiview_neutral__IMG_0679,1.4631761065327025,1.4631761065327025,2697,I,0.015405248585439258,0.01020353749351572,0.018682552828934943,60,0.003500942015431727,0.7070406537785914,3.9760285110678524,0.9998097140464619,0.019335468521734612,-0.002583670911169613,-0.01929026727813318,0.9996777045033709,0.016503717981400153,0.002901945325191116,-0.016450737853252136,0.9998604662338707,0.0004106051888761001,0.01267515988651776,0.073311291999756,0.0268729987695649,0.17976522588855856,0.18043414566818985,0.05798029390493635,0.04665667300198678,0.0488591177524778,0.05913151497991384,0.05828659611109002
recon_face/3ddfa_v2/FaMoS_180504_03343_TA__multiview_occlusions__IMG_0641,1.9810798020079168,1.9810798020079168,2706,I,0.015594065266539897,0.010379825271242685,0.02122191684485039,48,0.003384263041058571,0.6983764005952244,3.7376930417958647,0.9995885729135409,0.024929972772492398,-0.014183841448397377,-0.02465154172045857,0.999506341434899,0.01947754918431808,0.01466241424442029,-0.019119882033783973,0.9997096797168362,-0.014372708072371052,0.009965668318907016,0.07068146568589903,0.0271081588501583,0.17379625896927642,0.17691071732076066,0.05593066885569214,0.051476318466227175,0.04914525265606449,0.05830409950459196,0.05995913112260004
recon_face/3ddfa_v2/FaMoS_180504_03343_TA__multiview_occlusions__IMG_0642,1.631912778087747,1.631912778087747,2709,I,0.015405262476541127,0.009940342349809056,0.020074347934633707,60,0.003410367265174472,0.7033723696971077,3.8554398689884692,0.9996589104192628,0.024681056279649352,-0.008538634568356863,-0.024776452714034138,0.9996296800197231,-0.011253009134173403,0.008257736389615944,0.011460727925631011,0.9999002257751188,-0.008025066478773317,0.014721214698842487,0.06072096703581623,0.026202219728967194,0.17823021306782216,0.17727484151437417,0.055008882403534735,0.050705391857449,0.04741413495914347,0.057070035516453156,0.058132498991962225
recon_face/3ddfa_v2/FaMoS_180504_03343_TA__multiview_occlusions__IMG_0643,1.1550279590562085,1.1550279590562085,2694,I,0.015502489566572407,0.010331315755742605,0.021686227525779204,60,0.00347301976256489,0.7008885772296132,3.95180756598711,0.9999073114042467,0.01088005782085648,-0.008184921633414612,-0.010757179583295773,0.999830974811886,0.014909892492126835,0.008345758667912902,-0.014820463843242922,0.9998553406186959,0.0009963840682233813,0.01472351166865294,0.07437795158179011,0.027061049934292408,0.1819820791178536,0.18325758610696696,0.057239187130965166,0.04820726981955971,0.04728704225889988,0.05985961565761573,0.058360979821192066
recon_face/3ddfa_v2/FaMoS_180504_03343_TA__multiview_occlusions__IMG_0644,0.7386821741660737,0.7386821741660737,2705,I,0.015268343438006652,0.0101340495317172,0.020693056748564205,60,0.0034342180178672118,0.6975270631013613,3.9084827010519803,0.9999169835769253,0.0032421510478368057,-0.012470541728625795,-0.003247438129695242,0.9999946455556439,-0.00040373956382550285,0.012469165971154123,0.0004442033595185499,0.9999221582620114,0.01086821321840406,0.013471261622015854,0.07434205308031214,0.026784865803072596,0.1729336997428391,0.17450606187289844,0.057578641583899734,0.04973528332454394,0.04908712770064346,0.05877277818987247,0.05841335933722499
recon_face/3ddfa_v2/FaMoS_180504_03343_TA__multiview_occlusions__IMG_0673,1.0468039097160051,1.0468039097160051,2692,I,0.015075054024834762,0.010065715511125338,0.021546732560312146,48,0.0033874248574954574,0.689405055537343,3.7761607239954174,0.999844387762121,0.008621161034280006,-0.01539077135852607,-0.008547950048414237,0.9999518668639411,0.00481627504290118,0.015431552435164432,-0.004683966026784306,0.9998699553700477,-0.000707399662329171,0.01857071308688353,0.07167614307667508,0.026357890033603105,0.17368619912231026,0.1775496082634737,0.05567112009445348,0.04899543190845652,0.046014587911193096,0.06165273854957439,0.05842590095479518
recon_face/3ddfa_v2/FaMoS_180504_03343_TA__multiview_occlusions__IMG_0675,1.2176387522918204,1.2176387522918204,2690,I,0.014487314598040722,0.009539637816173186,0.016010598786523115,55,0.003402190156722557,0.6882922162536014,3.8325355479028076,0.9999626090874784,0.0006975957131373776,-0.00861938438541506,-0.0005301478426437161,0.9998113913560845,0.01941392948050702,0.0086313017689955,-0.019408634027931304,0.999774377324675,0.006413369734384869,0.014413996252815413,0.07629418479259825,0.025210743805508674,0.17445041306693493,0.17989147597262906,0.05864420483803816,0.04915594451252706,0.05029931562363007,0.06115817785406669,0.05667844178251349
recon_face/3ddfa_v2/FaMoS_180504_03343_TA__selfie__IMG_0668,5.399426264603734,5.399426264603734,2692,I,0.019240812595000517,0.013675833735746308,0.02712210535231372,60,0.0033262421529569627,0.6759576547640118,3.970613613957539,0.999919598532526,0.008476946417907116,-0.009430686612342186,-0.0093193839951072,0.9956036316843642,-0.09320170416283406,0.008599159988279025,0.09328209879892622,0.995602583610129,-0.0006506377742937747,0.021469141738747546,0.06372832017263083,0.02919246587584471,0.1743917092809709,0.1731937324570488,0.051449211822895746,0.055865456646319984,0.04838757894437534,0.06438754525906672,0.0635489981017502
recon_face/3ddfa_v2/FaMoS_180504_03343_TA__selfie__IMG_0686,5.888039643902152,5.888039643902152,2691,I,0.01944010448057314,0.013886774192039078,0.025728560951426768,60,0.0033250138342220763,0.6770516727098327,4.019942085025832,0.9998856144278891,0.012514181961911326,-0.008494310448028237,-0.013311527055678106,0.9947550473021203,-0.10141597070680003,0.007180620280258453,0.10151744242631773,0.9948078445486899,-0.0016276326059149336,0.022379335617267265,0.06178970149245656,0.029444488668059706,0.1723659806879475,0.17158894356503318,0.05144544417136532,0.05497096276238687,0.04820378332202249,0.06409755824588614,0.06530512816060005
recon_face/3ddfa_v2/FaMoS_180507_03344_TA__multiview_expressions__IMG_0698,3.9042334499431215,3.9042334499431215,2701,I,0.017655037728160624,0.011926203246968602,0.024624900367145455,60,0.0033995957314064667,0.6910721677206809,3.9590214011259377,0.9999149711392232,0.004729430078221171,-0.012152488748460328,-0.005531041623490969,0.997751104535871,-0.06679925879835326,0.011809236647872328,0.0668607948545739,0.9976924255707315,-0.011776109412878686,0.016001687247497454,0.07768694545091831,0.027024528151959635,0.17129358084677304,0.17505178606559962,0.05594241338554964,0.055037891682308916,0.05203511769121489,0.060744827321452054,0.06239908692436167
recon_face/3ddfa_v2/FaMoS_180507_03344_TA__multiview_expressions__IMG_0699,4.238468804357766,4.238468804357766,2709,I,0.017477509333860164,0.0116434036678581,0.02312400462024136,50,0.0033853267182929283,0.6874232042042195,3.8466248880140483,0.9998669283095453,0.011151712621600312,-0.011906509918511466,-0.011981061085751081,0.9973311692222114,-0.07202078223065472,0.011071578392165798,0.07215385092606762,0.9973320620277103,-0.018392842094075563,0.01624798453121038,0.07001523276042476,0.027111554692949895,0.17278032493015777,0.17493990812094123,0.05289369974756138,0.05396918834737228,0.049161220374169805,0.059801221565495825,0.061619203882279316
recon_face/3ddfa_v2/FaMoS_180507_03344_TA__multiview_expressions__IMG_0700,5.686608196378928,5.686608196378928,2700,I,0.018473269174730515,0.012740616289984236,0.025027790238672954,60,0.0033821661898804827,0.6917515815844882,4.00699883303605,0.9999953975159149,0.002183285992778388,-0.0021067057840811953,-0.002381201897144615,0.9950807486332689,-0.09903854591509584,0.0018801128987319825,0.09904310658357406,0.9950813676347087,-0.014433287944290826,0.01872645593994921,0.05958224366733695,0.029340535137945045,0.1759879791793517,0.17744716425140325,0.05487434880845574,0.053188930275979804,0.05118142876427352,0.05923395466977038,0.06257626624209872
recon_face/3ddfa_v2/FaMoS_180507_03344_TA__multiview_expressions__IMG_0701,4.853998243661405,4.853998243661405,2701,I,0.017233962358073535,0.01203586123073092,0.024127943914912995,60,0.0033730698254520507,0.6820370437657306,3.939841769868508,0.9999087940566914,0.01331538125984712,-0.002259245448676199,-0.01345757129814926,0.9964150008814857,-0.08352269028895491,0.001139009590688623,0.08354547647990508,0.9965033146040699,-0.0031401352699919603,0.017854340534889775,0.06261781034194552,0.0280798959760819,0.17682944289824068,0.1768146174973642,0.05339381125989049,0.0542665653290014,0.04802482304209382,0.05785657019964588,0.0607334141341826
recon_face/3ddfa_v2/FaMoS_180507_03344_TA__multiview_expressions__IMG_0702,3.668287876960169,3.668287876960169,2696,I,0.016880873155092554,0.01179686847347646,0.023367051738245583,31,0.0033985066876848664,0.689272315853146,3.767849769210443,0.999847041934731,0.013072320489958777,-0.011619258641406718,-0.013762701714816316,0.998014033779633,-0.06147012624368049,0.010792625995423567,0.0616206362829274,0.9980412899315387,0.004687314869512173,0.020815953279939625,0.065663807530734,0.02718656327307932,0.17824929786480545,0.17944705772621503,0.053174722390144674,0.055491114601232516,0.045955057992710206,0.06160936016847968,0.05954323457599877
recon_face/3ddfa_v2/FaMoS_180507_03344_TA__multiview_expressions__IMG_0703,2.0110834873300556,2.0110834873300556,2704,I,0.015734988248097048,0.010431121062863253,0.021933329180575622,59,0.0033876804075885247,0.6908940861074603,3.881062117870897,0.9999705407347792,0.0025330689592431618,-0.007245772853159097,-0.002779706389429684,0.999409987225501,-0.03423376500345381,0.0071547812671264015,0.034252897622987284,0.9993875865295949,0.015433620285331445,0.018218625981490863,0.06873761237249587,0.025899553932286504,0.17199362130500792,0.17143775846279788,0.05330569207280507,0.054840844557199245,0.0468790909820236,0.06167971402181202,0.059370158319948775
recon_face/3ddfa_v2/FaMoS_180507_03344_TA__multiview_neutral__IMG_0689,0.6431048378537846,0.6431048378537846,2700,I,0.01540758702497677,0.010236682139823115,0.02090706002505962,51,0.003395627952082444,0.6892878917405673,3.8529193040449172,0.9999393469557786,0.0095842279033495,-0.005426323354468977,-0.009595941366100405,0.9999516749755727,-0.002136731813564063,0.005405582202590803,0.002188672895017942,0.9999829945514122,-0.022550255063623226,0.01778646381944797,0.07196848559827726,0.02603292613925375,0.17139021635434773,0.1756754576901831,0.055227925392330776,0.05289116209616258,0.04683614144987519,0.05818717733791865,0.06272460541990461
recon_face/3ddfa_v2/FaMoS_180507_03344_TA__multiview_neutral__IMG_0690,0.5461315533157698,0.5461315533157698,2710,I,0.015499358281362419,0.010173678627550134,0.022415307731616988,45,0.0034332529395423835,0.7118498468442818,3.9011124279350042,0.9999560660646888,0.007742688564802786,-0.005283626994958858,-0.0077518080472869,0.9999684961233593,-0.0017076980954219918,0.005270238365710299,0.0017485807317830769,0.9999845834076609,-0.019604314913921644,0.017046821848346015,0.06208154809474865,0.02640690109815186,0.18118843691495454,0.18214651510783494,0.056019294750384606,0.05245482611581404,0.05036643978874755,0.05763696959988432,0.05940929101705929
recon_face/3ddfa_v2/FaMoS_180507_03344_TA__multiview_neutral__IMG_0691,18.454672263139628,18.454672263139628,2808,I,0.04034951716765052,0.03742272374878034,0.04757485816917087,60,0.004000331758449633,0.7245249149693824,5.1189871788956225,0.9502317169078706,-0.2909843668894353,-0.11130041513074583,0.28400339880414815,0.9559256397985744,-0.0744865131643195,0.12806933141862625,0.03916975110516753,0.9909914111375262,-0.007851709677741948,0.0011477426953627051,0.07902987336221506,0.05047525663310214,0.17493798420277104,0.17409684761489722,0.059472002691002314,0.06377424593757684,0.08561714275166125,0.06600914622561029,0.06380983138477209
recon_face/3ddfa_v2/FaMoS_180507_03344_TA__multiview_neutral__IMG_0720,0.8060509634875374,0.8060509634875374,2699,I,0.01664193356504321,0.010680930256297088,0.02324895286666275,60,0.003567204449420221,0.7228789513845897,4.0380889480002224,0.9999276953252214,0.006574396346723627,-0.010068834801831872,-0.006500708925789649,0.9999519777181541,0.007333692181632293,0.010116565872496082,-0.007267707357135575,0.999922414752624,0.012544779524568984,0.016398112239034417,0.05972358782379674,0.02892046889051884,0.179375506352586,0.18279274108260546,0.05781754581814322,0.0500288766811738,0.0438410636406637,0.05998570451553611,0.059464933088136794
recon_face/3ddfa_v2/FaMoS_180507_03344_TA__multiview_neutral__IMG_0721,0.7722054426142951,0.7722054426142951,2702,I,0.016208541081646096,0.010640004832010023,0.02284285851297954,41,0.003527178327491945,0.7195824355989567,3.88573475391604,0.9999313292153628,0.008813614812703739,-0.007723797481236668,-0.008762011080277955,0.9999392357042829,0.006689698121993722,0.007782288572582961,-0.006621562736062266,0.9999477940830237,0.021313181481137113,0.019979587620736677,0.06364566353071008,0.028077349672761764,0.17774917389165598,0.17880685188651796,0.05766171498343071,0.05210792315041652,0.0475197333232852,0.061313857273345575,0.0572083502825156
recon_face/3ddfa_v2/FaMoS_180507_03344_TA__selfie__IMG_0711,0.7381036685279642,0.7381036685279642,2700,I,0.01665954630634319,0.010881927154022015,0.0242566593114711,60,0.003563991976761164,0.7107047255794595,4.139733683085069,0.9999222561735857,0.009636672701272718,-0.007913036583692827,-0.009662220792045453,0.9999482097989866,-0.0031967497818728456,0.007881820734581744,0.003272958760919817,0.9999635816582808,-0.0008298539624018819,0.009158263881902565,0.07066973659192183,0.029577403092650646,0.18082725736327962,0.18134902376754963,0.059933148211608174,0.05248301939742359,0.04749490005922964,0.05966180823862945,0.05879448850391241
recon_face/3ddfa_v2/FaMoS_180507_03345_TA__multiview_expressions__IMG_0739,6.541715909197395,6.541715909197395,2700,I,0.019749839598765803,0.014317084178445138,0.026393068612513403,60,0.0033928338857918527,0.6892461513437602,4.112708804896101,0.9998906023967261,0.005026487188734829,-0.013911062693176957,-0.006565863557215832,0.9935817162617352,-0.11292591618460268,0.01325415687473331,0.11300490049960395,0.9935060240323732,0.0002407504921077421,0.020306612556706627,0.06365530202474481,0.029425021671191372,0.1774694601067127,0.17566860063340686,0.05252493829299216,0.055690380571645534,0.04978916968207867,0.06091398430612417,0.05942061073008045
recon_face/3ddfa_v2/FaMoS_180507_03345_TA__multiview_expressions__IMG_0740,5.671794116717679,5.671794116717679,2694,I,0.019057280787909525,0.01377996523652495,0.02444289445207648,60,0.0033761492774880826,0.6848353868449564,4.009005752159283,0.9996640118081673,0.02379235918262055,-0.010285287556715443,-0.024665013469053365,0.9951460963965072,-0.09526743377127767,0.007968726759688186,0.09548911179458384,0.9953985779186701,0.006593736945045462,0.021694794679968987,0.0687133848666431,0.02948263795527408,0.17408087762565133,0.1733447341174023,0.052799564591402344,0.05703305792464957,0.046119586976468833,0.06486623341532785,0.06201149313645472
recon_face/3ddfa_v2/FaMoS_180507_03345_TA__multiview_expressions__IMG_0741,6.377432327305622,6.377432327305622,2693,I,0.019911694544171,0.014388214786038052,0.02497545440181872,60,0.003423135215747948,0.6886828307430036,4.130531050963327,0.9996875960154596,0.021950092772169853,-0.011954237747498573,-0.023115195015571285,0.9938695035278786,-0.10811613069583607,0.009507793236218996,0.10835867932260924,0.9940663954099027,0.009528776284712725,0.022047344133101957,0.07014879956566092,0.029835021166911724,0.17525374139276498,0.1759966849012597,0.05358486567018624,0.05752830007518783,0.048301057715990296,0.06186326201875576,0.06141835378649013
recon_face/3ddfa_v2/FaMoS_180507_03345_TA__multiview_expressions__IMG_0743,0.8643610436247315,0.8643610436247315,2702,I,0.01579584619098002,0.01107179100471782,0.022438870953707758,60,0.0034653147368752923,0.7033685586719833,4.016206984873861,0.999896901014776,0.013220255090933398,-0.005604658453405335,-0.013246031553133806,0.9999017452348963,-0.004587213130173647,0.005543463641268159,0.0046609796758730546,0.9999737722957135,-0.022725380902279768,0.01630882290645576,0.07362479515683643,0.027331975123405627,0.17877156133302885,0.1821003719986577,0.05696211051789131,0.05162487264575637,0.048764948504414415,0.05800499043442121,0.06025331756894256
recon_face/3ddfa_v2/FaMoS_180507_03345_TA__multiview_expressions__IMG_0744,1.1092993345800164,1.1092993345800164,2711,I,0.01572864268100845,0.010803944134627168,0.01928700843737229,46,0.0034529460555863135,0.7008884788502283,3.878866815008223,0.9998701283575341,0.011726516415542577,-0.01105509977540432,-0.011844443063257859,0.9998729994985477,-0.010662740843637409,0.01092865896665164,0.010792297555819388,0.9998820384058597,-0.012959237035786223,0.015253421566423161,0.06547393790225844,0.02632930422785802,0.1759970405474081,0.17827494158881352,0.05774377631125938,0.04877741212523089,0.049622793896192355,0.055985963589016675,0.060640306163605974
recon_face/3ddfa_v2/FaMoS_180507_03345_TA__multiview_neutral__IMG_0725,0.6371090523493972,0.6371090523493972,2701,I,0.015398061677708803,0.010045397197558308,0.020477387946240655,60,0.0033868911509504595,0.6943377296219753,3.938236732967198,0.9999628434796429,0.005609743319630553,-0.00654541366112056,-0.005655578090439341,0.9999594699183157,-0.0070052092862936755,0.006505850948973773,0.007041967095186486,0.9999540412453265,-0.021006034207621368,0.015778576214656996,0.07230275122904428,0.026608176187802375,0.15948442848777275,0.17857120674014942,0.05636125128198323,0.054349743609012416,0.04990888904444861,0.05768859653249832,0.0627575020445159
recon_face/3ddfa_v2/FaMoS_180507_03345_TA__multiview_neutral__IMG_0726,1.5114724687033452,1.5114724687033452,2704,I,0.015821622145646138,0.011019191750084237,0.0226342411425791,59,0.003455304716812423,0.7000535430060977,4.068298606900498,0.9997833328462472,0.020384263860649,-0.004215346926336093,-0.020449890667685853,0.9996602658295201,-0.016160287538670357,0.0038844992636925695,0.01624298951893535,0.999860528252295,-0.015228104239519317,0.014125669148914041,0.07461502324924957,0.026924415567898718,0.17982370829039815,0.18075713425151127,0.059127056018716824,0.050413056572932644,0.05015530109837325,0.05691324243801629,0.060293060693812975
recon_face/3ddfa_v2/FaMoS_180507_03345_TA__multiview_neutral__IMG_0729,0.8179961494413258,0.8179961494413258,2699,I,0.016266321587135764,0.01096558808212744,0.023017119199604776,51,0.0034580864282548556,0.7086490134972877,3.8966188488993794,0.9998980945435758,0.009770227683964553,-0.01040880296339272,-0.009771295898355977,0.9999522584082958,-5.177466091726598e-05,0.010407800180346096,0.0001534768784994791,0.9999458256026943,-0.0028524266833945666,0.012063487416923514,0.06532263966060753,0.027514431700037336,0.1745390468947435,0.176940052909392,0.05670777568804337,0.05059694357606334,0.04497911227005414,0.058985258103144735,0.05864016128608244
recon_face/3ddfa_v2/FaMoS_180507_03345_TA__multiview_neutral__IMG_0777,0.5595720733175349,0.5595720733175349,2709,I,0.015684732298119074,0.010581754839791789,0.021506912613547743,60,0.0035178412586654288,0.706230004227276,4.007174941943958,0.9999548251184294,0.006669715093305722,-0.006772194839603459,-0.006684889281257421,0.9999751905056734,-0.0022205018439433507,0.006757216710210739,0.002265672905729004,0.9999746030518054,0.009656749399402871,0.012325606421585235,0.07559310859657639,0.026311148763927282,0.17765983017732087,0.18110586094066186,0.058859355942274406,0.05000769464783082,0.04651377612986449,0.0595376282556929,0.057234728068690836
recon_face/3ddfa_v2/FaMoS_180507_03345_TA__multiview_neutral__IMG_0778,1.5135404293968941,1.5135404293968941,2703,I,0.014307978642048873,0.00920416583057986,0.018067074492467347,55,0.003467660043895771,0.6996103586501996,3.906729974085465,0.999903563388294,-0.0009155991728101371,-0.013857330246017398,0.0012267314043984418,0.999746973605211,0.0224607189841198,0.013833258959981262,-0.022475552170678474,0.9996516845887717,0.010145807149263865,0.01261607462698281,0.07816625809536618,0.025984965754667765,0.1785192058765161,0.18255777055265734,0.0585584689611933,0.05083632117247833,0.051074924733469175,0.059513211216699516,0.058386163455310794
recon_face/3ddfa_v2/FaMoS_180507_03345_TA__multiview_occlusions__IMG_0748,1.3051709873766286,1.3051709873766286,2697,I,0.015385685300249159,0.01070317624866705,0.018448240381742677,60,0.003431757639123728,0.6940126822055274,3.955968159949407,0.9999363095281413,0.009644276075932327,-0.005862152012042981,-0.009758375486146739,0.9997571842078713,-0.019757194452159215,0.00567018475117608,0.01981314118761202,0.9997876216683058,-0.021941199417301063,0.018531492897499974,0.0814061156078352,0.025692385552770182,0.1777976180706884,0.18048888398190224,0.05576864397776701,0.04948763184795604,0.05005492025817483,0.05790584806175761,0.05986097328140479
recon_face/3ddfa_v2/FaMoS_180507_03345_TA__multiview_occlusions__IMG_0749,2.0589620200851813,2.0589620200851813,2703,I,0.016092291871721846,0.011265911530271707,0.02391003480704685,60,0.003406432372616728,0.6904077796536228,3.9479474490508437,0.9998442958751981,0.015877438347645184,-0.0077000621650971405,-0.016110667583486504,0.999382141379008,-0.03123750762661116,0.007199333013830648,0.031356696959739284,0.9994823295886381,-0.020134095321039745,0.01960377194806657,0.06940470158099268,0.026617120856874208,0.16341018341872077,0.17840201514284815,0.05507815973892802,0.052205110293043235,0.04951696537010961,0.05815484126785736,0.06021997624158791
recon_face/3ddfa_v2/FaMoS_180507_03345_TA__multiview_occlusions__IMG_0750,1.6355734056027633,1.6355734056027633,2708,I,0.015377418334142303,0.010075924888461216,0.021422146082670575,60,0.003402587190670625,0.7056044765864256,3.9371185591444373,0.9995934339829858,0.028163808727329973,-0.004445966269796527,-0.02816957340576775,0.999602390532942,-0.0012393445701563296,0.004409293848096287,0.0013640816679672944,0.9999893486477566,-0.014555803498158222,0.016234747348570333,0.0650590736897271,0.026463539951726678,0.17775425077741008,0.18064196090426118,0.05636334402421488,0.04971318785298267,0.048763338231323734,0.05652932017021308,0.06004160373136899
recon_face/3ddfa_v2/FaMoS_180507_03345_TA__multiview_occlusions__IMG_0762,1.0677250776900207,1.0677250776900207,2698,I,0.016737969748100275,0.010691228137906203,0.023272449878187034,51,0.0035339415203618583,0.7155379850004789,3.9306620999705046,0.9998713212467308,0.015535470449652452,-0.003998763086944868,-0.015572688923567158,0.9998340710375835,-0.009451018574873724,0.003851273556545835,0.009512073923218296,0.9999473426844396,-0.00019399466687290842,0.011362719955801404,0.06002002614606725,0.027559363130056178,0.18129258853192487,0.18223407055374002,0.05527661393404351,0.04901534363830763,0.04334104987995739,0.06094027529216004,0.05645679422654764
recon_face/3ddfa_v2/FaMoS_180507_03345_TA__multiview_occlusions__IMG_0764,1.0368969186666654,1.0368969186666654,2698,I,0.016574456718450075,0.011070294780740848,0.023109705249691477,60,0.0034919335052610782,0.7042108726653712,3.9677871260792017,0.9999322364853352,0.010498901017989736,-0.005029464668387957,-0.010567578505497704,0.9998485333671224,-0.013828832493877374,0.004883515328761884,0.013881044666307693,0.9998917280770983,0.009000912081138297,0.013339326215759228,0.07161260283902554,0.027812527932019698,0.17630371284752464,0.18100449400556964,0.056373403279442603,0.052100950005036346,0.044428830982381644,0.05948083428299182,0.05675298774757807
recon_face/3ddfa_v2/FaMoS_180507_03345_TA__multiview_occlusions__IMG_0765,0.8534527856099335,0.8534527856099335,2700,I,0.01577541622344388,0.010052673077284554,0.023652539027150404,51,0.003514856650554578,0.7069496119528639,4.019650787813589,0.9999139736285538,0.005494568885813253,-0.011910291982808742,-0.005410363215226854,0.9999602240345596,0.007090720600442501,0.011948778692235604,-0.0070256716058519735,0.9999039286982777,0.012239393568642447,0.011503978752147669,0.0778949670365798,0.02780258169173271,0.1796735041587287,0.18236630096878834,0.05940576545792923,0.05228671157430357,0.05017064101585735,0.06121993695873861,0.05845655256367952
recon_face/3ddfa_v2/FaMoS_180507_03345_TA__selfie__IMG_0757,3.9378997048497535,3.9378997048497535,2704,I,0.018373022223128282,0.013006186437880674,0.024065261942870942,60,0.003430202537939996,0.6978875714849562,4.008783276192844,0.9998271294584739,0.01512016115198786,-0.010820902252839316,-0.015802540593778718,0.997692272773894,-0.06603338972098846,0.009797495068106048,0.0661929722402603,0.997758738130812,-0.0021279920504261355,0.015438569777192886,0.06426458888127226,0.028915972076497678,0.18289940245024475,0.1816182959093152,0.05464430276400298,0.05174365162152257,0.047329854331584424,0.061203660870138385,0.05932407099115553
recon_face/3ddfa_v2/FaMoS_180507_03345_TA__selfie__IMG_0758,2.476975735306869,2.476975735306869,2708,I,0.01717997886581905,0.011772973493557316,0.02059285700684555,60,0.0034450990218068346,0.698225297842886,4.02504861401394,0.9997687391307915,0.021498287086181796,0.000540286208450225,-0.021462912994993522,0.9990661142848799,-0.03749990204629871,-0.0013459653027731013,0.037479633670471926,0.9992964852521655,9.935028750696168e-05,0.012822828963331694,0.06783490078834073,0.027262936469342625,0.17903198660074718,0.17998396174832224,0.05847738487056207,0.05142745738807347,0.05180945605153774,0.05902956236261808,0.057680684628532715
recon_face/3ddfa_v2/FaMoS_180507_03345_TA__selfie__IMG_0780,3.0083392939551965,3.0083392939551965,2707,I,0.016979358883540654,0.011690999227377501,0.023758423848900815,60,0.003435465985984515,0.6988437525301789,3.969766893889755,0.999776612490357,0.021084904903331224,0.0014669364422154254,-0.020990076152394038,0.9986238536989704,-0.048060540223093404,-0.0024782696432632694,0.04801901299106811,0.9988433473628079,5.742625736572014e-05,0.01211331257606519,0.06446630376742593,0.027855474571347384,0.17912375646259945,0.17826498858363243,0.05445005986134053,0.051580863868414845,0.04921662175604333,0.059214762857929294,0.05884742369412338
recon_face/3ddfa_v2/FaMoS_180508_02474_TA__multiview_expressions__IMG_0804,1.1386051494813807,1.1386051494813807,2700,I,0.01756709731522952,0.011975141714885217,0.02426145426679146,46,0.0035491395480244784,0.7158181877360136,3.9338831729255617,0.9998403686076772,0.0021506195598781966,-0.01773730920892203,-0.001996273123933921,0.9999600317737608,0.008714915297052333,0.017755342747435215,-0.008678115609325032,0.9998046999856485,-0.014894795156367248,0.012310421673337762,0.06790934201026591,0.029696325760718026,0.17827288308669575,0.18123979663097747,0.05911416556158456,0.05478941003815939,0.043882287566219716,0.05781973478866885,0.06051914472885562
recon_face/3ddfa_v2/FaMoS_180508_02474_TA__multiview_expressions__IMG_0806,0.6998812883585486,0.6998812883585486,2698,I,0.017386397362875606,0.011944994410128975,0.022515987955329112,60,0.003518258835024151,0.7101156686841721,4.019924892112613,0.9999287205044741,0.008583437942633883,-0.008299307403011024,-0.008604813395048226,0.999959743590725,-0.0025433018711410247,0.008277143028915178,0.0026145345773776214,0.9999623258464404,-0.008918136594683334,0.01107524038725042,0.0683132331288917,0.028677494179289605,0.1808197749509393,0.18220230935877924,0.056602743751163295,0.05183840042207131,0.042934272962942326,0.05775313304799584,0.059893176856471594
recon_face/3ddfa_v2/FaMoS_180508_02474_TA__multiview_expressions__IMG_0807,0.8542354814006713,0.8542354814006713,2692,I,0.016968105700051393,0.01186654566868336,0.023703403751742607,53,0.0034949370081029736,0.7083006555589141,3.900469390908256,0.999942985816815,0.0077550646516234235,-0.007340578178973114,-0.007831019560916393,0.9999155063553703,-0.010375706372027407,0.007259493673047756,0.010432599020911768,0.999919227052505,-0.0004434814802517607,0.013162320084507552,0.07067116553429961,0.027870445076875035,0.17631732247169216,0.17649431300597207,0.05746700695232632,0.054003367858293044,0.043661562627059045,0.05991330353684888,0.057964539887972316
recon_face/3ddfa_v2/FaMoS_180508_02474_TA__multiview_expressions__IMG_0808,1.0609595110669836,1.0609595110669836,2696,I,0.017287384517657454,0.011858089563366422,0.023450706229679024,60,0.003516830235926071,0.7086636271861506,4.04601458995603,0.9998576099606838,0.015656868841207275,-0.006294621656511507,-0.01570439431731655,0.9998479992679056,-0.007573001986838532,0.006175095370569343,0.007670776887359491,0.9999515125140364,0.0040695030653908355,0.011865567440395575,0.0676085295627078,0.028462822744052887,0.17942771343162575,0.18142308739961927,0.058798412495068154,0.051085488591453114,0.04544244187671642,0.06009738181226217,0.057970081907776486
recon_face/3ddfa_v2/FaMoS_180508_02474_TA__multiview_expressions__IMG_0809,1.7852969796162903,1.7852969796162903,2698,I,0.017980683218441425,0.01265747597986477,0.023046232367691388,60,0.003493204853405466,0.7030889893085931,4.051697456045076,0.9997485770209444,0.021116297445332565,-0.007542196417318387,-0.021274515392205998,0.9995413337848892,-0.021552657616908128,0.007083624737657978,0.02170769535729457,0.9997392651200867,0.007115088435673312,0.015026923031435546,0.06860458122515312,0.028725271696332842,0.1785615644635255,0.1789348704356986,0.05510732514607725,0.05134029644278186,0.042641183778103324,0.06094781617465895,0.05852281341746416
recon_face/3ddfa_v2/FaMoS_180508_02474_TA__multiview_neutral__IMG_0782,2.1167775777789095,2.1167775777789095,2696,I,0.015925524664234053,0.01102941876643716,0.02278934426993458,48,0.0033857030177051025,0.6807160962309426,3.8278549751266837,0.999889832284529,0.002010554416480571,-0.014706493972189915,-0.0025068571293108775,0.9994252367472616,-0.03380697886551503,0.014630070449212133,0.03384012150714804,0.9993201725248181,-0.025370103816752882,0.023191797412369805,0.07866619200741601,0.02805505470575938,0.17012342937548103,0.17275142090699813,0.05409887787477711,0.0551716393587599,0.04548201006303095,0.06166083655105987,0.06431324660691477
recon_face/3ddfa_v2/FaMoS_180508_02474_TA__multiview_neutral__IMG_0783,0.8759646971908133,0.8759646971908133,2699,I,0.01761508784022158,0.01193460456582957,0.023121408554407506,52,0.003540845798977396,0.7139912629194224,3.980293347965926,0.9999352024071297,-0.002207057581262594,-0.011167805686263767,0.0020929773051126233,0.9999456198182856,-0.010216499019972243,0.01118974678057728,0.01019246305157869,0.9998854450705483,-0.028466268860343202,0.018019332891281194,0.06793594073166784,0.02902814585830522,0.17757744749608453,0.17839396712591077,0.05691308611317554,0.053275958050386596,0.04500455832468656,0.05708095991054993,0.061921556831780876
recon_face/3ddfa_v2/FaMoS_180508_02474_TA__multiview_neutral__IMG_0784,0.7983332666079914,0.7983332666079914,2706,I,0.01899826577165865,0.013204020623373003,0.025641267314667086,60,0.003642391525311038,0.7349378741323959,4.194132326170802,0.9999098490437618,0.010358014376605398,-0.008544315271318891,-0.010389728442274874,0.9999392694863487,-0.0036757151686952366,0.008505723260102075,0.003764156914852128,0.999956740961599,-0.009244485701735552,0.00845341298455507,0.06031978336875136,0.03070556387379496,0.17730524534689623,0.18139983462385673,0.05836305341946873,0.05134334383234568,0.04599075687874657,0.05800068012813779,0.05872452547249946
recon_face/3ddfa_v2/FaMoS_180508_02474_TA__multiview_neutral__IMG_0785,1.8428386375619659,1.8428386375619659,2697,I,0.018014173680399734,0.012870192450389025,0.024356047923496413,54,0.003520107378786659,0.7118354319311535,4.000485694035888,0.9999422715984633,0.00446803402181117,-0.009771905775516546,-0.004762178853382979,0.9995298719919432,-0.030287896069866694,0.009631984378830125,0.03033268316108195,0.9994934483072794,0.0007124125946228804,0.012711244614736793,0.06793495118680831,0.029235235361941378,0.17595311420510015,0.1782972253527793,0.05512989558654173,0.051802285044366514,0.045227789744564185,0.061382441038639865,0.05793541622240946
recon_face/3ddfa_v2/FaMoS_180508_02474_TA__multiview_neutral__IMG_0891,3.1786531145824206,3.1786531145824206,2700,I,0.01693022682145328,0.012238361720374742,0.024530994095777928,60,0.0034135988886593457,0.6879233602092155,3.992123736999929,0.9998939489232136,0.01218010028019037,-0.007983486951599809,-0.012589825341571888,0.9984907908767076,-0.0534568688970492,0.00732032817642572,0.053551710444878595,0.9985382451883438,0.00605508270980679,0.016335075077213462,0.07417080596571382,0.02700221516094573,0.1721288514637949,0.1798546965662821,0.05587700048278366,0.05222265967420585,0.049589751153845285,0.06143641187190078,0.05903210244993728
recon_face/3ddfa_v2/FaMoS_180508_02474_TA__multiview_neutral__IMG_0892,3.778072878552379,3.778072878552379,2701,I,0.01695386498717044,0.011967144755806645,0.02379154203581789,60,0.003404595154211834,0.689614524003593,3.987087447894737,0.9998643930879407,0.005857415338087323,-0.015391105237785403,-0.0068275467670641885,0.9979422297746394,-0.06375492637878372,0.014985994796041962,0.06385136426089691,0.9978468936876012,0.008850902031015205,0.0184022669375441,0.07370665749630992,0.027335823454361138,0.17514644443859212,0.17632933546512627,0.053762892861621406,0.05315825203329756,0.04692704256287742,0.06167484977203297,0.059055513820067164
recon_face/3ddfa_v2/FaMoS_180508_02474_TA__multiview_occlusions__IMG_0811,2.9997684850374013,2.9997684850374013,2698,I,0.017616055543844437,0.012605364626363087,0.0240794231322052,60,0.003410062411794705,0.6917552030095997,4.012600025860593,0.9997657348440078,-0.018858097786823826,-0.010622974144949681,0.01833044003103423,0.9986910194366682,-0.04775188650531525,0.011509578623491709,0.04754597611165891,0.9988027381597927,-0.021398878525048824,0.0213682733749192,0.06606032436177123,0.027379078358927073,0.17523332103094572,0.17701947983156202,0.05348866860737281,0.052815260810691995,0.04644659907580889,0.05943526653220267,0.06209769644711659
recon_face/3ddfa_v2/FaMoS_180508_02474_TA__multiview_occlusions__IMG_0812,0.8795295541573018,0.8795295541573018,2699,I,0.016586498739173363,0.011896037925059706,0.02240507249886354,60,0.0034026127166559613,0.6923234281901698,3.954870007932186,0.9998893182867112,0.0087611983551291,-0.012024665463868866,-0.008806569744559576,0.9999542816552892,-0.003725443408306893,0.011991476367407177,0.003830927124910312,0.9999207611065454,-0.013651528507734184,0.019257299284172615,0.061752797237147654,0.027110258902468373,0.1783881688371004,0.18257948951761083,0.05559841545506516,0.051976119598313206,0.04284073563016323,0.058115932406148776,0.06008351085982913
recon_face/3ddfa_v2/FaMoS_180508_02474_TA__multiview_occlusions__IMG_0813,0.7421743894319429,0.7421743894319429,2705,I,0.01627754334413347,0.011244250639468482,0.02230022500187507,60,0.0034493653517240646,0.7084885045735869,4.008500102907419,0.9999181876064612,0.00986058723787593,-0.008147816464157125,-0.009877191572621217,0.999949218920999,-0.002000166473140295,0.00812767989324695,0.002080480378848587,0.9999648055911501,-0.004569365520592842,0.018205967850695053,0.05922226462742682,0.02810858868940996,0.18065746334942537,0.1824627468101856,0.05836999846611998,0.051205578234106305,0.04669403236817791,0.05872965237158787,0.05863864541720565
recon_face/3ddfa_v2/FaMoS_180508_02474_TA__multiview_occlusions__IMG_0814,2.862671990418665,2.862671990418665,2697,I,0.018560655684760417,0.01356197620632458,0.02423453845611293,60,0.003471009726239874,0.7014381871684651,4.048583631170914,0.9998874835560092,0.013696601565492643,-0.006117461367894768,-0.01397248723822193,0.9987688657489718,-0.047597504250641826,0.005458005900442529,0.04767762489961397,0.99884786341841,0.002462031808378699,0.015569557114043557,0.06725322513843562,0.02951041314432109,0.17802351796126578,0.1782895709711215,0.05627968483774681,0.05088445851934364,0.04660783590628848,0.062116186926675886,0.060016321120576456
recon_face/3ddfa_v2/FaMoS_180508_02474_TA__multiview_occlusions__IMG_0815,2.8951476662309066,2.8951476662309066,2699,I,0.016822126949813884,0.011489240677933025,0.023347506663214303,57,0.003397604443735896,0.6982229066050517,4.002938061021268,0.9997897088835568,0.017789341670296614,-0.010201829907943811,-0.0182413448294199,0.9987715494707768,-0.046072174970993605,0.009369703802541667,0.046248581499123864,0.9988860182022629,0.0042761681044352785,0.02203817095609517,0.06515413327135566,0.027019888908929274,0.17893373860804035,0.18232637152581282,0.05381785162136981,0.05163620054756745,0.04735225147097636,0.06088380582796754,0.06066175450111608
recon_face/3ddfa_v2/FaMoS_180508_02474_TA__multiview_occlusions__IMG_0816,2.9572167903518998,2.9572167903518998,2699,I,0.017150939374375698,0.012111050853522667,0.023001420921423873,41,0.0033881263502358763,0.6927925299635643,3.849131072172895,0.9997825022302363,0.019189678037452494,-0.00816728174275185,-0.019553747064927993,0.9986980771490666,-0.04711477129815706,0.007252531280001116,0.04726422490188246,0.9988560926552218,0.0060945511061682766,0.01920701801936281,0.06827124584957694,0.027551707954766965,0.17597129386201588,0.17736898112621682,0.05523839494488554,0.0526220839025613,0.047390665687491666,0.06247840217549301,0.059439567929692357
recon_face/3ddfa_v2/FaMoS_180508_02474_TA__selfie__IMG_0874,2.151895863649779,2.151895863649779,2695,I,0.019288258434955213,0.013875062373239924,0.026351689310907624,50,0.0036161637033576563,0.7224168679505089,4.098370474996045,0.9999615206669777,-0.0010415078071809576,-0.008710479141437424,0.0007227872419259831,0.9993328837931565,-0.03651390075377462,0.008742697752338484,0.03650619990003304,0.999295182918876,-0.0010637047493298848,0.010025728114307554,0.0654437672099524,0.02977189623231769,0.17635684512514915,0.17956464298312375,0.05662274088491648,0.05026670269615353,0.043087456764395904,0.06106292426351551,0.05972867547835628
recon_face/3ddfa_v2/FaMoS_180508_02474_TA__selfie__IMG_0905,1.1381980196484662,1.1381980196484662,2692,I,0.017452897193494462,0.01231991420889894,0.024128792805996585,60,0.003529910440010206,0.708531555415328,4.084066240116954,0.9999286697293713,0.006876488693119314,-0.009765723552529651,-0.007030633004853996,0.9998498432385834,-0.015838597644080493,0.00965534322549373,0.01590612709094876,0.99982686974704,6.320586216135651e-05,0.012970319378935627,0.06956889382855744,0.028792765760709455,0.1760207394725497,0.17727580299876564,0.056476757834407115,0.050824184279701194,0.04512514758880455,0.06090653484365003,0.059629679772217226
recon_face/3ddfa_v2/FaMoS_180508_03229_TA__multiview_expressions__IMG_0967,8.111431328875934,8.111431328875934,2695,I,0.020247821262619956,0.014689195576159374,0.025556814213505842,31,0.0033681314652235167,0.6850648456740194,3.8749580879230052,0.9999698821025705,-0.0071018097410851235,-0.0031303651819650897,0.006589940774560647,0.9900020932845617,-0.1408986443255363,0.004099703447667311,0.14087377183346664,0.9900190770086473,-0.008075646702292893,0.023812866291778964,0.059064602044133586,0.029968078824492046,0.17562451778914032,0.17340951266272056,0.050955694006116305,0.05733941419054308,0.048486877808983295,0.06401445960619521,0.06621172830464186
recon_face/3ddfa_v2/FaMoS_180508_03229_TA__multiview_expressions__IMG_0968,8.723452768433006,8.723452768433006,2697,I,0.020300245117499296,0.014312000523805074,0.04038214164028869,36,0.0033682475485040013,0.6803230543414132,4.08053176687099,0.9999622741953842,0.0031861886152601566,-0.008080741803986678,-0.004373042127753604,0.9884624302104159,-0.15140310619359088,0.007505110828202509,0.15143273181392117,0.9884390730069458,-0.004656367124692101,0.021426976029736172,0.057906380113213994,0.029210029805082662,0.17302084419584357,0.16983289580468358,0.05056868657578558,0.05686258752640648,0.051561621701508215,0.06327531513362039,0.06362162873413743
recon_face/3ddfa_v2/FaMoS_180508_03229_TA__multiview_expressions__IMG_0969,6.6245551169058245,6.6245551169058245,2694,I,0.01901345445522318,0.013284171952060782,0.02467326176143433,41,0.00334891671501871,0.6884859310973778,3.8567119280342013,0.9999292579205183,0.007312880907514703,-0.009380880947622112,-0.008341066316677135,0.993363424756885,-0.1147150075969706,0.008479726836505221,0.11478513896887846,0.9933541493871524,-0.001243820653139549,0.020203830936086326,0.05897311157111596,0.02850144845664923,0.17295597875586113,0.17305001241012302,0.05044537195297729,0.05636731118246077,0.04781687819124466,0.06274309740430761,0.06275736498406476
recon_face/3ddfa_v2/FaMoS_180508_03229_TA__multiview_expressions__IMG_0970,3.9720926823036438,3.9720926823036438,2698,I,0.017929084693046386,0.012691090940385197,0.02407772563487493,60,0.003410771222831273,0.6941131381594509,4.02832978987135,0.9999186782910343,0.005914326556095227,-0.011298563895347493,-0.0066699272011683285,0.9976594110065402,-0.06805300655528271,0.010869630897160107,0.06812283296714912,0.997617727765846,0.004752923942137854,0.02018345650059268,0.06464458503048298,0.028129919229797667,0.17807329658738993,0.17747690978504735,0.054308334305281446,0.054926137807565986,0.04669198202973143,0.064264886893497,0.05912283385866945
recon_face/3ddfa_v2/FaMoS_180508_03229_TA__multiview_expressions__IMG_0993,2.4403876567062888,2.4403876567062888,2704,I,0.01668991456144922,0.011324860134493485,0.02258635780308332,60,0.003412009468197679,0.7004371396835736,3.9730548039078712,0.9999103689747132,0.008360550340196605,-0.010457304378389713,-0.008776432084212457,0.9991459686819909,-0.04037706658980875,0.01011079901513506,0.04046522537359302,0.9991297900066538,-0.015145693394397548,0.023182902400338004,0.05546360755338985,0.027003144413967686,0.17439927669381927,0.1773721023116475,0.05523368745934099,0.05196286331369273,0.04603315153471922,0.05801169306324202,0.06091957042363774
recon_face/3ddfa_v2/FaMoS_180508_03229_TA__multiview_expressions__IMG_0996,2.054965920086285,2.054965920086285,2698,I,0.01653708023597353,0.011531295011067998,0.02260359111543004,60,0.0034232319517965982,0.6983130578342353,3.9749781370628625,0.9998549538921879,0.009802167889686198,-0.013927981975620523,-0.010236835904312475,0.9994517215410152,-0.03148751338815217,0.013611699670466751,0.031625524712853195,0.9994070981430527,0.002691658584825486,0.019954824050987308,0.06838050800338413,0.02835956853042122,0.1777584085584679,0.17731283165791153,0.05589837255119588,0.05472923882719311,0.045950282134047116,0.06088449437236765,0.05906001670445413
recon_face/3ddfa_v2/FaMoS_180508_03229_TA__multiview_neutral__IMG_0952,0.6764673772226165,0.6764673772226165,2691,I,0.015982762221460528,0.010949266907150723,0.02156825931110789,60,0.003376486702616119,0.6802698477467767,3.8022582111880183,0.9999575795540117,0.009210408586091559,8.640693640792689e-05,-0.009209519150117983,0.9999303103591091,-0.007386418764093541,-0.00015443284954491814,0.007385309662579849,0.9999727163036414,-0.026544793792031902,0.023164190489746106,0.08219288372200945,0.027980963929540206,0.1668845332032205,0.170633664938894,0.0517532503927925,0.05377218020971218,0.04322683749663116,0.06089579443168236,0.06694367820231274
recon_face/3ddfa_v2/FaMoS_180508_03229_TA__multiview_neutral__IMG_0957,0.9303838048242188,0.9303838048242188,2696,I,0.01592893405356022,0.010599375840445858,0.02223624373296371,60,0.0034942362295129724,0.7058063995353019,3.9632482670713216,0.9998682192890903,0.013336054976792478,-0.009257088814550493,-0.013332930003124448,0.9999110328467306,0.0003992103661596169,0.009261589129101537,-0.0002757336407365296,0.9999570725474985,-0.01180892962923442,0.013340655225555297,0.06909564997061401,0.026993377858815577,0.17733591070419333,0.1781526654216959,0.05491491515246826,0.04981018510454285,0.04421446745340538,0.0588547468076792,0.05938835014222546
recon_face/3ddfa_v2/FaMoS_180508_03229_TA__multiview_neutral__IMG_0958,1.1603767881487579,1.1603767881487579,2701,I,0.015744343908659957,0.010807564220049705,0.021560236301468288,60,0.003444272219673711,0.6937568280075141,3.967924370896071,0.9998578164481623,0.015282802481893903,-0.007126207673869281,-0.015361763985196796,0.9998197125799405,-0.011160579905548085,0.006954357969993064,0.011268464175051916,0.9999123254667684,-0.006003891436676727,0.01498485960858268,0.06835207003509283,0.02718758222419706,0.17798930598586507,0.18177854378851918,0.056795051659783456,0.050536406353520906,0.04618700650944542,0.059036671133001914,0.058862956833072716
recon_face/3ddfa_v2/FaMoS_180508_03229_TA__multiview_neutral__IMG_0987,1.248115838410841,1.248115838410841,2694,I,0.015455232604779592,0.010542177731708038,0.022961565809839157,60,0.0034201616162226087,0.6962108817208189,3.9117457310203463,0.9999703246103079,0.0012084663095663678,-0.007608515488111981,-0.0010531949678921938,0.9997917798428395,0.020378609840862573,0.007631558105249776,-0.02036999184744902,0.9997633833827987,-2.00055807842998e-05,0.01589235913506585,0.07112819715186972,0.02617388865754541,0.1741680576940398,0.17676689378797333,0.05542766189434499,0.05091833173057033,0.044766042779943276,0.05936764980449155,0.05867391372463444
recon_face/3ddfa_v2/FaMoS_180508_03229_TA__multiview_neutral__IMG_0988,0.624102809608296,0.624102809608296,2695,I,0.016485481602191654,0.011487542666097379,0.02220807670376565,60,0.003467958972933545,0.701785320292087,4.011202516965568,0.9999409117772835,0.006546140140690396,-0.008678767382203493,-0.006552102337880061,0.999978317778632,-0.0006587317893631674,0.008674267056639609,0.0007155570381273776,0.9999621218171993,0.004803054825148565,0.013652254248260769,0.07095566760936686,0.02806875474069681,0.17772656653670874,0.18172623996135373,0.05505197709870078,0.04983512291585805,0.044163151882625075,0.0599156887612996,0.059232796078093335
recon_face/3ddfa_v2/FaMoS_180508_03229_TA__multiview_neutral__IMG_0990,0.8742118802143661,0.8742118802143661,2696,I,0.015766735722201462,0.010923537793904476,0.023154205876893364,60,0.003451756424897314,0.704052865798915,3.904147322056815,0.9998857273906827,0.00719412511547336,-0.013295740830394124,-0.0072215302418175585,0.9999718955807112,-0.0020143360411853024,0.013280875775814174,0.002110121452243964,0.9999095787750435,0.011808150388655934,0.016041703780591825,0.07301997024750298,0.026725898033290604,0.17285742031538018,0.17712820772598942,0.05664489855985363,0.053194987489293834,0.046283152173126486,0.05995050792553768,0.05735434056941038
recon_face/3ddfa_v2/FaMoS_180508_03229_TA__multiview_occlusions__IMG_0947,3.4498456547344922,3.4498456547344922,2697,I,0.018252482736211134,0.013419248512819946,0.024842130115785586,60,0.0034182612161490376,0.6923400080460467,3.9686006559059024,0.999962542218525,-0.007726995416044332,-0.003899705335687936,0.007481051825743273,0.9981963763339757,-0.059565326636389804,0.00435293274072851,0.05953392155367966,0.9982167921654068,-0.022149989790752386,0.024222305280081638,0.06319925096928941,0.029120962579287882,0.1749788050156702,0.17609005552443452,0.053570206342075447,0.0538535963589556,0.04502802874484548,0.05858726100698828,0.06332951842399984
recon_face/3ddfa_v2/FaMoS_180508_03229_TA__multiview_occlusions__IMG_0948,2.598997829632754,2.598997829632754,2697,I,0.018327218867062036,0.012964697065032699,0.023784706387142796,60,0.003435928820163192,0.7003108175238767,3.971869810950011,0.9998789026941332,-0.005524907014511609,-0.014548379623070005,0.004900199052890753,0.9990788680502636,-0.04263101528987423,0.014770511041193084,0.04255456283272618,0.9989849554351143,-0.011046451428949375,0.01676167821081733,0.061621541026431366,0.02904675701477825,0.17751847593341907,0.1785996932089074,0.054415694017403725,0.052447217131924705,0.04427085631166175,0.059361017385699016,0.060500301058888095
recon_face/3ddfa_v2/FaMoS_180508_03229_TA__multiview_occlusions__IMG_0949,1.964315780215892,1.964315780215892,2692,I,0.017304699842910307,0.012404496011634165,0.023273548220818983,60,0.0033967442144732783,0.6901161523034205,3.9218212789855897,0.999987076766239,0.0006947648543414242,-0.005036228976983749,-0.0008650850341292818,0.9994249878496464,-0.03389609549222884,0.0050097832682826195,0.03390001421137986,0.99941267307758,-0.0017742355637597913,0.01992419867900659,0.06392617542417056,0.02890359247698594,0.1724360258856817,0.17210423194879274,0.05480084313369199,0.052778081763806516,0.04216517003909147,0.05999573708419154,0.06119821733273257
recon_face/3ddfa_v2/FaMoS_180508_03229_TA__multiview_occlusions__IMG_0950,1.2617101938553523,1.2617101938553523,2694,I,0.017040120101932538,0.011998772843732654,0.023122444512018475,60,0.003474643965836119,0.7047617290058109,4.014438837999478,0.9999513255534491,0.00191766166257117,-0.009678279684364039,-0.0021078139896150384,0.999804196285626,-0.01967552311476604,0.009638653644884863,0.01969496543288185,0.9997595734437913,0.0009346466040920988,0.01524527709275511,0.0678073306286168,0.0280858634499154,0.17815127569606648,0.17959904653428527,0.05530726260157129,0.05210543404068112,0.04393129466283802,0.059899584766220204,0.059453006301204585
recon_face/3ddfa_v2/FaMoS_180508_03229_TA__multiview_occlusions__IMG_0951,0.7668467453138897,0.7668467453138897,2695,I,0.017292628087173377,0.011502805530191725,0.02404616593253512,60,0.0035444805298854164,0.7126300883399938,4.074693985981867,0.999916983308349,0.010702275962054399,-0.007175498642158132,-0.01072817277761765,0.999936041705479,-0.003580336190001998,0.007136721963560301,0.003657018951534585,0.9999678461890679,0.007220639426419079,0.014064459081780618,0.0695552091736304,0.02864646118277453,0.1815275941627529,0.1824528805698534,0.05618209122443651,0.05183663230733321,0.04277679006467648,0.05873886590675958,0.0572304440601913
recon_face/3ddfa_v2/FaMoS_180508_03229_TA__selfie__IMG_0977,1.1180782687993205,1.1180782687993205,2699,I,0.017627587629834265,0.011731653286019782,0.023674309242205958,48,0.0035562915723342703,0.7131801328622304,4.056040310999379,0.9999457360882761,0.006269619712808683,-0.008319660301522506,-0.006406040817686471,0.9998437830271294,-0.016473378009422543,0.008215078813870453,0.01652578018297331,0.9998296910321408,-0.0005953637145415391,0.010022852391531487,0.06838758331665115,0.029253964054806843,0.18622599213966437,0.18780637563304664,0.058131749838953445,0.050593510052688015,0.043614501580754535,0.061794267995213564,0.05821227043332564
recon_face/3ddfa_v2/FaMoS_180508_03229_TA__selfie__IMG_0997,0.7527798756245766,0.7527798756245766,2706,I,0.016429981302672925,0.01064133201687361,0.024622533907542824,57,0.0035389351505906532,0.7091564131398891,4.104556062957272,0.9999422588710677,0.006721854297743094,-0.008384247051810696,-0.006658287149424097,0.999949052956359,0.007586745278190628,0.008434816895564334,-0.007530482486550847,0.9999360708052583,-0.00019901455637469367,0.00921920693548161,0.0686731505695995,0.02789319294545427,0.17992190140109224,0.18104488450200848,0.059553532269198135,0.05251295406190241,0.04696825971693306,0.060945435442337305,0.05823818412216579
recon_face/3ddfa_v2/FaMoS_180509_03346_TA__multiview_expressions__IMG_1015,3.2468924688610166,3.2468924688610166,2706,I,0.016518473139539122,0.01115030243789044,0.022365879921355514,60,0.0033917887391111436,0.6953971886357103,3.9380694639403373,0.9998083933708444,0.012363286520185948,-0.01517648482461549,-0.013152530243899296,0.9985049030597597,-0.05305628627980841,0.014497844439616289,0.0532457295192909,0.9984761914009587,-0.0221019966342263,0.019638201642647665,0.06703211416825816,0.027476189357264955,0.17173911300605021,0.17514717796755894,0.054426147323092255,0.055891219390159536,0.05004930660212075,0.05877274470474889,0.06350450526508816
recon_face/3ddfa_v2/FaMoS_180509_03346_TA__multiview_expressions__IMG_1016,3.0325145330128884,3.0325145330128884,2704,I,0.016656731640176305,0.011539238923588404,0.02320169124448437,58,0.003402681073998869,0.6942711102586587,3.9427991590928286,0.999860847538074,0.015340986496641944,-0.0065528386028317325,-0.015650648196515918,0.9986186822161259,-0.050157599025044866,0.00577432000098763,0.050253175643317625,0.9987198183506164,-0.020109111960793243,0.020621033128264576,0.0650502868430004,0.027590184893789414,0.17680604898294394,0.17615685310728876,0.055245051173482045,0.056728437714423,0.046687774284552015,0.05869573294217735,0.06165470887527752
recon_face/3ddfa_v2/FaMoS_180509_03346_TA__multiview_expressions__IMG_1018,1.5598850746945931,1.5598850746945931,2704,I,0.01739829717960049,0.012343014571185551,0.022480219197075026,60,0.003459510132942274,0.700690168367465,3.9530394461471587,0.9999298613063231,0.01108595696235395,-0.004168216182831328,-0.011184795533546992,0.9996375479268614,-0.02448822418315219,0.0038952300048556935,0.024533127256841702,0.9996914288170164,-0.011036895152574801,0.01825887217361035,0.06170743980652695,0.02805900191296012,0.1756544967347758,0.17644034158391064,0.05495166999540145,0.05098074963648086,0.04188435291742017,0.05758567829542708,0.05990470207915354
recon_face/3ddfa_v2/FaMoS_180509_03346_TA__multiview_expressions__IMG_1020,2.346057641530066,2.346057641530066,2695,I,0.016735938485452396,0.011567018350789531,0.022128434534090333,60,0.003381046668497315,0.6949259527247708,3.92820653389208,0.9999187576848454,0.009880169177907438,-0.008053588455574627,-0.01018599228747375,0.9991927019010092,-0.03886116350395267,0.00766313193905501,0.038940040122954996,0.999212164499666,-0.0008201616310449394,0.018568099637995383,0.06453314472657545,0.027372635005079634,0.17893904376212616,0.17818835219385443,0.053226864379307674,0.051428475644047116,0.04447550221568868,0.05995000932258363,0.06159932818309727
recon_face/3ddfa_v2/FaMoS_180509_03346_TA__multiview_expressions__IMG_1062,3.1366174047475144,3.1366174047475144,2698,I,0.016839805316950035,0.01147377187274203,0.023918667045903057,54,0.0033924094504011073,0.6908277427335956,3.9080109889619052,0.9999252471951154,0.005617295215300939,-0.01086029540350811,-0.0061885479584352435,0.9985592224501997,-0.053302731016522754,0.010545230957804942,0.05336595594681857,0.9985193402483143,8.25039827130641e-05,0.017639635455195243,0.06379719442452769,0.026834386783233622,0.17536330353536894,0.17549034669103217,0.05513144820431019,0.05361225095332108,0.047552052456931365,0.06102451988081037,0.05792759003107964
recon_face/3ddfa_v2/FaMoS_180509_03346_TA__multiview_expressions__IMG_1063,0.6847103807077616,0.6847103807077616,2704,I,0.016955383916128774,0.011331756170000882,0.022116033650911065,60,0.0035062891638062386,0.7141984706522263,3.9926945930346847,0.9999288131610762,0.009088252993709578,-0.007731252667159646,-0.009093367123630612,0.999958458165265,-0.0006265924517968411,0.007725236866013185,0.0006968509654890672,0.9999699171045576,0.010685697403588074,0.016229413889843905,0.06680403445714767,0.02810000860468883,0.1759723231915366,0.17768054119517468,0.055655075581340877,0.05524622934129256,0.04590981106994423,0.0603625812162941,0.05664854829405569
recon_face/3ddfa_v2/FaMoS_180509_03346_TA__multiview_neutral__IMG_1012,1.2768949923981134,1.2768949923981134,2701,I,0.015300830763534121,0.010141116868810054,0.021776222710559068,45,0.003456126467495268,0.7032855825328487,3.849040359025821,0.9998965818358169,0.010282427698637882,-0.010054715991561259,-0.010109769913916754,0.9998031083878071,0.017074454906850237,0.010228303150392892,-0.016971038232844952,0.9998036635639833,0.012087393702066865,0.01616141982603036,0.06909022765495176,0.027290385502770752,0.1784216435318901,0.18097104621686252,0.05834265108903348,0.051919478076856054,0.04526113730859814,0.05989844993280398,0.05634031322298604
recon_face/3ddfa_v2/FaMoS_180509_03346_TA__multiview_neutral__IMG_1013,1.8225174858345643,1.8225174858345643,2703,I,0.01475258693256939,0.00949508809288976,0.0215317282549815,60,0.0034384717012383727,0.6968831219931542,3.908887302968651,0.9999310486444027,0.0030528925205790076,-0.01133921532393682,-0.0027163971937098686,0.9995589283306442,0.029573129370742305,0.011424497502770753,-0.02954028845069827,0.9994983002562126,0.01767655938360858,0.01713565320181608,0.07353180046808333,0.026453152769133386,0.1750990021222827,0.17826086357469625,0.05750058437217812,0.05634346729982639,0.045502067184339814,0.060034801867488614,0.05872783788037852
recon_face/3ddfa_v2/FaMoS_180509_03346_TA__multiview_neutral__IMG_1049,1.6401792856547104,1.6401792856547104,2703,I,0.01553837508115547,0.009823611054149826,0.021114125184629032,60,0.0034859469771120265,0.7037526891892024,3.9726450929883868,0.9999019622141252,0.009525738755139217,-0.01026285834993962,-0.009266551511769899,0.9996441738722754,0.02501312987806649,0.010497475097460395,-0.0249155763406382,0.9996344417196681,-0.024175203552999472,0.014616112622305187,0.07088501420265686,0.0282831526914748,0.17699796182750782,0.18016321034846902,0.05607780997231398,0.050344720313833614,0.04409511379936347,0.05899272340452034,0.06143025037283449
recon_face/3ddfa_v2/FaMoS_180509_03346_TA__multiview_neutral__IMG_1051,2.2617965318989373,2.2617965318989373,2710,I,0.015774265131543404,0.010293417389238143,0.021951742576031733,60,0.0035391657507634253,0.7255380668425258,4.050199687946588,0.9999566146651818,0.008442560761175324,-0.003935982106539783,-0.008285397808248619,0.9992293255541537,0.03836804837036,0.004256873325365437,-0.03833377258221643,0.9992559236297311,-0.011688334508881005,0.015055469023566158,0.05951825754155996,0.027902307688358812,0.177222127016806,0.1830939299854127,0.056646839264982984,0.0507319154558228,0.04627448480063779,0.05788897290186424,0.05805693505998493
recon_face/3ddfa_v2/FaMoS_180509_03346_TA__multiview_neutral__IMG_1052,1.4502060464881343,1.4502060464881343,2707,I,0.015270849980281814,0.010152198084966126,0.021965413091219816,60,0.003450053579901566,0.7023626578034845,4.077039259020239,0.9998353197731794,0.016536751302457686,-0.007474569581214545,-0.016402309810042554,0.9997087328064761,0.017703496359934824,0.007765150800798035,-0.017577980738171007,0.9998153414637171,-0.00616293438345652,0.014375671228278972,0.06369628754817322,0.02811075625727739,0.18335006359847253,0.186613055024783,0.05840204389117227,0.04945869704000349,0.04873328040975043,0.05869964497840578,0.060327380116982667
recon_face/3ddfa_v2/FaMoS_180509_03346_TA__multiview_occlusions__IMG_1032,3.1117818715177985,3.1117818715177985,2716,I,0.015356603910886304,0.009371168493890953,0.020125523657232313,60,0.003553676126668065,0.7120316114019544,4.117720491020009,0.9998136975290034,-0.003941862202915004,-0.018895289247752804,0.004895599826319501,0.998702061532534,0.0506973903964124,0.018670922197994128,-0.050780449122067826,0.9985352986505973,-0.026485579496919095,0.014607835224611537,0.07291186079583023,0.02866695007919967,0.1756813327344857,0.18766276163280537,0.06055921143205121,0.049715033409300544,0.05076174745166718,0.05704914550644163,0.05986539225591274
recon_face/3ddfa_v2/FaMoS_180509_03346_TA__multiview_occlusions__IMG_1033,2.902881070695511,2.902881070695511,2708,I,0.017298258918805508,0.011026768529793929,0.023924444401761228,60,0.003574271428398384,0.7214333862729713,4.132159185130149,0.999708969686608,-0.009855414524287297,-0.022019235515669304,0.01082632428995955,0.9989543410949234,0.044418634715356904,0.021558446848246593,-0.04464409493048506,0.9987703130136225,-0.019307594749214483,0.010492061223943597,0.06593161677419762,0.029445963438610556,0.18175842708754955,0.1845180511765884,0.05891844235282217,0.052470678268736366,0.045520897731784034,0.05818820436726863,0.05932224678522623
recon_face/3ddfa_v2/FaMoS_180509_03346_TA__multiview_occlusions__IMG_1034,2.911293444746171,2.911293444746171,2711,I,0.0148378548234805,0.009392541729639658,0.02188975631601442,60,0.003480030054563738,0.7061201871720275,3.9810617950279266,0.9995066367202082,-0.018153694151378737,-0.025630578239982296,0.01916261244750868,0.9990285530594512,0.03968304998518681,0.024885285540741597,-0.04015462066311231,0.9988835412614214,-0.01278475251829277,0.013152739433457183,0.06322203187242836,0.026797393429680936,0.1801032681883709,0.18194762219445842,0.058532213796709524,0.04854993822167881,0.048243180475386525,0.05563145688764445,0.05810116441816267
recon_face/3ddfa_v2/FaMoS_180509_03346_TA__multiview_occlusions__IMG_1035,2.630661676674253,2.630661676674253,2702,I,0.01584506908372904,0.010468723228470667,0.021577008626883845,60,0.0034417440636903877,0.6973206651487424,4.023146554129198,0.9990646190405306,0.04213497486694189,0.00972269892373822,-0.04227967039467624,0.9989903331945666,0.015190248685474514,-0.009072841490790642,-0.015587112521926877,0.9998373495076647,0.0006461113665362974,0.01082980803421256,0.07194459520937249,0.02700184191466389,0.18015233198184927,0.1804905405522042,0.05711937847362002,0.049809555923090436,0.04685544169016919,0.060749327097496204,0.05880363734277197
recon_face/3ddfa_v2/FaMoS_180509_03346_TA__multiview_occlusions__IMG_1037,2.084877053444514,2.084877053444514,2712,I,0.0170585978716666,0.010800300342513678,0.021369020991722706,60,0.003619055174588469,0.7210113578167939,4.174972981913015,0.9997029593778275,0.023742086713072874,0.0055051185022002725,-0.02388214427362261,0.9993514692318534,0.026949659163540706,-0.0048617071187207605,-0.027073128054328353,0.9996216331899016,0.009993884155296819,0.005642723661610685,0.07511028270234413,0.029239048697106418,0.18260686667550072,0.18421612529464146,0.05854111301560517,0.048558354555042524,0.04937764547013396,0.05675366163287816,0.059786611491807834
recon_face/3ddfa_v2/FaMoS_180509_03346_TA__selfie__IMG_1031,2.575540158182007,2.575540158182007,2696,I,0.018042499718417256,0.013045529026041842,0.02378556401531524,60,0.003465785292044622,0.7081576160387004,4.0423639439977705,0.9998819132348018,0.012036647065431083,-0.009553989393616473,-0.012429382275458267,0.9990330700668348,-0.04217149948822284,0.009037147899730895,0.042285269778693714,0.9990647055709564,-0.0014261026047964896,0.014416113187089255,0.06518959168680999,0.02864401613492041,0.1790043337561982,0.18015876468201267,0.05543546696897477,0.049878531534272616,0.04604741271437555,0.06122337456756829,0.06038141043989879
recon_face/3ddfa_v2/FaMoS_180509_03346_TA__selfie__IMG_1065,2.4650763434443994,2.4650763434443994,2699,I,0.01755237844982376,0.012743904459246762,0.024469793884968834,60,0.003445110433750239,0.6933614984831734,4.001730155199766,0.9998849273713357,-0.00610005551404811,-0.013889612605988096,0.00553605853836722,0.9991727633392619,-0.04028822479140744,0.014123883017027019,0.04020669501101453,0.9990915561673076,-0.003644711114378724,0.016673885451891482,0.06527530215920074,0.02901677638479062,0.17577339359136956,0.17727289680844907,0.057457344436689387,0.05314006572514045,0.045891273472917146,0.060619375844287546,0.05887700063853294
recon_face/3ddfa_v2/FaMoS_180509_03347_TA__multiview_expressions__IMG_1080,0.9913712428455408,0.9913712428455408,2697,I,0.014952840791621699,0.009956449857346845,0.021425082309900766,59,0.0033861069354533774,0.6848892367761612,3.890661400044337,0.9999596241449585,0.005960373492703643,-0.006724881240605071,-0.006059153906910741,0.9998726280276886,-0.014765309848927367,0.0066360179177827995,0.014805460777359829,0.9998683721357349,-0.015888362484632365,0.016596660430851062,0.08018020851142449,0.02502782136563585,0.1727186512619116,0.17519133112877994,0.05516537763330195,0.05110788759679759,0.04734476520696226,0.058278462297530816,0.06343275887024101
recon_face/3ddfa_v2/FaMoS_180509_03347_TA__multiview_expressions__IMG_1082,1.2783686865787678,1.2783686865787678,2696,I,0.015630976219396995,0.010494409368620443,0.0224253696711628,48,0.003402029622537918,0.6942274333858701,3.8386590369045734,0.9999411396737292,0.0066859771887859375,-0.008544875483808096,-0.006851287299120148,0.9997870536798236,-0.0194655376643822,0.008412909743225915,0.019522935313358865,0.9997740134382384,-0.018834608689175136,0.01825625874584582,0.06830936147145047,0.026683522391154388,0.17401437726434293,0.17618282211978176,0.05546891758342415,0.05219660244400675,0.04597368136016946,0.056836835591521445,0.06064922853592856
recon_face/3ddfa_v2/FaMoS_180509_03347_TA__multiview_expressions__IMG_1084,0.8504191258759158,0.8504191258759158,2691,I,0.01786209648756615,0.012201218091322184,0.024811521134192063,60,0.0035750722434274487,0.719283745847578,4.084438054123893,0.9999361115289318,0.011300057296877688,0.0002855967215709638,-0.011296787404148386,0.9998899082122761,-0.009620501525039514,-0.0003942774981749544,0.009616660560459359,0.9999536811197405,0.0004372050079438412,0.010811598245115975,0.06385976231588411,0.029429145775145327,0.1760032906537039,0.17611476572437207,0.0569689663262167,0.05289600894260308,0.04441927919473064,0.059328069260430855,0.06015477596160992
recon_face/3ddfa_v2/FaMoS_180509_03347_TA__multiview_expressions__IMG_1149,1.1467764396796742,1.1467764396796742,2695,I,0.01812693683899683,0.011994093186476693,0.026205717187781852,48,0.003628170815654233,0.7233214165662114,4.099728727014735,0.9999183410334538,0.010153526601594442,-0.0077599718077142575,-0.0102718521371654,0.9998292103119589,-0.01536356926750389,0.007602652075296971,0.015442023977312473,0.9998518608158442,0.0033108726397614256,0.009067566113030966,0.0671449777220158,0.030343591679892444,0.17688639685852173,0.17795496691593043,0.0587944234640748,0.056070170657431216,0.04309272502812193,0.06188371183765445,0.05781516521880539
recon_face/3ddfa_v2/FaMoS_180509_03347_TA__multiview_expressions__IMG_1151,0.9758822419819381,0.9758822419819381,2694,I,0.017388145256914046,0.011590781012779125,0.02437609908503819,60,0.0035566050573355885,0.7219711514590141,4.082091426011175,0.9999187448177334,0.012011946687288323,-0.004268125924858673,-0.011962970408821464,0.9998643532829492,0.01132088216820274,0.004403532800646559,-0.011268902823718459,0.9999268076854538,0.017784801004247116,0.019033172595855415,0.06130942956309433,0.02864468667814161,0.1649808492357101,0.1734258390675661,0.05712415980440863,0.05117593659499949,0.04468745731049756,0.05981011618249891,0.058061320796351394
recon_face/3ddfa_v2/FaMoS_180509_03347_TA__multiview_neutral__IMG_1067,0.9455709040175238,0.9455709040175238,2702,I,0.014521483721856222,0.009452681001855421,0.018580558559052704,58,0.0034395220879860056,0.6887351563902241,3.833291648887098,0.9999136643851071,0.005785408628114991,-0.01179800080324304,-0.005667326715739478,0.999933762068204,0.010017628662793182,0.011855175403369497,-0.009949900659517962,0.999880219972883,-0.020997173550783746,0.015555104054689746,0.07544756500177735,0.02691840472885982,0.17493799619441947,0.17671559146555765,0.05570897741988653,0.049715971835627974,0.04404232069887768,0.0576582773247516,0.06160961285313556
recon_face/3ddfa_v2/FaMoS_180509_03347_TA__multiview_neutral__IMG_1068,0.8031277603923711,0.8031277603923711,2698,I,0.015014879076858294,0.009875891833999369,0.022131549336867656,28,0.0033947603685262253,0.6971141168799535,3.6452303640544415,0.9999038441413934,0.008297855422799087,-0.011110718547712435,-0.008275155324954259,0.9999635814143897,0.0020874983244791906,0.01112763567034968,-0.0019953546775310508,0.9999360951001308,-0.017066507968076166,0.01745704171088403,0.06611074056890334,0.025397420396528328,0.17573401224432755,0.1775150404231983,0.05584321749496949,0.05087715192426287,0.05055580868357768,0.0588319711214054,0.059434226530831746
recon_face/3ddfa_v2/FaMoS_180509_03347_TA__multiview_neutral__IMG_1071,1.1743829622921453,1.1743829622921453,2694,I,0.01662385046085944,0.011577765257555009,0.022657736333930648,60,0.0034797014106814905,0.7089291027937575,4.006306957919151,0.9997910291508937,0.01922814781544088,-0.006940919318508371,-0.019238339011413003,0.9998139395324341,-0.0014045030145352346,0.006912621896243927,0.001537741273247889,0.9999749251907751,-0.010207419510903419,0.01609999699751312,0.05968355082384435,0.028089272823521975,0.1779029963503683,0.18054389949302818,0.058711090992881396,0.05094332860305721,0.04324731760333013,0.058414960401745056,0.06044184619237622
recon_face/3ddfa_v2/FaMoS_180509_03347_TA__multiview_neutral__IMG_1072,0.9442734720123647,0.9442734720123647,2689,I,0.016312752317172247,0.01066450312843064,0.02298682356296139,60,0.0035176510395775436,0.7060769369313946,4.11137389508076,0.9999353132366294,0.0077715282176815045,-0.008304979923227917,-0.007671929195696412,0.999899068840485,0.011957994578838024,0.008397073584270841,-0.011893505836929592,0.9998940112202529,0.00011048734369807614,0.012304344549477,0.07201158819848127,0.028126179524453593,0.1747001405515801,0.17682776173785258,0.05774451302537284,0.049610258907115665,0.041880796404902006,0.05913696663895068,0.060187390738257567
recon_face/3ddfa_v2/FaMoS_180509_03347_TA__multiview_neutral__IMG_1138,1.154448342290865,1.154448342290865,2689,I,0.017686441264317548,0.011481960129754717,0.024982313324511587,60,0.003597924617313451,0.7253096129688777,4.058485502144322,0.9998239824111369,0.018538098088562632,-0.0028884450478496968,-0.018516385434919777,0.999801388110306,0.0073707396596527745,0.0030245108631163655,-0.007315958718016341,0.9999686640500667,0.0021965797041396513,0.011411008772695727,0.06427949901537783,0.02855760650451537,0.17650593015094732,0.18119008133287845,0.05581351788641412,0.05115962871427354,0.04170916177698306,0.060471934803646626,0.060263028009217776
recon_face/3ddfa_v2/FaMoS_180509_03347_TA__multiview_neutral__IMG_1139,1.129382967123219,1.129382967123219,2700,I,0.017669863430320565,0.011670599376718962,0.024918299424715375,49,0.003613089872735848,0.7309448696707923,4.052976628066972,0.9999429719126331,0.005949695885445261,-0.008868711372063406,-0.005801952461387827,0.9998454993896626,0.01659260973663685,0.008966062132622403,-0.016540207650064725,0.9998229999658573,0.0175857642965144,0.018505046660134528,0.05857166638257134,0.02921876198615054,0.18226027979547257,0.18607673633793456,0.0562768568802264,0.05079014311040159,0.04525919578937817,0.06280169188632372,0.05773765550914824
recon_face/3ddfa_v2/FaMoS_180509_03347_TA__multiview_occlusions__IMG_1093,1.1692058509615362,1.1692058509615362,2695,I,0.014181523756501823,0.009139040700599324,0.02107723904711668,60,0.0034062248814797536,0.6870629658796276,3.9135801738593727,0.9999471558327573,0.0018833526472518101,-0.010106360610322936,-0.0017049166368146025,0.9998430293130021,0.017635475424867222,0.010137988027281856,-0.017617312990512363,0.9997934044000054,-0.020115559439187494,0.016830401185268615,0.08285294568878801,0.026785043053363548,0.17485133072690232,0.1775830275049256,0.05614734239413198,0.05114948764108925,0.047802300785484135,0.05857827141578277,0.06143467311779674
recon_face/3ddfa_v2/FaMoS_180509_03347_TA__multiview_occlusions__IMG_1095,1.1239777802191318,1.1239777802191318,2698,I,0.015432815955284212,0.01053952795942407,0.020889891603177037,60,0.003399004171850411,0.6990603290122609,3.89919752208516,0.9998506113607645,-0.011006378295496807,-0.01332721269893752,0.0111295293491512,0.9998957235548742,0.009201934206521288,0.013224543015646592,-0.009348885146967106,0.9998688463036222,-0.018083460443419516,0.018523260909259043,0.0650178237664363,0.02679623365301456,0.17715123955759712,0.17872207407131008,0.05662764208243931,0.05291110624022305,0.044741326161569187,0.0594927587376373,0.05988677532670175
recon_face/3ddfa_v2/FaMoS_180509_03347_TA__multiview_occlusions__IMG_1097,1.3034962317531775,1.3034962317531775,2696,I,0.017030151043484338,0.011154348016447367,0.023436756123957233,58,0.0035544691279593144,0.7243607642116429,3.9938363709952682,0.9999581364025056,0.006095758250417222,-0.006824014491469626,-0.005952308162543783,0.9997649398246432,0.02084790457012497,0.006949494223713878,-0.02080641316468044,0.999759369899205,-0.004712337437759621,0.014552646166867696,0.05790341484729066,0.02899912262706189,0.17789960876602726,0.17909378763330766,0.055675551439383485,0.050563515789932865,0.045285695233800494,0.05904683158428902,0.05762247542686531
recon_face/3ddfa_v2/FaMoS_180509_03347_TA__multiview_occlusions__IMG_1106,1.1732505597209375,1.1732505597209375,2697,I,0.015200031266874848,0.009976518169156052,0.02202794096065766,60,0.003457382453075403,0.7030180265571432,4.006221476010978,0.99988969326732,0.01214741557811674,-0.008546437419011545,-0.012025742197085422,0.9998276081969307,0.01414692234426985,0.008716812628122263,-0.014042584590384113,0.9998634021683303,0.00878301817132121,0.01807934191652681,0.06873180554781616,0.027085212475576364,0.17811157001881278,0.18089123475118418,0.05624587905225827,0.05064386168905782,0.04516262075293894,0.05803902610810025,0.05822418624160154
recon_face/3ddfa_v2/FaMoS_180509_03347_TA__multiview_occlusions__IMG_1107,1.012470833952981,1.012470833952981,2692,I,0.01856027404444387,0.012843835216280183,0.024987377713512005,60,0.0035591884610974302,0.7135813854382287,4.060123160015792,0.9998460068651456,0.01360191141332652,-0.011088307432948398,-0.0135789738504464,0.9999055086919697,0.0021412978828150944,0.011116385428386754,-0.0019904003009642113,0.9999362301075254,0.014520865878892297,0.01591450926927361,0.06300525677167981,0.030555385200709384,0.1563086371517511,0.16510820001833565,0.05415922026555021,0.055699196683476046,0.04151325847544668,0.06271442956235365,0.059900405672685376
recon_face/3ddfa_v2/FaMoS_180509_03347_TA__multiview_occlusions__IMG_1128,1.7452362933437748,1.7452362933437748,2699,I,0.016701891607049428,0.010916465468483905,0.02362733134582696,51,0.003530056578493095,0.7199021376653012,4.133856492117047,0.9999187032914976,0.0015141012350400138,-0.012660738734388301,-0.0011633344187640725,0.9996165268441398,0.027666693208413314,0.01269777385530664,-0.027649715324183522,0.9995370227168233,-0.028362987822440542,0.016372922240297336,0.06746139909414758,0.02867339063195509,0.17901088303343227,0.179999968422193,0.05697380855876739,0.054362224377429436,0.0439140265625113,0.05777503614184338,0.06176125094569672
recon_face/3ddfa_v2/FaMoS_180509_03347_TA__multiview_occlusions__IMG_1131,1.409294462039662,1.409294462039662,2697,I,0.01792207674873072,0.011461587695238563,0.02419068838418345,60,0.003616927205233138,0.7314790432148709,4.082253217929974,0.9999396708458783,0.010532649478014534,-0.0031173648503488582,-0.010461497606968602,0.9997027398087234,0.02202246777159628,0.0033483931155563126,-0.021988526869822035,0.999752615875367,0.01584195315822923,0.01806874410367127,0.0572672714113524,0.030129438192568952,0.180560601044848,0.1831015184613335,0.05701774502231593,0.049769413059169106,0.04249240241604404,0.06139523967967207,0.05721131581997481
recon_face/3ddfa_v2/FaMoS_180509_03347_TA__selfie__IMG_1123,1.0122574373452529,1.0122574373452529,2696,I,0.016422407953131025,0.010589992347095966,0.023977570520120686,60,0.0035424853208308117,0.7131768272521892,4.0356161571107805,0.9999402817871689,0.007478337412863808,-0.007969148570303565,-0.007366996978212979,0.9998761067058689,0.013910377214027648,0.008072187740582465,-0.013850837817724539,0.9998714887808473,-0.00013993151881451434,0.0113394244545168,0.06939888185076987,0.02749011036508822,0.17954293257296514,0.1811409760647763,0.056830732615908805,0.047932957062229595,0.0434915212970522,0.05824488520178199,0.05843401508696808
recon_face/3ddfa_v2/FaMoS_180509_03347_TA__selfie__IMG_1126,1.0352530567588838,1.0352530567588838,2689,I,0.016181129931708754,0.010393546044645027,0.02280232829055206,51,0.0035237259294085732,0.711533998936227,3.877146332990378,0.9999242912221485,0.0057615689181938125,-0.01087272493372642,-0.00561721312988179,0.9998962906216977,0.013261030036290715,0.01094800166866341,-0.01319895164665828,0.9998529536561327,-0.0010336917712517654,0.012566629166135788,0.07186106043295176,0.027627614503091518,0.17931772610515273,0.18111270269039328,0.054983178261968454,0.05000185807681062,0.04227282026530229,0.05972829946840261,0.05947647380392007
recon_face/3ddfa_v2/FaMoS_180509_03347_TA__selfie__IMG_1144,0.7143793288569522,0.7143793288569522,2694,I,0.018642500067466285,0.012555176953005858,0.02668968434113581,59,0.0036614937996677067,0.7326880002832615,4.159417099086568,0.9999334804715336,0.008867277036505696,-0.007376044335791009,-0.008832254322215051,0.9999496309413844,0.004767270055038973,0.007417945515667375,-0.004701805839017199,0.9999614328093758,-0.0008718357739084799,0.008295684634065756,0.06373566950971263,0.030336078558730863,0.17970728662046923,0.1821008857339086,0.05904593494059645,0.052733931422503454,0.0438004575901881,0.05996810928842791,0.06020604664636488
recon_face/3ddfa_v2/FaMoS_180515_03303_TA__multiview_expressions__IMG_1169,3.0034185048819206,3.0034185048819206,2702,I,0.018957817789411042,0.013524890225489248,0.02444645235398887,58,0.0035921440698077926,0.7160428804822776,4.1424685209058225,0.999878361156692,0.012797252548329936,-0.008915896916293416,-0.013227246505577292,0.998663331736836,-0.04996588630418514,0.008264553254011956,0.05007774127790038,0.9987111278983605,-0.010112028112889235,0.008208085312273461,0.07743721036187717,0.02969261351281933,0.1771453438662993,0.1780190948141916,0.05902932690603144,0.04875102846640844,0.045560211034417555,0.059576011921890756,0.06061777158949876
recon_face/3ddfa_v2/FaMoS_180515_03303_TA__multiview_expressions__IMG_1170,3.7796388174765734,3.7796388174765734,2703,I,0.01870360467516706,0.013787264874606488,0.024972844635987975,60,0.0034564963216186643,0.7049945486538621,4.008688609115779,0.9999611095669148,0.002702036829568647,-0.00839513851443477,-0.003244707327581954,0.9978594221707333,-0.06531497117391077,0.008200684609423027,0.06533967081384875,0.997829382304347,-0.012501836862582792,0.014179991567948191,0.06762625015135904,0.029064374057100176,0.17287967930399067,0.1747633528909278,0.05683424258929267,0.05200433841299079,0.047604940499144384,0.05848936892847977,0.0613870602308393
recon_face/3ddfa_v2/FaMoS_180515_03303_TA__multiview_expressions__IMG_1172,3.6441342628114173,3.6441342628114173,2704,I,0.018799550172730488,0.013594297653195874,0.02510654743384296,60,0.003491737343689446,0.7097795114398799,4.038503729039803,0.9997373620045159,0.022344174050569605,-0.0050936134766144114,-0.02260688733842946,0.9979878732026205,-0.05923794042147721,0.0037597416292678393,0.05933753303355958,0.9982308958935162,-0.004757953665631471,0.013783162203325018,0.06236526146278306,0.0291118783276788,0.17921109456893414,0.1800473601811395,0.05710824083152692,0.05090569919309349,0.049492601866127,0.058765409723650436,0.058503756298461745
recon_face/3ddfa_v2/FaMoS_180515_03303_TA__multiview_expressions__IMG_1181,0.9419596744258545,0.9419596744258545,2709,I,0.019482192872843373,0.013317902638233015,0.02907454481012069,60,0.003836827639859566,0.74971861871741,4.448262193938717,0.9999145325242762,0.01103722311847703,-0.007007663846893039,-0.011106521317320393,0.9998890315056671,-0.009928235436707846,0.006897306067299437,0.010005217663386795,0.99992615866799,0.0006949134620754882,-0.00035192904143485637,0.06888205394850883,0.031266226808468314,0.1826322909783885,0.18589177823037595,0.06570066951301196,0.05039534548709252,0.04579305884387929,0.060964911134525464,0.059189893024317056
recon_face/3ddfa_v2/FaMoS_180515_03303_TA__multiview_expressions__IMG_1182,1.4028602532153314,1.4028602532153314,2697,I,0.017160571863174413,0.010816942344056935,0.024306439536169126,53,0.0036313397071014134,0.7194361595028249,4.097879219101742,0.9998866009516196,0.015024875711533853,-0.0010189932632226905,-0.015002405127396893,0.9997009463167232,0.019311804002755003,0.0013088459844409852,-0.01929432671280156,0.999812990453159,0.008437184606211578,0.005866836081879427,0.07469255586731272,0.02906079265130409,0.18081275684583592,0.184030812074278,0.059270990328864494,0.047285216871728264,0.04503400581397584,0.05920722427745101,0.057089168942772196
recon_face/3ddfa_v2/FaMoS_180515_03303_TA__multiview_neutral__IMG_1153,1.072611073980375,1.072611073980375,2699,I,0.018927501186362487,0.013017478821387115,0.02531740393035048,60,0.0036770659832990665,0.7298398914673798,4.319394608959556,0.9998256602911787,0.018143277641614323,-0.0044125389208714,-0.018137389130027628,0.9998345642265458,0.0013708732467338982,0.004436681063009069,-0.0012906023136317075,0.9999893250464291,-0.014695609074039773,0.006967928919572625,0.07766845420622406,0.03063135447786619,0.18462131235313323,0.18523937373895616,0.059792700115230864,0.05170929206091934,0.047581211525285785,0.05970729792162194,0.06275004282165664
recon_face/3ddfa_v2/FaMoS_180515_03303_TA__multiview_neutral__IMG_1154,1.3882958910136567,1.3882958910136567,2701,I,0.018008919271794085,0.012605231751487658,0.02506024413587128,45,0.0035559380471492747,0.7171940172358072,3.8845023771282285,0.9999554759079204,0.0007962343774549055,-0.00940277685477129,-0.0010058637072289211,0.999750577899995,-0.022310764819432675,0.009382666996485758,0.02231922936487094,0.9997068658164706,-0.013175594174091695,0.00925050574792153,0.0698314219405623,0.028364951509207623,0.1754306094434323,0.176814488102702,0.05738576937444613,0.049674536185725426,0.04717150989398373,0.05729024941004894,0.061231605463684044
recon_face/3ddfa_v2/FaMoS_180515_03303_TA__multiview_neutral__IMG_1156,3.2611928438195665,3.2611928438195665,2707,I,0.01918413799369646,0.014196769163155695,0.022342736507172185,60,0.00357178717221536,0.720520112767142,4.221034248126671,0.9996534412344501,0.01983689003447192,-0.01730593025184397,-0.020684608240613005,0.998521719919313,-0.05026451861213382,0.016283255511530356,0.050605065390111566,0.9985859917637585,0.0013099644051001163,0.011950635595744614,0.06839202045898465,0.029461915259506682,0.18465770943903584,0.18611859515806445,0.057536243817116285,0.0488173216974466,0.04961039020737207,0.06106763554419224,0.058705203944003075
recon_face/3ddfa_v2/FaMoS_180515_03303_TA__multiview_neutral__IMG_1206,1.7583123721746128,1.7583123721746128,2699,I,0.018273781139702835,0.012599335464055596,0.024765798551666825,46,0.0036075242161238185,0.7156943522069096,4.00554390787147,0.9999503369067588,0.0021579508778349758,-0.009729695168304745,-0.002439407303054407,0.9995761703516618,-0.029009118516705602,0.009662971182254775,0.029031412523597963,0.9995317924282427,0.005139398769556878,0.008657588793896526,0.07200235095077759,0.029634320637533636,0.17805744057919984,0.18057529610926468,0.05854575759816169,0.05105771799738296,0.04545763969082136,0.06036354724934443,0.057681544676337224
recon_face/3ddfa_v2/FaMoS_180515_03303_TA__multiview_neutral__IMG_1207,1.7823560643072107,1.7823560643072107,2702,I,0.017310103489206464,0.01212357131250184,0.023815683373853695,60,0.003562944992291787,0.7060158452817666,4.0723500300664455,0.9999136959575551,-0.006377601816533129,-0.011485940604583767,0.006051232943531971,0.9995831756315153,-0.028228665825327914,0.011661184175090732,0.02815672547518073,0.9995354999169115,0.009400008676328453,0.010442538889891169,0.0788264918993486,0.028935989002811163,0.17584880959279464,0.17734095689958648,0.05782092956998276,0.049974791791122825,0.04469448534653825,0.06052015004926026,0.05737562258100433
recon_face/3ddfa_v2/FaMoS_180515_03303_TA__multiview_occlusions__IMG_1185,1.1776079856221477,1.1776079856221477,2694,I,0.01812826012648669,0.012352205121667327,0.025496426270835384,51,0.003627222434540939,0.7232972309894794,4.054545148042962,0.9999251271397993,0.0054076857236943394,-0.010977114810752722,-0.005588207978290733,0.9998485492764018,-0.01648182154570383,0.010886323807698437,0.0165419299051473,0.9998039070282565,-0.0005657370359831739,0.006046034344956548,0.06803629867038019,0.030900433599381456,0.1797270426449994,0.18017708959333753,0.05897827137008797,0.050017860197821215,0.04546617787426777,0.061886682421559605,0.05965096303251842
recon_face/3ddfa_v2/FaMoS_180515_03303_TA__multiview_occlusions__IMG_1186,1.7270263966415047,1.7270263966415047,2708,I,0.018323606258707114,0.012463961405044063,0.024076571096918298,60,0.0036352281825981067,0.722089365671828,4.17008238309063,0.9999272043004312,0.008090119720224626,-0.008951874822421544,-0.008334270766223511,0.9995848233268455,-0.027581169399318286,0.00872502325034999,0.027653768957432247,0.999579483098633,0.005527703041643256,0.007703632065997459,0.06945587650383925,0.029468216586365364,0.18161561126938228,0.18469294108371379,0.05840551256788113,0.050230358566743995,0.046378718926256474,0.06140733264135782,0.057278949403494366
recon_face/3ddfa_v2/FaMoS_180515_03303_TA__multiview_occlusions__IMG_1187,1.1090573166131394,1.1090573166131394,2707,I,0.016257916670941917,0.010783140750108756,0.02109838104689247,53,0.003562028436565115,0.7108225857290793,4.008279734989628,0.9999122211325,-0.0007853809777765403,-0.013226231760804483,0.0005986716577178168,0.9999002042925504,-0.01411463949103141,0.013235997209013445,0.01410548235386795,0.9998129043703365,0.01880005085633827,0.014267452814970438,0.07283311888838698,0.02812388828040545,0.17136665826504544,0.17950554826536796,0.05890715533528386,0.0505433768086315,0.045713769288272116,0.06187079724581207,0.057251813678864144
recon_face/3ddfa_v2/FaMoS_180515_03303_TA__multiview_occlusions__IMG_1188,1.962173903449089,1.962173903449089,2707,I,0.016123807967873913,0.011106933328810744,0.021861235691086275,60,0.003480263448303377,0.7024175898313584,4.133046764880419,0.9999536113969073,-0.005916115389380357,-0.007600962635268039,0.005663167359870123,0.999443273235448,-0.0328796611884558,0.007791250845487229,0.032835090423403664,0.9994304144097022,0.01568617222854196,0.01630329826838784,0.07590970650050524,0.02656813701088543,0.17751905753303088,0.17792193062056197,0.056557612887673685,0.05293364377524603,0.05003443868451382,0.05952984834422773,0.057203112152267206
recon_face/3ddfa_v2/FaMoS_180515_03303_TA__multiview_occlusions__IMG_1192,0.6879985184361322,0.6879985184361322,2698,I,0.01635901012245222,0.011333078123827247,0.022449374106835007,60,0.0035025604769990714,0.70395901348271,3.9781828278210014,0.9999480240640175,0.008979741208798585,-0.004828397072543873,-0.009010187685407775,0.999939426547754,-0.0063213727325483185,0.004771340308641723,0.006364548937127201,0.9999683629137905,-0.014705475211113633,0.010337730588848945,0.07272465186428415,0.02870603041627909,0.17963108072479342,0.183300306855567,0.05568596123444319,0.04859462064079316,0.04573150245351273,0.05790279152352039,0.058710869713249826
recon_face/3ddfa_v2/FaMoS_180515_03303_TA__multiview_occlusions__IMG_1194,1.3258071941717058,1.3258071941717058,2695,I,0.01586684391853764,0.010764716378792664,0.023030498397016336,60,0.003464599379272624,0.7014036212015515,4.037289001978934,0.9997633858676384,0.02170887145814261,0.0013773810254703472,-0.02171905928852422,0.9997331234953442,0.007871737410794551,-0.0012061268992334512,-0.007899790266631675,0.9999680687760213,-0.007462564156506218,0.010970097157010493,0.07065280071521951,0.027943171777669917,0.17904484299123807,0.18052201814123278,0.05682795605005356,0.05043062859267927,0.04902312311103116,0.05793585847173041,0.059096074206119766
recon_face/3ddfa_v2/FaMoS_180515_03303_TA__multiview_occlusions__IMG_1195,1.3465511444135874,1.3465511444135874,2699,I,0.017670002914561594,0.01179304239269599,0.0239744108044038,58,0.0035923508508043443,0.7165109596315897,4.1423829309642315,0.9997970826501359,0.015739496067726573,-0.012572262636920534,-0.015586181641114819,0.9998040847108683,0.01220094821369398,0.012761836314882953,-0.012002518860517723,0.9998465257602663,-0.004568387526250513,0.007572906078959628,0.0650935187292992,0.029957719990390454,0.1838606308283613,0.18641734232197432,0.05838388462638662,0.04859523403267046,0.04449037393459698,0.05921662022118246,0.05864396109837053
recon_face/3ddfa_v2/FaMoS_180515_03303_TA__selfie__IMG_1199,0.7762134060120068,0.7762134060120068,2700,I,0.018358514337815993,0.012770586098106605,0.026719578858494047,60,0.0036345494320066526,0.7277250459053402,4.140544914873317,0.9999281621904103,-0.00472912031083489,-0.011013894842179737,0.004659492867395948,0.9999690533481628,-0.006338885722172475,0.011043531352227463,0.006287111186047586,0.9999192530640695,-0.001453532029109072,0.011340024716688407,0.05675760785812876,0.029892029159177644,0.18423662192927936,0.18377947767551173,0.05884394748094867,0.04891797035523642,0.043717744536292846,0.059652067845465125,0.05891779851698581
recon_face/3ddfa_v2/FaMoS_180515_03303_TA__selfie__IMG_1210,2.212433941210211,2.212433941210211,2709,I,0.019497100982542506,0.013343955221295094,0.026624193241623212,60,0.0036454428576226565,0.7398665699851669,4.314430335070938,0.9999335079014416,0.0077341503539594385,-0.008553519405465494,-0.008044044420547203,0.9992899237857091,-0.036809530962923206,0.008262755307861238,0.03687588831001199,0.9992856927506115,-0.001603381682468042,0.015209400678928918,0.04276186139741011,0.03165296229434435,0.18174945596649034,0.18449189013514322,0.055943196146499244,0.05214162033289498,0.04159129370861704,0.059755400773073425,0.06027180039803211
recon_face/3ddfa_v2/FaMoS_180618_03331_TA__multiview_expressions__IMG_1230,11.560418098784735,11.560418098784735,2704,I,0.029252431211996624,0.020275612275218183,0.0422692769207667,60,0.0035490543927727313,0.6824354777757646,5.0106592159718275,0.9999963870145111,-0.0004480520030149065,-0.002650510767197902,-9.215466942127736e-05,0.9797175243916139,-0.2003835420075349,0.0026865340945801583,0.20038306228164912,0.9797139433963302,-0.019897418565835344,0.015927564402543545,0.06397189866235617,0.03791729783152155,0.17320287213656052,0.17452008587942675,0.050338421623892314,0.05757964892808318,0.05343318991361136,0.06261998365580349,0.16388304691624292
recon_face/3ddfa_v2/FaMoS_180618_03331_TA__multiview_expressions__IMG_1233,10.18469735680759,10.18469735680759,2703,I,0.02695089583754699,0.020903724232531496,0.0293587748527532,60,0.0034764487613443596,0.6826377767260977,4.3408465050160885,0.9999788318979628,0.005602048024108679,-0.0033095035763249375,-0.006098699077860063,0.9842467876922552,-0.17669484086140055,0.0022675152797360654,0.17671128423338903,0.9842601182609415,-0.011363253875078038,0.01957526073760686,0.059434551275807775,0.035845900197890204,0.17403417891188888,0.17244430174932232,0.05235710376848243,0.05668428524974255,0.049325140818184884,0.06081703630463583,0.06282104590868713
recon_face/3ddfa_v2/FaMoS_180618_03331_TA__multiview_expressions__IMG_1235,7.663355610645342,7.663355610645342,2704,I,0.022229184847226326,0.01615032044444518,0.027525667878360496,60,0.003415007303193432,0.6864676234478697,4.167031533783302,0.9998253480060717,0.018237850661790077,-0.0040809665248062515,-0.018617040411918452,0.9910727949544519,-0.13201560857517353,0.0016368539456359328,0.13206852730461813,0.9912392369174813,-0.000832219439580207,0.01989274334005453,0.06162625868560525,0.03202056786675113,0.1734667230328873,0.17177058320809846,0.053632460329948665,0.05719747320261885,0.05168825722601834,0.06297640483508227,0.06298486164315996
recon_face/3ddfa_v2/FaMoS_180618_03331_TA__multiview_expressions__IMG_1293,7.3839755327619,7.3839755327619,2704,I,0.02023557849348767,0.014967499533381882,0.025595831353075207,60,0.003454229288087618,0.6932446930217679,4.202689231839031,0.9998807289604297,0.012790802369953468,-0.008655820486377622,-0.01379071745297197,0.9917377262574731,-0.1275386154456342,0.00695298250335042,0.127642773757036,0.9917958350093622,0.007870983570052247,0.023236050154859522,0.06355974433463854,0.030299982855087382,0.1798207329382012,0.17834251708424892,0.05394534806156078,0.05406756010044751,0.050195682623826635,0.06267001046829725,0.06027184915186953
recon_face/3ddfa_v2/FaMoS_180618_03331_TA__multiview_expressions__IMG_1294,6.4681671005033685,6.4681671005033685,2707,I,0.018359813560614998,0.012409596495816466,0.04201193775941875,60,0.0033870746550377796,0.683176154711238,4.228558475151658,0.9999102644824258,-0.0010823567977626184,-0.013352583512062848,-0.0004180471441060935,0.9937242769537549,-0.1118565448658354,0.013389855087699073,0.1118520893702912,0.993634652115269,0.009464551125381963,0.019163436110960476,0.06996618845801969,0.02795090461495288,0.1679962797920438,0.1665978951923217,0.054676536327582695,0.05700039708620583,0.05601136978924196,0.0643518286349285,0.060914219254141956
recon_face/3ddfa_v2/FaMoS_180618_03331_TA__multiview_neutral__IMG_1216,4.52276904863933,4.52276904863933,2699,I,0.019818131107762812,0.014376568924649422,0.025372924034539182,60,0.0035857730006955326,0.7115479307756272,4.101543863071129,0.9998654182110946,0.016017468135557066,-0.003547700674951652,-0.016243404490850714,0.9968903592056364,-0.07710877727861332,0.002301581217174677,0.0771560265785025,0.9970163741315976,-0.02147616842155252,0.014622144951469004,0.0768398847705053,0.031156495998090943,0.1757958556503044,0.17656398348599056,0.054116685564826975,0.052909961873447306,0.043891429100686226,0.060231149267586395,0.06456982474662981
recon_face/3ddfa_v2/FaMoS_180618_03331_TA__multiview_neutral__IMG_1220,1.6611909024837697,1.6611909024837697,2716,I,0.016686592780901933,0.01210562777392029,0.01984810378670462,60,0.003501885641263018,0.7029719818984033,3.9897661390714347,0.9999242914290944,0.006502978452085876,-0.010446180224093294,-0.006774945397452727,0.9996333911784159,-0.026214182344691788,0.010271880299344654,0.02628297000703891,0.9996017676868747,-0.016638944063383048,0.014701255492817207,0.06889324219719797,0.027748349781239943,0.17577346699651805,0.17711953153560006,0.05680541160594555,0.04960065710265383,0.051027168831956515,0.05911472089828144,0.05913510096184686
recon_face/3ddfa_v2/FaMoS_180618_03331_TA__multiview_neutral__IMG_1223,0.39743291665823727,0.39743291665823727,2710,I,0.01680940520275726,0.011126736873857958,0.023990081044002836,60,0.003578877780062817,0.7185996584632833,4.265127581078559,0.9999842876348651,0.004808289994970711,-0.0028818103190601093,-0.004820023166242368,0.99998006666445,-0.004078437254482487,0.0028621425659221783,0.004092263565085641,0.9999875306816814,0.0054861472142424565,0.01100014432528739,0.06898376469051745,0.028683742529746616,0.18009642914484078,0.1824881533488425,0.06212731398557111,0.051875281387821985,0.051654101026619395,0.059092352449157504,0.05850123308381408
recon_face/3ddfa_v2/FaMoS_180618_03331_TA__multiview_neutral__IMG_1277,1.2383573766980545,1.2383573766980545,2703,I,0.014920939924651027,0.009973037767830465,0.022120762798883538,47,0.0034827792718858945,0.7060807821096751,4.005730613134801,0.9998906880857652,0.0004360815090255609,-0.014779097140653369,-0.00020305334927800235,0.9998757001165159,0.01576524931122243,0.014784135034310603,-0.01576052503646831,0.9997664903375498,0.010734010185212656,0.014461004229454455,0.07760981644108217,0.026696483371133835,0.16958916029987528,0.17678174399544538,0.05721885736005231,0.051699740665084086,0.051034246993590444,0.05877752582312035,0.0579787455571804
recon_face/3ddfa_v2/FaMoS_180618_03331_TA__multiview_neutral__IMG_1279,1.3878330406315424,1.3878330406315424,2705,I,0.015191144060289132,0.010042243890515673,0.020839017896390113,60,0.0034601340377188295,0.6960550459962154,3.953220770927146,0.9998373671527874,0.0036409248182324343,-0.017663038001677647,-0.003926037568559986,0.9998621299317372,-0.016134043429320375,0.017601859958282423,0.016200765254669847,0.9997138139143482,0.014609913902125557,0.015586867138495185,0.08089451057136152,0.025771577003340977,0.1708708583759407,0.1712511882282017,0.05444690491063709,0.0529650414870325,0.050773074551013236,0.06253425389565052,0.056213437054969666
recon_face/3ddfa_v2/FaMoS_180618_03331_TA__multiview_occlusions__IMG_1256,1.2755696814120825,1.2755696814120825,2719,I,0.01850395326027526,0.012625009251179032,0.02519249435519411,55,0.0036443687044143127,0.7438754265334889,4.202414355939254,0.9998142388673036,0.011864552984542625,-0.015189474667359525,-0.011694604888874542,0.9998685653778511,0.011228899577858397,0.015320704118495579,-0.011049178780049887,0.9998215799199373,-0.02000994831918841,0.008032060004676274,0.060125493919081,0.030766667458414613,0.18398175825092822,0.18558508127317952,0.06066336253517778,0.05191839439234689,0.04887021081464856,0.05683860815645828,0.06088399283751523
recon_face/3ddfa_v2/FaMoS_180618_03331_TA__multiview_occlusions__IMG_1257,1.1529225089916924,1.1529225089916924,2705,I,0.01556445714743915,0.01040713309760284,0.022032484699029173,60,0.0034669624807150278,0.7021619226459331,4.045608901185915,0.9998232095183767,0.018592481684066242,-0.002805233181129225,-0.018612099964936322,0.99980130383118,-0.007137407958601931,0.0026719736653014665,0.00718835741320344,0.999970593604848,-0.00019618213055260859,0.014206350518301651,0.06709097745909648,0.02697731626711246,0.18322454599880167,0.1857640620501782,0.05585152437502328,0.05105813360251356,0.04870299234268195,0.06082679945543733,0.058172657780618524
recon_face/3ddfa_v2/FaMoS_180618_03331_TA__multiview_occlusions__IMG_1258,2.7136284258434684,2.7136284258434684,2705,I,0.01608731271292991,0.010990087287444748,0.02117721930008969,60,0.003440448439319914,0.6963692820900328,4.186998429009691,0.999989315266401,0.00215745964997073,-0.004088364085255813,-0.002347699768566823,0.9988867881743333,-0.047113402727481615,0.003982167604651103,0.04712249758474118,0.9988811804026264,0.0051360215789337665,0.016242477575363658,0.06839912121001901,0.02747855844551438,0.17836958062139288,0.1791744764197749,0.05609873930206936,0.05487522366878853,0.048652971480888006,0.05994963312811289,0.05893683413806386
recon_face/3ddfa_v2/FaMoS_180618_03331_TA__multiview_occlusions__IMG_1261,0.7109188585593811,0.7109188585593811,2711,I,0.016907768081109942,0.011240024686236189,0.023644973145765205,60,0.0035973525585989105,0.7214352018406172,4.1580995679832995,0.999978897858031,0.004208915837073399,-0.004948622648297364,-0.004156368512577421,0.9999353778666156,0.01058133694469731,0.004992838814388457,-0.010560545356466881,0.9999317708935684,0.005697509922995771,0.00959891255380945,0.07094207972842415,0.028677204166851763,0.18143702570933176,0.18337549286773103,0.06237539755528441,0.05197826281053105,0.05078185617000011,0.057946689417418935,0.057062662167312775
recon_face/3ddfa_v2/FaMoS_180618_03331_TA__multiview_occlusions__IMG_1263,1.6504390453945839,1.6504390453945839,2718,I,0.018062393554407745,0.01233602077938396,0.02406207412918625,57,0.0036183092329242694,0.7190896197307176,4.16623291792348,0.9997074322654177,0.01948780196606961,-0.01432743688927477,-0.01970949083368909,0.999685621941483,-0.015498169393406635,0.01402090740150666,0.01577602161513659,0.9997772408379966,-0.01040365301383114,0.0056465042832374995,0.06740248661099224,0.029147928482726824,0.17490086148828848,0.1835716620630383,0.06040166832010537,0.05122739274592835,0.047749033261811596,0.058217575207792506,0.06010954102253687
recon_face/3ddfa_v2/FaMoS_180618_03331_TA__multiview_occlusions__IMG_1264,0.7838500697671807,0.7838500697671807,2711,I,0.01886468435429003,0.012869586249107244,0.024274615765943395,60,0.003660633188413043,0.7352985348468957,4.233364521060139,0.9999370448210686,0.00463508983320778,-0.010218724810220885,-0.004554973033645632,0.9999588173281143,0.007849577595142234,0.010254687473136175,-0.0078025374076316255,0.999916977451044,-0.012876202202204898,0.005017495308873417,0.06286785559074692,0.029712664511664818,0.18199882225791844,0.18549935811407003,0.061349414003353836,0.048531846937858246,0.04519186287050644,0.05610227456385793,0.06001323602710182
recon_face/3ddfa_v2/FaMoS_180618_03331_TA__multiview_occlusions__IMG_1265,0.3795913631237152,0.3795913631237152,2709,I,0.017624616953964615,0.011993786837824158,0.02103473829335448,52,0.0036247536319729975,0.7335064379427966,4.103989864932373,0.9999822249707692,0.002576273421964461,-0.005377039870119343,-0.002591792960756522,0.9999924903575651,-0.002881290982185695,0.005369576497094231,0.0028951759412394326,0.9999813926291383,0.013362398605489451,0.00825353466356965,0.06855593018845668,0.02879048941067854,0.18248225277944474,0.18402079122375367,0.060848226479209816,0.04941294741408676,0.05371988323324448,0.05828871074454387,0.057689027068077915
recon_face/3ddfa_v2/FaMoS_180618_03331_TA__selfie__IMG_1299,6.862093001537838,6.862093001537838,2705,I,0.02278846837155982,0.016132338149274745,0.028043058376356837,60,0.0035541520329014824,0.7147077053388793,4.276785335037857,0.9996250565945388,0.027360639577915943,-0.0010684709882804618,-0.02729916676921467,0.9928367465817478,-0.11631831382321678,-0.0021217262010066055,0.11630386940621133,0.9932114116536677,0.0002695560351034432,0.007481472145095702,0.06018832036188979,0.031931040644616285,0.18339271078921435,0.18283425068443784,0.05547434859449339,0.05437844553338707,0.047303421370995316,0.06167018635400476,0.059948986632825836
recon_face/3ddfa_v2/FaMoS_180618_03331_TA__selfie__IMG_1302,1.036844404516894,1.036844404516894,2717,I,0.019060892853839006,0.012468476987108311,0.03541579729295196,57,0.0038545462771349026,0.7565078630599416,4.6086933510378,0.9998612048155848,0.01585896382875915,-0.0051053277080380394,-0.0158946255578252,0.9998490141108691,-0.007022097970027064,0.004993193677886075,0.007102270608913687,0.9999623121743603,-0.001962394905850412,-0.00995242246686353,0.06506709048998655,0.030969151452806352,0.18265989920115183,0.1847849701372262,0.06566471074927421,0.050741682063407956,0.05063753318606895,0.05895774015768319,0.059587670724764896
recon_face/synergynet/FaMoS_180424_03335_TA__multiview_expressions__IMG_0053,6.402846195109624,6.402846195109624,2693,I,0.018719265341296094,0.012883688282966557,0.023642533668710407,47,0.003404404273999849,0.678437605112819,3.8755678618326783,0.9999506787888117,0.009872469190531922,-0.0010836705572977413,-0.009931747237317518,0.9937625226191299,-0.11107388997634929,-1.9662369955761375e-05,0.11107917441962788,0.993811559916489,-0.00033234726691833,0.020988972410585685,0.07533561172178396,0.02906381362441404,0.17399305845552984,0.1721526051876182,0.051155648470587116,0.05613722069369218,0.04884226141207239,0.06336963165638627,0.0635822715778654
recon_face/synergynet/FaMoS_180424_03335_TA__multiview_expressions__IMG_0054,4.728324584423382,4.728324584423382,2695,I,0.01712582522111812,0.011491762933479975,0.024013365902685015,60,0.0034119837268612326,0.6876366297154366,3.9757831080351025,0.9993222629608095,0.03672570780701091,-0.002497426066896642,-0.03680987063490547,0.9965974078707842,-0.073747135870314,-0.00021948741895897264,0.0737890846352436,0.9972738454476612,-0.0010751327762353363,0.019493073781833382,0.07756118548178667,0.028256135793926333,0.17039731927336013,0.17179711623593646,0.05573224485250091,0.0542251649325996,0.049446434717564915,0.06017311853476363,0.06116369939809517
recon_face/synergynet/FaMoS_180424_03335_TA__multiview_expressions__IMG_0067,3.5362799904987865,3.5362799904987865,2691,I,0.016938255960259663,0.011465667208339409,0.023216329624018157,60,0.003394407592195451,0.6869068571741711,3.9725615221541375,0.9999994025905773,0.0010556729476645088,0.00028350152489101723,-0.0010361797231231095,0.9980959919731645,-0.061671039708157974,-0.000348066183986248,0.061670709106766176,0.9980964895681178,0.00018611072952025455,0.01992714331082071,0.07979897390920379,0.028683996410404856,0.1680724993168433,0.16748016996581908,0.05408913824289921,0.055749402453258656,0.047562497068901956,0.06415126926420693,0.06170409649765312
recon_face/synergynet/FaMoS_180424_03335_TA__multiview_expressions__IMG_0078,1.8152305540679397,1.8152305540679397,2691,I,0.01597399927476201,0.010353206484702447,0.01790540508640848,47,0.0034597540004336702,0.7003876419616588,3.918984957970679,0.9999645125364325,-0.0001778229257184869,-0.008422710180338015,-7.945948817363324e-05,0.9995336615939725,-0.030536093835585677,0.008424212364643949,0.030535679451308303,0.9994981765498535,-0.0007309114108012021,0.014553605527731418,0.07786871703331402,0.026927424038750016,0.17702614582193707,0.17598551691572034,0.05817221460602063,0.05299978965097031,0.053997589880834626,0.05879631945772543,0.05968070558831218
recon_face/synergynet/FaMoS_180424_03335_TA__multiview_expressions__IMG_0081,3.8851490107329423,3.8851490107329423,2690,I,0.01727826105007921,0.012159135983832515,0.02601540033831506,59,0.0033963871733790883,0.6896770608431819,3.9985002370085567,0.9998193380152481,0.01668656578950129,-0.009102189456629429,-0.01724327939988289,0.997738466933577,-0.0649663060099101,0.007997540014861203,0.06511152066407547,0.9978459446380097,-0.0009272294525650077,0.015737568240347555,0.07727314023152715,0.027390520434308202,0.17128757357796603,0.16955112373472758,0.056614427272391875,0.05692868126763526,0.0511001890534682,0.06166092783485476,0.061502832724101
recon_face/synergynet/FaMoS_180424_03335_TA__multiview_neutral__IMG_0041,2.014808400054152,2.014808400054152,2694,I,0.015414302905299998,0.010132444345458642,0.017928847749519434,60,0.003461224772413846,0.7011210271550556,4.015246694907546,0.9994672239671859,-0.02995400482690499,-0.012962477007010236,0.03012092061766305,0.9994632856365024,0.012879084044762583,0.012569739713771132,-0.01326266411839543,0.9998330377538096,-7.962906837375295e-06,0.01103322309197622,0.08322901017518125,0.02632306741708098,0.1776323268484237,0.17858789639750883,0.058933862542237876,0.05377523209183401,0.056545442844110234,0.05878673118606681,0.058540999488520776
recon_face/synergynet/FaMoS_180424_03335_TA__multiview_neutral__IMG_0043,0.7334853262920094,0.7334853262920094,2688,I,0.01498044645053937,0.009666821386631231,0.016979362298755213,52,0.003446999242251564,0.698448750189447,3.8666376089677215,0.9999584864358303,0.00672914060553642,-0.00614362040452278,-0.006784111652486934,0.9999367455535186,-0.00897110477722379,0.006082863967781783,0.009012411361464788,0.9999408858564598,-9.296509680146433e-05,0.014182065651252157,0.08046984972483623,0.025488785547167273,0.17434635390331582,0.17455170879996013,0.05878401030091179,0.052847439884371517,0.05362822264981266,0.05824348939037682,0.0585857998513694
recon_face/synergynet/FaMoS_180424_03335_TA__multiview_neutral__IMG_0045,0.9376413047712552,0.9376413047712552,2691,I,0.015112784758627632,0.00954135321548855,0.02246370869301172,53,0.0034260715806322052,0.6989728262900697,3.9284536000341177,0.9999223230880782,0.007581157531017049,-0.009893120874155338,-0.0076856413920057395,0.9999146381222086,-0.010566332633697892,0.009812171346559106,0.010641546852894888,0.999895233899054,-0.0008584936716012914,0.0133466867302263,0.08115380785111148,0.025708573925360165,0.17512758615802046,0.1755748651948417,0.056333505471963724,0.05542341098407612,0.04938030033907224,0.0589781769165842,0.059472823211257735
recon_face/synergynet/FaMoS_180424_03335_TA__multiview_neutral__IMG_0100,1.8509396822813882,1.8509396822813882,2687,I,0.015057390265335589,0.009947355208002316,0.022715806877050552,60,0.0034426088310052093,0.6995632009869848,4.046359737869352,0.9995399646170663,0.029205376617117806,-0.00817955438675598,-0.02929446433140646,0.9995103839647558,-0.010992120185036444,0.007854520535942457,0.011226679085047575,0.999906129686118,-0.0016529273187504405,0.01589536719926818,0.08261838487622289,0.026388228398071333,0.17422605025364607,0.17456742938505665,0.05941679076793922,0.052631703302236266,0.05187391672007174,0.05835092704668213,0.059195734016017854
recon_face/synergynet/FaMoS_180424_03335_TA__multiview_neutral__IMG_0101,2.7302306697356227,2.7302306697356227,2709,I,0.017119488923832617,0.012066794786876858,0.019773500279806264,60,0.0035094061639440073,0.7115592786966564,4.175565445097163,0.998864909527606,0.04763070926188376,-0.0004561245634599793,-0.04763059969787919,0.9988649880744599,0.00024813590650558655,0.0004674257458611126,-0.00022612876330781298,0.9999998651894678,-0.0010319143017739273,0.01313851625495508,0.0830625839430402,0.02777596831778003,0.1830367918450856,0.1824950487936046,0.0608498932768649,0.04765362870756319,0.060300277366613024,0.05643546508818684,0.05734059672174927
recon_face/synergynet/FaMoS_180424_03335_TA__multiview_occlusions__IMG_0106,0.8409925260305255,0.8409925260305255,2689,I,0.014675382130037756,0.009378308893465996,0.01736463907921036,46,0.003449862824784607,0.7042936783432661,3.9327967788558453,0.9999635896791029,-0.005703655576126089,-0.0063472536700175984,0.00577904984434098,0.9999122066597572,0.01192399076275067,0.0062786860870129085,-0.011960237701754308,0.9999087612453142,-0.00018857855668057155,0.013475434433560314,0.0828677991277684,0.026275225252975175,0.17507183791031214,0.17940899418867046,0.05804063516191207,0.051915598342844524,0.05221764306145852,0.05926733929270166,0.05961756375901305
recon_face/synergynet/FaMoS_180424_03335_TA__multiview_occlusions__IMG_0107,1.3195138081008064,1.3195138081008064,2688,I,0.015763642343970468,0.010734638420958615,0.022917145268542462,60,0.003461460653012487,0.6941260811282282,4.130392940016463,0.9997477451548675,0.02245980685989736,5.597833436213866e-05,-0.02245980120693474,0.9997348244843304,0.0050831135172948695,5.820225756689577e-05,-0.005083088539543321,0.9999870793282264,-0.00032632869615149677,0.014451465804212457,0.08292955696472354,0.027867985197102933,0.17731761512963923,0.17775652699222727,0.05786203896791162,0.04966248733560913,0.04893401652927694,0.05936204928518326,0.060887894272649165
recon_face/synergynet/FaMoS_180424_03335_TA__multiview_occlusions__IMG_0109,2.2552199353778755,2.2552199353778755,2691,I,0.016236309649408323,0.010877455877187518,0.01865357584568868,60,0.003538602561494665,0.7074313052273146,4.109575079055503,0.9998215343940468,0.017875097043815184,-0.006113940432143734,-0.017653363214243347,0.9992460758669146,0.03457800792120047,0.006727416232076962,-0.0344639053249453,0.999383300391093,-0.0013878993860094518,0.011152272823285396,0.08423470437299327,0.028981713748042735,0.17970689384904734,0.18169371216162652,0.05964004440807404,0.04913952564877547,0.04999667675071039,0.060013941876806,0.058871818567207385
recon_face/synergynet/FaMoS_180424_03335_TA__multiview_occlusions__IMG_0110,1.0091328826030312,1.0091328826030312,2684,I,0.015186082895205398,0.010446523810385884,0.022555374502786555,60,0.0034549686494420788,0.6983328741811733,3.997603964060545,0.9998800912384661,0.01454048115399293,-0.005327058547350021,-0.014584660990725829,0.9998587668602966,-0.008350688378378124,0.005204883163157325,0.008427380400667678,0.9999509430221265,-0.0007442490848683303,0.016679606776617263,0.08412986233497852,0.026673078498219087,0.17233846281917925,0.1763868548428995,0.05707716056118841,0.050271268501818185,0.049582047960811546,0.059148680258534356,0.05847502054139706
recon_face/synergynet/FaMoS_180424_03335_TA__multiview_occlusions__IMG_0111,1.9215037955264072,1.9215037955264072,2697,I,0.018272159895658238,0.013057500186684626,0.019275572710942632,60,0.0034568460071296493,0.7063677173560418,3.9815497419331223,0.9994387910888131,0.027341161497012146,-0.01935364965389286,-0.027369698906845878,0.9996246459199754,-0.001211136289533794,0.01931327130964482,0.0017401601528311131,0.9998119670187798,-0.0022626471126998993,0.010805077707236287,0.08092124557558578,0.027388553009907907,0.1769370020794048,0.17748034238762173,0.05723668484314008,0.05243777886343511,0.05532430521011466,0.05971254173233441,0.05695474810468047
recon_face/synergynet/FaMoS_180424_03335_TA__selfie__IMG_0092,5.276461040388875,5.276461040388875,2695,I,0.01860089968460411,0.013088591951427789,0.027028308092056468,60,0.0033909337503254078,0.6856765761406204,4.062274403870106,0.9998466750130426,0.016377976837173652,-0.00619583247711151,-0.016870499940067965,0.9957774119222078,-0.09023708847963526,0.004691769083788252,0.09032777967065479,0.995901039020762,-0.0006756061219269761,0.01675692910539614,0.07659613254371858,0.028362850643913893,0.1749961632634577,0.17430039433643757,0.05257031844912585,0.05596052414309361,0.05101646618706593,0.06369466957980109,0.06194335431402638
recon_face/synergynet/FaMoS_180426_03336_TA__multiview_expressions__IMG_0134,2.945630244886325,2.945630244886325,2694,I,0.01741272606281869,0.012390656621807685,0.0262828847731128,60,0.0033815127325575105,0.6864087392197102,3.969626409932971,0.9995337154937359,-0.02552835089312615,-0.01675275774207084,0.024813838094415754,0.9988280314407365,-0.04155522887971968,0.017793960501001863,0.04112015210209194,0.9989957497711337,-0.0012802527416188494,0.016232261245471696,0.08008786193118864,0.02723799417745562,0.1728058779609266,0.17231102288594527,0.05510516280019885,0.056336447558423,0.05261284333303328,0.06308528445925628,0.05990004490402213
recon_face/synergynet/FaMoS_180426_03336_TA__multiview_expressions__IMG_0135,3.7355438319203444,3.7355438319203444,2698,I,0.019302990212315782,0.014111019752033039,0.0268077202116621,60,0.003415140808267588,0.6906894920376198,3.9971227110363543,0.9998483210702401,-0.013417931186288853,-0.011103782044971632,0.012694278574394837,0.9979417505471055,-0.06285791761151403,0.011924350904677208,0.06270742888733583,0.9979607147667897,-0.0006004013767685458,0.0157255646332721,0.076999706007188,0.02877889199615804,0.1701503199037085,0.16965654076550987,0.0550225454845541,0.058618949480635646,0.051873454005004226,0.05953104324421752,0.0614567047519321
recon_face/synergynet/FaMoS_180426_03336_TA__multiview_expressions__IMG_0136,2.4152512252967235,2.4152512252967235,2688,I,0.015711330655537415,0.010420242369284873,0.02354095483809904,60,0.00340390280321725,0.6848441970856433,3.960720512084663,0.9998851962756011,0.013649686822188692,-0.006578777892486129,-0.013897848936074288,0.9991315513011169,-0.03928094944847412,0.006036891903335265,0.039367870710513335,0.9992065485633427,-0.0003671948766016146,0.017886291771901083,0.08064134432504755,0.026897109845048818,0.17564015882688294,0.17522068707476665,0.053511370512754404,0.05362031371942441,0.048248325647194126,0.06295251166763897,0.06027055762973059
recon_face/synergynet/FaMoS_180426_03336_TA__multiview_expressions__IMG_0137,1.230416561361623,1.230416561361623,2688,I,0.015732548775884186,0.010709932004945442,0.022381927981563764,60,0.0034518779522367047,0.6947541278247332,4.012994333170354,0.9997894728010877,0.020506763035435076,0.0006947992025111039,-0.020510751638293405,0.9997696232976269,0.00632529829758262,-0.000564927743645074,-0.006338217504130968,0.9999797537228017,-0.0008043983816871504,0.014123587756639563,0.0836808723621856,0.027760627936410813,0.17694652635556082,0.1793766789161876,0.0576907638562304,0.050788342825172715,0.04661291345360139,0.058950553585932444,0.060278580007066984
recon_face/synergynet/FaMoS_180426_03336_TA__multiview_expressions__IMG_0147,2.0857372080636534,2.0857372080636534,2684,I,0.01499773506925244,0.01006212331080019,0.02382075452377437,60,0.0034151831066786295,0.6898678464855178,4.242442600894719,0.9993383198571426,0.036340598458053375,-0.0015110820009130493,-0.036342521429438564,0.9993385914655382,-0.0012652050519061633,0.0014641042496229644,0.0013192844208465514,0.9999980579417957,-0.001261821092793424,0.014380622285921012,0.08312386237170533,0.026596755245641365,0.1796357071950836,0.18251010444283772,0.059010785023419256,0.052949933541924954,0.05171909992907528,0.05980445712991228,0.059379903272401086
recon_face/synergynet/FaMoS_180426_03336_TA__multiview_expressions__IMG_0148,3.5380624893231185,3.5380624893231185,2697,I,0.01539356466503536,0.01016434601496259,0.01840188991940573,60,0.003471723171838085,0.7087074492463791,4.125617698999122,0.9980981480729546,0.061394923946004834,-0.005545279704602768,-0.061378734486071944,0.9981099058914116,0.003044127843211747,0.005721692601518533,-0.002697976112167183,0.9999799913791635,-0.0013487305410042694,0.01232343803480418,0.08220925282695837,0.027409742424050903,0.1801551535399222,0.1806949080534724,0.05889553256739357,0.05252121630909217,0.0565968141391787,0.06032012154536668,0.05798299276733969
recon_face/synergynet/FaMoS_180426_03336_TA__multiview_neutral__IMG_0125,3.4984811354163985,3.4984811354163985,2690,I,0.017583384776413132,0.012570314936539576,0.025208065356845534,60,0.003423745690439888,0.6915689686826054,4.039706228068098,0.9984873583849401,-0.046852033410835936,-0.028772940599364107,0.04607307298240786,0.9985686669090627,-0.02716411996393939,0.030004451193487106,0.025797372593492452,0.9992168075427126,-0.0009890533346699276,0.016505667051890986,0.08066596399084722,0.02744567399824637,0.1714046938407195,0.17276804790847575,0.05576897382760842,0.053634142422904194,0.050316154010283325,0.06182796220708717,0.05889269973955569
recon_face/synergynet/FaMoS_180426_03336_TA__multiview_neutral__IMG_0127,1.0620755752743638,1.0620755752743638,2690,I,0.014827723012077711,0.009522152397759115,0.0227654822248828,40,0.003432546708136521,0.694120208564718,3.827526377979666,0.9998296772289186,0.00714551929122544,-0.017016406388379552,-0.007174758631277332,0.9999728867790573,-0.0016578737413409904,0.01700409864999232,0.0017796799762995583,0.9998538360021844,-0.0018907520135522616,0.015070549022255124,0.08196430994716192,0.02564921150197386,0.17571336957660602,0.17823374405948475,0.05941607945755272,0.05344732464238074,0.04865197165290657,0.05875153753734359,0.06017696475019528
recon_face/synergynet/FaMoS_180426_03336_TA__multiview_neutral__IMG_0153,1.489540554188597,1.489540554188597,2688,I,0.016063126373111015,0.010919195908076117,0.024091664046743937,60,0.0034850815009880333,0.7020625147179402,4.015689052874222,0.9997581819455554,0.021878903603209383,0.0022116080212198335,-0.021907462108582163,0.9996642087952684,0.013839536035967536,-0.0019080715078539205,-0.01388464010521286,0.9999017831928643,-0.0002371920948004811,0.012482409153592403,0.08338972909886261,0.028958969893930653,0.17597177781652412,0.1773977131502326,0.05765689485433301,0.050795422187543765,0.047985588294400035,0.05849619848700496,0.059425451119199856
recon_face/synergynet/FaMoS_180426_03336_TA__multiview_neutral__IMG_0158,2.023379928790549,2.023379928790549,2696,I,0.0160234869677546,0.010852640901433305,0.018027914839692658,60,0.003461989410144066,0.7087343520634929,4.0548464260064065,0.9993806843482124,0.03461686633481198,-0.006318252674281824,-0.03463499602840093,0.9993961539924716,-0.002782882528562989,0.006218102750113211,0.0029999917021362337,0.9999761673399895,-0.0014353377274201932,0.011358708698131811,0.08140736810684437,0.02715067024077911,0.18024517058511258,0.18083547769156486,0.0580009862819417,0.05118420122480072,0.055631146171280774,0.056942490811128246,0.05952784476445835
recon_face/synergynet/FaMoS_180426_03336_TA__multiview_neutral__IMG_0159,4.084990902622514,4.084990902622514,2711,I,0.018658318097139213,0.013490722047918317,0.019706210652604327,60,0.0034879975326388194,0.7113812388252236,4.156268134014681,0.997532297402902,0.06938471808464508,-0.01072737313618217,-0.06950919573865025,0.9975126736779379,-0.011702032287525383,0.009888748447326639,0.012418806231142568,0.9998739850130812,-0.0009484437104855014,0.009903103293801369,0.08113297457947072,0.029673815228714446,0.18001924523051868,0.17906246360351075,0.06035524580663888,0.05099017677085285,0.06524142016553625,0.059790385959526765,0.056817512479138216
recon_face/synergynet/FaMoS_180426_03336_TA__multiview_occlusions__IMG_0121,2.4079531581647315,2.4079531581647315,2689,I,0.01501666968016387,0.010305229421260376,0.022982376773087287,60,0.0034608341436367556,0.6980063905374059,4.1020425229799,0.9996565106889782,0.026065322114342156,0.002731230530674961,-0.02614096905543992,0.9991196594921538,0.03281090905667753,-0.001873599204375762,-0.03287103587291713,0.9994578453474975,-0.0002903754036122522,0.013455651156505877,0.08474167480895511,0.02701541163574945,0.1774121387735503,0.1791790790725393,0.0586914654637023,0.050536918038291676,0.04875938618146783,0.05778079472214037,0.05899330132923741
recon_face/synergynet/FaMoS_180426_03336_TA__multiview_occlusions__IMG_0123,2.1001658195731383,2.1001658195731383,2701,I,0.01608692805067187,0.010822018512117787,0.01817855514097857,60,0.0034798499560593703,0.7086253243678993,4.058705920120701,0.9993391123954123,0.03570883889262728,-0.006798327859910523,-0.0356768152458439,0.9993519723679705,0.004774953210457026,0.006964430390517744,-0.004529254816029066,0.9999654906846271,-0.0012250107390206805,0.010869361159501767,0.08265904092233037,0.027111225437877483,0.1780176380969523,0.17709282383960043,0.059205403393431916,0.05066686435603224,0.05846592403893915,0.058005596281409194,0.057052921508785
recon_face/synergynet/FaMoS_180426_03336_TA__multiview_occlusions__IMG_0124,3.019242240040913,3.019242240040913,2704,I,0.01694436205810055,0.011876882384429297,0.019278719386970438,60,0.0034990817261579357,0.7153955699091621,4.120286079123616,0.9988135558463752,0.04869776215081336,-9.283869104852235e-05,-0.04868607133161007,0.9986120713498249,0.02008973401281145,0.0010710349261984112,-0.020061378714209394,0.999798176617797,-0.0001528942770433868,0.009935457707404977,0.08228916607911502,0.02837307662728906,0.17879709223068904,0.17998754153154883,0.05842786477770175,0.05290207325694263,0.06107036587562622,0.0571284124133637,0.06004033742045224
recon_face/synergynet/FaMoS_180426_03336_TA__multiview_occlusions__IMG_0164,0.787725347305742,0.787725347305742,2692,I,0.01536833143609137,0.01034643993193821,0.02408292625210037,58,0.0034210656265760706,0.6923767397105328,4.038439363008365,0.9999082409708713,0.008497718611430198,-0.010549806488198827,-0.008472958854087938,0.9999612490660208,0.002389421390419641,0.010569702303964028,-0.002299814063139591,0.9999414944127883,-0.0010130753910718693,0.0151751803142465,0.08346241848761768,0.026843342859357664,0.17591549350018373,0.1763509711705996,0.058336682213635,0.05323431988124337,0.05018704937176335,0.0583377440428309,0.06007737731685317
recon_face/synergynet/FaMoS_180426_03336_TA__multiview_occlusions__IMG_0165,1.5395095387255469,1.5395095387255469,2698,I,0.01648133461241988,0.011268691403202292,0.018087514405869094,60,0.0034974724126694613,0.7095332100676905,4.070230862824246,0.9999033263256891,0.011014306764702947,-0.008486639459503169,-0.010816288662647113,0.9996761274841919,0.023035799047936782,0.00873761422751469,-0.022941778150432277,0.9996986190412126,-0.00024270286893035955,0.010451262776651829,0.07968605389711689,0.027070585621428556,0.1807186641406417,0.18119614368707274,0.06093426622581778,0.05282697811053946,0.05713697946955115,0.05844877844583122,0.05737983301323914
recon_face/synergynet/FaMoS_180426_03336_TA__selfie__IMG_0151,4.863580279981463,4.863580279981463,2692,I,0.01869127934836992,0.013131599771662169,0.02432902445365594,60,0.0034074453790626986,0.681669519636715,4.027150359004736,0.9995598912887175,0.02915875223686483,0.0054581035970688654,-0.028632925942626272,0.9964212606583309,-0.07952878007379968,-0.007757530460867163,0.07933749728880954,0.9968176273747856,0.00013816457068782233,0.021008912139912683,0.07826186830209783,0.030514629770619865,0.16951698050689165,0.17169357733706728,0.05225536891781321,0.05634001491709267,0.047086863668179366,0.0623795259365706,0.06217629633118467
recon_face/synergynet/FaMoS_180426_03336_TA__selfie__IMG_0152,2.0773135320268863,2.0773135320268863,2690,I,0.015574802897954185,0.010596198376025441,0.024534724914211888,54,0.0034364574961613247,0.697586008322586,3.9726598320994526,0.999383685211993,0.03507567644448955,0.0013952254502640879,-0.03506162817427516,0.9993440321322219,-0.009065741639889015,-0.0017122972476905412,0.009011235413295389,0.9999579319523707,-0.0008922009566678542,0.015238828218411452,0.08197094666870944,0.02707095148393345,0.17538781801246098,0.17819655298657233,0.05603298311514546,0.052674373673713706,0.05123092485074268,0.05931083241897657,0.059199053986481745
recon_face/synergynet/FaMoS_180426_03337_TA__multiview_expressions__IMG_0184,1.621713923993272,1.621713923993272,2691,I,0.014970485792817958,0.009536222929411038,0.01785765451807335,60,0.0034563852188434076,0.7047213075617221,4.013711547013372,0.9996799637053697,0.024244328636989877,-0.007223759061043996,-0.024334042559263525,0.9996244564665345,-0.012601603338811806,0.006915528812342163,0.012773353628802001,0.9998945028843391,-0.0012768899904318793,0.01450416458850963,0.08051237532073191,0.0265807138616549,0.17609947773606743,0.17889378779342466,0.05700096729912544,0.05101824719094987,0.055238964829797864,0.05894325738304858,0.059810469775391874
recon_face/synergynet/FaMoS_180426_03337_TA__multiview_expressions__IMG_0185,2.91163690359434,2.91163690359434,2696,I,0.01787959743131922,0.012681583055208669,0.026054783412141604,41,0.003424374276142114,0.6916723444453972,3.9179795309901237,0.9999869513299434,-0.0030102526610555564,-0.0041274142948515505,0.00279781154615931,0.9987178902891133,-0.0505445137182602,0.004274274253825423,0.05053230645220734,0.9987132804685354,-0.0001613508858342034,0.01656515769562237,0.07697443173712665,0.027812326958247726,0.17229058371870495,0.17163936781046815,0.055081198418068356,0.05681517821935697,0.052764512389942175,0.0630105257578653,0.06118978810450684
recon_face/synergynet/FaMoS_180426_03337_TA__multiview_expressions__IMG_0186,2.1151450178502684,2.1151450178502684,2694,I,0.017537354402747524,0.012452341822653066,0.0252925882198439,60,0.003409810089772091,0.6921258240004263,3.955339539097622,0.9998876754440471,-0.012323539547172245,-0.008530349824540996,0.012028794222257649,0.9993568425939008,-0.033781789033564026,0.008941174680004087,0.033675384686428445,0.9993928276016206,-0.00019623037005212792,0.014559609717948119,0.07856188286633983,0.027542054695592073,0.17678712774435978,0.17603650233851342,0.05422510970989283,0.05512478932071506,0.05088804024110411,0.061735576353491695,0.058749762863494356
recon_face/synergynet/FaMoS_180426_03337_TA__multiview_expressions__IMG_0187,2.308363094354703,2.308363094354703,2694,I,0.017570666027808036,0.012424197147318568,0.023502789155647408,53,0.0034074738469874423,0.6912841906438273,3.9189141320530325,0.9999287927174699,0.00106975016445013,-0.011885500795863606,-0.0015262082558154056,0.9992588912577767,-0.038462175323797906,0.011835547428940345,0.03847757628625201,0.999189369409119,-0.0007685603339168405,0.013919044987705138,0.07807229128916512,0.027473456215856094,0.17204081063027127,0.17345364852788836,0.054806328304876605,0.054068628297068516,0.050715328757052515,0.061655639287097816,0.05971937519219231
recon_face/synergynet/FaMoS_180426_03337_TA__multiview_expressions__IMG_0188,4.047545115411051,4.047545115411051,2697,I,0.017759132226350612,0.012452847945798753,0.019471966530000988,60,0.003421611625882375,0.692229117241513,4.005848863860592,0.9990395152295299,-0.040795262347917124,-0.01599354807134168,0.039847005373275256,0.997652394403491,-0.055694848089952426,0.018228087467638356,0.05500405904063191,0.9983197335104255,8.160036549580303e-05,0.015889851125042515,0.07849408488012213,0.0281951024234565,0.17194431617437492,0.1726561873500399,0.05494335920261944,0.05359277104092417,0.05455931513310703,0.06353192195024092,0.06019952054024022
recon_face/synergynet/FaMoS_180426_03337_TA__multiview_expressions__IMG_0189,4.420226276093574,4.420226276093574,2702,I,0.019363875400875228,0.014111593992985805,0.026490393819532655,60,0.003426667114111579,0.6926483753836365,4.1213161090854555,0.9973305060343273,-0.06725246632754489,-0.02844235408987643,0.06652916025892647,0.9974545785418928,-0.025656082730150305,0.03009539115136319,0.0236953480387329,0.9992661296735563,-0.0017641282420223954,0.011026651477648558,0.0809173233787551,0.030041173301547434,0.17479493521579081,0.17421760680661263,0.05659096076488749,0.05493385211362681,0.054320292390079315,0.06148159329791276,0.05699029364934538
recon_face/synergynet/FaMoS_180426_03337_TA__multiview_neutral__IMG_0178,4.452907232368975,4.452907232368975,2700,I,0.018329612179832172,0.013102875919256834,0.025372710317443654,60,0.0034031181919440775,0.6855346081270567,4.01145202293992,0.9982472387074602,-0.05512502752909443,-0.021533270834900704,0.053971632731622275,0.9972442367145642,-0.050901819219655337,0.024279894423482988,0.049650414696195286,0.9984714933573617,-0.0004996616714237301,0.014754877643341102,0.08009537219997273,0.030001529569008166,0.17507460479057088,0.17535904808616198,0.05423751446213113,0.05536157534544583,0.05063821661791149,0.06199111477747095,0.05975358230495164
recon_face/synergynet/FaMoS_180426_03337_TA__multiview_neutral__IMG_0179,4.02617206992148,4.02617206992148,2708,I,0.020091172205707147,0.014954554277856701,0.020931206645017898,60,0.0034402537936638533,0.7021398937308571,3.9996838700026274,0.9976496840831459,-0.06335756532255621,-0.026094573481800432,0.06294968641387448,0.9978857441093997,-0.016167210137317544,0.027063717948462507,0.014486566868217213,0.9995287362308192,-0.0025168653194595726,0.008586512932299097,0.08055076326284333,0.030337352479683024,0.17736415143113443,0.17674602152791688,0.05693003041406255,0.05179225235889128,0.061708970361081465,0.06071290765393001,0.05749914273026923
recon_face/synergynet/FaMoS_180426_03337_TA__multiview_neutral__IMG_0180,0.8337981522961148,0.8337981522961148,2698,I,0.01812229996975601,0.012930919798426388,0.018972751973920444,60,0.0034422310040093827,0.7039758550091519,4.06245773890987,0.999911972743397,-0.009379640890043088,-0.00938451390227236,0.009323386529404976,0.9999384134422623,-0.006020281238838172,0.009440404018442438,0.005932255839495401,0.9999378416244795,-7.532534351623185e-05,0.011143757391493328,0.07915408685750538,0.02791353740637193,0.17245331014061105,0.17340380665267022,0.0582096833565174,0.051646133713810265,0.053254465695140536,0.060281312093701175,0.05827738060091615
recon_face/synergynet/FaMoS_180426_03337_TA__multiview_neutral__IMG_0181,0.753058037433907,0.753058037433907,2693,I,0.0160724722803149,0.010782905620127943,0.02453935474933,60,0.00341861452328035,0.6974096799394037,4.048491587862372,0.9999357634800696,0.009809192907514355,-0.0056787893105353145,-0.009846761205633844,0.999929567388815,-0.006625824882710883,0.0056133953441299695,0.006681316945056853,0.9999619241734107,-0.00037362652640206956,0.013179126592489376,0.08070003513892154,0.02599738524839469,0.17309754242644643,0.17393648264033446,0.058801475316714515,0.0551507293379244,0.05395889150515033,0.05873372308645829,0.058206058321652904
recon_face/synergynet/FaMoS_180426_03337_TA__multiview_neutral__IMG_0211,1.2145907836951806,1.2145907836951806,2692,I,0.015015392777994092,0.009789950464468922,0.017321133596048414,60,0.0034543175042739387,0.703254248693892,3.9754822601098567,0.9998328795815647,0.016142772151323218,-0.008580432093218527,-0.016049776138879944,0.9998128787614242,0.010798710510349724,0.008753147635434378,-0.010659191811059456,0.9999048774940582,-0.0009973757244489821,0.013089323406770104,0.08126530406424198,0.02562876413458227,0.17831395667742123,0.1774301495778919,0.057724553100892216,0.05172354517704808,0.05312833238506628,0.058138575538775286,0.057898692719628345
recon_face/synergynet/FaMoS_180426_03337_TA__multiview_neutral__IMG_0212,1.4766866827826342,1.4766866827826342,2693,I,0.014358725746135165,0.008855480663521027,0.01737715817247182,60,0.003473155740654448,0.70529642607972,3.9684328988660127,0.9996679399138265,0.024988698568241118,-0.006290854656711769,-0.024986779938273914,0.9996877081495193,0.0003834098038153737,0.006298470986085578,-0.0002260942877919642,0.9999801388750732,-0.0012489211206905225,0.014294783549427023,0.08266700065167731,0.025798289575291553,0.17802449868642134,0.17768378117623856,0.05906797856976804,0.05084144940150495,0.05668359910089004,0.05996340631655767,0.05664208679786338
recon_face/synergynet/FaMoS_180426_03337_TA__selfie__IMG_0201,6.3380598702901,6.3380598702901,2693,I,0.019264722248255012,0.013320092448109793,0.02221384965815926,60,0.0034081223287265555,0.6792514964433933,4.054543267004192,0.9999409002101423,0.008021240688856419,-0.007338650062596615,-0.008778930727873417,0.9939115538680581,-0.10983056706972268,0.006412991673549492,0.10988850160682453,0.9939232318204465,-0.0013323025140318317,0.02238086074315522,0.07649133551230206,0.03002575666301399,0.1751038730697492,0.17418448429298505,0.05154589334983208,0.055972947501008716,0.045589279633183856,0.06484833980288157,0.06327777049407343
recon_face/synergynet/FaMoS_180426_03337_TA__selfie__IMG_0202,2.431914624612295,2.431914624612295,2688,I,0.016633746702169307,0.011285641392519244,0.025184658416781202,60,0.003409810038396867,0.6913863773911337,3.9518181269522756,0.9999357544600684,0.006264071439597491,-0.009447135088122807,-0.0066451451359609654,0.9991427548951052,-0.04086070712483966,0.009183082189310764,0.0409208595904282,0.9991201900932063,-0.0010513973228261444,0.014075931939766952,0.07890045720261016,0.026632983404814153,0.1738664382425252,0.1734004613831359,0.055543552534697685,0.0549622597617168,0.0508749253641059,0.05960079215943978,0.06034794427184873
recon_face/synergynet/FaMoS_180426_03337_TA__selfie__IMG_0214,0.8394502240074642,0.8394502240074642,2690,I,0.015361013602183301,0.010017420103978606,0.01702936399474258,56,0.003447531515156848,0.6996344634583309,3.932516139000654,0.9999522705292542,0.004719171264598157,-0.008554886671630502,-0.004812288571063878,0.9999290462945601,-0.010896983764382116,0.008502854938069808,0.010937632240471062,0.9999040302243384,-0.0008897693505827509,0.013665476341913542,0.08008276255341354,0.0256922555935895,0.17915769375954907,0.17870355179207578,0.05692055292264225,0.05222501085878207,0.05435721366074018,0.059352382773402754,0.05896607861518372
recon_face/synergynet/FaMoS_180427_03338_TA__multiview_expressions__IMG_0227,2.0038865456300017,2.0038865456300017,2695,I,0.017392929976503956,0.012113771064156845,0.022392823722477855,60,0.0034115325916756704,0.6895300985400066,3.9853834419045597,0.9997319616893441,-0.017798285782495555,-0.014806275695830949,0.017404093443150366,0.9995015473756733,-0.02633921648528453,0.015267688371145963,0.02607446676043844,0.9995434056983021,-9.444665804221331e-05,0.01709842676841232,0.08086546191211919,0.02870449878121978,0.17501229940348184,0.17673943681971566,0.055403496939709695,0.0542320910397235,0.04863557775804231,0.06290514209053846,0.05868569910910191
recon_face/synergynet/FaMoS_180427_03338_TA__multiview_expressions__IMG_0229,3.0961123897874874,3.0961123897874874,2689,I,0.016854524574228882,0.011330331451143188,0.02453391300100102,60,0.003399726840068096,0.6891527410973849,4.003642868017778,0.9999446941126755,0.009787908567857384,-0.003847799601886055,-0.009978016659925846,0.99854677110544,-0.052960221850322876,0.0033238380591197126,0.05299568624679237,0.9985892095049841,-0.0007716558614396002,0.020031146061268393,0.07996545634357646,0.027964623393759054,0.17375340788327923,0.1741869993768152,0.05346478599765545,0.05333648159146992,0.04960084362875877,0.062402019698207675,0.061744024178320416
recon_face/synergynet/FaMoS_180427_03338_TA__multiview_expressions__IMG_0230,4.226531897152148,4.226531897152148,2688,I,0.018262336111172353,0.012783403876181211,0.024487722351994482,60,0.0033980023426647995,0.6810319851633939,4.051059377146885,0.9998979482224496,0.014126506711601412,0.002129541890175392,-0.013935546582430475,0.9972839388531947,-0.07232251272532872,-0.0031454223856012377,0.0722854557541385,0.9973790248468396,2.0020091974794088e-05,0.020583719215652052,0.07954781573744668,0.029350532790959293,0.17400226846959405,0.17319384633804127,0.053393779096092164,0.05664333178915996,0.0468413736728651,0.06315840359078548,0.061110492458356945
recon_face/synergynet/FaMoS_180427_03338_TA__multiview_expressions__IMG_0232,2.498723550171649,2.498723550171649,2688,I,0.016197369325719815,0.010790627820632863,0.022286610024615048,60,0.003411072349128042,0.6865710773949467,3.993500072043389,0.9995131760533339,0.031181481922406596,-0.0010611695905435098,-0.031199336821095196,0.9990493648698023,-0.030446148117106865,0.0001108047883311664,0.03046443399059941,0.9995358452721598,-0.0010371365553787668,0.01775526307184682,0.08207983170065236,0.027557875176322993,0.17303021060825693,0.17296317828531055,0.05706406156468038,0.05279147219982208,0.04590852873048438,0.05998556832594456,0.060416421021859505
recon_face/synergynet/FaMoS_180427_03338_TA__multiview_expressions__IMG_0233,1.9275196898452274,1.9275196898452274,2688,I,0.01681650753752679,0.011559099168316562,0.02198201664649864,60,0.0034251423014597204,0.6885741736737411,3.980223633116111,0.9999101207770206,0.012127824066181863,-0.005715439712198866,-0.012298371413252013,0.9994494541594832,-0.030814584872952532,0.005338579236627009,0.030882105882378313,0.9995087769039367,-0.00031850680398682306,0.01841487670727667,0.0815968385712923,0.028165224971307554,0.17476687017838322,0.17514948964158947,0.055946332084786346,0.0519037847048424,0.046355713016880906,0.0614540707456971,0.05906584543418158
recon_face/synergynet/FaMoS_180427_03338_TA__multiview_expressions__IMG_0234,3.8332640147866304,3.8332640147866304,2696,I,0.017015576186082487,0.011985475590465713,0.01905458499283574,60,0.0034418047727332915,0.702743694307618,4.073483387008309,0.9981926429838404,-0.03475933596407865,-0.049022811590854504,0.03618220630640753,0.9989403884597469,0.028442015587699456,0.04798224087864876,-0.03016436419397379,0.9983926160048646,-0.002846729581661109,0.008749110584743792,0.08311364354588768,0.02787168102344056,0.1777474916597174,0.18000742131509997,0.057503754331067004,0.05276399961596545,0.060776250771541744,0.06144919570563763,0.055847876203710026
recon_face/synergynet/FaMoS_180427_03338_TA__multiview_expressions__IMG_0235,3.1535371818253948,3.1535371818253948,2686,I,0.015599306084618354,0.010283021434882272,0.023990539171593973,60,0.003481007187063889,0.6996640526185122,4.15289952699095,0.9995114160576881,0.0003035523660080813,-0.031254392112397285,0.0011121636343997983,0.9989742053215104,0.045269196969982294,0.031236073095136492,-0.045281839165584294,0.9984857849661045,-0.002281617796162241,0.010938927036099055,0.08495143924788795,0.02831472893951395,0.1788319114886518,0.1836285787484317,0.057629640511246485,0.04942243840007033,0.04915512733621286,0.05977881009100224,0.05860938719104983
recon_face/synergynet/FaMoS_180427_03338_TA__multiview_expressions__IMG_0238,0.9858282745607427,0.9858282745607427,2686,I,0.016456803601406934,0.01104136274886142,0.025070324362482528,60,0.003547981854816287,0.7141858359036958,4.105939232977107,0.9999233239176554,0.01162224184895264,-0.004274316304544614,-0.011570355486803713,0.9998614153413377,0.011969836487066163,0.0044128402844236326,-0.011919463327791315,0.9999192233548677,-0.0007936354146108617,0.010824541103427725,0.08349183026855012,0.028281323385623287,0.17513698078038423,0.17994703287249625,0.05828607554052607,0.05035644581216846,0.04887976431607249,0.06010448154416685,0.05876626808765147
recon_face/synergynet/FaMoS_180427_03338_TA__multiview_expressions__IMG_0239,1.426196268799872,1.426196268799872,2686,I,0.0163531933843885,0.010717297887111161,0.024837504369356406,54,0.0035526917412953643,0.7121015132250001,4.021585647948086,0.9998131309616901,0.016235143916606087,-0.010493962959194561,-0.016068610145668495,0.9997466218925992,0.015763622119380028,0.01074722869247594,-0.015592052986799809,0.9998206764010678,-0.001463191009916241,0.012341110308441657,0.08458842674702449,0.028402258191624792,0.1734658557779442,0.1749581454455964,0.05970164434343331,0.05025829855362948,0.048719844854557076,0.059136536061127384,0.059398957310325386
recon_face/synergynet/FaMoS_180427_03338_TA__multiview_neutral__IMG_0215,3.1800530839096033,3.1800530839096033,2691,I,0.01595693630348132,0.010989499790801457,0.01790108730394206,59,0.0034341480917051996,0.6947080547893516,4.007912549190223,0.998532068176207,-0.04431974985429723,-0.031136290668588296,0.044690145949949356,0.9989369608832641,0.011302169538658025,0.030602282246893365,-0.012677064098633442,0.9994512456178744,-0.0009035236854767941,0.011198502476993624,0.08407834786211144,0.027619803631977247,0.17669373869072783,0.17932726301941576,0.05883345760376203,0.050364338037722785,0.05297645732024011,0.05978625501339299,0.05726348411383824
recon_face/synergynet/FaMoS_180427_03338_TA__multiview_neutral__IMG_0217,3.3627204614401234,3.3627204614401234,2694,I,0.015316612574106969,0.010031179750145273,0.01924766016980987,59,0.003504639236772191,0.7088376736114669,4.133144611027092,0.9994066034468909,-0.017642178828978217,-0.029583686601140767,0.019027473156011245,0.9987033731575656,0.04721787488860699,0.028712301406286486,-0.047752758767062066,0.9984464321024381,-0.001529880085285464,0.01107993407709898,0.08398936759064299,0.026844734301225248,0.18122583396297373,0.182679946546345,0.05963459253784292,0.05000115576273895,0.0577040781764236,0.059823113140265824,0.05695000694442539
recon_face/synergynet/FaMoS_180427_03338_TA__multiview_neutral__IMG_0219,2.316867904988236,2.316867904988236,2688,I,0.014603026647362665,0.009873596335659809,0.018540238969481662,56,0.0034798938363837626,0.7054145286121325,4.075306623941287,0.9997850013558292,0.016847664698366537,-0.012087483531980754,-0.016417972411677664,0.9992591537513159,0.034807956361916144,0.012664961342770993,-0.034602020727337306,0.9993209188823032,-0.0018847165285002924,0.012761986765593349,0.08526330892187448,0.026353806523927537,0.1792384052957953,0.1825879378299629,0.060149312768626916,0.049059682629123386,0.052385799340164706,0.05799621973435806,0.05815820293466604
recon_face/synergynet/FaMoS_180427_03338_TA__multiview_neutral__IMG_0261,1.504166549000869,1.504166549000869,2686,I,0.014336596036945932,0.009416335451901646,0.01786666473645405,60,0.0034704251368049177,0.7027057828587622,4.035179340047762,0.9999555126942871,0.00604918870062443,-0.0072373992822194,-0.005870077556691927,0.9996821443767531,0.024518409487052042,0.0073834153197862365,-0.024474834633978204,0.9996731804184078,-0.0006974035233243631,0.014213152929248254,0.08381506665510821,0.025997274145451985,0.17657496479034354,0.17777856534938585,0.05777069795500773,0.05137168062178114,0.05497679905429323,0.05997437978449472,0.05625444603340119
recon_face/synergynet/FaMoS_180427_03338_TA__multiview_neutral__IMG_0262,0.997916416762522,0.997916416762522,2689,I,0.016293202320034266,0.010111685676091817,0.023777802028716294,60,0.0035584051823482963,0.713808685870911,4.081657683011144,0.9998829370138771,0.011711955236345065,-0.009845931801788959,-0.01162963400426982,0.9998972832563204,0.008377025101908516,0.009943031802743071,-0.008261539879049453,0.9999164380473984,-0.0013063181295430188,0.01054457897512559,0.08347950735307694,0.028097834253378823,0.17795425698507528,0.18049344383069998,0.05991323035019554,0.052313993334450665,0.0473984743004988,0.06107643745246587,0.05887077484307267
recon_face/synergynet/FaMoS_180427_03338_TA__multiview_neutral__IMG_0263,1.457009831494326,1.457009831494326,2701,I,0.017297736218665413,0.012240531171888664,0.018835659156297584,60,0.003474927855090349,0.7121596708099786,3.988008450018242,0.9996767469997402,0.024001967801855695,-0.008384929913638985,-0.023999005530604564,0.999711879420973,0.00045373795251457303,0.00839340464650389,-0.0002523613009889041,0.9999647429145762,-0.0009106578755189475,0.011315092574850145,0.08286505099949995,0.027331350235752373,0.17962749455187374,0.17980344511563418,0.05981023170911437,0.048941601813131605,0.06735832607615139,0.05896076094497592,0.05572598520393354
recon_face/synergynet/FaMoS_180427_03338_TA__multiview_occlusions__IMG_0240,3.2218961457976123,3.2218961457976123,2698,I,0.017711157897931318,0.012133523051347005,0.02034518461320893,58,0.003512000719871263,0.7142875231901655,4.055051709059626,0.9992803132761099,0.011876439731309597,-0.03602507013328761,-0.010371371299371991,0.9990771256866147,0.04168130980598458,0.0364868490852566,-0.041277682942244834,0.998481278109284,-0.0038747072409903993,0.010033874139132301,0.08107203702050336,0.029494762175300497,0.18064589738673287,0.18118746503090757,0.05831683405499381,0.05450502154734441,0.058058669866575666,0.06080400922329419,0.05465152870378546
recon_face/synergynet/FaMoS_180427_03338_TA__multiview_occlusions__IMG_0241,3.0062826497170554,3.0062826497170554,2702,I,0.017656984000002162,0.012824001157743342,0.019490552623268063,60,0.0035171287788845727,0.7088344586851256,4.110277291154489,0.9997944004007723,-0.0008893053634019772,-0.020257494001729357,0.0018682101021842204,0.9988284384186458,0.04835556221555154,0.020190758239193828,-0.04838346558627894,0.9986247411012745,-0.0014809216500152713,0.00775211615844805,0.08076177732090611,0.028523981186852447,0.17983623016159886,0.18173220577027743,0.05699876898055283,0.05236150871452715,0.055618746336964286,0.05800105637932349,0.057525527591779015
recon_face/synergynet/FaMoS_180427_03338_TA__multiview_occlusions__IMG_0242,3.00731016265519,3.00731016265519,2691,I,0.015421096003624853,0.009744195292770508,0.01920231713284477,60,0.0034901364930937295,0.709087378677134,4.003305274993181,0.9999517542629853,0.009442341361916523,-0.0027076439913554145,-0.009290248036847098,0.9986272010444929,0.051550020615483784,0.0031906798323774323,-0.051522378862470776,0.9986667432324755,-0.0008548046823182104,0.010845212796238915,0.0842874256486433,0.027284092729201046,0.17727185033298526,0.17842642044791782,0.057120013001981475,0.051363676706652095,0.05392704313604987,0.05754858351541169,0.0599141866065777
recon_face/synergynet/FaMoS_180427_03338_TA__multiview_occlusions__IMG_0243,3.309967998408784,3.309967998408784,2690,I,0.015026544545960323,0.009304529194271167,0.019229542854007294,60,0.003497512610262434,0.7070768972181654,4.174091588007286,0.9996514122762103,0.02308678599301641,-0.012808366277226481,-0.02239846219927256,0.998421545196156,0.051504630658110825,0.013977225235599966,-0.05119978906825023,0.9985906162057001,-0.0019292548846764645,0.010593058798363579,0.08526701544191731,0.026573352457937426,0.17080277686003867,0.18696495895138782,0.06119749195726992,0.04910192576382595,0.05415120330669557,0.060585444364211934,0.05671547131150731
recon_face/synergynet/FaMoS_180427_03338_TA__multiview_occlusions__IMG_0244,2.31039779232143,2.31039779232143,2689,I,0.0151665647920579,0.010022000600275126,0.023782461028804103,60,0.0034866959673018833,0.6979457018769193,4.06159584200941,0.9999111105410843,0.013306812768018024,-0.0008365108801704144,-0.013265351329447703,0.9991876892982181,0.03805249018123594,0.0013421887356288476,-0.03803801110525701,0.9992753915916045,-0.00011459380037034044,0.012474685169536946,0.08391650610962897,0.027139448628356343,0.17805947381553472,0.18007769849484917,0.06049963570414581,0.05052208363351323,0.049414902312526064,0.05884800397025529,0.05936240227424389
recon_face/synergynet/FaMoS_180427_03338_TA__multiview_occlusions__IMG_0245,2.010732878628101,2.010732878628101,2687,I,0.015041404186365884,0.009975295108025728,0.023525385731119623,60,0.0034850700128401073,0.7025437483050252,4.069471437949687,0.9999396552909899,0.008702764151734392,-0.006704302548015014,-0.008474516184671443,0.9994077229496848,0.03335244944471721,0.006990590244877471,-0.033293621080410604,0.9994211656971163,-0.000862672711136317,0.013554809756268653,0.08443689646186037,0.027195946445252864,0.1761148585698529,0.17817601654744275,0.05766973446038235,0.049923445355871295,0.048810184792148714,0.059181771439060435,0.05851299469641107
recon_face/synergynet/FaMoS_180427_03338_TA__multiview_occlusions__IMG_0246,2.936131077662376,2.936131077662376,2698,I,0.016263603432259716,0.011170513465709069,0.019341625807943567,60,0.003532618163643331,0.7149261617382304,4.098228554939851,0.9997747752054169,0.009354838301107027,-0.019049563336672907,-0.008456434168683823,0.9988727979542368,0.0467078390446901,0.019465034911566134,-0.04653622790293721,0.998726935607755,-0.0013210928009137059,0.010252083655044604,0.08160080779471254,0.027269651679019364,0.17706252853849797,0.17911822511076328,0.05854647714836755,0.051801221262074905,0.059869718262456545,0.05722524329016159,0.05597512013773026
recon_face/synergynet/FaMoS_180427_03338_TA__multiview_occlusions__IMG_0247,2.532704978372367,2.532704978372367,2686,I,0.014833718184395151,0.00991104035565219,0.018646300655403233,60,0.0034516424158182214,0.702514813295399,4.0227902149781585,0.9998169539568367,0.018884965242761537,0.0030686590316689006,-0.01899222372669459,0.9990267836924174,0.03980930673976005,-0.0023138751885380744,-0.039860300462550666,0.9992025832776092,-0.0003021499833298183,0.010536280259248111,0.08525622269313599,0.02607366733253171,0.17746335672847585,0.17891166577748915,0.05810451304960642,0.05068175276273169,0.05445496488405897,0.058918863465291176,0.0577677191346585
recon_face/synergynet/FaMoS_180427_03338_TA__multiview_occlusions__IMG_0248,1.912225858046816,1.912225858046816,2687,I,0.015572165666186945,0.010510706726790626,0.023977745350704703,60,0.0034759442155676895,0.7067369368957382,4.101714156800881,0.9997714149646783,0.021300270695393874,-0.001848320271969595,-0.021245916785759975,0.9994453682432792,0.0256430676204632,0.002393499416626333,-0.025597936740253718,0.9996694537671863,-0.0007390661423192778,0.013595655137506081,0.08458401069669091,0.027648812328981472,0.17957332047310312,0.18287619380303372,0.05782002211071302,0.05110371076050699,0.049479247420370125,0.05936489056868629,0.05936721525936006
recon_face/synergynet/FaMoS_180427_03338_TA__multiview_occlusions__IMG_0272,1.800934881875873,1.800934881875873,2692,I,0.01544550702105556,0.009973973536263378,0.01787417069710828,56,0.003483888935015437,0.7096062259932336,4.142415703041479,0.9999100028143146,0.0013134027417295129,-0.013351451049059524,-0.0009334034951464811,0.9995954137231636,0.028427761458338505,0.013383386335029824,-0.02841274074873736,0.9995066788838144,-0.0013201609037577105,0.011539867700901159,0.08168848517346577,0.026380962317198137,0.18238647495212046,0.18440558450617348,0.0593057633055385,0.05054468871091862,0.05293435151754398,0.058089758542121665,0.05820068121261198
recon_face/synergynet/FaMoS_180427_03338_TA__multiview_occlusions__IMG_0273,1.1619770635663427,1.1619770635663427,2687,I,0.016487687502692496,0.011207936189756173,0.02456781545248244,60,0.0035278692805261317,0.7101030910366846,4.132566568208858,0.9998285659486517,0.01751968910402826,0.005991594675985081,-0.017568647964323662,0.9998118805463646,0.008218645085863964,-0.005846479433707549,-0.008322500347847598,0.9999482759954093,0.0003651080914034927,0.011867682441161667,0.08281470179912065,0.02849336926119581,0.1790778707411616,0.18124306716685848,0.05764204007720208,0.04942945063573058,0.047074948290793894,0.058628411997351415,0.059674474299109076
recon_face/synergynet/FaMoS_180427_03338_TA__multiview_occlusions__IMG_0274,2.5732742842341416,2.5732742842341416,2692,I,0.015083721363446205,0.00967919579256266,0.019697601935926106,60,0.0035332282026553498,0.7101250348273238,4.2240515940357,0.9998121783453212,0.019354589508295345,-0.0010039409089966948,-0.019298042568057092,0.9989925949601781,0.04051395769077397,0.0017870605543266569,-0.04048697419780546,0.9991784682102,-0.0010994777108405667,0.013204058923174576,0.08316421524995637,0.027888648529272846,0.18501589804031354,0.18714552151956754,0.05927700280880641,0.0506268142891296,0.0571842775558474,0.05792899105976371,0.05852457756114531
recon_face/synergynet/FaMoS_180427_03338_TA__selfie__IMG_0254,5.610275346934315,5.610275346934315,2690,I,0.02127845575422276,0.01467801211991176,0.024434757150124064,60,0.003458029363746777,0.6830891579769512,4.035849855048582,0.99975998532025,0.020643555831624503,-0.007335894974761568,-0.02124866723028795,0.9952300018141806,-0.0952141671700339,0.0053353437931043714,0.09534719236334795,0.995429780052333,-0.0008532225423880891,0.01672199480821135,0.07625862945237946,0.03132831465380286,0.17399859777248572,0.17310857965624346,0.05037409786027883,0.05378122900552742,0.04401962849647394,0.06403120159859657,0.06423416493479281
recon_face/synergynet/FaMoS_180427_03338_TA__selfie__IMG_0275,1.234496532116456,1.234496532116456,2685,I,0.015309498906602704,0.010492021698888842,0.023112822126824393,52,0.0034135266955907075,0.6949871023550931,4.042643293971196,0.9999529793777007,0.0070594840879717145,-0.00664851247050771,-0.006930265419474256,0.9997904469411194,0.019262233164709264,0.006783100682907576,-0.01921525148645381,0.9997923602705903,-0.0005531056875401972,0.012142071664833012,0.08339475867960389,0.026712717106854102,0.18107163084590716,0.1834471981408448,0.05555519519116503,0.052200686497759864,0.050041260708028355,0.05951910662044564,0.05856392716236967
recon_face/synergynet/FaMoS_180427_03339_TA__multiview_expressions__IMG_0289,2.2845551137655082,2.2845551137655082,2698,I,0.016617305428660176,0.011416481980201365,0.024660718400885562,60,0.003429224453244596,0.6952984092903645,4.014538210816681,0.9992558098086719,-0.027554576727310338,-0.026992070409558408,0.027281510253906162,0.9995733431030365,-0.010433166158178232,0.027268035533969098,0.009689017452605723,0.9995812008931142,-0.0015791930429341404,0.012242014341657247,0.0803586694851817,0.02758807431902243,0.17815440387855627,0.17699429448809434,0.05479258224926233,0.05299943500969006,0.050663574519412696,0.0600408817444705,0.0578400141694106
recon_face/synergynet/FaMoS_180427_03339_TA__multiview_expressions__IMG_0290,1.0657447567430425,1.0657447567430425,2693,I,0.015712809811331215,0.010602268246946786,0.017829483676449463,59,0.0034234207486993173,0.6951757310680655,4.0007036360912025,0.9998295305080883,-0.010165367139316967,-0.015413475756567359,0.010130739902145395,0.9999459844873112,-0.0023229758364221092,0.015436257092005053,0.0021664299260337264,0.9998785068938952,-0.001190603573545628,0.012632236135623254,0.08104389328874753,0.026727688862990994,0.17592825583859162,0.17578118722198807,0.0590185671638344,0.05429894123105556,0.05636487167144501,0.05965643386847853,0.05700619965776729
recon_face/synergynet/FaMoS_180427_03339_TA__multiview_expressions__IMG_0291,0.6583294217687219,0.6583294217687219,2691,I,0.016046074420580352,0.010770523581294088,0.02483274969446582,51,0.0034190290885093674,0.6972507844406692,3.8296754111070186,0.9999399955829128,-2.5854763383348e-05,-0.010954659518904532,-1.21100517051117e-05,0.9999939948861681,-0.0034655511753271554,0.010954683335932776,0.0034654758884421224,0.9999339905163119,-0.0010823834126735105,0.01322874795349923,0.08073435465062856,0.026921585233840032,0.17019241629713147,0.17039382945957407,0.05519957301902097,0.05513918743876312,0.051527455619076165,0.05809793236125151,0.059899307066848186
recon_face/synergynet/FaMoS_180427_03339_TA__multiview_expressions__IMG_0323,1.1795389665299587,1.1795389665299587,2693,I,0.014962208446382432,0.00972907917586898,0.02257073333185082,60,0.003458756953425081,0.7004988255644771,4.051630966132507,0.9999000162164439,-0.003846814971309595,-0.013607335702933071,0.0040499649239097504,0.9998802865879197,0.01493352861764541,0.013548260200885918,-0.01498714473925706,0.999795894239466,-0.0005224142072366504,0.014229818545110788,0.08158440046170048,0.026104292200882222,0.1764132029545191,0.17797098829184385,0.05616793721117133,0.0508721176398086,0.050043098049743634,0.060309288434465785,0.05790885236288621
recon_face/synergynet/FaMoS_180427_03339_TA__multiview_expressions__IMG_0324,0.5817332418054874,0.5817332418054874,2693,I,0.015022057716314978,0.009881184294687316,0.023208928151513063,60,0.0034336555275194846,0.7001348182055391,4.087137019028887,0.9999517322505822,0.0015604675911519922,-0.009700418029993113,-0.0015356354170859034,0.9999955265961534,0.0025668290843724657,0.009704380089703977,-0.0025518088838219354,0.9999496553719571,-0.00023295145420729104,0.013075426591452749,0.08124583550021433,0.025887968576105275,0.17581813451773942,0.17545687748816946,0.05661771556098335,0.05240352175054838,0.05205299374580753,0.0587749147221284,0.059123674089578644
recon_face/synergynet/FaMoS_180427_03339_TA__multiview_expressions__IMG_0325,0.8671078637369901,0.8671078637369901,2690,I,0.015147690299482753,0.009833523045414285,0.02216556751972027,54,0.0034273024111765027,0.7029882774368386,3.9326024469919503,0.9999134983781729,0.0004396676799635436,-0.013145434700102106,-0.0005380518744321268,0.9999718670379562,-0.007481686494711487,0.01314177542434329,0.007488112242476321,0.9998856044136949,-0.001143655574595153,0.0150261373026533,0.08067415134116585,0.02537267021673225,0.1737515493566509,0.175243684590879,0.05447342396873906,0.05176984521489047,0.047830570722710575,0.0594631557858167,0.05822208746571138
recon_face/synergynet/FaMoS_180427_03339_TA__multiview_neutral__IMG_0284,1.86919764484899,1.86919764484899,2689,I,0.01409028857040557,0.008723310633342479,0.016639772639710088,60,0.0034527275118636197,0.7030244022055439,4.063063088804483,0.999646776702609,0.024797105210542854,-0.00956166310119512,-0.024611805866150145,0.999515882846317,0.019033101427599675,0.010028999954653188,-0.018791048696749794,0.9997731320898683,-0.0013978253973075585,0.01312206848399295,0.08350938090133125,0.026393781631248288,0.17885619119363302,0.1790613001383017,0.05838285073884234,0.050011059777571996,0.05642580348378247,0.05821297612560121,0.05953615582178292
recon_face/synergynet/FaMoS_180427_03339_TA__multiview_neutral__IMG_0285,1.3443284172944594,1.3443284172944594,2689,I,0.015778060760829053,0.010369677709397023,0.02303994879889812,60,0.003512595721217215,0.7104541419457884,4.027107944013551,0.9997314692288658,0.022731891758970356,-0.004500058949752599,-0.02271525069257213,0.9997350723396752,0.003715174283580488,0.004583319699343775,-0.0036119566777903815,0.9999829733297917,-0.0005704165126044652,0.013847231069701336,0.08377239079904567,0.027593311200248057,0.17459257848913937,0.17892669141655126,0.0561167890224032,0.05060027381683564,0.047926928632480624,0.060918794644633865,0.05911426836093222
recon_face/synergynet/FaMoS_180427_03339_TA__multiview_neutral__IMG_0286,1.5019875480682658,1.5019875480682658,2692,I,0.016665914440075376,0.011050287232551697,0.023095252294893797,60,0.0035513720991175416,0.709204198906505,4.034913040930405,0.9996565228197809,0.026196743400581528,0.0007530066860138695,-0.026196393045622726,0.9996567044449884,-0.00047143354154391946,-0.0007650982056839214,0.00045154555576755646,0.9999996053655953,-0.00010999951152671568,0.012839321550353146,0.08400399838692407,0.02765013318406368,0.1770240330469923,0.1774271450023159,0.058029661424744805,0.04810243761493698,0.04623335079013118,0.057160043857991005,0.05861045499154057
recon_face/synergynet/FaMoS_180427_03339_TA__multiview_neutral__IMG_0314,2.831933911186948,2.831933911186948,2692,I,0.015475469232894069,0.010406862219615065,0.01916869920300989,60,0.003521586715192276,0.7060770991119648,4.102792844176292,0.9989977760583968,-0.02105817543373578,-0.03949679325943678,0.02188036792473523,0.9995503740115131,0.020501202718928222,0.03904731655126767,-0.021344860291095318,0.9990093613221543,-0.0027692925519302875,0.014498416644539762,0.08304115367386172,0.028194287613847284,0.1789631572078991,0.17932261351928902,0.05968791099724942,0.05050439470718012,0.05469092865822767,0.05832165808997319,0.05738381028997022
recon_face/synergynet/FaMoS_180427_03339_TA__multiview_neutral__IMG_0315,0.949170567544947,0.949170567544947,2690,I,0.01446503245335585,0.009006976187421278,0.02103906333704783,60,0.0034652362543662976,0.6997541337470902,3.956892763962969,0.9999820560185838,0.004255175541236715,-0.004216766766147757,-0.004189542369403635,0.9998718136614878,0.01545328379415507,0.004281982669488323,-0.0154353401776891,0.9998716992184633,0.00036987570793942825,0.014074591661078335,0.08284467583707336,0.025887062787274363,0.17491574247402744,0.17824450005219544,0.059386281334739194,0.051776502850051725,0.04861569206926813,0.05943942290376869,0.057721597803437316
recon_face/synergynet/FaMoS_180427_03339_TA__multiview_neutral__IMG_0316,0.9533552912916918,0.9533552912916918,2688,I,0.014520480127222863,0.009390462354161981,0.01680467284632846,51,0.003436480183444317,0.6983722055049816,3.839023406850174,0.9999225231955613,0.005513151340097673,-0.011160321165800617,-0.005389594221365717,0.9999241889356446,0.011071072916519676,0.011220511590460542,-0.01101006556270451,0.9998764316534084,-0.0011810519271258147,0.013197686017199506,0.08230779378750253,0.026236196960015435,0.17508212632434425,0.17626524429166082,0.05857961323326621,0.051598906676913546,0.055503074351736466,0.05764511325456738,0.058758277027812285
recon_face/synergynet/FaMoS_180427_03339_TA__multiview_occlusions__IMG_0304,1.237553240061021,1.237553240061021,2694,I,0.015331494177820168,0.010080837569358117,0.0167485913400446,60,0.0034477892666048456,0.6955681334183315,3.97106662299484,0.9998997290519384,-0.009079492940006904,-0.01086713622870173,0.009255512654120774,0.9998249869812623,0.01625825616197524,0.010717617616345845,-0.016357206848094823,0.9998087689437207,-0.0006388511568904006,0.010379016408619907,0.08176948252322172,0.025631998707997837,0.1767988349052309,0.18013388874641595,0.0575656138442604,0.049492726636840505,0.051266425461616943,0.05915644847789606,0.058519692578486
recon_face/synergynet/FaMoS_180427_03339_TA__multiview_occlusions__IMG_0308,0.6626897632175818,0.6626897632175818,2689,I,0.014242959590898066,0.008966216896837078,0.02213591025612975,60,0.0034526035055032953,0.702715246094255,3.9882315259892493,0.9999783991458144,5.470832230919222e-05,-0.006572537468416143,7.844141731878693e-06,0.9999547137791795,0.009516844501582742,0.00657276047362936,-0.009516690485527994,0.9999331134740758,-0.0004681219057245607,0.014402911599663198,0.08303300656444362,0.026089508099615355,0.17430509292578805,0.1750511828350211,0.057711348447944316,0.0524451644821925,0.05044075322663877,0.060591599184386204,0.05695726052527142
recon_face/synergynet/FaMoS_180427_03339_TA__multiview_occlusions__IMG_0327,3.560884680637773,3.560884680637773,2692,I,0.017946628867974407,0.012676825201317438,0.02451664122624958,60,0.0035837114752042746,0.717398813703596,4.159169595921412,0.9985427234856595,-0.034357650635170885,-0.041617078425490846,0.03562219995673038,0.9989138999705639,0.03003463527065076,0.04053995860980406,-0.03147335839134184,0.9986821013052578,-0.0026090900355757365,0.008239880830347879,0.08259725590781569,0.030079828674833355,0.17530654829456088,0.17910436017061784,0.05857372251044012,0.04993379479414991,0.04740632851942202,0.06031174173705702,0.06001118223829131
recon_face/synergynet/FaMoS_180427_03339_TA__multiview_occlusions__IMG_0328,1.748703377346962,1.748703377346962,2691,I,0.0148790432463868,0.009513295834451029,0.01771797815164061,60,0.0034849348251460117,0.7096351239189473,4.073277617106214,0.9997990037968072,-0.00939162642555247,-0.01771297151791519,0.009796702877374002,0.999689243163441,0.022922515482329726,0.01749218738877627,-0.023091436862786884,0.9995803163948196,-0.0008468528552581921,0.013529286880310631,0.08218666053063883,0.026430206290282275,0.18047841869191336,0.18314377075184035,0.059339387683015436,0.05146096414507855,0.055466537770271857,0.06007853530696008,0.05705479703042473
recon_face/synergynet/FaMoS_180427_03339_TA__multiview_occlusions__IMG_0329,1.5917302295626383,1.5917302295626383,2690,I,0.01453578071270548,0.009237781289298152,0.017812658423804993,57,0.0034628401806735855,0.7047357252167873,3.999203145969659,0.9999042167081522,0.011690116445437316,-0.00740935805240785,-0.011508267657502902,0.9996426343726418,0.024128060843094132,0.007688770043377501,-0.024040480902363385,0.9996814182994516,-0.001065342421850943,0.01362902616810055,0.08320947514506385,0.02578037132096934,0.1756340177513978,0.17774766728684524,0.0588517017108522,0.05202409419665841,0.05417067349289768,0.05896719544512837,0.058036978068906224
recon_face/synergynet/FaMoS_180502_00145_TA__multiview_expressions__IMG_0397,1.158439293152538,1.158439293152538,2698,I,0.01631655256695734,0.01107581690031268,0.02513389166401444,31,0.0034819870304795392,0.7121061459318793,3.8565607590135187,0.9997990973650104,-0.012795075562293808,-0.015428899813858768,0.012835771618581482,0.9999143881785384,0.0025415114586963636,0.015395060086486105,-0.0027390426966840496,0.9998777374109492,-0.0006759998265826502,0.012638647565627367,0.07930945974771314,0.027023290800598402,0.17728342933477884,0.17848291466722382,0.056815184520199166,0.055020332690097366,0.05477414542828402,0.05957159693284237,0.056819216817412574
recon_face/synergynet/FaMoS_180502_00145_TA__multiview_expressions__IMG_0398,1.265168912889236,1.265168912889236,2699,I,0.016945479399150937,0.011584142731407775,0.024509416979658517,60,0.0034380705225825325,0.7018390501105248,4.035120057873428,0.9999778358477485,-0.0013709360252695901,-0.0065152396478017904,0.001233472199124151,0.9997775327881144,-0.02105619810042446,0.006542656921133667,0.02104769504066743,0.9997570645781342,2.5925792553210987e-05,0.013008294769083398,0.0782052198597902,0.02667523532614008,0.17677721530579807,0.17708779034029185,0.05581236489667146,0.05465818660590129,0.05358654029315607,0.058547980979599124,0.05864111240380308
recon_face/synergynet/FaMoS_180502_00145_TA__multiview_expressions__IMG_0399,1.3225838552029794,1.3225838552029794,2691,I,0.016535470928457387,0.011111721808133869,0.017983386312618914,60,0.0034127827628991905,0.6955617511757463,3.9186895359307528,0.9999753168950507,-0.002007710122778529,-0.006733104833860725,0.0018591878754760324,0.9997564029051659,-0.021992686751894874,0.0067756196089027625,0.021979625797228654,0.999735458523268,-0.000284692291328231,0.013160778437791315,0.07960688290616086,0.027107866211895128,0.17388687328765673,0.17356944520800785,0.055297455285384496,0.05523704621006874,0.05529978905511638,0.05957531938896956,0.05973119943132131
recon_face/synergynet/FaMoS_180502_00145_TA__multiview_expressions__IMG_0406,1.7106958704402726,1.7106958704402726,2701,I,0.019581293167081862,0.014524823689270619,0.020332842792511303,60,0.0034733396860110875,0.7177962850149942,4.046907786047086,0.9997671476381224,-0.002102569821441978,-0.02147625907086479,0.002545226039967418,0.9997844561721935,0.020604927101968616,0.0214283066978801,-0.020654791129854577,0.9995570055156653,-0.00015041784554218729,0.007823651299732552,0.08007557114041627,0.029380647222442765,0.17808419758751629,0.18099633907344997,0.057237198897864716,0.054869664368389616,0.07004102564331052,0.058964192385055646,0.05948281097783858
recon_face/synergynet/FaMoS_180502_00145_TA__multiview_expressions__IMG_0407,0.8032777794663334,0.8032777794663334,2696,I,0.017117878168396338,0.012021486668649668,0.018171362289063266,60,0.0034378829235673313,0.7040002687905086,4.027312526945025,0.9999785834233739,0.0059303955707159075,-0.002768231015862885,-0.00589561867795161,0.9999056575149913,0.01240635925309479,0.002841544472033025,-0.01238977311686923,0.999919206309753,0.0006533468074862029,0.010895190717726544,0.08072731212557904,0.02796738943272557,0.17862307153424875,0.18099657477189177,0.05682529504814694,0.05369493126805736,0.05888964890973458,0.05964194338637692,0.058541635426227284
recon_face/synergynet/FaMoS_180502_00145_TA__multiview_expressions__IMG_0408,1.5544896103824761,1.5544896103824761,2701,I,0.018182502411687184,0.01303708927494464,0.01926913787892047,60,0.003466026575777182,0.7138847627350822,3.9733328190632164,0.99963795572558,0.024477893213249675,-0.011170954150136135,-0.02443911809697771,0.9996948580045223,0.0035944938392022774,0.011255531059247051,-0.0033201842055571337,0.9999311423280182,-0.0003903722363351812,0.01015055878032576,0.07974170011973011,0.02863146335339597,0.17530500085724354,0.1748308824435317,0.058631256260034056,0.05546268934282647,0.060177321214068435,0.058036281920474456,0.0587931686349072
recon_face/synergynet/FaMoS_180502_00145_TA__multiview_neutral__IMG_0388,1.1875437854353907,1.1875437854353907,2692,I,0.015089734603027679,0.009817621886457122,0.018801766090391372,49,0.0034698791900625633,0.7029681180158429,3.984326298115775,0.9999479809915546,-0.00030477791424652153,-0.010195215610038675,0.0004886716983664401,0.99983715307595,0.018039637716677902,0.010188057267379497,-0.01804368142593915,0.9997852914749823,-0.0011936770920007997,0.013237759741742225,0.08295872138802401,0.027101663736172236,0.17587330935909828,0.18118633529465378,0.059916199700844025,0.050629524986425214,0.05328138502057108,0.05960140488737093,0.05932989016313427
recon_face/synergynet/FaMoS_180502_00145_TA__multiview_neutral__IMG_0390,1.009017772804734,1.009017772804734,2691,I,0.014482688539815191,0.009348229695350752,0.01691545929646819,60,0.0034337879953568137,0.6955255694931703,3.8922151199076325,0.9998831088965013,0.014513512764883841,-0.00480900100744971,-0.014470938684058297,0.9998568065991119,0.008772584056428293,0.004935633400924547,-0.0087019678606869,0.99994995638696,-0.0008216354282833023,0.01361647680517833,0.08274382039301406,0.026281971264952495,0.17519377360993643,0.17594074773441395,0.059050412054125215,0.05257637496312878,0.05388485526626658,0.0574223596216318,0.05857482717241956
recon_face/synergynet/FaMoS_180502_00145_TA__multiview_neutral__IMG_0392,0.5539586790794695,0.5539586790794695,2688,I,0.01443933450486803,0.009306421523662522,0.016631336751545402,60,0.0034357818378241427,0.7008419177596076,3.9494676501490176,0.9999822958136394,0.002690027191788132,-0.00530771259493672,-0.0026495028604262656,0.9999674016374875,0.007627306009606552,0.005328057232763393,-0.007613108174656734,0.9999568252629937,-4.814831313560623e-05,0.013491893528221229,0.08206288532378983,0.02497615604286044,0.1752840331014588,0.1775929217409894,0.05951246056364653,0.05145802861858284,0.05318447055122169,0.05892477335045869,0.05882333292889004
recon_face/synergynet/FaMoS_180502_00145_TA__multiview_neutral__IMG_0394,1.148087152565935,1.148087152565935,2688,I,0.014648921855619631,0.009398048371297802,0.0224611602240643,60,0.0034273005510493705,0.6945329951093671,4.0118809919804335,0.9998423999591064,0.00977474848882817,-0.014819903373297132,-0.009912007383211732,0.9999083971137622,-0.009216804816322033,0.014728453878424195,0.009362247239160685,0.9998476988886777,-0.001349998180537796,0.015259796749717489,0.08200313445404245,0.025819270514113493,0.17842835421071657,0.17683625928163305,0.05646063605978846,0.05377921597882098,0.049864774780604436,0.058796973982900014,0.05866650889543585
recon_face/synergynet/FaMoS_180502_00145_TA__multiview_neutral__IMG_0395,0.9467412126958713,0.9467412126958713,2689,I,0.014655906178343874,0.009492101783715519,0.022363197440319144,60,0.0034309763232661756,0.6940830116305443,3.9979203219991177,0.9998749528387938,0.013027684412570337,-0.008964269321461531,-0.012984604564196426,0.9999039474176024,0.0048472655188379924,0.009026556925687263,-0.004730261889699057,0.9999480715979816,-0.001389460715862249,0.014692883885838393,0.08338594758953236,0.025938480060924238,0.17654317152400464,0.17862407067150357,0.057230506397727386,0.05120580344305456,0.049867737604694075,0.06011482005507108,0.05985176725511339
recon_face/synergynet/FaMoS_180502_00145_TA__multiview_occlusions__IMG_0412,0.8616908301245483,0.8616908301245483,2689,I,0.015206400393789087,0.01020036397317801,0.02294371699909762,49,0.0034102915733638583,0.6923635474799035,3.96873071603477,0.9998892969966783,0.01324596321435778,-0.00677777323402049,-0.013260737283752063,0.9999097836164572,-0.0021395033955386774,0.0067488219845565425,0.0022291448163122385,0.9999747418386167,-0.0011489263059385568,0.014975338700105596,0.08123528455159021,0.026576059106884906,0.17340881591464333,0.17336333549834804,0.05658421688546137,0.05443918001852692,0.047985682186368624,0.06058098375454428,0.0588037263406013
recon_face/synergynet/FaMoS_180502_00145_TA__multiview_occlusions__IMG_0413,0.822862639206351,0.822862639206351,2688,I,0.014994040643045594,0.009914360512096992,0.023179982307886596,56,0.003449180153950444,0.6970999502076068,4.005105844931677,0.9999441295358283,0.010385958631776866,-0.001967147715611308,-0.010366343609790173,0.9998989085321192,0.009731990363805907,0.0020680249030845367,-0.009711054503835663,0.9999507081318676,-0.0004448899961985749,0.015213170315436342,0.08270383844369253,0.025933672525074794,0.17680413038369372,0.17904610126822254,0.05845146395428043,0.05310996598967032,0.049680208814845764,0.05946201449040211,0.05976096597194867
recon_face/synergynet/FaMoS_180502_00145_TA__multiview_occlusions__IMG_0414,0.7596149342659311,0.7596149342659311,2688,I,0.015326058853922037,0.01030006535612814,0.02267277038349719,60,0.003447806980390414,0.6951552458854698,3.988079861039296,0.9999447767849213,0.005269344077182771,-0.009092711012084663,-0.005195683683162582,0.9999536499128836,0.008105732352293494,0.009135001456898937,-0.008058041877451325,0.999925807102449,-0.0006321644262954724,0.014031704966634834,0.08352135900526009,0.026728946159010062,0.17744148548286612,0.17930977397757933,0.056793811120953885,0.052014717889546945,0.0452768601684067,0.05890013235839952,0.05886029820225385
recon_face/synergynet/FaMoS_180502_00145_TA__multiview_occlusions__IMG_0415,0.9143596312442146,0.9143596312442146,2689,I,0.014724047703038763,0.009465905943083615,0.016901285964653037,48,0.003430310295311667,0.6953249801092822,3.871184176998213,0.9998775630548427,0.013983316613107134,-0.007023229741816174,-0.014005231774504778,0.9998971753224414,-0.0030809519865442002,0.006979425653384894,0.0031789367245346374,0.9999705905569676,-0.0004963423664824837,0.01641180460793059,0.08318270016143794,0.025292833430467926,0.17652694425864207,0.17660567454016002,0.05730747891420583,0.051457900880242526,0.05302845893191957,0.059263073015893605,0.05838255566763873
recon_face/synergynet/FaMoS_180502_00145_TA__multiview_occlusions__IMG_0416,0.855110410792969,0.855110410792969,2691,I,0.015642199445142075,0.01067034883324577,0.023286569648019124,52,0.0034157495557131036,0.6951955188194341,3.908256565919146,0.99991936219242,0.011251308810057967,-0.005888731846921067,-0.011204796639951683,0.999906231547805,0.007872778678767185,0.0059767587337584485,-0.007806161792342838,0.999951669928657,-1.6523532830476766e-05,0.012753326257224737,0.08169731720431822,0.025674761808873552,0.1743046583009328,0.17555491576301047,0.05536182470271204,0.05293733842815542,0.0487811545224272,0.061218202647418306,0.05838502317225908
recon_face/synergynet/FaMoS_180502_00145_TA__selfie__IMG_0418,1.134770394440322,1.134770394440322,2690,I,0.015236455783703685,0.009927306919248235,0.022457075583573703,58,0.0034176090176836742,0.6933384427944116,3.96328127104789,0.9999497712603312,0.007744516571357894,-0.00636218669067869,-0.007852061453021704,0.9998236970010623,-0.017056378456968602,0.006228971612477957,0.017105478017446604,0.9998342875369127,-0.0006216851714543128,0.014828064418764463,0.08076087222663839,0.026007114390874764,0.17500411060324328,0.17501723916573697,0.055770939233938166,0.05304812933815864,0.04870451050484184,0.0595615683168868,0.061160096929664384
recon_face/synergynet/FaMoS_180502_00145_TA__selfie__IMG_0421,0.7323862341617555,0.7323862341617555,2687,I,0.015408587923484087,0.010541239749148808,0.023160806181412627,60,0.003449562974386587,0.6914037999112065,4.015950265107676,0.9999351500431327,0.0012396323184039194,-0.011320734072155527,-0.0011739001712363023,0.9999824260897616,0.005811150490478801,0.011327738812546227,-0.005797484225954507,0.9999190324771523,-0.0008856090245075547,0.015075958453745653,0.08364107487738537,0.0272824370716812,0.17216276192776886,0.17660432099563425,0.05531766335171163,0.05258566945197211,0.045929612708715366,0.060850897798106096,0.05938462098868206
recon_face/synergynet/FaMoS_180502_00145_TA__selfie__IMG_0422,0.7689655837729542,0.7689655837729542,2686,I,0.014673627931074233,0.009587724074344023,0.01770843790644358,59,0.0034425359247124516,0.699499730398738,3.964649904984981,0.9999350464860087,0.00913710710686552,-0.006812934958010911,-0.009088599986285039,0.9999333695769792,0.0071171452646990405,0.006877511127851324,-0.007054762940538582,0.9999514639023932,-0.0006556033054177305,0.014850392237409492,0.0840349334293832,0.026107470086502046,0.1741620961845932,0.17680122766702736,0.057247183412061836,0.05015299683928661,0.05286401844367273,0.05997458567259296,0.05936145341617885
recon_face/synergynet/FaMoS_180502_00145_TA__selfie__IMG_0436,1.0721161865733781,1.0721161865733781,2688,I,0.014711141977656344,0.00966188966868466,0.017726759606823603,60,0.003461800224672705,0.6984216095944742,4.073557120049372,0.9999033373126373,0.013903788433202582,-2.6424497106995375e-05,-0.013902367420861405,0.999824942871823,0.012522291781079695,0.00020052716693335588,-0.012520713979636477,0.9999215926812937,-0.0002871401396981547,0.013282058517419384,0.08406274285196952,0.026504740374529087,0.1784885743202954,0.18142167843859813,0.05833869718809662,0.05031624510338611,0.05265737627288578,0.058622529516209,0.05807440403937444
recon_face/synergynet/FaMoS_180502_00145_TA__selfie__IMG_0437,0.864260652914121,0.864260652914121,2685,I,0.016001745988325017,0.01070965493982619,0.02291569777507822,60,0.0035126305097688422,0.7085089530348885,4.033970871008933,0.9999287240773079,0.007349917352056539,-0.009408798012717764,-0.007262871464245063,0.9999308184076731,0.00925251839532943,0.00947615234259341,-0.00918352402294412,0.9999129289209636,-0.001068436734647407,0.012925778608839894,0.0834180313028921,0.02734021868105833,0.1762780670319422,0.17689095258465207,0.0578376434863648,0.049894514211325854,0.04584457683083956,0.058903065569313046,0.059659353813459916
recon_face/synergynet/FaMoS_180502_03340_TA__multiview_expressions__IMG_0341,2.554649110375243,2.554649110375243,2693,I,0.016555014212294702,0.010906820695831022,0.023295959664443675,49,0.003446321875404053,0.7041214486365328,3.938769821776077,0.9994941581460075,-0.025463674809184784,-0.019053322471865027,0.024856000808609564,0.999195338451704,-0.03147784681624445,0.019839532650926826,0.03098833460508382,0.9993228287508475,-0.0005182986928295361,0.016204742486109376,0.07981236934313984,0.027753284007862984,0.1755137673468081,0.1755366544530868,0.057268990316000225,0.055499997675298535,0.05541073819323967,0.05953715688248479,0.05878367363787137
recon_face/synergynet/FaMoS_180502_03340_TA__multiview_expressions__IMG_0342,1.9679748323591537,1.9679748323591537,2690,I,0.015433939538909439,0.010194616121369918,0.022531755152132463,60,0.003407322335288152,0.6861262670352809,3.9348072060383856,0.9999166979714021,0.012902612388919632,-0.0003459935085667531,-0.012907087901263612,0.9994101876757673,-0.03182269397452123,-6.480644819316605e-05,0.03182450884818592,0.9994934699319932,-0.0002480463772350811,0.01766767885496153,0.08046560705971953,0.026492909152600632,0.17632742226923406,0.17581657466975661,0.054635185905469855,0.05146246508998755,0.04722190352205689,0.058935946233934874,0.06021558016318361
recon_face/synergynet/FaMoS_180502_03340_TA__multiview_expressions__IMG_0343,1.3186296288457258,1.3186296288457258,2691,I,0.015243601405338834,0.009979182974103445,0.02412796625437583,60,0.0034009644301638262,0.6964903910833699,3.9598558738362044,0.9999119018643272,0.010228012221363358,-0.00846027635858923,-0.010385255258700299,0.9997701574788316,-0.018755764126374856,0.008266497642635618,0.01884197390806532,0.9997883001095643,-0.0005697666673255483,0.016068216419884415,0.08089281422034808,0.02619148663701575,0.17554525068820628,0.17574320828932719,0.05512479909201625,0.05366468509072052,0.05047070696998517,0.06126329931760747,0.05914232210689405
recon_face/synergynet/FaMoS_180502_03340_TA__multiview_expressions__IMG_0344,1.6499794157534653,1.6499794157534653,2691,I,0.014948039938218527,0.009365531985840274,0.023428557753045007,53,0.0034188192506556725,0.6980198827683578,3.9437414568383247,0.9997546976705873,0.017981601569896397,-0.012930834875387385,-0.0182165159475175,0.9996668589416673,-0.018284684313222457,0.012597739175220205,0.018515753797290202,0.999749200464292,-0.001543105951350534,0.016589440547803737,0.08202117568123718,0.025566832838062,0.1741604973266132,0.17486784654760482,0.058447802038176726,0.05303356928094675,0.05287887897445597,0.057281997391267145,0.05950219831919483
recon_face/synergynet/FaMoS_180502_03340_TA__multiview_expressions__IMG_0345,1.61560727520172,1.61560727520172,2694,I,0.015588255060966899,0.010217993383515315,0.02331319695753414,60,0.0034417420531655594,0.705148158032437,3.9606957980431616,0.9997270460785554,0.019024855143978132,-0.01356053928857801,-0.01923653798534939,0.9996923979129859,-0.015654557206246002,0.013258542355199894,0.01591114206259479,0.9997855003013796,-0.001482215209017265,0.01318058776334799,0.08041281506158104,0.025983141097798156,0.17408290488370207,0.17433779310303135,0.05683831161968778,0.05181058756607318,0.051505627591180415,0.05949125964437792,0.057931898417944966
recon_face/synergynet/FaMoS_180502_03340_TA__multiview_expressions__IMG_0381,0.935087821101085,0.935087821101085,2689,I,0.014965286151272555,0.009888221860003455,0.023390516999954973,47,0.003423352094416691,0.6931133839601179,3.8824542658403516,0.9998900742224381,0.010654055842084724,-0.01031167132720352,-0.010724123410148239,0.999919619514731,-0.006763703615500327,0.01023878159403944,0.006873543745998644,0.9999239579827266,-0.0012589799403529085,0.014554134304738044,0.08073102925819159,0.02609722925820182,0.17550773930831434,0.1784043674016522,0.05632818412832599,0.05485768595435368,0.04978936974573526,0.05911346309892731,0.05911841622447201
recon_face/synergynet/FaMoS_180502_03340_TA__multiview_expressions__IMG_0382,1.8025370816509183,1.8025370816509183,2698,I,0.01656214925817627,0.011324074305187826,0.018017055330820805,41,0.0034520451294256507,0.7019999747396277,3.770409744931385,0.9995187956896321,0.02949052635176026,-0.009616959948153453,-0.029540336283184185,0.9995506846753092,-0.0050791039955520485,0.00946285345044766,0.005360748139707345,0.99994085664301,-0.0009915835292620993,0.012948916058656494,0.08038601137060294,0.02631062487411858,0.17309784229748643,0.1723730834918929,0.06065906012035911,0.05414931804048592,0.05486563364270282,0.057767164797886336,0.05745374379989168
recon_face/synergynet/FaMoS_180502_03340_TA__multiview_neutral__IMG_0331,2.967968335496427,2.967968335496427,2689,I,0.016707139355726618,0.011324656726073948,0.020237992158162705,60,0.0035205328189304324,0.7027841043803685,4.15636613802053,0.9987807506054595,-0.03969699795213799,-0.029345537541228216,0.04015087764247349,0.9990803916546713,0.015042540865394631,0.028721407426078642,-0.016202449343722825,0.9994561327995986,-0.0018052690258718498,0.01337179101964276,0.08392287815482621,0.027955699977084414,0.18122111323390092,0.18256871073878853,0.06113600708378426,0.04908358066357271,0.05290785646698907,0.0600523542892825,0.05667191483211948
recon_face/synergynet/FaMoS_180502_03340_TA__multiview_neutral__IMG_0333,1.2497860086235066,1.2497860086235066,2693,I,0.015009115549139565,0.009647963740899523,0.023880261811037078,60,0.0034384611096409776,0.7000077351825851,4.010734731797129,0.9997670946102115,0.013017299487288256,-0.017213554215048894,-0.01307159578633984,0.9999099250100978,-0.003045529494057586,0.017172359134805217,0.003269828796568895,0.9998471974763882,-0.00204936793953012,0.014236308796401892,0.0811419051439799,0.025636795402512833,0.17784098691133526,0.1788534788743488,0.056854526312079795,0.053513776584249224,0.05189515562723681,0.060144216260558964,0.05877977091325235
recon_face/synergynet/FaMoS_180502_03340_TA__multiview_neutral__IMG_0334,0.8115968980652958,0.8115968980652958,2687,I,0.014970093308426215,0.01007733548554113,0.021740519250431373,60,0.003442903740410267,0.698014314568656,3.986660478869453,0.999906642889744,0.010273724985313063,-0.00900866693181386,-0.010240028845647089,0.9999404302352373,0.0037785963278485204,0.00904695054714691,-0.0036859945597716736,0.9999522819264445,-0.0012316452689987813,0.01597237946249827,0.08316442923548303,0.02680243976126208,0.17555405198740037,0.1764686622623037,0.05557251386363003,0.04995948320344631,0.04670877172670655,0.05882793163594737,0.060660511437191915
recon_face/synergynet/FaMoS_180502_03340_TA__multiview_neutral__IMG_0338,1.409641876215919,1.409641876215919,2699,I,0.014749916861743397,0.008916951853659753,0.01934013624478885,60,0.003526928292944745,0.7165024407145163,4.151963690062985,0.9998319315189585,0.01827977549192669,-0.0013994724124434996,-0.018254356426509934,0.9996985644997779,0.016418240116910544,0.0016991723050864636,-0.016389934260006976,0.9998642322177697,-0.0010694925635613298,0.013336148829509023,0.08357408406271619,0.027617440223487947,0.18114610813219614,0.18398524406106687,0.06283592786372726,0.047873229783248004,0.05539287217477004,0.05692710911373834,0.058279829414508516
recon_face/synergynet/FaMoS_180502_03340_TA__multiview_neutral__IMG_0373,0.9554803885887124,0.9554803885887124,2688,I,0.015112702243269717,0.01011960343012237,0.022913064436192673,60,0.0034601633245264353,0.7046022107144387,4.01306631998159,0.9998873859735666,0.013735894882751416,-0.006044879049106738,-0.013691580058395394,0.9998795282772551,0.00731228880437637,0.006144591642483157,-0.007228701392647349,0.9999549939220882,-0.0008577772055775809,0.014407061290672998,0.08443402352911353,0.026174373123593015,0.17205206605953438,0.1760399024144992,0.055937403851654806,0.05275113700534897,0.049202178241555546,0.06153898395614001,0.05891778198969861
recon_face/synergynet/FaMoS_180502_03340_TA__multiview_neutral__IMG_0375,1.5992050454650708,1.5992050454650708,2694,I,0.014575390520833547,0.009030717381947053,0.021168948848313076,60,0.003449521929572729,0.704541652183475,4.003742709988728,0.9996361274012001,0.024963386246888066,-0.010219693802677269,-0.024889578300970796,0.9996636496711254,0.007286728909938857,0.010398157833560915,-0.0070297135998398765,0.999921227617642,-0.0017559699644668575,0.014738027349290028,0.08336968119212645,0.025911364277451335,0.17493965385138305,0.17772483514557913,0.0567919861288292,0.04991374347850752,0.04977626541957283,0.05749429340991115,0.05920340196548276
recon_face/synergynet/FaMoS_180502_03340_TA__multiview_neutral__IMG_0376,2.209264627632331,2.209264627632331,2706,I,0.01712064714343453,0.011889397765065613,0.019690780688343592,54,0.003534715401691338,0.7180702543550425,4.147641048068181,0.9993015984509265,0.0373512164433013,-0.0010963410183932607,-0.037339147489784744,0.9992575070854574,0.009498557684894835,0.0014503096769430295,-0.009450987438508866,0.9999542866742848,-0.00010548275924408991,0.013122782577167098,0.08100548252462414,0.027755223932420747,0.1823281531417401,0.18467440962039594,0.05955638520999338,0.050154096078258784,0.06401927547395467,0.05716801591318528,0.057829001459991376
recon_face/synergynet/FaMoS_180502_03340_TA__multiview_occlusions__IMG_0357,3.435769178653391,3.435769178653391,2749,I,0.034447808916020096,0.029756493933086547,0.03952393202122015,60,0.0037389645159941884,0.6893216019112688,4.727976436028257,0.9985289804364776,-0.03138224547553623,-0.044215720025814816,0.0325019790617888,0.9991630204421104,0.02483706782343218,0.04339926941268827,-0.026237630417244483,0.9987132171772503,-0.005206615655374441,-0.014196732962176894,0.07209858630828256,0.04496542591392569,0.14995701475089623,0.15262417997090785,0.05959807441343745,0.06353464251837487,0.04950161634615587,0.07127458243497231,0.06974517125830419
recon_face/synergynet/FaMoS_180502_03340_TA__multiview_occlusions__IMG_0359,0.9562944325869359,0.9562944325869359,2688,I,0.01591965869944453,0.010517462078739553,0.01893459046863785,60,0.0034915807095034215,0.7037755872739513,4.0261213718913496,0.9998962898292831,-0.0033435084091714452,-0.014008231050108729,0.0034615478388014143,0.9999586382329,0.00841067832958151,0.013979530471196842,-0.008458296218612974,0.9998665060661263,-0.0013633696419789029,0.01344402664301033,0.08443771567000433,0.027377692623985022,0.1730722167500849,0.17707793781444695,0.058456800856176154,0.04904983779822015,0.049051351634702575,0.062010243455908096,0.05831766185175816
recon_face/synergynet/FaMoS_180502_03340_TA__multiview_occlusions__IMG_0360,0.9831333877250955,0.9831333877250955,2684,I,0.017141099809854114,0.011718102469448603,0.025182544384056264,60,0.003551465150305643,0.709939229441494,4.104777971981093,0.9998570486118263,-0.0031041533388521045,-0.016620667053321325,0.003055629002555227,0.9999909976110424,-0.0029441175707184677,0.01662965641999891,0.002892910112734984,0.9998575326507433,-0.0022409763026590684,0.012331164268749882,0.08298695456638569,0.02914190492665111,0.17896172976399427,0.1808827584410401,0.059422676149828095,0.04975679708982805,0.04781085975778642,0.05988038638851708,0.06035807216243442
recon_face/synergynet/FaMoS_180502_03340_TA__multiview_occlusions__IMG_0361,1.0436337753667915,1.0436337753667915,2686,I,0.0155074738083687,0.010065754962168837,0.023685423133921378,60,0.0034788231439402935,0.7008112691726355,4.018733588047326,0.9998557370835779,0.015022894412015486,-0.007925759556114602,-0.01497044706367681,0.9998659178091756,0.0066356701492298,0.008024383824914185,-0.006516060704227335,0.9999465736813791,-0.0013617308814590093,0.014669232179312645,0.08396049898123706,0.027492544700479824,0.17744931855912566,0.1778228360321803,0.056591381458398336,0.05019498953554388,0.04938132474222224,0.057980923467503005,0.05766088868867753
recon_face/synergynet/FaMoS_180502_03340_TA__multiview_occlusions__IMG_0362,2.341018438282197,2.341018438282197,2693,I,0.017388820652583577,0.01193265911654064,0.024820404872770763,60,0.003528410688305202,0.7095846237930081,4.102533666882664,0.999272889359069,0.034056522781404586,0.017141932446983994,-0.03380149431981494,0.9993166899780918,-0.014953665536476236,-0.017639489043756625,0.01436336963490635,0.9997412375404977,0.0008961709613974496,0.012642546090005584,0.08121594421664763,0.029355618689933586,0.1769424367746928,0.17644857215785117,0.057694294370111816,0.05168895439852537,0.04916922695674945,0.05822361995383215,0.06047083544126723
recon_face/synergynet/FaMoS_180502_03340_TA__selfie__IMG_0365,2.582583981465253,2.582583981465253,2687,I,0.016573542811554362,0.01166554334860022,0.022373029476031526,60,0.0034229583932437837,0.6858460617619934,3.964993208879605,0.9997192970832569,0.023689118026197036,-0.0003908023783726333,-0.023686686175371275,0.9989843144970394,-0.03833119208827922,-0.0005176266874016914,0.0383296892241512,0.9992650133906384,-0.0003277517883406117,0.017286033592267394,0.08178666084313399,0.027221500337501103,0.1728527736702169,0.1745283556751449,0.0562504440962364,0.051176850465765304,0.04501330497191777,0.06081667321386392,0.05892741170750222
recon_face/synergynet/FaMoS_180502_03340_TA__selfie__IMG_0367,1.2698456156761355,1.2698456156761355,2689,I,0.015122536945008369,0.00958170866752843,0.02311250652872056,60,0.003423008322718354,0.6956791295395475,3.9414364588446915,0.9998745369678623,0.013663753126485977,-0.008013249890063585,-0.01378631766246253,0.9997856742235438,-0.015444839354411119,0.007800497972042053,0.015553374806527966,0.9998486109224315,-0.0007496604344825652,0.013385127202125237,0.08116061526283572,0.02503188646031058,0.17411278741946598,0.17489438224948672,0.05838710997739791,0.05289702977546163,0.05117366998536451,0.059643459902764415,0.05657350890268125
recon_face/synergynet/FaMoS_180502_03340_TA__selfie__IMG_0384,2.597437362377915,2.597437362377915,2690,I,0.016079944936147426,0.010872231182251066,0.023094324050272293,52,0.003415638898273271,0.6889650288020243,3.9226121141109616,0.999896184328697,0.01104084198638152,-0.009258529750704821,-0.0114284827796959,0.9990132721337107,-0.042917034870218744,0.00877555390087284,0.043018390357254487,0.9990357389727377,-0.0015899143165101857,0.017877197102849664,0.08069202607196677,0.026835417040739978,0.17495281810929061,0.17768737024657105,0.05528353404643782,0.05210993598834831,0.046832645690146245,0.061817365298343904,0.06028492400298549
recon_face/synergynet/FaMoS_180502_03341_TA__multiview_expressions__IMG_0451,4.435569209198976,4.435569209198976,2691,I,0.019774361048000445,0.01282588945073488,0.024254990137016007,60,0.0034709129587210405,0.6876582907899506,3.953861661022529,0.9997988670274265,0.008279481357511,-0.01826679170310373,-0.009620941156740016,0.9971659527043224,-0.07461568373030128,0.017597243589053863,0.0747764197841304,0.9970450461550547,-0.002004094646229211,0.011262895028235034,0.07906108586964461,0.03002423387661731,0.1729024519768474,0.1768712827035767,0.05275108713447647,0.05274428581677003,0.041950860425645844,0.06300259430007979,0.0626869573013033
recon_face/synergynet/FaMoS_180502_03341_TA__multiview_expressions__IMG_0452,2.3252179691165162,2.3252179691165162,2691,I,0.01586706872829696,0.011073306935488034,0.022912286408003604,60,0.0033800536538031722,0.6809769221182626,3.9258263770025223,0.9991820400497322,-0.017812041624339088,-0.036304022025516365,0.01769255657302723,0.9998369578547889,-0.003609868362172602,0.03636240206541093,0.002964604670911683,0.9993342718205849,-0.0021820750714674265,0.014341892686536073,0.08383963714501452,0.027160110857231506,0.17208393316171355,0.17229607451585777,0.05666130202144186,0.05369938609592928,0.046017937261431864,0.05992252256118394,0.05692238033027219
recon_face/synergynet/FaMoS_180502_03341_TA__multiview_expressions__IMG_0453,1.5027334062489055,1.5027334062489055,2691,I,0.016329367340671752,0.01117686862445321,0.017967927306527416,60,0.003412266279864345,0.6928401934284406,3.8673065800685436,0.9998041968367086,0.010996691791129594,-0.016451162796440228,-0.011278219124625054,0.9997898460549547,-0.017119155901725695,0.01625945143850239,0.017301343735720474,0.9997181071401364,-0.0013539819985120207,0.014206008759841703,0.0807773340679859,0.026444993476400395,0.1749345729682171,0.17569527099638846,0.05722826419109262,0.051484371738247214,0.05158305132928703,0.05915140128518675,0.057848817776413985
recon_face/synergynet/FaMoS_180502_03341_TA__multiview_expressions__IMG_0479,1.8881626393723883,1.8881626393723883,2690,I,0.015275828618586397,0.010062381336195244,0.02350778188025374,58,0.00341595342949537,0.688030040020247,3.9374244378414005,0.9999108446111843,0.0127533552807796,-0.0039566094107718565,-0.012866755094540615,0.999464128853153,-0.030098201759305294,0.0035706361176002805,0.03014642706671791,0.9995391155391702,-0.0005473134946875827,0.01710960473650637,0.08047710371758818,0.025776525054813502,0.17541779012090591,0.17512286263055285,0.05636346040208381,0.052053661132151596,0.047981210675995714,0.059652450432355446,0.05949798268141161
recon_face/synergynet/FaMoS_180502_03341_TA__multiview_expressions__IMG_0480,1.511758261625909,1.511758261625909,2688,I,0.015366522374436224,0.010275057431204375,0.022905862913210673,60,0.003426621748081154,0.692938415824368,4.065065616974607,0.9997773460938075,0.0203129769816909,-0.005713248092387598,-0.020400915292203434,0.9996673470934285,-0.015779664458636582,0.005390815602876632,0.015892706545082708,0.9998591705764405,-0.001786148477087465,0.016442088905403128,0.08254672316349748,0.026476163679288095,0.17693127274648537,0.17950760233258875,0.0576481207685837,0.05356921961419518,0.04891055887703231,0.05817536587848558,0.058892508188355536
recon_face/synergynet/FaMoS_180502_03341_TA__multiview_neutral__IMG_0442,3.8212275512445766,3.8212275512445766,2698,I,0.019007404786705658,0.014098393222076256,0.026126095044250126,60,0.0034233864487413558,0.6930188383745124,4.18654179899022,0.998712270517726,-0.0028039013654547707,-0.05065509702351093,0.0006100832816729126,0.999063116900253,-0.0432725807866996,0.05072897116754816,0.04318595358082091,0.9977783044833144,-0.002972965146566405,0.017520482478604785,0.07945426863293042,0.030591391821183908,0.1733736754801777,0.1761924884122979,0.05716732403167915,0.059046856552425815,0.055219373642041436,0.06571691204844946,0.05640992886300462
recon_face/synergynet/FaMoS_180502_03341_TA__multiview_neutral__IMG_0445,0.8330408618798948,0.8330408618798948,2690,I,0.014737703831044308,0.009464937819434196,0.023237575842347816,47,0.0034227250186509507,0.6976289535242857,3.855958584928885,0.9999103544096103,0.00892513599546948,-0.009981236992927916,-0.008981541278812162,0.9999438684904494,-0.005620656955476124,0.009930511603316818,0.005709799980430551,0.9999343894093651,-0.0008484632957750692,0.0130792608983826,0.08157315311262783,0.025222291073488872,0.17391834924723423,0.1740015915737092,0.0573595542955641,0.05386863683127572,0.05157486557598941,0.05784624400225392,0.05794387723744031
recon_face/synergynet/FaMoS_180502_03341_TA__multiview_neutral__IMG_0447,0.40906114894192747,0.40906114894192747,2687,I,0.01497469345968664,0.009796912948821535,0.023115118771113632,47,0.003430764791908451,0.6947493391405405,3.907136362977326,0.999975676795568,0.0037047245957750785,-0.005909385155434458,-0.0037137315605671995,0.9999919580662318,-0.0015139355203096995,0.005903728918391923,0.0015358445667017766,0.99998139341006,-0.0003374678852221685,0.013954132231463044,0.08103754249000553,0.025471093117165958,0.17509674870844952,0.17686172728452149,0.05625078886870718,0.05346709698051088,0.051064757942000896,0.057196329918027054,0.05814021738633907
recon_face/synergynet/FaMoS_180502_03341_TA__multiview_neutral__IMG_0474,1.3350524914804984,1.3350524914804984,2689,I,0.014667942606541053,0.009527017061493519,0.022414557824484233,46,0.0034371720031275716,0.6985693308876688,3.8329997649416327,0.999730280671937,0.023060901099108775,-0.002749681455538445,-0.023065988056923715,0.9997322645317764,-0.0018328800081434664,0.0027066774036921385,0.0018958097645930406,0.9999945398864781,-0.0008368371961386381,0.015906105486872983,0.08198362601386561,0.025546036500213497,0.17418598305635236,0.17581328954947478,0.05783219597327408,0.05348975462532358,0.04900527830427627,0.06116436289880844,0.05844734131452243
recon_face/synergynet/FaMoS_180502_03341_TA__multiview_neutral__IMG_0475,2.4235754805379135,2.4235754805379135,2686,I,0.015234956869900389,0.010191320445358752,0.023145192165413723,53,0.0034612550563282497,0.6995212705283751,3.946253502042964,0.9991465730712629,0.04125065520693686,0.0021234323514957585,-0.04126820683970508,0.9991073907094674,0.009019807866916963,-0.001749463971699981,-0.009099740365483224,0.999957066128888,-0.0008493961950398689,0.014211945733966037,0.08418530420683862,0.027464722275096727,0.1768131419720806,0.17603347711463593,0.05836309205802075,0.052371858486300334,0.051335649118032546,0.05964254973591333,0.0582539315432468
recon_face/synergynet/FaMoS_180502_03341_TA__selfie__IMG_0468,6.2071196462142515,6.2071196462142515,2691,I,0.019703727429446687,0.013782357935515717,0.021921606018688866,60,0.003402867504400253,0.67,4.047559853177518,0.9999922827820198,-0.0037178324530784497,-0.0012696843136098118,0.00355887332340709,0.9941386151140101,-0.1080543768658546,0.0016639702741730869,0.10804902434104165,0.9941441744243518,-8.355208140328112e-05,0.022207192046660426,0.07602206295705599,0.03071138078437884,0.17150092731756492,0.1707178505223024,0.04956299853689644,0.0560413504434967,0.04435383841655784,0.06389721686426654,0.06420297355198462
recon_face/synergynet/FaMoS_180502_03341_TA__selfie__IMG_0483,3.687951195075653,3.687951195075653,2686,I,0.017655448522713283,0.012491514737769507,0.023968791510188044,60,0.0033904259192407485,0.6799002972292084,4.014166057808325,0.9998874544722256,0.011504058665069617,-0.009629902558351968,-0.01208391479673204,0.9979720911704077,-0.06249547382129385,0.008891422396784289,0.06260480715722508,0.9979987879394283,-0.0014005564108074725,0.021269846192147654,0.07993889094587764,0.028889102031547022,0.17336204683090012,0.17340559323143342,0.05257110785992047,0.05475987910575892,0.04752380688608034,0.06404568747115287,0.061696626132972346
recon_face/synergynet/FaMoS_180503_031203_TA__multiview_expressions__IMG_0504,1.8722681689291196,1.8722681689291196,2683,I,0.016585843994832473,0.010572408106862757,0.019550525721757857,60,0.0035660993043894274,0.7099024680412919,4.131095914868638,0.9997410042933587,0.020763743594744363,-0.009316184113595824,-0.02053960920595252,0.999511839269408,0.023541614514584225,0.009800448365939716,-0.023344166556513588,0.9996794491733881,-0.0017321647950726765,0.011112820926641169,0.08493961801450384,0.02836968980570382,0.17738850685565263,0.17965906964270148,0.06060877307861354,0.04954465877057738,0.05253370804300851,0.058728472350876644,0.05759716627899859
recon_face/synergynet/FaMoS_180503_031203_TA__multiview_expressions__IMG_0505,2.947968560535836,2.947968560535836,2694,I,0.017529994966585753,0.011279251455512776,0.020349755139710726,60,0.003644042463030341,0.7241713930428978,4.1903051908593625,0.9990923153189465,0.040466315648392134,-0.013304990359711647,-0.04006582033765946,0.998773120102111,0.029102999882569328,0.014466357914060883,-0.028543508182056785,0.9994878651736413,-0.0021710565493359008,0.011036042650104813,0.08476540941297486,0.02919615209775136,0.1797134645460185,0.18359011961211885,0.06111463491529065,0.048647245983443936,0.04991534213456168,0.05800085778018684,0.057302422994214765
recon_face/synergynet/FaMoS_180503_031203_TA__multiview_expressions__IMG_0506,1.9717436552077963,1.9717436552077963,2688,I,0.016326284491884547,0.010329787087536312,0.01936706241525217,60,0.0035752483559858585,0.7128025029767089,4.197136834030971,0.9998479915775856,0.006187523693111145,-0.016300560996985985,-0.005701241443259549,0.9995422520883525,0.029711649838915048,0.01647694098657065,-0.029614199983991306,0.9994255898139855,-0.001761897638860433,0.011444311652686522,0.08490745328854701,0.02807502174565982,0.18012891449795554,0.18449233213758026,0.06085587664097714,0.049770249319944046,0.05391577216260983,0.0596090155999128,0.059260646363013085
recon_face/synergynet/FaMoS_180503_031203_TA__multiview_expressions__IMG_0542,3.2471432614270426,3.2471432614270426,2691,I,0.016200878132536716,0.01138959784194731,0.02247690904665183,60,0.0034331294709892585,0.6903879738760994,4.04711164184846,0.9983945178646073,-0.039503833984884426,-0.04059351916738745,0.03951232718549203,0.9992189069032018,-0.0005933696631342756,0.04058525222645518,-0.0010115273922119844,0.999175567212314,-0.0017966334237143836,0.012893427407687535,0.08297327775277613,0.027184714004076897,0.17562860266431954,0.17700424511903287,0.059962113104270263,0.05181764341030995,0.04973837008551218,0.06070055860268022,0.057108106656126104
recon_face/synergynet/FaMoS_180503_031203_TA__multiview_expressions__IMG_0543,1.5454910978681649,1.5454910978681649,2690,I,0.015400653602292811,0.010496062670663251,0.023133455481366166,60,0.0034631551496183796,0.69645816098558,4.061243594158441,0.9996364445554332,-0.009530613654426692,-0.025221937275745347,0.009513942180378765,0.999954436503604,-0.0007809103333583185,0.025228230630783166,0.0005406663762363153,0.9996815713311462,-0.002108964789297015,0.015170813854459828,0.08238464150236394,0.02697847228090505,0.17636627985116443,0.17879398324892004,0.05874402394342754,0.05411036876687241,0.04967425168253821,0.060691171521731146,0.0588753994574464
recon_face/synergynet/FaMoS_180503_031203_TA__multiview_neutral__IMG_0492,2.4782147607806624,2.4782147607806624,2694,I,0.0164744542710466,0.01079594864810128,0.019323238552915845,47,0.003566312716886839,0.7151899267500137,3.9506576647982,0.9991644334468374,0.03749628178404011,-0.01626234261202595,-0.03726286182972504,0.9992013580199336,0.014426547035877074,0.01679029669534972,-0.013808511269916677,0.9997636775525455,-0.0029149989019251216,0.012266729826277994,0.08411695196965646,0.028121806342219398,0.1789929017212831,0.179385616376845,0.06214899302785914,0.049081645139376,0.05001249595116989,0.059592974538847605,0.05703977321759939
recon_face/synergynet/FaMoS_180503_031203_TA__multiview_neutral__IMG_0493,1.681874971945171,1.681874971945171,2691,I,0.01716111114847802,0.011242707993774494,0.020371297514309893,57,0.003624233024693713,0.7177028603702398,4.185300964862108,0.9997192659634586,0.012864441119915445,-0.019897120800650384,-0.01251778898750939,0.9997693792522873,0.017449735481111082,0.02011701320642885,-0.017195768786791427,0.9996497443182206,-0.0022430815455111355,0.009482673988404411,0.08405500466461541,0.028494033986299676,0.16320776206225732,0.18421163984051642,0.0637634702992838,0.04904383312797323,0.05024093207290976,0.059724098858301,0.05857580225327743
recon_face/synergynet/FaMoS_180503_031203_TA__multiview_neutral__IMG_0531,5.1489559561141185,5.1489559561141185,2703,I,0.01846886261071094,0.013567458426934628,0.0216250340990161,60,0.0035138298057822127,0.7056283125021288,4.185830176109448,0.9967881914433013,-0.058550381248505506,-0.054636565181636315,0.06072067039767818,0.9973947623466172,0.0389446816650298,0.05221399798568446,-0.0421371676692754,0.997746539715955,-0.002187033613675877,0.009695045598097307,0.07873136148750504,0.031231933587432772,0.18061763660547012,0.1822292494142369,0.057038017013411865,0.052869470909836784,0.05294461277489323,0.059489184093296364,0.05814939548008852
recon_face/synergynet/FaMoS_180503_031203_TA__multiview_neutral__IMG_0533,1.860667471767687,1.860667471767687,2686,I,0.01648634881739578,0.010601925605604454,0.02487773007280875,60,0.0035567117508006683,0.7107735551075078,4.12177627091296,0.9998018482511867,0.006635642992491561,-0.018767857511930445,-0.0061519722563304685,0.9996504468485806,0.025712591327798944,0.018931916724654874,-0.025592036994136466,0.9994931866559282,-0.0019104193360125975,0.00955914136172907,0.08372873660650876,0.028418823625193348,0.1814922688619368,0.18296467372900163,0.05804283496233587,0.04928576704711859,0.049246561299990124,0.058471911188631896,0.059983457800688776
recon_face/synergynet/FaMoS_180503_031203_TA__multiview_neutral__IMG_0538,1.9694729359216516,1.9694729359216516,2689,I,0.017182477904742994,0.011499577943414252,0.025149806257999,53,0.003592773313153822,0.7063082730240664,4.0939320949837565,0.9996572695729221,0.026081809578632466,-0.002254462045525438,-0.026025131007901575,0.9994125180397857,0.022300478501517704,0.002834774423532693,-0.02223416277890962,0.9997487714718576,-0.0007485515343574354,0.008790123060658961,0.08470144449789196,0.02930510635163632,0.1768696545373493,0.18162000312007942,0.06236421413425727,0.04803588745412101,0.047055432674728254,0.05808652062898771,0.06034761154156566
recon_face/synergynet/FaMoS_180503_031203_TA__selfie__IMG_0511,2.2124251866853752,2.2124251866853752,2684,I,0.015003817161024028,0.010091049969109825,0.02068339851087697,60,0.0035033705420444415,0.7049276169020092,4.0619062760379165,0.9997253619000053,0.020392203230104187,-0.011548108993525819,-0.020028261599399372,0.9993249033233996,0.030799453485144426,0.012168381618368484,-0.030559706233857686,0.9994588710115541,-0.0019320796484604856,0.01224346385930631,0.08406383633300699,0.028885258725858343,0.17609563995036412,0.1777737530103581,0.06006218637156174,0.05168281349372999,0.0525268626210791,0.05784175771785625,0.05965723146509182
recon_face/synergynet/FaMoS_180503_031203_TA__selfie__IMG_0548,2.0295560367315773,2.0295560367315773,2686,I,0.015103425437228807,0.00991330481321419,0.023221229279541736,58,0.003475836092604617,0.7060155147754061,4.109374742023647,0.9997010350661033,0.02406576092813332,-0.004321994760565331,-0.02394710361677954,0.9993834112688905,0.02567749031588099,0.00493727821047645,-0.02556631439032365,0.9996609359439669,-0.0013250981615133461,0.012932142150944001,0.08397396865504261,0.02849598966130915,0.1796833367411753,0.18207340291993898,0.06072774363141349,0.05072533019030424,0.05071707802552931,0.060279001648918605,0.05773430280662062
recon_face/synergynet/FaMoS_180503_03304_TA__multiview_expressions__IMG_0614,2.278476140527054,2.278476140527054,2698,I,0.01667576746448603,0.01160633829135619,0.018948194043095286,58,0.0035001495811516348,0.7070541946360472,4.097361211897805,0.9992095303477124,-0.029645179588153343,-0.02648542598279326,0.029631681629370046,0.9995604782842809,-0.00090205094974791,0.02650052652532658,0.00011653019530692043,0.9996487925839723,-0.0011491243351131194,0.011690108880234876,0.0785956971073733,0.02694550960203622,0.1782078206984634,0.1780673039104865,0.05863288029785868,0.05346983729058267,0.056665674048924954,0.058670929605664016,0.05701953814002543
recon_face/synergynet/FaMoS_180503_03304_TA__multiview_expressions__IMG_0616,0.9055286691805827,0.9055286691805827,2709,I,0.021592122612446047,0.016463351606977115,0.022672240922180367,60,0.003513604529557753,0.7152468919741517,3.9854306920897216,0.9998753509862481,0.009467652894878786,-0.012635111348485328,-0.009476383096946588,0.9999548988229381,-0.0006312554223249735,0.012628564982864557,0.0007509118925696062,0.9999199745368643,0.002963482051317576,0.009538805415788651,0.07661591484333605,0.03099256186362599,0.17944459229088366,0.1775896668823718,0.05780927545412355,0.051077003726448474,0.05692513793497869,0.057985352587326164,0.06254316746689077
recon_face/synergynet/FaMoS_180503_03304_TA__multiview_expressions__IMG_0617,1.9846239686623341,1.9846239686623341,2698,I,0.017691630744381553,0.01218249715971094,0.024461747368087757,60,0.003460252618963551,0.7099429044984854,4.078487585997209,0.9994020876337135,0.03437106642355735,0.003754600682160033,-0.03436362061637532,0.9994073347854566,-0.002029964325939835,-0.0038221474996255824,0.001899728911758343,0.9999908910677902,0.0011788144443677779,0.012343732970956721,0.0788648133000179,0.028077564173777193,0.17353185049179237,0.17419138698640044,0.05822239810271255,0.05633902394185531,0.054942961642296125,0.05622028945312415,0.0596430232367272
recon_face/synergynet/FaMoS_180503_03304_TA__multiview_expressions__IMG_0618,0.6069343597590816,0.6069343597590816,2703,I,0.01892805106053807,0.01346950982284625,0.020191507407353648,60,0.003474397004602767,0.7138455303546025,4.050295106833801,0.9999552029801472,0.006659130882878303,-0.0067266640184293885,-0.0066910457987191425,0.9999664126618851,-0.004733228733096072,0.006694918898058122,0.004778025115574562,0.9999661736963623,0.0017897825692880665,0.011623865432357057,0.07844673347200992,0.030294372419049587,0.17606094296855457,0.18144001009557212,0.056730676903230026,0.052820890723984305,0.058462008205919104,0.0572286806061107,0.06072027561772298
recon_face/synergynet/FaMoS_180503_03304_TA__multiview_expressions__IMG_0619,1.88221725585602,1.88221725585602,2701,I,0.020161266575555746,0.015224645032447089,0.022378896596376548,60,0.003364427385927435,0.6888634142474956,4.041718035936356,0.9994934525225526,0.025706191421115594,-0.01876246484790793,-0.025857775214625362,0.9996345605533219,-0.007881675476563854,0.01855300044461596,0.0083628386322428,0.9997929031076951,-0.0008518847364397844,0.010243762511239214,0.0808292267198808,0.029283366929343836,0.1774318754814238,0.1767927944143361,0.05479564256247961,0.05326186825160793,0.050913675479924855,0.05993552050369576,0.060393918424879144
recon_face/synergynet/FaMoS_180503_03304_TA__multiview_expressions__IMG_0620,3.2933399282817497,3.2933399282817497,2702,I,0.018734539250147078,0.013242041301321963,0.023995038798337774,60,0.0034044676906306442,0.6962119627271179,4.009281534934416,0.9983736595143473,0.05602759757784796,-0.010533009901428648,-0.05610093198709241,0.9984019418939722,-0.006800577366953111,0.010135157527562081,0.007380428984754883,0.9999214008360319,-0.0005140097036231023,0.00875542934708378,0.08170976228264074,0.02915453519505665,0.1772278214607858,0.17777559299334073,0.05513636348823781,0.054066006545073764,0.05281642670107649,0.059277845198012206,0.058801784937977185
recon_face/synergynet/FaMoS_180503_03304_TA__multiview_neutral__IMG_0601,1.54244849836083,1.54244849836083,2695,I,0.016633873599231,0.011557365298541447,0.02372697837601358,60,0.0034504800835964077,0.701225776198327,4.14284739503637,0.9996588662510094,-0.02319461125313111,-0.01200671206295653,0.023272324552903505,0.9997088448446871,0.0063737311838839615,0.01185538002979892,-0.006650980989012486,0.9999076029395076,-1.0352688219968765e-05,0.0101619735984472,0.08080013919368073,0.026736684917648083,0.18070135142846677,0.18110558641508354,0.05827505995313542,0.05321417499438599,0.05301885214478459,0.05763164528123396,0.05943001915691078
recon_face/synergynet/FaMoS_180503_03304_TA__multiview_neutral__IMG_0602,0.9878489275893056,0.9878489275893056,2701,I,0.019465488073021526,0.01412718493186748,0.02020404430001279,56,0.00345279412819091,0.7100662212271668,3.9331262628547847,0.9999090099442545,0.0017157234638792206,-0.01338013921061194,-0.0018592814051615687,0.9999407662665738,-0.01072413310591615,0.013360947008213078,0.0107480347604801,0.9998529716132423,0.000691615499165531,0.011294620021165235,0.07830819709357895,0.02953761277665423,0.17531823789784462,0.17558532000358973,0.05637135228845603,0.05557612670406751,0.059369476716764735,0.05866488101013174,0.06096124314791037
recon_face/synergynet/FaMoS_180503_03304_TA__multiview_neutral__IMG_0604,0.7395915247631029,0.7395915247631029,2697,I,0.018225915160506315,0.012867416504214493,0.022717304335658963,55,0.003440305375551773,0.6987147565235314,4.035874307155609,0.9999619839875152,0.00730129506203818,-0.0047667253087305345,-0.007346333384594539,0.9999278847269656,-0.009500354270175404,0.004697016665312883,0.009535011057859756,0.9999435092036814,0.0007817095144440322,0.013276323860173897,0.07860088735017454,0.027721740278638225,0.17329329639735272,0.1735133272519979,0.056262694062665514,0.0575426658763787,0.05566935160460406,0.05839882068822092,0.05939452779812537
recon_face/synergynet/FaMoS_180503_03304_TA__multiview_neutral__IMG_0630,2.8595102756044017,2.8595102756044017,2696,I,0.016898428354324528,0.011747797651375179,0.018777544790667976,60,0.0034515434477104734,0.7096491792001381,4.004024422960356,0.9987564047246983,0.049774635389516715,-0.00285126169174409,-0.0497695465736965,0.9987590539127384,0.0018287868057746876,0.002938750626166547,-0.0016846065335828493,0.9999942629063352,4.739338765232009e-06,0.012471269356738174,0.08213974438140284,0.027753829817255445,0.1733933552598524,0.1765072423587839,0.05591104275371042,0.05463140592935448,0.055242185251302006,0.0581062007663961,0.05762849816968571
recon_face/synergynet/FaMoS_180503_03304_TA__multiview_neutral__IMG_0631,3.1752535351888804,3.1752535351888804,2703,I,0.017355618950462115,0.01233691432781177,0.019044991776985678,60,0.0034744049189649336,0.7117600503269892,4.072447114856914,0.9984712447750663,0.05527348564273261,0.00012305377573187574,-0.055273570696322744,0.9984647810493967,0.003593520065146893,7.576151848431076e-05,-0.0035948280741440685,0.9999935357147614,0.0005764138888898108,0.010919467185467567,0.08160146854206485,0.027988585994903784,0.17751804199682952,0.17817563886273372,0.05973225735653595,0.05388155789583589,0.05892024946710132,0.056324944768888725,0.05794874756637202
recon_face/synergynet/FaMoS_180503_03304_TA__selfie__IMG_0621,3.0424912242500026,3.0424912242500026,2693,I,0.0166050915587669,0.011218103519767358,0.023649720863367158,60,0.0033999641160544197,0.6937570662873825,3.891192334005609,0.9996902306135822,0.02456488142301576,-0.004001176881346317,-0.024725477464591413,0.9985963099453458,-0.046840799819037486,0.002844921775837175,0.0469252209820299,0.9988943538011802,-0.00017285887071982352,0.01588198040889803,0.07837346203685502,0.02677025101425597,0.1714277499846253,0.17215967640261456,0.0548374375726647,0.056290317855262076,0.04798466764282501,0.06079723314939912,0.059891479921072584
recon_face/synergynet/FaMoS_180503_03304_TA__selfie__IMG_0622,1.4959210072066953,1.4959210072066953,2692,I,0.015598224437501496,0.010260866657824769,0.023929346249118154,54,0.003410163778481024,0.6977923627194608,3.8964830790646374,0.9998406057125719,0.017824181331120643,0.0010304019570342565,-0.017801320074317298,0.9996599062322343,-0.019057409985955707,-0.0013697342550415437,0.019036029828628388,0.9998178601107474,0.00035950855176136547,0.01463120087676572,0.0801385734472013,0.02570429106237763,0.1752058471003545,0.17672141647972178,0.05552476315904361,0.052573454757393834,0.050034112102126174,0.06072360944873994,0.057846660944711886
recon_face/synergynet/FaMoS_180503_03304_TA__selfie__IMG_0636,1.6987494922774145,1.6987494922774145,2687,I,0.015062192313930231,0.009924393682372787,0.022554099655914008,60,0.0034126444491840084,0.6972185801955577,3.975491074845195,0.9997299148506917,0.0232384651091267,-0.00026663083240512455,-0.02323943578529882,0.9995605087516963,-0.018404292119851524,-0.00016117384979753285,0.018405517743974156,0.999830591120099,-0.0005519157937733145,0.01580383271090574,0.08122783339781184,0.026131808005484227,0.17998265947418723,0.17942911742184214,0.054676109998841205,0.05130836340641444,0.04799234801943269,0.05972773154207079,0.059256234798816455
recon_face/synergynet/FaMoS_180503_03342_TA__multiview_expressions__IMG_0566,1.3687568569073727,1.3687568569073727,2689,I,0.015531850979345781,0.01057751693314283,0.02304773748485454,60,0.003462841872896712,0.6966802043968554,4.019264159025624,0.9997224008460837,-0.012383721614181614,-0.02004406858713016,0.012462478130094897,0.9999150853511752,0.003809032161752781,0.019995196558174465,-0.004057773544052887,0.9997918416292789,-0.0010315167024170307,0.013590288644520221,0.084092085454298,0.02761551081407331,0.17414784923062715,0.17591312517828295,0.05826643728513233,0.050379592244130605,0.04937222947702455,0.05827936975795791,0.0576696939696724
recon_face/synergynet/FaMoS_180503_03342_TA__multiview_expressions__IMG_0568,0.7409520006617918,0.7409520006617918,2690,I,0.014342482819240486,0.008758952373720865,0.017314318229684624,60,0.0034570704452344075,0.7097139015251315,4.052574405213818,0.9999334990251123,0.006024549790596496,-0.0098337341441264,-0.005966909207528605,0.9999649080179986,0.005880367936223342,0.009868815628323611,-0.005821299887213894,0.9999343573183778,-0.0011914985281013405,0.013578224079327635,0.08232917526406738,0.025669635966074942,0.17882635867754013,0.1794578191244626,0.05589613723760521,0.0520261480295691,0.054230563252109384,0.0583574541194152,0.059082542056896614
recon_face/synergynet/FaMoS_180503_03342_TA__multiview_expressions__IMG_0570,1.227316099495053,1.227316099495053,2686,I,0.0145320870312867,0.009569368564667823,0.022681590979876834,60,0.0034468882105856548,0.6971155604740269,4.084395593963563,0.9997785374553194,0.02027546789750238,-0.005637503457943482,-0.020252823151169247,0.9997867066239681,0.004045295095044663,0.005718321266634043,-0.003930223853151153,0.999975926781418,-0.0009332162085016612,0.015445802894388301,0.08403142291610108,0.02600556621197846,0.17730524078655288,0.18070978793042583,0.05810197185009535,0.053026513061052674,0.05015091953307766,0.059098627652135756,0.05802634755066172
recon_face/synergynet/FaMoS_180503_03342_TA__multiview_expressions__IMG_0571,1.6778685925117816,1.6778685925117816,2692,I,0.016084548284192358,0.010469991991176467,0.023832315735637877,57,0.0035170495946018052,0.7073571722242485,4.022945776814595,0.9995737189835077,0.026656344593070137,-0.011908803903626025,-0.02668277348797942,0.999641816681296,-0.0020658995877277063,0.011849469037416897,0.002382778851025186,0.9999269535563474,-0.0017829280420311503,0.01362582210195061,0.08368435159351947,0.027427908113114963,0.17591103596855853,0.1773067604130208,0.05925169755603784,0.051343048772541235,0.047349669465801124,0.058848406469350044,0.058209444173797774
recon_face/synergynet/FaMoS_180503_03342_TA__multiview_expressions__IMG_0573,2.6390149140632966,2.6390149140632966,2693,I,0.015472493888635282,0.01064545201046264,0.0237486268040799,54,0.0034480119590072585,0.7002428813966772,4.028062997153029,0.998970756924834,0.04494086701723581,-0.0061437188056745655,-0.04498808693870457,0.9989572534175728,-0.007776752407922489,0.005787818468096164,0.00804514239511607,0.9999508872145785,-0.002494566405731221,0.015511159198523722,0.08293792905075584,0.025825796469311636,0.17381967975859797,0.17615883591584922,0.05925893961305318,0.052210781076565224,0.052043364223526366,0.058218675350891036,0.057942864481646275
recon_face/synergynet/FaMoS_180503_03342_TA__multiview_neutral__IMG_0549,2.048464294597305,2.048464294597305,2687,I,0.015114360255976789,0.010143755857842452,0.01757084245719713,51,0.0034327935743447384,0.7018809442305214,3.8666221040766686,0.9996919002269997,0.000522508430935247,-0.02481595465560117,0.00011611212247570757,0.9996690284803801,0.025725862766230033,0.02482118326156643,-0.025720818066917894,0.9993609700100677,-0.001379405482021219,0.012073734755297737,0.08406324352728928,0.025344410722964863,0.17409586471326474,0.17666815278377077,0.05929056311341746,0.05111802552609549,0.05510729431248091,0.060547039645372266,0.05767411779439956
recon_face/synergynet/FaMoS_180503_03342_TA__multiview_neutral__IMG_0552,1.0134378997462554,1.0134378997462554,2690,I,0.014568630381694229,0.009270775971429421,0.021025411978663942,60,0.003455168665779179,0.698285728339426,3.9571006461046636,0.9998540398483128,0.007612940094544935,-0.015295167280051505,-0.007542882357288986,0.9999608199831781,0.004632863511107591,0.015329837727516449,-0.004516817650218208,0.9998722890617393,-0.0022527876874988096,0.014874753696139283,0.08181350872383791,0.026063297053609595,0.17466087364801958,0.17536794953399612,0.057372698026535114,0.05048422143918505,0.0479787967427724,0.05813737047753017,0.058376672606205805
recon_face/synergynet/FaMoS_180503_03342_TA__multiview_neutral__IMG_0553,1.046605642257145,1.046605642257145,2688,I,0.01451145108986851,0.009221968321569974,0.022303023491484168,58,0.0034287498462794923,0.6994637966460812,3.9368086410686374,0.999870221147024,0.014557336700092034,-0.0069010732210243765,-0.014616206378608027,0.9998565512369317,-0.00855823928669762,0.006775498099750563,0.008657996118651446,0.9999395640381025,-0.001026809024088023,0.016765176534061753,0.08290371317587406,0.026448741912520963,0.17499628691589827,0.17647678117226018,0.05626425822340119,0.053169865755028356,0.04778802388507973,0.058730067416532576,0.05951677291259439
recon_face/synergynet/FaMoS_180503_03342_TA__multiview_neutral__IMG_0593,2.769677411901803,2.769677411901803,2693,I,0.0147404488801887,0.00949690972058712,0.019344695135805775,60,0.003483716291278784,0.7059965435909334,4.075498221907765,0.9988611154633038,0.04743270105721955,-0.005158574010306386,-0.04739183537189318,0.9988461162672264,0.0077749571035376835,0.005521408831696387,-0.007521628034868865,0.9999564686306193,-0.0015740387961944307,0.01456333459602576,0.08399001875050391,0.026553441083747627,0.17835327495469916,0.18273211131842212,0.0593882069578132,0.050852666327767235,0.05328060314613026,0.05907504976102089,0.05729091597403937
recon_face/synergynet/FaMoS_180503_03342_TA__multiview_neutral__IMG_0594,3.6364228402809804,3.6364228402809804,2695,I,0.015897914541197402,0.010936956430664899,0.019761158378704513,60,0.003485912676886297,0.7054341378898766,4.029591969912872,0.9980350395639364,0.06217576767453922,0.007761038377162502,-0.062249171350231246,0.9980144255757742,0.009604530642662843,-0.007148459191994192,-0.010068776327738841,0.9999237567307031,-0.0010103478577226878,0.016252801233453885,0.08476737811864835,0.027660508085429577,0.17936886610935326,0.17824454539374818,0.05813810372918684,0.05044937530403096,0.05202331998996441,0.05863119168062051,0.05579521667292344
recon_face/synergynet/FaMoS_180503_03342_TA__selfie__IMG_0583,1.7697719224405297,1.7697719224405297,2687,I,0.015054778345582163,0.010151716379853846,0.02142764509202702,60,0.0034250384461517666,0.6911622273363422,3.914228060049936,0.9998321712940711,0.01825430683271879,-0.001552265261189939,-0.018287260995850298,0.9995238710507259,-0.024851705877888552,0.0010978755183506882,0.024875921728217093,0.9996899435262503,-0.0005433228120524533,0.01844031243588893,0.08163550756036247,0.025904094851038662,0.1744398511705633,0.17425154559407705,0.054367241013971744,0.05144684079198074,0.046440577523098894,0.05989097442315473,0.058220055618637336
recon_face/synergynet/FaMoS_180503_03342_TA__selfie__IMG_0596,2.299549967069294,2.299549967069294,2689,I,0.01597325859000423,0.010459862266789641,0.01866228790579811,60,0.003419365651952135,0.6947849354485569,3.9955627960152924,0.9999433205191449,0.007639128811745123,-0.007416162090001207,-0.007920320750977592,0.9992211155332993,-0.038657868430522505,0.0071150733200185026,0.038714415705102936,0.9992249845496576,-0.0006543772288777786,0.016115873192851772,0.07896757801558457,0.02581262602484793,0.17316416598561726,0.17399599646460348,0.056273860493653995,0.05345982249938504,0.05436140375730624,0.060818465818181976,0.058853416163168665
recon_face/synergynet/FaMoS_180504_03343_TA__multiview_expressions__IMG_0660,3.323274286519587,3.323274286519587,2697,I,0.01765662829465139,0.012326752848432024,0.019359246408513497,60,0.003452899710221242,0.7059030686146182,4.046736096031964,0.9983937378016412,0.05660014683122445,-0.00252342964064954,-0.05656487946267994,0.9983224756797752,0.012355118938217646,0.0032184980720773386,-0.01219253588425529,0.9999204885083968,-1.675870598826266e-05,0.009110981572876514,0.08172213928488847,0.028490230461705256,0.1787165632219614,0.17802976885795366,0.05575367184426015,0.053118894123533184,0.05435855456755051,0.05948005042681222,0.05812965084455677
recon_face/synergynet/FaMoS_180504_03343_TA__multiview_expressions__IMG_0661,1.1010832198130178,1.1010832198130178,2693,I,0.014668213327373118,0.009188939016430633,0.01733093374338404,60,0.0034574667866288573,0.7068501398378776,4.005028482992202,0.9998484028378634,0.01723355836580503,-0.0024851174271982445,-0.01725319493750093,0.9998182654168108,-0.008109463815069651,0.002344910877445957,0.008151110658782545,0.9999640297470729,-0.0007394728674783243,0.013772685617411032,0.08176828394746838,0.025408409575245625,0.17869201015821964,0.1799627193489083,0.0579208585192282,0.05059508282230797,0.05188494680356731,0.058270785582413824,0.05954135265958492
recon_face/synergynet/FaMoS_180504_03343_TA__multiview_expressions__IMG_0681,2.7226717297904175,2.7226717297904175,2688,I,0.017443068120454545,0.012613561845690797,0.019796787381769036,42,0.003488579555757181,0.7096142138207967,3.955375473946333,0.9990338102051913,0.04389420587661696,0.002178246395545037,-0.04384776758124542,0.9988744715008292,-0.018087660492223514,-0.0029697382106206424,0.017974673137557462,0.9998340321176105,-0.001499576726753314,0.01606913436210574,0.08333302981827273,0.028581680104816248,0.17703454108898004,0.1783433354670562,0.0574227866397394,0.04916732700426738,0.05057333551281473,0.05867342303405235,0.06113494095355194
recon_face/synergynet/FaMoS_180504_03343_TA__multiview_expressions__IMG_0682,2.069367014342627,2.069367014342627,2692,I,0.016003847502768568,0.011064679086310534,0.022474412361570315,60,0.003433163421237022,0.6962464677575572,4.021749855950475,0.9993762289126515,-0.011020096142733906,-0.033551610473006345,0.01127262521285282,0.9999094725257412,0.007346745817198418,0.03346761128521116,-0.0077203778597214785,0.9994099833204411,-0.001679894085783719,0.013408118889542575,0.08267861145090202,0.02807067602204363,0.17851404725690853,0.18073145005801813,0.058700997001110616,0.05283965068245237,0.048857808050258425,0.06014161959186835,0.057313180380881644
recon_face/synergynet/FaMoS_180504_03343_TA__multiview_expressions__IMG_0683,1.1280101139312104,1.1280101139312104,2695,I,0.015969393010662653,0.01051026948496125,0.01764447001274608,60,0.003440020144348157,0.7044694441620599,4.064184140879661,0.999829367682445,-0.007737239100243443,-0.01677410655823177,0.0076228929707739925,0.9999473453712833,-0.00687007916107614,0.016826378768985756,0.006741039684573115,0.9998357021838606,-0.0006039906100403367,0.013442483388768092,0.08025395598129428,0.026704180273929956,0.17862601908041753,0.18171007427671723,0.0564767210674376,0.050885138117510005,0.053093549133123655,0.059255479778491334,0.05844348607512401
recon_face/synergynet/FaMoS_180504_03343_TA__multiview_neutral__IMG_0652,2.968864654584757,2.968864654584757,2697,I,0.01661460552367182,0.011426744167168528,0.018609338913824807,60,0.0034544866485694517,0.7063328535509545,4.027519776951522,0.999115843117524,0.04192650816386429,-0.0031144734297103367,-0.04181302394377974,0.9986648570122261,0.03033437649640437,0.0043821296461722505,-0.030177330596560834,0.9995349546953471,-0.0002623808885696228,0.01033937117729685,0.0824645184119685,0.027920722864358403,0.17898082977462187,0.18062573862576223,0.058405441717389296,0.052074917093773224,0.05340950542090388,0.057868746885204485,0.05919656951462356
recon_face/synergynet/FaMoS_180504_03343_TA__multiview_neutral__IMG_0654,0.653978636925565,0.653978636925565,2694,I,0.015796260196815046,0.010205052022350858,0.019027161505519943,60,0.003550002597063112,0.7113502501753632,4.170940765179694,0.9999614372667671,-0.0027669618335602344,-0.008334740643330285,0.0028276545956205427,0.9999695102301059,0.007278940832863956,0.008314345967532711,-0.007302227904694056,0.9999387726849881,-0.0006753001897435528,0.014286375663391283,0.08536656205659465,0.027296024655944138,0.181121558579576,0.1843926285786518,0.06677633741194851,0.04817589341349613,0.05193598286627027,0.05870881191908173,0.058229431250369654
recon_face/synergynet/FaMoS_180504_03343_TA__multiview_neutral__IMG_0677,1.8539846563255027,1.8539846563255027,2685,I,0.015077069536179197,0.009668210586093148,0.022279746405283313,60,0.003472783737124834,0.7047623350519393,4.118341852212325,0.9998534448273008,-0.0035766277275893496,-0.016742060837233712,0.004034927739871109,0.9996158324826827,0.02742091916925319,0.016637554661470353,-0.027484453497403406,0.999483765046154,-0.0006021398720326867,0.012659170585386757,0.08438998509068144,0.0273278454229416,0.1821948526149338,0.18399308116047847,0.05898911147496197,0.05059632241572322,0.050460851020845326,0.06127387820895329,0.05705664960041512
recon_face/synergynet/FaMoS_180504_03343_TA__multiview_neutral__IMG_0678,2.034237083515049,2.034237083515049,2690,I,0.01458042629566917,0.009192637617088635,0.019496835581020423,60,0.003476925121305119,0.700755867169183,4.046931652817875,0.9999045740261421,0.0035319070420575254,-0.013355466081162205,-0.003093287424043577,0.9994597320019896,0.03272118089897543,0.013463818719481548,-0.03267674615315128,0.9993752827873678,-0.0008974650762833508,0.012705031930436317,0.0848666396872299,0.02675529031391655,0.17530226304362423,0.17683464610573152,0.06011169164324492,0.04922153822427669,0.049464708735514056,0.05811826375969398,0.05688867376367568
recon_face/synergynet/FaMoS_180504_03343_TA__multiview_neutral__IMG_0679,2.38791649277883,2.38791649277883,2691,I,0.014210605053914818,0.009090751683815772,0.01746466726055381,50,0.0034762916667119533,0.7019441406267422,3.975011997157708,0.9997727168390962,0.019725378905064525,-0.008088516008749177,-0.01942313489459736,0.9991672635084495,0.035882047933496475,0.008789567397684103,-0.03571678821068759,0.9993232983098486,-0.0012897300957033652,0.012107859045358375,0.08322833751058084,0.026844280994288528,0.17837618134784752,0.1810860907606825,0.05820251238409145,0.04990170894207903,0.05318444307676919,0.05909111436978859,0.05674910180136489
recon_face/synergynet/FaMoS_180504_03343_TA__multiview_occlusions__IMG_0641,2.2206655740555963,2.2206655740555963,2689,I,0.01593246113981119,0.010956538071210423,0.02366913342266104,60,0.0034255427408389134,0.6923299686762562,4.029851547908038,0.9998937967862083,0.003882195166216451,-0.01404719577539396,-0.003375314351055158,0.9993486224194466,0.03592962734828549,0.014177531572611694,-0.03587839780489801,0.999255592013105,-0.0013326027258656068,0.011634414052415526,0.08432207675059564,0.02779148349521155,0.17827053667122547,0.1816643352013469,0.05797422287695723,0.050617141119559055,0.04855966243025882,0.060073114524376005,0.05942702010966883
recon_face/synergynet/FaMoS_180504_03343_TA__multiview_occlusions__IMG_0642,1.6837524895189235,1.6837524895189235,2689,I,0.014421728152935924,0.009430547969141301,0.017040670009152242,54,0.003441842239970837,0.6980247527836513,3.9207512917928398,0.9999184941243217,0.010717778078150978,-0.006937891698245724,-0.010530408275119914,0.9995932904744372,0.02650215349830068,0.0072191141913926,-0.02642693458492126,0.9996246803269396,-0.0007273186197461646,0.01230507020608259,0.08390138766023986,0.025499525609423736,0.17510805033678706,0.17746029883065156,0.05859030887141626,0.05110200075933907,0.05269693343116229,0.05787259495717819,0.05804118658464978
recon_face/synergynet/FaMoS_180504_03343_TA__multiview_occlusions__IMG_0643,1.3805538012230907,1.3805538012230907,2689,I,0.01472112056260268,0.009964614439547395,0.022821176910211658,50,0.0034509738079358167,0.7000503134489968,3.9650102369487286,0.9997639776112869,0.021712681154993817,0.0007406402095201692,-0.021719218363174364,0.9997099214125811,0.010409062539110977,-0.0005144167096203215,-0.010422691893745494,0.9999455499521648,-0.00017349394912477767,0.013198028269425809,0.08166634959964034,0.026524138555668174,0.17686446639423728,0.1791426426043209,0.05581049944397445,0.051264090336265555,0.049031075899113465,0.05904677243805367,0.05878982746722064
recon_face/synergynet/FaMoS_180504_03343_TA__multiview_occlusions__IMG_0644,3.1452712639043465,3.1452712639043465,2693,I,0.015283021077251534,0.009729177766399078,0.019653295199549288,60,0.0035015368583307593,0.7062033648398327,4.081591577967629,0.9993666669247381,0.035230191828177305,0.005009852641305959,-0.035408754276343664,0.9985027595454822,0.041694835419444284,-0.003533434637189066,-0.04184582134224246,0.9991178319276751,-0.00036370632129078737,0.009475070656963472,0.0840889953203966,0.02768635754441879,0.1784734793152289,0.18155183478798348,0.05800985703388751,0.049398084277215135,0.05454703666011402,0.057374002306994853,0.056685550511436714
recon_face/synergynet/FaMoS_180504_03343_TA__multiview_occlusions__IMG_0673,1.7392526062924043,1.7392526062924043,2690,I,0.014589257206138505,0.009398856133278365,0.01754892812926507,60,0.003450062102571547,0.7016029808066102,4.021054052980617,0.9999435636202616,0.005917299071105269,-0.008823556319071875,-0.005664034762983615,0.9995789681925028,0.02845707394332779,0.008988230338417526,-0.028405490999372063,0.9995560713619164,-0.0009090082584412985,0.012718623871428449,0.08343359725686761,0.027321370114110143,0.17582752957947312,0.17759252837710135,0.05829077852546998,0.0515075152649302,0.05288989840551053,0.05752982866764002,0.059291838571128117
recon_face/synergynet/FaMoS_180504_03343_TA__multiview_occlusions__IMG_0675,3.185848399948619,3.185848399948619,2697,I,0.015701896267596882,0.010312112152391048,0.01780281826197715,60,0.0034775975635874764,0.7118768915487756,4.005018503870815,0.999069494233094,0.04278286916430416,-0.005456353993176016,-0.04256517398088355,0.9984737867499908,0.035189531640967685,0.006953535561563523,-0.03492453692182013,0.999365761402696,-0.0010879843204793964,0.010355196606823137,0.0838687992640991,0.026682088006856404,0.179438325472944,0.1812656476055558,0.05822086708868768,0.04914504935183217,0.05808728271433837,0.05708917252678637,0.05655786035240158
recon_face/synergynet/FaMoS_180504_03343_TA__selfie__IMG_0668,4.053539528341228,4.053539528341228,2689,I,0.017240602440727535,0.012002893792476522,0.02278149578797154,44,0.0033967154877910296,0.6844286189022485,3.8090283130295575,0.9998782874581189,0.015072353781919382,-0.004029196109731921,-0.015314301499797801,0.997504580825191,-0.06892084882191557,0.002980342160106506,0.06897416461424292,0.9976139945772494,-0.0005432909808765832,0.017806264633793006,0.07731470162946827,0.02768532569139353,0.17034399652339058,0.17048842033666683,0.05320046841343079,0.05553391156506119,0.045551902669307434,0.06369320153472445,0.061247031609033734
recon_face/synergynet/FaMoS_180504_03343_TA__selfie__IMG_0686,3.949616942679812,3.949616942679812,2690,I,0.017358498468254827,0.011853365357390394,0.023439434853905455,60,0.003387543718118818,0.6828235616282718,3.962365677813068,0.9999119376086945,0.012540277022803008,-0.0043426351237097005,-0.012805129451828936,0.9976326731568372,-0.06756536175930464,0.0034850663334036994,0.06761501979689985,0.997705399108633,-0.0011919197253749245,0.020615852861104525,0.07910810167988602,0.02874733416504447,0.17544149646213458,0.1757277591834309,0.05283902576552881,0.05414245012537024,0.04638002729817117,0.06234815282623674,0.0627678525969789
recon_face/synergynet/FaMoS_180507_03344_TA__multiview_expressions__IMG_0698,3.1974306036433098,3.1974306036433098,2698,I,0.016978515899501494,0.012157661107355854,0.024785400068599174,60,0.003428224178541088,0.7026950949265226,4.010921244043857,0.9984837934534878,-0.051595284190296596,-0.01918439105248616,0.05142041080202456,0.9986319105005269,-0.009499930684940844,0.019648296712011116,0.00849905755893945,0.9997708289687823,0.0006238548337445776,0.01331650576340062,0.081627995766267,0.028592910867942092,0.17552113943273656,0.17703635157122458,0.056048118501243395,0.05372336054782037,0.050270489783676174,0.06104870922403368,0.05967856266353731
recon_face/synergynet/FaMoS_180507_03344_TA__multiview_expressions__IMG_0699,2.8040957830398177,2.8040957830398177,2695,I,0.016772881550357423,0.011367014178018308,0.018699572063067327,60,0.003436438263076555,0.7005444381411666,3.987105255946517,0.9992819679338114,-0.02933631266144207,-0.02397768382807741,0.02857980275300299,0.9991011391145946,-0.03130668769636253,0.024874554004616363,0.030598931016429912,0.9992221784887095,-0.0013210431005678494,0.01515217048218307,0.07970489149348106,0.027413679538536396,0.17316521994456682,0.1736859315619072,0.05888656281759521,0.05553687770730837,0.05696922676544931,0.06210576015798661,0.057838658984997446
recon_face/synergynet/FaMoS_180507_03344_TA__multiview_expressions__IMG_0700,3.3567919252983853,3.3567919252983853,2692,I,0.016990600163266794,0.011642235599660001,0.025832945126817754,40,0.0033938316776410435,0.690018044660825,3.796953986864537,0.9999097622390101,-0.008140246759569874,-0.010686616013477944,0.00751792475738038,0.99834383253468,-0.05703571554131529,0.01113320198633701,0.05695022759094793,0.998314941985179,-0.0005094627484445992,0.016681177122448078,0.07817485818496228,0.026618233805825325,0.1744845052882987,0.17487099790685956,0.05420906492590357,0.05566580059166576,0.049579305386926384,0.061556344188734756,0.0601937507511657
recon_face/synergynet/FaMoS_180507_03344_TA__multiview_expressions__IMG_0701,1.7421097622858894,1.7421097622858894,2688,I,0.015331406847489303,0.010257660874011764,0.02365490480634131,56,0.0033978448512607053,0.6830027212536972,3.9057023311033845,0.9999564412118068,0.004409441270280379,-0.008226330087183277,-0.004645612328937487,0.999571094006328,-0.028914465464226765,0.008095305127576908,0.028951422325624785,0.9995480384554889,-0.0006318771815012105,0.015919782498947495,0.08058992191711162,0.02592999760927422,0.17435434064843006,0.17471189232095904,0.054229339060614515,0.053282148550175996,0.04898119788014369,0.05994874453089345,0.060467317059724794
recon_face/synergynet/FaMoS_180507_03344_TA__multiview_expressions__IMG_0702,2.4415775138929097,2.4415775138929097,2687,I,0.015323378857471195,0.01000679852015509,0.023389963095116716,60,0.0033988820470901198,0.6913511984573488,3.9824821951333433,0.9995953380268636,0.02843196357719228,-0.0008852356216758696,-0.028445736092434566,0.999092273607868,-0.031709129840172184,-1.7120754741406754e-05,0.03172147953999856,0.9994967470895909,-0.00025736822344008133,0.017622817214725972,0.08137788245880007,0.025875287310574955,0.17217326356043244,0.17362909961777728,0.057066638701922204,0.054254500066106756,0.049540177711382645,0.058828769948073394,0.0601123439643328
recon_face/synergynet/FaMoS_180507_03344_TA__multiview_expressions__IMG_0703,2.814844934206051,2.814844934206051,2697,I,0.016696283903255074,0.011363776420399164,0.018182993043474593,60,0.003456156669531082,0.7086610975245976,3.995452486909926,0.9988284395109756,0.04730926176788552,-0.010177532856590892,-0.04739277155311634,0.9988432715673793,-0.00812674898647063,0.009781289719838916,0.008599569498100253,0.9999151832909949,-0.0014316244427051887,0.011319052495300477,0.08075682077124094,0.02719487904169993,0.17585987832000474,0.1781230028940509,0.057381540405122715,0.051311010723110125,0.052313877770223914,0.05862385745237195,0.057590467666600295
recon_face/synergynet/FaMoS_180507_03344_TA__multiview_neutral__IMG_0689,0.9351987328673146,0.9351987328673146,2689,I,0.015207761680142276,0.009994278398082436,0.022399947058560563,60,0.003409076382893844,0.6916842659867922,3.9290723328012973,0.9999039576892284,-0.002968964518063913,-0.013537379624889191,0.0028521426226900282,0.9999586006345242,-0.00864073489376002,0.013562473221272072,0.00860129448018642,0.9998710302100902,-0.0009533244076101381,0.015590888871017367,0.08301964351539964,0.026729562739673494,0.172721778586535,0.17322524033979905,0.05712774137035456,0.05202578486620498,0.04895405074667379,0.058830960524416345,0.05879463194748039
recon_face/synergynet/FaMoS_180507_03344_TA__multiview_neutral__IMG_0690,1.018444142500507,1.018444142500507,2689,I,0.015065355937474198,0.009585347041985803,0.024073584909576878,47,0.0034388402048794184,0.7029103237248654,3.860376707976684,0.999886264043948,0.0026297720615266525,-0.014850699483219505,-0.0027693476073938302,0.999952117085735,-0.009385853695111166,0.014825305732628389,0.009425912935149793,0.9998456693286584,-0.0012586517731336111,0.014460663379285706,0.0806735161753008,0.02531801282857978,0.17534416217426968,0.17638532460787035,0.055508606269828766,0.05520042241002827,0.053488487676774985,0.059382050686236226,0.05819515924887532
recon_face/synergynet/FaMoS_180507_03344_TA__multiview_neutral__IMG_0691,1.6529090400933655,1.6529090400933655,2691,I,0.016887465380220436,0.011786851566377496,0.023886324864175777,60,0.0034357498520195813,0.6928569743240331,3.9928813700098544,0.9998394795484294,0.007692903929081876,-0.016181296779415776,-0.007325109760151958,0.9997162269624297,0.02266734027197416,0.016351082634716976,-0.022545171925306945,0.9996121034278902,-0.002097217239173253,0.008864049772942376,0.08423717580453238,0.028845663700522363,0.17345929374121513,0.1755019822384986,0.05781568138668079,0.053068171251320816,0.04459377364022743,0.06386865968905608,0.059740885432246475
recon_face/synergynet/FaMoS_180507_03344_TA__multiview_neutral__IMG_0720,3.1566595535851807,3.1566595535851807,2697,I,0.015284352485169607,0.010162874661536916,0.01872629951893927,60,0.0034451777339703318,0.7031759532236965,3.977099617011845,0.9985734426026837,0.05292469332848028,0.007075066410367223,-0.05301523021394536,0.9985052876344619,0.01328818766360531,-0.006361217964129036,-0.013644317575721522,0.9998866773309394,-0.0007065697652822656,0.015258925394216409,0.08430794530316826,0.027451996272039154,0.17490707417108828,0.17641393377119166,0.05669627303839891,0.05201473460279154,0.05254734131229963,0.058004184998435265,0.058805996959771796
recon_face/synergynet/FaMoS_180507_03344_TA__multiview_neutral__IMG_0721,3.054493022481445,3.054493022481445,2698,I,0.01545703521804658,0.010264914821741843,0.018979339129329587,60,0.0034741070180739912,0.7067531313088287,4.060645268065855,0.9986637935321233,0.051511379665337524,0.004147921528120535,-0.051560960225554106,0.9985865813415223,0.012896005012027667,-0.0034777677680981407,-0.013092644103650958,0.9999082396908863,-0.0003411386709717655,0.011219853371582489,0.08323134683570454,0.027082509832137888,0.17722054304373233,0.17775731393328567,0.05814421797965661,0.05182056101307695,0.052264122363535996,0.05635800024514866,0.057302149656195886
recon_face/synergynet/FaMoS_180507_03344_TA__selfie__IMG_0711,1.2611185087545287,1.2611185087545287,2687,I,0.015111226380072163,0.010123277367397732,0.018750236313373584,60,0.0034767130364371083,0.7039170123194688,4.055709368083626,0.9997667676969001,0.021232176753628252,-0.003950301152589789,-0.02121523192886567,0.9997657571868616,0.004283070252271132,0.0040403147275795024,-0.004198264746791013,0.9999830250709348,-0.001125644443670817,0.015342747421176368,0.08373102179002118,0.02601783236247975,0.1786253636279768,0.1819112133738835,0.06198819467165845,0.05116464259403046,0.05457495239918699,0.06061921860301261,0.057389239576034666
recon_face/synergynet/FaMoS_180507_03345_TA__multiview_expressions__IMG_0739,3.1058037072864955,3.1058037072864955,2689,I,0.016344048332957373,0.011085402909885645,0.023182364862904016,48,0.0033974243006603985,0.689081131138051,3.9076022719964385,0.9996092506381109,0.026860278475860803,-0.007737666244606905,-0.027190545609545168,0.9985564818764968,-0.04632091030937985,0.006482304232983864,0.046513201810169734,0.9988966421953762,-0.0013223617899214238,0.018234494613893905,0.08056784692492108,0.027065142450758046,0.17655277420020646,0.17610604795800927,0.05460906952495183,0.05389318119165639,0.04757022814650171,0.06414224760131387,0.05930544450486406
recon_face/synergynet/FaMoS_180507_03345_TA__multiview_expressions__IMG_0740,3.2982943665287805,3.2982943665287805,2690,I,0.01644065847441459,0.010741694037690064,0.022601059139472447,60,0.0034323896200422416,0.6975232126678753,3.9867121698334813,0.999152370558971,0.04106791174588723,-0.0028225929958151518,-0.041148207205241545,0.9983455225687122,-0.04016270173681015,0.0011685247890021499,0.040244803289834666,0.9991891664534699,-0.0014229175187395618,0.01858428393099508,0.08035366246042833,0.028032607892154063,0.17407821335867343,0.17648657503918852,0.05613520973374664,0.052539917544763615,0.048920758027278785,0.05984176758368611,0.05946488286611859
recon_face/synergynet/FaMoS_180507_03345_TA__multiview_expressions__IMG_0741,3.434403010723167,3.434403010723167,2687,I,0.017295190330280038,0.012125634177911638,0.021917074145276282,60,0.0033799069551642786,0.6795118623418895,3.9755077939480543,0.9999656181909969,0.008176155043680768,-0.0013830851744644278,-0.008243811092721449,0.9982046873192559,-0.05932488341778704,0.0008955526593400745,0.05933424561387945,0.998237769913995,-0.0005706316311098335,0.02056760769253728,0.08120977316937217,0.029148942464763614,0.17336694363785363,0.17225926021986893,0.052660741301153446,0.053265348675393266,0.04650753281770578,0.06167334269507244,0.061801590896269534
recon_face/synergynet/FaMoS_180507_03345_TA__multiview_expressions__IMG_0743,1.263634714014134,1.263634714014134,2696,I,0.01721986918586074,0.012232639386098481,0.01844237303631074,60,0.003443396729465325,0.703239159664451,3.9626360638067126,0.9998630359683575,-0.0022815436640742145,-0.016392189074300244,0.0025202341040952573,0.9998908890166899,0.014555359201183313,0.01635719181886792,-0.014594677794450627,0.9997596899534792,-0.0009021122571689529,0.00971929639342433,0.08166635520687063,0.027452198014568448,0.17665042282380067,0.17899062553147602,0.05709926855116635,0.05326333517198052,0.06092760535758897,0.05914100890197254,0.056964137208251824
recon_face/synergynet/FaMoS_180507_03345_TA__multiview_expressions__IMG_0744,1.7594615135097653,1.7594615135097653,2694,I,0.014603401839907769,0.009321303754971609,0.017903787340208262,58,0.0034761059541163204,0.7026077014352541,4.018010999076068,0.9998830520198041,0.0018751608657466526,-0.015177814575545885,-0.0014703694376155118,0.9996440828230355,0.026637298860981037,0.01522236175102297,-0.02661186668799974,0.9995299336458621,-0.001211345496187858,0.011076883343406507,0.08362923726845711,0.026387821063141578,0.17664786154799025,0.17858537416688386,0.05853929728909537,0.051599280204034675,0.055741293364597766,0.05791215897069163,0.05719288439630603
recon_face/synergynet/FaMoS_180507_03345_TA__multiview_neutral__IMG_0725,1.6867713094872927,1.6867713094872927,2689,I,0.015844932029429045,0.010444383665165783,0.017873909762194693,60,0.0034260602265057225,0.6952449453122913,3.9549401439726353,0.9996522866084774,-0.01708653645878218,-0.020083728495597485,0.016822268321082454,0.9997706393096196,-0.013254435595989817,0.02030559447481578,0.01291197298159533,0.9997104399708685,-0.001359077371598875,0.015481274308620993,0.08216191357235783,0.027016124952659263,0.17847373333033062,0.17885739329707603,0.05618101969494828,0.049953586967658795,0.05002945257959575,0.05991799208105741,0.05900483577551625
recon_face/synergynet/FaMoS_180507_03345_TA__multiview_neutral__IMG_0726,0.9862102139632313,0.9862102139632313,2688,I,0.014931273824386977,0.009513694269754285,0.017377010152997505,55,0.0034348345316561634,0.7029959651850908,3.9053827731404454,0.9998904545645892,-0.0008860418553158797,-0.014774769048948307,0.00101580607319634,0.9999609598675219,0.008777635151089556,0.014766414887872744,-0.008791681901355012,0.9998523187554773,-0.0008844977886553196,0.013139177166045457,0.08322137653843428,0.02616293241453574,0.17874865996687506,0.17928166053405645,0.057943395549547985,0.050954626154222867,0.05159714080515346,0.05974900022667803,0.05864707533569804
recon_face/synergynet/FaMoS_180507_03345_TA__multiview_neutral__IMG_0729,1.4407718924240756,1.4407718924240756,2692,I,0.015201711581400866,0.010085906527465315,0.01696309280437556,60,0.0034473865445875116,0.694363699766187,3.9533646220806986,0.9997730816531345,0.02130218529256605,4.5864547512308345e-05,-0.02130089698538466,0.9996838552884272,0.0133589394521215,0.00023872455584316745,-0.013356885019667081,0.9999107643350772,-0.00021445430180525775,0.0123171974733648,0.08171099498781517,0.025992494525012795,0.17786558478487244,0.17874600346773678,0.05818191436314676,0.05060287197708126,0.05312353560058339,0.057958239839217746,0.05782981077831807
recon_face/synergynet/FaMoS_180507_03345_TA__multiview_neutral__IMG_0777,1.5447875645544533,1.5447875645544533,2690,I,0.015228738841745587,0.010139549229753951,0.019364050346387125,55,0.0034943652970335064,0.7046795760240261,4.022683524060994,0.9996383644047582,0.02486734996504325,-0.010235004440469304,-0.024847845379030613,0.999689186652651,0.0020284648829541558,0.010282265810615249,-0.0017734135100585544,0.9999455635254964,-0.0016174112362530083,0.014877832744078286,0.0842011287765527,0.02637695215692718,0.17662028675138344,0.17781167378135684,0.05939965551974657,0.04884206348030491,0.05192072188389159,0.059952972657789344,0.05825077150370448
recon_face/synergynet/FaMoS_180507_03345_TA__multiview_neutral__IMG_0778,1.710903204207556,1.710903204207556,2697,I,0.015757968014822276,0.010567057901163,0.01819458746834933,47,0.0034843339645260827,0.7143255631787895,3.9929117360152304,0.9996057133452514,0.025536909060261254,-0.011674079114816037,-0.025417084877904648,0.9996238722403812,0.010299798224031485,0.01193271318017906,-0.00999901609131264,0.9998788076728927,-0.0013597222209398075,0.011571178198634097,0.08273327811562639,0.026559709293711025,0.18111048398670251,0.18214615686283225,0.05932934994942007,0.0505427845751661,0.06302785246933394,0.058434964715458254,0.05670837281847875
recon_face/synergynet/FaMoS_180507_03345_TA__multiview_occlusions__IMG_0748,4.432474424287565,4.432474424287565,2697,I,0.017028915312847698,0.011605819548717478,0.020527851650727954,60,0.003526387112445067,0.7096302000774919,4.140807137126103,0.9973672437049483,-0.060416881440542754,-0.04010463341551519,0.061469155356531434,0.9977820581464031,0.02554422402192375,0.03847238131631656,-0.027942170247263018,0.9988689158231548,-0.0015967938412451475,0.01213622529545754,0.08287731900600015,0.029349426985033254,0.18058053502188182,0.182067399033202,0.05873066425086119,0.05029415359801377,0.05329026470440681,0.05756278989480054,0.0578200563015559
recon_face/synergynet/FaMoS_180507_03345_TA__multiview_occlusions__IMG_0749,1.7965445974736491,1.7965445974736491,2687,I,0.014603167583061467,0.009288131658073847,0.01837973666354409,60,0.0034686435391416493,0.7051125474090656,4.053745977813378,0.999798044225414,0.008743127432856395,-0.018094985098924102,-0.00830512698610998,0.9996740693438988,0.024140835676368325,0.018300153791212807,-0.023985679146141886,0.9995447921764768,-0.0009150764301507448,0.014252844579941429,0.08408560987530422,0.026259754846407572,0.17769411253373352,0.17905511359603618,0.05725067733619463,0.05005583199907882,0.05163038246034909,0.05794609804751732,0.05579199840974763
recon_face/synergynet/FaMoS_180507_03345_TA__multiview_occlusions__IMG_0750,1.6550832466916137,1.6550832466916137,2692,I,0.015114979519764352,0.010010932589184453,0.02442771000897841,60,0.0034545056753183022,0.701694565256013,3.9989608509931713,0.9997736287087076,0.0027801836472211624,-0.021094120448861345,-0.0023675639818652038,0.9998058678648659,0.0195607061164053,0.021144407757492777,-0.01950633645429942,0.9995861227821823,-0.001401616275460391,0.01255988921673526,0.08232487428434149,0.026809035587553362,0.17503730033964476,0.17767825711818072,0.056437246629908226,0.05052307448425043,0.05049456985806949,0.05829330673916107,0.05622565748595514
recon_face/synergynet/FaMoS_180507_03345_TA__multiview_occlusions__IMG_0762,1.593570957094828,1.593570957094828,2690,I,0.014588461813504178,0.009843593028026669,0.018392731655259818,60,0.0034487299227442055,0.6982911912908623,3.9847638981882483,0.9996317813889573,0.02711200797603029,-0.001113849472638495,-0.027104722112995132,0.999613957593775,0.006104901546163265,0.0012789356189203541,-0.006072463027363669,0.9999807445728466,-0.0005955916696134603,0.015000635243773222,0.08378532637979766,0.025741382395986268,0.17788277874379954,0.1777915426349561,0.05769733022996975,0.051263377732631114,0.05461398737645486,0.05818987230221025,0.0581930375148066
recon_face/synergynet/FaMoS_180507_03345_TA__multiview_occlusions__IMG_0764,1.9927586322542736,1.9927586322542736,2687,I,0.014797808725854983,0.009597701381510355,0.018561580670291684,60,0.0034514172157808338,0.7052525748968148,3.9386936121154577,0.9993988420198839,0.034254623212393955,-0.005345592379851075,-0.03426886957172541,0.9994092766484682,-0.002596599172172652,0.005253489087328113,0.0027782256139075104,0.9999823410015036,-0.00139046759485829,0.014888316952159149,0.0835683034575459,0.025156483847740142,0.17627846737161493,0.17653223932571652,0.05759897633536846,0.04970252971380493,0.0511420885095006,0.05975035152209184,0.0579588742562333
recon_face/synergynet/FaMoS_180507_03345_TA__multiview_occlusions__IMG_0765,3.455501011990298,3.455501011990298,2699,I,0.017948464520464485,0.012577524013693647,0.022414157728292833,60,0.003609883361920395,0.7171405178850034,4.373658447060734,0.9993185275879701,0.036368683906901074,-0.006308664699674888,-0.036026579569673416,0.9982076530198056,0.047786682425151814,0.008035296131631179,-0.047526837508635206,0.9988376413274105,0.000301740883904363,0.01368328977278093,0.08035112143820769,0.03179584757149868,0.18130682714653432,0.1815490970109879,0.06257890898139344,0.05204556263242745,0.05503500039108208,0.058875327818804085,0.05716506236455962
recon_face/synergynet/FaMoS_180507_03345_TA__selfie__IMG_0757,1.4490303001740201,1.4490303001740201,2692,I,0.016365865237697504,0.011427855487791082,0.018027400643599673,60,0.003412990271328574,0.6960991498123709,3.9403128859121352,0.9997149173514142,0.02075463170363942,-0.011803782779379766,-0.020655570159053872,0.9997509139190048,0.008453256148970347,0.011976286839454805,-0.008207032408976432,0.9998946010318173,-0.0009174802551034083,0.00973568437642805,0.08264499528914082,0.026748375764533563,0.17236718279276414,0.1756440589457789,0.056949224575861455,0.05463293354616243,0.056111360901429166,0.059631188400356916,0.05766419865851838
recon_face/synergynet/FaMoS_180507_03345_TA__selfie__IMG_0758,1.464136471352901,1.464136471352901,2689,I,0.015009511705884668,0.009837879915855918,0.022576214546641153,60,0.0034354657235956716,0.6978688437883619,4.075205709086731,0.9996809394803062,0.02474531504432734,-0.005068394531764315,-0.024725598044993136,0.9996866034215849,0.003916598107159457,0.005163723568323665,-0.0037900293894064596,0.9999794856076484,-0.0007232759781498103,0.013287765875544845,0.08226718956994933,0.026168082207640105,0.1765622737953785,0.17838294452909678,0.056798609948687705,0.0518472884173481,0.04931800055454589,0.05885860000075268,0.05832111601624653
recon_face/synergynet/FaMoS_180507_03345_TA__selfie__IMG_0780,1.8753312449982904,1.8753312449982904,2688,I,0.01669639393833629,0.011806915402218683,0.023896415175059117,60,0.0034447414428198197,0.6935940418868091,4.0342164929024875,0.9995729303009812,0.029162654888917852,0.0018699115861413498,-0.02913193735799859,0.9994665717761057,-0.014761508320283936,-0.0022993988953094488,0.014700729980175947,0.9998892945235343,-0.0003041457083352209,0.014737232246964,0.082934474824543,0.027974703963806066,0.1723364029508896,0.17369004573932967,0.05760255135460976,0.05452825733116338,0.04928268884200069,0.05959910095962091,0.05922934655523049
recon_face/synergynet/FaMoS_180508_02474_TA__multiview_expressions__IMG_0804,1.1820170263502479,1.1820170263502479,2691,I,0.015138668072574184,0.009655423540274858,0.022451308250459125,51,0.00344870771652364,0.7016354135683561,3.8796345330774784,0.9998556873784853,-0.009605513820392658,-0.014012084824976966,0.009440869435202925,0.9998861694697094,-0.011769370735009752,0.014123540675183332,0.011635386002917796,0.9998325576772144,-0.0007314026639044755,0.01277975583214537,0.08103013396030079,0.02612176125422118,0.17411676694358363,0.17493005318335653,0.05723687267086983,0.05279877974312025,0.05104142541074816,0.05916816699213464,0.05904050031621714
recon_face/synergynet/FaMoS_180508_02474_TA__multiview_expressions__IMG_0806,1.4193953307730112,1.4193953307730112,2691,I,0.01573430957459221,0.010520983224048168,0.019114102191641946,53,0.003520810927141393,0.7052248417117932,4.0143461499828845,0.9997579700129496,-0.012472861050351189,-0.018122613851321787,0.012678386106201162,0.9998561066079865,0.011270519263125086,0.017979430506208323,-0.011497556955154338,0.9997722471956979,-0.001158697685536606,0.012628912515699121,0.0834811041478751,0.027112838163271542,0.17744029826780533,0.17998308419996054,0.0602150537144287,0.050998267370132126,0.051981027521997736,0.0597803840407419,0.05757506645488237
recon_face/synergynet/FaMoS_180508_02474_TA__multiview_expressions__IMG_0807,2.057699631154713,2.057699631154713,2688,I,0.015176813222640934,0.009844216873217107,0.018223616322833022,60,0.003461058974736774,0.6999469758627305,4.066954106092453,0.999374410834641,0.03536270117625444,-0.0005160759938101521,-0.03535881923118827,0.9993553706229351,0.00621265721503632,0.0007354396566695492,-0.006190522806220112,0.9999805680891488,-0.0014094677737725555,0.012366055089935185,0.08282939943401738,0.027329085692902513,0.17728706685472198,0.18116999053601535,0.05800488545115157,0.051969868315038095,0.05233801236609322,0.05844999542832848,0.057923440314126405
recon_face/synergynet/FaMoS_180508_02474_TA__multiview_expressions__IMG_0808,2.2511682427138133,2.2511682427138133,2689,I,0.015318394003185135,0.010322543927790308,0.023557989017982117,60,0.0034332672826144564,0.696430020147034,4.052139928098768,0.9992627307741709,0.03839261468870308,-4.497901173909061e-05,-0.03839166350159365,0.9992282420949767,-0.008306646336657116,-0.00027396957332743543,0.008302248921026496,0.9999654982065765,-0.0014495623605877714,0.014353432145449659,0.08271524508354719,0.026514870934530126,0.17561316324689702,0.17781597687535458,0.057253068881000464,0.05230952448227984,0.050571053042194926,0.06031474643290402,0.057611260657517115
recon_face/synergynet/FaMoS_180508_02474_TA__multiview_expressions__IMG_0809,1.4149271173907967,1.4149271173907967,2690,I,0.01534837950394769,0.010215483152001721,0.02317612043056935,60,0.003423022023454562,0.6966497581872698,3.942478831857443,0.9998206616252111,0.012966645969731372,-0.013802560618272213,-0.013183756079718827,0.9997889355035874,-0.015756681764714706,0.013595336073665362,0.01593582557948167,0.9997805840783985,-0.0013783173277073198,0.01414861698187364,0.0801882288228615,0.025758722512984562,0.17279472612595656,0.17396970097345615,0.05553177410547761,0.053997923388383356,0.04900045014724207,0.058080177153506066,0.058681350917457686
recon_face/synergynet/FaMoS_180508_02474_TA__multiview_neutral__IMG_0782,2.5831165413628683,2.5831165413628683,2692,I,0.01784553729934325,0.013000638359076201,0.02225732992669166,60,0.00353252611855319,0.7027248721537988,4.112299355911091,0.9990072970234327,0.026851929753687748,-0.03554425920508338,-0.026608064233987056,0.9996191686337662,0.007316325420428446,0.03572718029253303,-0.006363298550327677,0.9993413215813225,-0.003671536196911602,0.015329456300024913,0.08188394741788377,0.029605549889389817,0.1759697703003098,0.17849980928721165,0.0625936135831565,0.05054197957858186,0.05093383818130128,0.05891993023027337,0.05618345603989128
recon_face/synergynet/FaMoS_180508_02474_TA__multiview_neutral__IMG_0783,2.762730180045847,2.762730180045847,2697,I,0.017133178254722322,0.012102028174525097,0.02369780195083607,60,0.003451331037069641,0.7000061416133707,3.9771383970510215,0.9990511922354166,-0.0375909524165471,-0.021991716381622842,0.037128413657716006,0.9990882308817033,-0.02107576363810981,0.022763923041830274,0.020239249247065452,0.9995359806418478,-0.000767595624969621,0.01304870868184501,0.07933433784357782,0.027961265817325137,0.1741026002370508,0.17550387169136555,0.056288405234089955,0.053118872137837836,0.05122850832261824,0.060125431238179435,0.057810352619829156
recon_face/synergynet/FaMoS_180508_02474_TA__multiview_neutral__IMG_0784,1.604492227816673,1.604492227816673,2685,I,0.017437982623458685,0.012395207225693443,0.02285945215753923,60,0.0034463379158079137,0.6911363215571248,3.9592646257951856,0.9999228574323822,0.0023701047433475155,-0.012192694032290992,-0.002675342531622465,0.9996818826715584,-0.025079393943776673,0.012129374534492495,0.025110078887853205,0.9996111054863528,-0.001334019666411155,0.012516417890853261,0.0817369593571115,0.027678887177328117,0.1735377662935137,0.1757080923001906,0.055322795097427414,0.05188540477513156,0.041174043301529815,0.06141151099525251,0.05931785737801954
recon_face/synergynet/FaMoS_180508_02474_TA__multiview_neutral__IMG_0785,1.6833945738469953,1.6833945738469953,2688,I,0.015569297097694305,0.010619579621414903,0.02219363774444888,57,0.0034281757223188635,0.6984127040311209,3.8983061998151243,0.9997152114386924,0.022856180543700227,-0.006862290364329685,-0.022970410813733872,0.999590638334181,-0.017056259311820123,0.006469640263483679,0.017209031513061187,0.9998309822111154,-0.0013223599889353355,0.016891506648829747,0.08186102680515572,0.027007089938551207,0.17266847097172958,0.17303180947411567,0.05561090409603137,0.053201502110510585,0.04645358150632825,0.05945115119182039,0.059180093296429585
recon_face/synergynet/FaMoS_180508_02474_TA__multiview_neutral__IMG_0891,1.9704587262708282,1.9704587262708282,2690,I,0.01582092845293732,0.010629854112458113,0.020590111744738532,60,0.003481130783125034,0.7048694494669383,4.1353686628863215,0.9994551648591458,0.03295077475935298,-0.001902597996375836,-0.03296758858750487,0.9994102087783396,-0.009611071342985274,0.001584783613760434,0.009668558961568423,0.9999520025623752,-0.0010810366992431073,0.014955357029942953,0.08217623033116606,0.027569909437905313,0.1801441862012777,0.18079119021009155,0.057824887984622986,0.05267574038077111,0.05297332582013968,0.0591199651254735,0.05876783511637176
recon_face/synergynet/FaMoS_180508_02474_TA__multiview_neutral__IMG_0892,2.5518997162541663,2.5518997162541663,2692,I,0.015170165704680601,0.009867973500269063,0.018534558553987127,60,0.003470115152510882,0.7019240241537429,4.043230531970039,0.999119356480438,0.041780078265097595,0.003864785411692981,-0.04171782664443327,0.9990170240307031,-0.014986948885704466,-0.0044871423179065565,0.014812520278467387,0.9998802202248118,-0.0008803824296724728,0.015718421651672317,0.08173350566930992,0.02715310209550741,0.17743524543914832,0.1773452082085287,0.059493023380569825,0.05106507751770236,0.055081787216196464,0.05670511480919255,0.058471170260418044
recon_face/synergynet/FaMoS_180508_02474_TA__multiview_occlusions__IMG_0811,1.8067015319029596,1.8067015319029596,2682,I,0.017562811877487008,0.012222033412542957,0.024663380642474593,56,0.0034781623170182215,0.6973960918379271,4.042510804021731,0.9997618408330361,0.008858094223194992,-0.019944818396567924,-0.009309700057811857,0.9996997699227541,-0.022664939912269373,0.01973806218889412,0.02284522232604063,0.9995441484586367,-0.0022999955217409187,0.013419118247273217,0.08111235415241555,0.028355748502755206,0.1778391335661727,0.17902630551072354,0.0561799095092332,0.05268694846741864,0.048026523041045634,0.06201935219171596,0.06133679962528177
recon_face/synergynet/FaMoS_180508_02474_TA__multiview_occlusions__IMG_0812,1.101040624697673,1.101040624697673,2688,I,0.015671965057856282,0.010977840128906968,0.024123581534763433,47,0.0034245072192826045,0.6930364485823041,3.8907418260350823,0.9999372748973107,0.001972846509383344,-0.011025159753538842,-0.0021447595445395033,0.9998759688585744,-0.01560278518800312,0.010993010390095405,0.01562545281831142,0.9998174828171318,-0.0011289214756672516,0.01685856370115405,0.08169219253799723,0.027451193855426857,0.17474232809937698,0.17654519415509118,0.05641798220541846,0.05143566041051618,0.04910720046521264,0.061089911978494706,0.06053991935934477
recon_face/synergynet/FaMoS_180508_02474_TA__multiview_occlusions__IMG_0813,1.677757343433642,1.677757343433642,2686,I,0.01719137787203327,0.012127557339197334,0.023807263909418792,60,0.0034274167808295815,0.6888001406835592,4.012457930017263,0.9999367122883632,-0.005348819173975555,-0.00989755279770638,0.005079317202705442,0.9996209930046305,-0.027056808407314115,0.010038523531554617,0.02700482323363564,0.9995848976287239,-0.001107344227473019,0.014316047685489483,0.08210524336610012,0.02790206521507877,0.17423575710804703,0.1757971823683137,0.05651136983586819,0.05112439206104983,0.044514980502355424,0.06013052383116527,0.062352854441278534
recon_face/synergynet/FaMoS_180508_02474_TA__multiview_occlusions__IMG_0814,1.3938573865706043,1.3938573865706043,2686,I,0.015253553944103536,0.010277402426588905,0.02309742855655491,60,0.003422874783576009,0.6925850667894471,4.061695741955191,0.999765208814665,0.02020327306407835,-0.007832943333640964,-0.020288634573528867,0.9997339149171635,-0.010975913244199425,0.007609109731864949,0.011132255921449988,0.9999090830306461,-0.0012725495769593238,0.015444916899635452,0.08293545083933929,0.026025805347871894,0.1749742856468613,0.17699230728223214,0.05694476283946518,0.05230744667620787,0.05084644611163986,0.061962432539084775,0.058549553911771836
recon_face/synergynet/FaMoS_180508_02474_TA__multiview_occlusions__IMG_0815,1.5817891645135185,1.5817891645135185,2685,I,0.01510314081157991,0.009930792534307918,0.022458659548942196,60,0.0034207195979121955,0.6941397265862094,3.987870058044791,0.999718646894408,0.02102470508113692,-0.010981294453133145,-0.021177687367747947,0.9996776195745064,-0.01400580164088657,0.010683286449830352,0.014234419485920281,0.9998416118028544,-0.0017062167156136588,0.01677546300109832,0.08227064904538048,0.026577755001764063,0.1775047279824751,0.1801845057071659,0.057020941085801254,0.054305425581746454,0.048749167182660064,0.06043205499970554,0.059220127300380336
recon_face/synergynet/FaMoS_180508_02474_TA__multiview_occlusions__IMG_0816,1.7059334640526178,1.7059334640526178,2692,I,0.014600463966903768,0.009228255579842266,0.022358689751655506,60,0.0034399898537265947,0.6993955472013819,3.9176383251324296,0.9996113751335055,0.02675465151920544,-0.007828622215216236,-0.026835000057944692,0.9995863465192596,-0.010344980626859264,0.007548607526742965,0.010551041387743305,0.9999158434838613,-0.001013366996836363,0.017033597256926956,0.08263622228124623,0.025951652732910925,0.17328622210653674,0.17208335575769582,0.05650524132681591,0.05195112485190744,0.04971925345956389,0.05967015428522896,0.05733927805481921
recon_face/synergynet/FaMoS_180508_02474_TA__selfie__IMG_0874,1.698664355097363,1.698664355097363,2685,I,0.017577792424934617,0.012631165101486213,0.024227724392884967,60,0.0034744581345896924,0.6988675569410422,3.9851071799639612,0.9998998429642388,0.013971001389720085,0.0022616720051799673,-0.013907348718287168,0.999563536793706,-0.026063797959737133,-0.0026248222260818687,0.026029733625730272,0.9996577230610761,0.00018223556361551368,0.013790411053291617,0.08164787670881946,0.028740289481150413,0.17397111306332816,0.1757837185496739,0.05641030580835497,0.0509186937008561,0.043630317868014516,0.059153604280519544,0.060642249291339115
recon_face/synergynet/FaMoS_180508_02474_TA__selfie__IMG_0905,1.445841550501336,1.445841550501336,2686,I,0.017573458148146072,0.012593739197972728,0.02431428197972732,60,0.003509466940260057,0.7018330184908073,4.01285817893222,0.9998599505110451,0.016673525526730085,-0.0014397605913248966,-0.016697742099901804,0.9996824441041907,-0.01887316504027805,0.0011246211877913059,0.018894562614198782,0.9998208493179178,-9.885097361772511e-05,0.013168155844889895,0.08277954544434393,0.028364466636524043,0.17319165567712375,0.17598211346699513,0.05459796526388318,0.05166590292383291,0.04206571667730198,0.060149158828540786,0.06107550563602856
recon_face/synergynet/FaMoS_180508_03229_TA__multiview_expressions__IMG_0967,4.543340847313295,4.543340847313295,2690,I,0.01693122476826072,0.011514622147095074,0.024299003287049648,60,0.0033981810030346985,0.6820144399250441,3.9742272631265223,0.9999948662321515,-0.001839826754968284,-0.002623460854191364,0.0016264115085173748,0.9968613284366694,-0.07915078428596993,0.0027608504028168524,0.07914611111729301,0.9968592030974397,0.0004546869806758093,0.01925919685035831,0.07735983076807565,0.027898474029279852,0.1708265453653358,0.17024746943634192,0.05394792054225234,0.05694698254590761,0.04821084977639478,0.06264025106517597,0.06176622830423402
recon_face/synergynet/FaMoS_180508_03229_TA__multiview_expressions__IMG_0968,4.417505142816218,4.417505142816218,2691,I,0.017404302766805425,0.01205987711893208,0.02405225754211473,47,0.003396086774007007,0.6833061655480507,3.8911091429181397,0.999965192960232,-0.002113957540640061,-0.008071186500252427,0.0014897207248430952,0.9970624476257894,-0.07657843212440385,0.008209360521225678,0.07656374284206818,0.997030892039884,-0.0007287912231370287,0.017519122554568722,0.07663210326504721,0.02794557381454847,0.1704847259779797,0.17317520797229383,0.05394234846117035,0.05539192498312173,0.04787789998487341,0.06333427507792129,0.0627078432756499
recon_face/synergynet/FaMoS_180508_03229_TA__multiview_expressions__IMG_0969,3.8453381831250577,3.8453381831250577,2697,I,0.01693055062190853,0.011764045425996478,0.02389419291936957,59,0.003402522969684268,0.6844600507786528,3.971799303079024,0.9999601754361928,-0.0035661374804021972,-0.00818108825827704,0.0030144625863636337,0.9977831187588689,-0.0664812825924832,0.008400033150783484,0.06645397341993259,0.9977541324694019,-0.0009010609029099807,0.01690170653328637,0.077010872216697,0.027246931350260635,0.16667972666164235,0.1671111215105967,0.05477667250094508,0.0578287653081001,0.04933822587496958,0.06281478774939903,0.060782438981278636
recon_face/synergynet/FaMoS_180508_03229_TA__multiview_expressions__IMG_0970,2.4593490340375377,2.4593490340375377,2688,I,0.01567064441211046,0.010263486154709756,0.023553646674320153,60,0.0034148782123155507,0.6876586873916776,4.040682225953788,0.9998091898073289,0.002976733982933024,-0.01930603614436958,-0.003712280448392835,0.9992641325387382,-0.03817607098006533,0.01917818945274376,0.0382404560171211,0.999084513228444,-0.0019595686847528773,0.016440164187753334,0.07908544934433465,0.02623933972652509,0.17418046982360738,0.1742536526897942,0.05632721176245227,0.053745168274539054,0.04919967250858454,0.06016059250492365,0.058401198083828126
recon_face/synergynet/FaMoS_180508_03229_TA__multiview_expressions__IMG_0993,1.2208822362523766,1.2208822362523766,2690,I,0.014970097283757793,0.00951027427826095,0.024185093808279143,60,0.003429986174231747,0.6951821378317019,3.980755095137283,0.9998693151166342,-0.0012416095400654623,-0.016118656704050206,0.0010177568730535456,0.9999030310380476,-0.013888581348448495,0.016134337889741758,0.013870361447169936,0.9997736224837025,-0.0013441196069897401,0.016405381947888452,0.08079638265822056,0.02527988166117137,0.17373724613276187,0.1755827864101827,0.057144730804870196,0.05371155791012815,0.051625765774846746,0.05891562791268038,0.05937234900268552
recon_face/synergynet/FaMoS_180508_03229_TA__multiview_expressions__IMG_0996,2.2033228144660755,2.2033228144660755,2687,I,0.014997703838514492,0.009649829496437376,0.02368930302783075,56,0.003414111940580516,0.6899334412349206,3.885752555914223,0.9996926789683531,0.021009259904167247,-0.013158974707674952,-0.021386959676102147,0.9993432464829429,-0.02925190019036254,0.012535771730964762,0.029524340927670374,0.9994854514798585,-0.0017066504790811488,0.01631161297525232,0.08016001045943896,0.025313521430839418,0.16990959879615342,0.16883114062365648,0.055815865179053195,0.05264460883991315,0.05047242131292203,0.060311344340289154,0.058687207480081945
recon_face/synergynet/FaMoS_180508_03229_TA__multiview_neutral__IMG_0952,1.697749135627928,1.697749135627928,2686,I,0.017061316790800182,0.012014462608732686,0.022321318039467422,60,0.003443504629493462,0.6903080831131315,3.9826932561118156,0.9995669392801511,0.029386515467093078,-0.0015383779813464046,-0.029391633177022106,0.9995621318529196,-0.003417084259103933,0.0014372881751976861,0.0034608198954502326,0.9999929784395255,-0.0012984892793638926,0.012523492483733509,0.08291237315665423,0.029285855383896903,0.16219453108670104,0.1789432056845207,0.05616173504878751,0.05102262083020168,0.0433755857030815,0.06016533281619427,0.06250831739545092
recon_face/synergynet/FaMoS_180508_03229_TA__multiview_neutral__IMG_0957,1.6107760735816639,1.6107760735816639,2689,I,0.014272697564130393,0.008604694944279038,0.01737548084008457,60,0.003473952802858684,0.7061199827075018,3.9608170830179006,0.9997280551049095,0.001809264532007049,-0.023249567695064307,-0.0014440628346504153,0.9998754675319171,0.015715091802446127,0.023275105127232788,-0.015677244326824387,0.9996061691944652,-0.002362445346900458,0.01207180241173273,0.0830110258242551,0.025453161589651472,0.17772036433819371,0.1776038561944465,0.05743174028714543,0.04996064054556851,0.05579295969326108,0.05922258411080688,0.05696010504453553
recon_face/synergynet/FaMoS_180508_03229_TA__multiview_neutral__IMG_0958,0.7441013392826268,0.7441013392826268,2685,I,0.015377631738962191,0.010339915948415601,0.01826155096558818,56,0.0034625624199020703,0.7056227194908826,4.08951450092718,0.9999325177238965,0.010483178953574042,-0.0050062917791026465,-0.010453941429664545,0.9999283544519332,0.005831043786085106,0.005067060976079974,-0.005778314812939749,0.9999704675494107,-0.0003652121944036829,0.013465462025937035,0.08405742523741996,0.026688554037846715,0.18043739300123265,0.18262818227822786,0.058983592681196254,0.04924516786979238,0.05370600490709472,0.05898468582680569,0.05880603882904146
recon_face/synergynet/FaMoS_180508_03229_TA__multiview_neutral__IMG_0987,1.3622400427615229,1.3622400427615229,2687,I,0.014035918242346538,0.008780558490520304,0.018106854879368986,42,0.0034456862147529987,0.6993476508878456,3.8822146360762417,0.99988820320942,0.011988965866545217,-0.008935646596003002,-0.01182175376969204,0.9997582923338801,0.01853653277862122,0.009155720640485978,-0.01842882543991713,0.9997882531678687,-0.001154809706086825,0.013496284696656917,0.0832281883649579,0.025975851075259855,0.1746922287796289,0.1758000310881516,0.05861744659312892,0.053611780862144694,0.05432309574521582,0.05851203814045071,0.05745548264766916
recon_face/synergynet/FaMoS_180508_03229_TA__multiview_neutral__IMG_0988,1.253770004583656,1.253770004583656,2686,I,0.014749086161249583,0.009423223026212018,0.02309881385603978,49,0.0034406972540932,0.6943151481889107,3.8783402270637453,0.9998136007336587,0.017232909534936582,-0.008705780663289855,-0.017321639882542404,0.9997977188054702,-0.010221656575953706,0.008527870764507381,0.010370549664212976,0.9999098594972877,-0.0012127155277489544,0.01660782222104571,0.0821763422498796,0.02547701469441441,0.17233182369825373,0.1742663773403303,0.05594302486091307,0.053611466820280354,0.04807912524331311,0.05890739960245918,0.05757103068468609
recon_face/synergynet/FaMoS_180508_03229_TA__multiview_neutral__IMG_0990,1.7791895058857894,1.7791895058857894,2686,I,0.014999994097343114,0.009735253668750103,0.018560387364608043,60,0.003475406504214626,0.7081360683225805,3.994476475054398,0.9995250476727978,0.030118323740764702,-0.006524235567347034,-0.0300934435265434,0.9995395641373956,0.0038787086432997752,0.00663805177793076,-0.003680529727003551,0.9999711945698849,-0.0014859832764225628,0.015681818450324257,0.0837892311597345,0.026231479160555727,0.17584746488983194,0.17680736662510005,0.058551041352522815,0.05129224157648865,0.052089175890208124,0.06021496811135969,0.05834374331467572
recon_face/synergynet/FaMoS_180508_03229_TA__multiview_occlusions__IMG_0947,1.4420672898744495,1.4420672898744495,2688,I,0.014640897011631845,0.009293624369631059,0.02374768049469337,60,0.003445072416664712,0.6946755438135267,4.002990167820826,0.9997794540041159,-0.0019585298632841634,-0.020909507694029238,0.0016683422609883682,0.9999021833735192,-0.013886695754201605,0.020934659904862173,0.013848748883714648,0.9996849264488404,-0.0015571075692813803,0.015148136116902501,0.0809599362477027,0.025601187621299842,0.1759433886487313,0.17674437512911442,0.0587795607841327,0.05360080961622616,0.051470739729089665,0.05985290904170497,0.058945837005783215
recon_face/synergynet/FaMoS_180508_03229_TA__multiview_occlusions__IMG_0948,1.329707387780399,1.329707387780399,2686,I,0.01528927195725915,0.01036029363536319,0.023055996799645817,60,0.003410064768970829,0.6963353993320613,4.01468307711184,0.9998798827115912,-0.007213968484302001,-0.013717828084712702,0.00697595177901187,0.999825656415609,-0.017320302245460648,0.013840384583931682,0.017222526870488756,0.9997558843651606,-0.000648781608135519,0.01551858666116554,0.08274907753952979,0.025860293931067948,0.17678505998257024,0.1775055250914817,0.0563112724527555,0.05188438254171604,0.050083767934491305,0.05909376718016957,0.05891734712963856
recon_face/synergynet/FaMoS_180508_03229_TA__multiview_occlusions__IMG_0949,0.983867033972292,0.983867033972292,2688,I,0.015477582300042673,0.010485341021364135,0.02368866394537742,60,0.003413444536041134,0.6900226024570042,3.9608497638255358,0.9999433505875268,0.008918967701107755,-0.005809271119295392,-0.008996434300791004,0.9998690959047449,-0.013448242431592497,0.005688566222031381,0.013499743322520297,0.9998926928148659,0.0001203213148962151,0.017029449041186348,0.0825917513127076,0.026692289071412925,0.17203966751277386,0.1734810784742876,0.056419509131566896,0.052618750164797855,0.05036408038385316,0.05949528813713706,0.05783640623975134
recon_face/synergynet/FaMoS_180508_03229_TA__multiview_occlusions__IMG_0950,0.6925627939620547,0.6925627939620547,2688,I,0.015488538319923768,0.01084167882819805,0.023635122844352867,60,0.0034155781748593096,0.6905512726193127,4.012406170135364,0.9999482218039436,0.008582964637709089,-0.005466848192458795,-0.008618442547302617,0.999941737842774,-0.006499489828487235,0.005410744790728817,0.006546269013690251,0.9999639344510428,-0.0009807369296387827,0.015445602858386413,0.08321358162859138,0.026418074461835722,0.1726015633056675,0.17419918001827606,0.05832812635129028,0.0533608705381822,0.049278415614744664,0.061270767871957066,0.05866107066535424
recon_face/synergynet/FaMoS_180508_03229_TA__multiview_occlusions__IMG_0951,1.5666193061969171,1.5666193061969171,2688,I,0.01587143976100276,0.011071516145184356,0.023527171331952288,60,0.0034605067862896266,0.6953746204992051,4.053306760964915,0.9996628609853724,0.024927314097788828,-0.007265905202405338,-0.024988611033985864,0.9996518434713303,-0.008471196076318736,0.007052211364694077,0.008649904984533625,0.9999377207899632,-0.00143991419488333,0.01683076554534891,0.08297868478844969,0.026842570783812556,0.17441033955092158,0.17530077543912095,0.057947090030443446,0.051756528233386674,0.05067537775139565,0.05876319868176321,0.05899693672293202
recon_face/synergynet/FaMoS_180508_03229_TA__selfie__IMG_0977,1.0573530367008754,1.0573530367008754,2684,I,0.016210890519564126,0.011641899077233727,0.02316289529176354,60,0.003424200779272415,0.6973173587431487,4.0308201250154525,0.999917483796494,0.008271611312625486,-0.00982883738705001,-0.008401101091965008,0.9998774902163104,-0.013207045815595418,0.009718389708733163,0.013288529076820255,0.9998644747646772,-0.001039937459380287,0.015361548163613577,0.08353765013949552,0.027647721436520077,0.17627804209144804,0.18002160082026808,0.055719065579670206,0.05173622278286952,0.04657084797853587,0.05985372277595354,0.06087378294010997
recon_face/synergynet/FaMoS_180508_03229_TA__selfie__IMG_0997,1.3208295894089253,1.3208295894089253,2685,I,0.014666930198203818,0.009290158960883695,0.018506482644823005,60,0.003467014866282616,0.7046425701856114,4.006908199982718,0.999752911107328,0.02206715223874372,0.002675355022139369,-0.02208306668891341,0.9997376966819276,0.006072561134103462,-0.002540649136614703,-0.006130140715067396,0.9999779829960148,0.000412902890076284,0.015398692922354934,0.08301827380303717,0.026617882336331323,0.17293868094595774,0.17527666491483168,0.059395899145430926,0.052824194850787175,0.05453951723358374,0.058609015352982435,0.05802412568769028
recon_face/synergynet/FaMoS_180509_03346_TA__multiview_expressions__IMG_1015,1.5520570488705272,1.5520570488705272,2689,I,0.01524903036666378,0.009718389253510968,0.017419312350307158,60,0.003452485879668061,0.699465410037155,3.9690191210247576,0.999836081845721,-0.006489246515241468,-0.0169026364529816,0.006147393477544467,0.9997770827729077,-0.02019886916458927,0.017029944005471073,0.020091651046152948,0.9996530931105101,-0.0011499603396712067,0.014223084559244904,0.07967300488250056,0.026463307374879386,0.1757418062578673,0.1796952730202775,0.05650879644167133,0.05230665431447976,0.05778784655327925,0.05948831006307177,0.05872109845902336
recon_face/synergynet/FaMoS_180509_03346_TA__multiview_expressions__IMG_1016,1.324954158017914,1.324954158017914,2696,I,0.01688154980292462,0.011605208092547692,0.023595341284342503,59,0.003444162798692924,0.6980604533693492,4.0016743710730225,0.9999820104237678,-0.0005422937573500752,-0.0059736710923959935,0.00040875743446642593,0.9997505099373413,-0.022332729286525677,0.005984291620497529,0.022329885747719585,0.999732746515935,5.0355337000518584e-05,0.013157998818611474,0.07869626849348432,0.02689421541668313,0.17650665931758083,0.1758937802845444,0.0567576736456559,0.054077089228243884,0.04981740106595627,0.059941801318369,0.057342126338361846
recon_face/synergynet/FaMoS_180509_03346_TA__multiview_expressions__IMG_1018,1.9759060388583556,1.9759060388583556,2692,I,0.015215629539608694,0.009715161316878195,0.024897755092036743,36,0.0034256230461621917,0.6966594480711357,3.882040317868814,0.9999164498417096,-0.008452128657051682,-0.009780330112853133,0.00813516698711265,0.9994545621877743,-0.03200620533796478,0.010045516116334023,0.03192396659578534,0.9994398170789215,-0.00040832965238132173,0.016453982394429578,0.0800276978261211,0.025279209344023945,0.17537013042749727,0.1759475838409857,0.05592415758685142,0.0535406291218134,0.052395642286164,0.05958680634885971,0.05813039140992778
recon_face/synergynet/FaMoS_180509_03346_TA__multiview_expressions__IMG_1020,1.8454821790212355,1.8454821790212355,2687,I,0.015377438376715746,0.010068601899299288,0.02409440120069741,60,0.0034127198844945642,0.6925723217520824,4.040107469074428,0.999929945147997,0.009608361270161445,-0.006912610941303954,-0.009811094213764972,0.9995042143775219,-0.029917684935523613,0.006621723842958099,0.02998340933374145,0.9995284627953687,-0.0005093477764101351,0.017524536927620328,0.08003617182637965,0.025731678912431676,0.177799767390617,0.17785362944634772,0.055658617867948804,0.05542114743393236,0.05194691423436085,0.060515023875055675,0.05889663478790377
recon_face/synergynet/FaMoS_180509_03346_TA__multiview_expressions__IMG_1062,1.6710591043856224,1.6710591043856224,2689,I,0.014838755444883925,0.009490409774633484,0.023197055174369464,60,0.0034238872529102397,0.6933475675699671,4.038112859940156,0.9998552102942324,0.015886775050940494,-0.00609662414433339,-0.01602671307927282,0.9995921712259301,-0.023635475279883543,0.005718646286589071,0.023729761952285516,0.9997020533550666,-0.0008016084631675166,0.01574917336428995,0.08027536072056299,0.02507805442808807,0.17556987831355544,0.1753047509513129,0.05684162049944877,0.053773099218861545,0.05053096571207446,0.06002153268979176,0.059404822903159585
recon_face/synergynet/FaMoS_180509_03346_TA__multiview_expressions__IMG_1063,2.9171864203313436,2.9171864203313436,2699,I,0.01628767334842858,0.010986150314496552,0.01794709289214269,60,0.003444874003146911,0.7013859843199964,3.9567178110592067,0.9988247616770444,0.048108899343857724,-0.00588466351783343,-0.04819451890557376,0.9987193295619785,-0.015394450517419124,0.005136517132831885,0.015659966896373563,0.9998641815909545,-0.0009525178424311311,0.013639173194328592,0.0800968412024296,0.027460307425094154,0.17481563328421726,0.17727615030535337,0.05701898909485443,0.05241990893442899,0.05413808179060245,0.05957874112262312,0.06016799914052776
recon_face/synergynet/FaMoS_180509_03346_TA__multiview_neutral__IMG_1012,1.956760885752639,1.956760885752639,2691,I,0.01490846219014702,0.009758289689415653,0.022636371650564827,54,0.0034591915539972013,0.6991118553656936,3.984948258846998,0.999417502545295,0.03309084938072689,-0.00834573504171066,-0.03308151386362247,0.9994518699722846,0.0012542126591926837,0.008382663455927673,-0.000977392534026543,0.9999643871944737,-0.00168304549872481,0.015072829175449665,0.083831057402148,0.02602097627506056,0.1740150588766682,0.1759796422173764,0.05731670617883208,0.05117490541285477,0.05094925927999088,0.058663532918734294,0.058621138409693054
recon_face/synergynet/FaMoS_180509_03346_TA__multiview_neutral__IMG_1013,3.460654028352486,3.460654028352486,2694,I,0.015620267352731683,0.010034861284678126,0.02011058533711379,55,0.0035417458654850285,0.7124015266351829,4.140326060121879,0.9983684496832771,0.05685264800473316,-0.005311788009620796,-0.0567376084962127,0.9981937212804325,0.019751925942891147,0.006425142733022919,-0.019418321533358405,0.9997908012827922,-0.0012465603092413876,0.015519041949456872,0.0833622881192298,0.026668748666693817,0.1793173729939918,0.18007356642305666,0.059524377492402476,0.048882646862853305,0.05454476667154987,0.05839972241309007,0.0570502423324871
recon_face/synergynet/FaMoS_180509_03346_TA__multiview_neutral__IMG_1049,2.7207884409530476,2.7207884409530476,2697,I,0.015024862912886103,0.00951802234884308,0.018742247653317508,60,0.0035369196331162824,0.7086377177704223,4.0715177450329065,0.9992623564444707,-0.017820785678324583,-0.0340170926278345,0.01876352759711432,0.9994429654409176,0.027598711252104675,0.03350631321341956,-0.028216633896904635,0.9990401135822187,-0.0020499102545858293,0.014429616114894253,0.08261571805967932,0.026828675919361476,0.17894362284353285,0.18271081437630612,0.060921575439990695,0.04894145794388425,0.057895948937617854,0.05923482467117026,0.05512991294347958
recon_face/synergynet/FaMoS_180509_03346_TA__multiview_neutral__IMG_1051,0.7332547973415188,0.7332547973415188,2688,I,0.01454018747563725,0.00881063360253919,0.017170973049479676,54,0.0034468812302939095,0.7069807044309784,3.9675512409303337,0.9999328987620347,0.006546313671830599,-0.009557392461494455,-0.00659819489070592,0.9999636135115069,-0.005406984112569672,0.00952164888752414,0.005469682835349955,0.9999397085685433,-0.0014272404218509283,0.015654845978857898,0.08192845824362005,0.02665631246227002,0.1794061561427621,0.18042772117911257,0.0580370758939294,0.052539459366323704,0.052836846434694607,0.059440044089170044,0.059322040699745275
recon_face/synergynet/FaMoS_180509_03346_TA__multiview_neutral__IMG_1052,0.4970786856338237,0.4970786856338237,2687,I,0.014620592494797099,0.009239736776546232,0.024046792148285735,60,0.003431194212894391,0.6986994696718257,3.994026759872213,0.999973436875668,0.00704707275754199,-0.0018612653260882597,-0.0070557526892182035,0.9999640681462021,-0.004698805219075988,0.0018280856251223336,0.00471181303195832,0.9999872283788924,-0.00014972523455244617,0.014997329550071735,0.08208459651176941,0.02605074725957323,0.17558386438708573,0.1766039955242464,0.05685920466920259,0.053317639376992416,0.05259557008934875,0.06074196311375996,0.05763639441925955
recon_face/synergynet/FaMoS_180509_03346_TA__multiview_occlusions__IMG_1032,3.842398368761993,3.842398368761993,2702,I,0.017862887333917936,0.012264036842509334,0.020284518917339112,60,0.0035556795326897473,0.7234075792306969,4.0858989539556205,0.9992601009051003,0.037047310073069654,0.010331870860543785,-0.03755871203820793,0.9977955119265625,0.05471251711665705,-0.00828214278795636,-0.05506008713722999,0.9984486931812173,0.0013578833853797711,0.010525788380792066,0.07917256322771662,0.028880080466216387,0.1792360007474217,0.17935682230952704,0.060431033432230184,0.0530732792633638,0.06289026090449991,0.05621246748874028,0.06027193364571171
recon_face/synergynet/FaMoS_180509_03346_TA__multiview_occlusions__IMG_1033,11.395053417348562,11.395053417348562,2737,I,0.025608839792158063,0.02078803917679421,0.04427719841722411,60,0.0036890380533069,0.7198950126970138,4.951017298037186,0.9817215256277899,-0.18741929829460746,-0.03311876727477362,0.18892890269306822,0.9806857310497388,0.05060994608406226,0.022993821914524603,-0.055941965841356044,0.9981692144178599,0.003791920654303665,-0.0033474449076956667,0.07354287391329539,0.0379947237046843,0.16632534047965378,0.18178373988869964,0.06500628757476613,0.06288122039828616,0.07760466513670743,0.06088289545601647,0.06172327804986985
recon_face/synergynet/FaMoS_180509_03346_TA__multiview_occlusions__IMG_1034,18.519250526261477,18.519250526261477,2758,I,0.03340332334370922,0.0280839985612555,0.045869223203996584,60,0.0039496942170218425,0.7411292106754664,5.200426348019391,0.9543867858535332,-0.29280107323544935,-0.05842426294213401,0.2975072983981395,0.9491144513557185,0.1033013341035545,0.025204570776011265,-0.1159710728582901,0.9929327469028776,0.005001745925177255,0.0021579854478892893,0.06372466711718822,0.045954905352543304,0.16055989944284685,0.1649148326346059,0.0658771054095216,0.08333725587285741,0.07601854942799781,0.06609021499297056,0.06511410600720101
recon_face/synergynet/FaMoS_180509_03346_TA__multiview_occlusions__IMG_1035,3.166213177180186,3.166213177180186,2704,I,0.01998907326353654,0.014860078567856322,0.024140107926587908,60,0.0033782320714613426,0.6895167582713395,3.999216133961454,0.9986847654822815,0.046655557473838205,-0.021260248126637047,-0.0470828232617954,0.9986895430945019,-0.020060016634929144,0.020296476228629765,0.02103462551367302,0.9995727075016609,-0.0009607199907233808,0.00950020124125281,0.07993295462298908,0.029197448426956683,0.17464773999981534,0.17490746645085112,0.0551813398844195,0.05756781987992893,0.05073702744243003,0.060389416723834834,0.05932742160306081
recon_face/synergynet/FaMoS_180509_03346_TA__multiview_occlusions__IMG_1037,5.729095441031343,5.729095441031343,2708,I,0.021004652271845305,0.016009517729486385,0.022393249908574775,60,0.0034537165890589105,0.7077885802774562,4.1212379820644855,0.9953721508363841,0.09473660513698327,-0.016101459141021287,-0.0942649631149487,0.995156476299807,0.027887352106108113,0.018665424406856413,-0.026240490194962923,0.9994813848221685,-0.0016370310478293821,0.0017926741894308748,0.083033681779453,0.031149669073177802,0.1801681937725792,0.18327696612008948,0.06035372536663226,0.05436639484023977,0.06018558415619501,0.05918951729911105,0.05783605132505459
recon_face/synergynet/FaMoS_180509_03346_TA__selfie__IMG_1031,1.6251180099645313,1.6251180099645313,2687,I,0.015728815008579904,0.011030527685318692,0.024055965689847157,60,0.0034243015550742507,0.6877779131033235,4.026451857993379,0.999907660800783,0.012084529671772957,-0.006215626639126759,-0.012235514804693677,0.9996161696191623,-0.024855695793453328,0.005912871499458172,0.0249294520301712,0.9996717263042433,-0.0005964056508987084,0.017236674661470025,0.08232692646296472,0.02696804050372159,0.17047880524830983,0.17455847403837402,0.05681785835922682,0.051806033601019416,0.051375517161151504,0.05939419932513274,0.0593497973268429
recon_face/synergynet/FaMoS_180509_03346_TA__selfie__IMG_1065,2.5486724145224104,2.5486724145224104,2687,I,0.016592255043641403,0.011742368186463495,0.022578621469278255,60,0.003411053494074961,0.6856157947396964,3.9686394301243126,0.9999008586485771,0.013155264216408901,-0.00502114501236439,-0.013355361392411575,0.9990220529268592,-0.04214940198724674,0.004461748078589866,0.04221228244481592,0.9990987018382532,-0.0009052904542271728,0.01881243424490235,0.0810271972401431,0.027847010356885655,0.17607079581248106,0.17937548583933655,0.05536379963446012,0.05277996966104278,0.04534621590503891,0.060990389103118894,0.06192961139779801
recon_face/synergynet/FaMoS_180509_03347_TA__multiview_expressions__IMG_1080,3.219189385160717,3.219189385160717,2699,I,0.016615900433761235,0.011646733079527603,0.01832537200329631,60,0.003427869944738142,0.6947686743379532,3.9761619549244642,0.9984697145965803,-0.047297579389097545,-0.028656029336865486,0.04757532306079607,0.998826301107169,0.009088941205234022,0.02819251086874249,-0.010438352384515775,0.999548009417463,-0.0007994925285469015,0.010983586349761557,0.084038899014477,0.0274644696833646,0.17403764733028984,0.1761520782001642,0.05781138252811851,0.05043264856133667,0.0523508489456871,0.06130440449778767,0.057575050530348094
recon_face/synergynet/FaMoS_180509_03347_TA__multiview_expressions__IMG_1082,1.389174078627375,1.389174078627375,2694,I,0.01611356625415569,0.010881636308488768,0.02421909146009974,60,0.00342637793900989,0.6893449860792399,3.946322232019156,0.9999133727409472,-0.010458746468072058,-0.00799134757975427,0.010293871820495216,0.9997388737972985,-0.020401480864192106,0.008202634745438114,0.02031745163216515,0.9997599301544388,-0.00010353354811428822,0.013373194463065202,0.07993417195799293,0.026216960958021347,0.17288943083166144,0.17232060111281394,0.05568810656227062,0.05419901182616251,0.05184430484600274,0.059419160214907576,0.058574667780018526
recon_face/synergynet/FaMoS_180509_03347_TA__multiview_expressions__IMG_1084,1.8052945620318162,1.8052945620318162,2688,I,0.015771192941201596,0.010780457969953862,0.023466355729923814,56,0.00341624137824794,0.6930321215459376,4.007302375975996,0.9996890122203687,0.024674309161598705,-0.0036134904539979573,-0.024739311267677287,0.9995093522868705,-0.019209923713571178,0.003137725906490905,0.019293344927152744,0.9998089425073461,-0.0008251425882695672,0.01798544886790144,0.08203263855550072,0.02745329749373884,0.1760547380101801,0.17697244412101482,0.05532011986851919,0.05159456657197913,0.049205503038931474,0.061500978729082376,0.06044560046690575
recon_face/synergynet/FaMoS_180509_03347_TA__multiview_expressions__IMG_1149,1.43827034653498,1.43827034653498,2687,I,0.016107092006737628,0.01103434223939131,0.02377462341124494,60,0.00348226129992583,0.6972578106440785,4.041790011106059,0.9997209671544505,0.022623888794444817,-0.0067931942108037935,-0.02268073520855803,0.9997073762629838,-0.008411069835570132,0.00660091525232526,0.00856279750993538,0.9999415515002041,-0.0014594786914067666,0.013738608770833313,0.08363347706365212,0.02643264576240711,0.17799262406681227,0.1788919543520696,0.05777399823539834,0.04939361728505559,0.046488109222414906,0.05962035199051999,0.05895789548036039
recon_face/synergynet/FaMoS_180509_03347_TA__multiview_expressions__IMG_1151,2.6380913825281525,2.6380913825281525,2691,I,0.01533376555484623,0.010406694866018397,0.02352704746566616,60,0.0034680463664953968,0.6976419597729523,4.137101365951821,0.9989738621222347,0.04525856367427973,0.0016985908066659379,-0.045270981507204246,0.9989413357143685,0.008169824635053035,-0.0013270380407897542,-0.008238338141537219,0.9999651837712669,-0.0010928194692734069,0.015106526079224296,0.08461663146017273,0.027117596027583613,0.16927259522821922,0.17732540366391075,0.05979417790013376,0.05159571677154704,0.051124883728129164,0.059007572335869236,0.057882063503962335
recon_face/synergynet/FaMoS_180509_03347_TA__multiview_neutral__IMG_1067,0.7284871380209907,0.7284871380209907,2689,I,0.016090854247048633,0.010955991090902,0.02400802987929877,60,0.003485057145744088,0.7008468053944348,4.07433845102787,0.9999492117913952,0.003137311088817044,-0.009577636289791816,-0.0032114546545280683,0.9999649214966598,-0.00773578277749609,0.009553030763556717,0.007766148035588938,0.9999242104019284,-0.0008257392643345183,0.013677219776233387,0.0829467624230284,0.02825919399307085,0.17655667334985586,0.179419460521252,0.05821853054624425,0.051222255582759155,0.04890023392328473,0.05907127594898727,0.05850985235637094
recon_face/synergynet/FaMoS_180509_03347_TA__multiview_neutral__IMG_1068,1.2157003095352548,1.2157003095352548,2688,I,0.01522210413704453,0.009728431927752867,0.02214988220725119,60,0.0034313055314935574,0.6948441332028471,3.8875198049936444,0.9998042460708992,0.019038472213224404,-0.005385732483823885,-0.019079170735042412,0.999789021401538,-0.00760906886670176,0.005239731163345581,0.007710334671166651,0.9999565470342169,-0.0014390161978066979,0.01602564983785714,0.0815460326537154,0.02676187358033815,0.17327528188948266,0.1744724696470812,0.05684230747949536,0.05127611606013475,0.04948045954895394,0.05924836835959406,0.058690980069828806
recon_face/synergynet/FaMoS_180509_03347_TA__multiview_neutral__IMG_1071,1.0574161134645075,1.0574161134645075,2687,I,0.014657233144007107,0.009515383300606393,0.023551396561962618,52,0.0034170442879779984,0.695169957033586,3.898940854938701,0.9999183231094428,0.011546208327170585,-0.005480162704305215,-0.01161814278393235,0.9998443018566175,-0.013281219940349979,0.0053259617208764745,0.013343804484380217,0.999896783179959,-0.0010096103791654848,0.0161703282858826,0.08203258015853296,0.026042227273661667,0.17211742050452428,0.17480094201875565,0.05634013619854988,0.05403059883192357,0.0488235500189674,0.060287600475953454,0.05999135173314073
recon_face/synergynet/FaMoS_180509_03347_TA__multiview_neutral__IMG_1072,1.2232032326843862,1.2232032326843862,2685,I,0.015705664485461412,0.01081860095719688,0.023565405430613064,60,0.003453586513449414,0.6994887829911459,4.032382509903982,0.9997768355380816,0.020496840035783045,-0.005114554722272592,-0.020512450429288863,0.9997850406496794,-0.003018587501590807,0.005051583795758192,0.00312282591034374,0.9999823645742398,-0.0008999036435438435,0.01664731291457433,0.08329849202070985,0.026821698670261122,0.1755028249805389,0.17546761712471884,0.05646547866420014,0.0527381805347228,0.04922331840427334,0.06265008709915602,0.059879130096079466
recon_face/synergynet/FaMoS_180509_03347_TA__multiview_neutral__IMG_1138,1.0439397064124942,1.0439397064124942,2684,I,0.016157528656114795,0.010485453276226207,0.022905786991050954,60,0.0035048276816240943,0.6997630831984528,4.016814199043438,0.9998369251043758,0.016881409441763088,-0.006414141648416231,-0.01686589091061446,0.9998547200647881,0.002465864545140601,0.0064548370713475535,-0.002357282211209825,0.9999763888707367,-0.000918141634637664,0.011652918387562383,0.08396237317127603,0.026753285763699917,0.17307274502691306,0.1783866416809613,0.05668269068081106,0.048529861766541116,0.04334464361646432,0.0586924788322228,0.061001603667124676
recon_face/synergynet/FaMoS_180509_03347_TA__multiview_neutral__IMG_1139,2.380090158522963,2.380090158522963,2691,I,0.016762251465418786,0.01046914862702453,0.02466379271017849,60,0.003572294686950871,0.7105959685660265,4.047413285123184,0.9991546625738256,0.04069296934079066,-0.00583459537706894,-0.040657895165337375,0.9991550562969731,0.006009079539921209,0.006074192761929788,-0.005766777472916032,0.9999649236147579,-0.0015772118285935928,0.012449962310911548,0.082877155566735,0.02879268580553149,0.17682449087809438,0.17974208512640982,0.058826870621633304,0.047523586942607186,0.046968604504479185,0.059473944315003156,0.06017704555092937
recon_face/synergynet/FaMoS_180509_03347_TA__multiview_occlusions__IMG_1093,2.765138069298238,2.765138069298238,2693,I,0.016776644079969066,0.011126251999980073,0.02477690191952325,60,0.0035628774715533674,0.7129691210400116,4.093665935099125,0.9989751223001346,-0.04047482563868252,-0.020260639549386134,0.04080760860849773,0.9990342177353538,0.016290207904325997,0.019581728858493415,-0.01710030068240778,0.999662010687354,-0.0009211489943452499,0.012916140780762246,0.08357518968052952,0.028236762255073523,0.17782932984715716,0.17958262298456903,0.06091762856843077,0.052368019793083816,0.05116894306879156,0.057968599928255746,0.05839001444305989
recon_face/synergynet/FaMoS_180509_03347_TA__multiview_occlusions__IMG_1095,0.968984943318529,0.968984943318529,2686,I,0.014953556269524729,0.0100065383138667,0.022096090180857682,60,0.0034130350911509475,0.6880969009161249,3.968597148079425,0.9998838030055968,0.01412034174744434,-0.005744252431723313,-0.01416202453656116,0.9998731992285745,-0.007281656778588733,0.005640704573882441,0.007362160915838991,0.9999569895943324,-0.00035538073898899855,0.016737631742740837,0.08384545889593803,0.026394438265413427,0.17400084221961526,0.17577731486534903,0.0577237355339497,0.0496494640563048,0.046096875271899075,0.0606904346389821,0.058896724737704124
recon_face/synergynet/FaMoS_180509_03347_TA__multiview_occlusions__IMG_1097,1.061414713060653,1.061414713060653,2686,I,0.015932266093478448,0.010195199436846632,0.022827889937811638,60,0.003494250938718504,0.7023749060971957,3.9317311581689864,0.9998378062122592,0.015337118640444446,-0.009441083648958794,-0.015296053827674705,0.999873298549418,0.004406538914908395,0.009507471060097054,-0.004261412877985107,0.9999457227041498,-0.0011113296092786066,0.012290898901501916,0.08441647120356757,0.027950388204348413,0.17553718865230447,0.17843743651674313,0.0560750305021762,0.0509933971393671,0.043271742882078634,0.060401463995274664,0.058690563591217645
recon_face/synergynet/FaMoS_180509_03347_TA__multiview_occlusions__IMG_1106,2.546979013574436,2.546979013574436,2688,I,0.014646002970992694,0.009604684643687458,0.02155685855254821,60,0.0034608129530748198,0.6948115363516663,4.008166514104232,0.999299919218799,0.037394995062289424,-0.0011339283898521401,-0.037357021491782605,0.9990133731475451,0.02401527050912327,0.0020308605477621696,-0.023956097692554645,0.9997109487190686,-0.001341318672371762,0.014863431105626726,0.0860294565228163,0.02694745183415099,0.1758400729945461,0.17510356981027475,0.0578025291721518,0.05103575776687655,0.04784445487837381,0.05835409411161151,0.05739687074682353
recon_face/synergynet/FaMoS_180509_03347_TA__multiview_occlusions__IMG_1107,3.238612483054602,3.238612483054602,2705,I,0.015758207826834278,0.010391632870756758,0.019916110999787972,60,0.003587812114581196,0.7181695088807674,4.267780926078558,0.9996742593766567,0.00047138454467878784,-0.025517698492293395,0.0008156407345935311,0.9987286443082872,0.050402676201986046,0.025509015463647904,-0.050407071277165504,0.9984029333367035,-0.0014141180932889835,0.012454551075060341,0.07999314363338447,0.028894508615226692,0.18297671866304527,0.18370670509873602,0.059149411833996655,0.05196190204119048,0.060795627843350686,0.05765267581246078,0.0554744568075613
recon_face/synergynet/FaMoS_180509_03347_TA__multiview_occlusions__IMG_1128,0.6389112556084007,0.6389112556084007,2686,I,0.016489311388184078,0.011243936476451897,0.024829908039322383,60,0.0035113453304154454,0.7073540012890697,4.059473421890289,0.9999626054289485,0.002959217274008308,-0.00812593236950183,-0.002901940024300586,0.9999709273644151,0.007051465808365488,0.008146562946658472,-0.0070276211534485026,0.9999421213515709,-0.0011406821910171436,0.01357857541904095,0.08241421132952229,0.02765960028819095,0.17387265085032444,0.1760930373537145,0.05870115089148925,0.049587694129506095,0.04826858688833665,0.06086665678040455,0.05973375291752123
recon_face/synergynet/FaMoS_180509_03347_TA__multiview_occlusions__IMG_1131,1.9472644951651956,1.9472644951651956,2690,I,0.014023047758461998,0.008794668567644047,0.01748820757828127,60,0.0034432572903767347,0.700086522622309,3.993824009085074,0.9995854707299245,0.027658630280227775,-0.007992926663976333,-0.02750982161850987,0.9994565001088233,0.018163537781499213,0.008490961085283699,-0.017936124476704583,0.9998030801205828,-0.0011941152316978705,0.015389363049315298,0.08559782387930848,0.025594438473677428,0.17888710552147247,0.18171754245896313,0.056290183554175345,0.051551218477941994,0.051978548514362975,0.05915740671557777,0.05777029075966536
recon_face/synergynet/FaMoS_180509_03347_TA__selfie__IMG_1123,1.24507823698218,1.24507823698218,2687,I,0.01627874284612525,0.011055311750934837,0.0233641736414324,60,0.0034893833226847188,0.6966406514364386,4.079621196957305,0.9998025172602498,0.018127901405222913,-0.008142829404504268,-0.018198768339533038,0.9997964072087152,-0.008714870249669078,0.007983189274491527,0.008861338679176371,0.9999288701531828,-0.0014859209705560695,0.01434209809190018,0.08266582688038568,0.02759783045236718,0.1770561712854489,0.17906755967457932,0.060234732034120116,0.05021806289983138,0.047535817142221826,0.05819510903879109,0.058284072423745566
recon_face/synergynet/FaMoS_180509_03347_TA__selfie__IMG_1126,0.7310139437739691,0.7310139437739691,2682,I,0.016123754278721168,0.010806191896559233,0.023401344808548597,51,0.003475285225647068,0.700428415254718,3.8900765560101718,0.9999503320640816,0.00898231999602579,-0.004318718840200391,-0.009016434500407997,0.9999277820570901,-0.00794572710879646,0.004247035887717435,0.00798427190647992,0.9999591062079949,-0.00024464271359368815,0.012845673964179773,0.08313618318730381,0.027493484703162648,0.17451427856026916,0.17407494534632353,0.05524689914758479,0.05001934126018647,0.04521813033123429,0.062050381739479805,0.059702183486931557
recon_face/synergynet/FaMoS_180509_03347_TA__selfie__IMG_1144,1.2035952984437261,1.2035952984437261,2685,I,0.015562980844346203,0.010429516201106584,0.02300581477744067,60,0.003469452646104366,0.7015165914014556,4.006646525114775,0.9997986682044511,0.019974965115470648,-0.0019036347447400183,-0.01996275167756521,0.9997812995196306,0.006232309066289572,0.002027708575094868,-0.006193052516620846,0.9999787670238106,-0.00034494582865754486,0.013920758595974851,0.08447469958196585,0.027025351714702703,0.17648057868139314,0.17781737898459027,0.05646560696616146,0.050211199228781075,0.04804183321863575,0.058981835557423416,0.0591321295553407
recon_face/synergynet/FaMoS_180515_03303_TA__multiview_expressions__IMG_1169,2.0810225815297483,2.0810225815297483,2687,I,0.01750273682216354,0.012186406353829326,0.020369603857216985,57,0.00352770804953874,0.7087341664352826,4.105668185045943,0.9997914954152141,0.017976230601357043,-0.009686115257272452,-0.018259016883760047,0.9993848023343201,-0.029943699932225436,0.00914188152673718,0.030114315475524466,0.999504654319124,-0.0009065182724410017,0.015283231790917992,0.08114491173911872,0.028590566422815756,0.17451571811464256,0.176683285060991,0.05919173407897342,0.05284779482359617,0.05368226051636986,0.05971941881235147,0.058436786641228824
recon_face/synergynet/FaMoS_180515_03303_TA__multiview_expressions__IMG_1170,1.846528619775447,1.846528619775447,2688,I,0.01555419676742071,0.010642557182147273,0.022710878401522357,60,0.0034114028313255327,0.6922726219469961,3.9159503269474953,0.9997196178931944,-0.013918745807737606,-0.019156046424692885,0.013496695141141718,0.9996671297289411,-0.02198792759145036,0.019455714321311414,0.021723219251284318,0.9995746980219178,-0.0012365388946457255,0.017025468632478245,0.08229351063830789,0.02688625047565339,0.172989099269334,0.17541281373335577,0.05572854432553214,0.05319662100785784,0.047530294566802196,0.060290730574958755,0.0583994436955939
recon_face/synergynet/FaMoS_180515_03303_TA__multiview_expressions__IMG_1172,0.680755557856365,0.680755557856365,2683,I,0.015912381294952444,0.0110020002117639,0.024044804999464243,60,0.0034549682569250313,0.698081739594476,4.014105072012171,0.9999353381504509,0.002295226108340989,-0.011137838886249144,-0.0023335423324528527,0.9999914002576776,-0.003428409379212713,0.011129874128987444,0.003454178310454403,0.9999320949714896,-0.001218954977216696,0.014949743789695054,0.08317795793116958,0.0269859887383753,0.1750130413863878,0.1772713359226654,0.057730856419602995,0.05033085270331422,0.04887768403633495,0.059415105277478696,0.05947206773138634
recon_face/synergynet/FaMoS_180515_03303_TA__multiview_expressions__IMG_1181,2.031937084054239,2.031937084054239,2690,I,0.01842174143227023,0.012541793371483614,0.025853350976984817,60,0.003662598144178923,0.7188128493960791,4.233750596875325,0.9996905649473671,0.02416244383613317,-0.005911908581918384,-0.024005318865835755,0.9993905457050618,0.02534327961197025,0.006520661114089524,-0.025193520262294863,0.9996613264078134,-0.001678003528075254,0.006825364137439463,0.08484909458338322,0.030081153202381593,0.17891210694239898,0.185167283306569,0.06152668333168098,0.047332308904209225,0.04722830675159821,0.05858457145724373,0.060894384990761836
recon_face/synergynet/FaMoS_180515_03303_TA__multiview_expressions__IMG_1182,3.2534540755176633,3.2534540755176633,2695,I,0.01720797830400104,0.011223632216497338,0.02000523089153218,58,0.003613703254015727,0.718826682280384,4.150900701992214,0.9986886320256693,0.05091556318083889,-0.0053499241748112235,-0.05076909689145839,0.9984061053218872,0.024652538546900724,0.006596594843093491,-0.02434859917857145,0.9996817646904026,-0.0014669290644329085,0.010840391412604157,0.08493927132574228,0.028663706286483424,0.1779313332053751,0.18081252353268573,0.06038549588824836,0.04696430044893822,0.0503871669172165,0.05818755830626556,0.05917642780747545
recon_face/synergynet/FaMoS_180515_03303_TA__multiview_neutral__IMG_1153,2.0079428053585726,2.0079428053585726,2690,I,0.017522443655677948,0.012473299723951708,0.02611538380821737,60,0.0035278787536785713,0.7039664961562947,4.167339775944129,0.9995842093637806,-0.016938378936362266,-0.023334517556487536,0.01647037461722036,0.999662209052801,-0.020104590312702928,0.02366717453677655,0.019711902766638475,0.999525540313385,-0.001995654113868795,0.014915813851660298,0.08327623266373843,0.028764282004242962,0.17760433260221706,0.17830595689406312,0.06043113927255738,0.05275980824119756,0.05147242669803814,0.061919968468087984,0.05806566303333553
recon_face/synergynet/FaMoS_180515_03303_TA__multiview_neutral__IMG_1154,1.2388561527176671,1.2388561527176671,2687,I,0.015798165578576072,0.010691567103915682,0.022913588345946315,60,0.0034635452802645726,0.6952932918501687,3.982475654222071,0.9997697234143794,-0.00558310477212705,-0.02072025784198743,0.0055284788557447145,0.9999810924660818,-0.0026926997385596876,0.02073489969776976,0.0025775281654928403,0.9997816863111061,-0.0018987567142933356,0.013021570721280525,0.08368821183567188,0.02685262467399167,0.17543328066316247,0.17683268787709797,0.05756033992307634,0.05239186517344045,0.04728618625538151,0.061851915161706184,0.057498421065574415
recon_face/synergynet/FaMoS_180515_03303_TA__multiview_neutral__IMG_1156,1.6443660236563498,1.6443660236563498,2686,I,0.017320533058347493,0.012058926579681257,0.023123311053942983,60,0.003487820137254027,0.6948833030930957,3.970811126055196,0.999697727115437,0.024456953225780724,0.0025123373861457928,-0.02441708750137521,0.9995918221224679,-0.014832227878340164,-0.002874063009058549,0.014766400536244572,0.9998868401859398,-0.0003478630443796626,0.01164516372644811,0.08263772009578602,0.028313603556103056,0.17959969764834524,0.17996533725296124,0.054512745378995385,0.048582903851988095,0.04226433291531353,0.061292153918020835,0.060554160415767354
recon_face/synergynet/FaMoS_180515_03303_TA__multiview_neutral__IMG_1206,1.1586778973057754,1.1586778973057754,2690,I,0.0170641918105733,0.011597746329244247,0.024188090208292795,60,0.0035575466703570637,0.710915077925074,4.005938819143921,0.9998331455150838,0.016594164425569654,-0.007636415155623548,-0.01665977974450848,0.9998241395266687,-0.00861056087720374,0.007492187149046961,0.008736345161034316,0.9999337695092364,-0.0013339572159879842,0.013389384369101344,0.08310119343857589,0.028545524596776017,0.17691172914134765,0.17795411486291335,0.05672696872730446,0.04996786875052481,0.04354163466691922,0.06018276654188205,0.058810113396685515
recon_face/synergynet/FaMoS_180515_03303_TA__multiview_neutral__IMG_1207,1.8985521771586533,1.8985521771586533,2693,I,0.015843019448910756,0.010538572295866935,0.019030104081532093,60,0.003522538555540268,0.7078334300852371,4.133999221026897,0.9994745481226288,0.03210812420541407,0.004438019274034426,-0.03213779554634465,0.9994604213805306,0.00678440795307586,-0.004217790000503812,-0.006923471229239904,0.9999671373568482,0.00024218865042041754,0.015199912842357513,0.08552994314338921,0.028186088929395035,0.18074239915946935,0.18060981823234143,0.06100664631848243,0.04775221756820156,0.05499759186847489,0.05762087723656022,0.05803201736071798
recon_face/synergynet/FaMoS_180515_03303_TA__multiview_occlusions__IMG_1185,1.828305226481905,1.828305226481905,2685,I,0.017110631469768236,0.011612898110917626,0.024524560328327307,60,0.0035673053090003125,0.7109556793114806,4.19549856078811,0.9997547957319883,0.02210433424903237,-0.001321672537257436,-0.022068138373884,0.999492162127286,0.022987281588590366,0.0018291198975985193,-0.022952478156597615,0.9997348838901595,-0.0008053826629714446,0.009719279098059419,0.08343888842255762,0.029601436607043778,0.17907528094155156,0.1827619739488362,0.058470527389456746,0.05045472023221,0.045928592171881055,0.06083499259771304,0.060239265485439626
recon_face/synergynet/FaMoS_180515_03303_TA__multiview_occlusions__IMG_1186,2.441764670981906,2.441764670981906,2689,I,0.017873765758246597,0.012539968529524352,0.02465321440286643,60,0.003579915464742823,0.7123315854299602,4.140621239086613,0.9991294234887281,0.04171226849333159,0.0006941010170097609,-0.041716711452665534,0.9990921722115356,0.00863408427169381,-0.00033332365148352566,-0.00865552325257569,0.9999624847025846,-0.0005620380234405072,0.010557938786629223,0.08172791382852643,0.030473045864719744,0.17533066778841896,0.17975527106854147,0.06056235721565399,0.05393863767349293,0.04742020281278219,0.06069546845867553,0.060096365406394965
recon_face/synergynet/FaMoS_180515_03303_TA__multiview_occlusions__IMG_1187,2.131335195136984,2.131335195136984,2691,I,0.0170991575805816,0.011794250197609194,0.019698568096735695,60,0.0035709377805531704,0.7126282808940049,4.177162041189149,0.9993257444234281,0.036578470634510744,0.0031736443722837544,-0.036596629208965406,0.9993129033732484,0.005865823239031771,-0.002956900928844909,-0.005978012861335174,0.9999777598022501,-0.00019054704840932478,0.015158206062856859,0.08387436323775949,0.030078069998383763,0.17959512916282777,0.18143697044899867,0.0604873861586889,0.05082017753601168,0.05465837105386477,0.05779357059306854,0.05934039587080849
recon_face/synergynet/FaMoS_180515_03303_TA__multiview_occlusions__IMG_1188,2.531381848716707,2.531381848716707,2694,I,0.016509675222675737,0.011373895272196559,0.021104095441290636,60,0.003540555961146145,0.7076041268758866,4.259409587131813,0.999196077940742,0.03809205386228108,0.012497730209582171,-0.03831726906477168,0.9990979483983146,0.01830509212475091,-0.011789178056859185,-0.01876925514853459,0.999754334995309,0.0004051008120647577,0.014282964403095642,0.08348336957441205,0.029341205920073256,0.1682430393153216,0.17884012611846176,0.0628291803606504,0.05020830056912124,0.05676755774811335,0.057225122498423,0.05874224789355327
recon_face/synergynet/FaMoS_180515_03303_TA__multiview_occlusions__IMG_1192,1.0847942950551146,1.0847942950551146,2683,I,0.01641568516413278,0.011170407012292877,0.01878551438740477,60,0.0035269892686352403,0.7037177946107085,4.095054595964029,0.9999111412808491,0.006539829460635229,-0.011616375211558345,-0.006383068808784322,0.9998887533999372,0.013480996139072898,0.011703246345020018,-0.013405650112739037,0.9998416487474618,-0.0013993962132628935,0.0129411469165059,0.08280082988321971,0.028245660735796974,0.17900348743131125,0.18177543257559511,0.05829950811910143,0.04980732714716462,0.050075694459205504,0.0586030283387676,0.057991233860595195
recon_face/synergynet/FaMoS_180515_03303_TA__multiview_occlusions__IMG_1194,2.2509653960414604,2.2509653960414604,2691,I,0.01614074598181959,0.011102239104618479,0.025715923125512134,60,0.003517287330055733,0.7061938140829404,4.223445466021076,0.9998975008845912,-0.007459560037436211,-0.01222058463395246,0.007901560126494372,0.9993013668266081,0.036528668276290754,0.01193955913403438,-0.03662148580437144,0.9992578814826357,2.3238031536870768e-05,0.012571663837105097,0.08247399891102955,0.028057393406000823,0.17900364000732202,0.1814227485587554,0.0602966850835411,0.05289535280671065,0.052484027131903345,0.05926908734799456,0.0578913861634757
recon_face/synergynet/FaMoS_180515_03303_TA__multiview_occlusions__IMG_1195,1.4113012043476096,1.4113012043476096,2692,I,0.016918463247762434,0.011224384241791471,0.024376776983060223,60,0.0035693866159022375,0.7142861790777733,4.100612301146612,0.9999687779180783,0.00787397707404806,0.0006660886295385544,-0.007887372725488695,0.9996968161058544,0.023325205664820815,-0.0004822245475417432,-0.02332973109262827,0.99972770848198,-0.0003468209244890465,0.01176615121320082,0.08287823524946375,0.028878033496220878,0.17700308301713866,0.17919524612025475,0.058946976940828025,0.0511161150378022,0.04901268602665641,0.05875141379562707,0.05902823110210383
recon_face/synergynet/FaMoS_180515_03303_TA__selfie__IMG_1199,0.8834217846841582,0.8834217846841582,2687,I,0.017054646466480857,0.011254468630960279,0.024532712185204635,56,0.003553492717378368,0.7010223578573608,3.9715179500635713,0.9998873592174329,0.013773696102072502,-0.005962731997600597,-0.013752572663005763,0.9998990586708826,0.0035692035850124412,0.00601129123701396,-0.003486798642060716,0.9999758530149081,-0.0009044945453828177,0.009567886034524534,0.08364336626983421,0.028265024795720697,0.17241870696533385,0.17527152607775076,0.05900808954258048,0.04931693315576127,0.04266865108712124,0.06093921582931402,0.059613367506982
recon_face/synergynet/FaMoS_180515_03303_TA__selfie__IMG_1210,1.3959284274128978,1.3959284274128978,2689,I,0.017528414205031803,0.011899709513543995,0.023912424021443727,60,0.0035371126662257593,0.6996079060265616,3.884821455925703,0.9999509253453828,0.00988237678375795,-0.0006967998395356847,-0.009895437209299925,0.9997033956222052,-0.022253114475735407,0.00047667950379153825,0.022258917550887863,0.9997521259622875,-0.0003242686770096626,0.010333952232920031,0.08157314002378457,0.029405908742536423,0.17086721415463255,0.17338441060070778,0.0527868222660106,0.05056454442414035,0.041424740901010976,0.0618773913125106,0.0617131970391433
recon_face/synergynet/FaMoS_180618_03331_TA__multiview_expressions__IMG_1230,7.140425018645257,7.140425018645257,2691,I,0.02328768532546524,0.016232998444697305,0.026847115196562105,60,0.0035113390255662397,0.6901790990697504,4.033116191858426,0.9997555582941742,-0.019166777110621744,-0.011020812814704798,0.017674488593869143,0.9923186053068375,-0.12243936464568721,0.013282925613365608,0.12221464812814418,0.9924148042376555,-0.001670653180335841,0.01326854619104275,0.07485555297791663,0.03249718126226378,0.1738185268144123,0.17346620261462942,0.05198520548408895,0.05336825351188823,0.04432253538044268,0.06451518055060403,0.06469263672481075
recon_face/synergynet/FaMoS_180618_03331_TA__multiview_expressions__IMG_1233,7.361458156915304,7.361458156915304,2691,I,0.02101935488656604,0.014674736471557766,0.023005592841840547,60,0.003417935636797782,0.6779617723554465,3.9916675358545035,0.9998436363853881,-0.016508585642289693,-0.006337931818467914,0.015570692883257483,0.9917847727726377,-0.1269666019843915,0.00838190329099751,0.12684806303770976,0.9918867438376223,-0.00024100703600138563,0.023295748894632234,0.07551492582651367,0.030732283054014913,0.17457536955962674,0.1733409290374607,0.05034001310622763,0.05487973412427316,0.04417086607185651,0.06441322687361001,0.06478126612727471
recon_face/synergynet/FaMoS_180618_03331_TA__multiview_expressions__IMG_1235,7.077023984049565,7.077023984049565,2692,I,0.02295175049210828,0.01637264870328546,0.02526892639076163,60,0.0034566662120076096,0.6781642158659111,4.135409721871838,0.9999418187335238,0.01063905200479213,0.001780370841096243,-0.010340099045376737,0.992384378467946,-0.1227449702615966,-0.0030727023325235383,0.12271941959293882,0.9924366491394544,0.00011403271883492386,0.016149649701041546,0.07612018428513684,0.03233150062680374,0.1722244299768405,0.16970937177487488,0.05110363518285709,0.05622955511160713,0.04371105990138398,0.0649062222936827,0.0631606635387662
recon_face/synergynet/FaMoS_180618_03331_TA__multiview_expressions__IMG_1293,4.390524183046964,4.390524183046964,2693,I,0.01711151391160406,0.011999637552629075,0.02354629476715705,60,0.003420965206312104,0.6918740409396573,3.946013648994267,0.9984582265698895,0.05549255343556542,-0.001321479516182356,-0.05548495244571423,0.9970654370769946,-0.052744044579067964,-0.0016093001608211443,0.052736047440652835,0.9986071897664913,-0.0014225392928350772,0.01940856780154821,0.08066310992701178,0.027625052636755708,0.1748263182976499,0.1752582674622471,0.0550032361660253,0.05528871329784051,0.04839856311122448,0.05896475499490577,0.05851124623286988
recon_face/synergynet/FaMoS_180618_03331_TA__multiview_expressions__IMG_1294,2.6419991483920615,2.6419991483920615,2698,I,0.018304925476045848,0.013270299336956023,0.019671772730863006,60,0.0034627930172181584,0.708110999212733,4.0878491720650345,0.9994394046746697,0.02898029030288716,-0.01676362602489194,-0.02949709509566475,0.9990699667254871,-0.031450325404541055,0.01583659573454342,0.03192717277014367,0.9993647271514271,-0.0016787282257947323,0.011831483565005171,0.07964668360741295,0.028431648714079872,0.1815063683949899,0.18339134401931492,0.05876742430677952,0.05342885952001418,0.058087970376018996,0.05833520688301076,0.05895840641990559
recon_face/synergynet/FaMoS_180618_03331_TA__multiview_neutral__IMG_1216,3.352898184214127,3.352898184214127,2700,I,0.017059488502405115,0.012102116966603568,0.02029791763753945,60,0.003527483311067212,0.712658704909066,4.148822417017072,0.9984554003049713,-0.03373419378702126,-0.04414541619896428,0.0345359899565758,0.999249743675637,0.017527554361443296,0.04352101790582793,-0.019025086956798238,0.9988713466041191,-0.0017873435269426786,0.012943002607482837,0.08187029484665911,0.029018833378150696,0.1788168373080476,0.1812049350776431,0.05812819271072304,0.04859671072328695,0.05730812132142599,0.05945754986900626,0.057184444088986534
recon_face/synergynet/FaMoS_180618_03331_TA__multiview_neutral__IMG_1220,1.610769517816697,1.610769517816697,2691,I,0.014685762376222301,0.009172255223085866,0.017612502985927293,60,0.0034803088547019872,0.7101101816319954,4.023991303984076,0.999651779351329,-0.01050878061009175,-0.024205073224636862,0.01074280762557723,0.9998966048742106,0.009558851675074672,0.024102118662908283,-0.009815553530758948,0.9996613140383318,-0.0016145356555844596,0.013460345709107827,0.082505269936337,0.025697246465744422,0.17739502491477233,0.17809300234502606,0.058523416510839414,0.049951853293927366,0.055391476981706725,0.05948881933452462,0.0575516155910139
recon_face/synergynet/FaMoS_180618_03331_TA__multiview_neutral__IMG_1223,1.623787806035787,1.623787806035787,2692,I,0.014823248336229819,0.009628597668059008,0.017947629170428865,60,0.003480957638436064,0.7064507104494193,4.190740372985601,0.9996036234524054,0.027144650804565948,-0.007467523921555286,-0.02712045583455674,0.9996266514102092,0.0033224487560394394,0.007554922643328684,-0.0031186091625638925,0.9999665981525304,-0.001877865795613354,0.01457873874538091,0.08264478713823215,0.02650342632381023,0.17464046391788954,0.18024127835973813,0.05882706006726467,0.049685850029328224,0.053754706355506054,0.05967984593405892,0.0579496971405603
recon_face/synergynet/FaMoS_180618_03331_TA__multiview_neutral__IMG_1277,3.0174790019243725,3.0174790019243725,2703,I,0.015735315392451352,0.010525060489477177,0.01919095682711544,57,0.0035302015667974186,0.7106347647265585,4.242806022055447,0.9987615225803925,0.04960670912673282,0.0038203955961868485,-0.049665109320144944,0.9986192834686919,0.017114426683187637,-0.002966130326487371,-0.017282971217121794,0.9998462386671234,-0.0010099323873627329,0.013069424771411375,0.08224981144347923,0.027404717916771366,0.18410467297037136,0.1852670069596242,0.06004909376933911,0.04928826230542811,0.06237568652699437,0.05841806299134087,0.0572082432951467
recon_face/synergynet/FaMoS_180618_03331_TA__multiview_neutral__IMG_1279,2.8839442505005746,2.8839442505005746,2713,I,0.019717430642374786,0.014759934806768779,0.021081046416911563,60,0.0034818147056693586,0.7055273305405367,4.305395716102794,0.9988752919878051,0.04713548330576424,-0.0051378273433113535,-0.0470422524622335,0.998748820166143,0.016965279249596482,0.00593106563419657,-0.01670450329310379,0.9998428786715309,-0.0010087561570917968,0.010384026552032063,0.0820910093037544,0.029658220450233523,0.17964927007106196,0.18487498765096677,0.06057135195605666,0.05023529144282635,0.06917585824904667,0.056109237234550316,0.05883400268780186
recon_face/synergynet/FaMoS_180618_03331_TA__multiview_occlusions__IMG_1256,1.9527612012077618,1.9527612012077618,2691,I,0.015284537756036755,0.010095564527905955,0.018234030072272624,60,0.0034744764648603084,0.7048927117045787,4.132774232886732,0.9994270749631582,-0.021390072854095124,-0.026229498925500794,0.02149361107007473,0.9997622429982802,0.003671805852146117,0.026144722483796155,-0.004233468831110646,0.9996492040850636,-0.0008899570961354254,0.01374465129980925,0.0815436456677302,0.026849819133874468,0.17957333725905136,0.18114811070904696,0.0585544463360773,0.05153644259763767,0.058714312944123104,0.060381300288121845,0.058684890148611
recon_face/synergynet/FaMoS_180618_03331_TA__multiview_occlusions__IMG_1257,0.9090807513588659,0.9090807513588659,2688,I,0.015186098400415644,0.010466081428186282,0.021785975275403893,60,0.0034512985035690348,0.6923843130660245,4.015454248059541,0.9998910824797101,0.014385142769981063,-0.0033001280339117686,-0.014365682759815842,0.9998797152576577,0.005846552412167846,0.0033838345700227205,-0.005798507027774996,0.9999774632359729,-0.0010055103172986976,0.013754496161029695,0.08389695942957887,0.028155509357518566,0.1716001202566843,0.17415868161336612,0.0599304723066554,0.050250326716033876,0.04745481930969509,0.06004887430042137,0.05947651800312341
recon_face/synergynet/FaMoS_180618_03331_TA__multiview_occlusions__IMG_1258,2.8739437962731533,2.8739437962731533,2699,I,0.01726093786937662,0.011721672773222598,0.019088095644368235,60,0.003468359025111894,0.7019153777560064,4.03214008314535,0.9992211571111775,0.036409332574614,-0.015213141781709192,-0.036862744021024865,0.9988495828244734,-0.03067000154247362,0.01407896603588596,0.0312069125811267,0.999413783836562,-0.0019091787567188708,0.01285367939214413,0.07718357851935054,0.027400982784854224,0.17889763797248476,0.1773297014990406,0.057869173538571884,0.05447567331817074,0.05472238160043172,0.05988533395892611,0.06004358977779985
recon_face/synergynet/FaMoS_180618_03331_TA__multiview_occlusions__IMG_1261,1.434210551537088,1.434210551537088,2693,I,0.014922414215410035,0.009480425710193379,0.017896002863067542,60,0.0034478600771178664,0.7023664759756059,4.0481227717828006,0.9996884713898051,0.020880963084026132,-0.013672803333603436,-0.020855360179159226,0.9997804778622725,0.0020124704432033036,0.01371182417161913,-0.0017266922629018654,0.999904497645508,-0.0022021356271791958,0.013833040398379369,0.08152022204072501,0.026385823552525833,0.18012685066170045,0.18105126549984196,0.05580953572181966,0.05196558470870511,0.0545606543753326,0.05722056758597687,0.06071881885159153
recon_face/synergynet/FaMoS_180618_03331_TA__multiview_occlusions__IMG_1263,1.9005898098670282,1.9005898098670282,2684,I,0.016321079715259243,0.01138284655215892,0.024268599143904484,60,0.003442415693291964,0.6989860109909894,4.1504673070739955,0.9998478608242473,-0.01238401383204601,-0.012283786329310407,0.012725625754506165,0.9995231803268734,0.028133084409783213,0.011929528671859292,-0.028285123133184844,0.9995287080194384,-0.0002367231221691726,0.012221809776589945,0.08425303503561868,0.02809211884637953,0.1798059430272352,0.1833377608330455,0.05760406762627178,0.05076498445968386,0.04777537309519852,0.06122348334503674,0.06000063571522868
recon_face/synergynet/FaMoS_180618_03331_TA__multiview_occlusions__IMG_1264,1.7259188179742144,1.7259188179742144,2686,I,0.015808144653481716,0.010652915026403195,0.020097769062324012,60,0.0035036733048885832,0.7109344063926336,4.18719244399108,0.9996277517280204,0.027237891773941227,-0.0015669163648784192,-0.02721567787575884,0.9995478530377795,0.012782658773855865,0.0019143805646695102,-0.012735255760171154,0.9999170707652592,-0.0010234906971672406,0.014034164740377192,0.0832407027243699,0.027724177277365977,0.18186286344835176,0.18425149542781946,0.05990508787801947,0.05171291091227027,0.0533880233217829,0.05771340117354286,0.059689947820016194
recon_face/synergynet/FaMoS_180618_03331_TA__multiview_occlusions__IMG_1265,1.35637182808322,1.35637182808322,2689,I,0.014523252054394382,0.009156979187996397,0.018360117261833446,60,0.0034783355991414924,0.7033653370667953,4.055165437981486,0.9998630590778581,0.01643264463960346,-0.00195736598937992,-0.01639715889448725,0.9997220015139842,0.016942634655282247,0.0022352341391471795,-0.016908219274126324,0.9998545473464232,-0.0007472775776103957,0.014129035124185285,0.08390973315687641,0.026003448963453097,0.17988612042423482,0.18072412465505555,0.05899448326509728,0.0487232765248747,0.0503227154458734,0.059030943539007244,0.058570472898140054
recon_face/synergynet/FaMoS_180618_03331_TA__selfie__IMG_1299,5.048781769745448,5.048781769745448,2689,I,0.02057204530831231,0.014509418805578217,0.025299135529014544,60,0.003467034937343387,0.6850316702190364,4.0410743849352,0.999768832832503,0.02018345289556951,-0.007410069226912154,-0.02074226369239337,0.9961415283602538,-0.08527493167990864,0.005660335118217218,0.08540892052537717,0.9963299036468991,-0.0012525993317932093,0.0148002462461726,0.07745396402065288,0.030774619554027143,0.17560024812005554,0.17494417750320843,0.05387491017274516,0.05387415157133163,0.04396253283486539,0.06274891615179057,0.06192231025701209
recon_face/synergynet/FaMoS_180618_03331_TA__selfie__IMG_1302,2.0985109455618147,2.0985109455618147,2693,I,0.019790131718299554,0.013859439889535028,0.030311871869739403,49,0.0038088876451268247,0.7334925952095721,4.154731618007645,0.9996079218820972,0.023741742367906264,-0.014843590532323562,-0.023384748067925575,0.9994437175037736,0.023778332574803506,0.015399872348658685,-0.023421895985898725,0.9996070521560313,-0.0031278828351651174,-0.0009614401861465643,0.08464471048889605,0.031166467245153196,0.17815519783742514,0.18262366768235352,0.06210936924795779,0.048540707582857646,0.04597793763190798,0.06084960228592653,0.06006398153678525
recon_face/prnet/FaMoS_180424_03335_TA__multiview_expressions__IMG_0053,7.9398241513841326,7.9398241513841326,2710,I,0.02118253869845271,0.015644499720252343,0.02704119441966327,50,0.003378660568175687,0.6719564285587345,4.083874824922532,0.9996544314333732,0.0242375026374775,-0.01017650143796332,-0.025393871270268126,0.990449867866966,-0.13551461376625984,0.0067947786960023,0.13572620494292095,0.990723083547701,-0.002684245958594836,0.02315983055165663,0.07573762555558747,0.03105681125204341,0.17286406653268505,0.17186612009904476,0.05244314010819603,0.056618470030605494,0.04935057112637034,0.065935417714633,0.06118911703556225
recon_face/prnet/FaMoS_180424_03335_TA__multiview_expressions__IMG_0054,8.380686662244385,8.380686662244385,2704,I,0.021685600732151773,0.016211187227542903,0.025958486352705444,60,0.0033826102047272294,0.6741567841085292,4.170713013969362,0.9979717710322326,0.06180904077270691,-0.01523110966234828,-0.06327387601168452,0.9893835324848215,-0.13083058611163895,0.006982896050106397,0.13152896307131315,0.9912877337262572,-0.0011594859847192376,0.025592491280173782,0.07343406425461677,0.03074018596687703,0.17211303919075507,0.17200914563687877,0.05073917535184116,0.05742937004074257,0.049086913671429803,0.06396926139338907,0.06351838796331778
recon_face/prnet/FaMoS_180424_03335_TA__multiview_expressions__IMG_0067,4.30006041567832,4.30006041567832,2701,I,0.018578797755952604,0.013223894972654282,0.025642895469591087,55,0.003406164941757853,0.6820638124534201,4.001896713860333,0.9999081455429417,0.011391700031503785,-0.007343680771066045,-0.011902272131313037,0.9972089871797228,-0.0737059821595496,0.006483548024596976,0.07378661842355905,0.9972529762034452,-0.0015167146935994172,0.018204938283639276,0.08136254557401079,0.028014335284989686,0.17165792259101473,0.17406565549822361,0.054239931062252646,0.05204194908327009,0.049196888705004355,0.06467315665937376,0.06067391525882942
recon_face/prnet/FaMoS_180424_03335_TA__multiview_expressions__IMG_0078,2.986511855558404,2.986511855558404,2710,I,0.018861035551128162,0.013511244489443599,0.023323866303845937,40,0.0034119088084122494,0.6830793311540339,3.8298058649525046,0.9997935610037089,0.020075074320743427,0.0031347673821779357,-0.019901534947224114,0.9986483647073938,-0.04801429551698568,-0.004094420870911683,0.047941996811403424,0.998841729534498,-0.000230310048716707,0.014433886567015074,0.07767953461380259,0.02831957089879222,0.1772858782352173,0.1777067868267743,0.054891359733813275,0.05486574946613884,0.04957600022146028,0.061315848327645264,0.061446953078956666
recon_face/prnet/FaMoS_180424_03335_TA__multiview_expressions__IMG_0081,8.029417705277917,8.029417705277917,2712,I,0.019687222786902443,0.013649834391035164,0.03978616017373013,60,0.0033427873096153445,0.67,4.396029816940427,0.9991930117585556,0.03838386166792034,-0.011832346188429545,-0.039622314837682845,0.990239102815679,-0.13362855765779363,0.00658767180181448,0.13398954592898943,0.9909608489551816,-0.0026913687305258954,0.022220054219920946,0.07580697470327522,0.029241218389695647,0.1738262692950921,0.17369980316425113,0.051491343855367785,0.05735175397364548,0.05947161077432413,0.06420756182185215,0.0636457063065187
recon_face/prnet/FaMoS_180424_03335_TA__multiview_neutral__IMG_0041,3.8028709948608808,3.8028709948608808,2704,I,0.01976134306536186,0.014359515178893188,0.02190335088596708,60,0.0034922682412857264,0.6920332183202017,4.038714622147381,0.9979735470514306,0.06362977316373933,-0.00022661138191126557,-0.06362284745472409,0.9977982145314914,-0.01873116012215711,-0.0009657470374029551,0.018707619968880356,0.9998245307491506,-0.00012689943278049236,0.01700756617331249,0.08603690401233571,0.03041849023449271,0.17096744199857655,0.1782822963483061,0.06095993440897325,0.04955694846758251,0.047724437336280255,0.06428229245851785,0.06106208658387148
recon_face/prnet/FaMoS_180424_03335_TA__multiview_neutral__IMG_0043,1.305233750525476,1.305233750525476,2704,I,0.015219284989851117,0.009811426436882816,0.01699895390213913,48,0.003443249628956052,0.6948612691085242,3.786218501161784,0.9998260716665999,0.01864969817214112,-0.0001231820749838943,-0.0186464915416308,0.9997405628025318,0.01308111006241558,0.00036710887139221717,-0.013076537973224028,0.9999144310318313,-0.0019015069777649717,0.012845480138267452,0.08416833030228671,0.026353632549687745,0.17226628254700407,0.17410486822462296,0.058691410489333046,0.052269173892094026,0.053468923386375405,0.05989400249504688,0.05987943682826535
recon_face/prnet/FaMoS_180424_03335_TA__multiview_neutral__IMG_0045,1.1921615788079707,1.1921615788079707,2711,I,0.01570489960484026,0.010137756228775477,0.02178970043564893,60,0.0034272255344693662,0.6918556187572286,3.9631169058848172,0.9998235894606672,0.01634037745374176,-0.009261858488267683,-0.016422618422726888,0.9998257584514166,-0.00887413889857543,0.009115237908522285,0.009024677374784469,0.9999177304339354,-0.0018598080881458024,0.015419222052935215,0.08301130496103626,0.026545699191456353,0.1748606457688742,0.17911141824071997,0.0572337280439819,0.051772377771901995,0.04749842730051054,0.061156404049818765,0.058063329380508844
recon_face/prnet/FaMoS_180424_03335_TA__multiview_neutral__IMG_0100,2.415913279137581,2.415913279137581,2704,I,0.01616351521764081,0.010698397001182164,0.020837560990178385,60,0.0035154198536916873,0.6918479594756697,4.0304894100409,0.9991362736786253,0.03937181764799532,-0.013287836343175203,-0.039276638149733145,0.999201346150964,0.007349526906933513,0.013566588194713177,-0.006821277387250534,0.9998847022829989,-0.0008196305061779143,0.013584256318000545,0.08597911109637421,0.02790172555344333,0.17407184670075715,0.1779475014396463,0.06287304689332232,0.04929411817299943,0.04773839410882667,0.061596609296052665,0.05855200137933842
recon_face/prnet/FaMoS_180424_03335_TA__multiview_neutral__IMG_0101,1.72346641809189,1.72346641809189,2703,I,0.015920258847599986,0.010528995800090148,0.021843570013344738,60,0.003379112834861305,0.6875841794668847,3.885879054898396,0.9998284720485848,0.002938759645694553,-0.018286338417980247,-0.002504559047971548,0.9997154493904544,0.02372229824482278,0.018350849162022075,-0.023672429993262953,0.9995513305444829,0.002842421263066,0.01787230680771252,0.08836916887065513,0.027975912167284026,0.1759658305837933,0.17888624645998705,0.057869836726900194,0.047344932262786944,0.04717788810108175,0.06067973975533009,0.05962843034069805
recon_face/prnet/FaMoS_180424_03335_TA__multiview_occlusions__IMG_0106,2.287290403377949,2.287290403377949,2702,I,0.02027246467454565,0.014581556382884314,0.022243660958518846,60,0.0034589617088497194,0.6946607376577716,4.020618913928047,0.9992488368397611,0.0358443009811478,-0.014729160246151,-0.03570203617095652,0.9993143211050749,0.009810822980230028,0.015070722863606325,-0.009277592439560086,0.9998433875317141,-0.0009788600522597155,0.006228161068400913,0.08838417861998021,0.030651678372539425,0.17607940784291343,0.18112228112406079,0.05807633761197025,0.052747926112335045,0.05497433035713991,0.060133724023516716,0.061532352493851944
recon_face/prnet/FaMoS_180424_03335_TA__multiview_occlusions__IMG_0107,2.0282250820673853,2.0282250820673853,2701,I,0.017574413091934492,0.01238331266987522,0.019552279700555307,60,0.003440345931988789,0.6903276724700795,3.879370389971882,0.9994142229562262,0.03376378598077269,0.0055872810066062775,-0.03371198883687276,0.9993899897354223,-0.009118674536149623,-0.005891753683308057,0.00892497467101341,0.9999428143977321,-0.003487479448207114,0.012264624883869396,0.08806431276349086,0.028043101182831383,0.17086673697921823,0.17428116598092075,0.05939414101836,0.049175145598074954,0.05331992530292434,0.05925006323739518,0.06061964494242454
recon_face/prnet/FaMoS_180424_03335_TA__multiview_occlusions__IMG_0109,2.0132276647817036,2.0132276647817036,2698,I,0.017091067324615357,0.012006051642188542,0.023483290299824672,60,0.0034375174508410435,0.6984269666136798,3.9782099570147693,0.9996142700355377,0.027630760172446638,0.0028021837220999777,-0.027564060062188596,0.9993875471452789,-0.021558135444226748,-0.003396135186904461,0.02147258026498668,0.9997636693551912,-0.0017624911404955203,0.009598058421355193,0.08289744968428492,0.027400822261688614,0.17181526041853945,0.17627882122686228,0.057121071231112375,0.053665360690956065,0.051404017545483086,0.05983962316502472,0.05708649831977866
recon_face/prnet/FaMoS_180424_03335_TA__multiview_occlusions__IMG_0110,2.58650596938354,2.58650596938354,2706,I,0.018211403821846252,0.012625481427691841,0.01986277843161937,37,0.0034889734512410326,0.7008870233244362,3.888679662020877,0.9999887920158539,-0.004647355033884171,0.0009043969615609952,0.004683260960671017,0.9989815456500906,-0.04487692633559856,-0.0006949168650304522,0.044880658882702665,0.998992113857164,-0.0007808632878464285,0.015076495731768731,0.08437479665441597,0.02868219962318666,0.17532764881077037,0.17912167031833495,0.05923402927096196,0.0491844878239866,0.05070774559364225,0.06196581453951964,0.06193451926555266
recon_face/prnet/FaMoS_180424_03335_TA__multiview_occlusions__IMG_0111,0.7278073485453358,0.7278073485453358,2704,I,0.020999538174424657,0.014994329165781414,0.021770272959277234,60,0.0034449558761782055,0.6913536777283589,3.8247336701024324,0.9999864691735287,-0.005167726861834461,0.0005967151250018625,0.005174294799058442,0.9999194832331751,-0.011586790929006767,-0.0005367897087029877,0.011589721730117181,0.9999326928383863,0.001324636561893168,0.0072633971051837,0.08754655848962056,0.030213398230085415,0.17368842261124653,0.17856894897574505,0.05869725313920294,0.049776702097870155,0.05586214723180816,0.05875627290185936,0.06043663657529355
recon_face/prnet/FaMoS_180424_03335_TA__selfie__IMG_0092,6.923149545546839,6.923149545546839,2707,I,0.019771972488465135,0.014304976387533629,0.02484508887229492,60,0.003352846611201352,0.6783759928689885,4.103832049062476,0.9997382459070404,0.019382015341171135,-0.012156362615067546,-0.020684700072622873,0.9927690734604518,-0.11824428089079708,0.009776648383778718,0.11846478068097153,0.9929101232662446,-0.0026774028505726867,0.02143321188824754,0.07596156732832005,0.029509055984013464,0.1754796604656042,0.17249844901722977,0.05251514948201112,0.05442675302425175,0.047202032390235085,0.0660150810196726,0.06252091439194282
recon_face/prnet/FaMoS_180426_03336_TA__multiview_expressions__IMG_0134,7.0865126209177705,7.0865126209177705,2719,I,0.026680394425711056,0.01880090643333795,0.045247141850167025,60,0.003405458583166262,0.67,4.218364191940054,0.9988102367624587,0.03892713969456854,-0.029373265629146557,-0.04200750780309508,0.9927288277652233,-0.11280444943377968,0.02476853299438154,0.11390413653193102,0.9931829476255727,-0.0033322444491182984,0.02445873289980012,0.07810218028155638,0.0339207841290245,0.15502534914842217,0.15934505406390176,0.05322117226139315,0.05930906335400907,0.05854260566271201,0.0693665969068844,0.06416359732660024
recon_face/prnet/FaMoS_180426_03336_TA__multiview_expressions__IMG_0135,6.725773428316447,6.725773428316447,2709,I,0.01959429210443974,0.013367288662585084,0.02499181208979402,38,0.003452077235522799,0.6854212395207635,3.8343989790882915,0.9999043175881297,0.013290929788470662,-0.0038349516261376353,-0.013646757898688607,0.9931227312659019,-0.11627986344079348,0.0022631101324178727,0.11632107215940284,0.9932090849887631,-0.0005481440050668207,0.01566133738514853,0.07772089936515716,0.03006108334579416,0.17426031940827477,0.1739144795905341,0.05396213103169953,0.054704708111247946,0.04920725548338342,0.0629402087340749,0.060810012175899666
recon_face/prnet/FaMoS_180426_03336_TA__multiview_expressions__IMG_0136,4.636455437365842,4.636455437365842,2708,I,0.018904022909020626,0.013565681149446418,0.0240309835742363,52,0.003390282486054561,0.6777657286180059,3.835452896077186,0.9999959517344853,-0.0018890233791323974,0.0021279345183697488,0.002054750983511944,0.9967297496413199,-0.08078108799927484,-0.0019683782759254264,0.08078513335152657,0.9967295960872935,0.0005636181411100849,0.014333857031428372,0.08176464976531864,0.027970320153170775,0.1725370962443766,0.17334532058356958,0.05447744469242819,0.052242614748904556,0.04894082023986401,0.06109985556120129,0.061986337741947936
recon_face/prnet/FaMoS_180426_03336_TA__multiview_expressions__IMG_0137,4.503335147350329,4.503335147350329,2710,I,0.018999410937613044,0.013721319885095463,0.026162602593925267,60,0.0033974045089091346,0.6847814888438174,4.0085669190157205,0.9995732152753337,0.02749139682382913,-0.009879797811977498,-0.02813851592416169,0.996952115770768,-0.07276470835352826,0.007849281859921326,0.07301165633556812,0.9973001989438384,-0.0019754753314282503,0.015693646743023495,0.08495594936728029,0.028706289355360397,0.17347271342909631,0.17397022024188205,0.056242868479347036,0.05287868668316534,0.052174454448458425,0.06275352437802532,0.05999804078960888
recon_face/prnet/FaMoS_180426_03336_TA__multiview_expressions__IMG_0147,3.411870582385631,3.411870582385631,2708,I,0.01823189123914592,0.013249712799261893,0.02341832283646058,50,0.0033596198300762086,0.6903208022159317,3.829798148944974,0.9998125995520714,0.00515813994578804,-0.01865902916093637,-0.006200177168784406,0.9983987790833413,-0.05622664606722203,0.01833912702406232,0.05633179845515881,0.9982436600864554,-0.0014900173728088532,0.01782530375286827,0.08771636636785687,0.028253857580426967,0.1727274215859836,0.17522633672480903,0.05235880759095261,0.054671768684018296,0.04705438688936462,0.06170786907264369,0.05793158014221101
recon_face/prnet/FaMoS_180426_03336_TA__multiview_expressions__IMG_0148,2.918790835914729,2.918790835914729,2698,I,0.019702999393004496,0.013726471680659609,0.02061004298483718,60,0.0036706263201836016,0.7246094425751737,4.063875998137519,0.9993808895453168,0.033511315424723194,-0.010715845748910558,-0.03388322714645579,0.99875369981394,-0.03664661002203203,0.009474414480664661,0.03698700915821574,0.9992708324692454,-0.00017609046483210895,0.01635538945880278,0.0831219063208481,0.029840905923474863,0.17664313625189834,0.17910960416287353,0.05907185927833446,0.05016057862464481,0.0553007677541094,0.06215366802333335,0.059945828592605686
recon_face/prnet/FaMoS_180426_03336_TA__multiview_neutral__IMG_0125,5.327468236856068,5.327468236856068,2703,I,0.021804226424147633,0.015823493489154027,0.02576497242424882,60,0.0033011602523603514,0.6770809707497003,3.875188382109627,0.9988274621434057,0.004646319379063269,-0.048188303398130926,-0.008452901991991675,0.9968313429986683,-0.07909375489496207,0.047668116347054826,0.07940834547891223,0.9957017953946983,-0.0052037978801414,0.016754300795230694,0.08213675907368304,0.030605097499849788,0.1663680782903657,0.1679153913283958,0.055057684984532416,0.05458243345125754,0.053289373916407784,0.06693150497641401,0.05927615948833552
recon_face/prnet/FaMoS_180426_03336_TA__multiview_neutral__IMG_0127,1.8915583204029036,1.8915583204029036,2703,I,0.017215721534187087,0.011828033836045684,0.02150641249159784,56,0.0034736994859145436,0.6924947454423027,3.9507821099832654,0.9998501953270005,0.013938044844611327,0.010262446612240479,-0.013644070725702324,0.9995097721344939,-0.02817897694532283,-0.010650175519282053,0.02803473405550011,0.9995502125695566,0.0008242598963071106,0.011629076638757424,0.08680182579768073,0.02811424210447146,0.17848431771138742,0.17979492622260762,0.05778150245837758,0.05028142057644641,0.049648686180952833,0.06113932750679923,0.06083452552261282
recon_face/prnet/FaMoS_180426_03336_TA__multiview_neutral__IMG_0153,1.6504964207771158,1.6504964207771158,2709,I,0.018231862480607413,0.013390951563518575,0.023868749128946234,60,0.003439114185467843,0.6930754396278943,4.044116312870756,0.9999449789039666,0.0002787278617226952,0.010486251738564028,2.6720333526424943e-06,0.9996401302485246,-0.026825547330343116,-0.010489955081203898,0.026824099378941643,0.9995851282081496,0.0005289135643388923,0.010431733160176308,0.08773184330943404,0.028476598088365432,0.17938170800962464,0.18071977888735516,0.05601946408913446,0.05208467678630274,0.0465124441414226,0.0625067845006007,0.0615165849818895
recon_face/prnet/FaMoS_180426_03336_TA__multiview_neutral__IMG_0158,1.7212287117805691,1.7212287117805691,2703,I,0.019147555940286682,0.013749489388636146,0.01975820378129669,60,0.0034834663153307066,0.6887661374917848,3.8293578329030424,0.9997704818542,0.02035994173417536,-0.006667562193380376,-0.020495821653899033,0.999569621732047,-0.02098791569413914,0.006237379878857659,0.02111975575222668,0.9997574961005361,0.0016390315506164279,0.007373794556025617,0.08520110843725467,0.028626546383806056,0.1746946627030665,0.179932951378036,0.05793077696485361,0.049576554602052014,0.05527048522477305,0.06242077616359252,0.059749411929078476
recon_face/prnet/FaMoS_180426_03336_TA__multiview_neutral__IMG_0159,4.24938509733295,4.24938509733295,2701,I,0.022264296259162573,0.015473839859703619,0.022912512792579824,60,0.0033632908789410043,0.6864401411427341,3.864083021879196,0.9995199115591611,-0.029865578413574984,-0.008245824567004088,0.029242578901758656,0.9972937459336016,-0.06745410217991885,0.01023806504871047,0.06718058906966454,0.9976883032672633,0.0029799402181533243,0.009809934362662212,0.08512303843698885,0.03195248557263947,0.17523809641149157,0.17822582208581203,0.05639230052303342,0.04944500439253447,0.05079004248533341,0.06017988299299968,0.05849848885008245
recon_face/prnet/FaMoS_180426_03336_TA__multiview_occlusions__IMG_0121,4.1725924884625725,4.1725924884625725,2703,I,0.017049605860425043,0.011378084994073378,0.02237530479299418,60,0.0034733790221171223,0.6926429952023692,3.9607659380417317,0.9999667209764663,0.001045969339001828,0.008090913898655471,-0.000458225284682257,0.9973823925313936,-0.07230596861906262,-0.008145364888208884,0.07229985488570691,0.9973496799088789,0.0008960025785765506,0.012771175494586347,0.08333894782769988,0.027224805710321095,0.17629846619177167,0.17868403228144344,0.05586848752282569,0.05101689053289029,0.05100869547677984,0.06003868599597694,0.059037728411561685
recon_face/prnet/FaMoS_180426_03336_TA__multiview_occlusions__IMG_0123,4.868661828438972,4.868661828438972,2700,I,0.020151228081545444,0.01428601515772329,0.02138569286432066,60,0.003560468652325319,0.7090656576010483,3.9291720879264176,0.999544628736867,-0.008140468028829138,-0.02905628922539748,0.005809071933314883,0.996822869901137,-0.07943815660836005,0.029610637388477683,0.07923319268041883,0.9964162339761009,0.00013326407673153043,0.010303383144937672,0.08059091527056711,0.028873824889430133,0.17230630726622964,0.17493550003483432,0.057543142885758236,0.053242377781956604,0.05663038273568285,0.06126337685180452,0.05727223701729621
recon_face/prnet/FaMoS_180426_03336_TA__multiview_occlusions__IMG_0124,4.5862509472605995,4.5862509472605995,2703,I,0.02119121713096808,0.01569276778826548,0.024383672445535756,47,0.003733724509757546,0.7348369404205015,4.219622978940606,0.9988056226599299,0.015036247560703266,-0.04648913208699854,-0.017951202795795505,0.997856232532979,-0.06293404097365117,0.04544317837798515,0.06369340981908747,0.9969343343894442,-0.0033217665300056577,0.023772674935924887,0.07789950840928656,0.030161490092195025,0.18169631947012208,0.18445324608915464,0.06471757313906391,0.04704376379706721,0.05970779748520513,0.05899312580381713,0.05749009095731618
recon_face/prnet/FaMoS_180426_03336_TA__multiview_occlusions__IMG_0164,4.473845908804779,4.473845908804779,2713,I,0.020944202141814316,0.015029530782379188,0.02426111591153186,60,0.0033268956752348384,0.67,3.8774433680810034,0.9989655888134527,0.03489817950340693,0.029152520198802614,-0.032978821636729244,0.9974106660342852,-0.06390900253092127,-0.031307342430273326,0.06288147857988466,0.9975298341210457,0.0028785635606784323,0.018053539856801998,0.08404870804165682,0.03294577702919589,0.16302637007304727,0.16535656379767763,0.05318248019832966,0.05988684173695169,0.04870572952958392,0.06412196848493608,0.06272246965605123
recon_face/prnet/FaMoS_180426_03336_TA__multiview_occlusions__IMG_0165,0.9959181000670464,0.9959181000670464,2710,I,0.018212379026096955,0.01272889617984794,0.019145884815927293,60,0.003362791204623288,0.6872199610848532,3.873598431935534,0.999848986825567,0.016230192389487287,0.006211634155886432,-0.01623217259211637,0.9998682135553749,0.0002685042336317915,-0.006206457671336535,-0.00036929200365221906,0.9999806715665012,0.00042783865249617725,0.007600594612022608,0.0869146644589866,0.02813823747861768,0.1743743562956749,0.17818240439563318,0.0598895794933778,0.04975511158309345,0.0512147912606184,0.058620438316339146,0.05970394657414325
recon_face/prnet/FaMoS_180426_03336_TA__selfie__IMG_0151,8.651162009787255,8.651162009787255,2709,I,0.02235752315771861,0.017163444898804007,0.02815097241078165,59,0.0033851516877302706,0.6715810054638915,4.047850539907813,0.9999039116693327,0.0020949365557579496,-0.013703235719881347,-0.0041238936214794,0.9887136863974663,-0.14976060841132977,0.013234837731003894,0.14980272885084683,0.9886273218453322,-0.0026487451584222103,0.02242490860918346,0.08196918538906342,0.031848117446150355,0.17055525855718665,0.17044635713063602,0.052353938345780185,0.056292721833324184,0.04773847649713466,0.06442381620426642,0.05925683014670293
recon_face/prnet/FaMoS_180426_03336_TA__selfie__IMG_0152,2.913940566898705,2.913940566898705,2706,I,0.016942701714527525,0.011646511062648328,0.023272400367963887,60,0.0034194828577253722,0.6967957447007059,3.909671616042033,0.9999103020883662,0.011615913365814383,-0.006667708319173666,-0.01192894075698645,0.9987273759800831,-0.049003355398930526,0.006090004102460626,0.04907849859781252,0.9987763577625459,-0.0017402328639482389,0.01822761527025859,0.08601626357496062,0.02685152979838691,0.17502667207436373,0.1775211576961019,0.05789364599855745,0.0506509763775122,0.05004384951138123,0.059874718812930626,0.058594602653632775
recon_face/prnet/FaMoS_180426_03337_TA__multiview_expressions__IMG_0184,2.2730020933789747,2.2730020933789747,2706,I,0.017791603068579305,0.011885768689875651,0.024695130537136508,40,0.003522181306366759,0.7062699910847524,3.977120514959097,0.9995610864056041,0.003867118557189471,-0.029371413614464284,-0.004640541427994776,0.9996430568816365,-0.026310154001698335,0.029259185205715438,0.026434905379112878,0.9992222454782999,-0.0021716311690802527,0.018617672978709976,0.08534223067844651,0.029586666308531455,0.17820017164779062,0.18044047106431702,0.05691204438173731,0.05247966057820929,0.05176369362959251,0.06394596293517943,0.060519412131691944
recon_face/prnet/FaMoS_180426_03337_TA__multiview_expressions__IMG_0185,4.879486637696423,4.879486637696423,2714,I,0.019107783876387344,0.013707110324307551,0.025217526565814503,37,0.003330946527974846,0.672829354271845,3.7809446859173477,0.9999957570204653,-0.0008126086411127465,0.002797428866261995,0.0010474780728097347,0.996379623492154,-0.08500910939022577,-0.0027182219836484082,0.08501167894371199,0.9963762470635377,-0.0015360373979811683,0.018152051979759942,0.07949469981398438,0.029213542082509692,0.1697088513417496,0.17100699107073838,0.05295774102365322,0.05563102008994715,0.046835825029059405,0.06366466383708062,0.06516821561391634
recon_face/prnet/FaMoS_180426_03337_TA__multiview_expressions__IMG_0186,5.786160445449809,5.786160445449809,2697,I,0.020530441579065074,0.015259721239707966,0.024979898102735515,60,0.003376541590974363,0.67,3.955141901038587,0.9992893837291572,0.009605321582158339,0.03644811879239273,-0.006153303681074844,0.9955845847367931,-0.09366681102864713,-0.03718688505386701,0.09337597352515876,0.9949362105925281,0.0010850376157686167,0.020126726544615947,0.07881997267301438,0.030951759112410767,0.17425503472238923,0.17503353470741903,0.05545872007380541,0.05359647423503173,0.04961930799593554,0.05869009343308069,0.06790916986995454
recon_face/prnet/FaMoS_180426_03337_TA__multiview_expressions__IMG_0187,5.911771431740848,5.911771431740848,2707,I,0.020567841619152795,0.015030878761359879,0.023411706654476797,60,0.0033568249893501374,0.67,4.0435429371427745,0.9997121430629163,0.00693828848250186,0.02296717582733553,-0.0046024103951553515,0.9949528414544709,-0.10023802222823582,-0.023546737164726897,0.10010346364940245,0.9946983702280244,-0.0008917145395203596,0.024737310624494635,0.07970777480810487,0.032601728194978453,0.17225871189118908,0.17254293351295344,0.052510697139169525,0.0555536235595394,0.048419784924312946,0.06198416802228046,0.06553249572824664
recon_face/prnet/FaMoS_180426_03337_TA__multiview_expressions__IMG_0188,6.1438630127724965,6.1438630127724965,2709,I,0.020284072449467568,0.014539667008633303,0.02607792055925733,60,0.0034373305973962073,0.6832629579342209,4.001972062047571,0.9999495880253152,0.005011579741945639,0.008700889408125172,-0.004055903954554672,0.9942964068467425,-0.10657487966106043,-0.009185371582779434,0.10653421703916638,0.9942666088875451,-0.0003254402224844153,0.022661921357723463,0.07664426543899497,0.031108673134546794,0.17777083331288687,0.17592091117229577,0.05170865612848753,0.053898218296893785,0.04745924691816022,0.06334458976294288,0.06326139173574613
recon_face/prnet/FaMoS_180426_03337_TA__multiview_expressions__IMG_0189,7.152372651000248,7.152372651000248,2718,I,0.022961856689842113,0.016291039424778074,0.04380740779320191,60,0.0034372195541265663,0.67,4.402546253986657,0.999898649305597,0.005657873214885073,-0.013064439809184253,-0.0072305056435609215,0.9922990480975459,-0.123654029181596,0.01226421236696206,0.12373595926564276,0.9922393871841761,-0.0037087823276196518,0.02208032274254064,0.07544366640262248,0.030852524978486506,0.1687535370989364,0.16906454376751248,0.05351478403125911,0.05388343326045798,0.05526499786605478,0.06735573579005011,0.06509985083065532
recon_face/prnet/FaMoS_180426_03337_TA__multiview_neutral__IMG_0178,6.729177130125104,6.729177130125104,2703,I,0.02011018520722871,0.014095800266047643,0.025493511881827934,60,0.003323590037729887,0.6728441448844338,3.9870945340953767,0.999576686166965,-0.003112964997539631,-0.028926768232772553,-0.00019160609734869297,0.9935333510643742,-0.11354049326076769,0.029093156559093124,0.11349797254453081,0.9931121781902129,-0.007043648581884931,0.02596542753234196,0.080283894553967,0.029957464608671446,0.17186383237119213,0.17201893180448638,0.05088420813478854,0.055823423747459064,0.04631729137950405,0.06465527969988608,0.06083817925878764
recon_face/prnet/FaMoS_180426_03337_TA__multiview_neutral__IMG_0179,4.092692735552953,4.092692735552953,2704,I,0.02145795189221425,0.01600849128722592,0.02623445583042124,60,0.0033987425295227726,0.6910394669395153,3.948608395876363,0.9991466798148096,0.04015745737221622,0.009658717950184215,-0.03952674582270549,0.9975085036624236,-0.05843305131361853,-0.011981176057040794,0.058001411522060425,0.9982446031317871,-0.0005961540920856713,0.019785265932112536,0.07768030709793458,0.030404944826913465,0.17154648091524782,0.17654210557350541,0.05428880789261272,0.05323163099494671,0.04855278337448884,0.06203929037628085,0.06320842427450481
recon_face/prnet/FaMoS_180426_03337_TA__multiview_neutral__IMG_0180,3.6897279094615416,3.6897279094615416,2698,I,0.020591693309029414,0.01563192251226393,0.025738295316776044,60,0.003417856073720608,0.6901621306261521,4.018703494220972,0.9980240849877597,0.033587418994002576,0.053101893277604166,-0.03284452006826974,0.9993508640680054,-0.014801621127982816,-0.053564571181236795,0.013028268183171085,0.998479394350388,0.00036501367206047625,0.020268773318232916,0.08564063907905192,0.03249930062082199,0.16787599350184643,0.1707183019883433,0.05721318303917629,0.053094477658026544,0.05275472946811718,0.05836749204691904,0.06373731459037499
recon_face/prnet/FaMoS_180426_03337_TA__multiview_neutral__IMG_0181,0.4934543658222835,0.4934543658222835,2713,I,0.016248311878909936,0.010673444154509808,0.021216739439824574,47,0.003431770622224776,0.6874995293720104,3.8472021599300206,0.9999671705245244,0.002640033699045301,-0.007660815573063865,-0.002617668882371298,0.9999922874649896,0.0029279378682593032,0.007668486343396464,-0.0029077882670556616,0.9999663689767749,-0.0009633124777793957,0.011048402529856692,0.08238771685009122,0.02699924969539106,0.17683462027116306,0.1802792365372085,0.0562549490080622,0.05222891512516295,0.04601611773508026,0.05994069892050587,0.05827719927922221
recon_face/prnet/FaMoS_180426_03337_TA__multiview_neutral__IMG_0211,1.317074478734825,1.317074478734825,2707,I,0.016204795767904644,0.010881010251281846,0.021988244759987726,60,0.003360676705997514,0.674813432267254,3.822020003106445,0.9999608451112263,0.004161948328300655,-0.0078093809328782056,-0.004326681131281705,0.9997659505668867,-0.02119726202784717,0.007719331242436566,0.021230220752539455,0.999744812265594,-0.0006684891076032165,0.012771768921996135,0.08739332034196404,0.026791459915044287,0.17671196884413948,0.17813712142230026,0.0554127115657575,0.04958513218012742,0.04942997541180911,0.0629617737412989,0.05878312820108808
recon_face/prnet/FaMoS_180426_03337_TA__multiview_neutral__IMG_0212,2.3055295521331485,2.3055295521331485,2700,I,0.0164066869325233,0.010830008667594872,0.017752310705202133,60,0.003524954656076643,0.7049049431279482,3.943097959039733,0.9992130937233629,0.030427638735911186,-0.025443115625716866,-0.030597951095597917,0.9995117198467148,-0.006331451477610524,0.02523804113908442,0.007104976426337926,0.9996562212027907,-0.0024154668169636307,0.013226198499337677,0.085040008825093,0.02779645984593377,0.174042906937767,0.17942450957857475,0.058308088486168023,0.049893876757025585,0.052424610881289066,0.062006840874744916,0.056525462049710956
recon_face/prnet/FaMoS_180426_03337_TA__selfie__IMG_0201,8.006110330318972,8.006110330318972,2711,I,0.02224680744425953,0.0168856186020736,0.024626738202539262,60,0.0033639831518184936,0.6713500472137577,4.178187747020274,0.999951694149216,-0.001438796947218067,-0.00972312868669527,7.39450441232303e-05,0.9903012393431325,-0.13893685575680137,0.009828728312646053,0.1389294253165992,0.990253508391137,-0.0017883483945991957,0.022814137707291987,0.0785587275487197,0.03168171615639177,0.1750048609930967,0.17723944846225242,0.05251424229631019,0.05149383718090407,0.046965528545256416,0.06500781075637568,0.06192846780885938
recon_face/prnet/FaMoS_180426_03337_TA__selfie__IMG_0202,7.74062678869124,7.74062678869124,2708,I,0.020023274027773735,0.013987791179519113,0.026103427085562382,60,0.0034030442396722226,0.6875723594437606,3.9996213039848953,0.9994159292776709,0.031219605515568506,-0.013897357212866928,-0.032764651198696745,0.9909579252237458,-0.13011098365655607,0.00970968268675561,0.13049033170201213,0.9914020351978411,-0.00281230747180182,0.02011391542319002,0.07861491624044101,0.029721712448208665,0.1736269849731424,0.1751738977706403,0.054856443577341686,0.053814989051362234,0.04891855561477796,0.062492635778833114,0.060458010359484816
recon_face/prnet/FaMoS_180426_03337_TA__selfie__IMG_0214,1.2669037972246384,1.2669037972246384,2709,I,0.01713228440637321,0.012209155235803319,0.022360547019811328,60,0.003394049760259698,0.6934611598302657,3.9236665898934007,0.9999045165295496,-0.00802044739971283,-0.011253010589039849,0.007825018310841723,0.9998196423776106,-0.01730467579421916,0.011389772264781916,0.017214968469808106,0.9997869362760948,-0.0017147610626211379,0.014142654663873974,0.08884199438006377,0.027385851190682327,0.1767807636344613,0.17864834254681783,0.05669830161613959,0.049283634993874115,0.047536368460712665,0.06142995695144391,0.05889476851270402
recon_face/prnet/FaMoS_180427_03338_TA__multiview_expressions__IMG_0227,4.761140645614795,4.761140645614795,2708,I,0.02271822661010972,0.017094264068822362,0.02353117083635758,48,0.003374028462088536,0.67,3.840001185890287,0.9997811671699115,-0.02080371374611804,-0.0021961936934740316,0.02056004042955016,0.9965539755334699,-0.08035831373274915,0.0038603769122899437,0.08029557486440497,0.9967636220023729,-3.440470558783309e-05,0.01455545499322801,0.07971117859216367,0.030444185803407648,0.1658088047840844,0.16618154410016805,0.05448264232129664,0.05568781815101439,0.04966945586426197,0.06505113443182908,0.06492452982108951
recon_face/prnet/FaMoS_180427_03338_TA__multiview_expressions__IMG_0229,6.468993255962422,6.468993255962422,2708,I,0.021340376518881748,0.016234240595000966,0.026084002874753306,60,0.0033767223635779117,0.6725703117157923,4.084285920951515,0.9999940375733898,0.003396276017501481,0.0006246013790186379,-0.003304333736911793,0.9936333045715336,-0.11261410846252262,-0.0010030933280777993,0.11261137311775697,0.9936386025353025,-0.0005594191181881139,0.01950125380464232,0.08201006805645272,0.03175054891238725,0.17227461921941217,0.17303448730017063,0.053352666063792645,0.05809350171412031,0.04796869030478752,0.06466323435875515,0.06359011034395888
recon_face/prnet/FaMoS_180427_03338_TA__multiview_expressions__IMG_0230,7.60128641701858,7.60128641701858,2711,I,0.02276295257606015,0.01664720942951689,0.026436349180327678,49,0.0033897291882794296,0.6830656986237033,3.9443721070419997,0.9999858097173627,0.0013046821284687189,0.0051650913306331,-0.0006105515086924658,0.9912263002973001,-0.1321743122765622,-0.005292219833430981,0.13216928313140944,0.9912130310915833,-0.0003749321012618763,0.015547018881538671,0.08043928939769696,0.031889092588790344,0.17172148325654116,0.17226858644502258,0.05309633790774301,0.05820646087018565,0.049927560464896555,0.062364174189837744,0.061459791785585874
recon_face/prnet/FaMoS_180427_03338_TA__multiview_expressions__IMG_0232,4.841390701482093,4.841390701482093,2711,I,0.019802682325576557,0.014749207268821382,0.02680332855450159,60,0.0033844762400344307,0.6724729393838618,4.067948266863823,0.9994945342355595,0.02763845549256258,-0.015709608882083052,-0.02878245606315315,0.9965389897635782,-0.07798469147184589,0.013499861340586136,0.07839743400757432,0.9968307760521908,-0.0021220736787670802,0.013541198035036138,0.08429906915908217,0.029331771577382287,0.17172671734350137,0.17592650954046005,0.05539407450905244,0.054460856577790005,0.052448352376560176,0.06266212597006775,0.061308444154790906
recon_face/prnet/FaMoS_180427_03338_TA__multiview_expressions__IMG_0233,3.2389589381836297,3.2389589381836297,2708,I,0.018566932073271113,0.013419976010147569,0.02427267970422868,60,0.0033691441419735307,0.6751308683333638,3.912774919066578,0.9999923963451864,-0.0038565549779046105,0.0005781310518823998,0.0038830106505403123,0.9984026869435512,-0.05636485547027945,-0.00035983343166211105,0.056366671780406705,0.9984100704782088,-0.0003606362061122566,0.015970808230133762,0.08571685924009692,0.029677784954523355,0.16953833534674176,0.17035959765660622,0.05149295302292064,0.053546464049641695,0.046171607027467566,0.061439793956462936,0.060629281159617646
recon_face/prnet/FaMoS_180427_03338_TA__multiview_expressions__IMG_0234,4.458827165987971,4.458827165987971,2708,I,0.023631303070810027,0.017648317395271184,0.024115950424430977,60,0.003338162941060985,0.67,3.785050948848948,0.9990426368619298,0.041322426328602564,-0.014361992002485273,-0.042160532781275274,0.9970583244125385,-0.0640092742909954,0.011674725159987277,0.06455350340591974,0.9978459530360692,-0.007742552672432444,0.012248663940850106,0.08504966811779141,0.03143702715136437,0.16331876034597886,0.1674632777128519,0.054820859191737945,0.05310386301432431,0.05386034203741292,0.06201624129776267,0.061147478619074776
recon_face/prnet/FaMoS_180427_03338_TA__multiview_expressions__IMG_0235,2.505171990266819,2.505171990266819,2713,I,0.020691200692092914,0.01509205016140412,0.021026475809678553,60,0.003372421397626553,0.6763031166702739,3.7991395180579275,0.9990764918961574,0.038043528950409314,-0.019971310559559762,-0.03820263709227248,0.9992407560201607,-0.007646569652614095,0.01966524496829737,0.008402464713137303,0.9997713122144891,-0.006337836643395527,0.005858781226140364,0.08765591645856036,0.029890857473354467,0.16685808018582618,0.17017116023808543,0.0588288333027097,0.05065492064997025,0.05475522056637331,0.05987421552093616,0.05881615830260248
recon_face/prnet/FaMoS_180427_03338_TA__multiview_expressions__IMG_0238,3.330969383972005,3.330969383972005,2709,I,0.01861300246255269,0.013017521945998197,0.02315657766675504,60,0.0034963011317817212,0.7007661741265503,3.9808490690775216,0.9999393343285253,-0.010928534574469564,0.0013765154121854312,0.010989267691064791,0.9983111225486797,-0.05704505755284356,-0.0007507717625755361,0.05705672377246812,0.9983706559260007,8.282310287950753e-05,0.008350409510675456,0.08700150425993852,0.029261629470278192,0.1714559612087416,0.17583194461226967,0.05785109348168438,0.052027813889014354,0.05537650325374682,0.06037631152250567,0.0586264643578405
recon_face/prnet/FaMoS_180427_03338_TA__multiview_expressions__IMG_0239,1.261960899502247,1.261960899502247,2705,I,0.017469548318971316,0.011982623293277737,0.020277277193096545,60,0.0034727922996493172,0.6896653767811316,3.967266666935757,0.9999383284033115,0.00588434301659506,-0.009418805511009187,-0.006062417456901446,0.999801280080804,-0.018990719927461118,0.00930518589655385,0.019046649470394358,0.9997752940833168,-0.0005939227224127108,0.007359522524341959,0.09064009272804224,0.02717914346377494,0.173740663084353,0.17757239152832982,0.05864625084262599,0.04880106370777458,0.05273599182470966,0.059582982343007906,0.05870039856316557
recon_face/prnet/FaMoS_180427_03338_TA__multiview_neutral__IMG_0215,2.9049994165113406,2.9049994165113406,2708,I,0.02575315118926535,0.018931667019101667,0.026065061914999497,41,0.0032448044653561707,0.67,3.559076864970848,0.9987980465452354,0.03570506394675807,-0.03357991402579972,-0.0352690460768228,0.999286821909126,0.013488585826203485,0.03403757638629899,-0.012288041638838084,0.999345009206745,-0.012206187481718922,0.0036061445398943986,0.08634456294690912,0.0341816550691133,0.1586708833770462,0.16357831820117588,0.059246156014462946,0.05048159911303572,0.05350499308663164,0.06526083712383138,0.059434481423842105
recon_face/prnet/FaMoS_180427_03338_TA__multiview_neutral__IMG_0217,1.3065555279269063,1.3065555279269063,2704,I,0.01783458051798283,0.012456647692234722,0.019080343059440976,60,0.0034316648132703947,0.6856954789885431,3.905900268116966,0.999743905172681,0.014608853368763892,0.017283097908831216,-0.014560535585147536,0.999889731338295,-0.0029182131015356954,-0.017323823872053824,0.002665814600131696,0.9998463774795443,-0.00042299107121952307,0.013368463411355308,0.08851548820560745,0.02873956122894711,0.17500269157111126,0.17930890478260428,0.05659799498371676,0.04791360194309687,0.05113012459102928,0.05871815542691224,0.06083667729293513
recon_face/prnet/FaMoS_180427_03338_TA__multiview_neutral__IMG_0219,0.6992730537284646,0.6992730537284646,2714,I,0.01796375976336278,0.012889201104060518,0.02114191019524043,60,0.0034958793457256394,0.6893625901672619,4.097261253977194,0.9999413316127158,0.010648895499503779,-0.001983521421512938,-0.010659879909320852,0.9999274328694525,-0.005612125749276538,0.0019236145424208844,0.005632940595060393,0.9999822846867564,-0.0002504846056506427,0.008566068583233437,0.0892318968323316,0.028725152938972556,0.17857217343655998,0.18286711681045428,0.05731053557711472,0.04859839922486934,0.05009420719535875,0.06034148867523651,0.06087959067345885
recon_face/prnet/FaMoS_180427_03338_TA__multiview_neutral__IMG_0261,1.1129532501034671,1.1129532501034671,2711,I,0.01564595707794862,0.010439121981901375,0.01986134931809184,60,0.003387352883776876,0.6809237690121421,3.890660631004721,0.9998311956154551,-0.01711908915720815,-0.006672110655300353,0.01716078957839386,0.9998332482403892,0.006243637891304729,0.006564112675381697,-0.00635708262485258,0.9999582490910736,0.00029593170021338617,0.010587518475574431,0.08850159470677513,0.027701756490747808,0.17275649620695524,0.17515178225666794,0.05642386994178159,0.05096254450201459,0.04526883592551623,0.06014457461152259,0.057860916089443916
recon_face/prnet/FaMoS_180427_03338_TA__multiview_neutral__IMG_0262,1.8540121397617702,1.8540121397617702,2710,I,0.018087419928956485,0.013191956058204755,0.023522821078712338,60,0.0034992694693323128,0.684074002673623,4.001809905050322,0.9998081828965899,-0.011549924848117954,-0.015817605666504437,0.011138714870303651,0.9996039591191004,-0.025842870282878683,0.016109824457649444,0.02566172537890718,0.999540869302762,-0.000914661712722627,0.013289886246673557,0.0889406055288122,0.029737832055697622,0.17540836378485086,0.17932866060823724,0.055066320260162095,0.05107537740006319,0.04957230213140884,0.061690720816910107,0.05793098066041207
recon_face/prnet/FaMoS_180427_03338_TA__multiview_neutral__IMG_0263,2.048530144867489,2.048530144867489,2704,I,0.022442034533635004,0.016374157072594497,0.022842988988973058,47,0.0034130196140439023,0.6997401886208062,3.652573650004342,0.9996777549854565,-0.02241865477789593,0.011907565040224038,0.022711303082121714,0.9994284827749642,-0.02503806163512919,-0.011339440001589693,0.025300429563192114,0.9996155787923514,0.005023373487569109,0.0071662691849354865,0.08838114477921827,0.03165794666726296,0.1737654094450174,0.17610670889331606,0.05787682505842431,0.049500006316684296,0.05414915381314524,0.05970213204624579,0.06082247732812496
recon_face/prnet/FaMoS_180427_03338_TA__multiview_occlusions__IMG_0240,1.3126063266292691,1.3126063266292691,2708,I,0.024468997719640735,0.019637446026531467,0.027688703588765157,60,0.00325811461206265,0.67,4.037340262904763,0.9999280197237574,0.0007263890401938256,0.011976131691314023,-0.0004925380857266823,0.9998093879427232,-0.01951781718920475,-0.011988026424708875,0.019510513590354172,0.9997377791610563,-0.002002843886450688,0.017165970977304185,0.0841954084077357,0.033341257613746116,0.1630150302719937,0.16586211460313877,0.058077533916842,0.055601616346701264,0.05137110330246,0.061767940624233714,0.06628855598021055
recon_face/prnet/FaMoS_180427_03338_TA__multiview_occlusions__IMG_0241,0.8569690434911861,0.8569690434911861,2706,I,0.02024905877783,0.014129531146936422,0.02126719270652593,60,0.0034595257664359674,0.6904340602293806,4.063194117043167,0.9999300574472937,-0.010473489278569253,-0.005494200195039098,0.010422748612098342,0.9999035050920713,-0.009184052262419409,0.005589859105601407,0.009126145238902513,0.9999427318343075,-0.0009266041520295803,0.0034397338666925167,0.08815688682893169,0.030068628512708202,0.1814140057489386,0.1868043507151348,0.060286471858234145,0.05103330078695459,0.05882035180787018,0.060680041033511774,0.05888363948539017
recon_face/prnet/FaMoS_180427_03338_TA__multiview_occlusions__IMG_0242,0.5878933338397081,0.5878933338397081,2705,I,0.016669898414068907,0.011160437997595208,0.019658960686489726,60,0.0035822969143637184,0.708757702548793,4.154832492116839,0.9999823401447951,-0.005934139194888712,-0.00032463911521730704,0.005931216261086468,0.9999474208025169,-0.008365184042064064,0.00037426221244962933,0.008363110809325771,0.9999649585387416,-0.0014673010749130275,0.003692851086553005,0.08532765017770477,0.027503609122068094,0.18268289362950185,0.1858496149877725,0.06268654797373674,0.05062575509300591,0.05866806601138377,0.05980049523985557,0.057351335652507024
recon_face/prnet/FaMoS_180427_03338_TA__multiview_occlusions__IMG_0243,2.5444479939139812,2.5444479939139812,2702,I,0.019107448230753367,0.013744651914671675,0.022619460187647097,60,0.003709937321824223,0.7238872851217092,4.266317843925208,0.9990825868218828,-0.0345713578354437,-0.025274610317649673,0.03486489206560355,0.9993285244615824,0.011266743038284815,0.024868132429861772,-0.012137603340472168,0.9996170539634669,-0.0004874355251211969,-0.0008552018942925219,0.08937144855770837,0.030786057632993618,0.18403726846656407,0.18940997931624903,0.06874703421788157,0.0466512440592153,0.061383832348308576,0.06097422754623455,0.05560877941410831
recon_face/prnet/FaMoS_180427_03338_TA__multiview_occlusions__IMG_0244,1.3058695826685582,1.3058695826685582,2706,I,0.017114885599201147,0.012259131972875531,0.019897682158251214,55,0.003514603861611766,0.6989997130640608,4.030103913042694,0.9999429410087185,0.007974162913774424,0.007108266501654144,-0.007829444028534058,0.9997661155934475,-0.02015971025071777,-0.007267360802795514,0.020102906183271665,0.9997715032095826,0.0005852708327313894,0.00839219001081968,0.08554790218918376,0.027746577056326757,0.17955556973288708,0.18242833022268537,0.06301785654010669,0.05056200517616186,0.05172899172125651,0.06017090361803315,0.05763413398336539
recon_face/prnet/FaMoS_180427_03338_TA__multiview_occlusions__IMG_0245,0.8903378187690983,0.8903378187690983,2702,I,0.017177360875778102,0.01211459717307405,0.021176760852491063,60,0.0035533268507938905,0.7077278987555772,4.142212723148987,0.9999632528266316,-0.00289913967293057,-0.0080677125344942,0.00279433679392213,0.9999119620665834,-0.012971499452196654,0.008104608458434538,0.012948478880279713,0.9998833193010186,-0.0020228378885530918,0.00940061895255808,0.08402624698748748,0.028589892791219824,0.1816010758810247,0.18300588609914611,0.06080045493616047,0.049538965145058914,0.05205095201085915,0.05824504143552913,0.05706045737973769
recon_face/prnet/FaMoS_180427_03338_TA__multiview_occlusions__IMG_0246,2.6421432001831477,2.6421432001831477,2705,I,0.018981198638159055,0.013349209249897619,0.02074795066971723,60,0.0034541863795115022,0.7023747111341211,3.9202977570239455,0.9989376091166345,-0.04559217610453329,-0.006708693643000286,0.04558434416491429,0.9989596268995111,-0.0013158236374825442,0.006761705361597295,0.0010086143185265713,0.9999766307458188,0.0010178759834082159,0.010291929059171465,0.08863042674369265,0.029707565370938927,0.17272075606088183,0.17632523804701242,0.0603583082554995,0.05035037723666434,0.0571439764450495,0.06068955095093535,0.06068229355739621
recon_face/prnet/FaMoS_180427_03338_TA__multiview_occlusions__IMG_0247,4.327358042075241,4.327358042075241,2708,I,0.0190521042427318,0.012570733432741791,0.0234327390537098,60,0.0036148894339969604,0.72434974092167,4.131868239957839,0.9977645621120629,-0.06454375591501725,-0.017319993236274686,0.06389614330740677,0.9973196118429067,-0.03564932964239271,0.019574510562495855,0.03446295701032268,0.9992142628737561,-0.00034353072444999304,0.008549125866266008,0.08539030291155461,0.029681373899725128,0.1797020849604105,0.18244458734240104,0.06482748696595333,0.04822353812416927,0.06110364966656215,0.058431009778476185,0.055526787873010464
recon_face/prnet/FaMoS_180427_03338_TA__multiview_occlusions__IMG_0248,3.636640197043666,3.636640197043666,2704,I,0.01784405038976573,0.011367075138666324,0.020591587577613122,60,0.003568470946281781,0.7062601209004946,4.028328387066722,0.9982659280258377,-0.05664128437587617,-0.01602815794049075,0.05700456976723361,0.9981043927106631,0.02319698854013598,0.014683867622898323,-0.024070441539982484,0.999602419902885,0.0015565370814278562,0.0009703591871425207,0.08855723415919226,0.029194911493246285,0.18155166224936442,0.1843559456106463,0.060918521359511535,0.046797247336229995,0.05606568069783162,0.05877589506549667,0.0558694961290513
recon_face/prnet/FaMoS_180427_03338_TA__multiview_occlusions__IMG_0272,1.129862825015329,1.129862825015329,2709,I,0.01658439206112638,0.011187555253052634,0.019859760047296515,60,0.0035261790591567636,0.7079271495668394,4.0398316299542785,0.9998471280498897,0.009221384244846788,-0.014855524325873436,-0.009085563191890104,0.9999165453608609,0.009184489919856476,0.01493897827409551,-0.009048115063960234,0.9998474676378968,-0.0013900154779183705,0.00470829737732837,0.08649488407162703,0.027699097069808276,0.17829918348338775,0.18057483254035026,0.06556153898405996,0.04774114471493688,0.05676779057202965,0.05779248622782951,0.05753763764933661
recon_face/prnet/FaMoS_180427_03338_TA__multiview_occlusions__IMG_0273,2.459301589879404,2.459301589879404,2696,I,0.020426527238556997,0.014723199772470722,0.02313204580588952,60,0.0037065573428924164,0.7146542770844327,4.100826275069267,0.9993899841967866,-0.02490803709450968,-0.024479566484004192,0.02428969300012558,0.9993862776452065,-0.025240421320122705,0.02509323217734,0.02463042310956493,0.9993816447965902,0.0003893520764782592,0.008528348321969755,0.08749842982606779,0.030002083745973903,0.17410293404138882,0.17816857104076916,0.06329379196650027,0.047842655232258,0.056494640111850056,0.05962008363217486,0.05759352273506832
recon_face/prnet/FaMoS_180427_03338_TA__multiview_occlusions__IMG_0274,4.176222231934057,4.176222231934057,2711,I,0.020574218902987117,0.015634644121803005,0.02490392757112349,60,0.0036030178009030097,0.6971494712395743,4.144810480996966,0.9976678248633695,-0.06535362080883413,-0.019693031243758864,0.0648316735091424,0.9975556176883686,-0.026069977529355796,0.021348661372472547,0.02473244560394874,0.9994661278863086,-0.0017007527248128743,0.011893121238970364,0.08680104562429167,0.03249618149586483,0.18090565450342821,0.18458749145549663,0.055261814445600695,0.052492145710416674,0.05000463844394793,0.05856646161533883,0.06426145061765716
recon_face/prnet/FaMoS_180427_03338_TA__selfie__IMG_0254,8.143543946982675,8.143543946982675,2716,I,0.02432928719790163,0.017897856579635815,0.03003501355650306,43,0.0035494527882001794,0.6963917209417423,4.080195022979751,0.9999140385767388,0.004182602489579721,-0.012426636454360025,-0.00589361809023011,0.9899894947957677,-0.14101796147947634,0.011712417468703076,0.14107907722421062,0.989929044551479,-0.0006924596434803859,0.010338862444482268,0.0766338102715006,0.03375969555094889,0.1761197119720078,0.17489579599668684,0.054723770982066426,0.06045097987717168,0.050723637855846,0.06324318865574409,0.06235214219824043
recon_face/prnet/FaMoS_180427_03338_TA__selfie__IMG_0275,3.2849621438512453,3.2849621438512453,2711,I,0.017076186231603036,0.011382514910397675,0.021614196667033556,60,0.003452942992990603,0.6950954075903062,3.8731720689684153,0.9997777066341036,0.018284389748466596,-0.010498495557774656,-0.018817883265377793,0.9984069700386826,-0.05319219348349955,0.009509184342574228,0.05337792867563878,0.9985291043046451,-0.0020256662290096764,0.011933039059269818,0.08647058133580163,0.02820036700334956,0.1705119561038965,0.17529161858704898,0.05848140239110871,0.05099180781817311,0.04751070390459555,0.06071464069867834,0.05964035742021758
recon_face/prnet/FaMoS_180427_03339_TA__multiview_expressions__IMG_0289,2.99250693445752,2.99250693445752,2697,I,0.020754546267272935,0.015039893399909297,0.02548775640236888,57,0.0033549605179147334,0.6716110493787152,3.882882476085797,0.9998719422749958,-0.013208816008348046,0.009034723619747869,0.013641491626696936,0.998674249503442,-0.049635200059397644,-0.008367123605300597,0.049752090995206125,0.9987265495040064,-0.0010392836366838857,0.021040101944718503,0.08321636975195976,0.02999896293824176,0.17075827220838524,0.1740904391419662,0.05438834331958515,0.05127485307143545,0.049409646565883376,0.06400718054898161,0.061998610417231065
recon_face/prnet/FaMoS_180427_03339_TA__multiview_expressions__IMG_0290,1.7709588265272285,1.7709588265272285,2700,I,0.018728910622937783,0.013057329167336087,0.023278140703696278,51,0.003419580981258278,0.6823576315601431,3.78084731916897,0.9999996138739083,-0.0006384407799593358,-0.0006038587621362393,0.0006194818816182285,0.9995225412414929,-0.03089184022273813,0.0006232930550475334,0.030891454215030555,0.9995225508022558,-0.0006883307806615904,0.012031779881395734,0.08345438655857917,0.02787899052155573,0.1659098986927246,0.17116226839318044,0.05775184123952314,0.05278896435522464,0.05219845593923764,0.06228928713091507,0.06075328638739166
recon_face/prnet/FaMoS_180427_03339_TA__multiview_expressions__IMG_0291,3.1292884957566414,3.1292884957566414,2708,I,0.019101676361798485,0.013037440308888454,0.02498840579751033,55,0.0034079916847153556,0.6957886525267428,3.9196682260371745,0.999949628473375,-0.005822995464800454,-0.008175159923539666,0.005375921729476058,0.9985435786827715,-0.05368259435759702,0.008475846949838271,0.0536359412634912,0.9985245844861619,-0.0008015752428502906,0.011920260294294736,0.07956060270594212,0.02805858064397772,0.17934062376399135,0.1809414167028681,0.05443430108546025,0.05390296511883113,0.05175040736676819,0.06191180555631369,0.06075381615683068
recon_face/prnet/FaMoS_180427_03339_TA__multiview_expressions__IMG_0323,1.0339146286598973,1.0339146286598973,2701,I,0.017593214648864618,0.01227214891911775,0.01964992060506681,60,0.003394929444625141,0.6764134859323071,3.8876800439320505,0.9998665974403637,0.013215861601602924,0.009598350126838058,-0.013141859856945562,0.9998837438403825,-0.007732420270569267,-0.009699424855654917,0.007605248573688007,0.9999240377906726,-0.0017583266591208518,0.013336737601230483,0.0878577649131097,0.028111513531689218,0.1739993956426783,0.17761873193437908,0.05623062355187392,0.048871919681038205,0.04926976209084559,0.060623943565805166,0.0599554832259578
recon_face/prnet/FaMoS_180427_03339_TA__multiview_expressions__IMG_0324,1.3788336697785972,1.3788336697785972,2698,I,0.01819339547401929,0.012148858923761512,0.019340096499531872,49,0.0033730580453208087,0.6871442682699775,3.7597442569676787,0.9998978520449365,-0.003649626509220974,-0.013819034056911655,0.003381411798145203,0.9998064149756762,-0.019382946828011983,0.013887099415437944,0.019334239054831535,0.9997166276850638,-0.0007004583375790961,0.009858915993437689,0.08451668941833415,0.027942774235418383,0.17109133531238893,0.17592149723661565,0.057284759641026965,0.051905732043834536,0.05226410817017508,0.06220228770272645,0.059929760138980825
recon_face/prnet/FaMoS_180427_03339_TA__multiview_expressions__IMG_0325,3.1059620140126727,3.1059620140126727,2711,I,0.01653545381644537,0.01120192400749415,0.020424258098182827,60,0.0033302746313775633,0.6799309520323465,3.8061898059677333,0.999730642397333,-0.019986974175586883,-0.011796758670100738,0.019385303312645503,0.9986064808002104,-0.0490846872180886,0.012761374036243346,0.04884278213948554,0.9987249521092291,-0.0006621008786454631,0.014798053744033209,0.08437155490753864,0.026758718300335233,0.17310264591022415,0.17472467598054778,0.05347619476242866,0.0518833884639868,0.04380014860058071,0.0616694812213521,0.06032953884145907
recon_face/prnet/FaMoS_180427_03339_TA__multiview_neutral__IMG_0284,1.1473859935013428,1.1473859935013428,2701,I,0.01589866343074249,0.010528071344848712,0.020659986120260744,38,0.0034891228082094554,0.6980123229795011,3.72813083906658,0.999799501218531,0.019598030050996338,0.004107868217969898,-0.01959750655063964,0.9998079363700539,-0.00016765575521789458,-0.004110364968417596,8.711816613250077e-05,0.999991548619413,0.0007424388693904382,0.009088636918568024,0.0853665984885576,0.02695360675955409,0.17350955300299925,0.17637770106912387,0.05567806974252448,0.050892003617398734,0.04970704101649869,0.05942139179699249,0.05869661719358656
recon_face/prnet/FaMoS_180427_03339_TA__multiview_neutral__IMG_0285,1.1287275169940105,1.1287275169940105,2707,I,0.018737992683978286,0.01256677757996629,0.024485629629397064,60,0.0037008192611180306,0.7233604392184882,4.242823076900095,0.9998297158035044,-0.0004905488632103725,-0.018447188352084438,0.0003633813525404288,0.999976154086431,-0.006896318764558903,0.018450131443355694,0.006888441066205495,0.999806052206827,-0.00040725434950539415,0.0014930253186635073,0.08765008057897902,0.029512323867034146,0.17946123509500914,0.18292109689786304,0.06028595125582662,0.04991293246385105,0.04947028142322555,0.060381495817704876,0.060620879038267225
recon_face/prnet/FaMoS_180427_03339_TA__multiview_neutral__IMG_0286,1.6952089230361675,1.6952089230361675,2702,I,0.0200478486559164,0.014484966233853685,0.02197664115577173,60,0.003753073923443912,0.7302312855938702,4.353707454865798,0.9995872261651707,-0.009570211822750594,-0.027088527702473993,0.00937883651976865,0.999930218024772,-0.007183070824345863,0.027155380920831702,0.006926046967773205,0.9996072304462612,0.0005823383074880848,0.0033042003666678213,0.08681343213473103,0.031564998236082505,0.1814010843707809,0.18772851553436512,0.06364124557680167,0.04948260176483992,0.05086328695748719,0.05930313963508103,0.05831375332699386
recon_face/prnet/FaMoS_180427_03339_TA__multiview_neutral__IMG_0314,4.165988543873057,4.165988543873057,2709,I,0.022815716620307482,0.017488267502984305,0.026180147297165925,60,0.003544475683764609,0.6937058790428663,4.006867980118841,0.9986065692741215,0.046921264300160956,0.024151910049577542,-0.04565557291315218,0.9976784812587384,-0.0505293646826196,-0.026466742612952593,0.049356286223051375,0.9984305026118382,0.00045289167442840367,0.011512729992970643,0.08645406701569269,0.03275781990540958,0.1714344595410176,0.17548071843191002,0.05566788173608804,0.04941927073174607,0.050087843485585405,0.05972499390170428,0.06282433080913058
recon_face/prnet/FaMoS_180427_03339_TA__multiview_neutral__IMG_0315,1.1798037568187394,1.1798037568187394,2696,I,0.01791074258886673,0.012117564410322993,0.018725161813093246,45,0.003410999559177364,0.6931369017077353,3.786414582049474,0.9998835149874578,0.013284219531565887,-0.007515714720754787,-0.013386826762939811,0.9998155608742292,-0.013770878801692067,0.007331393151757886,0.013869886271668746,0.99987693089163,-0.001573847686622154,0.008224777304260383,0.08640907539116702,0.028036265633238584,0.17668141949763622,0.18086267418046623,0.05873435322211657,0.04948689986277514,0.05122417308813269,0.060226669438561316,0.06011295950064008
recon_face/prnet/FaMoS_180427_03339_TA__multiview_neutral__IMG_0316,1.673027270069873,1.673027270069873,2709,I,0.01611717546037996,0.011063661770806024,0.020629771747250104,31,0.003318904899998384,0.6759856566744816,3.629681601887569,0.9998721730312231,-0.012829846071874615,-0.009541103059438593,0.012592919704860947,0.9996207352451546,-0.02449089710977885,0.009851698895406392,0.024367616167915378,0.9996545219780517,-0.0016693804339407276,0.013209107253258266,0.0873698697972975,0.025884140983200625,0.16852178750569274,0.1736885468430305,0.05486318856698977,0.052814553098476755,0.044837730919586996,0.060092588197049844,0.06067526841176417
recon_face/prnet/FaMoS_180427_03339_TA__multiview_occlusions__IMG_0304,2.001216884925311,2.001216884925311,2707,I,0.018616369706340345,0.013708571724361709,0.025321179188765544,60,0.0034773953495924525,0.69907665168246,4.157041498925537,0.999970842661402,0.007566556870287631,-0.0010300699848093833,-0.007597263442406901,0.9993904914653742,-0.03407238114345176,0.0007716315387342929,0.03407921339653631,0.9994188370243191,-0.0006655736398947094,0.011503452362017233,0.0831003823207703,0.028712085446552658,0.18560215764188998,0.18791603352748018,0.056882926000899246,0.05400493687390667,0.05229916481433926,0.05886776447353937,0.0591311274197162
recon_face/prnet/FaMoS_180427_03339_TA__multiview_occlusions__IMG_0308,3.198742336248594,3.198742336248594,2697,I,0.017681361497138254,0.012300633551819583,0.021214900182084235,60,0.0035473015934134513,0.6991922189553226,4.160913613857701,0.9987100176386005,-0.04331562448597004,-0.026496364726072027,0.04269038269844807,0.9988066215941109,-0.023724752576580542,0.027492397010203073,0.02256300811395449,0.9993673392559334,7.877240916535189e-05,0.006345457134027559,0.08464504062429812,0.029823635092038118,0.1817834324207381,0.18498384999595185,0.05946546998292995,0.049170347551052665,0.05069459050115524,0.06211341398231046,0.05851592619861204
recon_face/prnet/FaMoS_180427_03339_TA__multiview_occlusions__IMG_0327,2.444781943723787,2.444781943723787,2707,I,0.01835802479126101,0.012902201684473825,0.02281647639479788,60,0.0033665780759925177,0.67,3.9046835771296173,0.9990955180504674,0.04090558490378209,0.011613739068364475,-0.04086605097772834,0.9991580715716765,-0.003621310626709368,-0.011752092960587514,0.0031434275638040406,0.9999260008491613,4.430009733041084e-05,0.01543276912091044,0.08776320133210685,0.029865755464374356,0.17169261327618793,0.17485731251053177,0.05564141132655642,0.051363242742063116,0.04410386466398957,0.06319231357346122,0.06387852752909595
recon_face/prnet/FaMoS_180427_03339_TA__multiview_occlusions__IMG_0328,4.773099243948872,4.773099243948872,2698,I,0.019072397260078842,0.013587069951723199,0.025222851912404132,60,0.0033183155893836093,0.6722932304142888,3.94004344381392,0.9968790640811349,0.07684784787237159,0.018070414331337048,-0.07634474382816663,0.9967143809155615,-0.027054074848716754,-0.02009008926144821,0.025590059661774713,0.9994706284628744,-0.001974630334996583,0.013041105811451445,0.09224281328804107,0.03280377980439494,0.16616949892144925,0.17341715261252827,0.056420584878070966,0.052445450908660526,0.0520021212625046,0.060749061157408565,0.060333182628750856
recon_face/prnet/FaMoS_180427_03339_TA__multiview_occlusions__IMG_0329,2.184183709077839,2.184183709077839,2708,I,0.01613400092796662,0.011083166112187341,0.021801302929260195,56,0.0033803162753810842,0.6871582973012814,3.8597948930691928,0.9999395444264311,0.010921173538147264,0.0012788513637721566,-0.01086723000577125,0.9992745673453964,-0.03649989546109813,-0.0016765453356873607,0.036483791267069327,0.9993328385330478,-0.0015445179304898829,0.01056740158190414,0.08371734058260802,0.026806641873930965,0.17614418197360424,0.1758994311936806,0.0561523498657024,0.05047586033646174,0.04909648268507604,0.06022914954271816,0.06035196366640924
recon_face/prnet/FaMoS_180502_00145_TA__multiview_expressions__IMG_0397,2.2249425021325693,2.2249425021325693,2700,I,0.02119338311298934,0.01588390690485243,0.02429106246522617,37,0.0033462274971350226,0.6786337342344088,3.6392351030372083,0.9995612557748974,0.029250567421084134,-0.004658353706492831,-0.029358301556301307,0.9992553177801644,-0.02503797151911149,0.003922509839306945,0.02516374760657033,0.9996756472591264,-0.0002508918095317738,0.01851223302613545,0.08256410007377382,0.029383871450365067,0.1665037221010623,0.16738297414995718,0.05339389107446042,0.05631059304258231,0.04950822245890007,0.06371305782833404,0.060580645814172863
recon_face/prnet/FaMoS_180502_00145_TA__multiview_expressions__IMG_0398,2.9373552588062197,2.9373552588062197,2695,I,0.021137193727779443,0.015053272087314024,0.02384047244126639,60,0.0033832616391924406,0.6816543216347954,3.902514891931787,0.9999861986073336,0.0021770883690775274,-0.0047815145181806795,-0.0024179936394797545,0.998697320041714,-0.05096877719013318,0.0046643222030408734,0.05097963542171758,0.9986888008136743,-0.00011560338549553636,0.01307313597156999,0.08049346766183069,0.02949110376944145,0.1717697917893468,0.17446327811507203,0.05497309630338373,0.05567826312591028,0.05275651498989129,0.06231260952861615,0.060845744961412304
recon_face/prnet/FaMoS_180502_00145_TA__multiview_expressions__IMG_0399,3.3173164232125436,3.3173164232125436,2702,I,0.020583500843765506,0.015051136223470738,0.023010841927714624,30,0.0033522801157056963,0.6868826586334233,3.5750197761226445,0.9999484517274277,0.000496060671421716,-0.010141391015566947,-0.001073011965747085,0.9983756137896013,-0.056964747305316636,0.010096659509051349,0.0569726927049045,0.9983246815303682,-0.0006877119103113281,0.014305772007820426,0.07936321649137096,0.028733043928597875,0.1669983790085618,0.1685586356497977,0.05455625570290571,0.055337660092239525,0.049111145314824724,0.06199751615576054,0.06219257388216068
recon_face/prnet/FaMoS_180502_00145_TA__multiview_expressions__IMG_0406,1.4710069619531234,1.4710069619531234,2699,I,0.019101571541214727,0.012881060241557735,0.020500078642992532,60,0.0032623672324778754,0.672357920816906,3.775532481027767,0.9998113656659988,0.008074760275042534,-0.017664408611454706,-0.007777064370984747,0.9998276622665235,0.01685713606843523,0.017797481699987766,-0.016716578990953003,0.9997018583717742,-0.0018468497891542847,0.01570308500985651,0.08405055124692956,0.028537212831059575,0.16682853479116916,0.16985883727466697,0.05533217048072965,0.05231700229148233,0.04984863906502245,0.060449645633744754,0.061068378948895295
recon_face/prnet/FaMoS_180502_00145_TA__multiview_expressions__IMG_0407,0.474690559252775,0.474690559252775,2702,I,0.016794507940748025,0.011687753534012087,0.022298457338841816,44,0.0033835877105032643,0.6895430316088472,3.807195961009711,0.9999873768865336,-0.003477291709128374,0.0036269146613033807,0.0035011079618062243,0.9999722160543127,-0.006580984916313666,-0.0036039298870160163,0.006593600063591934,0.9999717676652533,-0.0009443961890755509,0.010095745764697989,0.08310061088763057,0.02669363291690402,0.17418207860798182,0.17620627922467452,0.055556995252626494,0.05524813751515649,0.05078549168658207,0.06027493211769866,0.05825184181188238
recon_face/prnet/FaMoS_180502_00145_TA__multiview_expressions__IMG_0408,1.9874917267414702,1.9874917267414702,2703,I,0.018070844153655254,0.013358577610965013,0.02531374420885196,60,0.0034356415702870334,0.6933742531145206,3.905746347969398,0.9995424651720111,0.029996920387729113,-0.0038787994420982023,-0.03005843895735943,0.9994049905412187,-0.016916120381284042,0.0033690600033948097,0.017024971323313168,0.999849388551163,0.0006915721112451275,0.012303892453869501,0.0842396742971972,0.027247711508689435,0.17363308486980736,0.17705801023738785,0.05310518866760292,0.053903368949029626,0.04992371995947237,0.060984483456108456,0.05864215471453961
recon_face/prnet/FaMoS_180502_00145_TA__multiview_neutral__IMG_0388,2.2156752310005956,2.2156752310005956,2703,I,0.015221157098515539,0.010092992337402152,0.02157530087360891,60,0.0034217179809039374,0.6753147820158109,3.8947887239046395,0.9998949477695548,0.014492013453791176,-0.0002738082801930666,-0.014472886415559051,0.9992525190445687,0.03584604220672912,0.0007930849396432205,-0.035838313703903855,0.9993572866033148,-0.0019164532973319414,0.015835244230507084,0.08811078754865548,0.0273305721701101,0.17257022519470472,0.1764225336105938,0.05757185540768317,0.04995993351669615,0.044895321435108076,0.05883418906375499,0.058464250776576146
recon_face/prnet/FaMoS_180502_00145_TA__multiview_neutral__IMG_0390,1.0372468925257816,1.0372468925257816,2701,I,0.017038480605546115,0.011774136692067897,0.02379941128164695,60,0.0034423098395920965,0.6891091558366217,3.959269740153104,0.9999316150152304,0.011215304079244787,-0.003313947411023054,-0.011168439499527848,0.9998418892665447,0.013836994870709622,0.003468609545385214,-0.013799037006861557,0.9998987725392531,-0.00043880780439370913,0.009004581972758358,0.08702760004666615,0.02795850520292608,0.17807503624903262,0.1811875077683096,0.05574066565831626,0.051126203905816195,0.05110654929984737,0.05728547034052639,0.058816364104700335
recon_face/prnet/FaMoS_180502_00145_TA__multiview_neutral__IMG_0392,1.4872717035031926,1.4872717035031926,2710,I,0.015586133522187335,0.01010322409535435,0.02258456407763383,41,0.0034099335754958233,0.684970474508248,3.819330709055066,0.9999772472334069,0.001284847957245301,-0.006622248955357547,-0.001450420130674278,0.9996849329330217,-0.025058554390563866,0.006587966070382124,0.025067589282319863,0.9996640509044169,-0.001191394544707204,0.01267574853803835,0.08277085738149095,0.026385002553322576,0.17858270144925598,0.17924958978931999,0.05438135202209387,0.053770791204442434,0.04975413110033113,0.05938408010179875,0.05828324971468496
recon_face/prnet/FaMoS_180502_00145_TA__multiview_neutral__IMG_0394,1.233885749618625,1.233885749618625,2702,I,0.01575990077634437,0.010625700995424685,0.022445255949595514,60,0.0035103875244164406,0.6943562369770018,4.051069907145575,0.999798538916359,0.01672812343942074,-0.011092856571219601,-0.01664109227600666,0.9998303797791909,0.00789213015992619,0.011222995525953803,-0.007705942953025769,0.9999073271131826,-0.001302937701742838,0.014237277102281377,0.08462768827053635,0.02704734576616781,0.17312525690649153,0.18090568067380233,0.05740633959316547,0.05659651502184009,0.04770454825325394,0.059432888152264184,0.05912688622005331
recon_face/prnet/FaMoS_180502_00145_TA__multiview_neutral__IMG_0395,1.2972517682508518,1.2972517682508518,2702,I,0.01833804327081551,0.012869819366836108,0.02457824190157291,60,0.0035267973791205235,0.692129157348078,4.132889862172306,0.9997663905628961,0.020226243449527375,-0.007619932857927048,-0.02017444551351518,0.9997732527150526,0.0068143160909358725,0.00775603307503733,-0.006658996282130721,0.9999477494946692,0.0009764815376369449,0.013009715175913122,0.08348352196777004,0.029103521679694065,0.17812040224158474,0.18162170764501834,0.058718965699509976,0.05336509976081005,0.04614674827525183,0.06142117430065727,0.059100609063326655
recon_face/prnet/FaMoS_180502_00145_TA__multiview_occlusions__IMG_0412,1.1274889325864659,1.1274889325864659,2699,I,0.016477265541407837,0.01125021736835653,0.022296434402728778,60,0.0034547742421622363,0.6925776245651211,4.026717314030975,0.9998200748537397,0.0025101608166732026,-0.018802048083532256,-0.0024117454069392886,0.9999832833577595,0.005255139306084937,0.01881492502119338,-0.005208848021270016,0.9998094150880645,-0.0023363228532373268,0.01496986877189918,0.08699830583488927,0.02741010863985452,0.1764087341001955,0.1801594784570195,0.058523935634670066,0.05113902999597744,0.045794690798503804,0.059489088257240856,0.05848750137881776
recon_face/prnet/FaMoS_180502_00145_TA__multiview_occlusions__IMG_0413,1.7663091425939264,1.7663091425939264,2701,I,0.01665287126080372,0.012017495072667316,0.024694793745073162,60,0.00344189815042679,0.6898210218307139,3.972805252065882,0.9999194130844796,0.010781976272536914,0.006701964223068607,-0.010589471120114715,0.999548338612831,-0.028124400042055585,-0.007002173818543615,0.028051163326816987,0.999581963521665,-0.0006112832175616207,0.014089960999085348,0.0820974015296293,0.02760773335431276,0.1754265806329184,0.17805097056917704,0.054781033250524185,0.055032959751591566,0.049750177146011966,0.0590124667165627,0.06010642165852516
recon_face/prnet/FaMoS_180502_00145_TA__multiview_occlusions__IMG_0414,1.56746964867377,1.56746964867377,2702,I,0.017020710764536155,0.011817193447880767,0.022278021374305877,57,0.0033711527796698145,0.6867494891124267,3.872160472907126,0.9996590392631741,-0.025355499028388396,-0.006237298169040941,0.02530380210573018,0.9996459118706653,-0.008232161275233877,0.006443820173015881,0.008071527072915965,0.9999466623936946,-0.0006977499208821671,0.01376782191244997,0.07981254986353198,0.026943571000985538,0.17557580608841264,0.17629659343962473,0.054045711662690434,0.054509102879854096,0.04808117629081797,0.06313038561686503,0.060371210521428666
recon_face/prnet/FaMoS_180502_00145_TA__multiview_occlusions__IMG_0415,1.3195085429344995,1.3195085429344995,2698,I,0.016415728934788005,0.01099474731539637,0.02268757412241824,49,0.0034910447845901806,0.6890790972691966,4.027608752949163,0.9998798406813916,0.011599398166186041,-0.010283878701019464,-0.01177285154759967,0.999786694106775,-0.01696956845309175,0.010084848307891567,0.017088599978589913,0.9998031184115093,0.0003282876195779046,0.014761659943051467,0.08438676469252246,0.02799014347011646,0.1773671209644862,0.1804023626806329,0.05623513693648682,0.056181700333552666,0.05090714840637383,0.061002332518686114,0.058534569973335365
recon_face/prnet/FaMoS_180502_00145_TA__multiview_occlusions__IMG_0416,1.42715091894569,1.42715091894569,2707,I,0.0175438116352843,0.012370745850063153,0.022873918171151388,60,0.0034826386645817314,0.6941643053636004,4.032666271086782,0.9999359819912692,-0.011308984697019209,0.00037253761954394874,0.01129793456993837,0.9996899237884165,0.022190379680448805,-0.0006233727687174743,-0.022184750190878278,0.9997536937993076,0.0021056323335737204,0.013563874924774164,0.08441820044474715,0.02853325877859382,0.17604334600924626,0.17665498586272083,0.061771031278220645,0.05020746575112709,0.04796066821007321,0.060396720514188304,0.05850074984269508
recon_face/prnet/FaMoS_180502_00145_TA__selfie__IMG_0418,2.228014224106711,2.228014224106711,2712,I,0.017358236896472194,0.01207582522642374,0.023640136360750057,49,0.0033739876283248997,0.6818270182835098,3.843685603933409,0.9999328334238596,0.010806706958195333,-0.0041885230872534766,-0.010954700843686447,0.9992519769496712,-0.03708747890596002,0.003784596459082414,0.037130871884382,0.9993032448575094,-0.001833251539447083,0.015176596531628603,0.08224105811986604,0.027788011410951514,0.17359630602972523,0.17872532124953486,0.05498134465035241,0.05429674678949052,0.04902912890262839,0.060698036272969186,0.059418525738847504
recon_face/prnet/FaMoS_180502_00145_TA__selfie__IMG_0421,1.7540855221194767,1.7540855221194767,2708,I,0.01797433578728082,0.013148572330122333,0.023280664165398566,60,0.003347141043656898,0.6751474479473756,3.938480965094641,0.9996968155508249,-0.009868873318604159,-0.02255842009012041,0.009456930120073514,0.9997878983956922,-0.01829548289142706,0.02273419121598681,0.01807660258311281,0.999578107497762,-0.0023794064567816066,0.016244446170860967,0.08584256400704598,0.028643422718644167,0.17232488866580142,0.1733772584089628,0.05279667676519943,0.05589131801178943,0.04492971902012478,0.0627758954662452,0.059980870707614764
recon_face/prnet/FaMoS_180502_00145_TA__selfie__IMG_0422,1.4400457406852543,1.4400457406852543,2712,I,0.015791307901886667,0.010509576745276398,0.022621939199069768,53,0.0034377326220737304,0.6909326756577645,3.848159607965499,0.9996866801388486,0.024942560099669896,-0.002100059199788127,-0.024947203944598213,0.9996863163736269,-0.002214920015514067,0.0020441546699998467,0.002266616642235399,0.9999953419294922,-0.002242080033537839,0.015204257316525027,0.0852805542246535,0.026437190363185897,0.17549564089489245,0.1773098877087458,0.056501892429799236,0.05123495801895121,0.0475973066640599,0.060647643994345656,0.058423401837869836
recon_face/prnet/FaMoS_180502_00145_TA__selfie__IMG_0436,1.334077678920698,1.334077678920698,2707,I,0.016706668954744562,0.011497740002671513,0.019724748761313148,60,0.003547478799636141,0.7044994263056613,4.055758741917089,0.9998250619758283,0.01781639976163329,-0.005693974408562377,-0.01773573686416656,0.999745861107415,0.013916063972217165,0.00594046150704926,-0.013812642691660005,0.9998869545198377,-0.0023089418633930867,0.009868835009003131,0.08564079408589223,0.027991387406186796,0.17856125074885232,0.1825175445443955,0.06095170816578047,0.04913628852676356,0.050192494621328125,0.05883605581179308,0.05860449218023206
recon_face/prnet/FaMoS_180502_00145_TA__selfie__IMG_0437,1.2188767480229998,1.2188767480229998,2708,I,0.01651745252639704,0.010942635909837272,0.02343434858786071,60,0.003545756367229406,0.7034964815082058,4.053806972922757,0.9998362966412786,0.01763825560968878,-0.004033839077051265,-0.017592026891600505,0.9997822686989299,0.011222111435283798,0.00423089925399665,-0.011149310932429872,0.9999288936505607,-0.0014187418798285252,0.009462872298827162,0.08654610533075413,0.028883503272865468,0.1757050099779104,0.1807315639385742,0.06072762817666361,0.049870151988825384,0.04631364113589397,0.05763839253576395,0.05831134120545895
recon_face/prnet/FaMoS_180502_03340_TA__multiview_expressions__IMG_0341,4.13726301162413,4.13726301162413,2707,I,0.019146194769012453,0.012975553742102098,0.02481427258203117,60,0.0034380349112442614,0.6803033828550733,4.017433077096939,0.9995016825836569,0.03156431708038654,-0.0002835483873318434,-0.03151617712416777,0.99739434764316,-0.06489411274493959,-0.0017655287925235335,0.06487071123953903,0.9978921152766762,-0.0016571695584084796,0.012059174381168318,0.08475972685230387,0.02995224111781466,0.17635587127889032,0.1773251629024453,0.0554167425253054,0.049962094878664674,0.04678400719979033,0.06188933211180586,0.0606674014727278
recon_face/prnet/FaMoS_180502_03340_TA__multiview_expressions__IMG_0342,5.49130967600011,5.49130967600011,2703,I,0.01855185432369729,0.012941134800290657,0.026133667367158192,60,0.003394312661505597,0.6763713308262153,4.011564469197765,0.9999321943583598,0.008835905674587443,-0.007585081185137074,-0.009516447982240895,0.9954363320016876,-0.09495233619467604,0.006711475506669995,0.09501808092113463,0.9954529222392123,-0.000606611953889085,0.0212554842097816,0.08202404529102608,0.02809449791946663,0.17340026065469022,0.17661478476861842,0.055038290269546375,0.05267919301962692,0.0482327920580361,0.06251709530334501,0.06210949297275146
recon_face/prnet/FaMoS_180502_03340_TA__multiview_expressions__IMG_0343,5.560871231202518,5.560871231202518,2705,I,0.016721537208780394,0.011001470707216195,0.023522460325689297,43,0.0033763037780350923,0.681050344841021,3.770481413928792,0.9996508819079212,0.020256463973056988,-0.016964373493425704,-0.02175021870455849,0.9954218374518847,-0.0930714430435998,0.015001409501112782,0.09340792895264512,0.995514900200774,-0.001739057099914552,0.015847326463670458,0.08034885040642192,0.02667818457467015,0.17032282048816702,0.17309769577000234,0.05456791524433012,0.05263049773621263,0.04810055345735244,0.06228938340937935,0.05898042070169084
recon_face/prnet/FaMoS_180502_03340_TA__multiview_expressions__IMG_0344,4.292535674793103,4.292535674793103,2705,I,0.018988155255408822,0.014043414320910547,0.025930082645428735,52,0.0034428348222079333,0.6859957003966017,3.9523215289227664,0.9996507041739312,0.019102138892412635,-0.018264116028417262,-0.020334548367326188,0.9973495093101494,-0.06986030648015276,0.016881225881475195,0.0702072971174577,0.9973895726566421,-0.0017774178323106322,0.01906591622423426,0.0800988928141578,0.028782285391957492,0.17162931050162752,0.17478541164955164,0.05289769352409788,0.05655769878838411,0.04781908058603649,0.06305564480008917,0.059924909980699936
recon_face/prnet/FaMoS_180502_03340_TA__multiview_expressions__IMG_0345,2.6691690760647395,2.6691690760647395,2703,I,0.016819675653271863,0.011782423722230843,0.01959562222340146,46,0.003495522610077204,0.6926818258731988,3.9517013269942254,0.9998228735433752,0.013671639284823936,-0.012934752364628294,-0.01421027292557677,0.9989949769653576,-0.04251004753427561,0.012340570604685151,0.04268632424151127,0.9990123062504781,-0.00038927923508076515,0.014011960520441166,0.08172650632066294,0.02753089322008417,0.17738900961939652,0.18130639494386902,0.06045531197186277,0.04901826403709776,0.05054708402200882,0.062234805716325635,0.05605722579112644
recon_face/prnet/FaMoS_180502_03340_TA__multiview_expressions__IMG_0381,5.4246417423020326,5.4246417423020326,2702,I,0.016835452389367914,0.0110109935020629,0.023466929028675296,60,0.0033582074805411557,0.6781745138215481,3.8711275360547006,0.9996030188948171,0.02811712544199091,-0.0017977411513979077,-0.02816461656202294,0.9955215366148524,-0.09024203294428615,-0.0007476565269593638,0.09025684125252026,0.9959182414319132,-0.001871245015835034,0.016465306495558767,0.08414148368097749,0.027385161691760227,0.17137059054254314,0.17127758733614126,0.05584672638215906,0.050672039955481155,0.04783594915108338,0.06260418996134415,0.06105281154252155
recon_face/prnet/FaMoS_180502_03340_TA__multiview_expressions__IMG_0382,4.404886324199729,4.404886324199729,2701,I,0.018887476423779196,0.014049385918635606,0.02429414629697909,60,0.0034722374896729823,0.6827561020218448,4.10789367207326,0.999516797581233,0.028467216504914104,-0.012481543871584986,-0.02927380443360008,0.9971120386341965,-0.07007586449513246,0.010450632848746293,0.07040738594223747,0.9974635754140807,-0.001558773889882778,0.01586971490427018,0.08042698362887749,0.02964937726333549,0.17848117876982536,0.1797109522369025,0.05583578832611881,0.05324696765525553,0.05187793770692853,0.062321978764753976,0.05916227567757078
recon_face/prnet/FaMoS_180502_03340_TA__multiview_neutral__IMG_0331,2.120659543976533,2.120659543976533,2704,I,0.01828900560759598,0.01308120222839012,0.0202323091923721,60,0.0035378471975516896,0.6992872874778608,3.851505656959489,0.9996212131683144,0.025842044653114495,-0.009466726575468392,-0.026068368317559768,0.9993569510071734,-0.02461959883723353,0.008824418233985117,0.024857055372523557,0.9996520676920742,-0.0034524576775498794,0.010105593946632706,0.08609082333312776,0.02799189639711446,0.17083611734267223,0.17627434560215643,0.057129931493477,0.0496319820480042,0.055471440487384685,0.06010275388458509,0.05635005486385222
recon_face/prnet/FaMoS_180502_03340_TA__multiview_neutral__IMG_0333,1.5315515424891666,1.5315515424891666,2695,I,0.015207172690601236,0.009779690228903331,0.021644451108581566,60,0.0034897663345725295,0.7007071497497737,3.9819972761906683,0.9996774982385801,0.02482657425429781,-0.005342352127062593,-0.024870245785734515,0.9996564831947166,-0.00826961192132009,0.005135210804908331,0.008399810567383266,0.9999515352217933,-0.0016303666709940106,0.012526528780620258,0.08610326946308491,0.02596802009705761,0.17949918368519033,0.18199464506604174,0.0609401572252479,0.04836424653882344,0.04782492230518638,0.060243414609801406,0.05777389792141085
recon_face/prnet/FaMoS_180502_03340_TA__multiview_neutral__IMG_0334,2.1168170763587453,2.1168170763587453,2707,I,0.015882033918521388,0.0105014127842769,0.022107424200055445,58,0.003426400871898225,0.690236182338033,3.9724643919616938,0.9997234974685814,0.023232574272197465,-0.0036298900636738693,-0.02332656294884351,0.9993230362020913,-0.028448915213529283,0.0029664912238485993,0.028525721875524605,0.9995886569591008,-0.00189226400904096,0.011905340213022926,0.08494101749650543,0.02683546607951998,0.17733121801911864,0.18006321023006186,0.05761724095336203,0.05014598873787317,0.04743344210871459,0.06034749983236509,0.05859775563238039
recon_face/prnet/FaMoS_180502_03340_TA__multiview_neutral__IMG_0338,2.6161790204634956,2.6161790204634956,2704,I,0.017738334997039525,0.01202616053403759,0.020979413618491285,60,0.0035494340976626854,0.6998902639481296,4.1374842000659555,0.999287959906328,-0.010613526806883574,-0.03620671532973622,0.011540614086730733,0.9996083778508187,0.02549323747498828,0.03592196281872894,-0.025892932996757195,0.9990191032247959,0.0002862724560393609,0.009202692963293561,0.08978144782731565,0.031210293920706712,0.17692402978043995,0.1801217067516512,0.0673533290520142,0.05080678524289297,0.05244239389701035,0.060086726242485136,0.05704566593014849
recon_face/prnet/FaMoS_180502_03340_TA__multiview_neutral__IMG_0373,1.7675831085311395,1.7675831085311395,2703,I,0.015835965843525757,0.010858731169146013,0.017382388782728013,60,0.003447829371420863,0.6904537861292539,3.8808788768947124,0.9998271052462273,0.012057436512511245,-0.014155487970972814,-0.012402200470896256,0.9996222647426264,-0.024525767150139287,0.01385442306374741,0.024697085973246168,0.999598974042091,-0.002122379305204535,0.0139291294932491,0.0858193763556116,0.025874411832899877,0.1736597094623211,0.17511914442976695,0.05912711475107496,0.04932809076062074,0.04977608363666133,0.0592496073101168,0.060339152744248045
recon_face/prnet/FaMoS_180502_03340_TA__multiview_neutral__IMG_0375,1.9821393630982165,1.9821393630982165,2703,I,0.021331277524318768,0.016744026831974786,0.026827165216813185,60,0.0035998833935831052,0.7057923059525356,4.231700042961165,0.9998547126569499,-0.006618602321701758,-0.0157082042575198,0.006142796817914738,0.9995265821619134,-0.030147596902216463,0.015900302668270756,0.030046724530834967,0.9994220203297631,-0.0017013415359305004,0.01614295452494921,0.08517140554907898,0.032368641300068356,0.1799299379975816,0.18488105402972616,0.05834264840911487,0.0516819124174559,0.04796315137306958,0.06403392266310806,0.059886992552150596
recon_face/prnet/FaMoS_180502_03340_TA__multiview_neutral__IMG_0376,1.3353304925953418,1.3353304925953418,2705,I,0.020817800331119466,0.01569065577778039,0.02336967134450785,60,0.003596946227964814,0.6980634857129208,4.145326353143901,0.9997967183733368,-0.013509127855206608,-0.014967477893710777,0.013333279667848419,0.9998416345263832,-0.011786836764336386,0.01512433744684312,0.01158487514830632,0.9998185060722734,6.819042655477513e-05,0.013605542301554939,0.08621634734452499,0.031523383619691106,0.18054453299915818,0.18280712629960025,0.06168531582008841,0.04727729430969002,0.048594922460271674,0.06170388244283106,0.0577267370778194
recon_face/prnet/FaMoS_180502_03340_TA__multiview_occlusions__IMG_0357,4.606227602091857,4.606227602091857,2707,I,0.02425764970907665,0.018533365802350894,0.02429248366644353,32,0.0035608848261132,0.7142352289397226,4.006938270991668,0.9968228472725542,0.042066607820215256,-0.06763587555386386,-0.042759256374041994,0.9990464250404214,-0.008825338990265412,0.06720012760238256,0.011689359283312365,0.9976710388348302,-0.0011727035012748968,0.0205636203021419,0.08242311841218489,0.03339630064855955,0.16651744579350605,0.1814970249138171,0.063917112394743,0.05669012755322387,0.05695455308909563,0.06476483399983816,0.06363086440208936
recon_face/prnet/FaMoS_180502_03340_TA__multiview_occlusions__IMG_0359,3.105985809661595,3.105985809661595,2699,I,0.018771639373500418,0.012666020560564234,0.027539750843938098,41,0.0036835538306081946,0.724384377127688,4.028440181165934,0.9998510049315034,0.017159367068803603,0.001877247788779874,-0.017040289073158597,0.998533700695776,-0.051381680812343206,-0.0027561723033244505,0.051342036350308706,0.9986773246738098,-0.0010805482765968225,0.007828227369622909,0.0826555258836183,0.02978019859877249,0.1816805634592304,0.1838183954078453,0.05939140506706759,0.0469114031975698,0.04628452470719971,0.06129970476864682,0.0601452460619001
recon_face/prnet/FaMoS_180502_03340_TA__multiview_occlusions__IMG_0360,2.3789611175751695,2.3789611175751695,2704,I,0.01986414633831612,0.013636609518711205,0.029282082140217124,50,0.003736629607497577,0.7348501301458095,4.3243332910351455,0.9998676488498648,0.014888090368184672,-0.006559691199440849,-0.015127752453794925,0.9991578231329813,-0.038141782573170795,0.005986308473504885,0.03823596784901761,0.9992508067915226,-0.003579876789335308,0.002724831506713106,0.08289159280239478,0.03128494329319719,0.18521937384070408,0.18687985983795494,0.06416947789296124,0.05375177940494583,0.048641421484296704,0.05832985270257104,0.059854881785646206
recon_face/prnet/FaMoS_180502_03340_TA__multiview_occlusions__IMG_0361,1.2846419940754181,1.2846419940754181,2699,I,0.0166983195665973,0.011697459234951748,0.02169291317079772,59,0.0034460829475916025,0.6901929689472799,3.941829498158768,0.9999222305518513,0.007616317757585977,-0.009875451990988545,-0.0077989907873037565,0.9997967164437501,-0.018593050610240937,0.009731833892457768,0.018668623198053506,0.9997783623968758,-0.00039761617463440063,0.01624936452612516,0.08521933660777184,0.027880487642702925,0.17222422684976674,0.176359065482846,0.05692682195918941,0.050101464742002846,0.04641532415851729,0.06139152337372671,0.059182056487135364
recon_face/prnet/FaMoS_180502_03340_TA__multiview_occlusions__IMG_0362,3.0752408297188163,3.0752408297188163,2701,I,0.01859258038122138,0.013676980625092712,0.02100263024159445,60,0.003539554249470622,0.6924519690862463,4.116874890867621,0.9991682808596536,0.016320993816795297,-0.03736805701125283,-0.017614561128072356,0.999247608799615,-0.03455348816714482,0.036775994347257396,0.0351829712941325,0.9987040025806881,-0.00021906334405369436,0.009828530688397515,0.08627183035043531,0.029296588477422624,0.17690187468975777,0.18087221446249344,0.06051882563522262,0.05006903038023865,0.05271180379547054,0.06171183285467225,0.05940289724141519
recon_face/prnet/FaMoS_180502_03340_TA__selfie__IMG_0365,5.3735310629142,5.3735310629142,2712,I,0.02059703688240623,0.014400656578104876,0.027794258148872486,53,0.003484415267804065,0.6998543659961066,4.08311855699867,0.9996558056568642,0.024830667448782946,-0.008468067700108304,-0.025491537934078465,0.9956322903160457,-0.0898138295240765,0.006200944305596137,0.0899987801810249,0.9959225712150752,-0.0006549179239513258,0.011242984330158183,0.08033112774816875,0.03054136591352566,0.17635568128595402,0.17697411836305632,0.05649444856516075,0.05309196409076184,0.04629151582650193,0.06132665209156947,0.060812173935537145
recon_face/prnet/FaMoS_180502_03340_TA__selfie__IMG_0367,5.723155417918417,5.723155417918417,2705,I,0.01829650092222629,0.012621134255619533,0.02471759025560774,60,0.003384439723836993,0.6816749224193925,3.9998278860002756,0.9996991615861041,0.01818959806978935,-0.016453718306198475,-0.01969513968210507,0.9951363332767921,-0.09651828668870625,0.014618064062747328,0.09681330856075758,0.9951952047154251,-0.0028636980284326738,0.017494508233113874,0.08157480048206131,0.0280637731105565,0.17272237212354155,0.1745972257997423,0.05449526375756953,0.05446632167093946,0.04867921587904116,0.06124139999551084,0.060998938326312584
recon_face/prnet/FaMoS_180502_03340_TA__selfie__IMG_0384,6.7599643776766785,6.7599643776766785,2706,I,0.02333561070639167,0.017447572135924145,0.03060079017260292,46,0.003547588270254732,0.7122347263260566,4.1630615359172225,0.9998265415203326,0.010317358112771121,-0.015506095351909418,-0.012049881491144228,0.9931587045356862,-0.11614899035741476,0.014201662844154923,0.1163156899415133,0.9931107556792901,-0.002498011571801223,0.011247905299184291,0.07661451159184357,0.033245429607406334,0.17529759468159647,0.17615317782485446,0.058422201110200786,0.05535345643391907,0.05300377210724647,0.0626149514797622,0.06100527273111146
recon_face/prnet/FaMoS_180502_03341_TA__multiview_expressions__IMG_0451,15.221186116776952,15.221186116776952,2714,I,0.0332311416274013,0.02557555777081099,0.04162120451301125,60,0.003498530108854256,0.67,5.436793636996299,0.9941979615964998,0.09291753250639963,-0.054191745776346854,-0.10322504828273546,0.9658266719998752,-0.23774656477155112,0.030249009312586908,0.24196109564673554,0.9698143253370917,-0.005242825172165169,0.029746003652336997,0.07489217372025223,0.040354189687588624,0.16646871313833358,0.1687182454531573,0.05074237102409351,0.07405868715042645,0.2667307471212794,0.08428438387207954,0.06725055754747016
recon_face/prnet/FaMoS_180502_03341_TA__multiview_expressions__IMG_0452,7.680289853808323,7.680289853808323,2714,I,0.02465958589616457,0.01772666673077928,0.044124686711424936,60,0.0033854339284406522,0.67,4.238335995003581,0.9998854202332043,0.008356709671155552,-0.012621878170064984,-0.00995883986489979,0.9911016916727069,-0.13273378722858958,0.011400347083015953,0.13284427788569286,0.9910713546054167,-0.0005192922685538177,0.02611217926540574,0.07655166143045578,0.03312906621058974,0.1649270975038489,0.16498050126539698,0.052372903919523275,0.0584752132492219,0.05453116153993769,0.06592083894462865,0.06396982027658399
recon_face/prnet/FaMoS_180502_03341_TA__multiview_expressions__IMG_0453,4.692158064264022,4.692158064264022,2711,I,0.0197828904405184,0.014563563780782477,0.026237247218636645,60,0.003340852306294651,0.6703241340693791,4.003192499978468,0.9998546804195092,-0.0015278084372347736,0.01697892354009681,0.0028814742897757067,0.9967914774895665,-0.07999029634953207,-0.016802236432055737,0.08002759652487215,0.9966510265109516,0.00025013405928184544,0.018702498671568625,0.08351058233459732,0.030033098235856922,0.16861048697067457,0.17018674033374834,0.05537393857371123,0.05328111414551805,0.050370055603159596,0.06075931984671834,0.06427603915239803
recon_face/prnet/FaMoS_180502_03341_TA__multiview_expressions__IMG_0479,3.737406461314315,3.737406461314315,2711,I,0.01802640157650419,0.012690879735255994,0.023635268259937402,60,0.00340483378461894,0.6829417216501116,3.964561903150752,0.9999304830323688,0.011722819116703894,0.0012667338361503602,-0.011617489366312517,0.9978746228877311,-0.0641191932068048,-0.002015699252920016,0.0641000195680547,0.9979414433963033,0.00012415119114912238,0.013761624691670651,0.08414071822460406,0.0280686719465544,0.1723344980428638,0.17542724501684293,0.056864088037083885,0.051997581750785296,0.04722761103637883,0.06094260651572806,0.05972341607473175
recon_face/prnet/FaMoS_180502_03341_TA__multiview_expressions__IMG_0480,3.6676360991791155,3.6676360991791155,2705,I,0.01912761201526994,0.013540518237639444,0.025864172979492832,53,0.003469094099230802,0.6939075602111863,3.8817398292012513,0.9998322095896841,0.017772019161695973,-0.00443936954168351,-0.01801072168253822,0.9979594863488842,-0.061257469020069524,0.0033416420343096846,0.06132714685346891,0.9981121252080485,-0.0010545389397772784,0.010826032029964926,0.08799090612262797,0.028858461492795303,0.17464016845168023,0.1792677487294491,0.05504749981967209,0.0481569450119634,0.04733626643011312,0.062294533852693436,0.058833286239648654
recon_face/prnet/FaMoS_180502_03341_TA__multiview_neutral__IMG_0442,9.197366217793961,9.197366217793961,2709,I,0.029046704562587213,0.02291901225867942,0.04398316608820388,60,0.003290551880136439,0.6724338407311398,4.49588883202523,0.9990835031425332,0.03999371640149189,0.015253078274306447,-0.03716541690412844,0.9873111040949125,-0.15438754974811925,-0.021234065432399064,0.15367916703080708,0.987892619714273,-0.001529549702987459,0.026287259203044186,0.07956679657345542,0.03647724077468902,0.16051809186224525,0.1604373259457407,0.05413188598547366,0.059738648916751666,0.24465079076993226,0.06403531606531178,0.0640507445954823
recon_face/prnet/FaMoS_180502_03341_TA__multiview_neutral__IMG_0445,3.014806797962713,3.014806797962713,2705,I,0.01707759820927525,0.011558528400843811,0.022512966188392654,60,0.0034153933740177895,0.6929458219742861,3.934100233949721,0.9999151069336042,0.011052117784587484,0.00690142147930141,-0.010686078712369956,0.9986417598778035,-0.05099454039322594,-0.0074556453585448825,0.05091646217716741,0.998675085917161,0.0001243910735984849,0.014217332688715126,0.08282309131640439,0.026712622275771845,0.1739145547719115,0.1758039123179808,0.05669967904998174,0.050959673214960775,0.050587264997495066,0.06188223739719084,0.061262678504542055
recon_face/prnet/FaMoS_180502_03341_TA__multiview_neutral__IMG_0447,1.681374198219946,1.681374198219946,2708,I,0.016988686617944906,0.011871089877776889,0.023121044203454007,59,0.0033810952775062105,0.6891507986259363,3.88205186300911,0.9999213223460875,0.0065212859925616986,-0.010715500298853386,-0.006803234120281752,0.9996259312733708,-0.026489876016152526,0.010538743907892572,0.026560691912104223,0.9995916488856805,-0.002089757654699874,0.012281317871679472,0.08497443245571207,0.026515307134693005,0.17601756379254793,0.1773659327104362,0.057600971983498485,0.04927306321044802,0.04854288875327463,0.060423240617151694,0.05819893780432809
recon_face/prnet/FaMoS_180502_03341_TA__multiview_neutral__IMG_0474,1.6385285521996504,1.6385285521996504,2696,I,0.01648551184584695,0.011201157440036436,0.020528932991281394,60,0.003445631971107827,0.6952303793876186,3.9972138982266188,0.9999025491766133,0.0139061192437114,-0.0012296331524486231,-0.013932474977328161,0.9995916707250168,-0.024947504047009867,0.0008822080911242751,0.02496220472532665,0.9996880063520494,-0.0013797664570077322,0.01217973757163942,0.0857129057777041,0.026683061562092287,0.1794613843260206,0.18212467617134154,0.05704398674611874,0.04988105797131421,0.04630466829243534,0.061349689301360984,0.05845440578368623
recon_face/prnet/FaMoS_180502_03341_TA__multiview_neutral__IMG_0475,1.4525671142003211,1.4525671142003211,2706,I,0.017900375638417395,0.012408931560831152,0.0240194400244413,60,0.0034989436506692724,0.700395138106895,4.004814699059352,0.999800751432879,0.018272302281723236,-0.008036193351090449,-0.018395653314217955,0.9997098074515312,-0.015553161233853904,0.007749669244160482,0.01569789331561655,0.9998467476428867,9.708917248093217e-05,0.008011905478743232,0.09075485327022242,0.02822630848453518,0.1751702869976143,0.1787062806159524,0.05997827480323599,0.050574330594633204,0.04962508539974364,0.06276572057724045,0.056420657969441484
recon_face/prnet/FaMoS_180502_03341_TA__selfie__IMG_0468,9.609032178703176,9.609032178703176,2715,I,0.025772587003525225,0.01992994936597903,0.027954289513364917,60,0.00346352341778386,0.6794674861674749,4.248615278163925,0.9999310241924737,-0.010793165946181979,0.004631892296723825,0.011413772767418116,0.9859766319835592,-0.16649266342265906,-0.002769954621291773,0.16653404682291026,0.9860318141927172,-0.0007021864818315928,0.019480591994252033,0.07624566534350347,0.035869693810256766,0.16957442607991963,0.17129516337027026,0.05153340693383059,0.0585129965401156,0.04691268802954837,0.06430635956796918,0.06360970436686597
recon_face/prnet/FaMoS_180502_03341_TA__selfie__IMG_0483,6.77960205186372,6.77960205186372,2708,I,0.020451702319875607,0.01441150098214692,0.026672993494839186,60,0.0034331762237670128,0.6791325791155495,4.069930553901941,0.9999418653766821,-0.0002957769113278841,-0.010778607656822243,-0.0009734300331854118,0.9930656753568697,-0.11755686650287332,0.010738635899008508,0.11756052459912994,0.9930076559397749,-0.002069238412688958,0.018453186266734714,0.08030554876453244,0.029911670010794842,0.17458061185139134,0.17513276563483035,0.053745455457361015,0.05653179455222784,0.05009750623232057,0.06249995627930487,0.06021068455506538
recon_face/prnet/FaMoS_180503_031203_TA__multiview_expressions__IMG_0504,1.4368529067684708,1.4368529067684708,2706,I,0.018608203445728198,0.013716500384285688,0.02460790935227567,58,0.003553659262660709,0.7081801443772388,4.095288801006973,0.9999704568767837,0.007491168688045255,-0.0017227203266098902,-0.007530153239241517,0.9996869017737052,-0.023862003568073283,0.0015434266519680528,0.023874270958009387,0.9997137775485508,-0.0010157884824719657,0.01155639626915158,0.08566954181494554,0.02972285897541286,0.1760177542793343,0.18105721108311384,0.0606694062995299,0.051901379857767896,0.047926370566453665,0.05810472933903099,0.06067753611026347
recon_face/prnet/FaMoS_180503_031203_TA__multiview_expressions__IMG_0505,0.9113999115384851,0.9113999115384851,2706,I,0.019025241252403437,0.014534592469768442,0.02212674155704223,60,0.003677922596822408,0.7152269427234135,4.317294138018042,0.9999519349228699,0.004004566693871894,-0.008949373698827897,-0.0038921555950573237,0.9999137572746055,0.012543091238040085,0.008998831525859558,-0.012507655998478261,0.9998812827394026,-0.0021080995336397288,0.0077488244602268025,0.08830815632338385,0.03081850901847855,0.1847755636492999,0.19020931410637001,0.06068251639485382,0.0499065719813115,0.05509375585661305,0.058721505665700835,0.05852261311357938
recon_face/prnet/FaMoS_180503_031203_TA__multiview_expressions__IMG_0506,0.6669955749776625,0.6669955749776625,2707,I,0.016299540514574183,0.011106583665036071,0.019552913134155997,59,0.0035141691444963326,0.6996249442050865,4.033128564013168,0.9999507997747399,0.0076720421549530534,-0.006287908955456999,-0.007633591110911161,0.9999521576265944,0.0061164323483168595,0.006334533653783076,-0.0060681320925590225,0.9999615249879851,-0.002368463595554767,0.013230057204873504,0.08817643541107581,0.0271865952829463,0.1760804021580388,0.1807611399719675,0.06276186888079388,0.04893521192349088,0.050495183406255584,0.0607148708761452,0.057670563739166576
recon_face/prnet/FaMoS_180503_031203_TA__multiview_expressions__IMG_0542,6.2778830275993185,6.2778830275993185,2708,I,0.022156202924781102,0.016432958280061277,0.028303904797828232,60,0.0035119401900645707,0.6938891944654307,3.996951705077663,0.9982997744697693,0.058014074358775786,-0.005650439797184648,-0.058288050981655536,0.994007608039201,-0.0924736625907424,0.00025180620940133935,0.09264578963169856,0.9956990982506473,-0.001750396007496594,0.011783731374258442,0.08503385594828508,0.03180466647944819,0.17296656436792734,0.17322639022720404,0.05553146488771977,0.05158952529093093,0.04904902894570746,0.05971745657460053,0.05941808986236329
recon_face/prnet/FaMoS_180503_031203_TA__multiview_expressions__IMG_0543,2.1952186257358153,2.1952186257358153,2706,I,0.018748036799676238,0.013116237494023207,0.024405937878465286,60,0.0035195385528564017,0.6941384114128621,4.072918843943626,0.9998319605993056,0.01671323786014025,0.007531151597164425,-0.016450452901858818,0.9992966265589627,-0.03369918021558667,-0.00808907679978539,0.03356962657089356,0.9994036456849744,0.0004726472396497747,0.009397885558445056,0.08508773654101087,0.03072130718454441,0.17912569612418744,0.18081504880439536,0.05917946420079427,0.05038512773913843,0.048104900308310286,0.0597499661836008,0.06074974125140564
recon_face/prnet/FaMoS_180503_031203_TA__multiview_neutral__IMG_0492,2.1243211190673836,2.1243211190673836,2705,I,0.01762942584238341,0.01153261594329914,0.02037076822235637,60,0.003645802263885513,0.7107556215597023,4.1392183259595186,0.9997063717273063,-0.020882457658515416,-0.012292001056236127,0.02052935764110421,0.9993919363723849,-0.028183381427694176,0.012873065006820937,0.027922759104278633,0.9995271900860603,-0.0005129145836044961,0.005518697157090885,0.08842924064119789,0.029003178896528953,0.1788116276411623,0.18529561568777625,0.0617395809204222,0.048003410612115494,0.05828878545681011,0.05942699740299611,0.056036990771963
recon_face/prnet/FaMoS_180503_031203_TA__multiview_neutral__IMG_0493,1.3874068982975485,1.3874068982975485,2701,I,0.020121020899578658,0.014019741823038936,0.021501053445950286,60,0.0038450893271012015,0.7318990067796193,4.305539241991937,0.9997294055839177,-0.022327160671030372,-0.0065279022049960075,0.02228279541940945,0.9997286375340358,-0.006791783465192984,0.006677772018026293,0.0066444857371602585,0.9999556281006493,0.0003393118013727799,-0.004823036089934625,0.08690846739911687,0.031029164194328263,0.18750859030241784,0.19141936796297374,0.06510730333219444,0.04487623476344514,0.05935734102644994,0.05887264334801535,0.05813263643036581
recon_face/prnet/FaMoS_180503_031203_TA__multiview_neutral__IMG_0531,6.881143844142935,6.881143844142935,2722,I,0.023319187221504323,0.01773109876420233,0.026678200580024763,60,0.0034324246928299084,0.67,3.9038181989453733,0.9965098747936602,0.0777929623771793,-0.030270851380597288,-0.08011204346108322,0.9931589359711726,-0.08495521404303091,0.023454848778300792,0.08708376947049574,0.9959248401177653,-0.004405744649866845,0.014602884683324921,0.0857652447484556,0.03235493239332382,0.16246661600929022,0.16954626342839083,0.0530647016457664,0.05458259189876415,0.04688768562231575,0.06854960534406203,0.06152279696205388
recon_face/prnet/FaMoS_180503_031203_TA__multiview_neutral__IMG_0533,1.7499814874070452,1.7499814874070452,2707,I,0.018765702712309585,0.01241678277532779,0.02271927626469249,60,0.0035860659249400116,0.7017838051441175,4.087283440865576,0.9996118254777148,0.027626375237769084,-0.0036030204458390525,-0.0276692837491402,0.9995394848382803,-0.012459092504453389,0.0032571616356456617,0.012553949197242308,0.9999158910916621,-0.0019047782550252012,0.003641237578240676,0.08630486626978723,0.03004362312375905,0.1744604247481146,0.1789302394387744,0.06201133775939352,0.05149386883571469,0.05190591818892917,0.06038873909717337,0.05883379424026661
recon_face/prnet/FaMoS_180503_031203_TA__multiview_neutral__IMG_0538,0.48089086974311473,0.48089086974311473,2708,I,0.0166147891629937,0.011170565408281648,0.020805312116390886,60,0.003554420691296647,0.7012396025992989,3.9991165611427277,0.9999872342343117,0.005044849635624733,-0.0002843599216192881,-0.0050466420339397786,0.9999648136653813,-0.006700957792742134,0.00025054459155688427,0.006702307312618308,0.9999775078991,-0.00024420030841618726,0.005849636338052355,0.09003557305702636,0.02820380026408945,0.1781218666419326,0.18262595762286699,0.06035483428087473,0.047061472074084384,0.04956812199902435,0.060137236798807586,0.05577429987294958
recon_face/prnet/FaMoS_180503_031203_TA__selfie__IMG_0511,4.785456369632539,4.785456369632539,2707,I,0.020668054284041018,0.01416556960915821,0.023530619109793954,60,0.003611275382579118,0.7124300876313526,4.121042679995298,0.9999910665905123,0.0040675619260668325,-0.0011496430517489266,-0.004149205262390882,0.9965145467140327,-0.08331591854511676,0.0008067433664871137,0.0833199443548998,0.9965225215908754,-0.0016682595815997892,0.003004691308562263,0.08155592819110546,0.03048150221509972,0.18119890638224498,0.18545261864875473,0.05925857891340541,0.047971996503961584,0.06042427440239086,0.06181684936441722,0.055395563717203014
recon_face/prnet/FaMoS_180503_031203_TA__selfie__IMG_0548,3.326360067767384,3.326360067767384,2715,I,0.022811528991225374,0.016576730000134834,0.024139098527751122,60,0.0034629260563800134,0.688849933404715,3.9772064150311053,0.9997491087130215,-0.022381521032180815,0.0008872112516649518,0.022396921993108356,0.9983152688323711,-0.05352571252571283,0.0003122703214397044,0.053532154192005854,0.9985660774104084,0.00013067326711981418,-0.00031447789886385885,0.08335758661751272,0.0323081819498502,0.17808586979177393,0.18252998210229512,0.05969463387890543,0.05027416789856106,0.055267674384180086,0.06104049178689038,0.05825218495245668
recon_face/prnet/FaMoS_180503_03304_TA__multiview_expressions__IMG_0614,1.9108400354031845,1.9108400354031845,2701,I,0.02056295614325767,0.015752447473219522,0.02433720512799999,54,0.0035332901800663925,0.7059728406277797,4.02336987783201,0.9997100879150898,0.018979864560596256,0.014815696475868716,-0.01863297972773427,0.9995569474292986,-0.023210362174859677,-0.015249661873939575,0.022927572638282902,0.9996208152222756,-0.002482915378279139,0.02091676609122599,0.08018316993662197,0.03092226705431869,0.17962298142014638,0.18173498367748497,0.0567482439532926,0.051881916078993125,0.047146883308345426,0.058622730039384376,0.06275641772583539
recon_face/prnet/FaMoS_180503_03304_TA__multiview_expressions__IMG_0616,3.0296004729997343,3.0296004729997343,2697,I,0.01767955853016674,0.012249615440293725,0.023175464185019416,60,0.0034652703324750747,0.6888483296386452,3.9531672799494117,0.9987064998944926,0.036873542430423505,0.03500955494037157,-0.03636430352448142,0.9992249218660456,-0.015072921116170186,-0.0355382117961854,0.013780326209007179,0.9992733050131496,0.00256223660521613,0.01580736003022802,0.08593149912120962,0.028637972149923346,0.16811387221879218,0.17236561422807647,0.05584409174352834,0.05143664406167372,0.048160338030204475,0.061485602015519135,0.061615306657438036
recon_face/prnet/FaMoS_180503_03304_TA__multiview_expressions__IMG_0617,2.1183256769943943,2.1183256769943943,2699,I,0.01813788678703441,0.011873544868382995,0.02375148720156939,60,0.0034638661893553967,0.6936005670336216,4.016349602956325,0.999354224069227,0.024539757429876064,0.02624757398836796,-0.0247664875571376,0.9996584062506236,0.008348167855578672,-0.02603374596699748,-0.008992837024299146,0.9996206145099151,0.0015384326542187616,0.0170189261296175,0.08181337425898205,0.028751670244600427,0.16834935056085348,0.1766358714461689,0.05685005617488231,0.05137062931754951,0.048605200596193734,0.05992009775646658,0.062068798216580394
recon_face/prnet/FaMoS_180503_03304_TA__multiview_expressions__IMG_0618,3.313784319347085,3.313784319347085,2703,I,0.01828506027599887,0.012940444027390903,0.024129542967595126,60,0.0033953904557472285,0.6850084037365448,4.084670062875375,0.9984613324569661,0.05035023164231599,0.023234064685842073,-0.049963880269913954,0.9986076887858965,-0.01692024131225818,-0.02405365370654684,0.01573334265998375,0.9995868564922756,0.0006700124153461635,0.015445085199423739,0.08477859138261457,0.02894274280262685,0.17449825982952308,0.17824336245171504,0.057018767205335205,0.05308182648267598,0.051024645404164,0.06101228014613705,0.06328937091671726
recon_face/prnet/FaMoS_180503_03304_TA__multiview_expressions__IMG_0619,2.9401055078001566,2.9401055078001566,2702,I,0.018984081263149922,0.013976122271922011,0.024644948529392984,37,0.0033760719034749624,0.67,3.795281803002581,0.9999231278414014,0.004435815987331881,-0.011578512184008988,-0.005006622801594394,0.9987494186819292,-0.04974467218337119,0.011343374100825056,0.04979881744615061,0.9986948511156815,-0.002342501773199304,0.015397371823778337,0.08163946726234025,0.02799344989092976,0.173405236880575,0.1790883001335857,0.054012877927428274,0.05387431396342876,0.04797230091458085,0.06221034391114977,0.06062166450225564
recon_face/prnet/FaMoS_180503_03304_TA__multiview_expressions__IMG_0620,1.5637877282260038,1.5637877282260038,2696,I,0.02039410934589887,0.013781052697094088,0.02206080557461524,60,0.0034413775718975135,0.6802608336867987,4.033861035015434,0.9996454096405512,0.018665759990693104,-0.018990639498022092,-0.01855195831865046,0.9998089758096591,0.006151157044206577,0.019101827847540154,-0.0057966623508074275,0.9998007395868806,-0.002506596953187773,0.011470664427279093,0.0851656498625625,0.03073714394935127,0.17987388905249221,0.1836424500386289,0.05904158523363748,0.04806659449107467,0.05425249809997583,0.06300954254141071,0.061979335441985195
recon_face/prnet/FaMoS_180503_03304_TA__multiview_neutral__IMG_0601,1.6985717640532725,1.6985717640532725,2702,I,0.019349043535666736,0.013555119334310053,0.020258379918227463,60,0.0033738425834710655,0.6842428031831833,3.815530254971236,0.9996688718502317,0.025067760978979142,0.0058098204091781205,-0.02515054538472779,0.9995764234023554,0.014643218396461367,-0.0054402868064907465,-0.014784489766524989,0.9998759033709166,-0.0012944648753218384,0.01623121338068967,0.08109661599203571,0.0285691349503676,0.17715798447148653,0.17641100873629043,0.05452232917649899,0.05027134616822865,0.05139839773178028,0.05804447891353099,0.06482470831529512
recon_face/prnet/FaMoS_180503_03304_TA__multiview_neutral__IMG_0602,1.7402634565231514,1.7402634565231514,2703,I,0.016573798667802796,0.010780513763096404,0.02081046560057033,60,0.0033723279568775417,0.6820127321236655,3.8711661649867892,0.9996675712617538,0.021241815076625335,0.014612743064796745,-0.0210045284074356,0.9996480490436994,-0.016204561996743173,-0.014951814405233372,0.01589224135782971,0.9997619116122676,0.0006053189783635862,0.015307898892533568,0.08338805419897755,0.027085202010447302,0.17431208238895157,0.17818317641618983,0.05682364423451123,0.050709329540330486,0.048810902598807784,0.06101259902988452,0.06114517696808147
recon_face/prnet/FaMoS_180503_03304_TA__multiview_neutral__IMG_0604,2.6517466281566766,2.6517466281566766,2704,I,0.017436955969699894,0.012152929459636311,0.02263510451965972,60,0.0033497026590516487,0.6804930581216723,3.95838276296854,0.9999874109480505,0.0013797753514153523,-0.00482433056446408,-0.0016001992928317194,0.9989406712641721,-0.045988853611592835,0.004755765725812911,0.045995994545883205,0.9989303034637081,0.0006182828829117383,0.016220577308871283,0.080922110198616,0.02751522394970853,0.1786883561676139,0.18013510601579508,0.05349555271569005,0.05462866545530315,0.04552758719335857,0.06050086958840491,0.061255049687511
recon_face/prnet/FaMoS_180503_03304_TA__multiview_neutral__IMG_0630,2.3824365288790497,2.3824365288790497,2701,I,0.019395684140662502,0.013478784161502052,0.024500030568368785,58,0.003468798439238198,0.6903633551015259,4.012609113007784,0.9995386382202923,0.022724496660512045,-0.020152120390885507,-0.023287479111040846,0.9993322293531054,-0.02815650356144283,0.019498821025262073,0.02861280530949544,0.999400371898543,-0.0022551046693693295,0.015543279644078423,0.08386697064539625,0.029370411422761245,0.16183335981516414,0.18355580550952405,0.05665252924474221,0.051597073826303,0.049205475195313805,0.06355057670369492,0.06123468315974326
recon_face/prnet/FaMoS_180503_03304_TA__multiview_neutral__IMG_0631,2.5757329619593023,2.5757329619593023,2703,I,0.019084811388525785,0.013513772513251867,0.025033087648175915,60,0.003482204133045396,0.6883528737937821,4.056609541876242,0.9997824201506843,-0.009582262075892845,-0.018528157251849656,0.008837021560509488,0.9991648428808806,-0.03989390681251,0.01889495719972529,0.03972149297716628,0.9990321234014877,-0.0008729274197036764,0.015070190130535892,0.08211523463646242,0.02890555450586341,0.1825933670223514,0.1835358916889317,0.0552735580730462,0.052860376480959155,0.0478047244867793,0.06259129726714578,0.059533164453300445
recon_face/prnet/FaMoS_180503_03304_TA__selfie__IMG_0621,3.782129058033937,3.782129058033937,2710,I,0.01835425485886296,0.01344771888750338,0.024060131392191302,60,0.0033303668411299057,0.67,3.9502272801473737,0.9998662608751452,0.015912140500131736,-0.0037767907357041286,-0.01612098430150641,0.9978274251965873,-0.06387913110476891,0.0027521316661486012,0.06393147354983901,0.9979504959971902,-0.001377077695397019,0.018888297986046694,0.08266155693016947,0.02846858262979728,0.17240135743789636,0.17523303053448352,0.05161755295817533,0.05315248550002688,0.04626734954530829,0.06365233301142209,0.06106161486867229
recon_face/prnet/FaMoS_180503_03304_TA__selfie__IMG_0622,3.8205660612685075,3.8205660612685075,2711,I,0.01762397195448796,0.012112171621997528,0.023236723883802705,48,0.0033711384270240065,0.6806108829580165,3.9152903659269214,0.9998082241679443,0.013565149499734301,-0.014124503714864225,-0.014437309286460262,0.9978712648787124,-0.06359640579408211,0.013231741635493165,0.0637881293690944,0.9978757415454504,-0.0017560905074513987,0.012656536075428666,0.08232762763087476,0.02726992199421403,0.1739690263264722,0.17476802740565642,0.05601065919259336,0.05296989376915973,0.04515377599033327,0.06244302133894451,0.05952889222661993
recon_face/prnet/FaMoS_180503_03304_TA__selfie__IMG_0636,2.3611841858282494,2.3611841858282494,2707,I,0.017497238441885957,0.01181415940245323,0.024764005802264306,60,0.003473659274873118,0.7058239665107315,4.045674289111048,0.9999337186071837,0.0006441230042176664,-0.011495368544086547,-0.0010983672479160191,0.9992168717548031,-0.039552961835158454,0.011460889223687765,0.03956296634606961,0.9991513497524296,-0.0012765710242276162,0.010105004515177173,0.08465526617409247,0.028077299180700253,0.17771876625446356,0.1792354276584278,0.05729215887762415,0.05338907400787967,0.04298122880699198,0.061883604812560035,0.061076835692128566
recon_face/prnet/FaMoS_180503_03342_TA__multiview_expressions__IMG_0566,2.0880110948676367,2.0880110948676367,2702,I,0.016635444335208707,0.011364897830527512,0.02408313334926752,58,0.0034577260777721055,0.6839277059191873,4.081154063809663,0.9997165912200664,0.00692468709319464,-0.022776873095142272,-0.007550407017374925,0.9995932484844787,-0.02750143520107325,0.02257716973411079,0.027665615715327805,0.9993622391875175,-0.0032206056651788886,0.01700983446648345,0.08571880103061447,0.027721837887980737,0.18071840015377122,0.18400282294682727,0.05600385323693783,0.053716939007499014,0.05144348263791663,0.06468360940020697,0.05951977574534004
recon_face/prnet/FaMoS_180503_03342_TA__multiview_expressions__IMG_0568,1.4062541352821882,1.4062541352821882,2701,I,0.015753037836242288,0.010238069557743782,0.016789485367662758,32,0.003407909623266759,0.6885863845621482,3.597647900925949,0.9999339914296141,0.010964393560798582,-0.0034343642038578005,-0.011036294660366194,0.9997043125973356,-0.021667661951794114,0.003195775932444748,0.021704134355729824,0.999759329822962,-0.0009033542760225046,0.013962487459548763,0.08526221581744214,0.025581192273953883,0.1745307866493161,0.17694700125172552,0.056057220763685287,0.04953260939657745,0.049894156123814946,0.05832111812680917,0.05919359212991776
recon_face/prnet/FaMoS_180503_03342_TA__multiview_expressions__IMG_0570,3.665164151817779,3.665164151817779,2710,I,0.018026218270984853,0.013176611846125248,0.02396983318343665,60,0.003376494911094679,0.6897473392488289,3.9637680030427873,0.9998693409338373,-0.003973450301647695,-0.015668846582790955,0.002996659934886631,0.9980792495271016,-0.06187755402932405,0.015884618024030323,0.06182251496111746,0.997960748503724,-0.002744097738408628,0.01900060985353328,0.08703755914592384,0.028792269717739374,0.17670567677337043,0.17787357598004963,0.05403740853501495,0.05399041325935185,0.04609898800251065,0.061955497774666635,0.06012342814057277
recon_face/prnet/FaMoS_180503_03342_TA__multiview_expressions__IMG_0571,2.297901548910837,2.297901548910837,2697,I,0.017612084651184426,0.012636071444889431,0.0240215423009335,60,0.003541020783638819,0.7038359690048394,4.089389823842794,0.9998314645206744,0.01813604451474338,-0.0028506918111755675,-0.018226142675510933,0.9991990571846463,-0.035623753935912106,0.002202334582886651,0.03566970718514154,0.9993612068274969,-0.0013854259659387945,0.015261987980269329,0.08500497613491945,0.028348173091867115,0.18000601308537031,0.18140243482477977,0.054837632466831016,0.05240463550042279,0.04587774976777321,0.06008068446299241,0.05991444350295343
recon_face/prnet/FaMoS_180503_03342_TA__multiview_expressions__IMG_0573,5.18646476594168,5.18646476594168,2702,I,0.01866020957035517,0.013364938509914086,0.025119005546823087,55,0.003444865694177728,0.687848042898437,3.9790624419692904,0.9993486480421734,0.033188466371897526,-0.014170580657192552,-0.034249223481823646,0.9959874869382215,-0.08267960179741482,0.011369711833317192,0.08311107966070715,0.9964754277404229,0.00010052668661729696,0.01776701885620039,0.08000795902219512,0.027853359643567457,0.1736939377505674,0.17537470629561971,0.05418680734897903,0.054153339219230025,0.051479228066052214,0.06371233766600484,0.05840730486078973
recon_face/prnet/FaMoS_180503_03342_TA__multiview_neutral__IMG_0549,4.267965124038795,4.267965124038795,2698,I,0.0198871898742356,0.014164462450254914,0.020818849993230974,60,0.0034871084003906204,0.6883326125750651,3.866284436080605,0.9983996186528595,0.04618629873748337,-0.03263475574839445,-0.04771275291263254,0.9977236213994983,-0.047655729046660884,0.03035942495047457,0.04913655574419746,0.9983305585858191,-0.006797793149271424,0.011994929450076602,0.08597817342931216,0.029622314160617936,0.17266090564931727,0.17777839675234902,0.0597603316757869,0.049776244186260914,0.0501967067302961,0.0631485083977261,0.05708838892213769
recon_face/prnet/FaMoS_180503_03342_TA__multiview_neutral__IMG_0552,1.1358598828043072,1.1358598828043072,2704,I,0.016900847842677348,0.011084209513730875,0.021649074909877577,60,0.0033983769989877283,0.6884571595123782,3.9117691859137267,0.9998271659039706,-0.00543354322286796,-0.01777962115677679,0.005311092564957546,0.99996190291696,-0.006927121368872837,0.01781658261844098,0.006831494912379426,0.9998179334564182,-0.0035348342032853978,0.016559421943511454,0.08436044204495324,0.026966730319724755,0.17477412889899546,0.1786219435775925,0.057904184457612876,0.04880176985190551,0.04807794662758374,0.062152482848427254,0.06093622848426962
recon_face/prnet/FaMoS_180503_03342_TA__multiview_neutral__IMG_0553,3.0264263954809056,3.0264263954809056,2708,I,0.018938306488479113,0.013571547248804607,0.025652486822622816,60,0.003391801893431665,0.689121413617416,4.043035184033215,0.9999411775757598,-0.0032332751315862682,-0.010353130943137457,0.002693981320875419,0.9986597175612064,-0.05168666157932061,0.010506372021066987,0.0516557301032119,0.9986096843584381,-0.0007230957502829143,0.018845527737318478,0.08428180190590184,0.029108682453703887,0.17703440792136899,0.18003314040219123,0.05505945992657858,0.052317659621610564,0.04830851973954463,0.06282671995070971,0.06164060093478027
recon_face/prnet/FaMoS_180503_03342_TA__multiview_neutral__IMG_0593,2.253127285046004,2.253127285046004,2699,I,0.017158854449092424,0.012024263886067855,0.020028712643237932,60,0.003504396846850674,0.7023064669549137,4.078240362927318,0.9995925600083279,0.011597897573930595,-0.026080696843878187,-0.012298969334849611,0.9995629217525743,-0.026883095259999892,0.025757510153314324,0.027192907702605167,0.9992983020306698,-0.0020738451828931884,0.014300518831301727,0.08615732412864674,0.027486049930514688,0.1755536936424688,0.18165318065208266,0.057164977975864104,0.04990785255097011,0.05256019005181245,0.06364446135313534,0.056575127319120684
recon_face/prnet/FaMoS_180503_03342_TA__multiview_neutral__IMG_0594,1.5802658899181783,1.5802658899181783,2703,I,0.01928311907733508,0.01326551129092885,0.024017451196631515,60,0.0035941579871965937,0.7086737195069917,4.070722475182265,0.9998456279898041,0.0069671984620274735,-0.01613004449049418,-0.0073085134799711245,0.9997485653358394,-0.021198861753492473,0.015978292161169153,0.02131347589018092,0.9996451520039954,8.229774134903902e-05,0.015015395918585715,0.08722015537868807,0.031028216175954793,0.17658395444404298,0.182043533723958,0.056265902593538586,0.05008463185597991,0.04840644732814712,0.06625545668947536,0.05894827142579723
recon_face/prnet/FaMoS_180503_03342_TA__selfie__IMG_0583,4.024749319240208,4.024749319240208,2707,I,0.020411730089354038,0.01531711666197906,0.026018070443243373,60,0.0035166438689683997,0.7083895501401988,4.015388539992273,0.9999972845952677,-0.0006997109588628347,-0.002222882512691193,0.0005420546696990167,0.9975363478088902,-0.07014941893440703,0.002266490420504461,0.070148023526497,0.9975340183755637,-0.0004888470401298091,0.011013826186399095,0.08155700135825308,0.030136434119681896,0.1734177083807661,0.17472461283148358,0.05550857386690619,0.052147019934919235,0.04580237141647247,0.06017424344131386,0.0588983160741166
recon_face/prnet/FaMoS_180503_03342_TA__selfie__IMG_0596,5.908749035064564,5.908749035064564,2713,I,0.01927233199104657,0.014064611148955453,0.026463416634099405,47,0.0033946977586263027,0.6852313270171457,3.881722825113684,0.9998671533372913,-0.015117914290747823,-0.006092975026936409,0.014420210221201676,0.994710602726953,-0.1016999231059565,0.007598237582335675,0.10159855062981327,0.9947964622451989,-0.0021955607667084086,0.02044494341792842,0.07833526621373327,0.02925413747031348,0.17187305466447955,0.17469296282701857,0.05394389515001411,0.0534435981013371,0.049049274736106964,0.061116876739915185,0.06115044280097321
recon_face/prnet/FaMoS_180504_03343_TA__multiview_expressions__IMG_0660,1.943606560448765,1.943606560448765,2712,I,0.01979985643856519,0.014006055082101952,0.021977079510910404,60,0.003473258656472436,0.6866378372708265,3.9203135969582945,0.9994871428767363,0.022664941602353748,-0.02262192843810656,-0.022916374090510026,0.9996777681584075,-0.010917859147702,0.022367186292440073,0.011430672420603622,0.9996844745745391,-0.0023688873605116657,0.006527795468918504,0.08503640120999464,0.029272215794001213,0.17214273156045118,0.17654721550490102,0.05917820852797955,0.054310872895363314,0.055641709957786646,0.06053690294942183,0.06026202143076864
recon_face/prnet/FaMoS_180504_03343_TA__multiview_expressions__IMG_0661,1.7017495155466043,1.7017495155466043,2708,I,0.017892236302355303,0.01298567564559184,0.021610837857990495,60,0.0035358744347912703,0.702439113375946,4.067917640088126,0.9998287668642614,-0.008370262099033073,-0.01650380753296174,0.007984631907845853,0.9996967442414818,-0.02329517560094878,0.016693789383712854,0.023159409866754344,0.9995923964950094,0.00013166610082342644,0.009255616900830606,0.0867941723673667,0.028634820595453518,0.17810464243498433,0.18254866827940472,0.06368945232994683,0.04791192708423341,0.05274656724754953,0.05964213487550145,0.059841966165930176
recon_face/prnet/FaMoS_180504_03343_TA__multiview_expressions__IMG_0681,2.712621538740266,2.712621538740266,2705,I,0.021370035399279317,0.015650055207055667,0.022994002392722347,60,0.0034143027019906892,0.6899188584691994,3.8469374941196293,0.9999137212719444,0.006459141867471283,0.011438072321303243,-0.005932372886259864,0.998946548031572,-0.04550385838304349,-0.011719938738314737,0.0454320774579108,0.998898678232096,0.00036864595597588777,0.008055086922981673,0.08712886379238988,0.03075736296110108,0.17024489668400658,0.17265243684670714,0.056563017311691395,0.05258392506792637,0.05260784385690025,0.05889905224854425,0.05954801316875393
recon_face/prnet/FaMoS_180504_03343_TA__multiview_expressions__IMG_0682,5.318168949024006,5.318168949024006,2703,I,0.023714360565584784,0.01810277214700204,0.02815581321975344,60,0.003395677543107485,0.6752010915783447,4.043817410012707,0.9995875300486363,0.023642623022990798,0.016303255744158633,-0.022113416206999678,0.9958455602497203,-0.08833242300863384,-0.01832393502833661,0.08793546785861173,0.9959576230430511,0.0018170276782247291,0.009828895157507636,0.0918317965790838,0.03528431786734592,0.171778835065802,0.17328508969700643,0.059051367266944425,0.050872675037060576,0.05692565296327215,0.06061022777795547,0.06005394218694455
recon_face/prnet/FaMoS_180504_03343_TA__multiview_expressions__IMG_0683,4.734278045731978,4.734278045731978,2699,I,0.021426170244197927,0.015279551736173388,0.02327816370301159,60,0.0033900277299822304,0.6829952197299601,3.938529229024425,0.9997220122001227,0.017740062613557372,0.015530244718099785,-0.01645583305069325,0.9967197556518306,-0.07923972647581419,-0.016885019429799666,0.07896213568427086,0.9967346072285411,0.00011268703390889274,0.01165723112543094,0.08748925988061615,0.031223542008704138,0.17278153165941296,0.17437859592687932,0.056341167444587746,0.05298102163047065,0.05649867462630156,0.06034847790381055,0.06262609814626319
recon_face/prnet/FaMoS_180504_03343_TA__multiview_neutral__IMG_0652,1.436695011199691,1.436695011199691,2706,I,0.018317640314167875,0.012882752808525305,0.01915624748948489,51,0.003544933160130268,0.7003798999834082,3.8266873790416867,0.9997282050395739,0.02123098070818516,-0.009631277512406531,-0.021318948755798806,0.9997310845184725,-0.009124750487933608,0.009434960111200257,0.009327599138475714,0.9999119848376713,0.00022159481526239173,0.007708286351332458,0.08621760932307801,0.028634805826253173,0.17092898627055,0.17838062417032607,0.059108938376951706,0.04903088792935182,0.05554879104443128,0.059750420297267945,0.05693403655277467
recon_face/prnet/FaMoS_180504_03343_TA__multiview_neutral__IMG_0654,5.156538656469519,5.156538656469519,2706,I,0.02060510724813499,0.014637368125952973,0.02219402159553049,60,0.0037893824903704495,0.735221356143797,4.318658352131024,0.9961108248246151,-0.08466763585492408,-0.024384751505032817,0.08422040710383892,0.9962694101943154,-0.01881981238839668,0.02588721102181275,0.016692925142370512,0.999525486696414,0.003271990399101349,0.0007944535593881683,0.09024246491229887,0.0317821131035024,0.18405543256677642,0.18536944305456676,0.067508733783874,0.04687434561303451,0.054990119025938596,0.05928825523923428,0.056567122257643696
recon_face/prnet/FaMoS_180504_03343_TA__multiview_neutral__IMG_0677,1.7030441742384597,1.7030441742384597,2698,I,0.019094199176998276,0.013430985381498324,0.02225826657971778,60,0.00358365121434665,0.6994321668020638,3.9540814810898155,0.9998151307302594,0.01907242655990663,-0.0024386282931591744,-0.019122797591812665,0.9995607521070751,-0.02264114527583235,0.0020057355503142766,0.022683593019090856,0.9997406821934609,-0.0007081177675518167,0.004547870211530879,0.08995090472346476,0.02962233218012471,0.1763228488359889,0.18070342091319447,0.05786434830681576,0.046346534966708555,0.054736019855374254,0.05849267126012736,0.059394056927562826
recon_face/prnet/FaMoS_180504_03343_TA__multiview_neutral__IMG_0678,0.5176927926107324,0.5176927926107324,2709,I,0.017811746329798008,0.012566666269619654,0.019303119658099038,60,0.0034121650239987496,0.6860955137104866,3.777726284926757,0.9999846084357119,-0.004477685761248718,-0.0032761596266759952,0.0044542086566789095,0.9999645996743874,-0.007138586924895265,0.0033080079985874965,0.00712388435230583,0.9999691532016457,-0.00023396497728326898,0.009457233017446984,0.0894638000526016,0.027434045536131737,0.17069228356325203,0.17345517395544277,0.05745224051658988,0.049367789041448756,0.0500522977567213,0.05979292252854439,0.057041478887451084
recon_face/prnet/FaMoS_180504_03343_TA__multiview_neutral__IMG_0679,1.7380861236506637,1.7380861236506637,2707,I,0.016196775534744624,0.010891827482018264,0.02158686117062867,43,0.00335682165235357,0.686924287370015,3.706183946924284,0.9998568464547286,0.01411170568693234,-0.009335221486957371,-0.014342250635076097,0.999581846100774,-0.025108420748610888,0.008976995283824413,0.02523871447546448,0.999641146035566,-0.003179884564945329,0.009650844444841274,0.08896955328712355,0.026501420652769885,0.1778990580499725,0.17902669877002053,0.054397044517742944,0.049907793508598655,0.04857683005273952,0.061232276730029164,0.05861170996602378
recon_face/prnet/FaMoS_180504_03343_TA__multiview_occlusions__IMG_0641,1.0614557331640326,1.0614557331640326,2706,I,0.02030161072635218,0.015379505270260151,0.02158269238229498,60,0.0033752912807730002,0.6861738392878012,3.848726626019925,0.9999955178476075,-0.002892812455697505,-0.0007719590607605205,0.0028782165654737805,0.9998287191687476,-0.018282455928653792,0.0008247145552020697,0.018280152118543655,0.9998325639247927,-0.0010979970376709177,0.0064174054356438,0.08867352163439285,0.030257615480267428,0.1724155219541571,0.17425365428120962,0.05702512971857769,0.052405611753649224,0.054497481265361636,0.059306021710795145,0.06064435432762327
recon_face/prnet/FaMoS_180504_03343_TA__multiview_occlusions__IMG_0642,1.674333365597434,1.674333365597434,2702,I,0.01736602013747649,0.01170152321061456,0.01896754529172837,58,0.0034642257906009003,0.6954578233777321,3.8963147269096226,0.9999021055486694,0.009197453383218267,-0.010544485317053863,-0.009464916206305022,0.999627398983134,-0.02560231558712481,0.01030508032698738,0.02569961193245215,0.9996165941329582,-0.0012963406098403978,0.0050700231575033575,0.08672225761229274,0.027104933417854155,0.17477952957914164,0.1795912177680629,0.061283277233220745,0.04974674912467811,0.05230096190947717,0.057678006248184935,0.057427159667102504
recon_face/prnet/FaMoS_180504_03343_TA__multiview_occlusions__IMG_0643,1.0405248630669066,1.0405248630669066,2709,I,0.017475991264373474,0.012325860872074419,0.01828810363283476,54,0.0033818892259794998,0.6869777482136727,3.7816207020077854,0.9999683140710234,0.0039690143060074675,-0.006900563701123996,-0.004081117569680158,0.9998586857949615,-0.016308063028876284,0.006834861617985364,0.016335708304511,0.9998432023576761,-0.0013424424378314743,0.007637792383923689,0.08697410838955785,0.02687373330869475,0.1702422288554667,0.17478360462355447,0.059247335499958746,0.05000952128059196,0.0520734991857706,0.06092916549386204,0.05812758103169033
recon_face/prnet/FaMoS_180504_03343_TA__multiview_occlusions__IMG_0644,1.2692723009691027,1.2692723009691027,2708,I,0.01790044423723338,0.01310717545980769,0.021150468390598802,55,0.0035082411247516474,0.7082348494061833,4.047454725019634,0.9998322278492565,-0.010100534835967541,-0.015280554637199345,0.009909388678321435,0.9998723491364827,-0.012533532954177687,0.015405199447426292,0.012380009221277055,0.9998046885275474,-0.0013424412170815264,0.010502158666931667,0.08586343765353571,0.02741574831291648,0.1736280032832083,0.17886506211755054,0.06441549036596225,0.04838319147248885,0.05615372719635975,0.05840346855883718,0.05880460577337995
recon_face/prnet/FaMoS_180504_03343_TA__multiview_occlusions__IMG_0673,2.4156505666697186,2.4156505666697186,2706,I,0.016320470535694288,0.010403341423154942,0.017365115967962176,60,0.0033636734377675372,0.6794259194903072,3.7893417289014906,0.9999716270493686,-0.006753664177718544,0.003336632495902036,0.006886227022193139,0.9991164611102498,-0.04145934172089068,-0.003053681980318931,0.04148114220589111,0.999134620492983,-6.352693471450708e-05,0.008259921291745291,0.08725291623462242,0.02639908921917991,0.1735053491293041,0.17650730723011487,0.05738542176332441,0.05025871000137506,0.05247757104804157,0.061508171495151094,0.05626694109596331
recon_face/prnet/FaMoS_180504_03343_TA__multiview_occlusions__IMG_0675,1.6799504458043062,1.6799504458043062,2710,I,0.017886143026929237,0.01121495879545772,0.01825483958401912,60,0.0035267895933463306,0.6996169370151584,3.878813511924818,0.9998519067403351,-0.005458148763113148,-0.016320943593944363,0.005069210828590964,0.9997044171702827,-0.023777749931400857,0.016445901899630896,0.023691494302906898,0.9995840361912562,0.00030505602082003336,0.009228551563884677,0.0884483175170204,0.02788744192386289,0.17208949611335564,0.17821154742374995,0.058492368067402635,0.047190140385860335,0.055900879003451524,0.061546746807014246,0.05921554587506569
recon_face/prnet/FaMoS_180504_03343_TA__selfie__IMG_0668,4.133170600225516,4.133170600225516,2712,I,0.01838968749315513,0.013174865695826713,0.023071340941734627,42,0.003361553228938361,0.6743093145671647,3.718700700905174,0.999992461676999,0.0008719285210814329,-0.0037836926182918634,-0.0011419821287821453,0.9974062540040166,-0.07196846775145489,0.0037111273210621376,0.07197224613924967,0.9973997309602993,0.00013350886999788348,0.01780625164324018,0.08083444391560779,0.02845413789818609,0.1700544666083594,0.17233686472297222,0.05425960974134094,0.054096187711281024,0.048449399971245775,0.06391372839126792,0.061704146602988626
recon_face/prnet/FaMoS_180504_03343_TA__selfie__IMG_0686,7.574646393131983,7.574646393131983,2709,I,0.020346899183980797,0.01406548090591262,0.024805153608218194,56,0.003334145500296309,0.67,3.9130616658367217,0.999849006012196,0.017307514166920872,0.0015540687843335823,-0.016956001270592855,0.9912775695299887,-0.13069534868399174,-0.003802525126315468,0.13064926367982468,0.9914213588089497,0.0004467957067182967,0.021358053976140157,0.07915954962038094,0.02884402768976622,0.17208092386515234,0.17231649739164703,0.05139673909157419,0.058719100855714516,0.0465002776706846,0.06648588357431193,0.06461018785845113
recon_face/prnet/FaMoS_180507_03344_TA__multiview_expressions__IMG_0698,4.826674476815325,4.826674476815325,2718,I,0.023960370489777075,0.019155079553980034,0.027604670256413937,49,0.0032704579959069537,0.670737915618569,3.826329356059432,0.9993364476690789,0.03473110690948369,-0.010973357416447218,-0.035463696031030806,0.9965003389336988,-0.07569280526472194,0.008306059472802463,0.07603173493921153,0.9970708022292938,-0.00575582694475137,0.02681643581494421,0.08343322019286428,0.03206884308826567,0.16076786970899112,0.16455598077609015,0.05316806347647172,0.05536037859103572,0.05050580232534479,0.06788521633053594,0.06489072519211252
recon_face/prnet/FaMoS_180507_03344_TA__multiview_expressions__IMG_0699,4.751698774091835,4.751698774091835,2703,I,0.019637312337345707,0.013820511983907217,0.024936643876144696,60,0.0034120335211970674,0.6867141148711727,3.8856405639089644,0.9997772486101149,0.02110443984528545,-0.00023617875796385203,-0.021055520372835264,0.9965632329985447,-0.08011484068084883,-0.0014554117692615494,0.08010196785538645,0.9967856121164052,-0.0008268927800227589,0.02202994542066708,0.07865900596282438,0.029010074664049434,0.16314127565650793,0.1714617441395301,0.05324989639924761,0.0540110211833375,0.048462701995410445,0.06309038592319546,0.06236141810880144
recon_face/prnet/FaMoS_180507_03344_TA__multiview_expressions__IMG_0700,5.179427357958444,5.179427357958444,2700,I,0.017458197023899655,0.01200481768804644,0.02316037729234358,58,0.0034105053736774556,0.6806358242724038,4.051192929968238,0.9998587845942396,0.015114645225850177,0.007345636080492683,-0.014403455315743201,0.9959489547956232,-0.08875933706643777,-0.008657444466916558,0.0886410003395878,0.9960260145769785,-7.507970025866754e-05,0.020223942599692193,0.07923492780878924,0.027789028066148948,0.176589363438126,0.1771136009572915,0.0556093006281393,0.054057642564339224,0.04812795166546431,0.05950347880638181,0.06324170375314603
recon_face/prnet/FaMoS_180507_03344_TA__multiview_expressions__IMG_0701,6.3007431249276875,6.3007431249276875,2708,I,0.019920803125976036,0.014832116353916635,0.025060687932062533,60,0.0033929194953596434,0.6814049988368331,4.0905267430935055,0.9998231757571933,0.017901100261183887,-0.0057591516944347975,-0.01841891134952185,0.9939709639336685,-0.10808545952843912,0.003789580913362854,0.10817242470340792,0.9941249245493681,-0.0012917900912542478,0.018820387617968913,0.08029962791974093,0.02958485085141594,0.17237485401017813,0.171521975787104,0.05269338530542305,0.054348032720662416,0.0468728547314212,0.0626682827764085,0.0626255929751264
recon_face/prnet/FaMoS_180507_03344_TA__multiview_expressions__IMG_0702,5.91216530209221,5.91216530209221,2697,I,0.0189888203991574,0.013989341820159422,0.025838785097306277,57,0.003481241566045455,0.6922973611026518,4.0948590422049165,0.9994093583214774,-0.0042989034821282615,-0.03409477860762687,0.0009664245957391706,0.9952681362916193,-0.0971617358125471,0.034351135686502346,0.09707139800918609,0.9946844440150803,-0.002451658486628802,0.01921569882800525,0.0790047653994021,0.029345532538097397,0.1771716426822745,0.1777269475946476,0.057720541969714004,0.05398406276982836,0.049512976276731284,0.06020884830784016,0.057688401282435416
recon_face/prnet/FaMoS_180507_03344_TA__multiview_expressions__IMG_0703,2.3402068856286515,2.3402068856286515,2705,I,0.01860719995924024,0.013537612894367437,0.023776251865943197,60,0.0033665134170015876,0.6809369613902033,3.9132903539575636,0.9999157027846054,0.005547048844480654,-0.011739572985661601,-0.00599739989969261,0.9992336178863213,-0.03868084901159609,0.011516011428089808,0.03874799523758196,0.9991826531449876,0.0007037276308889783,0.014045069569513964,0.08228088809752404,0.027716330830677264,0.17154581580283387,0.17475543043996425,0.05593593466389408,0.052059000947554494,0.051797603429730846,0.0646536286347955,0.059732017438044134
recon_face/prnet/FaMoS_180507_03344_TA__multiview_neutral__IMG_0689,2.2694305867904685,2.2694305867904685,2700,I,0.017514193080398695,0.011989938279069558,0.022198853776666545,60,0.003421406614324041,0.6834466690680392,3.8251817559357733,0.9992749514652781,0.03777614520669216,-0.004747023002677864,-0.037825604411722606,0.999225979861139,-0.01080114907935824,0.00433532293525313,0.010972876736277486,0.9999303980533734,-0.0030129567061225756,0.013966083280478298,0.08272797537587276,0.02728466449063006,0.17052390467951878,0.17099008993088838,0.05662069082880825,0.051952386938936716,0.04896761314913943,0.05971748195983316,0.05978065587682256
recon_face/prnet/FaMoS_180507_03344_TA__multiview_neutral__IMG_0690,2.3251421916982293,2.3251421916982293,2697,I,0.01780957297795722,0.01261694953620987,0.023606199016659515,60,0.0034315921000705393,0.6879036267362936,3.900110888062045,0.9999174874327184,0.012485010577913049,0.00302371247116602,-0.01235939315430076,0.999182013763312,-0.03850387997007796,-0.003501960464698015,0.038463331664874624,0.9992538758444429,-0.0015611375683031892,0.013102348648277716,0.08288444076693138,0.026949229293238237,0.17001109758531877,0.17221292045978123,0.05532396885722939,0.052538773835179235,0.050135188975839386,0.05961757030278033,0.06112877456912978
recon_face/prnet/FaMoS_180507_03344_TA__multiview_neutral__IMG_0691,133.10491422544573,133.10491422544573,2765,Ry180,0.08401352460143298,0.07895639580833407,0.08403248152930531,60,0.006604500348193339,0.67,10.173444367945194,-0.6498571384957921,0.19458449963323263,0.7347261884869397,0.27473917748897764,0.9614485039460887,-0.011625773630562103,-0.7086635900755316,0.1943029767201563,-0.6782641589668034,0.05761214876619895,0.10645845488863076,0.07102040921459832,0.09838947497798027,0.12504522810287713,0.09026514180800642,0.13199689118737915,0.168554571831834,0.22589072613111,0.09041629880276883,0.1052687688922658
recon_face/prnet/FaMoS_180507_03344_TA__multiview_neutral__IMG_0720,1.0476518019226466,1.0476518019226466,2696,I,0.016859345920353597,0.011219519779025845,0.019572493809764443,60,0.0035287655671482304,0.7016245073510159,4.026912418892607,0.9998949630271282,0.005717038316469172,-0.013318347715318542,-0.005865145146187788,0.9999211017317267,-0.0111081224347149,0.013253791359164198,0.011185069713617676,0.9998496043056223,-0.0011220634961552902,0.014579883815351517,0.08691259861401987,0.028215409259363507,0.1793354207765452,0.18200110645867604,0.06069537289737023,0.050362357469543775,0.051203529290916754,0.05828935779858704,0.06046721386839723
recon_face/prnet/FaMoS_180507_03344_TA__multiview_neutral__IMG_0721,1.38822405317006,1.38822405317006,2703,I,0.016305512222566067,0.011049049434710577,0.017669517793675652,60,0.0034391827997828687,0.6865573005105925,3.9856503650080413,0.9997192574749773,-0.011381661177520989,-0.02078133832357158,0.011486534609413375,0.999921853821625,0.004934143551795262,0.02072355559129217,-0.005171463889760032,0.9997718690805875,0.0003502623064025096,0.013954558788104234,0.0884161568076488,0.027836515690300115,0.1792501416142596,0.18214524127114257,0.058337473439857054,0.04969939716906825,0.0510321437222911,0.06361136364572947,0.05715662150393061
recon_face/prnet/FaMoS_180507_03344_TA__selfie__IMG_0711,1.972817499205142,1.972817499205142,2705,I,0.01851229659809617,0.012340309524000418,0.02132525411991027,60,0.0036953650861985053,0.7285246397745024,4.306361385853961,0.9999434560261314,0.01062119308090962,-0.0005244121025192179,-0.010632668887411354,0.9994073331149226,-0.03274032480670484,0.00017635998952822543,0.03274404943888138,0.9994637542820138,0.0002729936319636702,0.0034151781179878327,0.08431896923603083,0.030101329297346748,0.18029021791905092,0.18346222934345707,0.061890380029968974,0.04854780033926294,0.05015368935502157,0.05874851219859459,0.05690457276258051
recon_face/prnet/FaMoS_180507_03345_TA__multiview_expressions__IMG_0739,6.693101796482111,6.693101796482111,2710,I,0.018647068678234575,0.013039403621154647,0.024743449848958234,46,0.003383381269613578,0.67,3.8326570929493755,0.9999613626638352,0.008585366406277781,-0.0018880315557295428,-0.008746616921223423,0.9931856483092464,-0.11621430499287083,0.000877423454690826,0.11622632867045475,0.9932223671725626,-0.0002728936491884639,0.015805147844080762,0.07915254681093675,0.02828316420260392,0.1674376460251985,0.16885160233487514,0.052876526783251374,0.05843234435902801,0.04543181636520892,0.06408104123392064,0.06072345111874338
recon_face/prnet/FaMoS_180507_03345_TA__multiview_expressions__IMG_0740,5.734185489239191,5.734185489239191,2705,I,0.02256843271988988,0.0176041091901483,0.027694148470540407,60,0.003427696233659433,0.67,4.245764177991077,0.9991794123107645,-0.013580864969812381,-0.038158382054102054,0.010036662567267556,0.9957468231435331,-0.0915834570436799,0.03923987027024817,0.09112532198150232,0.9950660321179401,-0.002607900260191531,0.01752314654302531,0.08193593550509629,0.033644079296766195,0.17555560193388764,0.1772927185690221,0.05595891376499686,0.055359912351721136,0.049624364383356295,0.06493836024327047,0.06234031142642128
recon_face/prnet/FaMoS_180507_03345_TA__multiview_expressions__IMG_0741,5.443484978027942,5.443484978027942,2711,I,0.02455681528804698,0.01974196479715449,0.030592275895552103,56,0.003743821849279366,0.7337208044596041,4.362527732970193,0.9999370368128276,0.010824858395843349,-0.002957169371522132,-0.011055293201932612,0.9954932391234688,-0.09418594030789658,0.0019242926495810077,0.09421270243535766,0.9955502316797605,-0.0013109942414700484,0.01090995434978271,0.07932478749078348,0.03419384000203299,0.17997651969660516,0.18056000834742753,0.058766029493373236,0.05532197618696476,0.0476234786129224,0.06283623327606716,0.06340923682534184
recon_face/prnet/FaMoS_180507_03345_TA__multiview_expressions__IMG_0743,1.144113294731568,1.144113294731568,2710,I,0.017862640414384928,0.012748019778122559,0.02006117312022621,60,0.003385989482934514,0.6807177863419052,3.911252173827961,0.9998043266208343,0.0180246965919676,0.008149771961697397,-0.018002485076932213,0.9998340477270563,-0.0027906158432565715,-0.008198719492395829,0.002643353645904077,0.999962896151746,-0.00024522132327305357,0.013108020650887654,0.08882084432797865,0.028066135696244048,0.17597045661312113,0.17794641027472732,0.0576861411420348,0.04936065940185296,0.051277901464026304,0.05965928369669376,0.0588276051170218
recon_face/prnet/FaMoS_180507_03345_TA__multiview_expressions__IMG_0744,0.7872370719206331,0.7872370719206331,2709,I,0.017387503351578175,0.012291523806832592,0.02238271421806121,55,0.0034598934818651558,0.6875999431654446,3.8563745450228453,0.9999328579005272,0.0028776449014832005,0.011224920966560597,-0.002794700877043422,0.999968729320212,-0.007397974636898039,-0.011245858699646573,0.0073661076248791365,0.9999096314770478,0.0005425060190859523,0.012839129940799561,0.08654254911050002,0.02752467255647704,0.17261272285770965,0.1769009163667487,0.05794359738254068,0.051283703404374346,0.0485603176211755,0.059421268752237556,0.0589759561840381
recon_face/prnet/FaMoS_180507_03345_TA__multiview_neutral__IMG_0725,3.92819126579671,3.92819126579671,2706,I,0.01840857073255014,0.01332725353001318,0.023317464610805607,60,0.0033842247577811524,0.678734695983074,3.961180751910433,0.9999410023632099,-0.0007234012159948887,-0.010838287850930295,-1.1384632740987531e-05,0.9977096266703719,-0.06764244761728613,0.010862396754356926,0.06763858026265662,0.9976507559245387,-0.001866523112556931,0.02179702330028284,0.084715244429239,0.029943035605324617,0.1709372821923284,0.174837824368455,0.05436632998773647,0.053976863974447106,0.045996382558191516,0.060728373187540055,0.06334605050490998
recon_face/prnet/FaMoS_180507_03345_TA__multiview_neutral__IMG_0726,2.8267169146993254,2.8267169146993254,2707,I,0.02113877986312363,0.01528146186379939,0.025941391226222597,60,0.0034959186356908665,0.6870853795010793,3.907608246896416,0.9996775500311068,0.018611464716657127,-0.017274528789660966,-0.019325284902145072,0.9989256910332983,-0.04211884562873977,0.016472077199161085,0.042439099598687594,0.9989632593333936,-0.0029456844986876637,0.008213624931954717,0.08416192518350477,0.03066886843743227,0.17133049326646732,0.17397357803459795,0.05573769771803006,0.053215086311410975,0.0531991612791049,0.05995211189364597,0.060804095596673026
recon_face/prnet/FaMoS_180507_03345_TA__multiview_neutral__IMG_0729,4.812964816607355,4.812964816607355,2709,I,0.020469701866279586,0.014996087881077006,0.024639564929106225,60,0.003452979348883939,0.6879641344911946,3.9940553829073906,0.999816011548098,0.018544610175579932,0.004903109777471157,-0.018082078908850864,0.9964899022126474,-0.08173685344177452,-0.006401677466746323,0.08163315638675124,0.9966418846827321,-0.002377778077250749,0.008007836303022847,0.0826901090646869,0.031238644926519083,0.1771517761206846,0.17603721653547047,0.05663974630036145,0.05486721854130199,0.04646951967708418,0.059898676511246696,0.06212251019006448
recon_face/prnet/FaMoS_180507_03345_TA__multiview_neutral__IMG_0777,1.1173727875535333,1.1173727875535333,2705,I,0.016251352173696915,0.010378894917314927,0.01913666250033864,60,0.0035629616914198644,0.7040954716555698,4.014825492864475,0.9998484318944953,0.008710668720421007,-0.015074398447732581,-0.008842762374560227,0.9999228943351675,-0.00871842519999803,0.014997292812537361,0.008850403088220153,0.9998483642900414,-0.0015568412634884299,0.01204567373663714,0.08766415205186268,0.02753469751134306,0.177024526271481,0.1854945232323329,0.06003183256574124,0.048123078887382445,0.05474528670029991,0.06155301051639041,0.05727455371058891
recon_face/prnet/FaMoS_180507_03345_TA__multiview_neutral__IMG_0778,2.8393881305125697,2.8393881305125697,2711,I,0.017823073596107655,0.01272718219398651,0.02149638428383909,60,0.003516128349473229,0.6949215840294147,3.9210173720493913,0.9989364239395339,-0.040200463079744855,-0.02258193293476732,0.039784663979594216,0.9990357017316629,-0.018570061323371686,0.02330668228056142,0.01765189603688721,0.999572513191202,0.0013343923482592905,0.01270299711241362,0.08832191272324069,0.02973430432955004,0.17397440535071312,0.17545190169028943,0.05783895652159482,0.0485523538582069,0.051459797638612095,0.061270369168308546,0.058675697769249135
recon_face/prnet/FaMoS_180507_03345_TA__multiview_occlusions__IMG_0748,2.7548404310102854,2.7548404310102854,2703,I,0.01788934280381909,0.012611397107877748,0.022269836010839157,60,0.003521424605044303,0.6975824992252256,3.9982593308668584,0.9990330329867292,0.04011061701369368,-0.01800381637646875,-0.04045287178103506,0.9989995181314729,-0.019066408622306567,0.01722103847054384,0.01977627810955385,0.9996561081982792,-0.0030136525135628558,0.012731458225158192,0.08695567828918008,0.029329875049672004,0.1764431892191382,0.1806892690254338,0.05854845698599059,0.04938396413014236,0.048881743398243666,0.06370942667066977,0.05957192973776029
recon_face/prnet/FaMoS_180507_03345_TA__multiview_occlusions__IMG_0749,2.6227370882264753,2.6227370882264753,2706,I,0.01890471903454155,0.013436642049027208,0.02402141944834429,60,0.0034698463792394094,0.6836457462169883,3.992536446079612,0.9989621667122958,0.04200823389723824,0.017603913266962506,-0.04208529346714678,0.9991058943135306,0.004029891033653158,-0.017418884902884325,-0.004766574534602948,0.9998369178100724,0.0005735272713357305,0.015990420954702385,0.08782602794724681,0.031196261933218235,0.17071862530133747,0.1750111990704287,0.05595401380190988,0.050165238844131155,0.04752596739911326,0.06254730189087568,0.05868052302203287
recon_face/prnet/FaMoS_180507_03345_TA__multiview_occlusions__IMG_0750,1.3258167213498993,1.3258167213498993,2694,I,0.0176558650668184,0.012299210701332199,0.021106759670148113,60,0.0034451492569200527,0.6889439609409475,3.9891490500885993,0.9997337684738667,0.015070387911952168,0.017472137282660016,-0.015040270357589501,0.9998851701083172,-0.00185387837548261,-0.017498069625288482,0.0015905991461572853,0.9998456318621114,0.0017833806296094065,0.011348167441414377,0.08920728083355547,0.028280301094457512,0.18195661081860126,0.18422234526661024,0.06038999441577027,0.045427628148089816,0.05034097417787431,0.06109302717250935,0.06006774555173488
recon_face/prnet/FaMoS_180507_03345_TA__multiview_occlusions__IMG_0762,2.843759873332773,2.843759873332773,2714,I,0.017361527052158324,0.012365425257450949,0.022000054404780953,60,0.0034016171705057254,0.6772330204434718,3.903421690920368,0.9996729546945147,-0.02285475802774449,-0.011473608317866618,0.022346177607495094,0.9988400342163359,-0.04265248401962138,0.01243511152635338,0.04238214343568558,0.9990240847542788,-0.0007364671496575882,0.01145375268745219,0.0858351969597414,0.02831709323849279,0.17431115923862897,0.17489299889590698,0.053419437390474965,0.05524824233436285,0.04500228431249214,0.06411657698423921,0.05962844452610647
recon_face/prnet/FaMoS_180507_03345_TA__multiview_occlusions__IMG_0764,1.7907849425694393,1.7907849425694393,2708,I,0.020466470374958665,0.014702841390024634,0.022270935628756688,60,0.0036440336644534606,0.7184892538565519,4.289305386831984,0.9997821677404779,0.005013150361738859,-0.020260439077223764,-0.005483092976271982,0.9997156568331798,-0.023206489911613983,0.020138340536520267,0.023312524660681445,0.9995253740823093,-0.0016500534680270566,0.013470931861005925,0.08449398844906211,0.03134123611289117,0.16335624464060594,0.1870663105312833,0.06135023073094193,0.04952956541647684,0.05271783076676396,0.06432440429871013,0.0601516424547576
recon_face/prnet/FaMoS_180507_03345_TA__multiview_occlusions__IMG_0765,1.2297038157959106,1.2297038157959106,2702,I,0.021577810361921666,0.015605192567354587,0.02704146402706117,55,0.003784349150238472,0.7307248554872211,4.372408977011219,0.9999611215002636,0.002278622468855681,-0.00851841344263585,-0.002111514653878386,0.9998061610136959,0.019575032692715624,0.008561366351331418,-0.01955628489000029,0.9997721013948624,-0.0006671651601744432,0.004172185023134184,0.084178234297306,0.03168530254163489,0.18206725698987752,0.19194964274052498,0.06322283095180158,0.050052629608935265,0.04897782348318521,0.06146124724313538,0.05882294898524701
recon_face/prnet/FaMoS_180507_03345_TA__selfie__IMG_0757,3.66267448637608,3.66267448637608,2707,I,0.019997663234249147,0.014178197788161458,0.02425594049178002,60,0.0035847971607070963,0.7157321797535193,4.349846369819716,0.9999220309457572,0.010591359185393293,0.006614766807605836,-0.010156112378914775,0.9979815531376751,-0.06268710376354426,-0.007265356884549734,0.06261503579429228,0.9980113084939566,0.000333958063353382,0.005861916058799328,0.08267142406144723,0.030891454828857492,0.1897788930340214,0.1912715130159647,0.06062212810683386,0.04970104145803523,0.05501169989157476,0.05990990444637631,0.056917129042083014
recon_face/prnet/FaMoS_180507_03345_TA__selfie__IMG_0758,2.979241646061367,2.979241646061367,2711,I,0.01837059315207888,0.013380859058951209,0.024343803037093274,60,0.003459152651364571,0.6913422266956883,4.066627829102799,0.9999094288969606,0.012380355230806729,0.005278333762920522,-0.012099745301083105,0.9986640416457011,-0.050236720509232675,-0.0058932305743682285,0.050168304019897664,0.9987233906869132,-0.0016937182477689452,0.013681841137045354,0.08366680384521102,0.02854172341833426,0.17827435147452178,0.1814664908736184,0.05740531309802516,0.050754638969604284,0.04944965365265451,0.05911106765005264,0.05869060570827529
recon_face/prnet/FaMoS_180507_03345_TA__selfie__IMG_0780,2.818698461046328,2.818698461046328,2717,I,0.020633469529910884,0.015195477317938801,0.02553652833302624,60,0.0035486020373519463,0.7068820700028169,4.103037375025451,0.9998194296799099,-0.015419714361031723,0.011105874281842338,0.015907625110059734,0.9988479628355555,-0.045273553015195554,-0.010394974646322656,0.04544204603983052,0.998912891574544,0.000637935447752558,0.00869901030347578,0.08244703645523149,0.02967015584997007,0.1784462777609453,0.18043746065496197,0.06017385485933809,0.049411623707516145,0.04688654727634518,0.059387523004527445,0.059951487595123615
recon_face/prnet/FaMoS_180508_02474_TA__multiview_expressions__IMG_0804,3.2392421133292966,3.2392421133292966,2723,I,0.02414366106248714,0.01827878722013626,0.026564343914846317,60,0.003347467014187167,0.67,3.892226994037628,0.9994200985938017,-0.01652492992619438,0.02977235660290667,0.017851217385617114,0.9988343659988034,-0.044846887713865094,-0.028996561254875024,0.0453523537504166,0.9985501306617958,0.0013858680288247004,0.029178269140326993,0.07967769927326118,0.03353450010991029,0.16319045122926476,0.1688562390472493,0.05144228846418241,0.05757100771351685,0.04568718057752702,0.07025006866946408,0.068585597477472
recon_face/prnet/FaMoS_180508_02474_TA__multiview_expressions__IMG_0806,3.033601470822991,3.033601470822991,2714,I,0.021060919724548217,0.015563734077051819,0.023830207267570833,60,0.003336679528650882,0.6828037080063998,3.9808457500766963,0.9992358838667547,-0.032721416076906436,0.021376560128972336,0.033463706139154316,0.9988148436839802,-0.035342444850040455,-0.020194770720607432,0.03603077804416418,0.999146612999851,-0.000585217949352776,0.02636164901253972,0.0823772111245982,0.030073503357091982,0.16994422339446316,0.1738130928600038,0.05563109773478608,0.05062062062608967,0.044925066085561634,0.06362234033785445,0.06465958316045753
recon_face/prnet/FaMoS_180508_02474_TA__multiview_expressions__IMG_0807,3.9584541496139574,3.9584541496139574,2712,I,0.020385551459944664,0.01536183011281979,0.025859705708591828,60,0.0033891672958145237,0.6819623473934056,4.022276873001829,0.9999044153106375,0.01203855563052457,-0.006799516205090316,-0.01247089954556598,0.9976347750907308,-0.06759683568179464,0.005969665553188354,0.06767517054280633,0.9976895480985981,-0.0018130098389535,0.021319686873535373,0.0812112094529526,0.031147981028792435,0.1759758088563435,0.17648184024121027,0.05550442381651491,0.052762466755915394,0.044404632955937454,0.062339741029279756,0.06278438330130053
recon_face/prnet/FaMoS_180508_02474_TA__multiview_expressions__IMG_0808,1.9588735649930016,1.9588735649930016,2707,I,0.020254242094922572,0.015191521877578839,0.025619022534853906,60,0.0033784530915900285,0.6847811695244305,4.037708460120484,0.9998326031034809,0.015436235434119957,-0.009822851263307304,-0.015713449444837973,0.9994616937190703,-0.028799484279296784,0.009373007941059119,0.0289490142117371,0.9995369434384639,-0.0005973367811389246,0.022478989732166763,0.08432813977031539,0.03093504302463325,0.17603159699327178,0.17700618201400278,0.05475664240685172,0.053599197301151556,0.04511419735854552,0.06406096541551569,0.0609250301148267
recon_face/prnet/FaMoS_180508_02474_TA__multiview_expressions__IMG_0809,3.169890581917162,3.169890581917162,2712,I,0.022668840381673903,0.01760675521163939,0.027200286487632154,60,0.003510948770335909,0.7008534418478725,4.310213192133233,0.999357801685358,0.02989687078967481,-0.019752501805947037,-0.03070261482135303,0.998652770656995,-0.04183291888260735,0.01847521728532805,0.04241250730731072,0.9989293496389857,-0.0005239374601493893,0.023732441545777874,0.08470550410017971,0.03378875126488997,0.18243325702410107,0.1843658671936293,0.05814716568827669,0.05338861068779607,0.0479783654607523,0.06668932129697827,0.06319613944678916
recon_face/prnet/FaMoS_180508_02474_TA__multiview_neutral__IMG_0782,3.200372193417752,3.200372193417752,2703,I,0.0205901227240779,0.015123950714315194,0.025488523140130063,50,0.0033198638805853856,0.67,3.8488880950026214,0.9998453103903184,0.01455220926353594,0.00987868898378417,-0.014008280159858513,0.9984930488870731,-0.0530603374580288,-0.010635947416708882,0.0529137461322409,0.9985424438113792,-0.0003850412171957486,0.014729716008015162,0.07909038330309656,0.029760033967563958,0.17244797417864807,0.17418306796861324,0.05452221239181178,0.05461672031119426,0.048287085232992966,0.061905295220184633,0.06179447284302467
recon_face/prnet/FaMoS_180508_02474_TA__multiview_neutral__IMG_0783,3.352325917732494,3.352325917732494,2708,I,0.020869153933264262,0.01602468321205384,0.02711373959216935,60,0.0035053351072661405,0.6964278379198358,4.060097261099145,0.999942713750417,0.00924265921437563,-0.005398376431699373,-0.009537726456600266,0.9983019900296992,-0.05746449753351767,0.004858085167067281,0.05751269384568506,0.9983329550080586,0.0003182093061062793,0.015876102436553727,0.08291942115241141,0.03100443540396466,0.1737750311904911,0.17319841947737472,0.056158351271653986,0.05365012482274335,0.04863211482676705,0.06312625922439476,0.061726715647969554
recon_face/prnet/FaMoS_180508_02474_TA__multiview_neutral__IMG_0784,1.8124756664414436,1.8124756664414436,2712,I,0.018256294521604533,0.012998292192948997,0.024818598946933845,60,0.003421906019150873,0.6839694867822194,4.073943647090346,0.9998716905092184,-0.006338109868008842,-0.014711590041130065,0.005934501391549407,0.9996091749039845,-0.02731811012879463,0.014878985565922364,0.02722729900442394,0.9995185290816037,-0.00367737636107559,0.0115713127942291,0.08468768135594815,0.028701878786549156,0.1757749373262025,0.17815289601404066,0.058122524561077187,0.051540428713809205,0.048370777286406305,0.06264854984291901,0.059813118458497315
recon_face/prnet/FaMoS_180508_02474_TA__multiview_neutral__IMG_0785,3.036508691250528,3.036508691250528,2705,I,0.01782111491777313,0.012449611454806558,0.02336041330859749,53,0.0034007678135953546,0.6952449674544124,3.9778870141599327,0.9998183456468723,0.015376260898604815,-0.011262606657842407,-0.01591418890354412,0.9986551655630613,-0.04934165467185615,0.010488770161155906,0.04951192679539373,0.998718456225534,-0.0017700608439797224,0.016195991831774538,0.08612308676033748,0.027967073724325584,0.17532993755698614,0.1803398803191777,0.058115779163492816,0.052244512307617084,0.04750626306494754,0.060657867016428925,0.06028111275946357
recon_face/prnet/FaMoS_180508_02474_TA__multiview_neutral__IMG_0891,1.8756421540028216,1.8756421540028216,2709,I,0.017892031301872488,0.012518334717535313,0.01917202801228716,54,0.0035051326447270523,0.6926149667444311,3.8973661039490253,0.9998848733657542,0.0069045459454700475,-0.013511745247633327,-0.007293523155051271,0.9995541424442161,-0.02895377078369294,0.013305808293252236,0.029048985660342624,0.9994894256057781,-0.0003443461880322595,0.01584015177008747,0.08658543407569064,0.027779514783144794,0.17475386133488338,0.1780090920347958,0.05744217104169302,0.04987154045185245,0.05168490549738354,0.06114256708270523,0.05804486113627552
recon_face/prnet/FaMoS_180508_02474_TA__multiview_neutral__IMG_0892,3.58340894277697,3.58340894277697,2707,I,0.019902711524745723,0.014763411506915108,0.026173196766510778,60,0.0034829986228066597,0.696135607410349,4.040503625990823,0.9997071802236264,-0.018012519303048487,-0.016158680567530614,0.0170511895040402,0.9981838551817992,-0.05777757515590862,0.017170053751328115,0.05748513201478015,0.9981987020886273,-0.0010357485164342738,0.015128552108165154,0.0865418681876595,0.030352915701779414,0.1736658273776072,0.17319170123344782,0.05544808873567396,0.0536814030218511,0.04927750369012564,0.064911532061535,0.058588174558839835
recon_face/prnet/FaMoS_180508_02474_TA__multiview_occlusions__IMG_0811,5.120751530258911,5.120751530258911,2707,I,0.021290213873128225,0.015619090889353891,0.028504716925752162,60,0.003465830225354554,0.6917551867433888,4.1395029940176755,0.999717723819558,0.0007394100488124336,0.02374712516962542,0.0013068451761010546,0.9962910399740266,-0.08603752566850861,-0.023722665042693734,0.08604427314036235,0.9960088444501981,-0.0016736223646494036,0.017490600044054797,0.08426821988804073,0.03134791938541461,0.17498736011770966,0.17597924774550058,0.055104278808174104,0.05389657969215334,0.05102495891209848,0.06093235491695858,0.06468013636706654
recon_face/prnet/FaMoS_180508_02474_TA__multiview_occlusions__IMG_0812,2.5839382495709784,2.5839382495709784,2704,I,0.01854614546295464,0.01335590971485491,0.024927436503445456,59,0.0033434500490421076,0.6742895061051665,3.8860854459926486,0.9998715375017495,0.013952802205353467,0.007888460211340709,-0.013607975760261376,0.9990167118076511,-0.042195171817836004,-0.008469444467954255,0.042082405345308424,0.9990782450192564,-0.0012672691626492477,0.019758592529404012,0.08198788952121525,0.029037450226899075,0.17266137598991185,0.17328113989234015,0.05427043371618823,0.05252061094929145,0.04779527937650499,0.06371269512014274,0.06080610868382493
recon_face/prnet/FaMoS_180508_02474_TA__multiview_occlusions__IMG_0813,2.831730034113934,2.831730034113934,2708,I,0.01898368768502976,0.013654947118320916,0.024551989299330713,56,0.0035057155185588417,0.708337667287882,4.028168213088065,0.9998459070217804,0.011307118063810302,-0.01342800405440171,-0.011915213837787297,0.9988655737038165,-0.046104157605859765,0.012891465820215154,0.04625705081862876,0.9988463822623422,-0.0014161684467025256,0.009182213719181459,0.08258277805573228,0.028793255504072166,0.1782549983942739,0.17974575314907104,0.05577976960932434,0.05255540284277335,0.043155871033249055,0.06062455651756289,0.06104717756304335
recon_face/prnet/FaMoS_180508_02474_TA__multiview_occlusions__IMG_0814,4.194838802162908,4.194838802162908,2706,I,0.019578268487951855,0.014328937835942067,0.020673349808248406,51,0.003476118406374359,0.6983908461171002,3.9381888860370964,0.9995420753528775,0.02942607151319831,-0.007053078374890339,-0.02983057016644955,0.997339487711851,-0.06651378303937036,0.005077074236874817,0.06669372208809489,0.9977605778698764,-0.0015794330307758642,0.01748597652783372,0.08399203186305046,0.029298573209097286,0.17753291968103121,0.17898202400828045,0.0555090812106151,0.051099461774357216,0.05155048463087832,0.06288785738768185,0.05922937466473578
recon_face/prnet/FaMoS_180508_02474_TA__multiview_occlusions__IMG_0815,3.6474436214504036,3.6474436214504036,2701,I,0.018506348365379465,0.013511882952578595,0.02460002274273839,60,0.0035028836958773553,0.7034441916542595,4.056809320813045,0.9994533559031208,0.0318316734752983,-0.008929386191153115,-0.03227011037453078,0.9980068862795546,-0.054230018578297005,0.007185356665076666,0.05448852633673285,0.9984885433229801,-0.0018412120862987638,0.016192714213610765,0.08419830278873253,0.028697335626957438,0.1738596643055539,0.1771902880862992,0.056234121432665415,0.0528303887489449,0.05136020310571947,0.06233011061831738,0.061156700695958174
recon_face/prnet/FaMoS_180508_02474_TA__multiview_occlusions__IMG_0816,3.194372755676035,3.194372755676035,2702,I,0.02014801811520209,0.01456989434644293,0.02586526556877698,60,0.0035088676126788557,0.7049633995870482,4.15301940892823,0.9991200387346033,0.030294921163162784,-0.0290063088082967,-0.031339364018585884,0.9988509857567751,-0.0362567582062574,0.027874584514842204,0.03713389293400579,0.9989214591416538,-0.00017632804777691362,0.0149976603307145,0.08271623357006164,0.030310916733078248,0.17883762864324232,0.181773765320652,0.05796307284852463,0.051122696814320606,0.049796182930594256,0.063030166352261,0.05895048374080367
recon_face/prnet/FaMoS_180508_02474_TA__selfie__IMG_0874,4.619034042123679,4.619034042123679,2724,I,0.020846235312840064,0.014988345354266592,0.028616521098842537,60,0.0035335033987776605,0.7053425020099424,4.172604128951207,0.9999543222995867,0.009430918333893286,-0.0015527697040330205,-0.009524883542665527,0.9967528701737227,-0.07995619046668938,0.0007936673566331726,0.07996732820237476,0.996797169193563,-0.0018098634909354408,0.008908798046790747,0.07998019225276104,0.03025914863420063,0.17467291912231545,0.1776972675072315,0.05555252503017094,0.05209738902004128,0.0431507015462247,0.06221203693414497,0.06278356269087859
recon_face/prnet/FaMoS_180508_02474_TA__selfie__IMG_0905,5.517253569238249,5.517253569238249,2709,I,0.021053421263287322,0.01541856508859978,0.0313224614311719,60,0.0036786580335044523,0.7244917016650259,4.225549496943131,0.9991911892526937,-0.03935612456538567,-0.008250016907989864,0.03848463655896887,0.9954169453125236,-0.08754449002426612,0.011657618483736143,0.0871561841975576,0.9961264475393722,0.00015391180372826044,0.004122000510613004,0.08125181014507635,0.03102756393703974,0.1765485915324558,0.17917938617216927,0.055655590603763266,0.05537377012743308,0.04488332491191349,0.0632472672575361,0.06079873765918132
recon_face/prnet/FaMoS_180508_03229_TA__multiview_expressions__IMG_0967,5.819086409761644,5.819086409761644,2707,I,0.021991345693828032,0.016374821691266642,0.026887581422865042,51,0.0033728443587118778,0.6729573752549182,4.144580106949434,0.9999595688190733,0.00745763430418299,0.005024382325953953,-0.006912087313369582,0.9948615430792889,-0.10100857959039614,-0.005751849801988986,0.10096976672490679,0.9948728674717053,0.0010249812147409814,0.022492375722313135,0.07481125111496387,0.031063314435949896,0.1693802613221033,0.17614089603473299,0.054318313531793276,0.05614700051800507,0.04966663061853621,0.06426994567472359,0.06478916330438168
recon_face/prnet/FaMoS_180508_03229_TA__multiview_expressions__IMG_0968,6.480640404076147,6.480640404076147,2707,I,0.01899038741958903,0.013126934160432521,0.025416828637631023,54,0.003380835578917069,0.6842060618624092,3.963250637985766,0.9999038376330526,-0.0007607792620649254,-0.013846902238697046,-0.0007951444837587524,0.9937062112629621,-0.11201488045192223,0.013844971359434792,0.11201511912381683,0.993610049192204,-0.0005830202047403324,0.01940390845232043,0.07422734115954371,0.028318092309087217,0.1722919928780978,0.17111341460652288,0.052299565720077205,0.05571718025674266,0.047570870641903615,0.06080697504285427,0.06316568937615878
recon_face/prnet/FaMoS_180508_03229_TA__multiview_expressions__IMG_0969,6.139878076762114,6.139878076762114,2712,I,0.018335469708234554,0.01242403573181196,0.023623951703720402,48,0.0033468328245335388,0.6789355365845521,3.9346849019639194,0.9999300125174619,0.007157700279714389,-0.009420052735175509,-0.00811854336560386,0.9943044762338301,-0.10626710589354481,0.008605772507365083,0.10633614563296358,0.9942929974667812,0.00031351983895447426,0.022138550334834903,0.07638382283673278,0.027998185168182584,0.17605527733922166,0.178136172064945,0.05217353142155535,0.056948497651816234,0.045447002901502206,0.06509033340228679,0.06306958234280262
recon_face/prnet/FaMoS_180508_03229_TA__multiview_expressions__IMG_0970,4.314599025376369,4.314599025376369,2704,I,0.019211675633164064,0.013893978421348995,0.025992705314017074,60,0.0034269967675482037,0.6980472436716787,4.050395110854879,0.999771345313161,0.016046292884696615,-0.014134128037155008,-0.01702414969298802,0.9972577504224922,-0.07202192408914854,0.012939683842462807,0.0722460774501345,0.9973028972559574,-0.0012061745514674116,0.0172527214436771,0.0804380154405418,0.02937602618348757,0.17543349194909794,0.17461259632537054,0.055707564151439695,0.05549522511218421,0.04887861052961806,0.06053737723941053,0.060293553542710446
recon_face/prnet/FaMoS_180508_03229_TA__multiview_expressions__IMG_0993,2.4287102036436212,2.4287102036436212,2704,I,0.019990683802451045,0.01481896944179191,0.025262133966679808,58,0.0033553397425982465,0.6853695329185168,3.9958350060041994,0.9999434743498772,0.010627786566318168,-0.0003134609967055419,-0.010631699293863489,0.9991017258422785,-0.04102082872279551,-0.0001227811896466139,0.04102184261684065,0.9991582423986193,-0.0014089961580133112,0.023575329136826223,0.08375095440646599,0.03030164536826283,0.1739464229340046,0.17624765725124153,0.05401250161729518,0.05275206340745655,0.04544891241026691,0.06182540849091986,0.062432601869759165
recon_face/prnet/FaMoS_180508_03229_TA__multiview_expressions__IMG_0996,4.320300123364399,4.320300123364399,2702,I,0.01789097751921387,0.012298894555402862,0.024035128081825896,49,0.00341445623482446,0.6926231915937225,3.964004819979891,0.9993820786114377,0.000529137828087339,-0.03514514139168294,-0.0028707405890471055,0.9977749801106679,-0.06660966831945439,0.03503169705784886,0.06666940136461577,0.9971599526269249,-0.002671495892076456,0.019471017039650672,0.08119558692475237,0.028758196373743657,0.1752872562009509,0.18065040006244393,0.05453697764630345,0.05336233748493884,0.051925241734810224,0.06155111937498522,0.059991859794232584
recon_face/prnet/FaMoS_180508_03229_TA__multiview_neutral__IMG_0952,1.9338314721193968,1.9338314721193968,2722,I,0.019976068385079777,0.014358201317332495,0.022825995324971555,60,0.0034009214765592932,0.67,3.719487320864573,0.9995375370549623,0.00803583162870005,-0.029328099633876118,-0.008464187587338842,0.9998588864755875,-0.014510846435851137,0.02920735432362406,0.014752374243954763,0.9994645055766516,-0.0035133150314601088,0.019150512340788732,0.08253542811952394,0.029648170183234363,0.1608216058357605,0.16640872576128696,0.05461352931999594,0.051583519323127935,0.04229434179892409,0.06762587509067833,0.06289466565582834
recon_face/prnet/FaMoS_180508_03229_TA__multiview_neutral__IMG_0957,1.0727352601714588,1.0727352601714588,2706,I,0.021066293662983862,0.014507393201033138,0.026535650450479075,60,0.003462852937669549,0.7057266023878007,4.0163399879820645,0.9998334184751707,0.018066672358560697,0.0025943496569344033,-0.01807732797872332,0.999828002824195,0.004144270952904261,-0.0025190302506491397,-0.004190479503569545,0.9999880471126275,-0.000248060817571075,0.017823351592630522,0.08559596536401834,0.031145386103837214,0.17437370599756288,0.17576095543770243,0.058052946022820545,0.049254452132287505,0.04451827736949509,0.06313258649176526,0.061478884027229105
recon_face/prnet/FaMoS_180508_03229_TA__multiview_neutral__IMG_0958,1.056062917032251,1.056062917032251,2708,I,0.01798165933405064,0.0126630994190983,0.02380828300933261,60,0.0035459571693872215,0.7032931105440171,4.075984539929777,0.999845484005455,-0.009625619410330731,-0.014709030044997327,0.00954398465766569,0.9999387175219537,-0.005610129891892762,0.014762129614368418,0.005468880280014098,0.9998760777605051,-0.00045278653645344487,0.011286161119153933,0.08366144492812116,0.029017051302415286,0.1760975568875566,0.17796692176956844,0.0596069592953334,0.0518358175200504,0.04918617190418449,0.05897547831849279,0.059534828825440034
recon_face/prnet/FaMoS_180508_03229_TA__multiview_neutral__IMG_0987,0.8876740918343806,0.8876740918343806,2706,I,0.01654324353602878,0.011552977688225254,0.022891451431732324,60,0.003423034361474841,0.6865029702929378,3.9258961209561676,0.9998816693900883,-0.0078017779916890505,-0.013258185315405565,0.007826075232351667,0.9999677884766268,0.001781728268188949,0.013243857600669486,-0.0018852769909190065,0.9999105189798342,-0.0013564555729713387,0.01587980007989446,0.0864071780261855,0.027457971701064354,0.1774567123213377,0.17947850969251805,0.05280869508303883,0.05022350562099703,0.04436103985514002,0.06230830988025517,0.05929597834859171
recon_face/prnet/FaMoS_180508_03229_TA__multiview_neutral__IMG_0988,1.1910371671627338,1.1910371671627338,2706,I,0.015516165247253227,0.010303694213875322,0.022742121323200064,48,0.0034725818496981016,0.6944895687098598,3.923959543928504,0.9998400983006127,0.0022508761171616035,-0.017740106733778266,-0.0024387512118940044,0.9999410996115149,-0.010575906591906591,0.01771525677903482,0.010617479193266098,0.9997866966572587,-0.0007950897524959921,0.016046362703259417,0.08526436411177055,0.02696074160004517,0.18164210170720327,0.1828751330907744,0.05700929532445968,0.04993194195394404,0.04965660560330488,0.06047313371537153,0.05953437448247796
recon_face/prnet/FaMoS_180508_03229_TA__multiview_neutral__IMG_0990,1.6371472099795146,1.6371472099795146,2703,I,0.017063535640599453,0.011280984464344166,0.02342150349301668,60,0.0034955261342861327,0.698624891181246,3.94298512279056,0.9998715523548196,0.010536966909099315,-0.012076883700653886,-0.010819671887316576,0.9996632249577655,-0.02358752567122609,0.01182427553017027,0.023715163828160614,0.9996488270951905,0.0001485825302375743,0.014214206493685419,0.08587052312919757,0.027513385014061774,0.17141118450265572,0.17480979283427828,0.056421016111883326,0.05014834934756788,0.04611083363861697,0.060607550821774825,0.06077744075117775
recon_face/prnet/FaMoS_180508_03229_TA__multiview_occlusions__IMG_0947,2.4485658275405098,2.4485658275405098,2707,I,0.02183967798929661,0.016368185668558747,0.02687860500052581,60,0.003396734769929402,0.6812570188792055,4.016637324122712,0.9998529629924559,0.00375509169037747,0.01673175668014426,-0.0030974281672096825,0.9992281406642112,-0.03916029677482683,-0.01686589262255842,0.03910271334754616,0.9990928482753263,0.0004962900289467363,0.026709239672793914,0.08294047215129846,0.03312411132023379,0.17481559380852738,0.1763225058439892,0.05310878752060836,0.05367599153037021,0.04438214174474899,0.0651666837848174,0.06161696510607524
recon_face/prnet/FaMoS_180508_03229_TA__multiview_occlusions__IMG_0948,1.6009448110096645,1.6009448110096645,2706,I,0.019500705453168243,0.013513783067724447,0.024549441257171702,60,0.003409234474400265,0.6935958371969898,4.07851302693598,0.9999423484709662,0.009149334380261024,-0.005620446135945484,-0.009291260452170906,0.999624790763862,-0.02576723053639392,0.0053825842844133125,0.025817966045060998,0.9996521697149052,-0.0006746861027431292,0.0216221196024136,0.08321096022993277,0.03058778819372692,0.17485845262206393,0.1770142027396524,0.05614304289255231,0.05206700548992089,0.04884275462694617,0.06055943561722216,0.06381388746421132
recon_face/prnet/FaMoS_180508_03229_TA__multiview_occlusions__IMG_0949,1.5997602121447305,1.5997602121447305,2710,I,0.016817689035923684,0.011839233989685708,0.023255088296822244,60,0.0034315715484593374,0.6898464720927192,4.012578458990902,0.9999908146644094,0.003262127777688319,-0.0027801275463000385,-0.0033375807157583156,0.9996139716414131,-0.02758202773992071,0.002689078239371266,0.027591053289825505,0.999615677466385,0.00047688317652815255,0.019817028270540563,0.08463056568303315,0.02762749923378289,0.1772989186599582,0.18012066700893792,0.05463289673666863,0.05540991249108261,0.04549166972543189,0.06076718468268263,0.061249511247506556
recon_face/prnet/FaMoS_180508_03229_TA__multiview_occlusions__IMG_0950,0.6773310983852634,0.6773310983852634,2711,I,0.015479709900466489,0.010324452679789172,0.021079711480016222,60,0.003391746036822186,0.6885711601813189,3.9149417649023235,0.9999302449325624,0.004890690435052674,-0.010751112322702868,-0.0048959550285767595,0.9999879073627425,-0.0004634141144388869,0.010748715898424467,0.0005160187513949433,0.9999420977392558,0.00011623324880643895,0.015230944610153029,0.08494724519527133,0.02755428438657838,0.17579458028492695,0.17777047240382707,0.05588761553188787,0.05325493949144925,0.04667085542085333,0.05895345007619718,0.05841340870822776
recon_face/prnet/FaMoS_180508_03229_TA__multiview_occlusions__IMG_0951,1.8706677921428208,1.8706677921428208,2699,I,0.018462214713936456,0.01311829738384807,0.024231116710727467,60,0.0035619745098892878,0.7144720456203043,4.1759351880755275,0.9996934642075279,0.02367223558521864,-0.007252784509966675,-0.023821212964615226,0.9994915657346612,-0.0211933913795952,0.006747401992215047,0.021359664970971314,0.9997490871607151,-0.00022313521489956343,0.01425707083218511,0.08154643344355919,0.02903995602063068,0.17984942065043577,0.1830457209365859,0.06139924739687543,0.05121109226832198,0.04598112244833154,0.06127742776629037,0.058262860888976725
recon_face/prnet/FaMoS_180508_03229_TA__selfie__IMG_0977,3.3664105785528573,3.3664105785528573,2712,I,0.022908249713770763,0.018199660265974922,0.030744273161536738,60,0.0035997953802817517,0.7204971696876797,4.2002574019134045,0.9994404906347352,0.027645152314439845,-0.018826875293321877,-0.0285219596100646,0.9984392502855959,-0.048016260882522296,0.017470074407417532,0.048526374711573325,0.9986691080921403,-0.0016819888228664932,0.007998067961577746,0.07939039395590941,0.03278285258356293,0.17400483574751116,0.17497724061772815,0.05828107057518959,0.0568080378287664,0.045230256628177076,0.0631148720825463,0.061740610391838376
recon_face/prnet/FaMoS_180508_03229_TA__selfie__IMG_0997,0.8542784850216589,0.8542784850216589,2717,I,0.018407418646265168,0.012379510875161301,0.025102022106364995,60,0.003584476464308229,0.7148885415042641,4.111813477007672,0.9999599352712613,0.0004601631511490956,-0.00893958064843286,-0.0005667221437013906,0.9999287813320276,-0.011921035603447674,0.008933458362098586,0.011925624248698708,0.9998889802412924,-0.0007459690405590793,0.008344119764811656,0.0834322152473049,0.02950324989316647,0.17667932845111886,0.17895745876075986,0.05936294125235906,0.04978746001943355,0.0435446184767858,0.06027629718319079,0.05952362757295071
recon_face/prnet/FaMoS_180509_03346_TA__multiview_expressions__IMG_1015,2.861999597501389,2.861999597501389,2706,I,0.018771197348342743,0.01318465420435396,0.024718558763127934,39,0.0034336783137043332,0.6915188218429595,3.7574722259305418,0.9996974647943919,0.02451394641151157,-0.0020112968452291866,-0.024578197614478582,0.9987537847729229,-0.04343719148132954,0.000943973352234596,0.04347348425299706,0.9990541352105076,-0.001823390615622565,0.020739635186237518,0.07966109316506761,0.028688916753846754,0.17342828423316686,0.17474509481147882,0.05381469806592535,0.05361064003891181,0.049159830201873506,0.060306383209886225,0.06256431808067583
recon_face/prnet/FaMoS_180509_03346_TA__multiview_expressions__IMG_1016,1.7399922766249087,1.7399922766249087,2706,I,0.018432420618135114,0.012513387272272313,0.023517537115356858,54,0.0034572326613034774,0.6946726228804914,3.9066600259393454,0.9998295032345613,0.01495725015823661,0.010827979009707125,-0.014691872151220413,0.9995994973016781,-0.02418664687228242,-0.011185408102654053,0.024023439843957165,0.9996488188277125,-0.001053964148408416,0.02082558104626467,0.07967571794320291,0.028398496200339986,0.1765519931016403,0.17820544589137538,0.05504569773344949,0.051270416319683404,0.04655364248822491,0.06031882659904996,0.06199856606070045
recon_face/prnet/FaMoS_180509_03346_TA__multiview_expressions__IMG_1018,1.963811261484621,1.963811261484621,2702,I,0.01767998780576181,0.012261157281862953,0.023070720053949167,60,0.0034311479847983603,0.6868195871524491,4.041648188140243,0.9999941499914061,-0.003360187574854862,-0.0006396267884183875,0.0033364241605088668,0.9994129134209637,-0.03409833956724819,0.0007538280890523869,0.034096006025398126,0.9994182778578385,-0.0004907779425940631,0.016084748294065115,0.08016596972590379,0.028106062044954878,0.1781315357216553,0.18044385726270787,0.058169787758525965,0.051091699523090096,0.04483873262481567,0.06074243523802172,0.06068294420573661
recon_face/prnet/FaMoS_180509_03346_TA__multiview_expressions__IMG_1020,4.440575502708497,4.440575502708497,2707,I,0.01776158461557449,0.012016413849612904,0.02327763317620552,60,0.0033564699628499395,0.6765409727583748,3.966355283977464,0.9997136426281863,0.020761459821348704,-0.01189934994730811,-0.0215814634510752,0.9970600767245974,-0.07352172357371209,0.010337948461463924,0.07375747547215768,0.9972226239078122,-0.0024936115934831343,0.01859372579356871,0.07826831045715607,0.027679329489152533,0.1723653912801833,0.17385405950334948,0.05268542432195039,0.055634337355496485,0.0458345479951594,0.06372135156814762,0.06074090926244235
recon_face/prnet/FaMoS_180509_03346_TA__multiview_expressions__IMG_1062,3.283101946046913,3.283101946046913,2707,I,0.017081810006299093,0.011772789273808749,0.024212071494957316,60,0.0033830238590320913,0.6818801574443875,4.00287701911293,0.9998624004909245,0.011758082495231118,-0.011701605896678796,-0.012381884712386047,0.9984234477940302,-0.05474767416110417,0.011039430034880691,0.05488502884317901,0.9984316524396593,-0.0023458405550223784,0.0175617893264802,0.08340773054148065,0.027892287885641492,0.17727790356357168,0.17811604862529246,0.0532834129020836,0.05617701700276795,0.04658298952373573,0.06056987007630099,0.059569932173886585
recon_face/prnet/FaMoS_180509_03346_TA__multiview_expressions__IMG_1063,3.293121790612266,3.293121790612266,2705,I,0.018109246651336893,0.012644501940787617,0.024389185533086288,46,0.003454222684095523,0.6866080687075168,3.9998704760801047,0.9990092024985255,0.03784046075881775,-0.02342462065477239,-0.03866689554047775,0.9986072407906869,-0.0358949833496618,0.02203371308974949,0.0367651760497769,0.9990809963749223,-0.0025270502084453394,0.01778627401390971,0.08027397745472042,0.02829282957310023,0.17750824643810584,0.18483803422601733,0.056204371827966275,0.053462443542748116,0.04922145763714712,0.06346501424379035,0.05960956936054409
recon_face/prnet/FaMoS_180509_03346_TA__multiview_neutral__IMG_1012,1.5718412557156956,1.5718412557156956,2702,I,0.019650856484776696,0.014662233566732819,0.025670606490651008,60,0.003564666004182426,0.7087136001655063,4.266475332900882,0.99972309976435,0.02231601817841495,-0.007464524781900618,-0.022419042860313307,0.9996504167176191,-0.014015379892023436,0.00714914783637811,0.014178846531045593,0.9998739170496765,-0.0018177087898128982,0.017710922972637363,0.08479642265983786,0.03045288366279342,0.18800210476748283,0.19121760565922374,0.06011534783372308,0.051960459594697264,0.05188311630062203,0.06023837417669715,0.059424816835469754
recon_face/prnet/FaMoS_180509_03346_TA__multiview_neutral__IMG_1013,0.8793757781123243,0.8793757781123243,2706,I,0.0176434989823779,0.01215265708428037,0.01822822105861416,56,0.0035821396301198697,0.701816100062279,4.018371292855591,0.9998897713456583,-0.00476321076004361,-0.014062609344745628,0.004817820347934346,0.9999809751776761,0.003851998156771648,0.01404399392703343,-0.003919324681644558,0.9998936969141358,-0.00016162126606587206,0.01753975548196606,0.08635340980926837,0.029761609097070135,0.1773801434903835,0.18463446415110443,0.05868022834287172,0.049703357553478995,0.051872498692763634,0.06290655667178945,0.0596772374880799
recon_face/prnet/FaMoS_180509_03346_TA__multiview_neutral__IMG_1049,2.0638493651941356,2.0638493651941356,2701,I,0.02043725100303373,0.01434987317987621,0.025405750267427196,60,0.003598620421680291,0.7086006834756446,4.185217780992389,0.9994348170266826,0.021097566598517675,0.026171343077170624,-0.02143405729047743,0.9996903073548139,0.012643993392355382,-0.025896480512038533,-0.01319780528946005,0.9995775058656687,-0.0010210210424753939,0.020008238606674375,0.08587145981326502,0.03156847601016913,0.18353183023786687,0.18661301888221546,0.06299930078606354,0.0499388765368459,0.048640616206656946,0.059189004915715784,0.061720212853793345
recon_face/prnet/FaMoS_180509_03346_TA__multiview_neutral__IMG_1051,0.2574549727653523,0.2574549727653523,2699,I,0.01848720645282304,0.012859430776997999,0.024484750112340196,60,0.003517140348061533,0.7065411682552089,4.118641029810533,0.9999907172899686,-0.000108474251756037,-0.00430738519640752,0.00011396591666847139,0.9999991810542195,0.001274716698019093,0.004307243394952572,-0.0012751957602958486,0.9999899107141578,-0.0005850114007984143,0.0112914046638403,0.08277694340703817,0.02849202323525153,0.18340422398713405,0.18582406691539513,0.05882057649257558,0.04976693076377699,0.046533436579590484,0.05915353139523773,0.06096998185492596
recon_face/prnet/FaMoS_180509_03346_TA__multiview_neutral__IMG_1052,0.364891870680794,0.364891870680794,2709,I,0.01681912869080807,0.010902211109146423,0.023890586210240393,60,0.0035447257875644185,0.702893764978313,4.074078927049413,0.999981927858642,-0.0011117493592762886,-0.005908296664483798,0.001124160277209932,0.999997167984816,0.002097685872108232,0.005905947831173657,-0.0021042898348488234,0.999980345679107,-0.0004336459431699245,0.012146687783335351,0.08475380022491813,0.02800247978703836,0.17710946476162553,0.18050020388623583,0.060211221386345486,0.05215696313505953,0.04419695445705704,0.060250595130140625,0.058667809753255355
recon_face/prnet/FaMoS_180509_03346_TA__multiview_occlusions__IMG_1032,5.00818480578699,5.00818480578699,2707,I,0.021403985665611112,0.016152388637757066,0.023226657749543574,60,0.0032338036697755444,0.67,3.9449171531014144,0.9993691950224214,0.021583499738757953,-0.02820220876570705,-0.019264558515968706,0.9966040731686806,0.08005746766404864,0.029834356460669724,-0.07946366391390745,0.9963912069523474,0.0012671048935414242,0.01664386690647829,0.08794173342950018,0.03079496842552197,0.15708401399020708,0.16308794619980124,0.06617544962888092,0.04891909370399947,0.04550377057770991,0.06603081649267854,0.06297202891545306
recon_face/prnet/FaMoS_180509_03346_TA__multiview_occlusions__IMG_1033,3.602529467824177,3.602529467824177,2710,I,0.022065882368985545,0.015850000256566993,0.026302355466933117,60,0.0033094904849107253,0.683682206986655,4.014218119904399,0.9984235718691916,0.053921807736802864,-0.015582354968379794,-0.053459588840454604,0.9981576125081052,0.028695869966413153,0.017100979415660997,-0.027817606699984586,0.9994667264399103,-0.007670886032518331,0.021774280614677566,0.08153035692462227,0.03291700086506633,0.15788913774527816,0.1739325849654666,0.058345212305916244,0.05542803226592149,0.04786185138373033,0.06389409396043554,0.0664817544077156
recon_face/prnet/FaMoS_180509_03346_TA__multiview_occlusions__IMG_1034,4.402296989194168,4.402296989194168,2702,I,0.021494275154186376,0.015445204635512287,0.024336053370359427,60,0.003336820487359028,0.67,3.9287135400809348,0.9986552430049676,0.04898749432516584,-0.01696853023780871,-0.047947298140912066,0.9972181533013178,0.057070231533583045,0.01971705403137249,-0.05617989076219473,0.9982259552096767,-0.004404991896133037,0.01594003441659999,0.08650512202505098,0.031156284170828573,0.16086895336615145,0.16864409409554962,0.06116021689370861,0.050622744779712806,0.04938455163872251,0.05843538908486706,0.06422387640020824
recon_face/prnet/FaMoS_180509_03346_TA__multiview_occlusions__IMG_1035,5.607368930586024,5.607368930586024,2702,I,0.029580287347041885,0.02177107116640105,0.03172062159294529,60,0.0034667280016019483,0.67,4.2156176248099655,0.9964854155528872,0.03543406619526261,-0.07590285596247004,-0.03156056971054629,0.9981670451607201,0.05163797434701751,0.07759347285651995,-0.04906095094866401,0.9957772221044613,-0.021767457502167843,0.011604693048517092,0.07978116931028689,0.03684249162890909,0.16521515299277592,0.17676496564747984,0.05842893719184954,0.052760731358772676,0.05457795389154944,0.06691882749859211,0.055409621589751594
recon_face/prnet/FaMoS_180509_03346_TA__multiview_occlusions__IMG_1037,6.331786010913408,6.331786010913408,2696,I,0.037510166792732544,0.03203135227877934,0.03837114396083527,51,0.0034295351603924147,0.7107558509170294,4.733032183954492,0.996543426193048,0.0032002723941257968,-0.08301179415013507,-0.009228954653088633,0.9973371291564569,-0.07234277574138576,0.08255922787570283,0.07285882968151892,0.9939192949279166,0.0018350544527586407,0.04523692324437015,0.07762483883501603,0.04476929633735113,0.16454317717236056,0.17346282306412605,0.06915056787260167,0.06225140725922993,0.05996307236120692,0.07529424166265458,0.06522164510262304
recon_face/prnet/FaMoS_180509_03346_TA__selfie__IMG_1031,3.33404064315325,3.33404064315325,2714,I,0.01891798796292859,0.013888227774562336,0.02434373537563498,52,0.003357240773673613,0.6858250508117347,3.8498319489881396,0.9998664937503791,0.016092137964060147,-0.0028350963067101296,-0.016225303154998105,0.9983102839513167,-0.0557971011305189,0.0019324111495941684,0.055835652165857286,0.9984381031062279,-0.0011857264871610674,0.020376196646700193,0.08002291950578302,0.029221006273400983,0.175862074230869,0.17716659006455132,0.053659372888220994,0.05352234457866226,0.04481557462634384,0.06274596230336105,0.059617821292672596
recon_face/prnet/FaMoS_180509_03346_TA__selfie__IMG_1065,2.5627572275008634,2.5627572275008634,2708,I,0.017160135835570186,0.012190721923576115,0.022728153655120736,60,0.003426895713597058,0.6901792937029825,3.909960110904649,0.9999171961254305,0.01286519049777549,-0.00029625346086406757,-0.012866075014975685,0.9989998453141543,-0.04282257787667125,-0.00025496346041223696,0.042822843620554704,0.9990826487622947,0.00018967007364304386,0.017345831854963953,0.084711408709087,0.027564898158512572,0.17704794967097562,0.1790415016925951,0.05537103796623732,0.05278774979607782,0.04639918940792509,0.05946141871337706,0.05920517272330932
recon_face/prnet/FaMoS_180509_03347_TA__multiview_expressions__IMG_1080,3.8222685210610834,3.8222685210610834,2712,I,0.01931048125916964,0.013632864881518757,0.025388787954596703,60,0.003412181946876244,0.6779706525697471,3.9301021511200815,0.9998734073507143,-0.015342726751484544,-0.004215448813702331,0.015037626402612036,0.9977867284430685,-0.06477279008236453,0.0051999100999082426,0.06470119997888661,0.9978911341705794,-0.0016647188148132984,0.021969862048283675,0.08532170669000494,0.028708536846799092,0.16956155065705728,0.17303410254076926,0.05484828900976728,0.05180213458513868,0.05167513083032631,0.06309776117596799,0.06149009795415919
recon_face/prnet/FaMoS_180509_03347_TA__multiview_expressions__IMG_1082,3.081061715786808,3.081061715786808,2706,I,0.019934246521421218,0.014694996504624453,0.026132123366642137,52,0.0035606297189905572,0.6997245238831225,4.1046325489878654,0.9998629862432291,0.009327654388543832,0.013674926119726717,-0.008616091472001788,0.9986512281367483,-0.05120046395014406,-0.014134061996404438,0.051075624367909064,0.9985947671037086,-0.000489666097141188,0.016643680771082685,0.08219307077756002,0.03035476710574729,0.18151824145512804,0.18306702175359402,0.057580277153948596,0.05357485424746198,0.04287529384591682,0.06247755133259043,0.06145203602349466
recon_face/prnet/FaMoS_180509_03347_TA__multiview_expressions__IMG_1084,4.053286073742273,4.053286073742273,2708,I,0.020669568997214064,0.016095345815505983,0.025604274253381857,60,0.0034443869537644643,0.6933079630854152,4.004109176108614,0.9999861970919737,0.004887286438508193,-0.0019287448770838728,-0.005011085491062068,0.9975002844711393,-0.07048454796759994,0.001579445388156996,0.07049324018133656,0.9975110066766193,0.0005558884238370989,0.019155368685644242,0.08086873793444563,0.030717084838593877,0.17540797850133016,0.17550992194092424,0.0506659521727045,0.05500415875408681,0.043924198331393556,0.06329660141025577,0.05975075948139619
recon_face/prnet/FaMoS_180509_03347_TA__multiview_expressions__IMG_1149,1.410136655870297,1.410136655870297,2699,I,0.01907039459407319,0.01362567796456554,0.025287935848907046,60,0.003623423124507089,0.7108682357529905,4.203131548129022,0.9999308263814755,0.007734464634968223,-0.008861179880169458,-0.007924212698818293,0.9997356713480996,-0.021582267889845932,0.008691910328701043,0.021650992840413122,0.9997278055570238,-0.0015964471317852372,0.008450396531403781,0.08393910151864598,0.030086695226153214,0.18032291704136788,0.18382508473584946,0.05553454943562522,0.05116719869268379,0.04472390745764916,0.06055637389443976,0.06017752248973676
recon_face/prnet/FaMoS_180509_03347_TA__multiview_expressions__IMG_1151,1.6840948188462248,1.6840948188462248,2697,I,0.019555842781578958,0.014095873893977963,0.02603682390548061,60,0.0035915823237183224,0.7023567800281376,4.242446976946667,0.9996413008904091,0.00518570599959006,-0.026275045336124594,-0.0055033615339421535,0.9999124708932727,-0.012031773100285689,0.02621035226692526,0.012172058387793451,0.9995823419952194,-0.0021924156741310857,0.014294861143491995,0.08480889667682312,0.02980484260576686,0.18076134679323386,0.18546064857308114,0.060734140754828206,0.04921947644611128,0.04907317539720321,0.061399516360634385,0.05871337574967312
recon_face/prnet/FaMoS_180509_03347_TA__multiview_neutral__IMG_1067,2.5383906021683766,2.5383906021683766,2704,I,0.016454915889087464,0.011387350882767794,0.018430280754289926,60,0.0034536161731413867,0.6762146131890517,3.9545229410286993,0.9999561632311464,0.008840585777640228,0.0030847462055168962,-0.008698762548390287,0.9990241347811036,-0.04330253635752094,-0.003464555696043859,0.04327380463948008,0.9990572429474965,0.0021863758217881297,0.016927514761563303,0.08870420260743356,0.026757671960823688,0.1758774119308994,0.17936664591445173,0.055162879440876667,0.047667264401054954,0.04983288699646749,0.06395052862778758,0.06079851761503341
recon_face/prnet/FaMoS_180509_03347_TA__multiview_neutral__IMG_1068,1.9374526809667543,1.9374526809667543,2698,I,0.016515571653647254,0.011308197415988023,0.02243378429962737,60,0.003496991072944759,0.6882889794629509,4.060707409866154,0.9994283485088203,0.02571951543965913,0.021942714565011266,-0.025715268162734665,0.9996691946054956,-0.000475752160632782,-0.02194769191170392,-8.878259305687344e-05,0.9997591164562591,0.0012457994410733997,0.014092907338277456,0.08678472262404172,0.028620273829405057,0.18053540446395216,0.1859193584075023,0.0553443149037628,0.048240416753767806,0.046663177953217096,0.05941488395303161,0.05984309325783597
recon_face/prnet/FaMoS_180509_03347_TA__multiview_neutral__IMG_1071,1.4663011004975324,1.4663011004975324,2702,I,0.017079497792233788,0.012260002349419652,0.023550165442031354,60,0.003453413134887799,0.6887892999467856,3.9626478559803218,0.9997505599765861,0.020382888682301616,0.009129932938848286,-0.020267252070905913,0.9997154001753132,-0.012584003568345247,-0.009383832905445753,0.012395825961938372,0.9998791362853433,-0.0017172985006989826,0.015373740071457274,0.08492308680891575,0.027970597008652565,0.17925790881309198,0.18040007318404003,0.054033685424513464,0.04900370391505702,0.04521203196568125,0.058903155424807424,0.059750756501932505
recon_face/prnet/FaMoS_180509_03347_TA__multiview_neutral__IMG_1072,0.9661978997189128,0.9661978997189128,2705,I,0.01807850341240608,0.012996379259685416,0.02372558859947646,60,0.00349764440550874,0.6921673004956433,4.003739322070032,0.9999454207120654,0.010446758127284144,0.00014436620549282818,-0.010443932033750812,0.999857840135451,-0.01323721282394089,-0.00028263164306375815,0.01323498259545276,0.9999123738383544,-0.0013426468616935,0.012718636297467285,0.08413789157357182,0.02851112431313762,0.16547819868857788,0.17941671254501387,0.05637369923106728,0.0518868233424605,0.04529308368417467,0.06063383152301699,0.060369371243861554
recon_face/prnet/FaMoS_180509_03347_TA__multiview_neutral__IMG_1138,0.7590238159324932,0.7590238159324932,2704,I,0.019323460408386537,0.014405088032651522,0.025423081755800502,60,0.003553154150887673,0.705066316788168,4.138242827961221,0.9999346955144006,0.0079077194293213,-0.008250616943630473,-0.007962817857107044,0.9999460724829288,-0.006666757663335094,0.008197453159239466,0.006732020454086288,0.9999437392485179,-0.0013358636297623322,0.011697667970864287,0.08567178480238477,0.03055121052836232,0.16274839522449025,0.16990982398377177,0.05751983027674962,0.052880201189103776,0.04666755349835729,0.06385241353054764,0.05826467495334306
recon_face/prnet/FaMoS_180509_03347_TA__multiview_neutral__IMG_1139,1.239220377850479,1.239220377850479,2697,I,0.019812221560029094,0.01320161891728612,0.022153356603647888,60,0.0037364434747220758,0.7301301900869036,4.35682931705378,0.9998539117539814,0.001563197239741954,-0.017020915505671672,-0.0017886120685294334,0.9999107973896124,-0.013236243067335458,0.01699870633694993,0.013264753222692672,0.9997675181284958,-0.0017881293796219084,0.006177573824939095,0.085091633741157,0.03074935870668389,0.18666791325594914,0.18890704422560808,0.06291932662522752,0.0505096609338663,0.05199715127778157,0.05932831878845125,0.05765086293695109
recon_face/prnet/FaMoS_180509_03347_TA__multiview_occlusions__IMG_1093,3.1297102899934806,3.1297102899934806,2703,I,0.02092393307222953,0.014765850418570972,0.022014507667394698,60,0.003529578802103641,0.7099046554686858,3.8942454420030117,0.9985268782670802,-0.0537512659287624,0.007407751970402929,0.05379521188821591,0.9985347560462131,-0.005866527561682065,-0.007081564523570788,0.006256387039297192,0.999955353535903,0.0003794186490305778,0.004877277212621156,0.08568888949273279,0.030406287397849546,0.17621014092597193,0.17908004562202903,0.062363412236967924,0.04805061817646864,0.05224774583544285,0.058347555247494944,0.06177105607281773
recon_face/prnet/FaMoS_180509_03347_TA__multiview_occlusions__IMG_1095,1.6246678455025518,1.6246678455025518,2695,I,0.017491814847460995,0.011867562106221462,0.023838322759684675,60,0.0035921706955783566,0.7094436047815259,4.078325061826035,0.9997071924893525,0.024181734031683656,0.0008792179926332874,-0.024166099725717313,0.9995985607908072,-0.014789080059065771,-0.0012364906406192042,0.014763502435658249,0.9998902490207251,0.0004960072935112588,0.01393779833374681,0.08753651305590512,0.029761346541520923,0.17832651179361617,0.1806830402094689,0.0579866485197533,0.05277645092161699,0.046569265583616834,0.061236940336673276,0.05913099684531599
recon_face/prnet/FaMoS_180509_03347_TA__multiview_occlusions__IMG_1097,1.926941741967887,1.926941741967887,2704,I,0.021124185352862562,0.01665350056644054,0.026201467222693658,60,0.003516227131335397,0.7009658731263644,4.179185988148674,0.9998473487883128,0.01729907791791426,-0.002453777531275972,-0.017362439034717812,0.9994369462943947,-0.028711253760531758,0.001955717706819758,0.028749474515647758,0.9995847352192436,-0.0016744066469164198,0.018721018645287066,0.08557185762206174,0.03262101145697851,0.17866927044756292,0.18202102197674352,0.0547297536635412,0.05218550780384116,0.04609224630540479,0.061209226646551096,0.06350817989301356
recon_face/prnet/FaMoS_180509_03347_TA__multiview_occlusions__IMG_1106,1.6864439041322086,1.6864439041322086,2698,I,0.019763997427606417,0.013753357383235848,0.02601020141986587,60,0.003585243186085979,0.7080514574390314,4.263540861895308,0.9998007514088645,0.014100549838269406,-0.014129118037875858,-0.013791659616664497,0.9996688317381007,0.021725951679952248,0.01443078678686003,-0.02152675882802664,0.999664119115552,-0.000656838681967655,0.011163396863490632,0.08729164503557285,0.031434999787083626,0.16484798284936733,0.19128836993497195,0.06308235333684113,0.05246134931782135,0.04986094458843461,0.062523649290852,0.059035883658838724
recon_face/prnet/FaMoS_180509_03347_TA__multiview_occlusions__IMG_1107,2.1334676369740255,2.1334676369740255,2695,I,0.025780389406046808,0.020579095183018953,0.03264011939152806,60,0.00352434338836209,0.6910494930185188,4.448393852915615,0.9998439047204385,-0.009502767543297283,-0.014895086518864255,0.009009530003744113,0.9994200612382438,-0.03283853778194819,0.015198505271835961,0.032699214112312545,0.9993496719536852,-0.0013360128175890463,0.023831977493874335,0.08130445955074886,0.036424011769505445,0.1786493589424852,0.18281328925439203,0.06181822319695076,0.05596062513245512,0.053810281927855814,0.0648088616796579,0.062212538146995976
recon_face/prnet/FaMoS_180509_03347_TA__multiview_occlusions__IMG_1128,0.6002183349588535,0.6002183349588535,2703,I,0.01814884626230454,0.012460604922553303,0.024348263548296764,60,0.003489268943252421,0.6892763983708706,4.0050431250128895,0.9999877591502223,0.00046282796830265623,0.0049261891954668555,-0.0005082943593148244,0.999957252415524,0.009232279157441854,-0.004921705655772866,-0.009234670100680428,0.9999452473418582,-0.001562167877744573,0.01468669695205553,0.08549207764153685,0.02941307845439355,0.1710085118091648,0.17457386052429996,0.05732574490931192,0.050423258302514685,0.04510612531480166,0.06242274315164906,0.06309867485974813
recon_face/prnet/FaMoS_180509_03347_TA__multiview_occlusions__IMG_1131,1.9837959486235004,1.9837959486235004,2702,I,0.022735331338085866,0.01650370938352059,0.028282409071722407,60,0.0036746810579758793,0.7209736988835512,4.32600362598896,0.9997044433408764,0.023274881488995675,-0.007021812884372375,-0.023094729655933233,0.9994273656076823,0.02473002904587262,0.007593380448080487,-0.02456055305084826,0.9996695052902271,-0.0033532163777555144,0.006957579942801752,0.08323354561332141,0.03318947309606997,0.1832832364196754,0.18641824140643531,0.06402148349006126,0.051607284914845515,0.04768222981847081,0.060714051588755744,0.060647077825997285
recon_face/prnet/FaMoS_180509_03347_TA__selfie__IMG_1123,1.780300289158995,1.780300289158995,2714,I,0.01977372401968565,0.014486241158267769,0.02331878086320555,47,0.0035097427959635817,0.6986275964603144,3.932984780985862,0.9999650882516677,0.008099730338569566,-0.0020534474127737942,-0.008157548747552541,0.9995191674678303,-0.02991468306443985,0.001810159182468881,0.029930389787923825,0.9995503464512815,7.257440048646796e-05,0.012399179770950251,0.08170992362849452,0.02947872925715702,0.17597703288069055,0.17803563690799692,0.0535769591715124,0.05087765879098722,0.040151619605173224,0.061453890607285094,0.06222392842723325
recon_face/prnet/FaMoS_180509_03347_TA__selfie__IMG_1126,2.1524743948321956,2.1524743948321956,2708,I,0.0200060806929642,0.01540231660475642,0.025346476800709346,60,0.0035333851321452453,0.6997822529343389,4.041445347014815,0.999974855280349,0.005514602272081397,-0.004458471579489349,-0.0056752965055501415,0.9993039019642036,-0.03687143241983959,0.004252036761182864,0.03689580844618345,0.9993100717507474,-0.001205148656591441,0.015221943952935489,0.08517565418210862,0.030655470073099534,0.17468136245615498,0.1762625534299255,0.05664377659785,0.050820297031089985,0.045830152132421746,0.05943160693279275,0.06147133619691181
recon_face/prnet/FaMoS_180509_03347_TA__selfie__IMG_1144,2.2179656596698836,2.2179656596698836,2711,I,0.019894802089565747,0.014718413419055353,0.024923007375588595,49,0.003609211748667884,0.7096100850961938,3.969410034827888,0.9999470922379402,0.007696311182651048,-0.0068249189789069045,-0.00794559374128279,0.9992731430619372,-0.03728341582012411,0.006533013469091523,0.0373356712715548,0.9992814255182146,-0.0013910985178846199,0.009169818732432548,0.08414886021599627,0.030282976806339144,0.17761313731839012,0.17704526744899732,0.05577406717159619,0.053776626339398066,0.04338002640653578,0.06305030213261914,0.05877390922374358
recon_face/prnet/FaMoS_180515_03303_TA__multiview_expressions__IMG_1169,5.551987644411927,5.551987644411927,2707,I,0.018633055025684478,0.013162225606369059,0.023563447959807225,60,0.003349239199553625,0.6818287829564768,3.891928971046582,0.9984612344573516,0.054237404782845645,-0.011552800886444815,-0.05498324965749651,0.9953529382396734,-0.0790529606956478,0.00721148687868849,0.07956652725906802,0.9968034722034881,-0.0021735419220176595,0.017594514886965895,0.08404382097882301,0.028215870225356016,0.17389752498688038,0.17494283797987278,0.05813679577033153,0.05152141781256003,0.04897223297426051,0.0658916465208959,0.0593555176252791
recon_face/prnet/FaMoS_180515_03303_TA__multiview_expressions__IMG_1170,4.097245721072152,4.097245721072152,2699,I,0.018186653786796875,0.012696526945957342,0.023798735483494295,60,0.0034290755402175883,0.6849466224884505,4.036650811089203,0.9997893882309384,0.01737239160679809,0.010926078466952373,-0.01658376167240975,0.9975105185599571,-0.0685400919975944,-0.012089583516344638,0.06834446116625707,0.9975885307070723,0.0011217848590169331,0.014765134913610478,0.08409602607190339,0.029457163231658114,0.17682302841567582,0.1775699143010403,0.05619626723121167,0.052120511342735355,0.05194970230390869,0.060484503750620186,0.06146599418029608
recon_face/prnet/FaMoS_180515_03303_TA__multiview_expressions__IMG_1172,6.4897438840641675,6.4897438840641675,2708,I,0.02239949275607131,0.016437748306139068,0.028455965037042914,60,0.00354502379887093,0.7044758779805989,4.13716855389066,0.9999543882014621,0.0068857716956194385,0.0066187358910324255,-0.0060965266639291206,0.9936165800458797,-0.11264512515224742,-0.007352134334697399,0.11259963590565183,0.9936132386973512,0.00029826525313890895,0.011209999411445556,0.08040793496133558,0.031796305508329153,0.17436509871284328,0.17416370596073352,0.0549530448674733,0.054467957424841854,0.04708876118841416,0.061384826824389706,0.059955778871701344
recon_face/prnet/FaMoS_180515_03303_TA__multiview_expressions__IMG_1181,2.4196953219739745,2.4196953219739745,2712,I,0.01896309509368395,0.012551035573296917,0.026846512846369363,60,0.0038074362766146673,0.7322063767625684,4.289997546002269,0.9999789048311677,0.006030232433206287,-0.0024137500823294693,-0.006125677570946451,0.9991109925504682,-0.041709718760925545,0.002160084941672922,0.041723624742107314,0.9991268553949618,-0.0012293476693639876,-0.0017464936832392933,0.08546862429864618,0.029772886282528856,0.17984957177222002,0.18288718456624584,0.059786580250242256,0.047464534432621164,0.04682228643041059,0.060687266514359454,0.05851329295771211
recon_face/prnet/FaMoS_180515_03303_TA__multiview_expressions__IMG_1182,1.9901738419553825,1.9901738419553825,2703,I,0.019152335442455492,0.012628039038957465,0.02131981541309654,60,0.003757237218399512,0.7229761086528429,4.21121197915636,0.9998421752836552,0.0031154073827203174,-0.017490533464946924,-0.0036359963923785657,0.9995489228600641,-0.029811580627670305,0.0173897686667576,0.029870471139993283,0.9994024969448454,-0.0006094579314746577,0.002120949281054975,0.08712983429728874,0.029843944487423696,0.17981858663101447,0.18215781261715774,0.05932438511785823,0.04974138747171254,0.053617300133866126,0.0617501452050854,0.05553126437929374
recon_face/prnet/FaMoS_180515_03303_TA__multiview_neutral__IMG_1153,2.2037475010762027,2.2037475010762027,2704,I,0.01877151532876967,0.014125383429857337,0.02371516678173189,60,0.0035293577994914174,0.6994976987659781,4.052486564964056,0.9999705683906083,-0.0037389740563126433,-0.006699434720181341,0.0034838783400704247,0.9992833114686243,-0.03769251931102645,0.006835564663971631,0.0376680699440085,0.9992669270832586,-0.0008721403290974572,0.015187804093845528,0.08659788049382627,0.029716511277590948,0.17349217934868552,0.17610666185304596,0.0605759961323319,0.04979907071033145,0.049403447022794394,0.0596086310482362,0.05627796711968045
recon_face/prnet/FaMoS_180515_03303_TA__multiview_neutral__IMG_1154,3.0124981410198983,3.0124981410198983,2701,I,0.019629078731862763,0.014482640651593421,0.02316192362733001,60,0.0035857897246329338,0.7071771997628628,4.099459804827347,0.9999921096095742,-0.0035627844922530853,0.0017570672314972606,0.003649966059291166,0.9986194776825079,-0.052400539509453344,-0.001567949731420836,0.052406539284496796,0.9986246022274147,-0.001967821234061427,0.01363711778760248,0.08270124392647013,0.03006468602352688,0.18023993041974576,0.18277598190996286,0.059908909178830315,0.04812792131185005,0.04923067194874166,0.060273874464217184,0.05942876000145689
recon_face/prnet/FaMoS_180515_03303_TA__multiview_neutral__IMG_1156,2.5700404469107005,2.5700404469107005,2701,I,0.01666311980462395,0.010575714274771327,0.025002879414220542,60,0.003554218238132733,0.7072047094946611,4.101329647004604,0.9999265014285611,-0.0038206864170725777,-0.011506263343920606,0.003320365806052714,0.9990612742394432,-0.043191960895204135,0.011660485056430959,0.04315058134441804,0.9990005307395423,-0.00031048680099210056,0.009954349509778762,0.08560270915139162,0.028406711233028625,0.17962150538894833,0.18242591700955765,0.05788742331526025,0.05336470582354347,0.05270154414454998,0.05934470711645999,0.05742333017746333
recon_face/prnet/FaMoS_180515_03303_TA__multiview_neutral__IMG_1206,4.361313454587971,4.361313454587971,2702,I,0.019024851666233314,0.013107174670579442,0.024955821190912584,60,0.003629112165117519,0.7154435183484106,4.066474297083914,0.9998827137935447,0.007258603743231666,-0.013485967839028223,-0.008243061267130659,0.9971915311639911,-0.07443857948511357,0.012907772766937378,0.07454101452565542,0.9971344074675607,-0.0004202654857183996,0.007747845962874943,0.08493589872498236,0.029521323845951204,0.17455011862804493,0.1760026897064873,0.058494419828622385,0.0512290929358454,0.04939214787812727,0.06040362076108071,0.05599421808545074
recon_face/prnet/FaMoS_180515_03303_TA__multiview_neutral__IMG_1207,4.656735651939593,4.656735651939593,2698,I,0.022091914049312402,0.01747683809323366,0.026823631135097652,60,0.0036069945195983813,0.7089832176689094,4.11962074204348,0.9993980548234194,-0.025848092083843435,-0.023138801844298545,0.02407913917249955,0.9969888138715574,-0.07371227897505496,0.02497444837981334,0.07311074579437755,0.9970110810705737,0.0006556461829631184,0.014827841654696944,0.08446717736078718,0.032250912783128756,0.17868925043459002,0.18196800407053612,0.056933543735457934,0.05105538139577162,0.04857724829968953,0.06313357313332793,0.0593330671364872
recon_face/prnet/FaMoS_180515_03303_TA__multiview_occlusions__IMG_1185,1.405584221861546,1.405584221861546,2708,I,0.016840612284244483,0.011448605685046588,0.020938131581319974,60,0.0035406975781826036,0.7050721481966012,4.005785336019471,0.9998872460291873,-0.00279140468673362,-0.014754771704169608,0.002504671027295978,0.9998083511893013,-0.01941616633567995,0.014806142347428206,0.019377021236625644,0.9997026103780977,-0.0016151321580300435,0.011008944709376037,0.08874204567432009,0.027797134094650025,0.17712945382090106,0.17913646569174843,0.058954061997896434,0.050484059527941064,0.05072478413990658,0.05970701408245178,0.05792164631589808
recon_face/prnet/FaMoS_180515_03303_TA__multiview_occlusions__IMG_1186,2.463943637936624,2.463943637936624,2694,I,0.020246461423658123,0.014466362986605618,0.021602456314848577,57,0.0037181807589772536,0.7226951189265423,4.355229828972369,0.9998595846126248,-0.012019244823525732,-0.01167684940990166,0.011547481769442884,0.9991464329909542,-0.03966183437811835,0.012143587734016413,0.0395214270405947,0.9991449294680036,-0.0004098648591287134,0.0038074863941196455,0.08294736953879597,0.031205147004682503,0.185682325017409,0.18926345649606835,0.06249591762467115,0.04950972827870557,0.05107877035589051,0.05854619120933883,0.059713203350581306
recon_face/prnet/FaMoS_180515_03303_TA__multiview_occlusions__IMG_1187,2.994211273876761,2.994211273876761,2703,I,0.01884709611579015,0.014223760034685546,0.021949901459298468,60,0.003682315496751117,0.7123723601942737,4.2005087421275675,0.9998508686893136,-0.008422859876215296,-0.015076332867462228,0.007669305080858011,0.9987515567600896,-0.04936101324805572,0.015473271819547597,0.04923802697919213,0.998667209113424,-0.0010940973152576416,0.010145115753830682,0.08650261285650457,0.030715512105516023,0.17940165257177845,0.18274721989668352,0.06454830004413611,0.049178446111378525,0.05546716060509092,0.05846445096586163,0.056358374383683935
recon_face/prnet/FaMoS_180515_03303_TA__multiview_occlusions__IMG_1188,4.864693316885126,4.864693316885126,2698,I,0.02040424130109999,0.013960034356543517,0.02148020541856911,60,0.003901837389634005,0.7501868254058666,4.337840734049678,0.999448256264892,-0.028704841322932263,-0.016709731706183503,0.027312887047104197,0.9965565301878158,-0.07828849430902518,0.01889945105603538,0.07778890810808091,0.9967906984543611,-4.397880714364426e-06,-0.006654398721067677,0.08253360506706325,0.032273986599727765,0.17835732384431568,0.1808766763572918,0.06769222551624261,0.04778818936179832,0.055021520393370604,0.05753000237329459,0.05557878696109971
recon_face/prnet/FaMoS_180515_03303_TA__multiview_occlusions__IMG_1192,3.487585699771245,3.487585699771245,2697,I,0.01999299455305337,0.013992667614175945,0.02140491686183015,60,0.0036835270171017044,0.7203954836019385,4.3116599668283015,0.9985548960098106,0.05107160563511784,0.016727544729794996,-0.050573500076222404,0.9983004434512794,-0.028957653479160246,-0.01817802918021152,0.028069836173903746,0.9994406653485207,-0.0006148884586065802,0.008877494253672735,0.08667674839191022,0.03085899159792935,0.18035374116142427,0.1833654252908521,0.06323919309592414,0.04937217054608525,0.05194595425543995,0.06156080152926349,0.05836448834804977
recon_face/prnet/FaMoS_180515_03303_TA__multiview_occlusions__IMG_1194,4.312665881747987,4.312665881747987,2700,I,0.022293410027703957,0.017979800264192262,0.02350994189793911,60,0.003892492738578466,0.7572962913223298,4.689462819136679,0.9991833127317667,0.039076546551824125,-0.010282561351899734,-0.03965031262104725,0.9972093833564363,-0.0632558175579842,0.007782047765574372,0.06361186410929068,0.9979443724362171,-0.0029984644248088944,-0.003375410276369138,0.08266432680916358,0.03265487464084391,0.19141101063127422,0.1955476149453376,0.06578245364597668,0.04896634701667672,0.050079969070406724,0.059266586896956956,0.057188845411291454
recon_face/prnet/FaMoS_180515_03303_TA__multiview_occlusions__IMG_1195,1.9565927433419004,1.9565927433419004,2709,I,0.019414965744475227,0.01370556889513641,0.025211197845164915,57,0.0036660545436617304,0.7153532247689462,4.118151639122516,0.9996578809670564,0.025121207726122204,-0.007283264572624497,-0.025275026558248034,0.9994415339615741,-0.021858481763767913,0.006730085655746503,0.022035088266629258,0.9997345451829446,-0.001414117588043138,0.004214293557409557,0.08424456414282691,0.029714964086840226,0.1780739203377786,0.18160015503104898,0.05906750578133775,0.05072752919203069,0.04937401244613151,0.05649082778522261,0.05906869214293572
recon_face/prnet/FaMoS_180515_03303_TA__selfie__IMG_1199,0.9471517816350222,0.9471517816350222,2706,I,0.0186599497514122,0.013284486743567017,0.025452740950408902,60,0.0036177255242346522,0.7139575804413258,4.160207431996241,0.9999603338554497,0.006180684919914264,-0.006413255773723994,-0.006269395133198031,0.9998836567604712,-0.013905668914954298,0.006326563076607391,0.013945324565216683,0.9998827443867649,0.0001491416892813197,0.005512551344140054,0.086352185664747,0.030306656106312283,0.17711345229295739,0.17939805596521463,0.059318160430843765,0.04904282399087565,0.0489556216639327,0.05966994316436987,0.05749502305853614
recon_face/prnet/FaMoS_180515_03303_TA__selfie__IMG_1210,3.007406265203114,3.007406265203114,2706,I,0.01971214102819247,0.014276383980905952,0.02625192633611548,60,0.0035483050740926707,0.6995277311828615,4.082869516918436,0.9997587314565206,0.00910895860751749,-0.019987639919107562,-0.010051105045219078,0.9988181096885518,-0.04755374901685746,0.01953085158971162,0.04774317366152807,0.9986686813978427,-0.0021991322908436637,0.007330559670272213,0.08379832046430633,0.029733550894120924,0.17374844998134925,0.17800503981978444,0.054660579389788466,0.0514604620407874,0.044156791846200354,0.06348667839571852,0.061420116157048614
recon_face/prnet/FaMoS_180618_03331_TA__multiview_expressions__IMG_1230,9.988607673851062,9.988607673851062,2701,I,0.024093466520495016,0.017577494989173475,0.04528601651372309,60,0.0034449862110521867,0.67,4.629907252034172,0.9992025493799348,0.029592359424668396,0.026805924276516943,-0.02463983817724734,0.985269262265663,-0.16922576402272116,-0.0314188428691476,0.1684303211959056,0.9852127096290467,0.0016668687985478437,0.02805477710355697,0.077762763455826,0.03251534281580713,0.1624064846381728,0.1620126398805656,0.05398872826286032,0.05635185030464341,0.2506167501170291,0.06708545091374941,0.06552872172280898
recon_face/prnet/FaMoS_180618_03331_TA__multiview_expressions__IMG_1233,9.922105511093612,9.922105511093612,2707,I,0.024631675128801944,0.018573241901559276,0.028009879750167763,60,0.0034311925101984807,0.6709977268602524,4.27239918988198,0.9999047786819445,-0.013490017923956966,-0.00290740183404461,0.012790123122831882,0.985051160291789,-0.171786566291733,0.005181343408430623,0.17173302252104153,0.9851299014121293,-0.0014395830182173791,0.02303190566982355,0.07760112512172063,0.0338656118488625,0.17205886017094685,0.1712132792437191,0.05467441189695557,0.05556685801559591,0.053741386047726,0.06481754404763729,0.06413843038607521
recon_face/prnet/FaMoS_180618_03331_TA__multiview_expressions__IMG_1235,7.947238278347704,7.947238278347704,2715,I,0.02464401674359107,0.018875137978089693,0.02973646932422351,60,0.0033949048123835483,0.6759199309082272,4.3786806599237025,0.9995628518476684,0.029128065829675937,-0.005065667495863666,-0.02954539863714311,0.990400558401584,-0.1350326010162066,0.0010838014250277013,0.13512323892969638,0.9908282069438772,-0.001500056114415004,0.018909399396034643,0.07872163390341011,0.03368402600816988,0.1736938266442631,0.1726192869863983,0.05177274174434039,0.05746831008952991,0.04803924559780059,0.06504004605209307,0.06292618972558683
recon_face/prnet/FaMoS_180618_03331_TA__multiview_expressions__IMG_1293,5.843083976852371,5.843083976852371,2700,I,0.02069031086722049,0.015080598736187657,0.02500961866408286,60,0.0034639631225049645,0.6916217884499517,3.994985047960654,0.9989533978295417,0.04081834932533245,-0.02063907273034729,-0.042527519884741315,0.9949804614071837,-0.0905830639269931,0.016838022961926446,0.09136598807162301,0.9956750158593064,-0.0013304839981064633,0.017958657646372694,0.07719171617069887,0.029940420903288658,0.17688724051756924,0.18069130704728897,0.05488623491774588,0.054836017686665,0.050725471746064676,0.06350370855337097,0.05767723375158513
recon_face/prnet/FaMoS_180618_03331_TA__multiview_expressions__IMG_1294,4.320429959901384,4.320429959901384,2708,I,0.017050058227693683,0.011263928102323236,0.020997834559944816,56,0.003433278172366905,0.6890386483121113,3.8860536590218544,0.9997049116948303,-0.0018493298283742256,-0.02422126157773509,0.00011701060884453638,0.9974529392695711,-0.0713275560426039,0.024291476730503615,0.07130367397041561,0.9971588189634449,-0.002401583329200038,0.01705886356650648,0.08571558647103669,0.027256705836852753,0.17163089605067086,0.1767464767220741,0.0582625520688476,0.048871977823331574,0.050270939117737064,0.06204889900374265,0.0582805122263166
recon_face/prnet/FaMoS_180618_03331_TA__multiview_neutral__IMG_1216,7.904896885250361,7.904896885250361,2707,I,0.023291939623165094,0.018009411234141064,0.03138097141063766,60,0.003602057413822623,0.7064222494592703,4.1892638290300965,0.9966745273758938,0.05296278921243234,-0.06192599970026445,-0.059513050773431976,0.9922342843842106,-0.10922143416102754,0.055660428202418705,0.1125436264361169,0.9920866135982941,-0.006456360722929838,0.01420713357568127,0.0823511818658905,0.031769085448387364,0.17000055471955847,0.17177004190117787,0.057689520504797455,0.054628552154714426,0.051753573570563226,0.06313565494014968,0.059061936944087026
recon_face/prnet/FaMoS_180618_03331_TA__multiview_neutral__IMG_1220,2.467907988549601,2.467907988549601,2704,I,0.01874374167948052,0.012887280619620802,0.02605295968570837,46,0.0035932525742468423,0.715443737298607,3.9870848320424557,0.9999071373154295,0.013552703353265213,0.0014286278318762634,-0.013483032795520185,0.9990739504926941,-0.04085889466882721,-0.001981053330565355,0.0408358381662698,0.9991639053473459,-0.0008716264896200183,0.012253694904389885,0.08142391593296153,0.029859108741189664,0.17976432087106897,0.1818453824466041,0.0614394873333651,0.05075171197058001,0.05007506756965231,0.05953516435859398,0.0589457252193077
recon_face/prnet/FaMoS_180618_03331_TA__multiview_neutral__IMG_1223,1.897186623096812,1.897186623096812,2706,I,0.018148837411856463,0.013140608328732014,0.02082149803042191,58,0.00351319854076012,0.697143196534514,4.032526913098991,0.9996071042305559,0.02313527985766219,-0.015823905893012396,-0.023410547220929702,0.9995738500177238,-0.017437449342216107,0.015413742265260572,0.017801044538267502,0.9997227312423813,-0.0011205793663024207,0.015587574364136103,0.08317305097157215,0.028458868707378668,0.1750799696243485,0.18034402545422473,0.059802938556833496,0.05057636219468776,0.05068713236336292,0.06027497028783484,0.05618395187395625
recon_face/prnet/FaMoS_180618_03331_TA__multiview_neutral__IMG_1277,2.850783839019893,2.850783839019893,2705,I,0.017092434059127137,0.011788341173151988,0.020059328530580955,60,0.003540556342010667,0.6980967689542447,4.159367237938568,0.9998705263817269,0.00426430675367923,-0.01551599693992185,-0.003529327536745198,0.9988843235786273,0.04709195213629749,0.015699500637520635,-0.047031093935602813,0.9987700445462677,-0.0005945209971078857,0.011265644940175033,0.08682897990537738,0.030883964081816328,0.18387540869508479,0.18981749614176968,0.0614658933233226,0.04728884836433954,0.048925999702402585,0.06140893069646104,0.05958899766856834
recon_face/prnet/FaMoS_180618_03331_TA__multiview_neutral__IMG_1279,2.954390955182695,2.954390955182695,2699,I,0.016517945409707545,0.011098811176854139,0.020222942042367544,60,0.0034127564522249496,0.6925430759489302,3.945621488848701,0.9988793433326233,-0.03651416910609362,-0.03011267038771381,0.03589154750503155,0.9991357766417256,-0.02096417544835956,0.030852135762075947,0.01985989146564331,0.9993266385070956,0.0010164261334477832,0.012067359616278396,0.08971324691413807,0.027239157585880785,0.17598350273991153,0.17776787093943278,0.06000354767079588,0.04992780009645769,0.05261078212693334,0.059057997661182984,0.05663947423113461
recon_face/prnet/FaMoS_180618_03331_TA__multiview_occlusions__IMG_1256,6.221505161425856,6.221505161425856,2698,I,0.02152269145740602,0.01572720662712228,0.027860105227360422,60,0.0033854269604574007,0.6796206243565458,4.023705301806331,0.9980477469276545,0.06242887123918315,-0.0018250721722743231,-0.062344700489545435,0.9941108077501536,-0.08863881900841339,-0.003719297447287528,0.0885795571796275,0.9960621611507785,-0.0036953083758234154,0.02055240233938603,0.08150427364431773,0.030270783863549637,0.16779627821990628,0.168314217873118,0.05798367423836099,0.05496416471006443,0.053461865842192265,0.06296554793399883,0.062409669241295866
recon_face/prnet/FaMoS_180618_03331_TA__multiview_occlusions__IMG_1257,1.987005065216216,1.987005065216216,2701,I,0.01849529620863199,0.013849323293691977,0.021954488735803072,60,0.0035761446231864016,0.7067693831260548,4.180285674985498,0.9999851413388332,-0.0048385544564236,0.0025110739389576286,0.004921701166099074,0.9994016639302962,-0.03423581444901437,-0.00234391962027471,0.03424766450618106,0.999410628078712,-0.0006454151215923462,0.013867753747889074,0.08369581760612751,0.028986416974517128,0.18092916187544356,0.18280172457271468,0.06089574953630326,0.052508532636381826,0.054027834504102076,0.059114851366799705,0.05840156747038891
recon_face/prnet/FaMoS_180618_03331_TA__multiview_occlusions__IMG_1258,2.7048964197132697,2.7048964197132697,2705,I,0.018273903092979858,0.013051195376565032,0.02280156701949688,60,0.0035030900305372684,0.6984750148958699,4.072529720142484,0.9997084587720065,0.005801140137994182,-0.02343809362548832,-0.006746922689879803,0.9991576941835089,-0.04047692167285179,0.02318353928792133,0.040623255987091135,0.9989055383664125,0.0006336443066357945,0.018331316240959503,0.08332402762482966,0.02842239890866834,0.17368842389202313,0.17622896137813596,0.0586003711453143,0.051398848672936155,0.050357667588540225,0.06255934056864809,0.057625496343213595
recon_face/prnet/FaMoS_180618_03331_TA__multiview_occlusions__IMG_1261,1.7198881412422644,1.7198881412422644,2705,I,0.017372662602398815,0.011688140069049566,0.01902587012345226,60,0.0035448109432791165,0.701412441085591,4.114858416840434,0.9996412161893536,-0.02087251899026777,-0.01678621000916178,0.02064324433113753,0.9996927927924952,-0.01371774406474812,0.01706737703795535,0.013366300525646234,0.9997649957121435,0.0012659623161733519,0.009680363703888216,0.08209843704114045,0.028512276540420305,0.1824743146348382,0.18380914189971628,0.05867167252104742,0.049411269489616653,0.05383897890184683,0.061880827863295504,0.05850778243166674
recon_face/prnet/FaMoS_180618_03331_TA__multiview_occlusions__IMG_1263,1.7006718748029952,1.7006718748029952,2705,I,0.019583827670535025,0.01384344819452091,0.02535230458125959,43,0.003532489790938859,0.7060363387585891,3.986441856948659,0.9997127190845685,0.01762424377293529,0.016243932158494817,-0.01733718886234068,0.9996939717075636,-0.017646099113059786,-0.016549960208083886,0.017359405605853664,0.9997123335510684,0.0016082956952212883,0.016853127700594182,0.08034943008843859,0.030106624879503125,0.17594153354476827,0.18183331696634597,0.06053120989564526,0.05245396042318188,0.04796722215334752,0.06489309389656114,0.062067446741668676
recon_face/prnet/FaMoS_180618_03331_TA__multiview_occlusions__IMG_1264,2.9380214245745555,2.9380214245745555,2701,I,0.01839832285097188,0.013830771147585838,0.022479570458722238,60,0.0035594249287366057,0.7110186706961422,4.152132362127304,0.9996136278507151,0.023488013965288993,-0.014862981366417062,-0.024106463515175147,0.9987885955070184,-0.04289778434732106,0.01383739252618086,0.04323950375621928,0.9989689043623894,-0.004063752473591115,0.014064571255078158,0.0844624513470432,0.02930458776918693,0.17953897053563517,0.1816819169249518,0.0627056234821182,0.04964043786034745,0.05524778722672192,0.05915472974068322,0.05600713637258861
recon_face/prnet/FaMoS_180618_03331_TA__multiview_occlusions__IMG_1265,2.3122751268076653,2.3122751268076653,2694,I,0.021024549792018024,0.015819672006961254,0.021519387167918826,60,0.0038203393677432506,0.7403847863707889,4.613625101046637,0.9999086622101402,-0.006698005360373631,-0.011738993198737202,0.006246877765113204,0.9992561573017537,-0.038054022293573846,0.011985147279667688,0.03797721446768415,0.9992067290735989,-0.001902906099936606,-0.0064286687219918745,0.08342458896414146,0.03306827762032316,0.17519455822034316,0.19172299779050295,0.06985772250631968,0.049436507554927844,0.05364996502498241,0.06216294605354304,0.059291210214664755
recon_face/prnet/FaMoS_180618_03331_TA__selfie__IMG_1299,8.2513756853301,8.2513756853301,2703,I,0.02436194387566173,0.018210637020836848,0.029227569003600108,60,0.003523181960002243,0.6920082520649596,4.22164440411143,0.9998995353496232,0.008565940868755369,-0.011293531982531056,-0.010091125825665785,0.9897046687407214,-0.14276847639583842,0.009954315002954585,0.14286809766302436,0.9896916783943221,-0.0011629777230415081,0.011360011468481618,0.0778459123674938,0.03357778526575814,0.17567994300764017,0.1776642172750741,0.05452682923208785,0.05982540983438866,0.049716370817085104,0.06340641080558124,0.05979680279408413
recon_face/prnet/FaMoS_180618_03331_TA__selfie__IMG_1302,1.3309432708047517,1.3309432708047517,2714,I,0.022680592923391574,0.017405652691512192,0.02414380712674071,60,0.004037637956355421,0.76431309681547,4.740825981833041,0.999916917162528,-0.007916568001866612,-0.01017284243754271,0.0077185161580669,0.9997827326944703,-0.01936264223434944,0.010323917885420772,0.019282514282363997,0.9997607720662205,-0.0008016413996357631,-0.00806844304907079,0.08410194795245426,0.03382122988882401,0.1853626808821125,0.19015704275183865,0.07178299391064978,0.047664704015139225,0.05245560017780528,0.06032079349740566,0.06129550019390002
recon_face/mica/FaMoS_180424_03335_TA__multiview_expressions__IMG_0053,2.341569145364,2.341569145364,2669,I,0.016190117299412977,0.01104968612600173,0.023285475467357476,60,0.003361226186319241,0.6712688139430493,4.10860561998561,0.9999722408909187,0.006508450883453114,-0.003627328864477354,-0.006357478552507835,0.9991720747338528,0.04018392139280431,0.003885860785951433,-0.04015974525748825,0.9991857159441412,0.0010252635833343524,0.015156049105284057,0.08722965833135785,0.027226179086949315,0.16769816945726423,0.16898368534463815,0.058234675226994645,0.060749070516918524,0.04728912201944939,0.06302599286348644,0.0589248880100627
recon_face/mica/FaMoS_180424_03335_TA__multiview_expressions__IMG_0054,2.793875170003193,2.793875170003193,2672,I,0.018931482709757166,0.014486347065671128,0.02385983293213317,60,0.0034320217966494404,0.67,4.106008301954716,0.9999097351545434,0.013309996976010765,-0.0018345363636789104,-0.013209414478169635,0.9988136562687692,0.04686994154206309,0.002456198753154806,-0.04684147768283015,0.9988993157752055,0.0018314577889841355,0.024005105785431607,0.08553448935353267,0.030254084077871717,0.1659097817420355,0.16114491578271709,0.058252688010232416,0.062191316471609914,0.043961085637892215,0.0635284573100373,0.060817640879933965
recon_face/mica/FaMoS_180424_03335_TA__multiview_expressions__IMG_0067,2.5492337915529935,2.5492337915529935,2667,I,0.016583194459666283,0.011701691503055417,0.023550811911138062,60,0.0034450522943563528,0.67,4.209262452088296,0.9999396089983424,0.009663150905698652,-0.005234679628761183,-0.009428553013733012,0.9990251777674326,0.04312535883695461,0.005646303596982579,-0.04307339899894781,0.9990559551668606,0.0006259785544714287,0.01672882968583038,0.0844188903188833,0.02717075895870926,0.16769146627091683,0.16778896169056307,0.061910833686208096,0.06168788833419991,0.053680794709681644,0.06036203847329693,0.062224223342397245
recon_face/mica/FaMoS_180424_03335_TA__multiview_expressions__IMG_0078,3.1896283703952655,3.1896283703952655,2668,I,0.016788704750256546,0.011182508648195439,0.022600491036181537,60,0.0034282287107526097,0.6767579087552521,4.11245328001678,0.9998786816655999,0.007432902469865939,-0.013688459063559782,-0.00669103912163683,0.9985472158704151,0.05346669685809513,0.014065985430605875,-0.0533686203523772,0.9984758076265792,-0.0005588600107275697,0.01644841849805262,0.08166616616484801,0.027315672387953776,0.16396627079312281,0.1663628358839487,0.0588207501588155,0.06197382998970487,0.05005996532472853,0.06286407838036219,0.0613564693257308
recon_face/mica/FaMoS_180424_03335_TA__multiview_expressions__IMG_0081,3.591256011039217,3.591256011039217,2670,I,0.016281478367586415,0.01088996728975879,0.022906743601332116,58,0.0033715773053291627,0.67,4.034248769050464,0.9998733567159274,0.010794014017867375,-0.011694434189223358,-0.010065634749004989,0.9981084985648117,0.0606474079396371,0.012326943121618486,-0.0605220154495801,0.9980907434292722,-0.0004273988617589918,0.01979925657772362,0.08444826742634096,0.026616771894523168,0.16346368699832023,0.16726009553162716,0.05919152183791156,0.06262488330594192,0.04740241332679674,0.06479918512746292,0.061750760088945165
recon_face/mica/FaMoS_180424_03335_TA__multiview_neutral__IMG_0041,2.267610503389247,2.267610503389247,2669,I,0.01700068244778421,0.011804863574364083,0.024097548202212955,60,0.0034631277286473884,0.6743441018852558,4.252440107986331,0.9999908847272629,0.0008431213369536614,-0.00418564317609053,-0.000677821669895211,0.9992257480961613,0.03933757617660018,0.004215568783711183,-0.03933438048421716,0.999217211366854,0.0012597096266347423,0.02023384272173752,0.0818780034286431,0.0271345858315948,0.17350273863873744,0.17283747470719166,0.05981153763599472,0.057627270266171406,0.05338406224334243,0.06040437606422204,0.059932079096698364
recon_face/mica/FaMoS_180424_03335_TA__multiview_neutral__IMG_0043,2.3099035431504897,2.3099035431504897,2667,I,0.015569809182338901,0.010571955185195112,0.023725941678508722,59,0.0034627052931218917,0.67,4.137271343963221,0.9999208602646792,0.011173244802171337,-0.005782024570516843,-0.01094363877111206,0.9992054137465022,0.03832463842133825,0.00620564082031204,-0.03825832903133174,0.9992486128495447,0.00034516326678396065,0.011198140382493164,0.08691843772975585,0.027471991820152027,0.1596518921088184,0.17459646706151769,0.060914209792397894,0.05992430661231423,0.05268924308772901,0.06236248517341022,0.05994438106648476
recon_face/mica/FaMoS_180424_03335_TA__multiview_neutral__IMG_0045,2.8972328826743086,2.8972328826743086,2669,I,0.015494647917149586,0.010113014094392001,0.022023842688766556,49,0.00338880643573514,0.6722595289993519,4.005378590896726,0.9999039742358298,0.01320972273198084,-0.004188738800265805,-0.012990485440829695,0.9987319639477812,0.048638580129564554,0.004825929486042519,-0.04857949582233907,0.9988076606585694,0.0009785699071050112,0.01563550768484067,0.08370068640242515,0.02599324431355236,0.1657398112820188,0.16716904557413706,0.05996294791936686,0.05942661395210631,0.05101234987540971,0.06259111504997392,0.06151262120319667
recon_face/mica/FaMoS_180424_03335_TA__multiview_neutral__IMG_0100,2.431743032483983,2.431743032483983,2672,I,0.016249517848559828,0.011028679224351893,0.02360927863245397,49,0.003456410073062291,0.67,4.066283785970882,0.9999598811169477,0.006689587130121341,-0.005956977472651531,-0.006436770851900283,0.9991180483194734,0.04149329467862739,0.006229296716427153,-0.04145328631502935,0.9991210241587866,0.0012837541284907734,0.019705664036708745,0.08649043308915266,0.02699258453139345,0.16954624904506443,0.17055987727594554,0.058016386606030576,0.058016566371378774,0.04892921726253566,0.06238110749767688,0.059840229959934765
recon_face/mica/FaMoS_180424_03335_TA__multiview_neutral__IMG_0101,1.4459247128910593,1.4459247128910593,2669,I,0.015740513689656746,0.010512383109115198,0.025513222011587157,60,0.003450676536169288,0.67,4.18842164799571,0.9999114661318678,0.01292667482914183,-0.0031561013735938387,-0.012856032206375006,0.9996870124814948,0.021461582228091112,0.0034325404480381873,-0.021419107210294764,0.9997646920712827,0.00034401304787674847,0.016548134087474617,0.08830764061273894,0.026541959211132515,0.17468807937477335,0.17604742520528754,0.0576096863776186,0.05852143862478424,0.052667346167300226,0.06031870837442123,0.06067014998175165
recon_face/mica/FaMoS_180424_03335_TA__multiview_occlusions__IMG_0106,2.4661612763118734,2.4661612763118734,2669,I,0.016389708261679625,0.010977195403309131,0.02473406944161159,45,0.0035490594664816504,0.696120306493914,4.14671075087972,0.999912349505515,-0.00185871716083484,-0.013108717590881997,0.0023938882997950207,0.999159197694908,0.04092880355538942,0.013021620681373936,-0.04095659693118555,0.9990760704584244,-0.00024890063430543086,0.015455338308250632,0.08620786478117978,0.028155790263865815,0.1739996510976508,0.17522170921902,0.06278671512395002,0.06263288056614244,0.05550336785868447,0.05946281868830014,0.057617746725943546
recon_face/mica/FaMoS_180424_03335_TA__multiview_occlusions__IMG_0107,2.22333747329358,2.22333747329358,2668,I,0.015619061745335183,0.010287346551678095,0.02640763971425701,60,0.003521746450646686,0.6848502885190253,4.213493308052421,0.9998949866707897,0.009079296110939017,-0.011295220792525882,-0.008666907735646975,0.9993128300973256,0.03603820629799103,0.011614660603039756,-0.035936527169506155,0.9992865783518118,-6.070000312429153e-05,0.012442720686222312,0.08883053366416235,0.027256623845884273,0.17515173077904111,0.17414159263084444,0.06147417609564633,0.05860812828951711,0.05359611210290522,0.058308971652995555,0.05778904873744667
recon_face/mica/FaMoS_180424_03335_TA__multiview_occlusions__IMG_0109,1.3861990020521164,1.3861990020521164,2668,I,0.016568635509027266,0.011972228410506982,0.027118758050303747,37,0.003452783825537893,0.6814005226516374,3.856785726035014,0.9999463072599387,0.010345077965749712,-0.0006016303640802484,-0.010329453923688139,0.9997076012155308,0.02186354165108129,0.0008276344910808948,-0.021856153224497542,0.9997607831813452,0.0015350706755512425,0.01628083308285421,0.08889808015120398,0.026582826001668603,0.16965220730849587,0.1699686623590933,0.0585086528201075,0.058514249826584014,0.05448737993355521,0.061162589295988654,0.05867182466056012
recon_face/mica/FaMoS_180424_03335_TA__multiview_occlusions__IMG_0110,2.738320320815328,2.738320320815328,2668,I,0.017271404097182055,0.012602445110476708,0.02552138072103552,52,0.0034694513659208974,0.67,4.068338334793225,0.9998804067740534,0.009509251893834926,-0.012196158320252991,-0.008948188659677682,0.9989351302786734,0.04526074916349033,0.012613566865240563,-0.04514620275891614,0.9989007549838907,-0.0008431268752632699,0.019451113696337667,0.09025115316675872,0.027846088029865185,0.17090836579166466,0.17244007889489493,0.06078354485691114,0.06059289408570845,0.05113417656922922,0.06203502529190183,0.060356503287663094
recon_face/mica/FaMoS_180424_03335_TA__multiview_occlusions__IMG_0111,1.7857542651804625,1.7857542651804625,2668,I,0.017232810047484667,0.012052180720535181,0.025049133089838048,58,0.0034444464586061902,0.6733897544638101,4.114488332066685,0.9999394830962778,0.007304308670228521,-0.008226616558428292,-0.007061339461199196,0.9995490534418401,0.029186079704801186,0.008436090929043726,-0.02912622252148944,0.9995401420310568,-0.00041205933082998254,0.01600267935920313,0.08856408251366818,0.027545575534831803,0.16035937909119682,0.16827460161460694,0.05952275129655733,0.062333431266691844,0.05249205685680624,0.06166058548505597,0.06059359411707271
recon_face/mica/FaMoS_180424_03335_TA__selfie__IMG_0092,1.873489220516386,1.873489220516386,2669,I,0.015494847582611576,0.009798224917405078,0.0238293149157871,60,0.0033935284684893053,0.6733465125898564,4.024784212000668,0.9999667367608259,0.0078581859326355,-0.002185013902324068,-0.00778506968856265,0.9994681159987113,0.03166824579814035,0.002432706692029018,-0.03165018192420605,0.9994960469768329,0.0014837511816545715,0.014735451266541598,0.08698504230688389,0.026651526255297448,0.16581939395909354,0.1653887206166209,0.055864259769841274,0.06443714223707686,0.04672840250027294,0.06057774087014063,0.06055873037869107
recon_face/mica/FaMoS_180426_03336_TA__multiview_expressions__IMG_0134,1.094372959291865,1.094372959291865,2670,I,0.01929121856787787,0.0137237664194884,0.044512185561741184,60,0.0034137725907797912,0.6776846553286846,4.374719826970249,0.9999158599989397,-0.0006946930656306163,-0.012953390449068531,0.0005130308136367184,0.9999015503479561,-0.01402235397988578,0.012961856424359647,0.014014528650566281,0.9998177750293981,0.0002922397355422529,0.016536888578378338,0.07662885464936445,0.028790215153197494,0.16995834701585097,0.16830846158829227,0.055145637305099256,0.05525152551120199,0.05773626348783628,0.06256333018788063,0.06121685460471272
recon_face/mica/FaMoS_180426_03336_TA__multiview_expressions__IMG_0135,1.8276881560728684,1.8276881560728684,2670,I,0.01803934279761721,0.012904118411004173,0.024638002814389385,60,0.0033944916846596405,0.6740837478009237,4.155342924874276,0.9998918226491769,0.0038239601935369,-0.01420282816011223,-0.0042243958591086685,0.9995913427119765,-0.028271930512319056,0.014088913334000523,0.028328870498240802,0.9994993634902228,-0.00028545168588781404,0.020641771395366174,0.07841982083305582,0.02808979472345304,0.16833235674090377,0.16682997853294915,0.05492787175922522,0.06119030947694014,0.052461151016276526,0.06090642192843373,0.06228049148237921
recon_face/mica/FaMoS_180426_03336_TA__multiview_expressions__IMG_0136,1.2672085002032645,1.2672085002032645,2671,I,0.01974766765230565,0.01486470424268332,0.027242787216350546,58,0.003409055375072675,0.67,4.170460123103112,0.9999792032633287,0.006004070875148121,0.002354606923534362,-0.005952917432762567,0.9997583533506549,-0.021161230579222572,-0.002481091468863788,0.02114677371407995,0.9997733033776252,0.001246144468776104,0.01911385862943501,0.07978471019332106,0.029252974603595862,0.16469715121682893,0.1670057025025038,0.056631448627555966,0.0607202977314219,0.05168186032506176,0.06492675990529731,0.06070974556616686
recon_face/mica/FaMoS_180426_03336_TA__multiview_expressions__IMG_0137,1.379879510658571,1.379879510658571,2670,I,0.019178047494263162,0.014142570170288816,0.024116692501886645,60,0.003444208475739147,0.677449451882335,4.214106906903908,0.9999338399888441,0.011206665762547125,-0.002593508752697641,-0.011259028753627862,0.9997130703914957,-0.021142638433566577,0.002355826115983196,0.02117044002599137,0.9997731055356593,4.474918886729023e-05,0.016141451114278962,0.07913030678885397,0.02886898089818808,0.16827537149402969,0.16634178081576234,0.058243087388948685,0.05629329454944107,0.05050938477270728,0.06117462680917648,0.0586928791255186
recon_face/mica/FaMoS_180426_03336_TA__multiview_expressions__IMG_0147,0.9383782669300311,0.9383782669300311,2670,I,0.017735355689083503,0.012438821816348882,0.024587355847590944,52,0.003497102465321217,0.6859363515753212,4.205666562076658,0.9999307581598366,0.010595267764915648,-0.005120467447766669,-0.010652904903759971,0.9998786894391571,-0.011363187164854018,0.004999450270314326,0.011416948209648219,0.9999223263786904,0.0002479113348920971,0.01944948582467257,0.08053747376666531,0.02800120454194627,0.17311995825368776,0.1718748568380295,0.058949650011521526,0.05981201933312271,0.05410581174969068,0.06074182891891539,0.05972166798024787
recon_face/mica/FaMoS_180426_03336_TA__multiview_expressions__IMG_0148,1.0550558596204487,1.0550558596204487,2668,I,0.017334626958736377,0.011744976886975417,0.017712019321801737,60,0.003458323366593375,0.6873615887773332,4.024013757938519,0.9998360307195356,0.005729065133090159,-0.017178168927570292,-0.0057863564725634566,0.9999778556950838,-0.003287278240727525,0.017158955497807965,0.003386138237040347,0.999847040458721,-0.0015491241003655512,0.017139831552828756,0.07902160601427072,0.02889041047780252,0.1714070992637268,0.1697468955864962,0.05952620816719228,0.05716030727019409,0.05722151142685545,0.06215492526199871,0.05839773078089437
recon_face/mica/FaMoS_180426_03336_TA__multiview_neutral__IMG_0125,2.0025285672721225,2.0025285672721225,2669,I,0.01750087737271041,0.011835058072896424,0.023685050551691594,60,0.0033841514664116356,0.676883087564886,4.106741596013308,0.9997859365031632,-0.0011124545074513708,-0.020660193984132602,0.0005301329255555945,0.999603011999561,-0.028169795180049802,0.020683329750656197,0.028152812406109264,0.9993896232321265,-0.0016654767087373099,0.0154182020823449,0.07885049240298816,0.028647066650055775,0.16677878665916507,0.16515732356663704,0.056245705507499126,0.06069903374117973,0.05361885882745881,0.059729677956458,0.06090191384066527
recon_face/mica/FaMoS_180426_03336_TA__multiview_neutral__IMG_0127,0.9137112889300456,0.9137112889300456,2670,I,0.018270729404159913,0.013184189065229673,0.023299744746581006,49,0.003426414787669146,0.67,3.988471268909052,0.9999597388487008,0.0010998272402382653,-0.008905675812541543,-0.0012171325595842267,0.9999124350489415,-0.013177284349499054,0.008890403251194938,0.013187593204856667,0.9998735160586535,4.64270196567261e-05,0.01875799442834599,0.07963122579280624,0.0282218120981688,0.1676949248015672,0.16713930835295818,0.05609960395430865,0.06175272389982536,0.049133921276863626,0.061004719749902916,0.058701860807065194
recon_face/mica/FaMoS_180426_03336_TA__multiview_neutral__IMG_0153,0.870598488477721,0.870598488477721,2671,I,0.017837627338653704,0.012520553769124039,0.02320021173295997,60,0.0035036507910473228,0.6859698362198126,4.239048714982346,0.999919964404217,0.011648617789749512,-0.004937052709553528,-0.011689749491417855,0.9998965078366175,-0.008385903228990594,0.004838857581751554,0.0084429449676302,0.9999526499477749,0.0008186405795485405,0.021955467413176166,0.08097767319684476,0.02807999987113052,0.17492246774179182,0.17351267605865126,0.058172363468623235,0.054921261362367205,0.05220955887361212,0.061529925914849896,0.060280414472321325
recon_face/mica/FaMoS_180426_03336_TA__multiview_neutral__IMG_0158,0.9751888268769092,0.9751888268769092,2669,I,0.01842893888659648,0.013102641603502201,0.025869142487292846,47,0.003438220666970592,0.6830304708104636,4.121533761965111,0.9999246386071285,0.009909786480420055,-0.007246601846185847,-0.009823674124175686,0.9998818406259262,0.011823714019405764,0.007362916073585401,-0.011751634712803662,0.9999038386507324,0.0007258479204827557,0.016981958429116054,0.07772179250698158,0.02876477507822641,0.17216969656009404,0.17095852568422315,0.05626513103063885,0.05972199751426282,0.05522438111101258,0.06144264819132786,0.06094255300248408
recon_face/mica/FaMoS_180426_03336_TA__multiview_neutral__IMG_0159,0.5337103015687243,0.5337103015687243,2670,I,0.018630036438817586,0.01361370069413771,0.024776649829394093,58,0.0034177140036422593,0.683493674780262,4.076074579963461,0.9999571233901878,0.005230777090387176,-0.007641358010934454,-0.0052230743226504405,0.9999858316197531,0.0010276450607650007,0.007646625127509439,-0.0009876896180115084,0.9999702763549417,-0.00040155045065367624,0.019341007730906287,0.07892594760802754,0.028694229208302932,0.17145879978097206,0.17225873748346868,0.05548249077395749,0.0593006881111964,0.05132688090792254,0.061410755094546944,0.058122925371166326
recon_face/mica/FaMoS_180426_03336_TA__multiview_occlusions__IMG_0121,0.6773467438749461,0.6773467438749461,2670,I,0.01700392402035288,0.011973772353834308,0.024582845610014125,60,0.003470225017086167,0.6756166386457509,4.1789221270009875,0.9999475740935538,0.010188049719551956,0.00102601526719373,-0.010181810146188394,0.9999306794845821,-0.0059132873808706065,-0.0010861890091288862,0.00590253067876203,0.999981990000331,0.0009266214125957903,0.01755591917728415,0.08167752342229359,0.02768587187574143,0.16939534370826084,0.17074691715995957,0.057700930878614706,0.06081180348700993,0.054106373851944556,0.061753045372763014,0.06187865573616455
recon_face/mica/FaMoS_180426_03336_TA__multiview_occlusions__IMG_0123,2.3168011584315638,2.3168011584315638,2671,I,0.020320152036829617,0.01494767614622085,0.0256833071360299,36,0.0033694460991584786,0.6743304361290677,3.937369524035603,0.9998766910256355,0.007377520796230946,-0.013862717285100284,-0.007888833381831165,0.999276748454642,-0.03719874064791196,0.013578256570677412,0.03730351437623653,0.999211728696017,-0.0006456930716440434,0.016456300854285545,0.07657051060221201,0.030034040578542844,0.16866401378623377,0.1664816587436367,0.05536993093847509,0.06117300850822254,0.053019307522088284,0.06223534391302458,0.06050550576064297
recon_face/mica/FaMoS_180426_03336_TA__multiview_occlusions__IMG_0124,1.466189318998951,1.466189318998951,2669,I,0.017808322155021008,0.011994361195049092,0.026075750020074364,54,0.0034633870076296886,0.6838128480614409,4.2167915280442685,0.9999345063896741,0.008488662569149659,-0.007676297221037429,-0.008662118322585613,0.999701317069316,-0.022852666278585097,0.007480015869242351,0.022917662569772897,0.9997093728203882,-0.000504693634081609,0.018159126925476582,0.07654501445380871,0.028979599657619162,0.16892638838248178,0.1665633894462867,0.05948739478967297,0.05974639551566721,0.056080923908337466,0.061541552825135404,0.05831315197967767
recon_face/mica/FaMoS_180426_03336_TA__multiview_occlusions__IMG_0164,3.3576395611148566,3.3576395611148566,2668,I,0.017913978572989642,0.012410538700680037,0.0259538189449997,60,0.0034454169636970204,0.6817179476360423,4.162031287094578,0.9999533210730093,0.00479244017619999,-0.008389767113383535,-0.00526909601309659,0.9983174157693742,-0.0577457703971728,0.008098907473482901,0.05778728137502041,0.9982960672110356,-0.0004634054078650198,0.022180189698560643,0.08182701686213059,0.028950009203535063,0.16953178207515568,0.16451829784074104,0.05781995368146023,0.05883630209397499,0.05473544774245587,0.061607844149781016,0.0611712664659377
recon_face/mica/FaMoS_180426_03336_TA__multiview_occlusions__IMG_0165,2.849903219145768,2.849903219145768,2670,I,0.01735370251658967,0.012054485289756878,0.023018901991277443,40,0.003430292236485689,0.6767879805335614,3.8823706049006432,0.9999464424554276,0.01026679353061446,0.0013058220910901201,-0.010191139757647797,0.9987644208421705,-0.04863920569091289,-0.00180357732685222,0.04862329287905714,0.9988155597999178,0.0013206958959669718,0.021381991196921746,0.08387563137057294,0.0278890486176746,0.1635425722334794,0.16109511627146378,0.05748733133964602,0.05884588828037815,0.04923917315602426,0.062338752425576766,0.05928796812582651
recon_face/mica/FaMoS_180426_03336_TA__selfie__IMG_0151,1.5394149709126312,1.5394149709126312,2669,I,0.02057034831991255,0.0158037604254822,0.02924742766196118,60,0.0035437413952663357,0.68388617083678,4.435799237107858,0.999675780211283,0.012773972298603704,-0.02202634991727298,-0.012962223670242981,0.9998804916396888,-0.00842515257410667,0.021916094918717575,0.008707931447186013,0.9997218896840384,-0.002207478289103878,0.022370968796322804,0.07748082411519583,0.030606138184109392,0.17422790404296717,0.1736264334504585,0.05854388820344078,0.06124234964543864,0.054957793953234475,0.062351740973711094,0.05749063468338042
recon_face/mica/FaMoS_180426_03336_TA__selfie__IMG_0152,0.635743833559481,0.635743833559481,2670,I,0.019068863680060635,0.013854295072720254,0.025032164006311208,60,0.0035283950264019585,0.6877780091216193,4.409947625827044,0.9999409170772761,0.007547131512860973,-0.007823244888450022,-0.007564519019074259,0.9999689787828773,-0.0021953414178820293,0.007806433671475366,0.0022543907954441517,0.9999669881128447,-0.0008818497191947123,0.017075535550385275,0.0793448773278923,0.02914680149082292,0.1726445733876346,0.1723175109687837,0.061800524049436485,0.05726115894414354,0.05680711335789365,0.061916240389579394,0.06001996983248654
recon_face/mica/FaMoS_180426_03337_TA__multiview_expressions__IMG_0184,2.0874994697009064,2.0874994697009064,2671,I,0.017038713730181315,0.011270968564218985,0.02615477638032444,60,0.0034318893977351426,0.6768451209160095,4.179657255066559,0.9999148139400363,-0.00012793674339935798,-0.013051762158899258,-0.0003160148250380655,0.9994215463873904,-0.03400695151386522,0.013048563058557158,0.03400817914598942,0.9993363691737035,-0.0011616585725634757,0.020058804981268552,0.08622499993176327,0.028233369553522812,0.17023744556444392,0.1680138266719477,0.05829904047453586,0.05658794524738879,0.05530541485131524,0.06325717941549171,0.05994432103000161
recon_face/mica/FaMoS_180426_03337_TA__multiview_expressions__IMG_0185,0.25349320329962527,0.25349320329962527,2668,I,0.015384448202762592,0.009601308568715699,0.04002746300488924,60,0.003482090268397608,0.6855542663464131,4.103405523113906,0.9999918050315381,-0.0033389809098371285,-0.0022893396974948198,0.0033430608897522763,0.9999928265712333,0.0017806599792519254,0.0022833776854019527,-0.0017882987888056302,0.9999957940780488,0.0012403783042992304,0.014238545147167388,0.08494525910536183,0.025985685015387203,0.16816951814226752,0.16824109599449247,0.061141007279507865,0.05849191296462411,0.061036445887117374,0.0579435066943701,0.05913275413495488
recon_face/mica/FaMoS_180426_03337_TA__multiview_expressions__IMG_0186,0.7422247230624759,0.7422247230624759,2669,I,0.01636937899584073,0.010699605182754686,0.023719661968001064,60,0.0035030744953236,0.6829339111719578,4.1827304440084845,0.9999850608410819,-0.0003809514153708749,-0.00545279475836106,0.0003168858817154062,0.9999309729641008,-0.011745164554161863,0.005456892705162204,0.011743261177607194,0.9999161555545139,0.00022461425725997975,0.01529540738336621,0.08444082261455588,0.027882364230864716,0.16695389308225658,0.16704841875316362,0.06164031729815302,0.0607731796561014,0.05686291236934584,0.05901853294857507,0.06114513167813696
recon_face/mica/FaMoS_180426_03337_TA__multiview_expressions__IMG_0187,1.8317212669235283,1.8317212669235283,2671,I,0.016506603662083168,0.01078825864444971,0.022184761901688936,46,0.0034456907856106854,0.6815399597934945,3.995583815034479,0.999979868602409,-0.000848873764433989,-0.006288227352731461,0.0006514566187071054,0.9995088668651401,-0.03133050689404204,0.006311734641247779,0.031325779659822396,0.9994892983591785,-0.00016439953624100394,0.01714114688148699,0.08499079713573143,0.027130840194088828,0.16679242743968295,0.16690842283345497,0.057764851920830244,0.05614079360708543,0.05195387626991899,0.060799698596724946,0.061618966884638283
recon_face/mica/FaMoS_180426_03337_TA__multiview_expressions__IMG_0188,0.6708430790712706,0.6708430790712706,2669,I,0.016228519550575356,0.010532482585783157,0.023970530898587826,60,0.0034184633582155254,0.6801032539396977,4.164121453883126,0.999937884824047,0.009385390677926172,-0.006011733147259639,-0.009406885201939781,0.9999494271867431,-0.003557187049122905,0.005978043526831352,0.0036135177774044703,0.9999756024448114,-0.0005068494936026689,0.013531136278648763,0.08409511229237476,0.02729290790699055,0.17164028961588848,0.1691280749265213,0.05876513615493586,0.05817058988941853,0.05296158138420519,0.06305511355633764,0.05928046856011717
recon_face/mica/FaMoS_180426_03337_TA__multiview_expressions__IMG_0189,1.165016562972635,1.165016562972635,2668,I,0.01745421113262273,0.01180722824893937,0.02405554258552515,59,0.0034097763542109884,0.6722949862694652,4.197829845827073,0.9999358170920913,0.009431385350672736,-0.006277791549576937,-0.009536032550755448,0.999812491947275,-0.016853635494221107,0.006117661282202295,0.016912419003450068,0.9998382590718802,-9.116671200978929e-05,0.01700475537519483,0.07901057207446388,0.02775302193301834,0.16436766279711706,0.1645270215197914,0.0570495268203085,0.05777206157644019,0.0550056695350451,0.06297880933237808,0.05870083051011896
recon_face/mica/FaMoS_180426_03337_TA__multiview_neutral__IMG_0178,1.2871369467055913,1.2871369467055913,2669,I,0.017067793786278092,0.011582937460957607,0.023079384160329983,60,0.003405856937207335,0.67,4.150245412020013,0.9999213124959757,0.009734346398346975,-0.007912731293484642,-0.009880107794690068,0.9997782680789186,-0.018595648606165402,0.007729960303339593,0.01867236399912102,0.9997957744141514,-0.0005031597406760191,0.015570788255316034,0.08133022565310108,0.02816197589338265,0.17388999412776465,0.17338578021444642,0.05875181061396943,0.05688474388413588,0.05500873618281566,0.0631240102538949,0.05913161021579453
recon_face/mica/FaMoS_180426_03337_TA__multiview_neutral__IMG_0179,0.16135438117088746,0.16135438117088746,2669,I,0.015481627816629612,0.009569483333551839,0.017412188739804796,59,0.003478415559801491,0.688419308778849,4.1321655828505754,0.9999965391142422,-0.000974902786794195,-0.002443629287453425,0.000972447680282206,0.9999990214724526,-0.0010056836712945656,0.002444607340108626,0.00100330388910614,0.9999965086320345,0.001010957023920339,0.0133947017317365,0.08517132268184768,0.026796109924924073,0.17051350144115388,0.16570556045620533,0.060544335171348086,0.05853969444205461,0.0599520800015698,0.06101341312929264,0.05916406811201576
recon_face/mica/FaMoS_180426_03337_TA__multiview_neutral__IMG_0180,0.4502821298833809,0.4502821298833809,2668,I,0.016094795528026864,0.010257522078709854,0.017002070594079696,60,0.0034861839250430577,0.6807075679336267,4.1070854880381376,0.9999691193758624,-0.0045393849237381125,-0.006415160105245868,0.004539570087646178,0.9999896959963419,1.4302525231627108e-05,0.006415029078745272,-4.342415248198593e-05,0.999979422546415,0.0004345326326034997,0.012504472465455906,0.08620327030772992,0.02713071871220198,0.17233334668279415,0.17250875464122978,0.061805678287033615,0.057276665794393986,0.060937013740887176,0.06054987682510004,0.05873708966845696
recon_face/mica/FaMoS_180426_03337_TA__multiview_neutral__IMG_0181,1.4335069921176036,1.4335069921176036,2668,I,0.016026699056083653,0.010200902551067644,0.024448674000126562,55,0.0035008385822761527,0.6887558623698907,4.16069667506963,0.9998603794116586,-0.0021055395359282124,-0.016576742322775895,0.002413827736214228,0.9998240978199396,0.018599646615020442,0.016534664146360813,-0.01863706312181192,0.9996895842008962,-0.0012522399469614086,0.012266742808289606,0.08422919804199899,0.02778860377750937,0.17362481127438145,0.17370394585533858,0.06057928653800151,0.060056777388071476,0.05859965909987311,0.058777707599393006,0.060295563697497695
recon_face/mica/FaMoS_180426_03337_TA__multiview_neutral__IMG_0211,0.4063128041527745,0.4063128041527745,2668,I,0.015983085823431564,0.010015111551253052,0.017312583571197013,60,0.0035061693928565675,0.6924042840235693,4.044971058145165,0.9999787048714388,-0.006488655816705714,-0.000697960839024192,0.006490567465489308,0.9999750927802085,0.0027724273101239617,0.000679954128167941,-0.0027768984328419358,0.999995913240388,0.002282704886454704,0.012785542082164522,0.0826888697997844,0.0269715068034712,0.17334182123369687,0.17124783197870916,0.05967850650643719,0.0564578272633094,0.061375715587215836,0.0585895112527736,0.05776216216165028
recon_face/mica/FaMoS_180426_03337_TA__multiview_neutral__IMG_0212,2.040185573720207,2.040185573720207,2670,I,0.01711109985202519,0.011399077932833974,0.025345883270139688,33,0.0034363263416683307,0.6805888617995149,3.85398746910505,0.9998985669576151,-0.002302054648417547,-0.014055473684778648,0.0018422030236479924,0.9994653892333667,-0.03264264101774154,0.014123104620708161,0.03261343693923077,0.9993682512702127,-0.0007477115270246566,0.015036191040633494,0.08085055573869643,0.027447708300873924,0.16945033536758325,0.16738911746772506,0.055926633618908136,0.05953334348160384,0.05314474017870199,0.060516006905197955,0.058695556228305364
recon_face/mica/FaMoS_180426_03337_TA__selfie__IMG_0201,0.6122844903973614,0.6122844903973614,2668,I,0.016484312746167407,0.01129206860507655,0.018879422500322204,60,0.003543376619492009,0.69630413024856,4.124103827867657,0.9999432045540683,0.008530636407722121,-0.006388732943261722,-0.008535610321829853,0.9999632884905765,-0.0007516831419786834,0.006382086067654039,0.0008061721846533804,0.9999793093178647,0.00020507904666788,0.013988642869131478,0.08433414271166462,0.02738438872700026,0.1731383946131037,0.1735834679122461,0.0586706717921956,0.057010116704492825,0.05797455383259374,0.05966741311795152,0.058402083835937674
recon_face/mica/FaMoS_180426_03337_TA__selfie__IMG_0202,0.7850141227791698,0.7850141227791698,2668,I,0.016016210636427813,0.010895690966854714,0.018452313819334196,60,0.0035629670726378833,0.6940709434998034,4.189406712073833,0.9999067129184882,-0.001099597284213599,-0.01361456375930665,0.0010850438579230737,0.9999988321277771,-0.0010763005657230896,0.01361573135641488,0.0010614277619991758,0.9999067382664925,-0.0010631651640136933,0.01531577363903789,0.08520692783382047,0.02771921660592891,0.17375726999642752,0.17438067261672746,0.0610568846348991,0.058678886290554705,0.05935342312576436,0.059024740383377475,0.05903366588433408
recon_face/mica/FaMoS_180426_03337_TA__selfie__IMG_0214,0.656539820638992,0.656539820638992,2668,I,0.01566548864075553,0.00987562937579043,0.02289880005351048,60,0.003511757806004522,0.6883424493054588,4.143787681125104,0.9999462009156446,-0.004441671906188936,-0.009373730583305708,0.004487257458268142,0.9999781819159252,0.00484770178787594,0.009351994165622973,-0.004889503328430453,0.99994431493075,0.0001586992099794563,0.012854480655173063,0.0839928176521541,0.027076194058602534,0.17007356570530785,0.17015814912215946,0.05915471263779944,0.057140055996797424,0.05643735040468988,0.05923715284797514,0.05899854628987273
recon_face/mica/FaMoS_180427_03338_TA__multiview_expressions__IMG_0227,5.462879615669983,5.462879615669983,2669,I,0.02934143837643359,0.024257288784872634,0.0293673107356102,60,0.0033860820862944446,0.67,3.9770513370167464,0.9999391787400833,0.009741611873354374,0.0051710558609590306,-0.00920896098473274,0.9954739138844737,-0.09458795807664973,-0.006069090392299969,0.094534585066193,0.9955030780304868,0.003962799526149519,0.009690970880840963,0.08771455444326073,0.03945299180462802,0.16273621257744225,0.160908864134588,0.06233784931924211,0.055695810574891993,0.06763947313281421,0.06422110372831011,0.06125308459488456
recon_face/mica/FaMoS_180427_03338_TA__multiview_expressions__IMG_0229,4.754140147196465,4.754140147196465,2670,I,0.026192671513393197,0.02054210890165298,0.02641588150620983,60,0.003360651225308292,0.6714597607590419,3.9786053700372577,0.9998606348482991,-0.007797110473065178,-0.014761976460726448,0.006572846232782373,0.996673024956611,-0.08123840850384953,0.015346288579211028,0.08113005849935616,0.9965853726774915,0.0009941642002854296,0.004909343011255091,0.08862684433152992,0.035279341670749864,0.16446709693054967,0.16362207352938282,0.061539558045948774,0.05386448611507005,0.06510189447316195,0.062040046761799604,0.061470619377880786
recon_face/mica/FaMoS_180427_03338_TA__multiview_expressions__IMG_0230,4.7962056586258806,4.7962056586258806,2670,I,0.026453224084919826,0.021245986815641573,0.026795393096842535,60,0.0033541436503958543,0.67,3.927058639936149,0.9999995659659568,0.00044645700777716843,-0.0008177677160948175,-0.0005132647367231089,0.9964987172238546,-0.083606477802387,0.0007775777821651261,0.08360686124566086,0.9964985138601268,0.0035472705119780094,0.005739597368336631,0.08832667698398602,0.035508315300663104,0.16175421567875947,0.1596228059354069,0.06265780192340302,0.05662835176832297,0.06456126272548043,0.06218367769458169,0.0605180894368169
recon_face/mica/FaMoS_180427_03338_TA__multiview_expressions__IMG_0232,7.558615523613386,7.558615523613386,2671,I,0.02825024716956149,0.02303593193090795,0.02834346971569935,60,0.0033430256189303726,0.67,4.442663055844605,0.9995538699309204,-0.005019436759270751,-0.029442594327611673,0.0012050527498943578,0.9917520757605778,-0.12816539342761168,0.02984307212722245,0.12807273511252937,0.991315674024579,-0.0034886059068850433,0.015014219073983905,0.0824519954066015,0.03589953647717234,0.15956151872020444,0.15659087528242213,0.05809839986077873,0.05625395261270696,0.24261266681222657,0.06460789419491669,0.06483277481518289
recon_face/mica/FaMoS_180427_03338_TA__multiview_expressions__IMG_0233,4.9686225422821515,4.9686225422821515,2671,I,0.026881370948636508,0.02157605943947453,0.026977057580116932,60,0.003394491570296516,0.67,3.955268179997802,0.9999937177762819,-0.0011142671376386181,-0.0033649393331746844,0.000818891841848117,0.9962480928780875,-0.08653939480332155,0.003448742397066218,0.08653609562211471,0.9962427466889578,0.0027795720412259065,0.011722003661379196,0.08453607033527963,0.03420938948201393,0.1631196166103591,0.15985709448072685,0.06005427441381821,0.05374678263228271,0.06332310109800132,0.06205660783282426,0.0598671031661475
recon_face/mica/FaMoS_180427_03338_TA__multiview_expressions__IMG_0234,1.7215497634733439,1.7215497634733439,2669,I,0.022154551093374407,0.01674482013103977,0.022228061625059324,60,0.0033553142697447507,0.6748898425748906,3.8250430629123002,0.999954128312393,0.006909538782986658,0.006633215269184662,-0.006717853541139609,0.9995712847402681,-0.028497669492240186,-0.006827277261159042,0.028451801287362497,0.9995718499881355,0.003680655815183003,0.009862657172520342,0.08074947610990454,0.030921935308861555,0.1632202759884712,0.16197146661297346,0.05814113968145496,0.05361182701303048,0.05807208124473294,0.06153481934246868,0.059910638570189426
recon_face/mica/FaMoS_180427_03338_TA__multiview_expressions__IMG_0235,5.012690654557114,5.012690654557114,2668,I,0.03157484557165928,0.027042255576750544,0.031816493197180856,60,0.0033604730918750576,0.67,4.070771991973743,0.9999055474552646,0.012472751940050592,0.005772921897107022,-0.011928050987890385,0.9961952542572597,-0.08632923603822436,-0.006827720543374671,0.08625222231545764,0.9962499367015418,0.005263220629816801,0.012739088993705176,0.08551033475170652,0.03946607370951859,0.1604849919868094,0.1597793796430036,0.06043636826055052,0.05837674576236896,0.061705733628620696,0.06639827201732648,0.06338098757665798
recon_face/mica/FaMoS_180427_03338_TA__multiview_expressions__IMG_0238,5.742320090942881,5.742320090942881,2671,I,0.028554018369042138,0.023406137456582817,0.028730003918139083,60,0.0033606473586952675,0.67,3.986697562970221,0.9999681861858994,-0.0022878124823216108,-0.007641500515501671,0.0015142520520919584,0.9950119407975357,-0.09974439689047541,0.007831580734782352,0.09972965248293854,0.9949837499973694,0.003413012938884216,0.005783199943829531,0.09066028312189128,0.03684310902708234,0.1592487849255609,0.15833224701934553,0.06305674437562446,0.0556978831305667,0.061918432782065005,0.06370163432311174,0.06131953057914122
recon_face/mica/FaMoS_180427_03338_TA__multiview_expressions__IMG_0239,6.9008288995128275,6.9008288995128275,2670,I,0.028537869742805106,0.0227674211130799,0.02868398224753177,60,0.0033575052260466187,0.67,4.042694700881839,0.9998443615128774,-0.004047621146887268,-0.01717176502162238,0.0019778425793866568,0.9929066875150112,-0.11887976289806397,0.017531140568648348,0.11882729758359396,0.9927601585777617,0.0010048336549448697,0.006154808187141751,0.09151074093187578,0.039124149405889264,0.16752208603365984,0.1656148449510173,0.06249778099272545,0.05629811994423596,0.06708001942149418,0.0628929867449638,0.062218020038732086
recon_face/mica/FaMoS_180427_03338_TA__multiview_neutral__IMG_0215,1.856781103147155,1.856781103147155,2670,Rx+90,0.021601235338039235,0.01617933527134407,0.02160915379548967,60,0.003323253186136488,0.67,3.871814243029803,0.9999323370892513,0.006754524297356328,0.009470884052941301,-0.006465010675785616,0.9995207536143255,-0.030273201535558993,-0.009670826241320488,0.03020992379611361,0.9994967912024746,0.004896777607043675,0.0036167044363992346,0.08552604810165193,0.03086308824031516,0.16392282098632951,0.16473987663028614,0.057884495059151414,0.054715704828715836,0.06012645173828811,0.060981050540383844,0.05993579985626158
recon_face/mica/FaMoS_180427_03338_TA__multiview_neutral__IMG_0217,5.261232408459255,5.261232408459255,2668,I,0.029660564537227083,0.023972341692809478,0.029940776402238516,60,0.003356977704156206,0.67,3.975527170812711,0.9997739154682299,0.018262590422366352,0.010890167142358142,-0.017218229834590117,0.9958553615048253,-0.08930639127999983,-0.012475997382447245,0.08909869108554903,0.995944663490977,0.004822050513179838,0.005546934752383881,0.08845137876347925,0.03843669697658709,0.16048609967539762,0.15888989595527034,0.060869518389142015,0.056036993664979676,0.06571244717046387,0.06279639663858962,0.06016793071878602
recon_face/mica/FaMoS_180427_03338_TA__multiview_neutral__IMG_0219,4.955204386003829,4.955204386003829,2670,I,0.025561844397143818,0.01995038532434485,0.026023660952197627,60,0.0034075022875487302,0.6808098990151199,3.972220113966614,0.9997235993296179,-0.004386229467593089,-0.023097314443269176,0.002450896177035152,0.9965330811200849,-0.08316135725949068,0.023382002723527067,0.08308176228492548,0.9962683889014388,-0.00010788928190614227,0.008392631370142282,0.09052837450635196,0.03477019525673996,0.16311807774566686,0.16354640552477773,0.06337750895352039,0.05576728856133314,0.06778148354024723,0.06318740102046648,0.058768891812300335
recon_face/mica/FaMoS_180427_03338_TA__multiview_neutral__IMG_0261,6.263424432415439,6.263424432415439,2671,I,0.02940836014451969,0.023154212497233043,0.02944796620915601,60,0.0033542432762530936,0.67,3.9955116380006075,0.999293336184334,-0.007007856096181757,-0.03692855548920914,0.003186719935247621,0.9947244371227272,-0.10253359940491502,0.03745227728241215,0.10234346165636816,0.9940438334311789,-0.002824631042777341,0.006621912970980699,0.0895373356194546,0.03957360624234272,0.16178580151111988,0.1611202061883828,0.060236594665819876,0.05397484274449811,0.0659940561932618,0.06318671895012287,0.06048345644271311
recon_face/mica/FaMoS_180427_03338_TA__multiview_neutral__IMG_0262,7.66547976545862,7.66547976545862,2669,I,0.028597630216551536,0.023008557017359363,0.029077290231431668,60,0.0033893807585106458,0.67,3.9892526699695736,0.9970077506619318,-0.02346900334514256,-0.07365290898546399,0.015304714210069544,0.9938672261691935,-0.10951576356718104,0.07577143817417913,0.10806082837337641,0.9912525140085527,-0.009226330135511066,0.011074383228738445,0.09227202858128722,0.03733692742793504,0.16217428311133256,0.16116686526243224,0.059332704955785735,0.05691326134224129,0.0647417842691719,0.0644800173799499,0.06220838550899008
recon_face/mica/FaMoS_180427_03338_TA__multiview_neutral__IMG_0263,5.450759313780218,5.450759313780218,2668,Rx+90,0.025020261118358214,0.01955090984233936,0.025046827391407733,60,0.0033683221413180467,0.67,3.961634808918461,0.9998730295119591,0.001313404409023765,-0.015880800465808153,-0.002794917494773361,0.9956030576807411,-0.09363087083305575,0.01568799830360346,0.09366336800274305,0.9954803163315732,-0.0004928369552969701,0.005339288180065502,0.08622572312383522,0.03389996471471377,0.1625983139640652,0.1618789210683102,0.06101091103123502,0.05460908588706175,0.06315114243155634,0.060665465767644845,0.059291488860496525
recon_face/mica/FaMoS_180427_03338_TA__multiview_occlusions__IMG_0240,3.0917447926718125,3.0917447926718125,2668,I,0.026565025176441246,0.02096064781079042,0.0269303362020465,60,0.0033556190939475015,0.67,3.9183339718729258,0.9996024588835574,-0.00404271055751192,-0.027903058708594133,0.0027550994736895225,0.9989362122987012,-0.04603100243546076,0.02805946579743006,0.04593582751699925,0.9985502321513381,-0.0006118347140238886,0.00174306118787175,0.0899494407281374,0.0361673879691673,0.16494315115667135,0.1623889266022433,0.06170291995815076,0.05314177541523123,0.06898263158108621,0.06215214395982672,0.060374636895754806
recon_face/mica/FaMoS_180427_03338_TA__multiview_occlusions__IMG_0241,4.514036091767799,4.514036091767799,2668,I,0.027121104326729425,0.021631345932885137,0.027184528963626338,60,0.0033313880010921947,0.67,3.9570609980728477,0.9998442740600576,0.0019548445400303306,-0.01753870611365079,-0.0032944485997002814,0.9970503594272874,-0.07667938037270722,0.01733707696645057,0.07672521976992125,0.9969015329577526,-0.0006082845741948841,0.003234204391258322,0.08586599067045056,0.03654203955536209,0.16088763565773845,0.1579631837568453,0.05999705186160762,0.056090530087981254,0.0644076117456634,0.06061794053203046,0.06004927879166353
recon_face/mica/FaMoS_180427_03338_TA__multiview_occlusions__IMG_0242,6.042472554466868,6.042472554466868,2669,I,0.026594469402931743,0.02080182371406905,0.02659590789140797,60,0.003367855767244912,0.6725365262714287,4.057345634093508,0.9999547649945488,0.008405319175801802,-0.004451805729029503,-0.008825720735355346,0.9944521546775101,-0.1048189806798312,0.0035460708111428895,0.10485352958680126,0.9944813536286098,0.001598655414768978,0.0020329273081323568,0.08857508420102628,0.03572569661410126,0.16519324137197197,0.16507462609667384,0.06312703410339311,0.05482437793077199,0.07055786705607481,0.06380045274812075,0.06051463222329062
recon_face/mica/FaMoS_180427_03338_TA__multiview_occlusions__IMG_0243,4.91688628772986,4.91688628772986,2668,I,0.025376407759949874,0.019921460391390942,0.02559772477360334,60,0.003395620765551371,0.67,4.024607799015939,0.9998872352505934,0.010945259938148197,-0.010281929187230095,-0.011773925606928956,0.9963682043734029,-0.0843313464230439,0.009321558814240625,0.08444289548924361,0.9963847178387801,0.0005915027515461186,0.0032929943749912885,0.09119001428127244,0.034457650744539096,0.16270255559184194,0.16250840562714883,0.061955070297052224,0.05616096623040048,0.06735679088461999,0.061531123112750115,0.06078005421336728
recon_face/mica/FaMoS_180427_03338_TA__multiview_occlusions__IMG_0244,5.557001636467763,5.557001636467763,2669,I,0.027206594064491132,0.021943213213614154,0.02724295652055394,60,0.0033767807628995927,0.67,3.9550185119733214,0.9997784571368888,0.011384537617425972,0.01770392465585291,-0.009659884244816017,0.9954664060915162,-0.09462198993689383,-0.018700889854749148,0.0944300092474754,0.9953558409293446,0.005521527114200014,0.0055703635876111005,0.08904053880316956,0.03783756822698478,0.1666829749829028,0.1644263420775103,0.05933365393634961,0.054531214410715054,0.06863427084966008,0.06231187944199909,0.0635862583704622
recon_face/mica/FaMoS_180427_03338_TA__multiview_occlusions__IMG_0245,5.87885841129776,5.87885841129776,2671,I,0.025391234770350303,0.020113633384604295,0.025482296656029264,60,0.0033840165963106243,0.67,3.9954285118728876,0.9999276053881391,0.011138401424402753,0.004551922280779394,-0.010617595583593197,0.994753752043202,-0.10174595549698835,-0.005661329063449231,0.10169025916812634,0.9948000002731979,0.0031828330386050787,0.007224860347429515,0.08460877769816288,0.03416422503145141,0.16288094538061118,0.15870398020407187,0.058971529295289433,0.056980288257809375,0.0643731076091432,0.0633554778410003,0.059745080023954324
recon_face/mica/FaMoS_180427_03338_TA__multiview_occlusions__IMG_0246,4.9477710848045175,4.9477710848045175,2670,I,0.023091812102011878,0.016990758486647904,0.023331694372533157,60,0.00335781308134905,0.6737498053376441,3.892554486170411,0.9998249137545712,0.010250288770583421,0.015654820848064303,-0.008895681048938443,0.9964029121387694,-0.08427397902114456,-0.0164623417028348,0.08411996351342765,0.9963196389935107,0.004768567826203624,0.007955744464519743,0.0848962064484241,0.03265695985073834,0.16734137376499525,0.16535531786017205,0.05987509790026935,0.05220717539702668,0.06006147080286004,0.06171828326634435,0.0595361201737533
recon_face/mica/FaMoS_180427_03338_TA__multiview_occlusions__IMG_0247,6.606551482042115,6.606551482042115,2669,I,0.030877357921252357,0.024817634555627254,0.03093652186526724,60,0.00336617382609201,0.67,4.061267551034689,0.9985680972976648,-0.003236496063608984,-0.05339737964125119,-0.0022251408342565796,0.994791391047144,-0.10190749259379918,0.05344907677022483,0.10188038766964798,0.9933597449064928,-0.006331543824457579,0.001196465356300809,0.0917641690193704,0.040124775007639606,0.16334699387957438,0.1631338760742674,0.06128620807865667,0.05513798510111724,0.0716728409182724,0.06267614121458974,0.06206016830498473
recon_face/mica/FaMoS_180427_03338_TA__multiview_occlusions__IMG_0248,5.9837431237000915,5.9837431237000915,2668,I,0.03037442249205988,0.024978268183736024,0.030739824584535634,60,0.0033755709070679672,0.67,3.9867752271238714,0.9999769311977423,0.003801291267441769,-0.00562914354457003,-0.0043662478464316454,0.9945662212621763,-0.10401426538710278,0.005203167505360016,0.10403644413846148,0.9945598751904967,0.0017204858701446554,0.002092891316119859,0.08856067251044511,0.039392335782813356,0.16316924431908883,0.16029171935084457,0.06034999854144626,0.05409491771282312,0.06738494023729479,0.06427244414864483,0.05971163910551969
recon_face/mica/FaMoS_180427_03338_TA__multiview_occlusions__IMG_0272,4.023554519336925,4.023554519336925,2670,I,0.02570442263296105,0.020224702092770722,0.02595473050410051,60,0.003390442208375304,0.67,3.8664464422035962,0.9999955218077741,-0.0026362671915534405,-0.0014164955672561342,0.0025304808209523503,0.9975364259679941,-0.07010474687077893,0.0015978207697077823,0.0701008485133806,0.9975386298316932,0.003548872966417125,0.006120152576691719,0.08976613575413406,0.03574210524165205,0.16053433020067778,0.15869307245873152,0.060193548983075267,0.05433773296730254,0.06354648819592004,0.061406935560224515,0.060918083878298494
recon_face/mica/FaMoS_180427_03338_TA__multiview_occlusions__IMG_0273,4.514944383311697,4.514944383311697,2669,I,0.022677617594941624,0.01646782154389832,0.02279163484262926,60,0.003364677410396023,0.6710241955392561,3.9413900640793145,0.9999856639266542,0.004422550914223988,0.0030187720317343828,-0.004171803096236584,0.9969019242994132,-0.07854393284687161,-0.0033567841894759243,0.07853021311278063,0.9969060826519052,0.003279617185537654,0.008706906695719843,0.08310382371723915,0.03235765059882787,0.16249924986169348,0.15994619892470296,0.06042405794574245,0.05315943022042073,0.06700064388956425,0.06265637667816504,0.06028169447127596
recon_face/mica/FaMoS_180427_03338_TA__multiview_occlusions__IMG_0274,4.439031650523952,4.439031650523952,2671,I,0.024166075079565304,0.01844160663070958,0.024274901071527986,60,0.003340627210869109,0.67,3.910486505832523,0.9998278924262346,0.0065227867889900235,0.017367751121531296,-0.0051991272437536375,0.9971551638767369,-0.07519673018064299,-0.017808834953958467,0.0750934911058378,0.9970174587193145,0.005841552456788814,0.0080473428467632,0.08622528307720312,0.03378369949331181,0.1622671796798942,0.16192600684690042,0.057887070340633354,0.05311889773376364,0.06397414492861435,0.06324414528386528,0.06205696857367661
recon_face/mica/FaMoS_180427_03338_TA__selfie__IMG_0254,5.270387218122931,5.270387218122931,2670,I,0.026544562261652055,0.02122488341850276,0.026948064993423466,60,0.003385751030295381,0.671533167789044,3.912501452025026,0.999917926220608,-0.004514049995358223,-0.011990169945360327,0.0034046655812206388,0.9958465249744787,-0.09098410272423631,0.012351075862420529,0.09093581279613511,0.9957801609171308,0.001943200790129989,0.005177128445426421,0.09101640727816684,0.03567986398943262,0.16230135653301606,0.16109508018427218,0.06072731940550423,0.054139640660322,0.06465933386590764,0.06365077652146722,0.06055697637180815
recon_face/mica/FaMoS_180427_03338_TA__selfie__IMG_0275,7.307297613335648,7.307297613335648,2669,I,0.02962052015944711,0.023819058276964147,0.029764130548412652,60,0.0033470423973558424,0.67,4.016433320008218,0.9997911807001226,0.004312750996010371,-0.01997486353146563,-0.006786630715328063,0.9920716076332925,-0.1254905055031214,0.0192752856733183,0.12559986268599813,0.9918937129831351,-0.00045207209394570905,0.006381302632978023,0.08656435116202774,0.03857430793585084,0.1551719638574079,0.15301054488171356,0.06265610955952156,0.059179335692720915,0.06537177502246033,0.06520740269699024,0.06322506428940373
recon_face/mica/FaMoS_180427_03339_TA__multiview_expressions__IMG_0289,0.7644957624331493,0.7644957624331493,2668,I,0.025266765785579622,0.02015309032105471,0.046617419698182526,60,0.0033555213050284493,0.6722651592504992,4.374215357936919,0.9999586587593872,0.008978808915916013,0.0014358839015348646,-0.008964359867609864,0.9999120787069282,-0.009771136482174387,-0.0015234908241303806,0.00975786075124832,0.9999512303753957,-0.0006079018386870724,0.011917510497361297,0.08477018604620423,0.03387422283825263,0.16502771679972125,0.16460680525822052,0.05799884788869673,0.05877820407348453,0.06175411012188495,0.063076800269233,0.06222642864486886
recon_face/mica/FaMoS_180427_03339_TA__multiview_expressions__IMG_0290,1.4635919381188605,1.4635919381188605,2671,I,0.023957221842532853,0.018977371581085485,0.04539647250167482,60,0.0033790257591582726,0.67,4.226462344173342,0.9997048008415197,-0.010089748798447418,-0.022102220331924702,0.009915268078522542,0.9999189229552684,-0.007989679274357245,0.02218104220607665,0.007768171288037347,0.9997237902948451,0.0025406935674354954,0.015226054556718091,0.08481348404185216,0.03278948965615223,0.1630894898428724,0.16161304518723002,0.05495086048031901,0.058952506979384735,0.055261739826550575,0.061557672865106765,0.06036553711160596
recon_face/mica/FaMoS_180427_03339_TA__multiview_expressions__IMG_0291,1.1845364179578386,1.1845364179578386,2669,I,0.020794150930035605,0.016001101444659733,0.024798548197462893,46,0.0034436097599244127,0.6852842274444134,3.954733707010746,0.9997944048196276,-0.00272003783004638,-0.020093518496491193,0.0028009225725434384,0.9999880838686042,0.003998368859995188,0.020082403344926787,-0.004053827204146927,0.9997901097534877,0.001395922520473289,0.01182083564510645,0.08707572823813595,0.029975535975748036,0.16596185129402655,0.16638294921104743,0.05712711307933191,0.05747619872846806,0.055925199793955487,0.06119735981620918,0.06293436824651233
recon_face/mica/FaMoS_180427_03339_TA__multiview_expressions__IMG_0323,1.4248679969018108,1.4248679969018108,2670,I,0.02222748785790144,0.016782803488642993,0.02619349076775013,50,0.0033846384112061496,0.67,4.018581916112453,0.9999831268919114,-0.002576390575386515,-0.005206548096202924,0.002449751879535428,0.9997045062158236,-0.024184684564916865,0.005267318786985231,0.024171521743135534,0.9996939496112883,0.0013390900298602783,0.016423851525174088,0.08424148158858283,0.030918383716768336,0.16366948344895274,0.16269792821759899,0.05661382586740299,0.05909659227888404,0.053555443957771225,0.06069764214823934,0.0615903507029521
recon_face/mica/FaMoS_180427_03339_TA__multiview_expressions__IMG_0324,0.9432174247220482,0.9432174247220482,2669,I,0.022924112263730208,0.018108797016598892,0.027076091681313225,39,0.003366078343862834,0.67,3.888658936135471,0.9999765477766424,-0.0010015869762961056,-0.006775007028581464,0.000900056454276343,0.9998875003905708,-0.014972523537348244,0.006789241127514141,0.014966074509578398,0.9998649522904013,0.0017020237622390405,0.014927065612715971,0.08723557151166286,0.03201894538994178,0.16733838694845163,0.16836192407444284,0.05643312190396642,0.05624888132537666,0.05571596514260828,0.06254738588586815,0.06124414754987411
recon_face/mica/FaMoS_180427_03339_TA__multiview_expressions__IMG_0325,0.7576154942859853,0.7576154942859853,2669,I,0.02035826195281529,0.01510502081540227,0.020889113646519155,49,0.0033859855402538818,0.67,3.794906419934705,0.9999293241592024,0.010525705012561152,-0.005527768130886151,-0.01055751889485506,0.9999276895527528,-0.0057579910106014395,0.005466761500657761,0.0058159435762337305,0.9999681441521089,0.000990186522976317,0.014684370256590328,0.08705079641563326,0.030397683397164865,0.16471299647209134,0.1643315981854255,0.05764797800217249,0.05387154225843183,0.059814460693160286,0.06287761839555364,0.05998893175985416
recon_face/mica/FaMoS_180427_03339_TA__multiview_neutral__IMG_0284,0.9749635700389948,0.9749635700389948,2670,I,0.023150261678252106,0.01829863825553076,0.045589696585051506,55,0.0033839208565690834,0.6722894386125903,4.283504321007058,0.999861655577523,-0.00575231939792007,-0.015607066582786775,0.005808251343621533,0.999976863209239,0.0035407997038652377,0.015586337674532068,-0.0036309596194243282,0.9998719329044787,0.002940660488266901,0.012469348213951105,0.08681393491427489,0.03225367439825049,0.1664966876217531,0.1670859551799588,0.05669835634765721,0.059222112221758154,0.05812490328699252,0.06284762570815652,0.06221267640937092
recon_face/mica/FaMoS_180427_03339_TA__multiview_neutral__IMG_0285,1.346785694010616,1.346785694010616,2669,I,0.024123013380569592,0.018401879565176193,0.024273302212885397,60,0.0033734196757921097,0.67,3.9448168529197574,0.9999661518262266,0.005102845723555396,-0.006454158920349672,-0.005243710583520382,0.9997442152746596,-0.022000171003237,0.006340244566561566,0.022033270079064114,0.999737133604859,0.0011839982169158522,0.014002195917384504,0.08477375602612777,0.03310586265075399,0.16261296771637035,0.16163227502010757,0.055802131527705225,0.054930521088060326,0.056417453363066625,0.061342051137281736,0.06191727484891052
recon_face/mica/FaMoS_180427_03339_TA__multiview_neutral__IMG_0286,0.9249522978641226,0.9249522978641226,2667,I,0.01981066294875878,0.014020851789759953,0.04576087496349675,48,0.0033877881083494866,0.67901475494107,4.250315282028168,0.9999477526122671,0.005291186255441755,-0.008746164512810833,-0.005400050937402998,0.9999076557684503,-0.012470741177477651,0.008679371840656447,0.012517319347704052,0.9998839858807615,0.0001865271361763595,0.013115796323524762,0.08450228558911455,0.030178561915386905,0.16786635912773934,0.1666480146669,0.05851750405565913,0.058765389243524487,0.06202813681352686,0.06121047635043931,0.06152203795558229
recon_face/mica/FaMoS_180427_03339_TA__multiview_neutral__IMG_0314,0.29048900985068865,0.29048900985068865,2669,I,0.022573308086554413,0.017298454443511642,0.046203936711839914,32,0.0033642326607686733,0.67,4.175991862080991,0.9999874414114349,0.0039454610781497835,-0.003090365074190326,-0.003947828773258097,0.9999919181653729,-0.0007604287709135574,0.0030873398562526445,0.0007726194531612906,0.999994935683073,-0.000558302612692168,0.012617764448186138,0.08418718255801105,0.03121996852523173,0.16578021001251017,0.16481945855574134,0.05704859515594632,0.05747948085108486,0.05886981459263291,0.06299542475408546,0.06462625932646388
recon_face/mica/FaMoS_180427_03339_TA__multiview_neutral__IMG_0315,1.51751809644594,1.51751809644594,2669,I,0.02380095107685942,0.018410184702707097,0.04499987830624133,38,0.00332762344750538,0.67,4.106599393999204,0.99972139576147,-0.005234228400740083,-0.02301594468595321,0.004957413124654361,0.9999148929556151,-0.012067762869414064,0.023077151294071768,0.011950301193266606,0.9996622606608394,-0.0004722667623350633,0.014494221102792873,0.08637819247102735,0.032139073310875635,0.16640165771719873,0.16517065218163748,0.055734940816586656,0.05728531110233196,0.05648949537107644,0.06287447406403406,0.06287540635523765
recon_face/mica/FaMoS_180427_03339_TA__multiview_neutral__IMG_0316,1.167837476705864,1.167837476705864,2669,I,0.019643225744998712,0.01437849381755917,0.024155849529782704,50,0.003386634857144984,0.67,3.884061569813639,0.9998672733470686,-0.00036069787596349455,-0.016288203907789473,0.00016119026544316267,0.9999249744182361,-0.01224824691084256,0.016291399792460422,0.012243995742114398,0.9997923158641844,-0.00034263890925833435,0.014735062932123413,0.08601455851432299,0.02910925131333615,0.1638754289153948,0.16557453902167754,0.05743289440185043,0.05497256554807365,0.05460255733187119,0.06239441742972028,0.060599901267542826
recon_face/mica/FaMoS_180427_03339_TA__multiview_occlusions__IMG_0304,1.724383288465111,1.724383288465111,2669,I,0.024661845901989894,0.019979348865400145,0.025736327756940514,60,0.003474517952603828,0.692720452998197,4.005298946984112,0.9996008073513296,-0.009900896623682246,-0.026461258258382418,0.009626208074308262,0.9998986629580109,-0.01048808528245727,0.02656241820090516,0.010229176938010263,0.9995948188533645,0.0024295991586477383,0.009524066192655153,0.08718120340312815,0.033274376336322666,0.1659473580027912,0.16439544446949836,0.05933143672454606,0.05645563328014018,0.06106033652576522,0.06000111535755011,0.06119662960072399
recon_face/mica/FaMoS_180427_03339_TA__multiview_occlusions__IMG_0308,2.4689131074619306,2.4689131074619306,2668,I,0.026279951668940964,0.02067954471679897,0.026603157588883666,53,0.0034121663185806873,0.6831856967651915,3.945533697027713,0.9997976518014874,-0.015985301721112902,-0.01221169853530359,0.015508457955727396,0.9991500495573516,-0.03819248880837414,0.01281183765381007,0.037995376013764404,0.9991957807244309,0.003967616126951523,0.011422433217094123,0.08520160979592806,0.03443272585858553,0.1657052832485819,0.16449424286188338,0.0570789168674225,0.05520476348721566,0.06236698453165106,0.06155736971058183,0.06278350001950851
recon_face/mica/FaMoS_180427_03339_TA__multiview_occlusions__IMG_0327,3.808958846601805,3.808958846601805,2669,I,0.02538947880185994,0.020947840489266432,0.0254846913619827,55,0.0034153248357236213,0.677180870991686,4.014361126814038,0.9998673760058494,-0.0011202269549105452,-0.0162473225716404,7.14258625122494e-05,0.9979235397099758,-0.06440965603897508,0.016285739084352605,0.06439995329410095,0.9977912711174585,0.0020095519120239694,0.01686616778541742,0.08792385813841772,0.034747836947647735,0.16667822290957704,0.16599963952064367,0.057647981637037216,0.057169328437551924,0.06003640866377399,0.061071507853898116,0.06295980068408798
recon_face/mica/FaMoS_180427_03339_TA__multiview_occlusions__IMG_0328,4.060572752741385,4.060572752741385,2671,I,0.023432040387778436,0.01865812026836263,0.04357433771277791,50,0.0033406776943329967,0.67,4.096430347999558,0.9998935354765791,-0.0029043276254803424,-0.014299741018322671,0.001906418722576912,0.9975933146596088,-0.06931049064974582,0.01446662641397213,0.06927585024738515,0.9974926432273578,-0.00042840329039762516,0.016369738700491222,0.08631045233333662,0.03194216722187006,0.16117963911134,0.16117607977800427,0.05479233188351769,0.06820753488646376,0.05809711709299464,0.06339419310270838,0.06262733479336945
recon_face/mica/FaMoS_180427_03339_TA__multiview_occlusions__IMG_0329,1.7922325911898647,1.7922325911898647,2672,I,0.02392315799059984,0.01904456344051025,0.024408260729984466,60,0.0033840970440040777,0.67,3.93162960303016,0.9998559651997849,-0.008827422819694463,-0.014495704907607397,0.00844353795484842,0.9996175493562874,-0.026333660697557264,0.014722619373302133,0.026207472699429954,0.9995481043218966,0.002626104979562629,0.012662091721252489,0.08792364970481997,0.03211553006682732,0.16153253228875758,0.16445763690195245,0.059026629952674825,0.057239904099818856,0.05724961638578085,0.06075940727718571,0.06117908153413952
recon_face/mica/FaMoS_180502_00145_TA__multiview_expressions__IMG_0397,1.9108642833015272,1.9108642833015272,2672,I,0.02792058291782,0.022795838887413995,0.03145385887697584,31,0.0034060393522778835,0.67,3.8251315359957516,0.9999163640844807,0.006188835112116203,-0.011356194610319973,-0.006534958825550301,0.9995073045924455,-0.030699224411922778,0.011160607027432937,0.030770869118376787,0.9994641536665928,0.0017849247180123807,0.020307952278698402,0.08418297482029327,0.03573443129244975,0.1580712444362011,0.159136512042921,0.056775247254993215,0.07297446083184392,0.05486157495707041,0.06714460659869055,0.06428956644120046
recon_face/mica/FaMoS_180502_00145_TA__multiview_expressions__IMG_0398,2.2659467160962303,2.2659467160962303,2672,I,0.02683475929907177,0.021779544440354976,0.030576355869570287,56,0.003383059260979514,0.67,4.015057070879266,0.9999236372642645,0.006840362254349391,-0.010292185600465903,-0.007222101415327801,0.9992697045981084,-0.03752197654118272,0.010028005352605583,0.03759344246859574,0.9992427994196448,0.0012988356957338491,0.022516619613138153,0.08407016810613038,0.03458574230913523,0.15891089439453346,0.15763171191058883,0.05657571499521768,0.0651075259727407,0.053131233840776705,0.06678327750079444,0.06672568058065234
recon_face/mica/FaMoS_180502_00145_TA__multiview_expressions__IMG_0399,2.119269859235492,2.119269859235492,2675,I,0.026247588776626054,0.021032082638412452,0.04535949068978523,51,0.003403070292041499,0.67,4.205056583043188,0.9998772870764961,-0.0054111872339698665,-0.014701355082625068,0.004915643160667777,0.9994253910918829,-0.0335369064338713,0.014874382032995003,0.03346052440647309,0.9993293481458353,0.00072098462246711,0.022711615574958058,0.08360159778768422,0.033985102631349864,0.15605869600681863,0.1562336876895056,0.05607752555869878,0.07273722652583692,0.056144231777038346,0.06653099807607969,0.0652974916635138
recon_face/mica/FaMoS_180502_00145_TA__multiview_expressions__IMG_0406,1.505417649842555,1.505417649842555,2673,I,0.02767097427448901,0.022693020705634195,0.03096576042272707,28,0.0033684761063381007,0.67,3.803795878076926,0.9999139563318507,-0.0021388743084206152,-0.012942378045723549,0.0018437061890738261,0.9997389060311905,-0.022775436659848648,0.012987712665208566,0.022749615035230552,0.9996568282843243,0.0029103961235484145,0.021541362878636602,0.08397246867894878,0.035365041803244096,0.16016990783615784,0.16118549130607276,0.05476862493807935,0.07080831548754526,0.054650524734970465,0.06736039555538009,0.06706250289261599
recon_face/mica/FaMoS_180502_00145_TA__multiview_expressions__IMG_0407,1.049286148308606,1.049286148308606,2671,I,0.026357182043318772,0.02141586656308233,0.028587699770977013,24,0.0034023268746242756,0.67,3.734584948979318,0.9998642763617775,-0.00045852217734419976,-0.01646871619016989,0.0003268289559500251,0.9999679591154006,-0.007998370172387297,0.0164718559480415,0.007991902151169614,0.9998323896842082,0.0017622810635498478,0.021333878674575632,0.08431190304153943,0.033451519736100194,0.15787943420534398,0.1588858699800547,0.05617361335773139,0.07054906424262962,0.0523392709029728,0.06693450456622407,0.06594644550142631
recon_face/mica/FaMoS_180502_00145_TA__multiview_expressions__IMG_0408,0.9968450273724438,0.9968450273724438,2672,I,0.025015729432914635,0.019628485352423317,0.0286338080615918,37,0.0033529934336489478,0.67,3.829740992980078,0.9999091448067758,-0.0011011257323914547,-0.013434643795208982,0.0009532889426809244,0.9999389822272339,-0.011005592330969809,0.013445942584082559,0.010991785318373266,0.9998491822687761,0.0015582491767561714,0.023004758772288636,0.08404964808200369,0.03376057838292956,0.16092225306612298,0.15897144983924658,0.05345408006883366,0.07053366722071644,0.052067982886843445,0.06493831548381869,0.06473161795634283
recon_face/mica/FaMoS_180502_00145_TA__multiview_neutral__IMG_0388,1.9033165256680205,1.9033165256680205,2674,I,0.025733967239057878,0.021009140216266882,0.03150065032461724,35,0.0034331602570737453,0.67,3.828282558824867,0.9999003186692661,0.00018146907332476482,-0.014118066230030295,-0.0006058428566373165,0.9995478989301799,-0.03006045074004421,0.014106228395044386,0.030066007603886818,0.9994483726072249,0.0017679101373387176,0.02092017401569783,0.08536414110072149,0.03435375793119716,0.16071843870973096,0.1612567634172513,0.0544330525710402,0.06685040209802932,0.05263266727749862,0.06434218421227886,0.06453207535935471
recon_face/mica/FaMoS_180502_00145_TA__multiview_neutral__IMG_0390,1.0328096093145476,1.0328096093145476,2672,I,0.026224636807346203,0.02101460771416145,0.03037551840396187,44,0.0034021199310216225,0.67,3.9983424900565296,0.9999841314430582,0.0025201516100697976,-0.005038422167312418,-0.0026060509338296694,0.999850120900986,-0.017115613714233213,0.00499453307167827,0.017128472498936426,0.999840822365865,0.0021479905845805366,0.020536516634422963,0.08520109162925654,0.03466131427783309,0.15962509449584203,0.15906492097479283,0.0559282076607872,0.07254409840595119,0.054992498668870814,0.06745185925780908,0.06467078101198862
recon_face/mica/FaMoS_180502_00145_TA__multiview_neutral__IMG_0392,1.4771048336125099,1.4771048336125099,2673,I,0.024461440733467153,0.019890913704102186,0.02905745157543579,60,0.003419646187453328,0.67,4.04876194591634,0.9998340087061433,0.001021611175260658,-0.01819096878151813,-0.0013531991636844425,0.9998329915801186,-0.01822519684321022,0.018169311671799464,0.0182467876229471,0.9996684104515935,0.0009344189334890896,0.021336358861836685,0.0864281131697894,0.0326832711145775,0.16200203503173996,0.16398413432088937,0.05599354695832638,0.06961832108897598,0.05147572319691898,0.0656980414253172,0.0636622875299143
recon_face/mica/FaMoS_180502_00145_TA__multiview_neutral__IMG_0394,0.9566901019591519,0.9566901019591519,2673,I,0.02531744392980784,0.020397725242426005,0.02965456154105431,57,0.003409440486085089,0.67,4.118891455931589,0.9998941156790006,-0.00037021984463689783,-0.014547177312990947,0.00025110681443858576,0.9999664378474,-0.00818902461521812,0.014549720817826853,0.00818450463055299,0.9998606500448326,0.001002904976056725,0.022006714909223485,0.08366850984485819,0.03340760997656897,0.16642612168400642,0.16662669850811232,0.053306497138910135,0.06873951687867075,0.05091471922525173,0.06531105938458096,0.06526625355515445
recon_face/mica/FaMoS_180502_00145_TA__multiview_neutral__IMG_0395,0.9083985554179104,0.9083985554179104,2674,I,0.023888495128184063,0.01898832442721748,0.02874981805772121,60,0.003417710729642401,0.67,4.132225360022858,0.9998885109244687,0.0032953427486058715,-0.014563874395819354,-0.003372888202521621,0.9999802498860503,-0.005303155947647609,0.014546111041143683,0.005351687023826279,0.9998798778351214,0.0006119947917365945,0.022964197081810217,0.08388426725761935,0.032336215063458615,0.16001984274114628,0.16129739072414354,0.05361627901499741,0.06812699746587256,0.051337316866544885,0.06601135909165191,0.06348916785830792
recon_face/mica/FaMoS_180502_00145_TA__multiview_occlusions__IMG_0412,1.787006700154774,1.787006700154774,2672,I,0.027693720538199042,0.02239795116443081,0.029297931823118455,44,0.003387338372459007,0.67,4.021567770047113,0.9997818558212921,0.020883914490367105,0.0003207586220730395,-0.020870884108184534,0.9995138161368018,-0.02316328016906293,-0.0008043426367742617,0.023151532718306084,0.9997316437753263,-0.0007602854267358702,0.01838869247142673,0.08402086577272094,0.03531688650740747,0.1577602159866647,0.15708019088207045,0.057273058255674615,0.06945308375515702,0.05447296469535769,0.06707900825068244,0.06623181460969052
recon_face/mica/FaMoS_180502_00145_TA__multiview_occlusions__IMG_0413,1.1633112120894504,1.1633112120894504,2673,I,0.023609989132937728,0.0190637958117295,0.029949944390781566,53,0.0034148527629289487,0.67,4.125398657983169,0.9998996706358192,0.0004235499970928398,-0.014158717024511097,-0.0006294467099869325,0.9998940795230243,-0.01454075416346625,0.01415105859006681,0.014548207456694886,0.9997940273879304,0.0014905574374893939,0.019318116370967864,0.0864808855148699,0.03225004021918227,0.1616744950767309,0.1623214073284417,0.05871870478562757,0.07032514619067132,0.055880005574798455,0.06817659209255798,0.06403822420231493
recon_face/mica/FaMoS_180502_00145_TA__multiview_occlusions__IMG_0414,1.5139903304212248,1.5139903304212248,2674,I,0.02693425143225989,0.022076781110622355,0.03177622028340709,55,0.0034008584803553836,0.67,4.111940140137449,0.9997217251082824,-0.008274592171309138,-0.022090800594767673,0.008011080810902505,0.9998960195680907,-0.01199052276298642,0.02218772026956512,0.011810214912820756,0.9996840620380781,0.0016088672776150236,0.01919755516576839,0.08542131028087097,0.0347864469817477,0.1570815276231819,0.1592917167578116,0.05862413535477859,0.07153199243328155,0.05687377619270571,0.06647651887279343,0.06481322551632486
recon_face/mica/FaMoS_180502_00145_TA__multiview_occlusions__IMG_0415,1.1500635080120967,1.1500635080120967,2673,I,0.02402688979153679,0.01888004876555376,0.02809855325499932,40,0.0033488442381260286,0.67,3.874600660055876,0.9997997697116732,-0.0005053175748165591,-0.020004128039817857,0.00047415176592252486,0.9999986666029088,-0.001562681191984272,0.020004891016641848,0.0015528833032427837,0.9997986761787891,-2.4183007191864558e-05,0.022546337618315634,0.08394130134884081,0.032034548144484545,0.16339630409353165,0.16369140416147632,0.05446429667703314,0.06799474816923726,0.05007805792799317,0.06579030101356538,0.0651756666641972
recon_face/mica/FaMoS_180502_00145_TA__multiview_occlusions__IMG_0416,1.0783367699698527,1.0783367699698527,2674,I,0.022455261211334895,0.0181990899456914,0.02791496135006636,60,0.003421905100486742,0.67,4.004572153091431,0.9998530759173225,-0.0028923720108011168,-0.016895584121889778,0.0027610231667990356,0.9999658277271406,-0.00779231217594416,0.016917545027016173,0.007744518198448623,0.9998268945713217,-0.0001904600935241479,0.023736107948424387,0.08545817192086869,0.03052225266760099,0.16225801566726641,0.16187490966584267,0.052726058757013736,0.06824597591990635,0.05094845673501722,0.0640860253192437,0.06183846005695913
recon_face/mica/FaMoS_180502_00145_TA__selfie__IMG_0418,0.992853703160644,0.992853703160644,2674,I,0.02496941276700416,0.020021269673350627,0.02949724816461803,54,0.0034156291536538252,0.67,4.013441120972857,0.9999577782609842,0.002593211431581295,-0.008815721741685961,-0.0027224420418159915,0.9998885536075908,-0.014678851244166497,0.008776673896452541,0.014702231769038784,0.9998533964418609,0.0006063335256818825,0.019443164206716025,0.08519711839478508,0.03287895248591634,0.1594695496772116,0.16039943530932627,0.05591254389768832,0.06946645265984144,0.05030970685474547,0.06749915665684814,0.06598385547206274
recon_face/mica/FaMoS_180502_00145_TA__selfie__IMG_0421,1.218590394407036,1.218590394407036,2672,I,0.02326203389603204,0.01903494474056287,0.02790733479768229,56,0.003443081772222746,0.67,4.022227494977415,0.9998724539555595,0.004716003780118974,-0.015258936045296096,-0.004929838009473973,0.999889750241562,-0.014006571995603371,0.015191198704805297,0.014080009595649326,0.9997854673937291,0.00025827679559402555,0.022686987063993358,0.08561403957494712,0.031513038422319936,0.16280855899821267,0.16284662672332964,0.05545745461695293,0.06678956302365625,0.047744163414495874,0.06436668645345053,0.06497965890496804
recon_face/mica/FaMoS_180502_00145_TA__selfie__IMG_0422,0.7516353636694357,0.7516353636694357,2674,I,0.023146568975086306,0.018717359415360457,0.02751007964072836,60,0.003419388053027006,0.67,4.02151356684044,0.9999420451422572,0.006046250321798967,-0.008907817564689427,-0.006112849899341621,0.9999534271550252,-0.00746837244837155,0.008862247052963491,0.007522391771612338,0.9999324348170757,0.0012926945333708955,0.021658208471822524,0.08470924927049753,0.03182085189634786,0.1620012351796678,0.16373366367360384,0.05272071327488973,0.0679843040745571,0.049978368867017585,0.06617437071423918,0.06376096473965673
recon_face/mica/FaMoS_180502_00145_TA__selfie__IMG_0436,0.9957683322801218,0.9957683322801218,2672,I,0.023042036320765586,0.0184087079836104,0.026596608524247813,60,0.003416237292054853,0.67,4.0353233551140875,0.9998540901168862,-0.004145948161002925,-0.016571348477995348,0.004198898677394409,0.9999861860708651,0.003161790211578213,0.01655801094424862,-0.003230910288344864,0.9998576866195903,0.00038484249470800995,0.0217561493893874,0.08617192965376935,0.03149643795567407,0.15993175416999153,0.16012083961986637,0.05334584048539629,0.06455940063433326,0.04970795259791495,0.06711863533827152,0.06646750291937106
recon_face/mica/FaMoS_180502_00145_TA__selfie__IMG_0437,0.6537999406878502,0.6537999406878502,2673,I,0.021132187255327006,0.016703676280414775,0.026815979427036896,60,0.0034328305483033016,0.67,4.004484768025577,0.9999461352422995,0.0006351343149624448,-0.010359692002702935,-0.0005860091288765481,0.9999885740366775,0.004744300727417666,0.010362586901434571,-0.004737974302722595,0.9999350820889408,0.0013685332890766666,0.021796839486270106,0.08661777484844849,0.029728001572426346,0.16317453148168434,0.16269221686469462,0.05223838307477468,0.06405205923144075,0.04857335194736954,0.06454203400175026,0.0640124406516554
recon_face/mica/FaMoS_180502_03340_TA__multiview_expressions__IMG_0341,1.155645706331558,1.155645706331558,2668,I,0.01933906470260127,0.013944104791282063,0.0259571948301334,60,0.003614824235007044,0.7006198783333062,4.266117800027132,0.9999040234932126,0.012313257252588737,-0.006350393524371918,-0.012218851044510384,0.9998173368377914,0.01469668798532285,0.006530197641333796,-0.01461768293600034,0.9998718317186196,-0.0005983539269945117,0.013823566517324207,0.08826858486598729,0.03004814374107451,0.17402236695170603,0.17339335344228263,0.062116022651859545,0.060164765788203546,0.054699089725442254,0.061191845956824246,0.062330268846107845
recon_face/mica/FaMoS_180502_03340_TA__multiview_expressions__IMG_0342,1.54303753216291,1.54303753216291,2670,I,0.01763612605874169,0.012580727054633655,0.025086571053467312,60,0.0035183472486711455,0.6833322001850468,4.220510479994118,0.9999060471886322,0.0067936214527528765,-0.011905608055103647,-0.006515830684430231,0.999709186343164,0.02321824049276604,0.012059881678395116,-0.023138484147514543,0.9996595269416775,-0.001394962016270683,0.018641652667179973,0.09167685074718468,0.028035139216002564,0.17401602425478865,0.17230571833020325,0.06230851742369315,0.06033186699410942,0.05455731310904725,0.06043919642029263,0.06234795262520868
recon_face/mica/FaMoS_180502_03340_TA__multiview_expressions__IMG_0343,2.6911214218488984,2.6911214218488984,2668,I,0.015967079478675685,0.010732244319567437,0.02332861506427851,60,0.0034515299829249325,0.6805749702536392,4.069378267042339,0.9998444872890521,-0.007505662308684081,-0.01595826654123386,0.008193038483958432,0.9990218521680326,0.043453573053923465,0.015616509151966124,-0.043577562162887155,0.9989279857516487,-0.0011356449932568647,0.01629649363348233,0.09022766745361371,0.027091886597948398,0.17266311018486333,0.1718615055804046,0.05852437904489704,0.05705063549662125,0.051102801195124004,0.06026855787542803,0.06142373391784649
recon_face/mica/FaMoS_180502_03340_TA__multiview_expressions__IMG_0344,3.029050470791831,3.029050470791831,2669,I,0.018560147818337334,0.013833870217246098,0.024671501556646956,60,0.003442858060980257,0.6727111780495145,4.225975089007989,0.9999517196817462,0.0017914378413407138,-0.009661731520678446,-0.0012873603693572282,0.9986499652995329,0.051928696406899844,0.009741714879653739,-0.051913751142651614,0.9986040563874666,-0.0007715621243816403,0.019306005021997176,0.09073248215329943,0.029791408900540915,0.16138671931185594,0.16637848029335525,0.061134078584110144,0.060115532994658986,0.050583708466379745,0.06372128651576875,0.06103539842241734
recon_face/mica/FaMoS_180502_03340_TA__multiview_expressions__IMG_0345,2.73379161146194,2.73379161146194,2668,I,0.020979711925057928,0.01569104140802664,0.027007560042927217,60,0.0035471948989541017,0.6912853056078264,4.316709158010781,0.999848314009511,0.007173122740797539,-0.015871209231923887,-0.0064612565989934055,0.9989903547608046,0.04445810677528454,0.01617408839780521,-0.04434881514793935,0.9988851693059986,-0.001968910742403792,0.015131752538715987,0.08943923303446702,0.031977540310305225,0.16336479053813877,0.17599449763238262,0.06185711755529411,0.061234078138921566,0.05236197329560655,0.061894920328247435,0.06344464035326348
recon_face/mica/FaMoS_180502_03340_TA__multiview_expressions__IMG_0381,3.0916320622732276,3.0916320622732276,2669,I,0.016150308596923728,0.011026476609680043,0.023032352171212134,55,0.0034297025112709403,0.6840383300554286,4.085957602830604,0.9999596497190603,0.007995542493272745,-0.004095147613037528,-0.007766443035667489,0.9985538304243704,0.05319708739574109,0.004514564907942838,-0.05316313614766028,0.9985756354220929,0.0002686646263031752,0.015238338575711823,0.09030646307299653,0.027623825579753212,0.1736253746405632,0.17262675313667505,0.06267253668105426,0.05795609313467072,0.05214856733505295,0.06386088868977972,0.05942656933503423
recon_face/mica/FaMoS_180502_03340_TA__multiview_expressions__IMG_0382,1.6229358157210279,1.6229358157210279,2670,I,0.017321308717738456,0.012197496038939052,0.024244894448989248,60,0.0034604851580992734,0.6751493588694,4.071598668117076,0.9998855290205629,0.005316208587347077,-0.014165690294692746,-0.004975507714000985,0.9997000861593724,0.02397878345396462,0.01428891802262342,-0.023905557077801447,0.9996121003482016,-0.001298064369950421,0.020530440313598228,0.09077909441266849,0.02804436927061707,0.16682829643890684,0.17032139052819306,0.056322335097714574,0.05750118331591436,0.04979753253078361,0.06233628219723806,0.06032721350824584
recon_face/mica/FaMoS_180502_03340_TA__multiview_neutral__IMG_0331,1.4532074346489532,1.4532074346489532,2668,I,0.018222570949752364,0.013127563911146757,0.025479570731663098,60,0.0035933338693378246,0.7060109290327774,4.439134248998016,0.9998582347511878,0.006234001366825979,-0.015641215655976155,-0.005936223071749573,0.9998016178799358,0.019012788861837562,0.01575663847020581,-0.01891724376384719,0.9996968871775577,-0.0016539201450312417,0.015266014458771945,0.09018540534100222,0.029678800948955607,0.17492421334438749,0.17697868406208495,0.06395658211264015,0.06310654302794054,0.055861120516168504,0.06168915326208344,0.05855790491907563
recon_face/mica/FaMoS_180502_03340_TA__multiview_neutral__IMG_0333,1.8444348147425218,1.8444348147425218,2667,I,0.015573910800152167,0.010181021935566928,0.02274814306900867,60,0.0035186927014746773,0.689258567148325,4.067047368967906,0.9998747514616294,0.015824712773240247,0.00024465320526682286,-0.015825352886693393,0.9994818999450064,0.02802659252087847,0.00019898632622782504,-0.0280269539544379,0.9996071479618769,0.000633394703827624,0.018400305113170153,0.09077684898756308,0.026931399966479624,0.16938904380809838,0.17138632277078922,0.061291005818318825,0.05819072185039884,0.05159226749103883,0.06207097800321918,0.05719717855673723
recon_face/mica/FaMoS_180502_03340_TA__multiview_neutral__IMG_0334,2.753084857858639,2.753084857858639,2669,I,0.01641904368039557,0.01115941207360403,0.023877043083732705,51,0.0034732242913826307,0.6853650785033508,3.9786304908338934,0.9998952631592845,0.0013195778989617299,-0.01441254404308924,-0.0006580526694236159,0.9989500495308917,0.0458079197182594,0.014457858704167771,-0.045793637728387786,0.9988462910104295,-0.0008440949075669282,0.016601144738342705,0.09085147244576378,0.02791659667365415,0.1710440768522502,0.17070063709447417,0.06048825331268561,0.057684365479292184,0.051269904856591025,0.06206783939533824,0.0608762023148036
recon_face/mica/FaMoS_180502_03340_TA__multiview_neutral__IMG_0338,1.6836856562294502,1.6836856562294502,2670,I,0.01882592266400107,0.013344745613379103,0.02558144143098793,52,0.00352930613063995,0.6821882034794011,4.244684217032045,0.9999604733055522,0.006896015492116173,-0.00561220071534163,-0.006736141617607051,0.9995845589515187,0.028023809551978893,0.00580312180161072,-0.027984897284616707,0.9995915012150339,1.3530218846960587e-05,0.014810201021702538,0.08940155642039252,0.029401629771167313,0.17519586588368682,0.17403053996067605,0.06226025878061397,0.06088907993283645,0.05036487423163738,0.06439993748543983,0.06265566950567723
recon_face/mica/FaMoS_180502_03340_TA__multiview_neutral__IMG_0373,3.21253970435871,3.21253970435871,2669,I,0.01638927519738874,0.011559599465963754,0.022817662141404686,60,0.0034062206006667383,0.673079505921568,4.084231197135523,0.9999908807753434,0.00357669322321252,-0.0023335877401591786,-0.0034407102137479504,0.9984314821142117,0.055881455210511424,0.0025297982882053686,-0.05587291641579487,0.9984346835581258,0.0008613041133731733,0.01652284264053138,0.09233261374120211,0.028598186638782046,0.1703093576639255,0.16810220340445273,0.060934454883017145,0.059736312932144764,0.050424400607718904,0.06458066459864056,0.06074824039885846
recon_face/mica/FaMoS_180502_03340_TA__multiview_neutral__IMG_0375,2.506388494913427,2.506388494913427,2668,I,0.018704110674290113,0.013515318360976619,0.02571240185885428,60,0.003543954469563979,0.6827677332242639,4.306450885953382,0.9999052889906496,0.00712419178006572,-0.011775353073598163,-0.006629237124951866,0.9991144068914651,0.04155063365411428,0.01206093958480077,-0.04146863674390672,0.9990670077141642,-0.0014786258738450986,0.01749833713657424,0.09184159510618206,0.02925801985785525,0.17532772339058378,0.18338544162200232,0.06194771459706669,0.05746441344210947,0.05269664289984067,0.06251047608777913,0.06045803976244375
recon_face/mica/FaMoS_180502_03340_TA__multiview_neutral__IMG_0376,1.9320292426206367,1.9320292426206367,2668,I,0.018730845028192344,0.012987179255220728,0.026139711183189203,60,0.003591516846897246,0.694901257788698,4.302325735101476,0.9999353845724566,0.0108965447428407,-0.0032391345448297606,-0.01078824058192291,0.9994373454890911,0.03175856273299057,0.0035833706309550068,-0.031721566077134784,0.9994903209639074,0.0002130220787434021,0.015787094559705707,0.08847577603525675,0.03003940761622681,0.17975404639781548,0.1782277313553081,0.06067301684172861,0.05491114668706716,0.051009574248360175,0.06134013635211658,0.058895386314525504
recon_face/mica/FaMoS_180502_03340_TA__multiview_occlusions__IMG_0357,0.9136985308005445,0.9136985308005445,2670,I,0.017231055764469656,0.012068092388061785,0.02548334171748289,60,0.003523812833670585,0.6867198558241283,4.298562112962827,0.9999782586150001,0.0024649462616036333,-0.006116072043397151,-0.0023758850742079058,0.9998916605217324,0.014526609694171829,0.006151216743602348,-0.014511762781277042,0.999875777921214,0.000819597607055202,0.015385730628045761,0.09076751539492281,0.028423793863844363,0.1749012982334574,0.17522610576847564,0.06230779315885586,0.05674925749777932,0.05551424501121598,0.06192341119646784,0.061514402451108785
recon_face/mica/FaMoS_180502_03340_TA__multiview_occlusions__IMG_0359,1.382456050824253,1.382456050824253,2669,I,0.017626668639104573,0.012765274267228623,0.025202672318203344,60,0.0034994242055293536,0.6821612917903039,4.278074421919882,0.9999417452872563,0.010790797932134005,-0.00025438526575108193,-0.010782796455221219,0.9997089927886232,0.021579180664723262,0.0004871678158983175,-0.021575180591210653,0.9997671100061132,0.0005464168850902404,0.019624259056577185,0.09074680082899833,0.028815555965003355,0.17291019125571208,0.173948003313435,0.061019438855433816,0.060678064314575855,0.054506379717864505,0.06268984201971935,0.06084678914493786
recon_face/mica/FaMoS_180502_03340_TA__multiview_occlusions__IMG_0360,1.7762647510077745,1.7762647510077745,2669,I,0.0163666252374643,0.011336059100275716,0.02392358882647355,46,0.0034848254282900206,0.6796073122271747,4.01763386791572,0.9999076886946042,0.002619206318148698,-0.013332435924344188,-0.0022467216557352284,0.9996088377059092,0.027876940686557397,0.013400236237299098,-0.02784441305725713,0.999522447136772,-0.0010742168417920094,0.015588377751921512,0.08909884300927906,0.02681331279523273,0.17270011740840893,0.17205992777393783,0.06012385050448243,0.0600095589983461,0.0518218794759904,0.06188152791788314,0.0608730772552423
recon_face/mica/FaMoS_180502_03340_TA__multiview_occlusions__IMG_0361,2.587386259528735,2.587386259528735,2669,I,0.01705953655210899,0.011847349003783657,0.024239476125573603,60,0.0034788272140299217,0.6838017699405474,4.162491861963645,0.999979655659422,0.00030562943812531844,-0.006371409413212328,-2.058060653591444e-05,0.9990008633353619,0.04469087861790605,0.006378702352583477,-0.04468983828398046,0.9989805456115995,0.0009081283319365031,0.016059073296227494,0.08956207947637951,0.02781304544690955,0.17556380728335005,0.17507573689898143,0.05971396289348075,0.05675577341276925,0.05012202011242819,0.06321019053650391,0.05896029769344126
recon_face/mica/FaMoS_180502_03340_TA__multiview_occlusions__IMG_0362,1.3082862449599468,1.3082862449599468,2670,I,0.018068286085749268,0.01326635402873407,0.02430553760993338,60,0.0034793856794573894,0.67,4.1266880731564015,0.9998945281632358,0.0004785523099899039,-0.014515630778816934,-0.00022273376515110328,0.9998447281276931,0.017620159617053432,0.014521809077735325,-0.017615068065357564,0.9997393792574955,-0.0015771680931368438,0.018434411933364987,0.09089786816987111,0.02898025938021307,0.16925633106702026,0.16950908020939182,0.058668293537469794,0.060938400658420946,0.048137557830544506,0.06300696469664484,0.06261316794620006
recon_face/mica/FaMoS_180502_03340_TA__selfie__IMG_0365,2.8258815479360067,2.8258815479360067,2669,I,0.01703422231368896,0.011677282150144429,0.024433242299541535,60,0.0035312117351333303,0.6905276257171669,4.2134238390717655,0.999994331657588,0.0024867067130956103,-0.0022700093427989146,-0.0023720441073197315,0.9987866847225758,0.04918873679653114,0.0023895730677840313,-0.04918307341564312,0.9987869218356564,0.0011019742293854416,0.01309363501543475,0.08914801934375113,0.029001570643732356,0.17110448893000402,0.17170235253443847,0.06163401924005186,0.0555698829669901,0.05003465320820756,0.06314314494890953,0.06140973463324909
recon_face/mica/FaMoS_180502_03340_TA__selfie__IMG_0367,3.083127162542643,3.083127162542643,2667,I,0.017036803904035735,0.011825452261470885,0.025596366338842453,60,0.003503111432907485,0.6837934799384945,4.20406152587384,0.9998555185356778,-0.0007622795816271297,-0.016981194998895496,0.001627896803675401,0.9986963193415198,0.05101971859681122,0.016920165653670834,-0.05103999082622048,0.9985532671473826,-0.0010961906212409707,0.012479835359247349,0.08901609146355638,0.02785921164367983,0.17159325155912777,0.1711290363190861,0.06404733283385736,0.0595717763872457,0.05349055767034814,0.062189095562184715,0.06078991785262707
recon_face/mica/FaMoS_180502_03340_TA__selfie__IMG_0384,3.093127754516878,3.093127754516878,2669,I,0.016466471239979668,0.011214870062848756,0.025057127920735674,60,0.0034755099499002113,0.6796848142179337,4.175483585102484,0.9999410199303104,0.0027793704720897217,-0.010499131416941625,-0.002220531909754964,0.9985990024492029,0.05286871991541489,0.01063136391857108,-0.05284228805829383,0.9985462766912684,-0.0003181558356363048,0.01576229694625543,0.09032370985168695,0.027978985163775737,0.17254255925124093,0.17113473894492678,0.06289393682208749,0.05737073608955747,0.05296522035798369,0.06089309685004078,0.060071225419597904
recon_face/mica/FaMoS_180502_03341_TA__multiview_expressions__IMG_0451,0.6126370298455384,0.6126370298455384,2667,I,0.02160819177266033,0.016662119911080107,0.021908381065754066,60,0.0033714529840423025,0.67,3.940895172068849,0.9999461373644677,0.0009398556269489869,-0.010336297271334048,-0.0009132898990568169,0.9999962687652763,0.0025745595906012486,0.0103386784185009,-0.0025649808821447606,0.9999432646913687,0.00024634584440899414,0.012655232213781217,0.08253048867598234,0.030427012694519976,0.16726535768577416,0.16800376816995932,0.05941407129937474,0.053290639404453874,0.06009859253736207,0.06297068309583587,0.06069734088636534
recon_face/mica/FaMoS_180502_03341_TA__multiview_expressions__IMG_0452,3.1057439842377206,3.1057439842377206,2668,I,0.021944366385247924,0.01659537862859474,0.02231371806445188,60,0.0033697235927751044,0.6741887948336432,3.9349769819527864,0.9999114051998051,-0.004880649097045534,0.012383901474955699,0.005524337574428758,0.9986062957158002,-0.05248759711714325,-0.01211046843493907,0.05255135984120012,0.9985447867437528,0.005655333718252873,0.00807396212767178,0.08973080165664682,0.03142227742117643,0.1665164014524053,0.1670940724084338,0.06023818052833519,0.05172676913914949,0.06310385407044324,0.062263069497064845,0.05965763919429853
recon_face/mica/FaMoS_180502_03341_TA__multiview_expressions__IMG_0453,4.827923970389692,4.827923970389692,2667,Rx+90,0.022689292344781762,0.01668408522953831,0.022751209582798144,60,0.0033655994546739915,0.67,3.9110236989799887,0.9999656765602384,-0.0049722861813873784,-0.006627372899981687,0.004399726846936837,0.9964752838334557,-0.08377142181380214,0.007020548774659348,0.08373938785997899,0.9964629580750801,0.001058307561277744,0.003233131804358351,0.08850133278447758,0.033264811408389806,0.16418143348431422,0.1640895671879131,0.061776805834012266,0.05329890774384198,0.06323490101003913,0.0636332945361965,0.05861684128686376
recon_face/mica/FaMoS_180502_03341_TA__multiview_expressions__IMG_0479,4.6535074893057775,4.6535074893057775,2668,I,0.02561109237482431,0.01984807510385441,0.025879395983549113,60,0.00341887699295487,0.689297576206206,3.9588695620186627,0.9999913530945399,-0.0023859543229601747,-0.0034060179272198325,0.002102141771938274,0.996709672356034,-0.08102721784622272,0.003588138252975701,0.0810193572789699,0.9967060695159734,0.0026837029250892795,0.004401110330479657,0.08792237185747759,0.034465900682712325,0.16596622734204114,0.16555174372767553,0.0611264807270401,0.05179973021315933,0.06349034156599508,0.05971476634920034,0.06050720411117172
recon_face/mica/FaMoS_180502_03341_TA__multiview_expressions__IMG_0480,5.200688562833215,5.200688562833215,2671,I,0.023581942640202577,0.01771223561490208,0.023736233450942765,60,0.003383210386350734,0.678110946281368,3.921504817903042,0.9988902950409844,-0.0080187626194549,-0.04640989031433957,0.0043972692182026605,0.9969737048325557,-0.07761504941615385,0.04689181694452504,0.07732484282882317,0.9959026188263284,-0.005754987696408477,0.0006813249124536375,0.09117357309047877,0.03388559475487277,0.16491598220301554,0.16485250252561484,0.0615429156530928,0.0524722808095593,0.0664655449142222,0.06267184552556303,0.06063831302670887
recon_face/mica/FaMoS_180502_03341_TA__multiview_neutral__IMG_0442,1.66719263888723,1.66719263888723,2667,I,0.023828003548373094,0.018989242211463527,0.024091689858630742,60,0.00337453247149794,0.67,3.8612711210735142,0.9999994724493998,0.0008277490856890074,-0.0006082206610733194,-0.0008450836048688693,0.9995768607243014,-0.02907551097148835,0.0005838960714007438,0.029076009629994015,0.9995770329141097,0.002036758501551451,0.006962512755970561,0.08507574182856528,0.03433820725696059,0.16160786485630452,0.16067968866279922,0.061171631538824066,0.056333100066831655,0.06791026781796768,0.06089888534066206,0.0612705857523494
recon_face/mica/FaMoS_180502_03341_TA__multiview_neutral__IMG_0445,4.375420949828562,4.375420949828562,2669,I,0.024134808088756492,0.018640550082485594,0.024481141213645592,60,0.003369594222258246,0.6819729932936078,3.8720944919623435,0.9999389770042794,-0.011044364973142894,-0.00025351523801855105,0.01099371192677945,0.9970857966177551,-0.07549206899539795,0.00108653840561733,0.07548467516969877,0.9971463700223844,0.003766413654713162,0.008280685819484039,0.08607013934694185,0.033815440702240386,0.16325780208774923,0.16224307445678507,0.058535662690480925,0.054605502957241,0.05889770650060486,0.06051785111884847,0.05977032428716646
recon_face/mica/FaMoS_180502_03341_TA__multiview_neutral__IMG_0447,4.895305531623336,4.895305531623336,2670,I,0.026144859908312158,0.020061687670056005,0.02631820814960031,60,0.0034131371050111544,0.6947436526054545,3.956698263064027,0.9998302238186549,0.0017693356942665404,0.018341019326621782,-0.00023477285368857142,0.996521564598376,-0.0833349636833845,-0.01842466880151962,0.08331650941803091,0.9963527943645009,0.006186014263558036,0.006244296122701824,0.08497668234575209,0.0352538174453735,0.16484073869223345,0.16301735197553074,0.059609744393456954,0.053474921282732325,0.06506843814373132,0.06003719730752468,0.06073474396882717
recon_face/mica/FaMoS_180502_03341_TA__multiview_neutral__IMG_0474,4.5213172863341375,4.5213172863341375,2670,Rx+90,0.02485085636174948,0.018557992452243596,0.02516653982586727,60,0.003334022090253141,0.67,3.8926647370681167,0.9999211360589625,0.007782183434392302,-0.009856940881822436,-0.008525722532075309,0.9969336421514331,-0.07778576477728016,0.009221372883705309,0.07786366782828665,0.9969213687721142,0.0014570669621307103,-0.0046621389212061146,0.0885378152612312,0.034851987976525375,0.16554300666282667,0.1652213324559663,0.06112079904286962,0.04926485332067077,0.06664235861255063,0.0635151642989704,0.060816349808061484
recon_face/mica/FaMoS_180502_03341_TA__multiview_neutral__IMG_0475,4.63514037060085,4.63514037060085,2671,Rx+90,0.02388074093675516,0.01804638073202728,0.023974506204630406,60,0.0033492631989531433,0.67,3.9776843269355595,0.9999409149224475,0.010058293491736581,0.004122789843373513,-0.009695840993987202,0.9967397307244518,-0.08009931249871245,-0.004915010831915989,0.08005460590984863,0.9967783618945293,0.0033238067943804663,-0.000802313826440415,0.08837147771903489,0.034102141646902846,0.16087892401189188,0.16192150982876324,0.05980940430075836,0.051400967402741096,0.06305065248692823,0.06424881331780198,0.06046321893563763
recon_face/mica/FaMoS_180502_03341_TA__selfie__IMG_0468,3.923124061065444,3.923124061065444,2669,I,0.02419899605473455,0.018763296359889936,0.02433638261169628,60,0.003421736330345692,0.6927729170198254,3.9124736359808594,0.999995369864378,-0.001751573560040864,-0.002488421160046904,0.0015773925218309282,0.9976599904816135,-0.0683524339366181,0.002602322546894459,0.06834819223864999,0.9976581340995876,0.0023964966157189573,0.0015830446306363266,0.08586916657931998,0.03303037362327261,0.16342824761168034,0.16312459547304414,0.06393259390277936,0.05827054522093264,0.07043120826158267,0.060896095659429,0.06078669141080815
recon_face/mica/FaMoS_180502_03341_TA__selfie__IMG_0483,4.769653082603628,4.769653082603628,2668,I,0.024292622788276475,0.018712408377826593,0.024423575681489285,60,0.00340503227636258,0.6893686710360895,3.9237516669090837,0.9993587805038303,-0.008400315917809159,-0.03480607019439695,0.005763291406998574,0.9971531397768155,-0.07518244679043126,0.03533853848214866,0.07493364081451676,0.9965621592114698,-0.0030127271467996776,0.004464268426954791,0.08807621723043679,0.033009476362604366,0.1632704335049564,0.16168753770931213,0.06285894535786661,0.055107428104962095,0.06542786122708519,0.06159972688392921,0.058521438800067216
recon_face/mica/FaMoS_180503_031203_TA__multiview_expressions__IMG_0504,0.7420708633019657,0.7420708633019657,2668,I,0.018355241962253858,0.012971871486069578,0.01949651236086378,60,0.003534307904095666,0.6780500126448448,4.275823415024206,0.9999199222240338,0.007996971257847069,-0.009808037019856402,-0.007969927282342379,0.9999643381705318,0.002793321729450873,0.009830025360897105,-0.00271492870462843,0.9999479985296901,-0.00045785293548492685,0.010472545266173812,0.08529609213882783,0.030553488865355485,0.17554821917041338,0.173829417085739,0.06006895086018264,0.05774643659677345,0.06297850657190446,0.05927103615011437,0.058992813148362626
recon_face/mica/FaMoS_180503_031203_TA__multiview_expressions__IMG_0505,0.844667483966795,0.844667483966795,2669,I,0.018951045497250532,0.013144182511006356,0.019779616094361845,60,0.0035332579766231323,0.6850092121711996,4.099512240150943,0.9999336204426372,0.008293132087226457,-0.007998666680328772,-0.00836633925111891,0.999923020739026,-0.009162803265160262,0.007922062611111697,0.009229114601339562,0.9999260294480092,-0.00026201664428899375,0.006167738262051067,0.08461934824710732,0.030091839664119352,0.1755190193041366,0.17502941676430167,0.060558689178304266,0.054180041923602235,0.05982187228781765,0.059755056274887405,0.05945163750405952
recon_face/mica/FaMoS_180503_031203_TA__multiview_expressions__IMG_0506,1.6484172230808578,1.6484172230808578,2669,I,0.020690896479879223,0.014480128882444003,0.021151780695822416,60,0.0034871552554164645,0.6783111955411869,4.198872942943126,0.9999574105339513,0.007815968272432946,-0.0049079280963723795,-0.00794679048984841,0.9995976882034856,-0.027227013408697813,0.004693148106047273,0.027264856101055734,0.999617227734018,0.00011704978458061055,0.005480520769914156,0.08329239718406442,0.030885109557893215,0.1710910598704736,0.17480548452287334,0.05968167959325981,0.055511413452271105,0.0618850003752602,0.06105357081394551,0.05799202944229472
recon_face/mica/FaMoS_180503_031203_TA__multiview_expressions__IMG_0542,2.83733277712587,2.83733277712587,2669,I,0.020532983097927737,0.01500384037911004,0.021364814095384956,60,0.0034516041624941805,0.6736284788132421,4.150536949979141,0.9999048728897534,-0.004534151695837769,-0.013026382449696053,0.003909704715163675,0.9988603050969983,-0.04756895111910377,0.013227221188399588,0.047513496713361233,0.9987830135968987,-0.0003006818068614031,0.01087508515804201,0.08539611619776086,0.030152575081345088,0.17456176577035898,0.17377849788721061,0.05808873787881202,0.05556922398743272,0.06063405108770415,0.061080529466667505,0.058754975934752575
recon_face/mica/FaMoS_180503_031203_TA__multiview_expressions__IMG_0543,0.832670091786582,0.832670091786582,2670,I,0.020634822425035233,0.015420137890184657,0.022593791042117773,60,0.003478080157490178,0.67,4.336898556910455,0.9999077986879057,0.011224298083023622,-0.007642594824468335,-0.01126371094260633,0.9999233843721144,-0.0051336343481543254,0.007584387840094246,0.00521924499928613,0.9999576173732209,-4.8281026566001305e-05,0.0088089035615002,0.08668200062185516,0.03242459336908175,0.16994480069725149,0.16964087855013077,0.06093654707827872,0.05768802230225965,0.06120740344233402,0.06131270202084129,0.0612684629445965
recon_face/mica/FaMoS_180503_031203_TA__multiview_neutral__IMG_0492,2.0835188038586234,2.0835188038586234,2668,I,0.019432582054462987,0.013610184117295393,0.0471406433370335,60,0.0034747983498982665,0.6725379132735055,4.351527247112244,0.9998331781459532,0.012979429258560092,-0.012851081459727489,-0.013377037843988231,0.9994188532610601,-0.03135299993412466,0.012436669050956695,0.03151967897156881,0.9994257546713743,-0.0011414535668724944,0.010015283308515657,0.08527686832336126,0.030514740440450598,0.17071827459325556,0.1707206734121432,0.05715545770815227,0.059575450067674514,0.058306257056608926,0.059840800663169054,0.060220151496111436
recon_face/mica/FaMoS_180503_031203_TA__multiview_neutral__IMG_0493,0.9153965055265132,0.9153965055265132,2670,I,0.02031342670937028,0.015305578260459127,0.047952097898325406,60,0.003479189798596851,0.6725053676342381,4.5370436809025705,0.9998738635732899,-0.0010111098164476103,-0.015850381697649588,0.000983763294614955,0.9999980144703198,-0.001732993132581826,0.015852102472614482,0.0017171815153006877,0.9998728729867822,-0.001361486108918929,0.011250195421457651,0.08658119038981327,0.031049780409087072,0.17569578291803564,0.1765513365999806,0.058890724213219746,0.0592306214979902,0.0592614825223433,0.06155131059954112,0.059370533184290475
recon_face/mica/FaMoS_180503_031203_TA__multiview_neutral__IMG_0531,1.9284680635931684,1.9284680635931684,2668,I,0.01754117523965175,0.012076754523849884,0.020023482433347457,60,0.0035136575037441353,0.6783569036651845,4.141134500969201,0.9998899114832864,-0.008009154362236573,-0.012490730977284436,0.007628199569299832,0.9995131330484865,-0.030254048240348417,0.01272695899561085,0.030155435828391832,0.9994641935580904,-0.00037299969594342913,0.010822731384898449,0.0864582581320111,0.02896669690555041,0.1707131072064224,0.1705409633911618,0.05962992328417101,0.056967248411112954,0.06310576776628203,0.05912259846082599,0.0584279370550423
recon_face/mica/FaMoS_180503_031203_TA__multiview_neutral__IMG_0533,1.42315185781236,1.42315185781236,2668,I,0.020599053381954637,0.014576211828192602,0.02116155627032221,60,0.0034911057327599456,0.6794273440960124,4.184373853961006,0.9999480117558802,0.0051262732858552125,-0.008814482835730702,-0.005324582615816041,0.99972986929615,-0.02262382056748985,0.008696125886279098,0.022669577836857732,0.9997051903612727,0.00025083171113753647,0.007189390419795411,0.08587758557294117,0.03056417956320138,0.17244542404194804,0.1718049504011913,0.05835802505007809,0.05694261194576455,0.06166115289021794,0.06102967151167574,0.06099546983995409
recon_face/mica/FaMoS_180503_031203_TA__multiview_neutral__IMG_0538,1.6305347438132907,1.6305347438132907,2669,I,0.01880330253844855,0.01285206228078113,0.01993235196057586,60,0.003539978127541063,0.6833220400496867,4.112571720033884,0.9997909067995371,0.007257174305219811,-0.019117429274454263,-0.007634080542515591,0.9997764616623552,-0.019716681266681538,0.018970068403421442,0.019858502637540056,0.9996228170553955,-0.0017358632507957707,0.008501683120349095,0.08222143476659846,0.03049088537008413,0.16902378176090635,0.1684567689751677,0.06093409473044406,0.05650979380890342,0.05780095912983735,0.059969088866385856,0.05834242660620665
recon_face/mica/FaMoS_180503_031203_TA__selfie__IMG_0511,1.7285062254303478,1.7285062254303478,2669,I,0.018318241028996672,0.012443596616329785,0.019965511099566742,57,0.0035552951188418,0.6850325313205342,4.033397362101823,0.9998344153093918,0.010314131409340071,-0.014992019750430246,-0.01067184072883466,0.9996554974202823,-0.023979122020370114,0.01473953114535233,0.024135143891849495,0.9996000405416834,-0.0015771841931972756,0.009098918608458045,0.08359044165599358,0.029077714341123394,0.1694972772387635,0.1695881651579774,0.06080149298342144,0.05568569668951868,0.0596894519957981,0.05900278378484896,0.05643052794520398
recon_face/mica/FaMoS_180503_031203_TA__selfie__IMG_0548,1.546442604009907,1.546442604009907,2667,I,0.01922792155863469,0.013075883983662448,0.020330049288160432,60,0.0035449375512159598,0.6818015440893783,4.021412503905594,0.9998090545282144,0.013327551018558462,-0.01429093654192761,-0.013591281654777854,0.9997361291876509,-0.018518883872241137,0.014040354211279003,0.018709579918875216,0.9997263726004637,-0.0015787258113813794,0.009579850212776929,0.08259467338993376,0.03036028150464392,0.16926335619349556,0.16778407840716966,0.05938906116578593,0.05701857809062659,0.060078801144264976,0.06055170322334576,0.060582588820466673
recon_face/mica/FaMoS_180503_03304_TA__multiview_expressions__IMG_0614,1.2796854984916073,1.2796854984916073,2671,I,0.017285244606221002,0.011805106506629899,0.022938100711166462,60,0.003389517768041448,0.6751824351014961,4.309527479112148,0.9998811678075721,0.003989034449156954,-0.014890865251227322,-0.0037478736103632878,0.9998619391811597,0.016188144436365022,0.014953384472002094,-0.016130411682759624,0.9997580737917434,-0.0007866336978628906,0.016810348935463133,0.08557815502989852,0.028505631718010384,0.16909660124809514,0.16781755335374965,0.059642773193299956,0.06682672660346099,0.05208330495781292,0.062495320508404284,0.06083342182645545
recon_face/mica/FaMoS_180503_03304_TA__multiview_expressions__IMG_0616,0.6226559875777941,0.6226559875777941,2668,I,0.018006922788515796,0.012794885021852841,0.025237762589913646,60,0.003376766820528811,0.67,4.250447972910479,0.9999868864409696,-0.0015810304538607222,-0.004871066495061369,0.0016276465691513608,0.999952776991393,0.009580947440018485,0.004855688698966836,-0.009588750174367442,0.9999422374104178,0.0016709982258107283,0.015807370949181512,0.08049693468317437,0.027872096468063334,0.1700398935122554,0.1695149043152193,0.057219238847499264,0.061303956658931055,0.048451172497369084,0.061571417939789194,0.0598256082823079
recon_face/mica/FaMoS_180503_03304_TA__multiview_expressions__IMG_0617,1.6583573726670924,1.6583573726670924,2667,I,0.019151691036126642,0.013805021795883717,0.02623477311858124,59,0.003418426689141297,0.6781688993263959,4.223143600858748,0.9999335501860408,0.0018776914479801444,-0.011374070826502996,-0.0015750948681907532,0.999646116853641,0.026554851451169936,0.011419907552004244,-0.026535171645641984,0.9995826480973147,0.0005068781335805341,0.018973219355750616,0.08279893174196418,0.029123133572655575,0.16761928681642613,0.16636969948650168,0.05796294560766695,0.06431350759972143,0.052626491789195914,0.06066441787783212,0.05809004801061567
recon_face/mica/FaMoS_180503_03304_TA__multiview_expressions__IMG_0618,1.6463284619767744,1.6463284619767744,2669,I,0.018398718196990602,0.013163972578515051,0.02496222767987066,60,0.0034414123273388566,0.6779157905799592,4.167171228211373,0.9998439617930723,0.001928113137971141,-0.017559454594625365,-0.0015297209766604932,0.9997417545915015,0.022673422327471993,0.017598636869572932,-0.022643023341274916,0.9995887061558368,-0.0005077243057389258,0.02128763572244524,0.08322078589698775,0.028590450151235854,0.16788071938298313,0.16661733018602073,0.05724941666509119,0.063806306589818,0.04748294013638583,0.06275839770878003,0.05967864088827633
recon_face/mica/FaMoS_180503_03304_TA__multiview_expressions__IMG_0619,1.696614456914965,1.696614456914965,2669,I,0.0170982691250248,0.012636965189639198,0.02424947387123214,51,0.003429461898030132,0.67,4.050125908805057,0.9998690237654094,-0.00026229089192295936,-0.016182290254931852,0.0006634431647790272,0.9996924804075181,0.024789200467741898,0.016170811902126516,-0.024796689701465865,0.9995617184657861,-0.00034802583742607213,0.01951614638380702,0.08079532657202998,0.027118698359033175,0.167881461748258,0.16700701993953046,0.055441146001528635,0.06290147171398697,0.047492718128245175,0.06342213225388224,0.06030018051871033
recon_face/mica/FaMoS_180503_03304_TA__multiview_expressions__IMG_0620,1.7779307297649427,1.7779307297649427,2670,I,0.01718414446597246,0.012074545292623938,0.025260134486413444,60,0.0033892064995916316,0.6781546430289233,4.057145822094753,0.9996089932298747,0.008749594493988202,-0.026557583665426248,-0.008391662039597274,0.9998728551536312,0.013559260125087048,0.026672845033264177,-0.013331096095871358,0.999555321737979,-0.0024339428491797752,0.015819781091870315,0.082889607545651,0.027358738276500327,0.17175926358255378,0.16978658385448375,0.05631309343556591,0.06379923830115515,0.04690914081275143,0.06119114881631762,0.058269233316536356
recon_face/mica/FaMoS_180503_03304_TA__multiview_neutral__IMG_0601,0.588197127847734,0.588197127847734,2671,I,0.01868256185189642,0.01329139136438956,0.02131967872544417,58,0.0033699112361019355,0.67,4.209437537007034,0.9999835802791613,0.00444320036134996,-0.0036189974606254597,-0.004473864287262183,0.9999537855294354,-0.008509485512749666,0.003581020861468691,0.008525536692867876,0.9999572448428425,0.0014978260330561306,0.021569616769087002,0.08081526775368172,0.028374988713469895,0.17014554168090007,0.16941876211611606,0.05638674772787711,0.06274773927542622,0.046841095947808664,0.06607564554054449,0.06241975710359215
recon_face/mica/FaMoS_180503_03304_TA__multiview_neutral__IMG_0602,0.5844427830275264,0.5844427830275264,2670,I,0.018607703085773145,0.013272430021043592,0.025572915620454825,56,0.0033938191989208014,0.67,4.248228573007509,0.9999937688297137,0.0035096114602652198,-0.0003806956052876786,-0.003513093986095691,0.9999480420632356,-0.009569291747387939,0.00034709132914623734,0.00957056953894303,0.9999541408116221,0.0023484637796137263,0.020610976894701455,0.08074358527831141,0.029512448302101292,0.17032258723606164,0.16869654420831928,0.055267639679585874,0.06429219681845325,0.047492315321184586,0.06259881590604173,0.060640283383193244
recon_face/mica/FaMoS_180503_03304_TA__multiview_neutral__IMG_0604,1.0885719852520268,1.0885719852520268,2670,I,0.018549477384214936,0.013228057631716052,0.025956587577749757,48,0.0034164462609363264,0.672859691940983,4.086173966061324,0.999836459405253,0.001529970832795136,-0.018019812241485304,-0.0014250598290745414,0.9999819702586721,0.005833383415186732,0.018028412255413552,-0.0058067501096408,0.9998206129124928,-0.000625310444380997,0.019697902455259528,0.08109807915767048,0.028725614824975227,0.16679733552593698,0.16457026994136556,0.05807699697993311,0.06529344836977434,0.047996787174865774,0.06248775292557984,0.06437152491534144
recon_face/mica/FaMoS_180503_03304_TA__multiview_neutral__IMG_0630,0.6879936172855812,0.6879936172855812,2670,I,0.01797213182815841,0.012521110627008412,0.02628370308441216,60,0.0034147594065390688,0.6726942776445212,4.139428222086281,0.99994219275489,0.0028416823898461388,-0.010369956110704051,-0.0028970706916950947,0.9999815982257668,-0.005330121128874294,0.010354618773765242,0.005359855505178522,0.999932024599179,0.00040426974369252853,0.017735313887969173,0.07883370317765348,0.02763836378523729,0.17100799541252795,0.16859188587261376,0.0533503102356821,0.06218432938649812,0.04746269113223269,0.061842096257086095,0.061382708021164425
recon_face/mica/FaMoS_180503_03304_TA__multiview_neutral__IMG_0631,1.5768193383378373,1.5768193383378373,2670,I,0.0187060138121286,0.013341433786002202,0.026120280515733674,60,0.0034411411337298436,0.6841899766299231,4.167867925018072,0.9996536122052254,0.0163076532673764,-0.02065710652429862,-0.016141129062145054,0.9998360771712317,0.008202605649485887,0.020787485601783853,-0.007866335344544161,0.9997529700934139,-0.0016485972120916933,0.01838858012910581,0.07918723491177893,0.029869521781813492,0.17114087882220658,0.16834853213056342,0.056250884298914436,0.060028584195442734,0.04650693829412877,0.06311166522471202,0.060056358666924936
recon_face/mica/FaMoS_180503_03304_TA__selfie__IMG_0621,1.8640002039164956,1.8640002039164956,2670,I,0.020240805770651068,0.015495126303194278,0.02595070272426602,60,0.0034372823295538636,0.67,4.2009364070836455,0.9995238937249825,-0.004764838633670519,-0.03048413006211357,0.005078600171244156,0.9999348419628251,0.0102234851728297,0.030433430518911488,-0.01037343441554013,0.9994829654202604,-0.0030687085700195162,0.02323143718650028,0.0786782069056757,0.029118275950039848,0.1672502903309257,0.16700649614552637,0.05551934910125164,0.06934288062178219,0.047678183628352945,0.063763752362017,0.0632075542735074
recon_face/mica/FaMoS_180503_03304_TA__selfie__IMG_0622,0.7933043126159562,0.7933043126159562,2671,I,0.018659228562100432,0.014032152531853446,0.024873285777310784,50,0.003411900597219585,0.67,4.020156420068815,0.999927416534202,-0.001876445640588028,-0.011901286274804428,0.0017952141268629273,0.9999750470763735,-0.0068324542327628645,0.011913810031876531,0.006810592952306592,0.9999058340434672,5.57887243334958e-05,0.02056432393230223,0.08115752868253542,0.027778321725242538,0.17154664114374404,0.17165821436421155,0.05267990947547548,0.06401949250196314,0.04464398967160926,0.0636051187729485,0.06443528414324351
recon_face/mica/FaMoS_180503_03304_TA__selfie__IMG_0636,0.380146821489546,0.380146821489546,2668,I,0.01830569052451842,0.013026918810202962,0.024170258207280183,56,0.0033760468413424915,0.67,4.108266040915623,0.9999946766932463,0.0020923691561906444,-0.002503712540124808,-0.0020778702806501263,0.9999811391251949,0.00577960629936784,0.0025157583878717615,-0.005774373142872183,0.999980163590529,0.0020796876538351347,0.021410801727667225,0.07901852326838416,0.029212851370092056,0.16537426166265504,0.1642985943165559,0.05744085015676637,0.06653340639446964,0.049961581184320196,0.0650151453125754,0.06418930584973317
recon_face/mica/FaMoS_180503_03342_TA__multiview_expressions__IMG_0566,0.9226686034159514,0.9226686034159514,2672,I,0.0211661860763683,0.016450680107768824,0.02517148742815498,43,0.003341847008211302,0.67,3.9072329339105636,0.999930276802147,0.011744009426817019,-0.0012327923444243858,-0.01175680301116205,0.9998710224533017,-0.010941482584458114,0.001104136467276983,0.010955213406050147,0.9999393802535681,0.001587348487652322,0.02042395196394786,0.07619282654780951,0.030031000574348765,0.15929813061383347,0.16010810625694744,0.057873193200451194,0.059921446247531346,0.05335933252816623,0.06417041874178925,0.06147641076686872
recon_face/mica/FaMoS_180503_03342_TA__multiview_expressions__IMG_0568,1.3231931544874016,1.3231931544874016,2669,I,0.01863270024515446,0.013985241100625401,0.02407105591702903,44,0.0034131620122790167,0.6701174525184105,3.9540621819905937,0.999910067553708,-0.0011965128996732563,-0.013357588166269693,0.0009451814571773689,0.9998227026642463,-0.018806112548186767,0.013377721657732324,0.0187917959238326,0.9997339170845435,-0.0007848078220043394,0.018035331420329342,0.0823358831137184,0.027827054790406924,0.1602937703209963,0.1622257623540538,0.05744798653547185,0.05908086852718808,0.05145708916103331,0.06399420974425023,0.06170152832850669
recon_face/mica/FaMoS_180503_03342_TA__multiview_expressions__IMG_0570,0.5148075555801629,0.5148075555801629,2670,I,0.015975395070788982,0.010610088966841817,0.023862553703484172,60,0.003502270652678746,0.6884894319362763,4.014629913959652,0.9999819588595378,0.0022236962951009895,-0.005580065432258874,-0.0022609325413536006,0.9999751614813814,-0.006675672575021914,0.005565082163327362,0.006688168289793976,0.9999621484163502,0.0007353813036222556,0.016806081166401685,0.08039266589394514,0.02711554357893985,0.1634727554816414,0.16255214023786774,0.05789295732604813,0.058927696321902895,0.055034016916646035,0.0615100543793534,0.058947060177427034
recon_face/mica/FaMoS_180503_03342_TA__multiview_expressions__IMG_0571,0.7234900705226122,0.7234900705226122,2671,I,0.019626918390672064,0.015405975995842104,0.024283553219309136,60,0.003407191086138204,0.67,4.199202497024089,0.99994180852229,-0.000979550102698055,-0.010743372411350273,0.0009090275888561949,0.9999780225300047,-0.006567200760255733,0.010749569201384621,0.006557052583219836,0.999920722769263,-0.0004949080659995333,0.019465770184162262,0.08142289147831897,0.02887640546985949,0.16304672787697227,0.16107006765605267,0.05766263012181458,0.06144119949274491,0.05171356616840587,0.06464048030487286,0.062467752077971554
recon_face/mica/FaMoS_180503_03342_TA__multiview_expressions__IMG_0573,0.6888965515182935,0.6888965515182935,2669,I,0.0195247669938723,0.01500814482246896,0.023265182369147062,60,0.0033951550154998084,0.67,4.084259887924418,0.9999297517052923,-0.00020751378482166292,-0.011851100903332029,0.0002314122862808554,0.9999979426498257,0.002015228143274459,0.011850658333848232,-0.002017829067288962,0.9999277425208833,0.00011946135627122075,0.023547889271575473,0.08202151618004644,0.028444819903006128,0.1641771220185863,0.1616524032343498,0.05646984862665434,0.05757602035744019,0.04931055413285639,0.06467341987453165,0.06223255496962238
recon_face/mica/FaMoS_180503_03342_TA__multiview_neutral__IMG_0549,0.4155558385995765,0.4155558385995765,2669,I,0.019624086521582342,0.013917701144629332,0.02264439800020179,60,0.0033105205272307217,0.6714434077617436,4.091528155840933,0.9999956675213303,-0.0004658335597094874,-0.0029065336165226903,0.00048508945387904065,0.9999779178790194,0.006627853541192113,0.002903381957487412,-0.0066292347549629285,0.9999738114669666,0.0010628250258263364,0.01942571879895938,0.07915792219860976,0.029578473414857653,0.163034157099575,0.16171433003001537,0.05769875430009654,0.05931081466639021,0.054885195024084815,0.061475451965769826,0.06221432758171303
recon_face/mica/FaMoS_180503_03342_TA__multiview_neutral__IMG_0552,2.5430688482331965,2.5430688482331965,2670,I,0.019070298634814704,0.013785783554813372,0.023213731532869663,60,0.0033860139930036765,0.67,4.0918571029324085,0.999949296296873,0.006963018898573229,-0.007274696090366365,-0.007270884293542833,0.9990405166614302,-0.04318773333311954,0.006966999137289443,0.04323843702865344,0.9990404889124062,0.00027380000033179984,0.020520623308740632,0.07834793367653947,0.029245836387150663,0.1600100469399344,0.15831788896050045,0.056026347779669715,0.05732692303308358,0.04887648060418079,0.06448294558273708,0.06422940769130901
recon_face/mica/FaMoS_180503_03342_TA__multiview_neutral__IMG_0553,1.7887023349600994,1.7887023349600994,2669,I,0.01829673977496711,0.013392265399010284,0.025070924121632726,53,0.0034295634236137244,0.6709710059455313,4.022819800069556,0.9999138132573978,0.00098776168119571,-0.013091615023008457,-0.0013581220417583147,0.9995982332327898,-0.02831126317217545,0.013058390466255376,0.028326603127548776,0.9995134226180683,-0.0007775117782850248,0.02068519092950373,0.08211928216418646,0.027911955977322482,0.16836550162571795,0.16482873998683242,0.05663397002787608,0.05863067784124873,0.05391642272961357,0.061488643437610964,0.058489642495120515
recon_face/mica/FaMoS_180503_03342_TA__multiview_neutral__IMG_0593,0.8074194309741883,0.8074194309741883,2670,I,0.01815305243068041,0.013640947818859194,0.023362292955676055,60,0.0034056131145365153,0.6760403363975511,4.065998750040308,0.9999589713245347,0.0036093320932732995,-0.008308332529427292,-0.003519435504612243,0.9999353835583995,0.010809360834285653,0.008346810247510557,-0.01077967670003976,0.9999070603455777,6.744607063128506e-05,0.01838988558848144,0.08360576910021841,0.02721073446866095,0.1632610710349013,0.16230011359309895,0.05973401485074849,0.05498223953963857,0.0491773253966157,0.06426911246622333,0.061134390841188685
recon_face/mica/FaMoS_180503_03342_TA__multiview_neutral__IMG_0594,1.0835077063635767,1.0835077063635767,2670,I,0.020657726258283677,0.016547129605325738,0.024637643713026743,38,0.003433394593851414,0.67,3.88670029793866,0.9999216991244376,0.004847984127227663,-0.011536579649052837,-0.005011057275860262,0.9998873462883852,-0.014148640830441398,0.011466687624368218,0.014205343440865173,0.9998333477598416,-0.00064713083147465,0.021928123635426233,0.07992743191671367,0.02913128808268547,0.16374043145366557,0.16441047884655846,0.058132747568545695,0.05688959762648559,0.048846115013558324,0.06427919416937855,0.06113339037691591
recon_face/mica/FaMoS_180503_03342_TA__selfie__IMG_0583,1.4347766221260172,1.4347766221260172,2671,I,0.01838984343263111,0.013345797950510685,0.02513187748228223,60,0.0034637625821852557,0.6777250840004488,4.147907431004569,0.9999208335169962,-0.0012758027623907778,-0.012517948154102265,0.0010045029215971656,0.9997649925246324,-0.021655269476570392,0.012542634195328368,0.021640980789554485,0.9996871261939447,-0.0011606288199853005,0.02019664413829507,0.08216385332831425,0.028785624067378703,0.17062013289865605,0.1672990611041854,0.05815724193058832,0.0608239740518959,0.05239400916175356,0.06127936309472012,0.06054834507119318
recon_face/mica/FaMoS_180503_03342_TA__selfie__IMG_0596,1.070776855979913,1.070776855979913,2669,I,0.016183297864608107,0.010525951960522402,0.016860919230032023,60,0.003463003543086234,0.6823697695138901,4.0496083160396665,0.9999134854673503,-0.00024100879237641271,-0.013151558664198214,6.640156108034941e-05,0.999911876258804,-0.013275364681673188,0.013153599179256438,0.013273342885676163,0.999825385353498,-0.0006544863603787403,0.015430201452346373,0.08045347571353353,0.02810112467392548,0.17233482560500787,0.16988589972510373,0.058494458094881005,0.056482829058718376,0.05713426217069588,0.062378183861689473,0.06057010357081713
recon_face/mica/FaMoS_180504_03343_TA__multiview_expressions__IMG_0660,3.252607540258192,3.252607540258192,2669,I,0.02852386056863706,0.02303255499470426,0.030048730268956797,46,0.0034084687174946197,0.67,3.980360370129347,0.9997928399161314,0.01093415324639613,0.017167455991511465,-0.010009442691346836,0.9985413760348192,-0.05305592712881191,-0.017722536766637136,0.05287309939159494,0.9984439628999122,-0.00016381820642851928,0.011822484497942237,0.08764696534311311,0.03654025224028884,0.16327224810761368,0.16242722179562638,0.061229684704967514,0.05891873912823899,0.07054125520045164,0.0642816344719228,0.06262966025247767
recon_face/mica/FaMoS_180504_03343_TA__multiview_expressions__IMG_0661,4.434713321521665,4.434713321521665,2668,I,0.022175307672203406,0.01736833823604427,0.02278727599377702,60,0.0034153766661645262,0.6725173839287931,4.029128019930795,0.9991185422454906,-0.012555986828251988,-0.040056032454739314,0.00992663968554656,0.9978242675792782,-0.06517816240452627,0.040787257394922956,0.06472308880643933,0.9970693663981225,-0.003574804760422042,0.010111286915611764,0.09176611460555634,0.03155332585533743,0.16577162668822548,0.1642054942886683,0.06178018917287692,0.053774315211831875,0.06682099976442672,0.06136319786381194,0.05988580925258686
recon_face/mica/FaMoS_180504_03343_TA__multiview_expressions__IMG_0681,3.201216108322622,3.201216108322622,2668,I,0.01951309852011291,0.014082341499570756,0.02000607039684822,60,0.003444742567836508,0.682643347514521,3.9608677648939192,0.9994621022394138,-0.011028307444370535,-0.03088499023932069,0.009620510276472817,0.9989241385766832,-0.045365307789653586,0.03135206483137546,0.04504377652619905,0.9984929174646494,-0.0024287318615196373,0.012433764361618554,0.08866617607389532,0.029757566952842995,0.16934011128244825,0.16775906380098046,0.060362060132488175,0.055365468146930594,0.05869769264443395,0.060918544682629784,0.060731663266903664
recon_face/mica/FaMoS_180504_03343_TA__multiview_expressions__IMG_0682,4.514248044253925,4.514248044253925,2668,I,0.029224089524930833,0.023862997722760942,0.03038348525361827,60,0.003388847816872552,0.67,4.105139040155336,0.9987802641677899,0.003582760943984219,-0.0492457889868637,-0.006597189834943548,0.9981045538543966,-0.061186409123247444,0.048933229969031995,0.06143666168611345,0.9969107661198487,-0.0025031196659345643,0.006652707572107883,0.09362881628651659,0.0379128071784412,0.16345705762243715,0.16412020709714817,0.06516568591116323,0.0570152024295644,0.0699137835136964,0.06311835894044364,0.06214190372495939
recon_face/mica/FaMoS_180504_03343_TA__multiview_expressions__IMG_0683,4.1453180450334965,4.1453180450334965,2669,I,0.029603166329806606,0.02451002207595015,0.030225381006237943,60,0.0033927715225544573,0.6716864754640371,4.016081122914329,0.9988728019165342,-0.004223264652632833,-0.04727884968023528,0.0016372528347336176,0.9985068193504244,-0.05460266581271176,0.04743885532522492,0.054463710361793906,0.9973882189293489,-0.0022990508381532594,0.009373545381254948,0.09084888772544644,0.03829587491770351,0.1639516595786565,0.16482480974069522,0.06218850102104214,0.055041329052962905,0.06824588342870383,0.06349033775444064,0.06426185701203847
recon_face/mica/FaMoS_180504_03343_TA__multiview_neutral__IMG_0652,4.1868546793312,4.1868546793312,2669,I,0.0276145038307789,0.02224073136415725,0.028219525837597636,60,0.0033944143469694984,0.6751598196122307,3.8800664669834077,0.9986714518844902,-0.01826459786705612,-0.048184392241452705,0.015745482886475714,0.9985150231791102,-0.05215197267881625,0.04906537434479771,0.051323999750360456,0.9974760328399023,-0.0018276092213908766,0.009442694996725495,0.09066871499995538,0.0356712815486292,0.1627317456543782,0.16294363624601585,0.06069599297845537,0.055970646724240986,0.06917787420103348,0.06282136751565712,0.0610598853378069
recon_face/mica/FaMoS_180504_03343_TA__multiview_neutral__IMG_0654,1.8136646422904419,1.8136646422904419,2668,I,0.019471772534872134,0.014530074981982385,0.0255629074549515,60,0.00339266570589845,0.67,4.0002193509135395,0.999827662607207,0.007136830150341686,-0.01713799115457505,-0.007573830145450879,0.9996443208689629,-0.025570859417657438,0.016949400648311384,0.025696252836453125,0.9995260979123196,-0.0016561941704199266,0.013059662444933853,0.0900280023758877,0.02899186470114377,0.1645999303855897,0.16371354564920013,0.05842903873217206,0.055864687503037594,0.05571821823335814,0.0608781723098291,0.06013897853599222
recon_face/mica/FaMoS_180504_03343_TA__multiview_neutral__IMG_0677,3.532371501609367,3.532371501609367,2668,I,0.03192246164921416,0.026003042464297348,0.03246008973430384,60,0.0033677541982785513,0.67,3.973054928937927,0.9998117675922205,0.019138566597703324,0.003185067143022374,-0.018919523166093587,0.9981071553275084,-0.058516306506794805,-0.004298956534781137,0.058445031889928896,0.9982813717685497,-0.002319063673756663,0.006590751431421453,0.0894852494619629,0.039343616730481645,0.15987640841463646,0.15834639273920115,0.06176214553400497,0.05479609257988132,0.06615263031191636,0.063840078599174,0.06367335288191908
recon_face/mica/FaMoS_180504_03343_TA__multiview_neutral__IMG_0678,3.8844570959594464,3.8844570959594464,2670,I,0.02845366448624316,0.02328010312689779,0.028722203368266166,60,0.003378615159620746,0.67,3.96184953302145,0.9992322151995722,-0.014846384609310304,-0.036256929977426064,0.012818729274139936,0.9983746979302051,-0.055530556566344494,0.03702242951444235,0.055023153279361366,0.9977984727970093,-0.0005554869416678968,0.006834389044262708,0.0898218648693764,0.03742711930841176,0.16250475904465472,0.16244155805793042,0.06187445674837763,0.056304754019079244,0.06654415560055085,0.06188559833889659,0.06309504640915659
recon_face/mica/FaMoS_180504_03343_TA__multiview_neutral__IMG_0679,4.610929257811973,4.610929257811973,2670,I,0.029662942273905667,0.023765391501878876,0.030656858386712674,60,0.0033861818958984546,0.67,3.9914849039632827,0.9977657162826465,-0.02400165062316247,-0.06234978891977529,0.021185341668809997,0.9987421992450043,-0.04544447981468478,0.06336210783546152,0.04402204237214738,0.997019208980465,-0.0031557198688250583,0.010319427999877777,0.0900856087573019,0.0376573262825159,0.16165526708798672,0.1622589166285353,0.06166202196252541,0.05812642140377944,0.06540813099934933,0.0641738031095611,0.061127471764040625
recon_face/mica/FaMoS_180504_03343_TA__multiview_occlusions__IMG_0641,4.286553905883515,4.286553905883515,2669,I,0.0289456619832545,0.02400459338297433,0.02963048092311392,60,0.003375547298687536,0.67,4.09514081501402,0.9989307205369014,-0.004793947886913698,-0.045982971101109424,0.0020828553999873243,0.9982660618498724,-0.058826282154572127,0.04618524960429091,0.05866760453950824,0.9972086215514712,-0.001816287068260806,0.00851396285742309,0.09117489355344052,0.03706975278183303,0.16246662635749087,0.16125745686598444,0.0636039594797915,0.05747090500008248,0.06833328906893431,0.0635692920818708,0.062240057368263615
recon_face/mica/FaMoS_180504_03343_TA__multiview_occlusions__IMG_0642,3.2458072813676484,3.2458072813676484,2669,I,0.02289600497410648,0.017820778272946557,0.02317888581311618,60,0.003361198518323411,0.67,3.8591402950696647,0.9999552418640445,-0.006242433893390878,-0.007109591247537417,0.00583580243910127,0.9984223245014558,-0.05584626529144287,0.007446991238896106,0.0558022755467649,0.9984140665902552,0.0017863012959097205,0.00903166822389892,0.0892795529262923,0.03234127102366051,0.164177831179215,0.1625435845805755,0.05884061858935521,0.05460212797229075,0.06315754994682618,0.06166819977120486,0.05936601826671136
recon_face/mica/FaMoS_180504_03343_TA__multiview_occlusions__IMG_0643,3.280205945041719,3.280205945041719,2666,I,0.024731037097120764,0.01917251987840748,0.02512058233305579,60,0.0033717141099882226,0.6734478598850951,3.9210224910639226,0.9995081667629,-0.006329104889265365,-0.030714280157079,0.004851310904355002,0.9988378389787274,-0.047952436922580326,0.0309820812208629,0.04777984779805637,0.9983772817866096,-0.003394832608265035,0.008198660280436094,0.08942188667358544,0.03378986992823739,0.16475200010211624,0.1642613644515542,0.05995216374975294,0.053423451325514494,0.0651407927113928,0.06082810168600546,0.0604226048392556
recon_face/mica/FaMoS_180504_03343_TA__multiview_occlusions__IMG_0644,3.95665621560774,3.95665621560774,2669,I,0.028903120762494648,0.02381442312163995,0.032002617733125224,60,0.0033772330571799833,0.6709182686709928,4.214974930044264,0.9999249823173892,-0.01095798615438873,0.005472867348014673,0.011304350499525224,0.9976295273194941,-0.06787884707378895,-0.004716078599071713,0.06793562217072252,0.9976785603805086,-0.001328632324170038,0.009435766075833837,0.09372154049229195,0.03748555746122896,0.16468501227971274,0.16418870039593902,0.06128379231549842,0.061358849735115066,0.059819301600946576,0.0658224108585724,0.06391922419713603
recon_face/mica/FaMoS_180504_03343_TA__multiview_occlusions__IMG_0673,3.261543554042027,3.261543554042027,2671,I,0.027148166382792757,0.022111432300681456,0.02750093156394982,60,0.003337982610651285,0.67,3.8817734050098807,0.9999634947128636,-0.0010505410527302237,0.00847971727913115,0.0015258634493912377,0.9984159031090323,-0.056243721069197755,-0.008407198247411492,0.05625460676666796,0.9983810586320018,0.004669389274772605,0.005741168210002791,0.08715271571813438,0.03510381650199651,0.16158843162561598,0.16212102740729464,0.06109204992128228,0.05331666524867145,0.06779886195632581,0.06357386237273407,0.06116076830207673
recon_face/mica/FaMoS_180504_03343_TA__multiview_occlusions__IMG_0675,4.424103028487965,4.424103028487965,2670,I,0.030203558052650268,0.02501217821260209,0.030848403887423752,57,0.0033583931255141922,0.67,3.999765367945656,0.9983132250812001,-0.027887020702270147,-0.050921691883955615,0.025261340676787748,0.9983535446113038,-0.051498200252603606,0.052273982966525766,0.0501249841735354,0.9973740104225788,-0.0012151384777875011,0.008962936361561959,0.09047023415109695,0.03822728508744444,0.16043642142108214,0.16240563480153453,0.06060153855271638,0.05562919751658252,0.0633800833419665,0.062309208671814824,0.06205627943421439
recon_face/mica/FaMoS_180504_03343_TA__selfie__IMG_0668,1.8287407631155181,1.8287407631155181,2669,I,0.022881975056220083,0.01737033925867562,0.024357922276863526,60,0.0034256659686569685,0.67,3.958805068163201,0.9998064854527515,0.016997037878205064,-0.00990415821690644,-0.0172405726414375,0.9995376287983662,-0.02504578350009925,0.009473874688529985,0.025211690135835307,0.9996372423928994,-0.0007164952653810694,0.011192278809749302,0.08787989632327484,0.0319465263963482,0.1633923257801917,0.16515238143777475,0.06010468939353444,0.053207888825122486,0.061762534375058575,0.060429352423112065,0.06226933118655857
recon_face/mica/FaMoS_180504_03343_TA__selfie__IMG_0686,4.418537996536509,4.418537996536509,2670,I,0.025054590573880327,0.019192044413285887,0.02528963036980534,59,0.0034415177803342185,0.6794379169596172,3.916849008994177,0.9999838266504752,0.005386868716936999,0.0018243034011670442,-0.005230779785523537,0.9970299382385377,-0.07683710821531439,-0.002232796521938912,0.0768263229725531,0.9970419904488517,0.0024640432460084306,0.0029984238736230975,0.08312511966053099,0.034196693955136206,0.16491137142129544,0.16291145377762473,0.060378350726690545,0.05445563879467557,0.0631920134924956,0.061411885993173716,0.05928314998258406
recon_face/mica/FaMoS_180507_03344_TA__multiview_expressions__IMG_0698,2.836760994848623,2.836760994848623,2669,I,0.015973326751286397,0.01076390144530617,0.022611404173083778,60,0.0034314829605843707,0.6772817949476309,4.040351489791647,0.9999038231992484,0.007775840022661364,-0.011483930662785894,-0.00722144521144925,0.9988426344756647,0.047552521308235486,0.011840400355719958,-0.047465017282775086,0.9988027217893242,-0.0005630459037752587,0.017465126418731144,0.08509152276994819,0.026710975056632065,0.1696986215945152,0.17017257816243697,0.059520605758324824,0.05812986156978005,0.05097666200872392,0.06187166592421277,0.058411627219329604
recon_face/mica/FaMoS_180507_03344_TA__multiview_expressions__IMG_0699,2.5813708926347014,2.5813708926347014,2669,I,0.018358629767184793,0.013455464016821423,0.025504109394287915,60,0.003515037577878581,0.6959969013538101,4.212951258057728,0.9998073636107625,0.007293510226979098,-0.018221975147240076,-0.006548753118467865,0.9991539394747956,0.040601958876275726,0.01850268905567625,-0.04047480624495159,0.9990092294654452,-0.0022340094318678617,0.019091572229060425,0.0823591468210216,0.030053882208212382,0.16816066465229462,0.16949785966058983,0.062180396814003114,0.06171920888594854,0.04878058731934552,0.06212952558892019,0.05940564268420941
recon_face/mica/FaMoS_180507_03344_TA__multiview_expressions__IMG_0700,2.045700649312222,2.045700649312222,2669,I,0.01625482233268279,0.011038914343401032,0.024769570027616535,54,0.003512301967125471,0.689548154410905,4.084272660082206,0.9997399241342021,-0.0010457206194580664,-0.022781364325375822,0.0016710714542390397,0.999621825289486,0.027448386566634023,0.022744045645713376,-0.0274793171913456,0.9993635952516798,-0.0017139136630137768,0.021172414441572335,0.08088840749509155,0.02714932516172022,0.16978184185334075,0.16879672025485457,0.058196297842097434,0.05960125390156121,0.048131146059076944,0.06111914250586574,0.059314919176369836
recon_face/mica/FaMoS_180507_03344_TA__multiview_expressions__IMG_0701,2.190070148373337,2.190070148373337,2669,I,0.017468669594968587,0.01203395195553732,0.02541343916029442,60,0.003536640090661398,0.6932576345603204,4.198974238010123,0.9998554810827881,0.004871554758607249,-0.016287568969635447,-0.0043112000305270915,0.9994035290343984,0.034263679135299915,0.016444771296783796,-0.0341885084176524,0.9992800985655489,-0.0005178913037988981,0.01512699035959087,0.08176869352827476,0.0287126958367818,0.17166117053733299,0.17169270001429612,0.06037220581774614,0.05865965650003685,0.04861768357784382,0.06292293270578964,0.057440469565497095
recon_face/mica/FaMoS_180507_03344_TA__multiview_expressions__IMG_0702,2.669506733258726,2.669506733258726,2668,I,0.01727410067907298,0.012156823096801588,0.0244414640944725,43,0.0034676662346379184,0.6831931614864327,3.8773089090827852,0.9998012759159011,0.019766249956763644,-0.0025892160167553936,-0.019639722325685602,0.9989193187959157,0.04212452781067932,0.003419061845689297,-0.04206530516886188,0.9991090131297716,0.0003266216254480829,0.017943788286485338,0.0830979496320533,0.027550475646363502,0.16671000945059128,0.16645842074710082,0.05957872852369926,0.05621332864335668,0.04834469480856139,0.06123459745224169,0.060670614922719475
recon_face/mica/FaMoS_180507_03344_TA__multiview_expressions__IMG_0703,2.0117659673354202,2.0117659673354202,2670,I,0.017225364084511204,0.012082322117980888,0.024941973608257558,59,0.003437974444539143,0.6758667362592136,4.043191520031542,0.9997234142811463,0.011563363168659684,-0.020478856664310832,-0.011025595513489781,0.999596422589525,0.0261806835242499,0.020773328611963404,-0.025947650730917905,0.9994474414594927,-0.0018442382241227592,0.020667824617224953,0.08114192631212566,0.02719141849456413,0.16718773485501404,0.16794521682761387,0.05267428104709264,0.06269540424029406,0.046024741210004695,0.06257966003236883,0.06215900385372074
recon_face/mica/FaMoS_180507_03344_TA__multiview_neutral__IMG_0689,2.0409733337987257,2.0409733337987257,2669,I,0.016946687482886778,0.012255610078403022,0.024399176070310086,60,0.0035492941181094087,0.6998070244402156,4.101693343138322,0.9999471553400316,0.01017524441284049,-0.0014666044175937116,-0.01011931647765131,0.9993669588398769,0.034106905652115,0.0018127220978077316,-0.03409026225003382,0.9994171141512039,0.00116104418534425,0.018165341998120213,0.08159347982414203,0.027525278662392502,0.17006838123160614,0.16951412528725796,0.05964896235004778,0.058132563815319144,0.048632808312632524,0.06093027031849417,0.059827237404199235
recon_face/mica/FaMoS_180507_03344_TA__multiview_neutral__IMG_0690,1.712996914336362,1.712996914336362,2670,I,0.016724221928208587,0.011410348850896623,0.023960068362508115,43,0.0035059290339421972,0.684443132672078,4.011272459989414,0.9999552401450839,0.00817522420248503,-0.004762710953684073,-0.008036879781408835,0.999565003415893,0.028376266660117576,0.004992621532664103,-0.028336719207170326,0.9995859663254612,0.0014829816426234828,0.021530049471471663,0.0804162056505294,0.02777618024868913,0.17007854439122985,0.16902511073150567,0.05816323255768239,0.05844406963481137,0.0459076373327285,0.06156547395145037,0.059522899069205056
recon_face/mica/FaMoS_180507_03344_TA__multiview_neutral__IMG_0691,3.3457087636097795,3.3457087636097795,2669,I,0.015459784252511051,0.0101795127267157,0.02466156926211713,60,0.0035190516451438156,0.6924657667345172,4.121493353974074,0.9997348658973945,0.004424989456209793,-0.022596844413112206,-0.0032066009899342236,0.9985534239128931,0.05367287305455126,0.022801658255690985,-0.05358618348185522,0.9983028625225113,-0.002192534318904481,0.020288888175965872,0.08095260763709702,0.026600388107348265,0.16864117503450585,0.17181559168504307,0.057209628971996426,0.05727723149284779,0.04988372205343897,0.06059467836325887,0.06138447039724846
recon_face/mica/FaMoS_180507_03344_TA__multiview_neutral__IMG_0720,3.272056642713395,3.272056642713395,2669,I,0.01718709685100072,0.011837955737006788,0.02373019796570031,51,0.0035113132515154134,0.6896106371395911,4.0748664028942585,0.9998542319006026,0.013659359436192111,-0.01024386891012622,-0.013081102234103322,0.9984260857127858,0.05453655776251001,0.01097268038338301,-0.05439460697565131,0.9984592265171216,-0.0003443912723801579,0.016910663316293817,0.08217460729853912,0.029392921873489814,0.17289636182941323,0.172964176215138,0.057152876494262615,0.05998880647817013,0.046215827992522794,0.06134653359816614,0.059969805238179165
recon_face/mica/FaMoS_180507_03344_TA__multiview_neutral__IMG_0721,3.7489401744665667,3.7489401744665667,2670,I,0.01789108540735922,0.013034497175477994,0.025475603694406983,60,0.0035209322860395857,0.6872737957980224,4.159789814148098,0.9998496122019018,0.016547007467307782,-0.0051912930550505705,-0.016186774167677113,0.9978764396414843,0.06309199276041264,0.006224252706243304,-0.06299847420622334,0.9979942138739765,0.0005999083721614869,0.018336563565671468,0.08345748640816869,0.028416518127963968,0.17124300800902098,0.17037261703020654,0.060498941233891795,0.06271605534770394,0.04757342146343184,0.06160881068826257,0.0609758636025008
recon_face/mica/FaMoS_180507_03344_TA__selfie__IMG_0711,3.2853037882052067,3.2853037882052067,2667,I,0.01950451028006267,0.013568631561346913,0.027127856933915104,60,0.0036434390822264995,0.714928341615283,4.270066651050001,0.9997678259696837,0.009058062564158687,-0.01955110376514661,-0.008006878435040126,0.9985522913567577,0.053190331112852866,0.020004600810269425,-0.05302143838818642,0.9983929802526007,-0.0015649984229871062,0.01458078963733564,0.08158453609435634,0.032098736640999624,0.1780050847478577,0.17735276762683524,0.058947778394126155,0.058026355860892005,0.04737961934786746,0.061136311192068006,0.06034522086926631
recon_face/mica/FaMoS_180507_03345_TA__multiview_expressions__IMG_0739,0.9329994812639687,0.9329994812639687,2672,I,0.015306984109922489,0.01003849941961735,0.024609892635529994,60,0.0034604479195663855,0.6820642443113195,4.030203172937036,0.9998842848140534,0.012314658649431879,-0.008931190527362475,-0.0123663220700793,0.9999069863074185,-0.005752635228876519,0.008859518065174089,0.005862415540152211,0.9999435689196106,-0.0002671312741153721,0.017433515466912998,0.08593231487863062,0.025792686238713537,0.16768769896788124,0.16642963749317707,0.058015632456510376,0.05838032228247634,0.05095694579786657,0.061669422541550556,0.0594910740504797
recon_face/mica/FaMoS_180507_03345_TA__multiview_expressions__IMG_0740,0.9396116433621271,0.9396116433621271,2669,I,0.015666494226247885,0.009833374054595665,0.025138251357827747,38,0.003501268962576301,0.6940627999256728,3.94968219101429,0.9999501302211903,0.006130946844854521,-0.007883435888618525,-0.0062329701568522335,0.9998962944053313,-0.01298270070171593,0.007803022084306793,0.013031190477930655,0.9998846438070141,-0.00022195400731486666,0.017419195565313954,0.08545586817076087,0.02691975408876337,0.1734970441060259,0.1707442524646503,0.05814017231343372,0.057483419860512384,0.05375370037657986,0.060477496838880554,0.059549465410877724
recon_face/mica/FaMoS_180507_03345_TA__multiview_expressions__IMG_0741,1.247051831832094,1.247051831832094,2672,I,0.01654834891530753,0.011117715752874575,0.024316662618524533,42,0.00345691008343069,0.6803297975033115,3.9489113779272884,0.9998629326500045,0.006879670366130412,-0.015059417259161982,-0.007091728434860659,0.9998758127085839,-0.014073611766514437,0.014960725261107751,0.01417848003143386,0.9997875511345695,-0.0012245891664064061,0.019507682299153825,0.08456274509630843,0.027000861871787053,0.16891200922255292,0.16695465734311465,0.056491782101986694,0.06058120007156797,0.04847532637351819,0.06169041955595465,0.060508411437756426
recon_face/mica/FaMoS_180507_03345_TA__multiview_expressions__IMG_0743,1.4267602110194026,1.4267602110194026,2671,I,0.016455432903043184,0.011285659500975058,0.024964101466511235,60,0.0034672333338204905,0.6746712110327878,4.090357700129971,0.9999931313622284,0.002606432745436219,-0.0026350970964414493,-0.0026705234408660283,0.9996933569179017,-0.024618294798139418,0.0025701231324474915,0.024625162792554892,0.9996934509260946,0.0010558822967446139,0.020520509660252262,0.0878363142283316,0.02664131794268328,0.16997908181457463,0.16952119213572042,0.05706511015631847,0.06228070105799066,0.05386381900194766,0.06206627111509009,0.058391617808411
recon_face/mica/FaMoS_180507_03345_TA__multiview_expressions__IMG_0744,1.7253093269702091,1.7253093269702091,2667,I,0.017014913670724007,0.011714278019361866,0.017479621943940028,60,0.0034651813439757063,0.6797808108481111,3.9491022350266576,0.9999401598630102,0.007781148978840849,-0.007689630270969223,-0.007993790677649576,0.9995753850917245,-0.0280205072996685,0.007468333397555615,0.0280802998434477,0.9995777712399191,0.00022556451902767762,0.014137588342181547,0.08716100175744959,0.0271004465970706,0.16647154312612952,0.16554508151460132,0.059395093295732185,0.0536880933922408,0.0571419110205094,0.06181362471836331,0.05794805023382479
recon_face/mica/FaMoS_180507_03345_TA__multiview_neutral__IMG_0725,0.6850499554772433,0.6850499554772433,2672,I,0.016202737151636965,0.01077890083062542,0.024730392554610865,48,0.003433666207045879,0.67,3.99743208498694,0.9999532207133124,0.008888832127448957,-0.0038137971215145517,-0.008915416620617633,0.9999356773342251,-0.007011172557102999,0.0037512306720403265,0.007044846169696702,0.9999681486981922,0.0008467934336764452,0.01570385787163476,0.08433822942208172,0.02650701859309089,0.16789504183890444,0.1674638401224642,0.06490709381210363,0.06053262988016433,0.05505954344286198,0.06083028170862569,0.060039792493722335
recon_face/mica/FaMoS_180507_03345_TA__multiview_neutral__IMG_0726,0.5315570832784138,0.5315570832784138,2669,I,0.015957121212048522,0.010524979441187875,0.023831611705813674,60,0.0034722064088215255,0.6738915383843969,4.150203130906448,0.9999627198053062,0.0031963068777238045,-0.008021385286669323,-0.0032235018176846467,0.9999890933768806,-0.00337966911339267,0.008010495340811545,0.0034054000687223866,0.9999621168898185,0.00031787423330750905,0.01566222424281692,0.08591602427399528,0.026340825854358027,0.16993338020351229,0.16961608232548106,0.059279148003269014,0.0574854343565954,0.05236049374462326,0.059203126428468984,0.05820554537437447
recon_face/mica/FaMoS_180507_03345_TA__multiview_neutral__IMG_0729,1.6176751419997188,1.6176751419997188,2671,I,0.02070406268982485,0.01610219523835479,0.021202469750459044,60,0.0034502443110861437,0.67,3.9823172639589757,0.9999929773336982,0.003745232494042689,-0.0001360766383141839,-0.003747573605621449,0.999601457445609,-0.027980027960758498,3.123069608029978e-05,0.027980341423577117,0.9996084731125798,0.0017589444476009762,0.014934816526444114,0.08710863059002816,0.02981534388221712,0.1653724109193515,0.16814841646944073,0.055480907704707864,0.0548451226851643,0.05781444837048146,0.062394615548044055,0.0619834256309174
recon_face/mica/FaMoS_180507_03345_TA__multiview_neutral__IMG_0777,1.4615333681947607,1.4615333681947607,2668,I,0.016199013484488538,0.01099047636067818,0.024781829967066713,38,0.0034763974463536546,0.6877152353445948,3.8565306928940117,0.999741179034274,0.017660203206024655,-0.014341972175457083,-0.01749361476279719,0.9997789960542737,0.01165900901618439,0.014544703011423495,-0.011405098484035191,0.9998291730805213,-0.0008817696804277538,0.013749415846081789,0.08343267122027306,0.026760311412513397,0.16760368340969087,0.16928429582632434,0.056604821319144655,0.06025367848581517,0.05151212338215633,0.06091014708905087,0.059987265791443645
recon_face/mica/FaMoS_180507_03345_TA__multiview_neutral__IMG_0778,1.059517582304395,1.059517582304395,2669,I,0.016422306278299947,0.010808726290537326,0.025546164928899884,34,0.003465598648706505,0.6872170781296854,3.851493775146082,0.9998868622957947,0.00808507270222539,-0.012684408053577043,-0.008221028640424689,0.9999089252854211,-0.010703075382624376,0.012596717682128045,0.010806143343142702,0.9998622654994457,-0.0005704158137541465,0.016008778882456165,0.08183415304922714,0.02654184084623609,0.16647369758729,0.1653738457357121,0.05567245995621298,0.0592659516674651,0.0507334382320071,0.06075726775061828,0.05858640367315066
recon_face/mica/FaMoS_180507_03345_TA__multiview_occlusions__IMG_0748,2.89691050312622,2.89691050312622,2667,I,0.01637111512819764,0.010678486813304544,0.023681722662405286,40,0.0034760596228082604,0.6860842892604351,3.9679707009345293,0.9998758932404876,0.006285212930653386,-0.014446252626656424,-0.005584174745067944,0.9988285690039492,0.0480656502498517,0.014731432685023398,-0.04797901457867651,0.9987397053542558,-0.0010815468841770298,0.021882153304851132,0.08184646436241735,0.026894469303478233,0.16759817567300098,0.16753370351044145,0.059577959137732554,0.06158644920638271,0.05640483546757334,0.06117642289579582,0.06075284888669912
recon_face/mica/FaMoS_180507_03345_TA__multiview_occlusions__IMG_0749,1.3315222688937396,1.3315222688937396,2672,I,0.018922739893289447,0.014213165281134183,0.025324087377601754,23,0.0033899933518742606,0.67,3.6455186968669295,0.9999273508458052,0.009581536718859083,-0.007313493323609453,-0.00972494763980297,0.9997560265098551,-0.01983211664517015,0.007121686871269746,0.019901799198306116,0.9997765750230287,0.0001680178447639859,0.017392644826477316,0.08415062381095728,0.027633535597719507,0.1639101052697607,0.16260499404822537,0.055731852390909484,0.05616790565459907,0.05107486525634652,0.0639305961484045,0.06105548666069251
recon_face/mica/FaMoS_180507_03345_TA__multiview_occlusions__IMG_0750,0.6844509543611318,0.6844509543611318,2672,I,0.01728355810815453,0.012270193235221756,0.025394087198168408,60,0.0033906868703108086,0.67,4.019416070077568,0.9999466735969582,0.007033684883567427,-0.0075615632865567075,-0.0069881564632941155,0.9999573973355648,0.006030686787431314,0.007603659094307689,-0.005977523805243364,0.9999532256948498,0.00017855949647608446,0.016837570203851286,0.08601136189021227,0.027276085647824043,0.16447324551164538,0.16441373080165464,0.05863480846017473,0.05472242359317504,0.05440577377072122,0.05934487255450788,0.059846451770339
recon_face/mica/FaMoS_180507_03345_TA__multiview_occlusions__IMG_0762,2.504953276209993,2.504953276209993,2669,I,0.016087861695096954,0.010912504649093154,0.016861475562269447,60,0.0034725559081671244,0.6830368429083074,3.894473680993542,0.9998619754967627,0.01395410215736207,-0.009017371495802411,-0.013578130455365522,0.9990876731415752,0.04049019325577742,0.00957414899865685,-0.04036216557043285,0.9991392451812792,-0.00062206732334298,0.012119094566249523,0.08521564703698817,0.02685812373212706,0.17115846409924765,0.17090923493717294,0.05762251534240004,0.053036786237749496,0.05640336296744498,0.05879855989728283,0.05882532243378399
recon_face/mica/FaMoS_180507_03345_TA__multiview_occlusions__IMG_0764,1.4902621454024545,1.4902621454024545,2671,I,0.017722846282688668,0.012175809936375997,0.027331927436362615,60,0.0034297621443280324,0.6806546034821706,4.059034627163783,0.9997732383014607,0.016428152075217424,-0.01354945739147908,-0.016628643611363365,0.9997519041358407,-0.014819527266685855,0.013302638379518686,0.015041475863601616,0.9997983765819929,-0.0015239425305514673,0.01701005736762541,0.08228811644173753,0.027421690162949153,0.16552401192106503,0.16476463869682387,0.05727963001773558,0.05584920417157346,0.05518700755115507,0.061915969095542964,0.05936581780403634
recon_face/mica/FaMoS_180507_03345_TA__multiview_occlusions__IMG_0765,0.9724739963752463,0.9724739963752463,2669,I,0.016780784115899214,0.01127032881998917,0.024155391803787334,58,0.003397028411481953,0.6826180198726961,3.9427230099681765,0.9998743708244802,0.008328282937188613,-0.013486373555061274,-0.008409958840607338,0.9999465698077267,-0.006010833724211273,0.013435593051585523,0.00612349843463335,0.9998909878613136,-0.0013395489335837883,0.01516941167646696,0.08085102671985975,0.027420106902338072,0.16430122803084263,0.16322170228877572,0.057032198963087775,0.05861838205422331,0.05161058113757795,0.06316516459656007,0.061520365328215476
recon_face/mica/FaMoS_180507_03345_TA__selfie__IMG_0757,1.4691816704690244,1.4691816704690244,2670,I,0.015115537712821947,0.009839956847342632,0.016060472411006055,60,0.003497636037918018,0.6781179003245917,3.9853327439632267,0.9999524000585759,0.009133205501993712,-0.003432517203543051,-0.00904924917351865,0.9996775283982517,0.023726573814177424,0.0036481099887255004,-0.023694382727186616,0.9997125924587966,0.0006216583752942741,0.012549307653780505,0.08526045683486208,0.026587960753138233,0.1669871867009301,0.16911520654766238,0.061146503696829564,0.05491258114171324,0.057680394162692904,0.06000315199617794,0.05992076201323822
recon_face/mica/FaMoS_180507_03345_TA__selfie__IMG_0758,0.7988799965208849,0.7988799965208849,2668,I,0.016120391927264853,0.011191202498621742,0.01874288135395,60,0.0035064496792747146,0.684465891825017,3.9609482111409307,0.9999040560580403,0.010190492667511226,-0.00938256563383075,-0.010205370472272888,0.999946739257907,-0.0015391754296997674,0.009366380955491986,0.0016347803134153808,0.9999547981789593,-0.00020855839671212915,0.012134844772510416,0.08658072478198547,0.026995369470210088,0.16703797394230332,0.16928830257622782,0.058205966020480525,0.055052424733498015,0.05734315488448408,0.05979455555526081,0.05880482607061971
recon_face/mica/FaMoS_180507_03345_TA__selfie__IMG_0780,1.8664694068756618,1.8664694068756618,2669,I,0.016004739847793457,0.010756528395916868,0.01680793541285617,60,0.003482862835544719,0.6792796487340652,4.020122073125094,0.9998496509031741,0.008574334545660492,-0.0150717077963763,-0.008155488890018924,0.9995848017820742,0.027635340548943933,0.015302404705308055,-0.027508268454964964,0.999504443000052,-0.0009453404973000725,0.011532029064189118,0.08478915641815146,0.026819271579406632,0.17338538030270298,0.17395547312104728,0.059129332718141546,0.05349686330727475,0.06085462444800998,0.060861334369111265,0.056998980448596706
recon_face/mica/FaMoS_180508_02474_TA__multiview_expressions__IMG_0804,4.147393344564439,4.147393344564439,2668,I,0.022844966346274115,0.018280475009729583,0.028018526863955593,60,0.003463707301084075,0.67,4.423210692126304,0.9998759409798939,-0.000662924048474004,-0.015737318109470762,0.0017722139580334266,0.9975046179850375,0.0705790079004493,0.015651258967242,-0.07059814183270476,0.9973820433828302,-2.0455064420229303e-05,0.021582578177526526,0.08792739805225447,0.033139312130419964,0.16486336713456234,0.16879402585917508,0.06389899556181988,0.06257661551862767,0.05087677693917381,0.06392335011645667,0.06358688221118165
recon_face/mica/FaMoS_180508_02474_TA__multiview_expressions__IMG_0806,4.965360647981372,4.965360647981372,2668,I,0.020356687332951696,0.015592255487502331,0.02632710046753423,60,0.0034775529561059263,0.67,4.361420930130407,0.9999536626627348,-0.004499033702823515,-0.008510653507404313,0.005214439445062141,0.9962817290637468,0.08599724388039501,0.008092104093251382,-0.08603763728445384,0.9962590239600606,0.0017033027244237162,0.02177778759418121,0.08606196724760226,0.03195202712951241,0.17032440393473955,0.1723572688171905,0.06323146516593094,0.06092501709303397,0.052183003035600695,0.06122416030387198,0.06467032841929544
recon_face/mica/FaMoS_180508_02474_TA__multiview_expressions__IMG_0807,3.777311267979127,3.777311267979127,2670,I,0.02406779069227186,0.019730270198752668,0.027566951702479744,60,0.00344157089993492,0.67,4.320970984175801,0.9999813121508969,0.0008183480749301015,-0.006058519241495151,-0.00041917453762643114,0.9978461302723877,0.06559668126611587,0.006099150898142664,-0.06559291582823285,0.9978278257051524,0.0018977602516956368,0.01841848237582041,0.08759236215446928,0.03426394620152901,0.1656468204458333,0.16710861255402545,0.060010414010305255,0.06195765592680052,0.04570076842347911,0.06595878906980678,0.06751333697377786
recon_face/mica/FaMoS_180508_02474_TA__multiview_expressions__IMG_0808,2.7183166294443826,2.7183166294443826,2669,I,0.02520035586222038,0.020175426081609653,0.030633951483013587,60,0.00348311332464621,0.6711609380478123,4.325981704052538,0.9998978941783211,0.013684710783670145,-0.004114597006518978,-0.013484625461680666,0.9988845469455095,0.04525291979112029,0.004729280486178161,-0.045192815405003056,0.9989670882175511,0.0011196189139274968,0.016293910347869485,0.08740290797713873,0.03508160005958505,0.1676666369661815,0.1679634621410986,0.0645168105796661,0.06351696993059582,0.04989843997670783,0.06659440851330987,0.0670227937951258
recon_face/mica/FaMoS_180508_02474_TA__multiview_expressions__IMG_0809,1.7997451110840434,1.7997451110840434,2670,I,0.026465814791780822,0.021994221683246155,0.029790775354376034,32,0.0035123515544692283,0.67,4.095189242158085,0.9999930562162985,0.0007052145246974027,-0.003659261081214235,-0.0005907589563721087,0.9995134338798382,0.031185677763856785,0.0036794732016688465,-0.03118329947599837,0.9995069100865434,0.00163526584024224,0.01723543627398693,0.08375893166242498,0.03503772057978973,0.15453653792049593,0.17080396184537372,0.06016463524316289,0.05865843999546955,0.04383659581201233,0.06645044477461363,0.06562025351135709
recon_face/mica/FaMoS_180508_02474_TA__multiview_neutral__IMG_0782,2.3844339977302518,2.3844339977302518,2673,I,0.022404308138659478,0.01820384185388448,0.02765361751906378,60,0.0034356504782224744,0.67,4.363513062009588,0.9999428229071621,0.0037409195588577887,-0.010017806012827873,-0.0033350965549577482,0.9991850855517532,0.04022489206829745,0.010160120443459524,-0.040189181775587605,0.9991404313812865,0.00020076799508567458,0.023025611092230794,0.08738696374869293,0.034107473408819144,0.1741159849077903,0.17370703393535233,0.06140154699782992,0.0654776241900534,0.04853186479676269,0.06511696177750004,0.06365055513809696
recon_face/mica/FaMoS_180508_02474_TA__multiview_neutral__IMG_0783,2.0330432177232223,2.0330432177232223,2670,I,0.020245922610655095,0.015504701976238728,0.0251305757169592,60,0.003408448418078366,0.67,4.172005942091346,0.9999823131191647,0.005656111018337665,-0.0018389825970484858,-0.0055883337391738255,0.9993724110438688,0.034979344910711356,0.0020356755300437717,-0.034968449386713625,0.9993863434991621,0.0017670440125340896,0.023851719125571033,0.08600258910152359,0.029438368587326586,0.16994238509222623,0.16910614671695515,0.059527299887581875,0.059898495324656006,0.04768608638444333,0.06427717801342588,0.061168932941688785
recon_face/mica/FaMoS_180508_02474_TA__multiview_neutral__IMG_0784,3.4007249820127,3.4007249820127,2668,I,0.020702606488211966,0.016276751724423603,0.027433447495539387,60,0.0034554693584036376,0.67,4.4311130698770285,0.9998810465236675,0.008768585585825375,-0.012688763121735138,-0.008027326036379458,0.9983227369916561,0.05733476120291028,0.013170225489379997,-0.05722608419517384,0.9982743713269643,-2.9566234824987656e-05,0.018456864842633175,0.08491532806231028,0.03187707209012014,0.16486486734289482,0.17141634079314996,0.06090536271821917,0.06680151397134158,0.05202307735908511,0.06470917436224771,0.06136090410700146
recon_face/mica/FaMoS_180508_02474_TA__multiview_neutral__IMG_0785,3.171038229959338,3.171038229959338,2670,I,0.025131367008322116,0.02017212066935844,0.030114054524219152,51,0.0034504906905217423,0.67,4.249460085993633,0.9999812650636318,0.005413188445823145,-0.002857781060101928,-0.005247886722613272,0.9984733699180212,0.05498535486379679,0.0031510643732060627,-0.054969327405390754,0.9984830713827423,0.001843389560860823,0.015101233961497637,0.08636638406577729,0.03508172439967231,0.16985882524598256,0.1699900333888729,0.06071654990942722,0.06102850360944876,0.04843254544842782,0.06693638464470192,0.06481380782859386
recon_face/mica/FaMoS_180508_02474_TA__multiview_neutral__IMG_0891,2.0813110952935725,2.0813110952935725,2669,I,0.023352389341485986,0.01905645161238501,0.028842296222503346,60,0.0034224416477469585,0.6712618994497368,4.2849506789352745,0.9999905224050228,0.0037550138564258328,-0.0022033998880863982,-0.003673126234047614,0.9993428713294803,0.03606013958124243,0.0023373582946394794,-0.03605170445191158,0.999347192602408,0.0008239917975379392,0.02227080099152791,0.08794011911786759,0.033929218174706455,0.1695484308327065,0.1701512467060895,0.060127149311464304,0.06310265773856033,0.047381085964896215,0.06470549779512444,0.06498429407585975
recon_face/mica/FaMoS_180508_02474_TA__multiview_neutral__IMG_0892,1.456785747431329,1.456785747431329,2670,I,0.02699141792538298,0.022686855752260968,0.03068580691460049,60,0.0034670215608133205,0.674009340532351,4.469375486019999,0.9999627535429908,0.001362790004039913,-0.00852257766905165,-0.0011585934339401298,0.9997132357613975,0.023918693625123236,0.008552729855137468,-0.02390792853600174,0.9996775789048901,0.0003079104542823806,0.018407640875998,0.08753250310238797,0.03577979049881715,0.17324209034293941,0.17274594996390757,0.059295592035871786,0.061225253298413475,0.0495142790592061,0.06593570223393663,0.06560391215840353
recon_face/mica/FaMoS_180508_02474_TA__multiview_occlusions__IMG_0811,1.5522994833759498,1.5522994833759498,2669,I,0.02063235533133114,0.016245681280874842,0.02600012477085708,59,0.0034078577870334916,0.67,4.264062428846955,0.9999724221348154,0.006880108166421037,0.0027962620492561286,-0.006950621363186921,0.9996366765925173,0.026042343860170472,-0.0026160719591350827,-0.02606106142665923,0.99965692977382,0.0026788763510795493,0.021845192491160154,0.08860379044578925,0.03227412302124154,0.17252936795228738,0.17037803409590668,0.05989284394961602,0.06210318068922247,0.049340815018816445,0.0620297602601824,0.06132869962646596
recon_face/mica/FaMoS_180508_02474_TA__multiview_occlusions__IMG_0812,1.640071165781146,1.640071165781146,2668,I,0.021277880955137107,0.01691283504105559,0.025927985846945615,60,0.0034486177937440533,0.67,4.262199115939438,0.9999226232331329,0.005454915603444229,-0.01117995717028212,-0.0051649124012948236,0.9996536191988343,0.02580630354309998,0.011316855855624953,-0.02574656323533229,0.9996044433950422,0.0012378282241007166,0.026029993260393833,0.08542243381710962,0.03080395012683012,0.15723612267870052,0.16887827865488012,0.059336385002780795,0.06123367449919432,0.04815246597858602,0.0636498977732449,0.06100585803683785
recon_face/mica/FaMoS_180508_02474_TA__multiview_occlusions__IMG_0813,2.079986529966021,2.079986529966021,2670,I,0.022004140894564688,0.01780944301710155,0.027430573456757718,60,0.0034270748562879446,0.67,4.346485984977335,0.9999413618688491,0.010697796112732194,-0.0016822550942976334,-0.010633096522099176,0.9993428760115091,0.03465188917500906,0.0020518484894356624,-0.03463196967219449,0.9993980271115209,0.0024048360654733984,0.021851459876969695,0.0870710457028673,0.032394265097383336,0.17072044394142852,0.16950427695303316,0.05990994786214617,0.06395790545235806,0.04914524302617353,0.0654113820222868,0.06339308927395154
recon_face/mica/FaMoS_180508_02474_TA__multiview_occlusions__IMG_0814,0.43683548276402584,0.43683548276402584,2671,I,0.023391195283585076,0.019057015577196003,0.027982637021877605,60,0.0034326024071420053,0.67,4.297109110048041,0.9999907235665682,0.003689124098727737,-0.0022233182849803698,-0.003675064441274194,0.9999734332206337,0.006294978498019809,0.002246482175452042,-0.006286749265100019,0.9999777148024416,0.002544183172080551,0.024109966867186805,0.08730268969372701,0.03326268510695067,0.17239656585048235,0.16996141892741876,0.05807248892352286,0.06149589440623058,0.04613375632536041,0.0641004448059914,0.06234523864316702
recon_face/mica/FaMoS_180508_02474_TA__multiview_occlusions__IMG_0815,1.7993625095760932,1.7993625095760932,2673,I,0.023532008111417466,0.01924841092683596,0.02849269604901499,60,0.0034080617333023177,0.67,4.240735868923366,0.9999664542041312,0.008189095183667467,0.00017084054170639595,-0.008190510599451573,0.9995069108794932,0.030312549220642727,7.747604873350963e-05,-0.030312931633321938,0.9995404544955927,0.002877484159848177,0.018040547748184775,0.08639354050097789,0.03365092859692962,0.16495373062703572,0.16644466906877076,0.05703663517549822,0.06427860513853058,0.04640911480727739,0.06581329993975762,0.06442704134004379
recon_face/mica/FaMoS_180508_02474_TA__multiview_occlusions__IMG_0816,0.4340495681273487,0.4340495681273487,2668,I,0.02331121458905022,0.019060247310841858,0.028641908217190846,60,0.003461314277830713,0.6785310236079118,4.4610074639786035,0.9999715252650776,0.006187290954838614,-0.004320427024564302,-0.006184424113038293,0.9999806473680981,0.0006766000806364944,0.0043245297344894,-0.0006498614615591239,0.9999904380156124,0.0014973824696947078,0.017883559324184964,0.08795116212740789,0.03353161834220393,0.17371511137696857,0.17330755549978935,0.06024914635127517,0.06494818997952408,0.04623792160528233,0.06393382207676492,0.06394627206285763
recon_face/mica/FaMoS_180508_02474_TA__selfie__IMG_0874,3.346707124252648,3.346707124252648,2672,I,0.024030005676181788,0.019661261080752526,0.028702876794313693,60,0.0034728163296695305,0.67,4.371856985846534,0.9999222747085329,0.010512039841611373,-0.006703846663070418,-0.010112579558059996,0.998319067148952,0.05706816889937604,0.007292480812144129,-0.056995940076589514,0.9983477763476963,0.001405505501958773,0.02199483953854134,0.08649978458991783,0.035023591817456616,0.15296960985663172,0.17132997347337187,0.06039621899052397,0.06311297197305993,0.04717588342843003,0.06310457955065948,0.06663710481884545
recon_face/mica/FaMoS_180508_02474_TA__selfie__IMG_0905,2.583595172382725,2.583595172382725,2671,I,0.025063006990256213,0.020797534323896645,0.02928684698904527,60,0.003445471510080778,0.67,4.343604414025322,0.9999318439803871,0.006456890281683087,-0.009727073654096606,-0.006027240278359181,0.9990321815189661,0.043570318613496174,0.00999898837927312,-0.04350872162388775,0.9990030086911881,0.0010220484194834064,0.017761066082633822,0.0870802920752343,0.036552374570615484,0.16972824347821672,0.16028974395410453,0.06037120030616952,0.06488501911463468,0.04802687444183357,0.06662363373295185,0.06736183862382353
recon_face/mica/FaMoS_180508_03229_TA__multiview_expressions__IMG_0967,2.0291659434759297,2.0291659434759297,2670,I,0.017189146416418517,0.01178995895934522,0.02328232759526711,46,0.0033564103605944065,0.67,3.9358170800842345,0.9998032423298221,0.0006799700398284599,-0.01982458744892488,-0.0012612240607007912,0.9995692187295393,-0.029322112514058495,0.01979610922994324,0.029341346410199573,0.9993734034134552,-0.001475050539681106,0.020240470533935906,0.08514061957140778,0.026946928212712717,0.16705390639036422,0.16532799495592418,0.057209895371053,0.06378550984529334,0.05046621446414158,0.06237327619699263,0.06000940031819426
recon_face/mica/FaMoS_180508_03229_TA__multiview_expressions__IMG_0968,1.0858890158662202,1.0858890158662202,2670,I,0.017931510703231596,0.012901183357807287,0.023847219177607872,45,0.00334778543055299,0.67,3.824763265205547,0.9998956735500503,-0.0020610327599046665,-0.014296648553197415,0.0018854712836580407,0.999922789219115,-0.01228253224313196,0.014320859399126274,0.012254294929847047,0.9998223568423753,0.00041124436004021813,0.019229501663108703,0.08374250294674127,0.02732411668444176,0.16442974293111245,0.1640319239487254,0.05424643961127688,0.05835227552609903,0.04904264238756706,0.06306616170224465,0.06124736089036213
recon_face/mica/FaMoS_180508_03229_TA__multiview_expressions__IMG_0969,1.4756632506872418,1.4756632506872418,2670,I,0.01594920526545653,0.010830287236901926,0.02211734756867696,60,0.0033451888529924113,0.67,3.941802434856072,0.9998451256785688,0.008155374450428245,-0.015595336622856231,-0.007860698795933995,0.9997911583018468,0.018863965539916882,0.015745922368870645,-0.01873845375224086,0.9997004232667548,-0.0002706768176034377,0.0195655439988643,0.08427343623435604,0.025802852846852412,0.1644177576210106,0.16130371997064916,0.05338987512603782,0.05426149895036675,0.04887125683750446,0.062095021552622025,0.06157123632893727
recon_face/mica/FaMoS_180508_03229_TA__multiview_expressions__IMG_0970,1.1739774158779939,1.1739774158779939,2673,I,0.017157582773700737,0.012093076036465289,0.02095933106914911,36,0.003351835617698573,0.67,3.8435729120392352,0.9999621233132292,0.004888753440267157,-0.007200835277812421,-0.00502147568801075,0.9998156907989995,-0.01853022433848534,0.007108918399632142,0.018565681294263184,0.9998023698497953,0.000931918526011742,0.021650615462628295,0.08380140150029036,0.026534164936013932,0.16820919670904477,0.16602634759439303,0.05551793916068523,0.055049730764486084,0.048270016034606185,0.062447836293297095,0.06164669898456366
recon_face/mica/FaMoS_180508_03229_TA__multiview_expressions__IMG_0993,1.6728020256602312,1.6728020256602312,2672,I,0.018897725289432652,0.013883455433569138,0.02351873096726797,55,0.0033217628052386624,0.67,3.9552629669196904,0.9998714779078174,-0.004779922579675317,-0.015302941108422782,0.0044051438426521905,0.9996918040591474,-0.024431365182716717,0.01541500483817925,0.024360813555750437,0.9995843778234739,0.00039260395020682376,0.02727055280181162,0.08067957022130576,0.027543757494242427,0.15959544604475223,0.15961259409343656,0.051656076758947934,0.05794533315759525,0.047182626886992755,0.06464155380186333,0.0644100069015867
recon_face/mica/FaMoS_180508_03229_TA__multiview_expressions__IMG_0996,1.500784572804428,1.500784572804428,2670,I,0.018266379091351738,0.01323858018859063,0.02289100052783325,52,0.0033576641402190206,0.67,3.917740676784888,0.9999036602305617,0.012064405640554296,-0.006864428167389415,-0.01190896007229203,0.9996814535935296,0.022252370910160517,0.007130703157588467,-0.022168478920913046,0.9997288190378486,0.001167040774379684,0.02893780783274455,0.082213580963444,0.02766044846812427,0.16177801348649973,0.16257314019306554,0.056102521891946824,0.05661107148510614,0.045986964499734564,0.06209533904545349,0.06386456376660879
recon_face/mica/FaMoS_180508_03229_TA__multiview_neutral__IMG_0952,1.3821223270586025,1.3821223270586025,2672,I,0.019995754016286584,0.015210305400360419,0.022031861449081057,60,0.003341341542841636,0.67,4.030184647068381,0.9998332894341022,0.01195035737622462,-0.013805154760603466,-0.011731269563263952,0.9998056624831803,0.01584343968347751,0.013991806667394191,-0.01567884642282288,0.999779177179157,-0.0004522210234449887,0.02827250626044457,0.07592322963493264,0.02935462133313759,0.1644611179688497,0.1646298896101948,0.05559941842201753,0.059879456955798355,0.047063107016438455,0.06627480038965448,0.06356882215787862
recon_face/mica/FaMoS_180508_03229_TA__multiview_neutral__IMG_0957,1.1778789501080313,1.1778789501080313,2670,I,0.017614060809350896,0.012641202208598745,0.024511094710117462,55,0.003351386328233355,0.67,3.9273579781875014,0.9998651532114301,0.0006543649704616424,-0.01640875376038267,-0.0008572281690129177,0.9999232556617003,-0.012359124029381278,0.016399407103602562,0.01237152348713811,0.9997889801619432,-0.00035112849096063773,0.019882989795292474,0.08333747478004791,0.027195923151655404,0.15866110457609114,0.1602188449249356,0.05759522816614914,0.058889935805509656,0.05470044336091619,0.0631429727176189,0.060310009220293885
recon_face/mica/FaMoS_180508_03229_TA__multiview_neutral__IMG_0958,1.823149710626808,1.823149710626808,2669,I,0.017118556673245144,0.011962304481360079,0.022491709644538505,60,0.0033471211549784847,0.67,3.9625397818163037,0.999942245460106,0.005534745687157115,-0.00921261821519397,-0.0058081411251169135,0.9995354554544613,-0.029918870067447697,0.009042745206581555,0.02997065030359835,0.9995098743281668,0.0008617600180657904,0.02077715543046907,0.0833470882817777,0.02689847597390128,0.1641159585442909,0.1638074804617786,0.05437755952078958,0.055449316009251466,0.04782467548893606,0.060942887494402236,0.06152106042249708
recon_face/mica/FaMoS_180508_03229_TA__multiview_neutral__IMG_0987,1.263876194287237,1.263876194287237,2672,I,0.02061395463739795,0.01589713545197518,0.02379656748136439,33,0.003310585762038795,0.67,3.6941784529481083,0.9999078948011972,0.0034159877519912177,-0.013135179554014697,-0.0036438692350530292,0.9998425887593576,-0.017364328952911026,0.013073795594080345,0.017410592484614514,0.9997629454716246,0.0008809882884735945,0.028432639298216267,0.0793407225819541,0.029657464043485418,0.15945642248827951,0.15716868186706864,0.052907286810123,0.06529839115812013,0.044203723430932915,0.06879182359840104,0.06647847964008438
recon_face/mica/FaMoS_180508_03229_TA__multiview_neutral__IMG_0988,1.2083976208167064,1.2083976208167064,2671,I,0.020882839274884653,0.016233776552299656,0.022701747884761796,60,0.0033588288601975654,0.67,3.9812762399669737,0.9999447563843635,0.0023593042275965093,-0.01024294210555161,-0.0025461869961076506,0.999829838587506,-0.018270489918515015,0.01019809350794983,0.018295561036583526,0.9997806116019451,0.0009694481537459596,0.0283794185685039,0.07766201393800531,0.029563686431118598,0.16278380417937283,0.16129221605967278,0.052351623438343625,0.05983557407463371,0.04369503170016366,0.0672408217096339,0.06427344100365497
recon_face/mica/FaMoS_180508_03229_TA__multiview_neutral__IMG_0990,0.6422292342952601,0.6422292342952601,2671,I,0.02151233988566533,0.01710506283360806,0.022786587623416146,60,0.0033629053419871194,0.67,3.9321146400179714,0.9999373481648598,0.004524433654661232,-0.010238615391399168,-0.004518488892244306,0.9999896093606099,0.0006036795058029424,0.010241240313511465,-0.0005573786142561062,0.9999474017796746,0.0006538760103757719,0.029339860160239165,0.07746054738217878,0.030044780510876407,0.1588377652247118,0.15907742184899945,0.0530500221072061,0.05955452972057223,0.04498435648246197,0.06619462632858115,0.06313303151500525
recon_face/mica/FaMoS_180508_03229_TA__multiview_occlusions__IMG_0947,1.2140701400322764,1.2140701400322764,2670,I,0.01596093019250626,0.010454477401207972,0.022909476885858225,60,0.0033593087563229865,0.6723638877348516,3.959787643980235,0.9998356720114564,-0.0025830137225561836,-0.01794316063317497,0.0023860313241350004,0.999936751709416,-0.010990879643694846,0.017970415351879883,0.010946260591226204,0.9997785972659896,-0.0005859814846861735,0.02204223056829399,0.08508890173318379,0.02618208012752798,0.1651167474166497,0.16353671247863613,0.057138167409241276,0.05413695507973912,0.048721378920413574,0.0606953170364036,0.05989808061772565
recon_face/mica/FaMoS_180508_03229_TA__multiview_occlusions__IMG_0948,2.8165326473390113,2.8165326473390113,2670,I,0.017535002712307384,0.012215974837041958,0.02445281554750005,35,0.0033878118883980215,0.67,3.780646037077531,0.999843711048267,-0.0029265243829973454,-0.017435278382192478,0.0021239898499795327,0.9989450987654347,-0.04587132349990036,0.017551129432204934,0.045827121964520615,0.9987951905911957,-0.0005989021049483611,0.02432046186310166,0.08160932299709311,0.027055444743811958,0.1606112130615046,0.1603614972567153,0.05366914027441478,0.062444805169579495,0.04721629437768272,0.06270734662442368,0.06115661054982074
recon_face/mica/FaMoS_180508_03229_TA__multiview_occlusions__IMG_0949,1.9932060184879412,1.9932060184879412,2670,I,0.019575664650016568,0.014920236179695389,0.02260685211082564,60,0.003334186360898756,0.67,3.993734725052491,0.9998682733919879,-0.00014795268597240797,-0.016230033090742155,-0.0003514299069613765,0.9995266797138685,-0.030761876360026905,0.016226902389068747,0.03076352792141698,0.9993949634597344,0.0001702133574126327,0.024683184622998275,0.07891807456627542,0.02861271400076877,0.16216943876706563,0.16082844531344842,0.05257780642986376,0.05912872892358734,0.04646731515581848,0.06510459252542132,0.06448311623467107
recon_face/mica/FaMoS_180508_03229_TA__multiview_occlusions__IMG_0950,1.9929373461821662,1.9929373461821662,2669,I,0.01893217865599113,0.014009874803944736,0.025951303458202513,56,0.003384247586328859,0.67,4.009155960055068,0.9998913405434389,-0.0039001145660201263,-0.014216054748601825,0.0034503743241719614,0.9994970250698902,-0.03152446341274476,0.014331853448400208,0.031471987271386365,0.9994018771214727,0.0012018603539933512,0.021192985451034832,0.08074943526244371,0.027944880314119448,0.16293662912917878,0.16101643525015868,0.05470632936641784,0.062089887263895055,0.052232189683244196,0.06206408421805137,0.05921614283909099
recon_face/mica/FaMoS_180508_03229_TA__multiview_occlusions__IMG_0951,1.0518015972540917,1.0518015972540917,2672,I,0.020818572424793434,0.016622023573791278,0.024280879383690963,40,0.003334573701519284,0.67,3.779683744069189,0.9999231999145325,0.008942817964604957,-0.008580226076985666,-0.009058190545348743,0.9998677997814137,-0.013503042039439443,0.008458336522295612,0.01357972632738434,0.9998720155980708,0.0012002203185030617,0.026345464744704228,0.0775024232724903,0.0288167933092618,0.16087922755618472,0.16020058930262446,0.05360917560376175,0.05706860443094347,0.046229177375213884,0.06684560810157374,0.06382803079978007
recon_face/mica/FaMoS_180508_03229_TA__selfie__IMG_0977,1.671046283449498,1.671046283449498,2672,I,0.01968078790673522,0.014867816109690696,0.02461860055628035,60,0.0033574337038139277,0.67,4.057679123943672,0.9998676908845401,-0.0010936124184063702,-0.016229748522286553,0.0007004493521964616,0.9997066306606391,-0.024210782388387787,0.01625146442396385,0.02419621096434661,0.9995751263807268,6.297747239673759e-05,0.02630528405671645,0.0769772224202602,0.02903635592619948,0.16032498132495687,0.16175636622105632,0.05534042251109796,0.058104559826296635,0.04819659627424245,0.06431412219711169,0.0650738596970127
recon_face/mica/FaMoS_180508_03229_TA__selfie__IMG_0997,1.8284681280044917,1.8284681280044917,2670,I,0.0184237534373306,0.013296167402604628,0.02416100103480076,60,0.003401830602211045,0.67,3.962282228982076,0.9998558716377676,-0.0073332712576854205,-0.015312056822679089,0.00691688447228893,0.9996095686918117,-0.027071514345664374,0.015504601274355842,0.026961700844563015,0.9995162199918974,0.00042155326045100426,0.026155232060451686,0.07990634733683255,0.0277625398034916,0.16190337427945303,0.16235133459585374,0.05072268257469575,0.057141992733845196,0.04359804673787255,0.06493677762028585,0.06309282676262111
recon_face/mica/FaMoS_180509_03346_TA__multiview_expressions__IMG_1015,3.5554619986552742,3.5554619986552742,2668,I,0.017988215260192366,0.012560156742407892,0.024214541894161286,52,0.0036079579494061585,0.6992504484042175,4.2119553769007325,0.9999208183527847,0.010099048187059614,-0.007507746027529882,-0.009624477551741678,0.9981057437694305,0.06076424677660739,0.008107185489087043,-0.0606871772303496,0.9981239101751133,0.0003582610578196202,0.017885502355113513,0.08285896145553631,0.02853306809787631,0.17430843346411365,0.17685165227047378,0.06256629427953782,0.06046341302766007,0.05403542202568359,0.060882569770800046,0.060299187679524274
recon_face/mica/FaMoS_180509_03346_TA__multiview_expressions__IMG_1016,3.5199107443765336,3.5199107443765336,2668,I,0.017930656113332413,0.012716412858332833,0.026201267058291712,60,0.0035268933468518577,0.6910420014580405,4.390139511087909,0.9998821386669678,0.007259482581658009,-0.013528070350773835,-0.006442397861490009,0.9982078947808644,0.059493649299291,0.013935719736100863,-0.05939948408697983,0.9981370131428036,-0.0004647897590749979,0.016659332744597292,0.08554294611812854,0.03118685201009218,0.17718958857001285,0.17583991080670025,0.06293086632054681,0.06406452790125157,0.05286708927531368,0.062407306221637655,0.05960657708512228
recon_face/mica/FaMoS_180509_03346_TA__multiview_expressions__IMG_1018,3.074641456463899,3.074641456463899,2667,I,0.01796257202127227,0.012443873188519994,0.024565756869653194,60,0.003585614395892308,0.6948574967287386,4.408669620985165,0.9999448599147577,0.002962062300778564,-0.010074885457516053,-0.0024280126102644937,0.9986120131279106,0.052613230193417126,0.010216745314441325,-0.052585867146481564,0.9985641415010016,0.0008130720522528663,0.018010735162854785,0.08265056002184207,0.02985435803617906,0.17562993316169592,0.1758793903957376,0.0644739893768101,0.058675436676607025,0.05213752975152511,0.061078707210543405,0.06030220024700273
recon_face/mica/FaMoS_180509_03346_TA__multiview_expressions__IMG_1020,3.3543901815104102,3.3543901815104102,2668,I,0.01865481118049468,0.013681245840628626,0.025547929041082787,54,0.003550022132427393,0.6935439852633936,4.2670796199236065,0.99983641745716,0.0024631333092775187,-0.01791846256611623,-0.0014621019245746865,0.9984483769279041,0.0556659758559536,0.0180277725855064,-0.055630671255470075,0.9982886495554636,-0.0007128098160788035,0.014384034714877987,0.08544326129107521,0.030620409910646004,0.17324327642554976,0.17296659059709968,0.060611290732540415,0.05738271570952846,0.051804035267689126,0.06209968011216396,0.06208323741729763
recon_face/mica/FaMoS_180509_03346_TA__multiview_expressions__IMG_1062,3.9936514076942813,3.9936514076942813,2668,I,0.01790165782078737,0.012292610327623982,0.026696938479271782,60,0.0036013368266499257,0.7014932275325326,4.399305184138939,0.9999861820626552,0.004862922335903901,-0.0019969151482468737,-0.004712499460294162,0.9975741163386239,0.06945268000624603,0.0023298138533063796,-0.06944230985190705,0.9975832484408708,0.0025639874166536085,0.01859951488138458,0.08081826957479243,0.031485641226434415,0.1751818538164539,0.1747078447520753,0.06073135626136665,0.061327068122743404,0.053956516477005986,0.06232139457651442,0.06017134405256182
recon_face/mica/FaMoS_180509_03346_TA__multiview_expressions__IMG_1063,3.001964719582372,3.001964719582372,2668,I,0.017592016302990433,0.012617407965911959,0.024705257188084327,41,0.003535417985246643,0.687975323638186,4.047229122137651,0.9998011203874998,0.007524708054898156,-0.018468850548666475,-0.006621402201552679,0.9988015879076958,0.048492731681679016,0.018811610903527138,-0.048360797778310025,0.9986527707534083,-0.0014368815911852237,0.02021861177683143,0.08307701637433776,0.028738479992966436,0.1692452089212655,0.17203157342965872,0.06004258483725106,0.05765039542710103,0.04903779480131783,0.062349680320576306,0.05981999648532135
recon_face/mica/FaMoS_180509_03346_TA__multiview_neutral__IMG_1012,4.209189095815332,4.209189095815332,2670,I,0.018713876552396844,0.013945684408306111,0.026044332945262167,60,0.0035472091471182186,0.6937301930391969,4.1778815891593695,0.9987273176298974,0.005467732136972036,-0.05013829798734015,-0.0027837639866684165,0.9985668784357099,0.0534456728765534,0.05035867033446694,-0.05323808032263516,0.997311240849969,-0.007122233611297136,0.022039432818903637,0.08117113641593449,0.02994015844885904,0.17063304898667714,0.1716845860703854,0.05963557582395113,0.06317104546571549,0.05091832650694684,0.0622518857121353,0.061615954065782484
recon_face/mica/FaMoS_180509_03346_TA__multiview_neutral__IMG_1013,2.180395764231767,2.180395764231767,2670,I,0.016226340344688645,0.010993742459273974,0.024299143369184432,60,0.0034979344246732127,0.6815666933822232,4.131059935083613,0.9999440965062217,0.00733762657805162,-0.007613350021923701,-0.0070544670105633376,0.9993059952038188,0.036575434992651396,0.007876443204399357,-0.03651968217147938,0.9993018935519646,0.0007475836116989388,0.01964905602773341,0.0851527984485955,0.02696662725829336,0.17077626077244237,0.17044933936475673,0.06078015946374383,0.060548342289886405,0.04954826586540257,0.06027645951530829,0.0593425880750607
recon_face/mica/FaMoS_180509_03346_TA__multiview_neutral__IMG_1049,2.8329503074683746,2.8329503074683746,2670,I,0.01640732387736178,0.010972657048864791,0.024572276240675678,60,0.003515244921542775,0.6860380301780586,4.325315782101825,0.9997827917106317,0.011335051030710166,-0.017489597406067134,-0.010539736074006583,0.9989352375237062,0.04491442081278252,0.017980082390951342,-0.04472032928756924,0.9988377289558227,-0.0014015162959589186,0.01564989470249581,0.08307779520685118,0.027678084356443162,0.16589979655834466,0.17567712066789196,0.0602211194436098,0.06197946113960415,0.05274488141332596,0.061387414110715854,0.05917044532689837
recon_face/mica/FaMoS_180509_03346_TA__multiview_neutral__IMG_1051,3.2658856574107484,3.2658856574107484,2668,I,0.017949447493547932,0.012387607746446032,0.02466840835606472,60,0.0036163562559349454,0.7053339519508638,4.30620930204168,0.9995322480623542,0.006049248422449577,-0.029978186685309858,-0.004600842764367146,0.9988294760697926,0.0481509084026534,0.03023437330710475,-0.04799046079864868,0.9983901032878179,-0.0031802440739030088,0.017992719817023196,0.08175080513438734,0.030847053177651244,0.17519214183967444,0.17416054919746216,0.060388239286937345,0.05763941483595867,0.05190045297507106,0.05951230104636456,0.059510787908874395
recon_face/mica/FaMoS_180509_03346_TA__multiview_neutral__IMG_1052,2.8165802164547653,2.8165802164547653,2669,I,0.01681834647413745,0.011788729678213162,0.023735825142033748,59,0.0035715645874628047,0.6968920364598533,4.243669432820752,0.9999858107132373,0.004463354297200355,-0.0029080647530012114,-0.004315967555615092,0.998796508308158,0.048855986485693226,0.0031226264984565194,-0.04884274214096732,0.9988015997904198,0.001858743617187716,0.018843082625915816,0.0815330933662789,0.028334643463190604,0.1719778923288554,0.1741055937938261,0.06141337647721514,0.05747736625676525,0.05000149005572008,0.06213040892085591,0.059574517290212674
recon_face/mica/FaMoS_180509_03346_TA__multiview_occlusions__IMG_1032,2.1689609989978154,2.1689609989978154,2671,I,0.01596885532392711,0.010662444557462071,0.025243324930821386,43,0.003517445125349298,0.6784784882408046,4.126359236892313,0.9999215282332699,0.004824997369963826,-0.01156100237959053,-0.004409016773296763,0.9993513752846913,0.035740583202957844,0.011725951847668625,-0.035686805922842485,0.9992942279110247,-0.0004376540353785215,0.016051681883519082,0.08536462594274313,0.027497934276072108,0.1721788625030748,0.17236575820901354,0.05900553543367174,0.05500404775517431,0.05402012003846107,0.06184571058190545,0.058974743088265676
recon_face/mica/FaMoS_180509_03346_TA__multiview_occlusions__IMG_1033,3.4553823003337762,3.4553823003337762,2670,I,0.02061786753287383,0.016153273280188764,0.02637322906542114,60,0.003563263387404419,0.6932322876140881,4.31626359000802,0.9998513165626935,0.0002202179852745752,-0.017242281516314257,0.0007760347422233024,0.9983306806319322,0.057751622306759405,0.01722621658774012,-0.057756416206536605,0.9981820744979594,-0.0005404624971818931,0.019987224552330485,0.08494784119276078,0.03358130491443442,0.1705935652163871,0.17049662694309953,0.05972824932349834,0.061471177534633284,0.04597812565557747,0.06169918901729472,0.06134856567210201
recon_face/mica/FaMoS_180509_03346_TA__multiview_occlusions__IMG_1034,3.713167515458457,3.713167515458457,2670,I,0.019452554125126635,0.014607362601533313,0.025868393319046695,48,0.0035552743329215607,0.6897869770674985,4.266839891206473,0.9999622633782751,0.0056634237436448765,-0.006587674164373465,-0.005228963776854455,0.9979236518561215,0.06419535032977823,0.006937561330639035,-0.0641584811045473,0.99791560742637,0.0007629317090465815,0.021318099407133223,0.0801008501237099,0.030497741656289254,0.17145728883020642,0.17336006006353674,0.06288532763069707,0.060090406512429126,0.05082287511785356,0.06092205318718962,0.06158518652338165
recon_face/mica/FaMoS_180509_03346_TA__multiview_occlusions__IMG_1035,3.8907992759458656,3.8907992759458656,2670,I,0.018121342759976327,0.012927577949306133,0.02545718784634092,54,0.003457383950061991,0.6711908238147605,4.13296932191588,0.9999904608336451,0.004238064820070781,-0.0010569050545798271,-0.004156769105786191,0.9976959079148622,0.06771703331170809,0.0013414590246067202,-0.06771199403738357,0.997704007384538,0.0016555342726853088,0.016189575934410172,0.08307102185372528,0.02984968411457711,0.1704007896333645,0.1700753386040767,0.06021318904681472,0.06079231256917856,0.04849702401310472,0.06117817042756439,0.05972130657682041
recon_face/mica/FaMoS_180509_03346_TA__multiview_occlusions__IMG_1037,2.0037445954102986,2.0037445954102986,2671,I,0.015404633826658925,0.009997087908774278,0.02570612740037822,46,0.0035005531276875237,0.6832506106554093,4.062403465854004,0.9999641537093432,0.006860782263951954,-0.004961951539857744,-0.00668849862991588,0.9994014354061149,0.03394163953428896,0.005191847689875715,-0.033907234846336634,0.9994114989045506,0.0008866203889848885,0.017878547562874138,0.08362735775356817,0.026540819458261786,0.17030077398250895,0.1718599874853226,0.05812305661639368,0.064057605884572,0.0525035044792311,0.060780815952145205,0.05957343691554144
recon_face/mica/FaMoS_180509_03346_TA__selfie__IMG_1031,2.399254603802045,2.399254603802045,2668,I,0.01973700670654546,0.014537417456071332,0.026379102414572482,60,0.00357234518745279,0.6893345840326337,4.34585139201954,0.9999132783914417,0.006353743092772199,-0.01153540832355646,-0.005890309213775568,0.9991913485896037,0.039773774790127094,0.011778792546192365,-0.039702378422465885,0.999142122620077,0.0005307856529379294,0.013237236339531444,0.08485639037251833,0.030585595006032276,0.1745948378134609,0.17473521214129306,0.06201602353526879,0.055773174046207165,0.04804608657971868,0.06157996358882237,0.05932940342650569
recon_face/mica/FaMoS_180509_03346_TA__selfie__IMG_1065,3.1627385329037083,3.1627385329037083,2670,I,0.020011582157133976,0.01487223169729863,0.027568721112728997,60,0.0035938738105043256,0.7032637368676741,4.358716630144045,0.9999157943282974,0.00227945690810916,-0.012775301523438556,-0.0015910670399169836,0.9985591873605498,0.05363783966112371,0.012879159851682403,-0.053612996689627365,0.9984787297821985,0.0005351677078609822,0.019086005852247324,0.08197014925428958,0.030466572675968612,0.1758681415190884,0.17518684329364692,0.06354949596962924,0.06015416773698841,0.05445827698167465,0.06048677976861521,0.05861316602184729
recon_face/mica/FaMoS_180509_03347_TA__multiview_expressions__IMG_1080,3.2480809756280924,3.2480809756280924,2671,I,0.019585234734232702,0.014904447923746787,0.024961853339077373,60,0.0034121711432544845,0.67,4.123900588136166,0.9998010461180734,-0.0011366820599697986,-0.01991421941982012,0.002191334431581375,0.9985911371328258,0.053018288289773584,0.01982589807840151,-0.05305137881019812,0.9983949544001721,-0.0009849559134289011,0.026032264805890798,0.0850971012174718,0.030081712962349582,0.16906475128354412,0.1676720138042381,0.058490528974485666,0.06184007645767888,0.04557973919019814,0.06463845340183871,0.06209042989293823
recon_face/mica/FaMoS_180509_03347_TA__multiview_expressions__IMG_1082,2.948126024008108,2.948126024008108,2670,I,0.01760877956806076,0.012599837568888798,0.02480966800382531,60,0.003500895950240852,0.6794638272988819,4.19059617491439,0.9998746411304014,0.012925151486257629,-0.009145626463345116,-0.012462091040894125,0.9987212504643849,0.04899551160812892,0.00976720590743396,-0.04887539595656611,0.998757126311923,0.0001060106147546699,0.019475127472527838,0.08412188028537612,0.02938944448193622,0.17399620361636325,0.17107967716486341,0.0590199688305881,0.05862765244058425,0.04875133996060251,0.0618541119541135,0.060698917669329014
recon_face/mica/FaMoS_180509_03347_TA__multiview_expressions__IMG_1084,3.542768242730502,3.542768242730502,2671,I,0.020236985116843804,0.015475059465281368,0.02582929896207572,53,0.003549309235852615,0.6942839614264592,4.1291730790399015,0.9998774092390229,0.010340335857546703,-0.011757718648359878,-0.009618936661068044,0.9981616974402474,0.05983896573900837,0.012354859407181324,-0.05971853328370559,0.9981387950738471,8.119542735376048e-05,0.017595876055555723,0.080220665763299,0.029974450160447495,0.16866501589542646,0.16959181527780048,0.05776019354139043,0.055871302313350316,0.046521621961605274,0.06394138140886306,0.061386871678779494
recon_face/mica/FaMoS_180509_03347_TA__multiview_expressions__IMG_1149,2.4001896892348586,2.4001896892348586,2670,I,0.019906553203786228,0.01538574435521441,0.0249634856336543,54,0.003429326583023973,0.67,4.090569553896785,0.9999334939333068,0.0037299607766155076,-0.010913070279890413,-0.0032875580663771498,0.9991830391245311,0.0402796013861339,0.011054396061708485,-0.040241045196050124,0.9991288498533314,4.3444850969585826e-05,0.019905617083375363,0.08708260378727561,0.031518876679635724,0.16546650395090035,0.16700999014473922,0.05640218665634117,0.059681766408762736,0.041222517665404426,0.06257871703129915,0.06351778101819566
recon_face/mica/FaMoS_180509_03347_TA__multiview_expressions__IMG_1151,3.5687455078530963,3.5687455078530963,2670,I,0.01748559356700732,0.012672693975665608,0.024116960092195616,60,0.003476617873725145,0.6868732924956641,4.177520612021908,0.9998054922784355,0.008949178903240991,-0.017575261216629088,-0.00789578757470771,0.9982198359630938,0.05911696565613413,0.01807302267054551,-0.058966696420702056,0.9980963353127688,-0.0009215416719993656,0.021186072261568253,0.08228733690810433,0.029747098195636694,0.17079570699882016,0.1727387409690998,0.054110914693851715,0.06078408759429696,0.04532160689320678,0.06187047490588846,0.062177595244175016
recon_face/mica/FaMoS_180509_03347_TA__multiview_neutral__IMG_1067,2.799297899430974,2.799297899430974,2669,I,0.01701734174459868,0.011949466939039113,0.022948137222594416,52,0.0034362906486243537,0.6820613147817153,3.965663373004645,0.9998406716637651,0.01730389179801242,-0.0043825352930240485,-0.017086752067931258,0.9988181363994647,0.04550135496080603,0.005164706256987897,-0.04541922201164271,0.9989546636765534,0.0004937312210863681,0.020631729702050516,0.08430432080430228,0.02813649711868916,0.16764767995421592,0.16787764853777065,0.053835085085781664,0.06062558894430223,0.04341815658185245,0.06360063912439382,0.061822236924716556
recon_face/mica/FaMoS_180509_03347_TA__multiview_neutral__IMG_1068,2.781538876928233,2.781538876928233,2670,I,0.01764662731868724,0.01284698782211972,0.02441590936045784,60,0.003470682879507806,0.6763677548764212,4.2227903991006315,0.9997964740936084,0.015512805698206381,-0.012898187832372196,-0.01492832846401976,0.9989094500501126,0.044238621247187186,0.013570386850042124,-0.04403706915714802,0.9989377263577487,-0.0005947042939436327,0.025485903778936017,0.0840442103098871,0.02976636778671311,0.16950556114743692,0.16978909733875888,0.05694091036002904,0.06475665090512522,0.048119543110562574,0.06389507499848474,0.059154886889002334
recon_face/mica/FaMoS_180509_03347_TA__multiview_neutral__IMG_1071,2.159752230785043,2.159752230785043,2671,I,0.022121701438406083,0.018061278287636668,0.025489650344419693,60,0.0034354782694239654,0.6758615800798462,4.206051905173808,0.9997257261462965,-0.0034543323322926596,-0.023163334591507687,0.0041368741165912805,0.9995567036106328,0.029483597806047385,0.023051220223743833,-0.029571335025381673,0.9992968414795539,-0.0024574710441619815,0.0235758028948585,0.08503687251875514,0.03278146444537647,0.1694808204207233,0.17105567750508924,0.054942201523980584,0.06283671128293007,0.043437356878872874,0.06438969418779822,0.06615071274181467
recon_face/mica/FaMoS_180509_03347_TA__multiview_neutral__IMG_1072,2.6311177104396775,2.6311177104396775,2669,I,0.020571379661911575,0.016274395376167934,0.024971703123190022,60,0.0034514008567815514,0.6740921761325319,4.15027974685654,0.9999029185098113,0.0048524247950362046,-0.013061681712987876,-0.004276424108342538,0.999032444538711,0.04377084595771201,0.013261438549737777,-0.043710739328186386,0.9989562080066248,-0.0002057719519833024,0.020487487389351078,0.08311496941350588,0.03137030055848425,0.16734752582243556,0.1689053219337532,0.055720698368230286,0.06169374975848553,0.043291888340936426,0.06413963533747366,0.06467049211811919
recon_face/mica/FaMoS_180509_03347_TA__multiview_neutral__IMG_1138,4.058049499944351,4.058049499944351,2669,I,0.021044494060312734,0.016218005086697344,0.026384232366061005,60,0.003571437813044701,0.6889955121534774,4.2807667560409755,0.999793579135791,0.008997884374028872,-0.01821639908536833,-0.007742139640586681,0.997664212515286,0.06786883187473153,0.018784525350177408,-0.06771378842633533,0.997527936683641,-0.0010249276684633935,0.018472571942834623,0.08240355638705166,0.03231892941198498,0.17282509904919216,0.172320415669022,0.06027417749051249,0.062339734048345134,0.046062450226316776,0.0631240979452822,0.0623719243714806
recon_face/mica/FaMoS_180509_03347_TA__multiview_neutral__IMG_1139,3.837952542435483,3.837952542435483,2669,I,0.018190585213971926,0.013476931863832855,0.02491403384602727,60,0.0035381532456627033,0.697611552747416,4.385699198115617,0.9998677484658718,0.014926937304270934,-0.0064553946822421895,-0.014476249002619936,0.9977814115692457,0.0649822509743847,0.0074110588044692515,-0.06488020707117147,0.9978655395081033,0.0003517879499310015,0.022669611623478983,0.08142221124933047,0.0295221729297266,0.1724250062424327,0.1716420166483469,0.055680202390393556,0.06137064007659713,0.04522877674858333,0.06279225793396341,0.06020206053967525
recon_face/mica/FaMoS_180509_03347_TA__multiview_occlusions__IMG_1093,1.721163231541295,1.721163231541295,2670,I,0.018645787387995747,0.014028638114619352,0.025100504038758735,60,0.003435687653183741,0.6789136382880224,4.152880371082574,0.9999372863175603,0.001654287927976992,-0.011076405704251942,-0.0013449377511780367,0.9996104231793268,0.027878181678375104,0.011118209132737677,-0.027861536258763232,0.9995499588429697,9.163305543951025e-05,0.021266408869163103,0.0842772333700976,0.028515971727302497,0.16335489663118677,0.1695526403779473,0.05626625413413305,0.0585799422233561,0.04603377458853323,0.06325897552084447,0.05988039995975759
recon_face/mica/FaMoS_180509_03347_TA__multiview_occlusions__IMG_1095,1.9628750783192608,1.9628750783192608,2669,I,0.01963200715981899,0.015150109386107571,0.02431478068040195,60,0.0034184847084106937,0.6795633880190665,4.091715297894552,0.9997353558475718,-0.002708304058225622,-0.022844766522262416,0.0032872712657121823,0.99967337989555,0.025344178342063813,0.022768665221178562,-0.025412568098027985,0.9994177251113313,-0.0019605578248359733,0.024327005531554646,0.08442617522897664,0.03059962866908425,0.16878828312008756,0.1688497652163321,0.05395631832934029,0.05953360207755831,0.043687112862716405,0.06340225210839584,0.06322560880400693
recon_face/mica/FaMoS_180509_03347_TA__multiview_occlusions__IMG_1097,2.8555721968548258,2.8555721968548258,2670,I,0.020432587356134572,0.015620441918868197,0.02536592636648665,60,0.0035531706537220743,0.6885953122674011,4.243880077032372,0.9996499013172643,0.007360146411220043,-0.02541462258601288,-0.006280512287541783,0.999085113065948,0.04230238782158411,0.02570272284778615,-0.04212796096189644,0.9987815601738961,-0.0023804905477966855,0.019668959066148226,0.08106125435070077,0.030741229378264602,0.1689431078534456,0.16884888875786805,0.05705420232566343,0.05861066577905297,0.04495404551280441,0.06298656075158181,0.06131354152988586
recon_face/mica/FaMoS_180509_03347_TA__multiview_occlusions__IMG_1106,2.302241887559403,2.302241887559403,2668,I,0.01837676509759503,0.013258539006926888,0.024660760198721817,53,0.0035404766641129637,0.697320277680017,4.15181797882542,0.999853037481667,0.005853852875698196,-0.01611321957877965,-0.005264545961359385,0.9993243279903006,0.03637543185385927,0.016315268753686614,-0.03628525724373076,0.9992082826479428,-0.000903922668769907,0.020132911135543774,0.08190995859567174,0.029302212848235414,0.17148497505262816,0.16983710707361507,0.05465228482119054,0.06242793322953069,0.04657175616565238,0.06266293763581732,0.060688084267247054
recon_face/mica/FaMoS_180509_03347_TA__multiview_occlusions__IMG_1107,0.9974235341620172,0.9974235341620172,2671,I,0.021645429224353148,0.017471275816826323,0.025552022343474503,60,0.003512738082867513,0.6897335110422763,4.208442171802744,0.9998922616100927,0.0020793033805791322,-0.014530714700454266,-0.0019432370370877161,0.9999541945747594,0.00937190387071684,0.014549536146289222,-0.009342657533902208,0.999850501699195,-1.9462817034476246e-05,0.021320701363948133,0.08080666773718992,0.03159021745963226,0.16647967446155088,0.16777585865196465,0.055326984598307385,0.06481853111152173,0.04389629014134402,0.06288399561533728,0.06063260171335041
recon_face/mica/FaMoS_180509_03347_TA__multiview_occlusions__IMG_1128,2.7436340250223656,2.7436340250223656,2670,I,0.018460357055548122,0.013742819982313761,0.024345152960159086,59,0.0034438596309300878,0.6796885389661674,4.192902594106272,0.9997256533271353,0.010703867715772883,-0.020833753755767046,-0.00982464900368946,0.9990753500001816,0.04185595888243741,0.02126251047235499,-0.04163979152129862,0.9989064187452572,-0.0012420586174972802,0.02386810864354033,0.08382557991971035,0.02975881816579227,0.1702282160133995,0.17119755307630075,0.05712832628562967,0.06552654359673074,0.045292637260548184,0.06215211119050524,0.06196268588102093
recon_face/mica/FaMoS_180509_03347_TA__multiview_occlusions__IMG_1131,2.5243399644636253,2.5243399644636253,2668,I,0.01795045939902237,0.012844678205589787,0.024085823833882268,60,0.003457497746861194,0.678049980576811,4.091175999026746,0.999820536102152,0.00848227281371541,-0.016939499293665516,-0.00780193630301916,0.9991759022474572,0.03983272722152195,0.017263411549575676,-0.039693417790538595,0.9990627643976007,-0.001299562849327244,0.01877580677942548,0.08543257077072913,0.029482286541885054,0.1667820206985298,0.16525111875338874,0.05599089332726458,0.06453375681905954,0.0449618310618185,0.06223408546174568,0.05963561711660146
recon_face/mica/FaMoS_180509_03347_TA__selfie__IMG_1123,3.7253026595950454,3.7253026595950454,2670,I,0.017133897137584828,0.011941600962511366,0.024065175758407525,60,0.0034718207035860506,0.6747887466118138,4.228562864009291,0.999772177253666,0.004599776803371234,-0.020843119795811403,-0.0033118081775185327,0.9981070128717285,0.061411910757357864,0.02108614512087731,-0.06132889131260674,0.9978948549693536,-0.0020833971023650135,0.01868332891940449,0.08188167797064436,0.029269189708595964,0.17039809553171914,0.173812497797536,0.05752399086380408,0.062477480094296226,0.0468562725506422,0.06396771766709236,0.06372583754209317
recon_face/mica/FaMoS_180509_03347_TA__selfie__IMG_1126,3.178444247560737,3.178444247560737,2668,I,0.01869542014821612,0.013801762651065433,0.025523603930991314,60,0.003576868841001108,0.691434701618032,4.2275958941318095,0.9997345682107485,0.02011271441804407,-0.011237074495042064,-0.019520281871051183,0.9985306284770715,0.05055237471039027,0.01223730853348205,-0.05031960564157063,0.9986581925603641,-0.00014905648779779218,0.020620143933529025,0.08298470422351303,0.03181902656408794,0.16965105420913465,0.1704835904308541,0.05567046062061428,0.06269818174395271,0.04500629443770391,0.06090600665834162,0.06106412702847505
recon_face/mica/FaMoS_180509_03347_TA__selfie__IMG_1144,3.2306798629080156,3.2306798629080156,2667,I,0.017285529944654265,0.011838083151901007,0.02381913942515267,60,0.0034801436329339286,0.6794851132888656,4.223540703998879,0.9999513396996358,0.006531387567138192,-0.0073931866844501185,-0.0061110917697260545,0.9984393959809367,0.055510603587090555,0.007744210113709741,-0.05546272198214733,0.9984307255288402,0.0004525277252820333,0.020560132818572316,0.08500836109585358,0.029891870651640725,0.17200116759990144,0.17222453121794923,0.05699199302530909,0.059404500310783065,0.045749200105402045,0.06307464515219628,0.060623040164365295
recon_face/mica/FaMoS_180515_03303_TA__multiview_expressions__IMG_1169,2.1717620377794677,2.1717620377794677,2669,I,0.01827477028820307,0.012351777200168694,0.02701875478346995,51,0.003484005957172133,0.6820949257082118,4.27194321108982,0.9999505660886407,0.003060419563898323,-0.00946040226936531,-0.003404329671199423,0.9993259222184109,-0.036552862019414725,0.00934215812834995,0.03658326139662078,0.9992869403064824,-0.0005118046509289489,0.013420818239475253,0.0844084889373114,0.029373335520498423,0.17929243510746248,0.17542753564551436,0.05770128744377251,0.06217436763062398,0.053442335749604136,0.06288441541645627,0.059652497004975005
recon_face/mica/FaMoS_180515_03303_TA__multiview_expressions__IMG_1170,3.5376554602308445,3.5376554602308445,2668,I,0.020654265566678827,0.015249559272962532,0.029541355636032114,60,0.0034436113581030867,0.6708736888090041,4.322814091807231,0.999923443124121,0.0028367004272064063,-0.012044128091761435,-0.0035596349095276688,0.9981658989060905,-0.060433163580170604,0.01185060716230783,0.06047140970477797,0.9980995800611284,-0.0009693388456008694,0.009785339448587518,0.08182368072047003,0.03091005681563715,0.1716698913844771,0.16917954984972397,0.05490412160766607,0.05715858718571624,0.0527975910115816,0.06255662836992912,0.060302140927970344
recon_face/mica/FaMoS_180515_03303_TA__multiview_expressions__IMG_1172,3.2527415463024556,3.2527415463024556,2669,I,0.019985862502653856,0.014861303019104453,0.04536948832171228,60,0.0034834814367902408,0.6745130494966012,4.4654540228657424,0.9998545755361745,0.001858121734157645,-0.016952143315739653,-0.002772899607961255,0.9985316982285047,-0.05409952551235419,0.01682672894951641,0.05413866470941762,0.9983916396767052,-0.0011572724095705053,0.014420790014873966,0.08568680356299097,0.03049115011836916,0.17340607936060143,0.17030584280004554,0.05637946949967205,0.05974052584483766,0.05677384082977459,0.06156390250479412,0.05967098329422437
recon_face/mica/FaMoS_180515_03303_TA__multiview_expressions__IMG_1181,2.67474925019792,2.67474925019792,2670,I,0.020362590936675983,0.016109619802857418,0.027117270582214872,60,0.003487340713725729,0.6772725652324194,4.268279725918546,0.9997672024171979,-0.011804258067684929,-0.01806102052383927,0.011046672761872512,0.9990780295592598,-0.04148568274572413,0.018534076502031382,0.041276510795587765,0.9989758443850172,-0.001846986245084727,0.019119854975841927,0.08643584892887576,0.03066565484610328,0.1693631593112387,0.16726206332501464,0.0556564540787743,0.05673280960418522,0.051811271241875054,0.06102229121788303,0.06012166292134574
recon_face/mica/FaMoS_180515_03303_TA__multiview_expressions__IMG_1182,2.481921094177317,2.481921094177317,2669,I,0.019894475274371458,0.015454182290283806,0.02724459976863467,60,0.0035419213080719733,0.6864900261465489,4.266400696942583,0.9995471974391714,-0.010799851098267253,-0.02808493026078314,0.00991967979202495,0.9994610503628282,-0.03129231152305446,0.028407746202778673,0.030999548769094293,0.999115622904472,-0.003158831925564222,0.022620466399726508,0.08963079010574071,0.0309602912408388,0.17682677300847152,0.1756152077264523,0.05556708459575785,0.05862100793035227,0.0496536919832096,0.059952959176992046,0.059390889429440805
recon_face/mica/FaMoS_180515_03303_TA__multiview_neutral__IMG_1153,1.8826437928468922,1.8826437928468922,2668,I,0.017797625071247138,0.01225045337202862,0.027787185323071038,60,0.0034645576137785376,0.6811577983233374,4.1141202200669795,0.9999504157248099,-0.0007885791915590772,-0.009926944879382461,0.00047740022772740166,0.9995095974335807,-0.031310329400752186,0.009946767354383207,0.0313040377750163,0.9994604139425323,-3.1430561036505003e-06,0.012439198382823743,0.08308943321953977,0.027966071143928822,0.16897834958077376,0.1688951866767055,0.056219796177914005,0.05974925682337397,0.052225829085554495,0.06033553306274233,0.061622270988037894
recon_face/mica/FaMoS_180515_03303_TA__multiview_neutral__IMG_1154,2.2496565481133524,2.2496565481133524,2670,I,0.017706124771163873,0.01222696339371101,0.025306199263880443,37,0.003467952510915081,0.6757034662827295,4.0457790528889745,0.9998205120063225,-0.00060285159029224,-0.018936217715640136,-4.8601706701120106e-05,0.9994087211402423,-0.03438321896942819,0.018945749108656183,0.03437796792693863,0.9992293099744052,-0.001973077705808064,0.012798184843716781,0.08331707782496867,0.029524067654393794,0.17388033075211784,0.17102456735990199,0.05675754398853903,0.059559791953014,0.051470382860959896,0.06185127646003774,0.06241534329680313
recon_face/mica/FaMoS_180515_03303_TA__multiview_neutral__IMG_1156,3.6873300021142597,3.6873300021142597,2669,I,0.019450005283623287,0.013786349049734496,0.028614961217295665,60,0.003493106045780265,0.6726252529719209,4.336491399910301,0.9997608855954762,-0.004128450060335308,-0.021473880260644448,0.002821919361293272,0.9981629338010276,-0.060521024089510905,0.02168428934661074,0.06044595508240494,0.9979359088186517,-0.0020230869144324745,0.015206252930775932,0.08489998068936075,0.030308153123027468,0.17159881989261178,0.16994352869548404,0.05864509244162364,0.05931022777586205,0.05305569907061177,0.05844244482804193,0.06144823963346199
recon_face/mica/FaMoS_180515_03303_TA__multiview_neutral__IMG_1206,2.3477340105158016,2.3477340105158016,2670,I,0.020687347071044766,0.015993596715638526,0.03069680380191891,60,0.003526249039362314,0.6845850741710044,4.386534854071215,0.9999171882764323,-0.002798705872605658,-0.012561203556686176,0.0023080497546303733,0.9992401644184203,-0.038907155118032014,0.012660548790791558,0.03887494126667048,0.999163875170549,-0.0005791985613016633,0.020382343296310862,0.08465711380208146,0.030818451014815722,0.17263396394375932,0.1699970225438005,0.054737126171858434,0.06075175074151499,0.05270135545147555,0.061643062402936315,0.06128199200701961
recon_face/mica/FaMoS_180515_03303_TA__multiview_neutral__IMG_1207,3.715010816298601,3.715010816298601,2667,I,0.0208887285452593,0.015561778804625915,0.04417100659096719,43,0.00352066854590336,0.6827379076791374,4.311228434089571,0.9996496569179854,-0.011874397517577922,-0.0236550651520708,0.010454248337651798,0.998186633805411,-0.05928029001208056,0.024316087585153988,0.059012225647031916,0.9979610639242068,-0.0018417255650947308,0.021129988833080163,0.0828427860329208,0.03132921434316753,0.1713533457411706,0.17122619349314702,0.05516230565113551,0.06393717309779257,0.0569934544809691,0.062853665685394,0.06044853955601115
recon_face/mica/FaMoS_180515_03303_TA__multiview_occlusions__IMG_1185,1.8387403525399575,1.8387403525399575,2671,I,0.020462576367092738,0.016381849087068554,0.026692467370762866,60,0.0034730179869880873,0.67,4.330607848009095,0.999958815276255,0.004428889302563784,-0.00792165960232622,-0.004670598006529448,0.9995159255864463,-0.030758738812424843,0.0077815978803131595,0.030794470909811154,0.9994954463607194,1.6125777559656147e-05,0.01684255677890361,0.08443136404920126,0.030159702636625155,0.1676252996115662,0.1682472777304321,0.05910018693191011,0.058967159712267084,0.05338481646950855,0.06294980569398521,0.06148624699160678
recon_face/mica/FaMoS_180515_03303_TA__multiview_occlusions__IMG_1186,1.7920315958076065,1.7920315958076065,2670,I,0.019595809490376974,0.014386099602415376,0.025715129297636603,37,0.00353518210451415,0.6786654015556072,3.9987898631952703,0.9999376335077879,-0.001718671783293314,-0.011035182923107125,0.0013955914036210373,0.9995720730136948,-0.029218541642915864,0.011080677753606171,0.029201318778541048,0.9995121317733541,-0.00020179016913201284,0.012428005807001562,0.08568583664389973,0.029559821090140378,0.16936876760622635,0.16840142610539158,0.05722458332324213,0.06054735023487632,0.04745444299583325,0.06548595801535738,0.06109641724433816
recon_face/mica/FaMoS_180515_03303_TA__multiview_occlusions__IMG_1187,2.47222570137423,2.47222570137423,2672,I,0.019263928211762156,0.014636879336394517,0.026304682732769223,60,0.003462409537296085,0.6712559842471929,4.1846704091876745,0.9999307186463392,-0.005803190876488889,-0.010241136805443349,0.005373183370798989,0.9991229089934924,-0.04152760075956941,0.010473146990305294,0.04146969616519341,0.9990848700145978,3.797640179604658e-05,0.017054916147824187,0.0872240695249745,0.029047095183993052,0.17096497741326086,0.16878868308087036,0.055540247334791217,0.05853681896175397,0.04845155103172016,0.06272692008962086,0.0617474701547383
recon_face/mica/FaMoS_180515_03303_TA__multiview_occlusions__IMG_1188,2.3538183113855995,2.3538183113855995,2671,I,0.018700717097588016,0.013920548119840783,0.02757021930789599,60,0.0034712051376219848,0.6702309003319983,4.2313467198982835,0.9999745933673033,0.0034003728609178782,-0.0062649887711818345,-0.0036509949448369746,0.9991754470500475,-0.040436323377030056,0.006122324379602582,0.04045816946854749,0.9991624761105898,0.0005230112853613067,0.01913252659952641,0.08747442422269788,0.02877083305645073,0.168392181055957,0.16725874513545597,0.05698856402322325,0.05983695179861966,0.05118826838561303,0.06213954515178176,0.06340850961340569
recon_face/mica/FaMoS_180515_03303_TA__multiview_occlusions__IMG_1192,0.7027927730096335,0.7027927730096335,2671,I,0.018544011947302184,0.013389144309010208,0.028156432515450067,60,0.003477301742967757,0.670634247412638,4.171514205867425,0.9999376716715482,-0.005800019237238633,-0.009540049734167276,0.005751488835042369,0.9999704210119994,-0.005106611133021677,0.009569385991959294,0.005051423356953837,0.9999414532730433,0.000576996141921353,0.013249220414100607,0.08290055140902147,0.028001189925696758,0.16668773403942144,0.16655761415781473,0.05766955681645383,0.058816451525893446,0.05317430741753078,0.059495464788932854,0.058969623065904676
recon_face/mica/FaMoS_180515_03303_TA__multiview_occlusions__IMG_1194,1.4151971642801817,1.4151971642801817,2669,I,0.01913215691900752,0.01407045621864316,0.029486632670907145,60,0.003454995271403107,0.67,4.277206050930545,0.999970637230691,0.0023040856455144153,-0.007308615859655861,-0.0024750486519040356,0.9997214815292607,-0.023469842417680215,0.00725250374812635,0.023487242457942273,0.9996978296620961,0.00018869577381282437,0.011793868402604886,0.08385504989371326,0.029261589394354807,0.16951793979507385,0.17028183708202133,0.054627239146298384,0.06034925148708604,0.053390543736555586,0.06273753089432293,0.06239081193571352
recon_face/mica/FaMoS_180515_03303_TA__multiview_occlusions__IMG_1195,1.3760422964274523,1.3760422964274523,2669,I,0.01829618327556984,0.013220015248608356,0.03133625692293108,60,0.003469784602853939,0.676965780171741,4.37291665491648,0.9999661645538419,0.0070150946548990225,-0.004296300089831513,-0.0071102413328858645,0.9997205096866764,-0.022546551399291934,0.004136933123365686,0.022576336257143215,0.9997365627131668,0.0008182375137096557,0.012707711607345233,0.084472145211378,0.029759003623120523,0.17123646029827938,0.17021466038982674,0.05801511101944369,0.06188843600525152,0.056609424202657,0.0625943067631891,0.060128321245643164
recon_face/mica/FaMoS_180515_03303_TA__selfie__IMG_1199,2.5940391201042594,2.5940391201042594,2669,I,0.02001063778696519,0.015053635162033974,0.031050804603152515,60,0.0035140288991969467,0.6906187554703943,4.26574714994058,0.9999954532998572,-0.00036763430523323895,0.002993029340116816,0.0005024203927239669,0.9989797358399812,-0.04515788917598774,-0.0029733740703381945,0.045159187615583,0.9989753784856455,0.0029574658573942214,0.017391581157847544,0.08630909160454561,0.0304172799637408,0.16952430042957836,0.16918506546475756,0.05757837929288911,0.06230593114919087,0.054680146930820066,0.05987605460701692,0.05968954925624264
recon_face/mica/FaMoS_180515_03303_TA__selfie__IMG_1210,2.5630049091260902,2.5630049091260902,2670,I,0.022180870334615306,0.01821312590739331,0.031939325552663066,60,0.0034765219883462826,0.670280067288092,4.517920134123415,0.9999849836258637,-0.00347649599548421,-0.004236330767801475,0.003285056230402934,0.9990089504915479,-0.044388345805408354,0.004386448260715045,0.044373762668617374,0.9990053694842114,-0.00014768473705510193,0.017745269516802206,0.08337610274791843,0.03163132599502357,0.17286348108227798,0.17267905206612932,0.059056068912385615,0.06364055439480985,0.056647856790692924,0.061047502597538786,0.06067782537457465
recon_face/mica/FaMoS_180618_03331_TA__multiview_expressions__IMG_1230,0.6843823795942994,0.6843823795942994,2668,I,0.015572581375087706,0.01014300268487283,0.016840237414251287,60,0.0035277927162839983,0.6876223205747907,4.092582460958511,0.9999940346468937,0.0024961821008601583,-0.002387413987135876,-0.00246872082808319,0.9999315465707332,0.011437114589542118,0.0024157996811852793,-0.011431152504480074,0.9999317440027192,0.0011936190656104376,0.015580369477725009,0.0828325977042591,0.02680737795043206,0.17580204247285047,0.17755382091856092,0.05938359851430242,0.05284006619104518,0.056726941702870605,0.05843827725526902,0.05789842402394388
recon_face/mica/FaMoS_180618_03331_TA__multiview_expressions__IMG_1233,0.6516542817036327,0.6516542817036327,2667,I,0.01573187336623135,0.00991901502601246,0.017863227143690878,60,0.0035640778288640405,0.6952163722179094,4.142649628920481,0.9999738223893597,0.0033377049876168767,-0.006419833442419985,-0.0033939101852826768,0.9999558353976036,-0.00876405316815406,0.006390298089057447,0.008785612084290807,0.9999409868140404,-5.191412618698384e-05,0.012227230238598195,0.08287873643797605,0.02762985161866346,0.16949034036248029,0.17485629858297003,0.06240607591672389,0.05616874467976491,0.065942616350835,0.0613279171740352,0.057693081579801936
recon_face/mica/FaMoS_180618_03331_TA__multiview_expressions__IMG_1235,0.6052546630618066,0.6052546630618066,2670,I,0.016120041152117,0.0107047607348432,0.019940341183360726,52,0.0035351171112040346,0.691669554732509,4.06663459003903,0.9999635882632496,0.0031081120360240064,-0.007947439037706592,-0.0031575352371513285,0.9999757090885616,-0.006213791439656279,0.00792793282720582,0.006238659503524769,0.9999491122095596,8.657188956408003e-05,0.010801099738311379,0.0856186447903512,0.027127659919755628,0.1743301061051065,0.17484400662570615,0.06104925562354457,0.05635946133005103,0.058419612049498255,0.06067561077402674,0.0586038143443382
recon_face/mica/FaMoS_180618_03331_TA__multiview_expressions__IMG_1293,1.5742251891827186,1.5742251891827186,2670,I,0.016293365997836862,0.01004566731158306,0.018087324091961742,60,0.0035003209179297117,0.6975003549631843,3.9744643811136484,0.9999500274930094,0.002313987495844966,-0.009725635125672673,-0.0025621024555566693,0.9996695745063772,-0.02557689264248214,0.00966323691812819,0.025600532574673047,0.9996255471846229,-0.0006839934899223886,0.01357280599856564,0.0830736616168598,0.027891975093144766,0.17275862732926026,0.17134231388889454,0.05853718409287474,0.054724930775437934,0.05868798281563567,0.06122396222956595,0.0586996417151774
recon_face/mica/FaMoS_180618_03331_TA__multiview_expressions__IMG_1294,2.528738542049593,2.528738542049593,2668,I,0.016529590887609698,0.010618054156702516,0.025006301484294804,58,0.003474591190677285,0.6867818883878152,4.1438116549979895,0.9999596436693162,0.006699124509856163,-0.005986047405009264,-0.006951453199108777,0.9990432699030869,-0.04317663905131313,0.005691074692373488,0.04321650832897316,0.999049520833025,0.00010856522149748852,0.01783850977680962,0.08273944319914159,0.027440956243842754,0.17015509716647423,0.16701149153338457,0.05898029581202878,0.05845559117909335,0.055347022687105375,0.061301764488354345,0.06175825605423578
recon_face/mica/FaMoS_180618_03331_TA__multiview_neutral__IMG_1216,1.094457760403923,1.094457760403923,2667,I,0.016983520017230042,0.011325298408233415,0.019615462411568037,60,0.0035317503978919453,0.693646107074124,4.051548813004047,0.9998548723052031,0.0031426783996932814,-0.01674389142409578,-0.0032871994832518263,0.9999575237261914,-0.008610752751055089,0.016716119379303184,0.00866454360359469,0.9998227328066902,-0.0009259082556940671,0.016268422903797958,0.08126111420099752,0.02819553746013314,0.16939624208668427,0.16890126665309382,0.057243427460583966,0.05472187535983537,0.0557362549429118,0.05959943057097766,0.05901188834257502
recon_face/mica/FaMoS_180618_03331_TA__multiview_neutral__IMG_1220,1.7762156888913887,1.7762156888913887,2667,I,0.01665237988748754,0.010663949780607264,0.04057126751370573,60,0.0035479992402323475,0.6887697700270196,4.25477887596935,0.9999021983909151,-0.0015009439565484685,-0.013904704968249257,0.0011157187706018579,0.9996164588485532,-0.027671110760198726,0.013940904728161712,0.027652890740708445,0.9995203693817564,-0.0016109365703343812,0.014185129384103483,0.08137545171465155,0.028798884810647976,0.17707734582115653,0.17667939755902376,0.061142616252079014,0.058613779266697946,0.05972693280224769,0.05775059743945895,0.05824252155693484
recon_face/mica/FaMoS_180618_03331_TA__multiview_neutral__IMG_1223,1.5921020351181232,1.5921020351181232,2668,I,0.01721025051134429,0.011236870056341747,0.017529352809177782,60,0.0034630887286255323,0.6775225403259707,4.027108596172184,0.999961664369548,-0.0016238491942820064,-0.008604237623335299,0.001396401343047153,0.9996511495865211,-0.026374783290775805,0.00864406470207883,0.02636175722785702,0.9996150948746649,-0.0001286553111974691,0.013385553404277398,0.08191140215891443,0.02953041901969871,0.17070985026094024,0.16846404830440953,0.059294585057386315,0.05374208663031554,0.060702541627630176,0.059354519506240946,0.05886014185927851
recon_face/mica/FaMoS_180618_03331_TA__multiview_neutral__IMG_1277,0.9435596814825972,0.9435596814825972,2668,I,0.015871483068989414,0.01006786535907603,0.024484731054083938,40,0.003481577902431986,0.6875407353098134,4.0413528070785105,0.9999139825196997,-0.00046789306452120125,-0.013107579397944484,0.0003373437168430528,0.9999503383020609,-0.009960277546832767,0.013111588798080588,0.009954999029302167,0.9998644829343207,-0.0006868550317356052,0.01769179878086976,0.0827658422549854,0.027524109896151686,0.17144624163234815,0.16977045087017692,0.05821741175734693,0.05996784579638596,0.05524081521496536,0.060839378709083826,0.05865801305864879
recon_face/mica/FaMoS_180618_03331_TA__multiview_neutral__IMG_1279,1.4014029527131298,1.4014029527131298,2671,I,0.015935200899052867,0.009821431729947268,0.02279237360089676,60,0.0034580784885998466,0.677827317885886,4.017472190083936,0.9999632091655923,-0.00432730504378259,-0.00740639901085108,0.004156536399698802,0.9997286837746214,-0.02291903234040776,0.007503567178873072,0.022887404163004905,0.9997098895230911,0.0004276032791478764,0.018817872380541285,0.0833843987581461,0.026949847141152974,0.17056857690546068,0.16603597078451113,0.0569517335107753,0.060272259870692305,0.05257836962834002,0.06132357889517674,0.05886679686653291
recon_face/mica/FaMoS_180618_03331_TA__multiview_occlusions__IMG_1256,0.33364361229071804,0.33364361229071804,2668,I,0.01628495081741318,0.010438280348457193,0.02375024129507775,60,0.0034577013663869014,0.6863500529187146,4.161662241909653,0.9999911621468591,0.0005545184430775065,-0.004167509744592553,-0.0005713052438367603,0.9999917247547268,-0.004027906700233114,0.00416524170887496,0.004030252022356126,0.999983203774015,0.0008653282146104623,0.013819500531765817,0.08214876187019238,0.0274038316197417,0.1671912236016383,0.1669677972169132,0.059106907525523125,0.05726040085227213,0.05591173676964336,0.061455604595560105,0.061045855809464554
recon_face/mica/FaMoS_180618_03331_TA__multiview_occlusions__IMG_1257,1.9062131058968645,1.9062131058968645,2668,I,0.01629636067637221,0.01066505674427379,0.018920999390814815,60,0.003493743075856189,0.693134303580414,4.07447461085394,0.9999180355221701,-0.004901887710694666,-0.011827668170713403,0.004536435002469582,0.9995174408999374,-0.03072956384834564,0.011972593493188306,0.030673389667804172,0.9994577530698004,-0.0012140141516891,0.013392591704178253,0.08473436959425276,0.02761092450305109,0.17077204608803379,0.16783930971855907,0.06034337809048304,0.05571617502026918,0.06035338843295546,0.05879366412781329,0.06113633072071754
recon_face/mica/FaMoS_180618_03331_TA__multiview_occlusions__IMG_1258,2.1052512372932815,2.1052512372932815,2669,I,0.01688277964766403,0.010447262690541727,0.017572611537480777,60,0.0034260538085779096,0.6864796712107994,4.033019479829818,0.9998485705824532,0.003953842215736416,-0.016947065703487724,-0.004500104334557282,0.9994675238850282,-0.032317452871626906,0.016810263686312842,0.03238882262239233,0.9993339678025219,-0.0020506377106577645,0.01377452545657315,0.08274833627254,0.028026756846580098,0.16905397430010313,0.16780566242950556,0.0627971711638992,0.053235798193025534,0.056390416564354916,0.059557989762916715,0.058733331010072255
recon_face/mica/FaMoS_180618_03331_TA__multiview_occlusions__IMG_1261,2.3196284834311487,2.3196284834311487,2670,I,0.019245743384787368,0.013821179693625873,0.019617961703596937,60,0.0034596703462396452,0.6862982069173484,3.9382603608537465,0.9999357393407159,0.01120205833264049,-0.001740999209899255,-0.011261246899474508,0.9991817478609049,-0.03884609452566586,0.0013044184166998353,0.038863204071975625,0.999243688927708,0.000748249154462186,0.0063878913230186254,0.08403643771559155,0.029704585735347566,0.17219626773726918,0.1701598511241469,0.060858497419654545,0.0493760544740507,0.06359464852277143,0.060611320934245094,0.060247514119928354
recon_face/mica/FaMoS_180618_03331_TA__multiview_occlusions__IMG_1263,1.561702784382842,1.561702784382842,2668,I,0.015408793209471036,0.009764329679388006,0.016806722435155807,60,0.0035354007709133303,0.688872534006511,4.0824214711319655,0.9998154021461557,-0.000770392946873736,-0.01919812819075772,0.0003991267511270606,0.9998129817610085,-0.019334999353466702,0.01920943333776127,0.019323767667549344,0.9996287259147634,-0.002464316523152936,0.010864489663762814,0.08392304354013932,0.026726245600691957,0.1715477743495456,0.1700067101728796,0.05984527736560629,0.05447493714480445,0.05817342434951247,0.059758231984822635,0.058029938953726025
recon_face/mica/FaMoS_180618_03331_TA__multiview_occlusions__IMG_1264,3.059963181123942,3.059963181123942,2669,I,0.018303664017274516,0.012392948644964591,0.02038394272721031,60,0.0035288057940508813,0.6973433550933513,4.0148997290525585,0.9998704901518937,-0.012752814406275625,-0.009816753441493329,0.012236587563959515,0.9986256108074976,-0.050962293552600964,0.01045317407305233,0.05083556987062311,0.9986523298864964,-0.0002633103697182684,0.0107434378467429,0.0865673511987605,0.0292227622005165,0.1743765724008075,0.17389264387577538,0.06043617100267193,0.053858236666269634,0.05897994563863746,0.05902804534297311,0.06029613568080535
recon_face/mica/FaMoS_180618_03331_TA__multiview_occlusions__IMG_1265,2.082494999237702,2.082494999237702,2671,I,0.017501181420928248,0.011342044674285992,0.018024467063208493,60,0.003500470526036682,0.6870480816872908,4.0312597141601145,0.9999214684325911,0.009976127318165141,-0.0075851072070550595,-0.010229057152783085,0.9993670260457408,-0.03407218282201231,0.007240397597912535,0.034147095575221185,0.9993905905632697,-0.0003665474657906213,0.009868741391439083,0.08200522645618977,0.029187358355892076,0.16773322436952928,0.16792313720650062,0.059860493260466476,0.05422774049661032,0.062021151994667865,0.061355582673544226,0.0580583607569087
recon_face/mica/FaMoS_180618_03331_TA__selfie__IMG_1299,1.6763304690443748,1.6763304690443748,2670,I,0.016638667085941933,0.01132025635002149,0.02057542688996246,60,0.003578743527628952,0.6942287341668558,4.13973946403712,0.9999400344960188,0.003437654767060556,-0.010397593077366402,-0.0037184491753891854,0.9996255931912152,-0.027108053652764072,0.010300512017858095,0.02714509102606908,0.9995784328832612,-0.0006921524002826944,0.01371727391146086,0.08457030807209251,0.028421527579703235,0.17576729738565486,0.1741637238866417,0.06023055652071623,0.05435502768809643,0.05895604266805375,0.059611503278760004,0.05774556533732045
recon_face/mica/FaMoS_180618_03331_TA__selfie__IMG_1302,0.9131893866124223,0.9131893866124223,2669,I,0.015886884111948787,0.010915121258716656,0.01817435178501163,60,0.0035489382666588584,0.6901277388954988,4.221137328073382,0.9999320611700794,0.010507598313362003,-0.005046129392055733,-0.010452129519257863,0.9998860117613746,0.01089570890046768,0.005160041925119904,-0.010842225860777455,0.9999279074541896,-4.485207030907541e-05,0.015291998739400126,0.08541022584660232,0.026962072740039686,0.1751251937146271,0.17598468221755623,0.06371720523724161,0.057440963781839674,0.05891369427322006,0.06272608915954059,0.05918893464150386
