F,mean_vertex_error,n_subjects
1,0.0026069467063329454,99
3,0.002555880475892903,99
5,0.0025555384548993833,99
10,0.002548362276284636,99
15,0.002545923473346907,99
