F,wbse,within_mean,between_mean,n_subjects
1,0.9730618099250488,0.02201527050153301,0.030980089276085483,99
3,1.4912151372515856,0.013660954997996862,0.0240664386141935,99
5,1.8473141173058543,0.010388248303523195,0.022769459214807386,99
10,2.1702625084999725,0.007122035734368363,0.021381324078916127,99
15,2.301009715051218,0.006051426552247549,0.020795143826216618,99
