step,epoch,loss
1,1,0.13261388
2,1,0.17989315
3,1,0.18889061
4,1,0.10794168
5,1,0.08781657
6,1,0.09529481
7,1,0.20885749
8,1,0.11176310
9,1,0.13819544
10,1,0.11686839
11,1,0.10397806
12,1,0.21453688
13,1,0.14210998
14,1,0.08713819
15,1,0.16323173
16,1,0.16690554
17,1,0.17864324
18,1,0.07614692
19,1,0.22768249
20,1,0.10656916
21,1,0.09110373
22,1,0.20986451
23,1,0.12805650
24,1,0.09758053
25,1,0.10595372
26,1,0.08756569
27,1,0.23259227
28,1,0.15872751
29,1,0.11350340
30,1,0.10118216
31,1,0.07921828
32,1,0.14958349
33,1,0.10324416
34,1,0.19215058
35,1,0.07688232
36,1,0.11906362
37,1,0.12520914
38,1,0.16168928
39,1,0.07474352
40,1,0.10253870
41,1,0.12111171
42,1,0.09652836
43,1,0.15465172
44,1,0.19867520
45,1,0.07917344
46,1,0.10980295
47,1,0.07076639
48,1,0.11099354
49,1,0.11359262
50,1,0.14015958
51,1,0.08759890
52,1,0.14743555
53,1,0.05600853
54,1,0.07102306
55,1,0.08693087
56,1,0.12762506
57,1,0.07570367
58,1,0.07984480
59,1,0.09145098
60,1,0.14350004
61,1,0.12357132
62,1,0.09039667
63,1,0.10019161
64,1,0.14799675
65,1,0.12462102
66,1,0.13553944
67,1,0.10802222
68,1,0.13949096
69,1,0.14284930
70,1,0.10913365
71,1,0.09472238
72,1,0.08321190
73,1,0.10107997
74,1,0.14640386
75,1,0.12576091
76,1,0.07899949
77,1,0.13078588
78,1,0.13988507
79,1,0.10400836
80,1,0.13769661
81,1,0.09987107
82,1,0.06871717
83,1,0.09534736
84,1,0.13531619
85,1,0.19012161
86,1,0.15649709
87,1,0.10748862
88,1,0.11688238
89,1,0.06449991
90,1,0.09135098
91,1,0.11973785
92,1,0.13385960
93,1,0.08817615
94,1,0.08243505
95,1,0.11649648
96,1,0.06812888
97,1,0.08541024
98,1,0.09624488
99,1,0.07786579
100,1,0.15741590
101,1,0.11459341
102,1,0.12045057
103,1,0.11015665
104,1,0.11456694
105,1,0.07560817
106,1,0.09531327
107,1,0.13373044
108,1,0.15486121
109,1,0.07304830
110,1,0.08493785
111,1,0.15730368
112,1,0.08067346
113,1,0.07060478
114,1,0.08480128
115,1,0.14532986
116,1,0.08396636
117,1,0.09250800
118,1,0.06898867
119,1,0.08557025
120,1,0.10301598
121,1,0.09834538
122,1,0.12041979
123,1,0.10386226
124,1,0.14258732
125,1,0.15213613
126,1,0.12388032
127,1,0.07681014
128,1,0.09601235
129,1,0.09142123
130,1,0.07012820
131,1,0.15172006
132,1,0.10421351
133,1,0.11516917
134,1,0.09834206
135,1,0.08074498
136,1,0.08675241
137,1,0.09069288
138,1,0.09142750
139,1,0.08316601
140,1,0.08705644
141,1,0.12254508
142,1,0.18256944
143,1,0.13518871
144,1,0.06531237
145,1,0.07668523
146,1,0.10416816
147,1,0.07667767
148,1,0.13116193
149,1,0.11129388
150,1,0.12264139
151,1,0.09081897
152,1,0.11483500
153,1,0.08551779
154,1,0.12833281
155,1,0.10080099
156,1,0.10093304
157,1,0.08382873
158,1,0.07938415
159,1,0.09288052
160,1,0.10470686
161,1,0.12149859
162,1,0.11345366
163,1,0.11062600
164,1,0.10867236
165,1,0.08344287
166,1,0.07307106
167,1,0.09019294
168,1,0.08579452
169,1,0.09210102
170,1,0.10302516
171,1,0.11277720
172,1,0.09619921
173,1,0.06619521
174,1,0.08510183
175,1,0.05987150
176,1,0.09583429
177,1,0.07929003
178,1,0.07644808
179,1,0.13258041
180,1,0.07314751
181,1,0.08874889
182,1,0.06325354
183,1,0.06602742
184,1,0.09325339
185,1,0.07057105
186,1,0.09484036
187,1,0.07233084
188,1,0.09522613
189,1,0.08754692
190,1,0.09687161
191,1,0.07612577
192,1,0.10398381
193,1,0.08445293
194,1,0.07393405
195,1,0.09380002
196,1,0.09819651
197,1,0.09964457
198,1,0.11242669
199,1,0.07580721
200,1,0.10296490
201,1,0.08664931
202,1,0.10214033
203,1,0.14765796
204,1,0.10181885
205,1,0.08361319
206,1,0.06260490
207,1,0.07062121
208,1,0.08853231
209,1,0.07368006
210,1,0.06799935
211,1,0.08605242
212,1,0.12888810
213,1,0.09703957
214,1,0.14888674
215,1,0.09446970
216,1,0.10269950
217,1,0.05858358
218,1,0.10165265
219,1,0.10820915
220,1,0.13971311
221,1,0.05831984
222,1,0.07495520
223,1,0.08526130
224,1,0.06776471
225,1,0.12705117
226,1,0.08592333
227,1,0.10662720
228,1,0.09599284
229,1,0.10558704
230,1,0.09779607
231,1,0.11009586
232,1,0.08282889
233,1,0.06599559
234,1,0.10172053
235,1,0.08031316
236,1,0.10591047
237,1,0.11880933
238,1,0.08017290
239,1,0.14998156
240,1,0.18228360
241,1,0.11554244
242,1,0.09210698
243,1,0.16541497
244,1,0.08254859
245,1,0.07109263
246,1,0.11547735
247,1,0.08852676
248,1,0.06727742
249,1,0.11622035
250,1,0.09507622
251,1,0.08610670
252,1,0.07421226
253,1,0.07858577
254,1,0.09064357
255,1,0.06166827
256,1,0.09386142
257,1,0.08261208
258,1,0.09399060
259,1,0.07752478
260,1,0.09818421
261,1,0.06157796
262,1,0.15194088
263,1,0.11053193
264,1,0.08473805
265,1,0.11369018
266,1,0.11296262
267,1,0.07011834
268,1,0.11455068
269,1,0.08921030
270,1,0.12396582
271,1,0.09257407
272,1,0.05430726
273,1,0.06851113
274,1,0.07208390
275,1,0.08163957
276,1,0.11063284
277,1,0.06154912
278,1,0.07304495
279,1,0.12431573
280,1,0.07815690
281,1,0.09042156
282,1,0.12270478
283,1,0.05302921
284,1,0.06748684
285,1,0.15013555
286,1,0.12902746
287,1,0.07118065
288,1,0.12248813
289,1,0.07663369
290,1,0.14458741
291,1,0.05884292
292,1,0.08563416
293,1,0.12190483
294,2,0.06251834
295,2,0.08985970
296,2,0.08271353
297,2,0.07311130
298,2,0.10657027
299,2,0.09205464
300,2,0.09840385
301,2,0.07574011
302,2,0.06873728
303,2,0.06056646
304,2,0.09666669
305,2,0.10470212
306,2,0.08320171
307,2,0.11289892
308,2,0.07438806
309,2,0.09896946
310,2,0.10196675
311,2,0.07922959
312,2,0.07887968
313,2,0.11937217
314,2,0.11369202
315,2,0.15673123
316,2,0.06775618
317,2,0.06172043
318,2,0.10386746
319,2,0.06073876
320,2,0.06413803
321,2,0.11905173
322,2,0.06672589
323,2,0.04981482
324,2,0.08490592
325,2,0.07146828
326,2,0.10763774
327,2,0.08833653
328,2,0.06855456
329,2,0.06873541
330,2,0.10122198
331,2,0.07671851
332,2,0.11212690
333,2,0.07161903
334,2,0.09389643
335,2,0.11502378
336,2,0.10024372
337,2,0.07680213
338,2,0.06614000
339,2,0.07211153
340,2,0.07551804
341,2,0.14645614
342,2,0.06811208
343,2,0.04682924
344,2,0.06499927
345,2,0.09453348
346,2,0.09743129
347,2,0.07623767
348,2,0.08658793
349,2,0.03204909
350,2,0.04655539
351,2,0.06860451
352,2,0.10716264
353,2,0.10895643
354,2,0.07740160
355,2,0.05193441
356,2,0.15243447
357,2,0.06819726
358,2,0.06215511
359,2,0.08616910
360,2,0.04873669
361,2,0.06394864
362,2,0.06797647
363,2,0.05899586
364,2,0.05693817
365,2,0.04095555
366,2,0.09419313
367,2,0.08730450
368,2,0.06054185
369,2,0.04692191
370,2,0.13216960
371,2,0.07429963
372,2,0.05570439
373,2,0.09053049
374,2,0.06768092
375,2,0.05223592
376,2,0.17257744
377,2,0.06670550
378,2,0.07595034
379,2,0.05179389
380,2,0.06055213
381,2,0.10813173
382,2,0.06620631
383,2,0.05361269
384,2,0.04940872
385,2,0.07810859
386,2,0.06837223
387,2,0.07373801
388,2,0.10529402
389,2,0.07956452
390,2,0.08914885
391,2,0.11418610
392,2,0.07170358
393,2,0.04396223
394,2,0.10589860
395,2,0.09724417
396,2,0.10580154
397,2,0.04851247
398,2,0.04032972
399,2,0.06819426
400,2,0.08973143
401,2,0.05529253
402,2,0.05781742
403,2,0.07723660
404,2,0.13344628
405,2,0.10531974
406,2,0.07705590
407,2,0.05603196
408,2,0.08772422
409,2,0.07116976
410,2,0.05676441
411,2,0.06623188
412,2,0.07176342
413,2,0.08772577
414,2,0.05045393
415,2,0.11271264
416,2,0.05068476
417,2,0.05060867
418,2,0.10819609
419,2,0.06777046
420,2,0.06513236
421,2,0.12101238
422,2,0.06542224
423,2,0.11644159
424,2,0.06685571
425,2,0.09866431
426,2,0.11534968
427,2,0.09907939
428,2,0.05961702
429,2,0.06028268
430,2,0.03370525
431,2,0.03802032
432,2,0.05809299
433,2,0.04955377
434,2,0.07632822
435,2,0.08580995
436,2,0.08863822
437,2,0.15246797
438,2,0.06353754
439,2,0.08049738
440,2,0.08297300
441,2,0.04776729
442,2,0.06541233
443,2,0.07138472
444,2,0.06506209
445,2,0.03512837
446,2,0.06878220
447,2,0.08336999
448,2,0.05152792
449,2,0.05200734
450,2,0.09399138
451,2,0.10709362
452,2,0.13013855
453,2,0.07880782
454,2,0.05704632
455,2,0.07629305
456,2,0.08718317
457,2,0.04869069
458,2,0.06670834
459,2,0.05948572
460,2,0.07798486
461,2,0.06907726
462,2,0.08927099
463,2,0.05902057
464,2,0.09126813
465,2,0.09382348
466,2,0.06831509
467,2,0.06637560
468,2,0.03800793
469,2,0.07987463
470,2,0.06133066
471,2,0.06275244
472,2,0.06046365
473,2,0.04454402
474,2,0.05340493
475,2,0.07121955
476,2,0.08994859
477,2,0.03019498
478,2,0.07688554
479,2,0.07340387
480,2,0.03133170
481,2,0.04052568
482,2,0.06769221
483,2,0.06858487
484,2,0.09887487
485,2,0.07182592
486,2,0.08648978
487,2,0.07511180
488,2,0.04689508
489,2,0.09580490
490,2,0.08534668
491,2,0.10195357
492,2,0.10455966
493,2,0.08343824
494,2,0.08143292
495,2,0.05309183
496,2,0.02873481
497,2,0.11861839
498,2,0.05053807
499,2,0.10833951
500,2,0.06955292
501,2,0.06901079
502,2,0.06378904
503,2,0.06666630
504,2,0.04107506
505,2,0.03165231
506,2,0.05642933
507,2,0.05789480
508,2,0.12166534
509,2,0.07190091
510,2,0.04999252
511,2,0.11247128
512,2,0.06553628
513,2,0.05441544
514,2,0.03712156
515,2,0.04475289
516,2,0.03015789
517,2,0.03578641
518,2,0.03084205
519,2,0.06802653
520,2,0.06020517
521,2,0.05761687
522,2,0.08395403
523,2,0.04319799
524,2,0.03747907
525,2,0.05243150
526,2,0.04976305
527,2,0.05331258
528,2,0.08029572
529,2,0.04287573
530,2,0.05479065
531,2,0.04208782
532,2,0.04789163
533,2,0.09663917
534,2,0.09857388
535,2,0.07236638
536,2,0.09517343
537,2,0.15766771
538,2,0.10737573
539,2,0.06792941
540,2,0.06716581
541,2,0.05011007
542,2,0.06659009
543,2,0.10092662
544,2,0.09533677
545,2,0.07503213
546,2,0.10294406
547,2,0.05111898
548,2,0.07888339
549,2,0.08967771
550,2,0.07177123
551,2,0.07568337
552,2,0.06916917
553,2,0.05121711
554,2,0.04045491
555,2,0.10988027
556,2,0.04705922
557,2,0.04015456
558,2,0.06075891
559,2,0.05396972
560,2,0.10290392
561,2,0.08435379
562,2,0.06821687
563,2,0.04261784
564,2,0.06408654
565,2,0.09347066
566,2,0.06668228
567,2,0.05399322
568,2,0.05105938
569,2,0.06678752
570,2,0.09142174
571,2,0.04017879
572,2,0.10100648
573,2,0.02962353
574,2,0.05391207
575,2,0.03443901
576,2,0.03199930
577,2,0.06900121
578,2,0.06246335
579,2,0.11377381
580,2,0.12183174
581,2,0.11647095
582,2,0.06844474
583,2,0.05965113
584,2,0.07782932
585,2,0.02895025
586,2,0.06976578
587,3,0.06152486
588,3,0.05655434
589,3,0.08442895
590,3,0.03078010
591,3,0.07560506
592,3,0.05155520
593,3,0.05433007
594,3,0.08907585
595,3,0.05611047
596,3,0.07937406
597,3,0.07778650
598,3,0.02919035
599,3,0.05542060
600,3,0.04279384
601,3,0.04861930
602,3,0.09586765
603,3,0.03434841
604,3,0.03289343
605,3,0.09598003
606,3,0.06322417
607,3,0.12876602
608,3,0.02637437
609,3,0.04317124
610,3,0.08456092
611,3,0.14000767
612,3,0.11114274
613,3,0.10502800
614,3,0.06051347
615,3,0.06091390
616,3,0.03363600
617,3,0.02209027
618,3,0.05788494
619,3,0.07912967
620,3,0.07440276
621,3,0.11879455
622,3,0.08467630
623,3,0.07978804
624,3,0.04290396
625,3,0.05803638
626,3,0.14674126
627,3,0.03542378
628,3,0.04063933
629,3,0.06093880
630,3,0.07936338
631,3,0.05060413
632,3,0.10049769
633,3,0.04576852
634,3,0.06640346
635,3,0.04188104
636,3,0.04808347
637,3,0.04271474
638,3,0.05037498
639,3,0.06951883
640,3,0.04540701
641,3,0.11148738
642,3,0.04769766
643,3,0.03974034
644,3,0.08515334
645,3,0.02222900
646,3,0.10123424
647,3,0.08246858
648,3,0.05562896
649,3,0.08589141
650,3,0.04856361
651,3,0.03495524
652,3,0.06834034
653,3,0.09330399
654,3,0.02965283
655,3,0.08126517
656,3,0.09976278
657,3,0.07921848
658,3,0.03250530
659,3,0.10042370
660,3,0.08217999
661,3,0.10950505
662,3,0.04405796
663,3,0.07825699
664,3,0.05863745
665,3,0.10184454
666,3,0.04926255
667,3,0.13838986
668,3,0.06791338
669,3,0.04607155
670,3,0.04387397
671,3,0.05633250
672,3,0.05389437
673,3,0.07187880
674,3,0.06829967
675,3,0.10857254
676,3,0.04793169
677,3,0.04662106
678,3,0.06551310
679,3,0.06225123
680,3,0.09785452
681,3,0.06843915
682,3,0.06642394
683,3,0.04230659
684,3,0.07822904
685,3,0.03026953
686,3,0.07379691
687,3,0.04538199
688,3,0.07925119
689,3,0.07880092
690,3,0.03233046
691,3,0.06869394
692,3,0.11250388
693,3,0.03397121
694,3,0.10300891
695,3,0.10259562
696,3,0.07426305
697,3,0.05528197
698,3,0.06612912
699,3,0.04934364
700,3,0.07450618
701,3,0.04415227
702,3,0.12151697
703,3,0.16057383
704,3,0.06235810
705,3,0.10874233
706,3,0.06948839
707,3,0.06582448
708,3,0.05333633
709,3,0.05160232
710,3,0.10724352
711,3,0.04084277
712,3,0.06248976
713,3,0.06849504
714,3,0.03072172
715,3,0.04588058
716,3,0.04383432
717,3,0.04333510
718,3,0.12602040
719,3,0.03881279
720,3,0.07914922
721,3,0.05750050
722,3,0.04268739
723,3,0.04279863
724,3,0.07510941
725,3,0.05165282
726,3,0.04917345
727,3,0.06345973
728,3,0.07338460
729,3,0.05715799
730,3,0.07208951
731,3,0.04317508
732,3,0.04283254
733,3,0.06301904
734,3,0.05104703
735,3,0.07698260
736,3,0.05410563
737,3,0.03779053
738,3,0.05422281
739,3,0.04881365
740,3,0.06901480
741,3,0.04151880
742,3,0.02039165
743,3,0.09559738
744,3,0.03494413
745,3,0.11171885
746,3,0.02183797
747,3,0.02103066
748,3,0.03941082
749,3,0.03419791
750,3,0.03535330
751,3,0.04168357
752,3,0.03174436
753,3,0.08724184
754,3,0.07227379
755,3,0.03793781
756,3,0.02077204
757,3,0.05071558
758,3,0.02564791
759,3,0.02201471
760,3,0.08469649
761,3,0.07313188
762,3,0.02853605
763,3,0.02896830
764,3,0.02871855
765,3,0.05589175
766,3,0.03771409
767,3,0.04951478
768,3,0.03631450
769,3,0.03791175
770,3,0.03222561
771,3,0.05232278
772,3,0.10792152
773,3,0.04252994
774,3,0.03146716
775,3,0.03768204
776,3,0.12077620
777,3,0.05322814
778,3,0.02736124
779,3,0.07238305
780,3,0.03476603
781,3,0.07232615
782,3,0.08097855
783,3,0.11534962
784,3,0.04072296
785,3,0.14364372
786,3,0.03083018
787,3,0.05645731
788,3,0.03683038
789,3,0.05557403
790,3,0.09027996
791,3,0.04705899
792,3,0.05353887
793,3,0.05894463
794,3,0.03757067
795,3,0.03896679
796,3,0.10440789
797,3,0.12828021
798,3,0.03416993
799,3,0.07406640
800,3,0.09108048
801,3,0.03341370
802,3,0.05739496
803,3,0.04130150
804,3,0.05091625
805,3,0.05692535
806,3,0.01985048
807,3,0.02153242
808,3,0.02554401
809,3,0.04845242
810,3,0.12496845
811,3,0.05790330
812,3,0.02883827
813,3,0.03574044
814,3,0.06774959
815,3,0.05502630
816,3,0.07378718
817,3,0.04190893
818,3,0.09518497
819,3,0.04845964
820,3,0.03663557
821,3,0.05457847
822,3,0.04218722
823,3,0.08355134
824,3,0.11165889
825,3,0.02697495
826,3,0.06683643
827,3,0.05275623
828,3,0.06336405
829,3,0.04715989
830,3,0.02304162
831,3,0.02101504
832,3,0.03296319
833,3,0.05088345
834,3,0.04477230
835,3,0.03371507
836,3,0.02378975
837,3,0.06286553
838,3,0.03910705
839,3,0.06191899
840,3,0.04453679
841,3,0.04072410
842,3,0.11953811
843,3,0.04144720
844,3,0.05234747
845,3,0.08515589
846,3,0.05686144
847,3,0.04968090
848,3,0.07566515
849,3,0.03353696
850,3,0.02657571
851,3,0.04507810
852,3,0.05061353
853,3,0.03369350
854,3,0.03849820
855,3,0.06565333
856,3,0.03773298
857,3,0.04206420
858,3,0.02414597
859,3,0.04217149
860,3,0.04831999
861,3,0.04008620
862,3,0.03886714
863,3,0.02087926
864,3,0.04496745
865,3,0.03036711
866,3,0.08274624
867,3,0.03462016
868,3,0.10973115
869,3,0.04536254
870,3,0.04866747
871,3,0.04838039
872,3,0.07215672
873,3,0.02961508
874,3,0.15134676
875,3,0.12968664
876,3,0.02015745
877,3,0.05530280
878,3,0.09010432
879,3,0.03283295
880,4,0.10370746
881,4,0.01513775
882,4,0.02075620
883,4,0.03348971
884,4,0.06246325
885,4,0.04202074
886,4,0.04209319
887,4,0.09561352
888,4,0.01325474
889,4,0.04483763
890,4,0.06673537
891,4,0.06273104
892,4,0.05737960
893,4,0.06246619
894,4,0.06842786
895,4,0.03355883
896,4,0.05838316
897,4,0.04987765
898,4,0.03389214
899,4,0.02787456
900,4,0.05414751
901,4,0.03118700
902,4,0.02902835
903,4,0.17759576
904,4,0.04404192
905,4,0.03865242
906,4,0.06420442
907,4,0.03770720
908,4,0.04318032
909,4,0.05228307
910,4,0.03350829
911,4,0.02308813
912,4,0.02663972
913,4,0.04153122
914,4,0.04635313
915,4,0.05893893
916,4,0.03583367
917,4,0.04584753
918,4,0.03557413
919,4,0.05283751
920,4,0.04970518
921,4,0.05069770
922,4,0.02612244
923,4,0.07541075
924,4,0.05592134
925,4,0.03912536
926,4,0.04130784
927,4,0.08847479
928,4,0.03432398
929,4,0.04577736
930,4,0.04989286
931,4,0.05266624
932,4,0.04255896
933,4,0.07782070
934,4,0.04782696
935,4,0.04390128
936,4,0.03127084
937,4,0.05659686
938,4,0.02567338
939,4,0.08400929
940,4,0.06038728
941,4,0.06117765
942,4,0.03698042
943,4,0.07425034
944,4,0.04820157
945,4,0.03463761
946,4,0.06209043
947,4,0.08332342
948,4,0.04348962
949,4,0.08074731
950,4,0.05259195
951,4,0.02726355
952,4,0.04046606
953,4,0.02260277
954,4,0.02440298
955,4,0.09306075
956,4,0.06193190
957,4,0.02178049
958,4,0.06548592
959,4,0.06825390
960,4,0.04642166
961,4,0.03827586
962,4,0.02420735
963,4,0.10527819
964,4,0.08482591
965,4,0.01954971
966,4,0.02604291
967,4,0.04740433
968,4,0.10167579
969,4,0.03792708
970,4,0.13184033
971,4,0.03032440
972,4,0.10348261
973,4,0.08630324
974,4,0.04226749
975,4,0.03339648
976,4,0.04955984
977,4,0.04474064
978,4,0.05777915
979,4,0.03633995
980,4,0.03424928
981,4,0.05779128
982,4,0.06846798
983,4,0.06051187
984,4,0.03899057
985,4,0.06615599
986,4,0.04381800
987,4,0.04320644
988,4,0.04544583
989,4,0.03611828
990,4,0.03831980
991,4,0.04841768
992,4,0.02958048
993,4,0.06550651
994,4,0.03898339
995,4,0.02827571
996,4,0.02420525
997,4,0.02915358
998,4,0.02052527
999,4,0.07563306
1000,4,0.03716175
1001,4,0.03074068
1002,4,0.07250992
1003,4,0.07443041
1004,4,0.05090716
1005,4,0.01660890
1006,4,0.06102166
1007,4,0.02658937
1008,4,0.03218045
1009,4,0.01953746
1010,4,0.02876177
1011,4,0.07586064
1012,4,0.04141237
1013,4,0.05177141
1014,4,0.03032903
1015,4,0.03832548
1016,4,0.03904584
1017,4,0.05779416
1018,4,0.04290447
1019,4,0.02405021
1020,4,0.04940226
1021,4,0.01749930
1022,4,0.03784914
1023,4,0.01697650
1024,4,0.09831534
1025,4,0.06043147
1026,4,0.04242381
1027,4,0.04674356
1028,4,0.03341159
1029,4,0.04037255
1030,4,0.05768239
1031,4,0.05427412
1032,4,0.01869463
1033,4,0.02424981
1034,4,0.07700880
1035,4,0.04132134
1036,4,0.04443173
1037,4,0.02222656
1038,4,0.03307887
1039,4,0.02660759
1040,4,0.05713110
1041,4,0.03358518
1042,4,0.02994594
1043,4,0.04372678
1044,4,0.03438879
1045,4,0.02589336
1046,4,0.02967682
1047,4,0.07050102
1048,4,0.05482586
1049,4,0.04794228
1050,4,0.04300247
1051,4,0.02974029
1052,4,0.01766682
1053,4,0.02464555
1054,4,0.07699541
1055,4,0.05377400
1056,4,0.04268770
1057,4,0.02548685
1058,4,0.02821197
1059,4,0.01257001
1060,4,0.02868683
1061,4,0.01734626
1062,4,0.04009413
1063,4,0.01517385
1064,4,0.07181620
1065,4,0.05023482
1066,4,0.10292938
1067,4,0.03897742
1068,4,0.03421964
1069,4,0.03385910
1070,4,0.02669123
1071,4,0.04545083
1072,4,0.05210098
1073,4,0.04319787
1074,4,0.04809948
1075,4,0.03098952
1076,4,0.03112399
1077,4,0.08532486
1078,4,0.04600733
1079,4,0.08554854
1080,4,0.12215987
1081,4,0.08377437
1082,4,0.04987134
1083,4,0.04296580
1084,4,0.03720177
1085,4,0.07683986
1086,4,0.06875642
1087,4,0.05131598
1088,4,0.03986600
1089,4,0.06924854
1090,4,0.01926766
1091,4,0.07473860
1092,4,0.08512215
1093,4,0.04730912
1094,4,0.02626770
1095,4,0.03743729
1096,4,0.03801451
1097,4,0.04390619
1098,4,0.06873626
1099,4,0.09068113
1100,4,0.02491129
1101,4,0.07374007
1102,4,0.06198971
1103,4,0.06909746
1104,4,0.09733745
1105,4,0.06267858
1106,4,0.09338988
1107,4,0.04264661
1108,4,0.02804462
1109,4,0.04087626
1110,4,0.02729884
1111,4,0.07973366
1112,4,0.06658991
1113,4,0.02673115
1114,4,0.09244793
1115,4,0.04903430
1116,4,0.06127665
1117,4,0.02696754
1118,4,0.09883257
1119,4,0.03280658
1120,4,0.05227027
1121,4,0.06500551
1122,4,0.03297983
1123,4,0.01579550
1124,4,0.06788386
1125,4,0.02795693
1126,4,0.04888518
1127,4,0.01926283
1128,4,0.07713608
1129,4,0.05003013
1130,4,0.03129379
1131,4,0.02917012
1132,4,0.03054245
1133,4,0.05939544
1134,4,0.07571521
1135,4,0.03294102
1136,4,0.03383899
1137,4,0.03394673
1138,4,0.01739494
1139,4,0.02952332
1140,4,0.03727840
1141,4,0.11513246
1142,4,0.08401109
1143,4,0.02065736
1144,4,0.03848168
1145,4,0.04060515
1146,4,0.09686713
1147,4,0.03081484
1148,4,0.02395307
1149,4,0.03406650
1150,4,0.05040617
1151,4,0.06833325
1152,4,0.05640216
1153,4,0.02110381
1154,4,0.04953221
1155,4,0.02708452
1156,4,0.03790024
1157,4,0.03128394
1158,4,0.03425017
1159,4,0.09030253
1160,4,0.03482240
1161,4,0.02529361
1162,4,0.01497567
1163,4,0.03267031
1164,4,0.04557824
1165,4,0.03827238
1166,4,0.03957010
1167,4,0.07899406
1168,4,0.01810767
1169,4,0.03366040
1170,4,0.02402220
1171,4,0.03123180
1172,4,0.02386176
1173,5,0.04317839
1174,5,0.01367962
1175,5,0.06049196
1176,5,0.03717448
1177,5,0.04296518
1178,5,0.02773501
1179,5,0.03185068
1180,5,0.03321579
1181,5,0.04992180
1182,5,0.07767782
1183,5,0.03705051
1184,5,0.02078571
1185,5,0.02808002
1186,5,0.02631659
1187,5,0.03126094
1188,5,0.03804792
1189,5,0.02577399
1190,5,0.02330903
1191,5,0.02836704
1192,5,0.03582178
1193,5,0.02717212
1194,5,0.03505967
1195,5,0.02197117
1196,5,0.04704934
1197,5,0.03935960
1198,5,0.03010155
1199,5,0.02859458
1200,5,0.06718826
1201,5,0.05390799
1202,5,0.12612897
1203,5,0.05630506
1204,5,0.03479547
1205,5,0.08190342
1206,5,0.02946067
1207,5,0.01007528
1208,5,0.12663352
1209,5,0.05377050
1210,5,0.03077294
1211,5,0.02486131
1212,5,0.03629080
1213,5,0.02911887
1214,5,0.01975457
1215,5,0.06226833
1216,5,0.03652196
1217,5,0.04251330
1218,5,0.02921790
1219,5,0.05285814
1220,5,0.04487495
1221,5,0.02850019
1222,5,0.04213339
1223,5,0.02395701
1224,5,0.01594438
1225,5,0.03382310
1226,5,0.02925974
1227,5,0.01482025
1228,5,0.03542630
1229,5,0.01288496
1230,5,0.02878559
1231,5,0.06510708
1232,5,0.15190727
1233,5,0.10550757
1234,5,0.03011437
1235,5,0.02570514
1236,5,0.03579313
1237,5,0.01326704
1238,5,0.02258622
1239,5,0.03326564
1240,5,0.01871290
1241,5,0.06678831
1242,5,0.02732345
1243,5,0.03940118
1244,5,0.02470484
1245,5,0.03634221
1246,5,0.12610233
1247,5,0.04303088
1248,5,0.03309609
1249,5,0.01478821
1250,5,0.01225985
1251,5,0.04908851
1252,5,0.12256866
1253,5,0.09265253
1254,5,0.01493132
1255,5,0.04269550
1256,5,0.01249141
1257,5,0.03269511
1258,5,0.03091355
1259,5,0.02140448
1260,5,0.04481541
1261,5,0.03421157
1262,5,0.06360505
1263,5,0.03569087
1264,5,0.04961517
1265,5,0.02194506
1266,5,0.06487720
1267,5,0.01946628
1268,5,0.04836891
1269,5,0.02515459
1270,5,0.06949421
1271,5,0.03850779
1272,5,0.01560186
1273,5,0.03338951
1274,5,0.02994441
1275,5,0.05144917
1276,5,0.06984024
1277,5,0.07329468
1278,5,0.02069995
1279,5,0.01985998
1280,5,0.09354179
1281,5,0.05654240
1282,5,0.02299852
1283,5,0.17198537
1284,5,0.05032407
1285,5,0.03835627
1286,5,0.05717249
1287,5,0.02484961
1288,5,0.03608992
1289,5,0.03754285
1290,5,0.07429244
1291,5,0.10860267
1292,5,0.04391752
1293,5,0.05253019
1294,5,0.04703135
1295,5,0.04266779
1296,5,0.02032620
1297,5,0.02551221
1298,5,0.02895642
1299,5,0.10488161
1300,5,0.06160603
1301,5,0.01654838
1302,5,0.01432687
1303,5,0.04651672
1304,5,0.02114392
1305,5,0.02062692
1306,5,0.03276972
1307,5,0.09686391
1308,5,0.02669032
1309,5,0.02000850
1310,5,0.07243253
1311,5,0.04250020
1312,5,0.05472343
1313,5,0.05649570
1314,5,0.06380691
1315,5,0.02688840
1316,5,0.10640346
1317,5,0.03607120
1318,5,0.02929940
1319,5,0.02578755
1320,5,0.02260997
1321,5,0.02386098
1322,5,0.09242012
1323,5,0.02744480
1324,5,0.09761497
1325,5,0.02566972
1326,5,0.02233460
1327,5,0.04819380
1328,5,0.04187043
1329,5,0.02768930
1330,5,0.03556797
1331,5,0.04480226
1332,5,0.03414600
1333,5,0.03364620
1334,5,0.02960081
1335,5,0.04560304
1336,5,0.03049483
1337,5,0.02034537
1338,5,0.02662994
1339,5,0.08655830
1340,5,0.03985065
1341,5,0.02668081
1342,5,0.01436844
1343,5,0.03003052
1344,5,0.10790032
1345,5,0.05056485
1346,5,0.03202827
1347,5,0.05748735
1348,5,0.02813142
1349,5,0.04998295
1350,5,0.03107706
1351,5,0.02691774
1352,5,0.01087414
1353,5,0.03500012
1354,5,0.05544604
1355,5,0.03480262
1356,5,0.05891614
1357,5,0.03663002
1358,5,0.07215660
1359,5,0.09558252
1360,5,0.02737017
1361,5,0.02376624
1362,5,0.02708282
1363,5,0.07820646
1364,5,0.04699879
1365,5,0.01891585
1366,5,0.08642714
1367,5,0.01304847
1368,5,0.01852288
1369,5,0.04555926
1370,5,0.06909999
1371,5,0.03586131
1372,5,0.02186030
1373,5,0.06307469
1374,5,0.01810224
1375,5,0.09126112
1376,5,0.10736541
1377,5,0.03558738
1378,5,0.03002682
1379,5,0.03247195
1380,5,0.03936226
1381,5,0.08406236
1382,5,0.01451038
1383,5,0.04137542
1384,5,0.05230241
1385,5,0.02318799
1386,5,0.03180704
1387,5,0.01865368
1388,5,0.06434220
1389,5,0.08306043
1390,5,0.01458691
1391,5,0.08114106
1392,5,0.04759840
1393,5,0.03665188
1394,5,0.02046352
1395,5,0.07095289
1396,5,0.03645605
1397,5,0.01182210
1398,5,0.02711380
1399,5,0.04722178
1400,5,0.03321215
1401,5,0.03168422
1402,5,0.01300149
1403,5,0.09251550
1404,5,0.02775493
1405,5,0.02986424
1406,5,0.06388480
1407,5,0.02070350
1408,5,0.01707614
1409,5,0.03293488
1410,5,0.01801347
1411,5,0.06822485
1412,5,0.02767167
1413,5,0.04261416
1414,5,0.01969272
1415,5,0.04768842
1416,5,0.01706587
1417,5,0.04699542
1418,5,0.02098981
1419,5,0.01289718
1420,5,0.04345498
1421,5,0.01566305
1422,5,0.07600354
1423,5,0.01630922
1424,5,0.08164117
1425,5,0.12154177
1426,5,0.02413773
1427,5,0.03696463
1428,5,0.07854397
1429,5,0.03355252
1430,5,0.03482258
1431,5,0.02757668
1432,5,0.03608725
1433,5,0.04583814
1434,5,0.10403137
1435,5,0.03412089
1436,5,0.05042085
1437,5,0.03481332
1438,5,0.02712770
1439,5,0.06087358
1440,5,0.04288192
1441,5,0.03089949
1442,5,0.02233805
1443,5,0.05339037
1444,5,0.03609143
1445,5,0.03606080
1446,5,0.08034679
1447,5,0.02653240
1448,5,0.05706988
1449,5,0.10017715
1450,5,0.02342566
1451,5,0.01624130
1452,5,0.02068095
1453,5,0.03681551
1454,5,0.03174375
1455,5,0.02280440
1456,5,0.04247879
1457,5,0.02953975
1458,5,0.02320055
1459,5,0.02821282
1460,5,0.05346883
1461,5,0.01147348
1462,5,0.05585236
1463,5,0.02194275
1464,5,0.03770269
1465,5,0.03846956
1466,6,0.10455880
1467,6,0.03008298
1468,6,0.02082415
1469,6,0.05478540
1470,6,0.03117061
1471,6,0.02653201
1472,6,0.03550603
1473,6,0.03011039
1474,6,0.02749810
1475,6,0.03436381
1476,6,0.07256011
1477,6,0.02250198
1478,6,0.03005721
1479,6,0.04278600
1480,6,0.04276393
1481,6,0.05003367
1482,6,0.03809431
1483,6,0.02211229
1484,6,0.01979038
1485,6,0.05363315
1486,6,0.01764284
1487,6,0.03880711
1488,6,0.01831197
1489,6,0.04816522
1490,6,0.05355558
1491,6,0.01759935
1492,6,0.03586766
1493,6,0.02135102
1494,6,0.07967511
1495,6,0.03826402
1496,6,0.05327406
1497,6,0.03086741
1498,6,0.06048858
1499,6,0.03469816
1500,6,0.03925912
1501,6,0.01351068
1502,6,0.06012395
1503,6,0.10263333
1504,6,0.02777883
1505,6,0.01430948
1506,6,0.03601975
1507,6,0.02317479
1508,6,0.04789312
1509,6,0.04211729
1510,6,0.02018997
1511,6,0.01541946
1512,6,0.03883460
1513,6,0.05448585
1514,6,0.05416099
1515,6,0.04460367
1516,6,0.02934423
1517,6,0.01195033
1518,6,0.02897127
1519,6,0.02093351
1520,6,0.06063307
1521,6,0.03069107
1522,6,0.02561873
1523,6,0.07185886
1524,6,0.01337316
1525,6,0.01777847
1526,6,0.03488528
1527,6,0.01219273
1528,6,0.03401123
1529,6,0.01795526
1530,6,0.01700867
1531,6,0.02372596
1532,6,0.01626632
1533,6,0.09791660
1534,6,0.05782480
1535,6,0.05077928
1536,6,0.04348420
1537,6,0.02397473
1538,6,0.03262245
1539,6,0.02158759
1540,6,0.03182853
1541,6,0.02566000
1542,6,0.10164422
1543,6,0.02826176
1544,6,0.01914763
1545,6,0.06437452
1546,6,0.01252376
1547,6,0.04689212
1548,6,0.07717378
1549,6,0.01550187
1550,6,0.03715611
1551,6,0.08590257
1552,6,0.02156714
1553,6,0.02454302
1554,6,0.06411992
1555,6,0.05548661
1556,6,0.02386602
1557,6,0.02423027
1558,6,0.02674446
1559,6,0.04280685
1560,6,0.01723692
1561,6,0.02224061
1562,6,0.03104900
1563,6,0.05011073
1564,6,0.09104711
1565,6,0.04155736
1566,6,0.03246155
1567,6,0.10210100
1568,6,0.04967851
1569,6,0.04604857
1570,6,0.01567465
1571,6,0.11207367
1572,6,0.05299183
1573,6,0.07087494
1574,6,0.02554180
1575,6,0.08369100
1576,6,0.01042723
1577,6,0.05488013
1578,6,0.04872974
1579,6,0.02805996
1580,6,0.04964861
1581,6,0.02577282
1582,6,0.05725925
1583,6,0.01390990
1584,6,0.07653572
1585,6,0.01731868
1586,6,0.01537066
1587,6,0.03127105
1588,6,0.02044649
1589,6,0.01485845
1590,6,0.02466187
1591,6,0.02001397
1592,6,0.02737178
1593,6,0.02553442
1594,6,0.06623532
1595,6,0.04716275
1596,6,0.02420127
1597,6,0.04131236
1598,6,0.02133991
1599,6,0.03236689
1600,6,0.04316176
1601,6,0.02793897
1602,6,0.01794685
1603,6,0.01557530
1604,6,0.02983403
1605,6,0.03300405
1606,6,0.04726035
1607,6,0.03621748
1608,6,0.01831746
1609,6,0.03288304
1610,6,0.04941810
1611,6,0.08291955
1612,6,0.02348090
1613,6,0.09705751
1614,6,0.02236988
1615,6,0.04865836
1616,6,0.05554444
1617,6,0.09032278
1618,6,0.01544830
1619,6,0.05552759
1620,6,0.08799221
1621,6,0.04397225
1622,6,0.05676008
1623,6,0.04558631
1624,6,0.03912835
1625,6,0.16909504
1626,6,0.03190977
1627,6,0.01855845
1628,6,0.03035910
1629,6,0.08025151
1630,6,0.05863204
1631,6,0.02827036
1632,6,0.04401229
1633,6,0.01162443
1634,6,0.08977862
1635,6,0.01434112
1636,6,0.03267666
1637,6,0.02420118
1638,6,0.02893580
1639,6,0.02872227
1640,6,0.03596069
1641,6,0.02581909
1642,6,0.01789365
1643,6,0.01700141
1644,6,0.06009824
1645,6,0.05989117
1646,6,0.06980881
1647,6,0.05204610
1648,6,0.03649605
1649,6,0.02231472
1650,6,0.10763382
1651,6,0.04957054
1652,6,0.06673450
1653,6,0.02575286
1654,6,0.02014064
1655,6,0.02997214
1656,6,0.03093544
1657,6,0.09305242
1658,6,0.02312357
1659,6,0.01838509
1660,6,0.05788800
1661,6,0.10824299
1662,6,0.02229032
1663,6,0.04773591
1664,6,0.04553806
1665,6,0.02229697
1666,6,0.03930019
1667,6,0.03030854
1668,6,0.01800778
1669,6,0.07743694
1670,6,0.02855919
1671,6,0.04322361
1672,6,0.02007362
1673,6,0.01545726
1674,6,0.02460734
1675,6,0.03584443
1676,6,0.05776485
1677,6,0.03284023
1678,6,0.03580322
1679,6,0.09868162
1680,6,0.01302123
1681,6,0.05988711
1682,6,0.01852146
1683,6,0.06073556
1684,6,0.02272038
1685,6,0.02903564
1686,6,0.06995119
1687,6,0.02019501
1688,6,0.09195720
1689,6,0.08549860
1690,6,0.04308226
1691,6,0.04347787
1692,6,0.03367604
1693,6,0.03456315
1694,6,0.03464493
1695,6,0.01117878
1696,6,0.02258446
1697,6,0.06071407
1698,6,0.02007747
1699,6,0.02051789
1700,6,0.05428087
1701,6,0.03371362
1702,6,0.03105877
1703,6,0.07351965
1704,6,0.03305928
1705,6,0.01962440
1706,6,0.03992133
1707,6,0.02021700
1708,6,0.03385777
1709,6,0.01428923
1710,6,0.04098593
1711,6,0.01816907
1712,6,0.02786008
1713,6,0.01985274
1714,6,0.06862237
1715,6,0.06418760
1716,6,0.01509027
1717,6,0.02059548
1718,6,0.02603124
1719,6,0.01721481
1720,6,0.06033830
1721,6,0.02602388
1722,6,0.04281794
1723,6,0.03381462
1724,6,0.01982134
1725,6,0.03322837
1726,6,0.03479680
1727,6,0.03733073
1728,6,0.02510916
1729,6,0.02079961
1730,6,0.04117101
1731,6,0.08147068
1732,6,0.05092908
1733,6,0.03309160
1734,6,0.03616341
1735,6,0.04860844
1736,6,0.02420981
1737,6,0.03351061
1738,6,0.01880510
1739,6,0.01835295
1740,6,0.04194036
1741,6,0.05697165
1742,6,0.06405903
1743,6,0.03564301
1744,6,0.02397867
1745,6,0.06778630
1746,6,0.02577733
1747,6,0.03826100
1748,6,0.01811358
1749,6,0.11431485
1750,6,0.02790000
1751,6,0.02193354
1752,6,0.10888033
1753,6,0.02402369
1754,6,0.01713797
1755,6,0.10939613
1756,6,0.03471139
1757,6,0.04045251
1758,6,0.06969011
1759,7,0.02670251
1760,7,0.01930734
1761,7,0.01446573
1762,7,0.02041273
1763,7,0.08872361
1764,7,0.01694377
1765,7,0.05797043
1766,7,0.01778992
1767,7,0.03036645
1768,7,0.01736785
1769,7,0.02097827
1770,7,0.07748456
1771,7,0.09585967
1772,7,0.02162010
1773,7,0.02392665
1774,7,0.01994194
1775,7,0.08341859
1776,7,0.04821715
1777,7,0.02125497
1778,7,0.05362031
1779,7,0.02801435
1780,7,0.06919279
1781,7,0.02424793
1782,7,0.02562954
1783,7,0.01511542
1784,7,0.02411989
1785,7,0.01872754
1786,7,0.05695437
1787,7,0.03041030
1788,7,0.04680683
1789,7,0.04196155
1790,7,0.02169116
1791,7,0.02662637
1792,7,0.02890848
1793,7,0.04689670
1794,7,0.03291247
1795,7,0.02916751
1796,7,0.02890425
1797,7,0.02907241
1798,7,0.05724712
1799,7,0.02631695
1800,7,0.06719393
1801,7,0.02664371
1802,7,0.10043971
1803,7,0.02516606
1804,7,0.01348345
1805,7,0.02717460
1806,7,0.04970922
1807,7,0.02013519
1808,7,0.04523254
1809,7,0.03679516
1810,7,0.01698881
1811,7,0.03416052
1812,7,0.02721286
1813,7,0.02544101
1814,7,0.10737724
1815,7,0.02910640
1816,7,0.02231416
1817,7,0.03299580
1818,7,0.02697241
1819,7,0.03550905
1820,7,0.01641096
1821,7,0.08375739
1822,7,0.06840248
1823,7,0.02218968
1824,7,0.03475677
1825,7,0.02905665
1826,7,0.01301943
1827,7,0.03350941
1828,7,0.02074770
1829,7,0.07026049
1830,7,0.01976368
1831,7,0.01781792
1832,7,0.03618950
1833,7,0.01467617
1834,7,0.02875239
1835,7,0.01537436
1836,7,0.02139438
1837,7,0.05041548
1838,7,0.01520528
1839,7,0.02726680
1840,7,0.03271135
1841,7,0.04406421
1842,7,0.02736146
1843,7,0.02846723
1844,7,0.02749989
1845,7,0.03127581
1846,7,0.02161535
1847,7,0.06828330
1848,7,0.02714836
1849,7,0.02045791
1850,7,0.06161851
1851,7,0.09170406
1852,7,0.05068582
1853,7,0.04099976
1854,7,0.01741676
1855,7,0.01203782
1856,7,0.02250267
1857,7,0.02191277
1858,7,0.05825110
1859,7,0.02235970
1860,7,0.07202922
1861,7,0.02365295
1862,7,0.02920828
1863,7,0.05638396
1864,7,0.02619029
1865,7,0.02442888
1866,7,0.09496797
1867,7,0.03626174
1868,7,0.02881348
1869,7,0.02622399
1870,7,0.05246492
1871,7,0.03158281
1872,7,0.02435242
1873,7,0.06325240
1874,7,0.02053957
1875,7,0.01417524
1876,7,0.07355580
1877,7,0.09089412
1878,7,0.02739222
1879,7,0.06066665
1880,7,0.01860518
1881,7,0.03400125
1882,7,0.03972364
1883,7,0.05220041
1884,7,0.02610638
1885,7,0.04745453
1886,7,0.03760880
1887,7,0.01846021
1888,7,0.03046671
1889,7,0.03608263
1890,7,0.01887111
1891,7,0.04555554
1892,7,0.01801602
1893,7,0.01916331
1894,7,0.02102699
1895,7,0.04813868
1896,7,0.03519669
1897,7,0.03956296
1898,7,0.00849762
1899,7,0.06296109
1900,7,0.03527159
1901,7,0.04399605
1902,7,0.03390235
1903,7,0.01437567
1904,7,0.07181934
1905,7,0.03664054
1906,7,0.06381926
1907,7,0.05196392
1908,7,0.02329432
1909,7,0.01968341
1910,7,0.01480485
1911,7,0.02511142
1912,7,0.02208501
1913,7,0.02729006
1914,7,0.01347198
1915,7,0.02184530
1916,7,0.02601178
1917,7,0.02642922
1918,7,0.04928934
1919,7,0.01885024
1920,7,0.04688159
1921,7,0.02813317
1922,7,0.04902644
1923,7,0.02281369
1924,7,0.01805957
1925,7,0.04076248
1926,7,0.06391235
1927,7,0.03932930
1928,7,0.04349611
1929,7,0.02694818
1930,7,0.01123748
1931,7,0.06561422
1932,7,0.11951321
1933,7,0.03759834
1934,7,0.03130035
1935,7,0.05368876
1936,7,0.02254563
1937,7,0.02239651
1938,7,0.02218929
1939,7,0.06408156
1940,7,0.01987367
1941,7,0.03945034
1942,7,0.04882937
1943,7,0.06471996
1944,7,0.03044095
1945,7,0.02937743
1946,7,0.11962562
1947,7,0.02149056
1948,7,0.02660606
1949,7,0.02748306
1950,7,0.02160509
1951,7,0.01102307
1952,7,0.02273335
1953,7,0.01334765
1954,7,0.00930953
1955,7,0.02190553
1956,7,0.09337676
1957,7,0.02257856
1958,7,0.03414180
1959,7,0.02385241
1960,7,0.10888727
1961,7,0.02048566
1962,7,0.04372006
1963,7,0.05350846
1964,7,0.02119496
1965,7,0.07270164
1966,7,0.12353408
1967,7,0.04515393
1968,7,0.01900812
1969,7,0.04868750
1970,7,0.05843515
1971,7,0.03260790
1972,7,0.03987634
1973,7,0.03039339
1974,7,0.06247803
1975,7,0.07566474
1976,7,0.02966522
1977,7,0.03407007
1978,7,0.02775878
1979,7,0.02326972
1980,7,0.01936445
1981,7,0.02489721
1982,7,0.01182728
1983,7,0.01546059
1984,7,0.08030237
1985,7,0.10940932
1986,7,0.02505629
1987,7,0.03341571
1988,7,0.06239223
1989,7,0.07134350
1990,7,0.02221203
1991,7,0.04522383
1992,7,0.01076750
1993,7,0.02524172
1994,7,0.02056647
1995,7,0.01943380
1996,7,0.01681563
1997,7,0.03069240
1998,7,0.02429365
1999,7,0.02299584
2000,7,0.01844097
2001,7,0.04841982
2002,7,0.01573584
2003,7,0.03118211
2004,7,0.06397603
2005,7,0.02971490
2006,7,0.01447157
2007,7,0.01753625
2008,7,0.01271538
2009,7,0.03175180
2010,7,0.05850082
2011,7,0.01675603
2012,7,0.04961066
2013,7,0.05370808
2014,7,0.07635994
2015,7,0.04424622
2016,7,0.04101299
2017,7,0.02157456
2018,7,0.02393498
2019,7,0.07304646
2020,7,0.04723203
2021,7,0.06609999
2022,7,0.03278571
2023,7,0.07411944
2024,7,0.01470959
2025,7,0.08371492
2026,7,0.01534484
2027,7,0.01713809
2028,7,0.06448437
2029,7,0.04952033
2030,7,0.02721373
2031,7,0.02244108
2032,7,0.04700141
2033,7,0.02797369
2034,7,0.05921420
2035,7,0.03988099
2036,7,0.01596921
2037,7,0.03300753
2038,7,0.04164542
2039,7,0.03183884
2040,7,0.05221799
2041,7,0.03141601
2042,7,0.07099121
2043,7,0.04565224
2044,7,0.03018824
2045,7,0.01915516
2046,7,0.03444254
2047,7,0.10259081
2048,7,0.03632953
2049,7,0.06935865
2050,7,0.09310656
2051,7,0.04850087
2052,8,0.01388367
2053,8,0.03574998
2054,8,0.01018782
2055,8,0.01774272
2056,8,0.03855624
2057,8,0.01471770
2058,8,0.02284412
2059,8,0.02001240
2060,8,0.03763570
2061,8,0.02650214
2062,8,0.04351285
2063,8,0.06688822
2064,8,0.01930516
2065,8,0.12162274
2066,8,0.03529880
2067,8,0.05297992
2068,8,0.01894942
2069,8,0.02175426
2070,8,0.02922749
2071,8,0.05091698
2072,8,0.02727327
2073,8,0.05339139
2074,8,0.02477804
2075,8,0.03460313
2076,8,0.04237367
2077,8,0.04996863
2078,8,0.04216654
2079,8,0.04721379
2080,8,0.02498297
2081,8,0.03606762
2082,8,0.05714316
2083,8,0.02484277
2084,8,0.02925845
2085,8,0.02785658
2086,8,0.05531263
2087,8,0.02054234
2088,8,0.09300132
2089,8,0.01823080
2090,8,0.02825041
2091,8,0.09326341
2092,8,0.06961738
2093,8,0.01597483
2094,8,0.03624845
2095,8,0.02411652
2096,8,0.03266711
2097,8,0.02880461
2098,8,0.03761606
2099,8,0.01659882
2100,8,0.02853353
2101,8,0.01079818
2102,8,0.02245743
2103,8,0.03866009
2104,8,0.03832987
2105,8,0.01732407
2106,8,0.02799160
2107,8,0.01851410
2108,8,0.05416483
2109,8,0.01419738
2110,8,0.04856591
2111,8,0.04315656
2112,8,0.01899106
2113,8,0.02452088
2114,8,0.02795205
2115,8,0.01897657
2116,8,0.02215036
2117,8,0.02532496
2118,8,0.02395506
2119,8,0.02226086
2120,8,0.02183699
2121,8,0.02960235
2122,8,0.01234893
2123,8,0.08909532
2124,8,0.02550082
2125,8,0.05723240
2126,8,0.02681419
2127,8,0.02998294
2128,8,0.02683662
2129,8,0.01481988
2130,8,0.06714583
2131,8,0.08532239
2132,8,0.03687859
2133,8,0.06896856
2134,8,0.05959450
2135,8,0.01630886
2136,8,0.02905980
2137,8,0.01785416
2138,8,0.03489384
2139,8,0.06005467
2140,8,0.02826607
2141,8,0.06592440
2142,8,0.01286998
2143,8,0.02301407
2144,8,0.12745233
2145,8,0.06473956
2146,8,0.02012610
2147,8,0.01792331
2148,8,0.04775655
2149,8,0.03856737
2150,8,0.02388098
2151,8,0.03438291
2152,8,0.04737301
2153,8,0.04247424
2154,8,0.01459830
2155,8,0.02239201
2156,8,0.02323172
2157,8,0.02314595
2158,8,0.08691184
2159,8,0.04103683
2160,8,0.02988846
2161,8,0.02611740
2162,8,0.02026738
2163,8,0.01493788
2164,8,0.01082216
2165,8,0.02970102
2166,8,0.00919670
2167,8,0.02585160
2168,8,0.02344078
2169,8,0.08858292
2170,8,0.01493857
2171,8,0.02164124
2172,8,0.03804202
2173,8,0.02809722
2174,8,0.01838094
2175,8,0.02142982
2176,8,0.02579023
2177,8,0.03847320
2178,8,0.08145586
2179,8,0.01527017
2180,8,0.02808502
2181,8,0.02887431
2182,8,0.02353309
2183,8,0.03346430
2184,8,0.01861370
2185,8,0.02163828
2186,8,0.00735817
2187,8,0.02825100
2188,8,0.03500456
2189,8,0.01899110
2190,8,0.06126044
2191,8,0.05304208
2192,8,0.10446459
2193,8,0.09320312
2194,8,0.01948125
2195,8,0.01501045
2196,8,0.05341873
2197,8,0.01721840
2198,8,0.03270675
2199,8,0.02987692
2200,8,0.02270851
2201,8,0.03728154
2202,8,0.01857061
2203,8,0.02609098
2204,8,0.03296541
2205,8,0.05825125
2206,8,0.09106015
2207,8,0.01371669
2208,8,0.02342785
2209,8,0.07438888
2210,8,0.01493805
2211,8,0.03157995
2212,8,0.03478743
2213,8,0.02002655
2214,8,0.05804776
2215,8,0.02678855
2216,8,0.07940421
2217,8,0.02113554
2218,8,0.09095675
2219,8,0.02625156
2220,8,0.04156007
2221,8,0.03653249
2222,8,0.01191394
2223,8,0.01225332
2224,8,0.09028839
2225,8,0.01637273
2226,8,0.01763668
2227,8,0.01856117
2228,8,0.01543962
2229,8,0.03532589
2230,8,0.02525821
2231,8,0.02796268
2232,8,0.05012906
2233,8,0.02907791
2234,8,0.04567322
2235,8,0.01517592
2236,8,0.03205988
2237,8,0.01906041
2238,8,0.06415403
2239,8,0.07885642
2240,8,0.03875447
2241,8,0.01591987
2242,8,0.05065124
2243,8,0.01403011
2244,8,0.03309406
2245,8,0.01833425
2246,8,0.02342354
2247,8,0.03981319
2248,8,0.05154720
2249,8,0.07168105
2250,8,0.03439323
2251,8,0.03741813
2252,8,0.01879637
2253,8,0.04579901
2254,8,0.04883373
2255,8,0.04424265
2256,8,0.02608183
2257,8,0.01805794
2258,8,0.06553489
2259,8,0.05907407
2260,8,0.02057672
2261,8,0.03764930
2262,8,0.07253110
2263,8,0.01987625
2264,8,0.02094710
2265,8,0.02240805
2266,8,0.08395041
2267,8,0.04861971
2268,8,0.02739853
2269,8,0.02472417
2270,8,0.02566477
2271,8,0.07825172
2272,8,0.03556352
2273,8,0.01403279
2274,8,0.02882701
2275,8,0.02854075
2276,8,0.04290695
2277,8,0.02108350
2278,8,0.03490712
2279,8,0.03081336
2280,8,0.03289071
2281,8,0.04211801
2282,8,0.03049472
2283,8,0.04368242
2284,8,0.03002676
2285,8,0.02373941
2286,8,0.01998355
2287,8,0.03441279
2288,8,0.02064915
2289,8,0.01539602
2290,8,0.02080488
2291,8,0.07128966
2292,8,0.01215905
2293,8,0.03493302
2294,8,0.08139197
2295,8,0.04958883
2296,8,0.02323318
2297,8,0.03813570
2298,8,0.02445870
2299,8,0.01749666
2300,8,0.03907243
2301,8,0.03022257
2302,8,0.02708487
2303,8,0.07092754
2304,8,0.01444655
2305,8,0.05980505
2306,8,0.01714123
2307,8,0.03524674
2308,8,0.02431704
2309,8,0.03220801
2310,8,0.03325037
2311,8,0.02842828
2312,8,0.03518362
2313,8,0.01467073
2314,8,0.01312849
2315,8,0.04943965
2316,8,0.01337195
2317,8,0.03109877
2318,8,0.03153602
2319,8,0.04131662
2320,8,0.02030168
2321,8,0.01942169
2322,8,0.04635036
2323,8,0.01289862
2324,8,0.01790553
2325,8,0.06863774
2326,8,0.04379417
2327,8,0.01461052
2328,8,0.02015896
2329,8,0.06083598
2330,8,0.01891446
2331,8,0.03447220
2332,8,0.03734341
2333,8,0.03304547
2334,8,0.06192258
2335,8,0.02330290
2336,8,0.01532783
2337,8,0.06588541
2338,8,0.02834479
2339,8,0.02037286
2340,8,0.01782499
2341,8,0.04701914
2342,8,0.06433620
2343,8,0.05425577
2344,8,0.01909766
2345,9,0.01963105
2346,9,0.02298015
2347,9,0.01345946
2348,9,0.05645211
2349,9,0.02287002
2350,9,0.01974521
2351,9,0.02557245
2352,9,0.02907313
2353,9,0.04043474
2354,9,0.03237323
2355,9,0.02788983
2356,9,0.04585060
2357,9,0.02497432
2358,9,0.01169276
2359,9,0.02285790
2360,9,0.05597523
2361,9,0.00603235
2362,9,0.05486996
2363,9,0.02366820
2364,9,0.00779981
2365,9,0.06107587
2366,9,0.07296528
2367,9,0.01987144
2368,9,0.01270153
2369,9,0.01441017
2370,9,0.02500177
2371,9,0.05003736
2372,9,0.01144787
2373,9,0.03604262
2374,9,0.01283261
2375,9,0.01789150
2376,9,0.02956353
2377,9,0.03108841
2378,9,0.02065522
2379,9,0.01050135
2380,9,0.05832470
2381,9,0.01862023
2382,9,0.03776850
2383,9,0.02082510
2384,9,0.03148918
2385,9,0.00782278
2386,9,0.05552990
2387,9,0.00966893
2388,9,0.03554451
2389,9,0.01774734
2390,9,0.04947756
2391,9,0.02439625
2392,9,0.02704520
2393,9,0.02776441
2394,9,0.05072204
2395,9,0.04063867
2396,9,0.03422972
2397,9,0.02449328
2398,9,0.03490357
2399,9,0.07629928
2400,9,0.01588218
2401,9,0.01807294
2402,9,0.02635012
2403,9,0.03306859
2404,9,0.01027508
2405,9,0.03215259
2406,9,0.04851951
2407,9,0.04143371
2408,9,0.08361603
2409,9,0.02098322
2410,9,0.02620049
2411,9,0.00779286
2412,9,0.03460511
2413,9,0.00839797
2414,9,0.06345454
2415,9,0.01571307
2416,9,0.06697080
2417,9,0.01891301
2418,9,0.02024737
2419,9,0.03573252
2420,9,0.02992446
2421,9,0.04127258
2422,9,0.09739579
2423,9,0.01438431
2424,9,0.01209991
2425,9,0.02274939
2426,9,0.08126075
2427,9,0.01756363
2428,9,0.00933360
2429,9,0.02370398
2430,9,0.03996761
2431,9,0.02389969
2432,9,0.02198116
2433,9,0.05659687
2434,9,0.03300498
2435,9,0.02336088
2436,9,0.07788777
2437,9,0.01341179
2438,9,0.04697771
2439,9,0.03257288
2440,9,0.01466601
2441,9,0.08794794
2442,9,0.03176883
2443,9,0.02597754
2444,9,0.09695072
2445,9,0.02127815
2446,9,0.02746754
2447,9,0.02105389
2448,9,0.04863709
2449,9,0.01877730
2450,9,0.03601409
2451,9,0.06660036
2452,9,0.02514167
2453,9,0.04102931
2454,9,0.03495116
2455,9,0.03611652
2456,9,0.02309150
2457,9,0.01874884
2458,9,0.04142097
2459,9,0.04942720
2460,9,0.02488523
2461,9,0.10760663
2462,9,0.01345588
2463,9,0.01642125
2464,9,0.02287057
2465,9,0.02735450
2466,9,0.01695929
2467,9,0.03064434
2468,9,0.04445081
2469,9,0.01840091
2470,9,0.02137214
2471,9,0.02669432
2472,9,0.01460623
2473,9,0.02104675
2474,9,0.03087246
2475,9,0.03457463
2476,9,0.01700052
2477,9,0.01640360
2478,9,0.03174366
2479,9,0.02787673
2480,9,0.06533288
2481,9,0.02673353
2482,9,0.02946340
2483,9,0.09257749
2484,9,0.02011909
2485,9,0.03426351
2486,9,0.02275111
2487,9,0.01839058
2488,9,0.00910211
2489,9,0.05040496
2490,9,0.02099677
2491,9,0.01700732
2492,9,0.02528319
2493,9,0.01552538
2494,9,0.04173509
2495,9,0.02607992
2496,9,0.03290871
2497,9,0.02250533
2498,9,0.02736326
2499,9,0.02636958
2500,9,0.01486930
2501,9,0.02170936
2502,9,0.05380799
2503,9,0.00897859
2504,9,0.08493602
2505,9,0.04154290
2506,9,0.02392626
2507,9,0.04039953
2508,9,0.01536251
2509,9,0.02103939
2510,9,0.04703854
2511,9,0.02553212
2512,9,0.02185993
2513,9,0.04242840
2514,9,0.01873822
2515,9,0.01842681
2516,9,0.01171952
2517,9,0.03356495
2518,9,0.01800533
2519,9,0.02195704
2520,9,0.03023724
2521,9,0.01843690
2522,9,0.03519116
2523,9,0.00930655
2524,9,0.06927039
2525,9,0.02956124
2526,9,0.01500364
2527,9,0.02084113
2528,9,0.04552836
2529,9,0.03270411
2530,9,0.04562975
2531,9,0.01645621
2532,9,0.01648469
2533,9,0.09238093
2534,9,0.08433807
2535,9,0.01381727
2536,9,0.02250705
2537,9,0.04932632
2538,9,0.02091101
2539,9,0.03426142
2540,9,0.01887581
2541,9,0.01403461
2542,9,0.06748744
2543,9,0.02607233
2544,9,0.06219874
2545,9,0.07983029
2546,9,0.02838540
2547,9,0.10284752
2548,9,0.02921473
2549,9,0.01583534
2550,9,0.04955372
2551,9,0.01068467
2552,9,0.06210785
2553,9,0.02986902
2554,9,0.09098624
2555,9,0.03955713
2556,9,0.02781377
2557,9,0.02150911
2558,9,0.05570751
2559,9,0.01560204
2560,9,0.01600516
2561,9,0.02623185
2562,9,0.02208519
2563,9,0.05274725
2564,9,0.00750352
2565,9,0.08899517
2566,9,0.05685769
2567,9,0.03071138
2568,9,0.02050483
2569,9,0.01120234
2570,9,0.01426632
2571,9,0.04393195
2572,9,0.01954655
2573,9,0.05168527
2574,9,0.02458410
2575,9,0.07909270
2576,9,0.02438236
2577,9,0.02382202
2578,9,0.02587238
2579,9,0.02078056
2580,9,0.01561803
2581,9,0.02277564
2582,9,0.01575795
2583,9,0.01889923
2584,9,0.01856858
2585,9,0.04556536
2586,9,0.02117369
2587,9,0.08249751
2588,9,0.06167032
2589,9,0.03402215
2590,9,0.06925981
2591,9,0.00706491
2592,9,0.01551171
2593,9,0.01764067
2594,9,0.09826273
2595,9,0.02654256
2596,9,0.01194504
2597,9,0.04664062
2598,9,0.03767410
2599,9,0.08267211
2600,9,0.03183753
2601,9,0.02976976
2602,9,0.02388792
2603,9,0.09405292
2604,9,0.03185260
2605,9,0.04305799
2606,9,0.07538558
2607,9,0.03621679
2608,9,0.01448868
2609,9,0.01260160
2610,9,0.04678950
2611,9,0.01314027
2612,9,0.01544779
2613,9,0.08224587
2614,9,0.02314718
2615,9,0.05944759
2616,9,0.05061776
2617,9,0.01527417
2618,9,0.05595699
2619,9,0.04188029
2620,9,0.03910201
2621,9,0.02385569
2622,9,0.08286349
2623,9,0.02452319
2624,9,0.04069902
2625,9,0.01660994
2626,9,0.02251673
2627,9,0.09015722
2628,9,0.02252305
2629,9,0.01841298
2630,9,0.04930304
2631,9,0.04324863
2632,9,0.02441929
2633,9,0.02906566
2634,9,0.01575452
2635,9,0.05543289
2636,9,0.02832109
2637,9,0.00990771
2638,10,0.02852156
2639,10,0.02254038
2640,10,0.03214635
2641,10,0.02746792
2642,10,0.01217889
2643,10,0.05018145
2644,10,0.02150616
2645,10,0.03254954
2646,10,0.03502860
2647,10,0.01474845
2648,10,0.01746533
2649,10,0.01160341
2650,10,0.02199505
2651,10,0.02077187
2652,10,0.02999718
2653,10,0.02024729
2654,10,0.01373065
2655,10,0.02555856
2656,10,0.03686352
2657,10,0.02426455
2658,10,0.12156866
2659,10,0.05901007
2660,10,0.02021988
2661,10,0.01823548
2662,10,0.01829660
2663,10,0.03908641
2664,10,0.06352601
2665,10,0.01785289
2666,10,0.07218092
2667,10,0.02824596
2668,10,0.01772705
2669,10,0.01567904
2670,10,0.08635720
2671,10,0.06236101
2672,10,0.02845731
2673,10,0.02248335
2674,10,0.02468512
2675,10,0.01813515
2676,10,0.01404283
2677,10,0.06712358
2678,10,0.04394426
2679,10,0.04745413
2680,10,0.07227071
2681,10,0.02933741
2682,10,0.03441500
2683,10,0.01777925
2684,10,0.01605251
2685,10,0.02520618
2686,10,0.01359303
2687,10,0.00981886
2688,10,0.01393066
2689,10,0.01496646
2690,10,0.01538343
2691,10,0.07640392
2692,10,0.02486740
2693,10,0.07235125
2694,10,0.01885889
2695,10,0.02407375
2696,10,0.03326611
2697,10,0.02524706
2698,10,0.01845009
2699,10,0.03456789
2700,10,0.10468976
2701,10,0.06274415
2702,10,0.01369491
2703,10,0.04809848
2704,10,0.02435115
2705,10,0.01542287
2706,10,0.02680486
2707,10,0.04137392
2708,10,0.06941161
2709,10,0.02209328
2710,10,0.00977427
2711,10,0.05770378
2712,10,0.03915259
2713,10,0.06464087
2714,10,0.02814683
2715,10,0.04446400
2716,10,0.02266160
2717,10,0.05852410
2718,10,0.06289006
2719,10,0.07280753
2720,10,0.07287396
2721,10,0.02573473
2722,10,0.02857999
2723,10,0.00661896
2724,10,0.01780234
2725,10,0.05628572
2726,10,0.05206745
2727,10,0.01524789
2728,10,0.05091680
2729,10,0.06767143
2730,10,0.01781288
2731,10,0.01817010
2732,10,0.02056539
2733,10,0.01551738
2734,10,0.10542827
2735,10,0.05465380
2736,10,0.01182461
2737,10,0.02533055
2738,10,0.03790384
2739,10,0.02203159
2740,10,0.05403749
2741,10,0.04326750
2742,10,0.01739608
2743,10,0.01294142
2744,10,0.01697600
2745,10,0.05276527
2746,10,0.03437663
2747,10,0.03438702
2748,10,0.02316001
2749,10,0.06490783
2750,10,0.01639963
2751,10,0.00968368
2752,10,0.05296360
2753,10,0.06436438
2754,10,0.01603371
2755,10,0.03086488
2756,10,0.02707119
2757,10,0.07850048
2758,10,0.01656641
2759,10,0.01909323
2760,10,0.05754647
2761,10,0.01963981
2762,10,0.02372075
2763,10,0.01709037
2764,10,0.02037124
2765,10,0.04539716
2766,10,0.03407911
2767,10,0.05669295
2768,10,0.04231925
2769,10,0.06999599
2770,10,0.03914072
2771,10,0.02933948
2772,10,0.01816219
2773,10,0.03205223
2774,10,0.02049112
2775,10,0.01685035
2776,10,0.02164940
2777,10,0.04804723
2778,10,0.01600154
2779,10,0.07150532
2780,10,0.01848695
2781,10,0.01629778
2782,10,0.01370258
2783,10,0.05978970
2784,10,0.02886579
2785,10,0.02951814
2786,10,0.02521139
2787,10,0.01353000
2788,10,0.02020134
2789,10,0.02378650
2790,10,0.01965407
2791,10,0.01549636
2792,10,0.03957168
2793,10,0.01759513
2794,10,0.01886924
2795,10,0.01345043
2796,10,0.02714980
2797,10,0.03874052
2798,10,0.01541852
2799,10,0.03420334
2800,10,0.02399757
2801,10,0.02266300
2802,10,0.02616824
2803,10,0.01502144
2804,10,0.02235672
2805,10,0.00905825
2806,10,0.02064453
2807,10,0.01929266
2808,10,0.02270320
2809,10,0.02706460
2810,10,0.03691664
2811,10,0.01627828
2812,10,0.01871720
2813,10,0.05337286
2814,10,0.02878200
2815,10,0.01124259
2816,10,0.05164152
2817,10,0.03901705
2818,10,0.00696685
2819,10,0.01677957
2820,10,0.02296122
2821,10,0.02397962
2822,10,0.01237096
2823,10,0.01550797
2824,10,0.01492083
2825,10,0.01720856
2826,10,0.03189221
2827,10,0.02538568
2828,10,0.03745893
2829,10,0.01996501
2830,10,0.02281351
2831,10,0.01482065
2832,10,0.04048663
2833,10,0.01415588
2834,10,0.02610862
2835,10,0.03446461
2836,10,0.08364653
2837,10,0.06779200
2838,10,0.04618804
2839,10,0.04052319
2840,10,0.10468938
2841,10,0.01190091
2842,10,0.03628603
2843,10,0.01331184
2844,10,0.05456304
2845,10,0.01672377
2846,10,0.02560591
2847,10,0.02043673
2848,10,0.03363496
2849,10,0.05202834
2850,10,0.01754147
2851,10,0.03103876
2852,10,0.01860423
2853,10,0.01122734
2854,10,0.06955736
2855,10,0.01157836
2856,10,0.03626077
2857,10,0.04810447
2858,10,0.03393656
2859,10,0.04410357
2860,10,0.02991482
2861,10,0.04156575
2862,10,0.00968679
2863,10,0.02508015
2864,10,0.05568953
2865,10,0.01380225
2866,10,0.02066342
2867,10,0.06661958
2868,10,0.07960515
2869,10,0.02511434
2870,10,0.01518305
2871,10,0.00938846
2872,10,0.02659640
2873,10,0.01925376
2874,10,0.02722060
2875,10,0.01931545
2876,10,0.02631366
2877,10,0.04827914
2878,10,0.01658596
2879,10,0.02539879
2880,10,0.01481994
2881,10,0.01419669
2882,10,0.02129950
2883,10,0.04925006
2884,10,0.02962320
2885,10,0.01449843
2886,10,0.02106023
2887,10,0.01748348
2888,10,0.00890522
2889,10,0.02527627
2890,10,0.10552455
2891,10,0.02465718
2892,10,0.02149498
2893,10,0.03767784
2894,10,0.01156909
2895,10,0.05474163
2896,10,0.02212801
2897,10,0.03021526
2898,10,0.04461892
2899,10,0.01565769
2900,10,0.03063384
2901,10,0.02121546
2902,10,0.01799723
2903,10,0.01336270
2904,10,0.01631884
2905,10,0.09381652
2906,10,0.02772585
2907,10,0.02047073
2908,10,0.06511939
2909,10,0.02691158
2910,10,0.01128369
2911,10,0.01846329
2912,10,0.01628625
2913,10,0.02992606
2914,10,0.01074039
2915,10,0.03591902
2916,10,0.02775128
2917,10,0.05250408
2918,10,0.00973583
2919,10,0.02740663
2920,10,0.01885312
2921,10,0.01527007
2922,10,0.03382643
2923,10,0.02066891
2924,10,0.01640978
2925,10,0.02624566
2926,10,0.01561269
2927,10,0.03862078
2928,10,0.01268594
2929,10,0.03239545
2930,10,0.02296108
2931,11,0.01310343
2932,11,0.03824961
2933,11,0.01978689
2934,11,0.01387397
2935,11,0.02787238
2936,11,0.02089330
2937,11,0.06533975
2938,11,0.03106423
2939,11,0.02284806
2940,11,0.01997182
2941,11,0.01914991
2942,11,0.01046149
2943,11,0.02766689
2944,11,0.02631609
2945,11,0.02419933
2946,11,0.03952407
2947,11,0.02890155
2948,11,0.02125022
2949,11,0.01949251
2950,11,0.10591517
2951,11,0.01956395
2952,11,0.04242869
2953,11,0.01777351
2954,11,0.01461353
2955,11,0.01893477
2956,11,0.02217405
2957,11,0.03210020
2958,11,0.02949113
2959,11,0.02784682
2960,11,0.06208530
2961,11,0.03369400
2962,11,0.02264658
2963,11,0.01779328
2964,11,0.01922345
2965,11,0.04372651
2966,11,0.04286856
2967,11,0.02816635
2968,11,0.06028869
2969,11,0.01487664
2970,11,0.01499709
2971,11,0.02421319
2972,11,0.01098139
2973,11,0.04190333
2974,11,0.06392487
2975,11,0.02139752
2976,11,0.01593790
2977,11,0.01534473
2978,11,0.02247901
2979,11,0.04748116
2980,11,0.01551959
2981,11,0.05557467
2982,11,0.01829118
2983,11,0.02041010
2984,11,0.00926498
2985,11,0.01253295
2986,11,0.06061813
2987,11,0.06557815
2988,11,0.02115212
2989,11,0.02060335
2990,11,0.02177143
2991,11,0.02007382
2992,11,0.01880416
2993,11,0.02743847
2994,11,0.01113735
2995,11,0.04039779
2996,11,0.02380593
2997,11,0.03877299
2998,11,0.03701502
2999,11,0.06287894
3000,11,0.03458041
3001,11,0.02996429
3002,11,0.04326189
3003,11,0.04495262
3004,11,0.01990737
3005,11,0.02207771
3006,11,0.02059765
3007,11,0.03391686
3008,11,0.03371878
3009,11,0.01437407
3010,11,0.01099374
3011,11,0.02064830
3012,11,0.10214078
3013,11,0.00926240
3014,11,0.01390514
3015,11,0.04701640
3016,11,0.02790486
3017,11,0.00809030
3018,11,0.01386981
3019,11,0.02690585
3020,11,0.02992122
3021,11,0.05409731
3022,11,0.01654586
3023,11,0.01725338
3024,11,0.03408138
3025,11,0.04746503
3026,11,0.03524851
3027,11,0.04125271
3028,11,0.01406167
3029,11,0.04687376
3030,11,0.01516470
3031,11,0.02427573
3032,11,0.06244145
3033,11,0.01935267
3034,11,0.01960378
3035,11,0.02127004
3036,11,0.01689760
3037,11,0.03492000
3038,11,0.02196590
3039,11,0.02177623
3040,11,0.01407698
3041,11,0.03157356
3042,11,0.01905049
3043,11,0.06669012
3044,11,0.07041776
3045,11,0.07841341
3046,11,0.05203789
3047,11,0.02643717
3048,11,0.01291703
3049,11,0.02158564
3050,11,0.01310823
3051,11,0.03609762
3052,11,0.03485494
3053,11,0.02334166
3054,11,0.04435391
3055,11,0.03404057
3056,11,0.02300270
3057,11,0.01803144
3058,11,0.01210118
3059,11,0.02204780
3060,11,0.08253600
3061,11,0.00938287
3062,11,0.04510659
3063,11,0.03417158
3064,11,0.06460440
3065,11,0.02841052
3066,11,0.04182729
3067,11,0.02392625
3068,11,0.04222393
3069,11,0.01827361
3070,11,0.01358526
3071,11,0.02251499
3072,11,0.02023791
3073,11,0.02023518
3074,11,0.01396922
3075,11,0.02749093
3076,11,0.01856933
3077,11,0.01058870
3078,11,0.01554639
3079,11,0.04259213
3080,11,0.01097139
3081,11,0.02544589
3082,11,0.03207969
3083,11,0.01651570
3084,11,0.01577647
3085,11,0.04805466
3086,11,0.01758352
3087,11,0.03302694
3088,11,0.01823443
3089,11,0.01869277
3090,11,0.01815158
3091,11,0.01207993
3092,11,0.05896987
3093,11,0.02778331
3094,11,0.01992648
3095,11,0.04308424
3096,11,0.00861128
3097,11,0.01407936
3098,11,0.02735938
3099,11,0.12475690
3100,11,0.02601605
3101,11,0.01586306
3102,11,0.01468900
3103,11,0.00995458
3104,11,0.02247908
3105,11,0.03482546
3106,11,0.02644473
3107,11,0.08850988
3108,11,0.03985133
3109,11,0.05872276
3110,11,0.04427013
3111,11,0.03054613
3112,11,0.04632600
3113,11,0.02225335
3114,11,0.08024360
3115,11,0.02649813
3116,11,0.01813350
3117,11,0.04265670
3118,11,0.03638123
3119,11,0.01202844
3120,11,0.06036437
3121,11,0.04121995
3122,11,0.03280814
3123,11,0.01572900
3124,11,0.02960113
3125,11,0.02587276
3126,11,0.02355056
3127,11,0.02964300
3128,11,0.01876881
3129,11,0.02575314
3130,11,0.11960980
3131,11,0.02735634
3132,11,0.03413237
3133,11,0.01451409
3134,11,0.03714924
3135,11,0.01806600
3136,11,0.01152620
3137,11,0.03861886
3138,11,0.04568739
3139,11,0.01312456
3140,11,0.03503703
3141,11,0.03019348
3142,11,0.01675399
3143,11,0.01518305
3144,11,0.02681762
3145,11,0.02280112
3146,11,0.02389729
3147,11,0.01844128
3148,11,0.01655050
3149,11,0.02176401
3150,11,0.01681630
3151,11,0.02172879
3152,11,0.02092523
3153,11,0.04891643
3154,11,0.03676955
3155,11,0.02079748
3156,11,0.00699419
3157,11,0.02293614
3158,11,0.03393061
3159,11,0.02184309
3160,11,0.03506499
3161,11,0.05583144
3162,11,0.04978766
3163,11,0.02709547
3164,11,0.08346474
3165,11,0.01718712
3166,11,0.01502706
3167,11,0.00989082
3168,11,0.02792238
3169,11,0.01318532
3170,11,0.03241934
3171,11,0.03986972
3172,11,0.04960501
3173,11,0.04008235
3174,11,0.02383428
3175,11,0.04460452
3176,11,0.04558463
3177,11,0.01706718
3178,11,0.01663359
3179,11,0.02208868
3180,11,0.03047910
3181,11,0.02600634
3182,11,0.02117455
3183,11,0.05622530
3184,11,0.01290748
3185,11,0.04376750
3186,11,0.01462418
3187,11,0.02196547
3188,11,0.01846455
3189,11,0.01124578
3190,11,0.01317540
3191,11,0.01288093
3192,11,0.02115928
3193,11,0.02156321
3194,11,0.02526475
3195,11,0.04618651
3196,11,0.07228363
3197,11,0.01744221
3198,11,0.01210169
3199,11,0.03227235
3200,11,0.02004211
3201,11,0.02132152
3202,11,0.01335193
3203,11,0.01703268
3204,11,0.01681937
3205,11,0.05874417
3206,11,0.08465423
3207,11,0.01891086
3208,11,0.01664598
3209,11,0.02198156
3210,11,0.02429118
3211,11,0.01598669
3212,11,0.02586082
3213,11,0.05944429
3214,11,0.01223871
3215,11,0.04114333
3216,11,0.02728166
3217,11,0.02795783
3218,11,0.01432320
3219,11,0.05458215
3220,11,0.06289827
3221,11,0.01219155
3222,11,0.03464626
3223,11,0.02000585
3224,12,0.03953124
3225,12,0.01952311
3226,12,0.01032480
3227,12,0.03129329
3228,12,0.03682081
3229,12,0.02824172
3230,12,0.04802495
3231,12,0.03952064
3232,12,0.01799194
3233,12,0.01803251
3234,12,0.02376140
3235,12,0.05828639
3236,12,0.01837576
3237,12,0.06890470
3238,12,0.05241067
3239,12,0.08005306
3240,12,0.01532799
3241,12,0.04394986
3242,12,0.02634036
3243,12,0.02332834
3244,12,0.05417083
3245,12,0.01963304
3246,12,0.02864897
3247,12,0.03060694
3248,12,0.01769424
3249,12,0.02679837
3250,12,0.01739939
3251,12,0.03017346
3252,12,0.00927571
3253,12,0.02357158
3254,12,0.03402416
3255,12,0.04885265
3256,12,0.01909064
3257,12,0.03368244
3258,12,0.01844827
3259,12,0.01691163
3260,12,0.00992484
3261,12,0.01157934
3262,12,0.04002261
3263,12,0.01375730
3264,12,0.02224057
3265,12,0.02398106
3266,12,0.01651043
3267,12,0.02961364
3268,12,0.07583149
3269,12,0.03094210
3270,12,0.03245986
3271,12,0.04567609
3272,12,0.03788141
3273,12,0.06043461
3274,12,0.01729241
3275,12,0.01784771
3276,12,0.01266330
3277,12,0.01139228
3278,12,0.02893201
3279,12,0.06622218
3280,12,0.03920717
3281,12,0.04003255
3282,12,0.03089296
3283,12,0.01858580
3284,12,0.02607987
3285,12,0.02100718
3286,12,0.02412718
3287,12,0.08875273
3288,12,0.01739017
3289,12,0.01471727
3290,12,0.00970725
3291,12,0.02581261
3292,12,0.01764005
3293,12,0.02189855
3294,12,0.02325644
3295,12,0.01258661
3296,12,0.01096812
3297,12,0.01107199
3298,12,0.01455096
3299,12,0.02491732
3300,12,0.01671982
3301,12,0.01904673
3302,12,0.01661272
3303,12,0.01520864
3304,12,0.01159606
3305,12,0.02282935
3306,12,0.01263594
3307,12,0.06289371
3308,12,0.01861901
3309,12,0.01232838
3310,12,0.01790112
3311,12,0.03601526
3312,12,0.06108852
3313,12,0.02287897
3314,12,0.04133372
3315,12,0.02462541
3316,12,0.02415661
3317,12,0.02537855
3318,12,0.05095178
3319,12,0.01555495
3320,12,0.03762886
3321,12,0.02893918
3322,12,0.02118349
3323,12,0.02420822
3324,12,0.08555639
3325,12,0.01247640
3326,12,0.04660795
3327,12,0.02787940
3328,12,0.01718449
3329,12,0.05121740
3330,12,0.01515029
3331,12,0.03061965
3332,12,0.02388411
3333,12,0.03510616
3334,12,0.01084213
3335,12,0.02751657
3336,12,0.04200731
3337,12,0.07407114
3338,12,0.04389708
3339,12,0.01927741
3340,12,0.01261437
3341,12,0.02059555
3342,12,0.05485134
3343,12,0.00980730
3344,12,0.02658541
3345,12,0.06476269
3346,12,0.01257718
3347,12,0.02792314
3348,12,0.09251442
3349,12,0.02910548
3350,12,0.02486812
3351,12,0.02466588
3352,12,0.05078708
3353,12,0.01415430
3354,12,0.01763888
3355,12,0.01114734
3356,12,0.01281347
3357,12,0.01073551
3358,12,0.01728745
3359,12,0.02957923
3360,12,0.04177551
3361,12,0.01640927
3362,12,0.01310301
3363,12,0.06979225
3364,12,0.02649112
3365,12,0.01757874
3366,12,0.02134858
3367,12,0.05023229
3368,12,0.01309964
3369,12,0.04780853
3370,12,0.01186737
3371,12,0.00855855
3372,12,0.01268215
3373,12,0.02833067
3374,12,0.02111527
3375,12,0.03512580
3376,12,0.02032375
3377,12,0.03232949
3378,12,0.07528016
3379,12,0.02237710
3380,12,0.03453598
3381,12,0.04457927
3382,12,0.04492878
3383,12,0.01097792
3384,12,0.03799354
3385,12,0.01871228
3386,12,0.01574749
3387,12,0.01286090
3388,12,0.04024609
3389,12,0.01802099
3390,12,0.02177098
3391,12,0.04912443
3392,12,0.01379128
3393,12,0.01522117
3394,12,0.02525151
3395,12,0.02455263
3396,12,0.01944222
3397,12,0.01174638
3398,12,0.01814610
3399,12,0.01776963
3400,12,0.01743616
3401,12,0.04508293
3402,12,0.03481583
3403,12,0.00880592
3404,12,0.02706825
3405,12,0.01401364
3406,12,0.02576174
3407,12,0.05491231
3408,12,0.01939770
3409,12,0.04916411
3410,12,0.02864992
3411,12,0.03763640
3412,12,0.01462253
3413,12,0.01370530
3414,12,0.00646603
3415,12,0.03432269
3416,12,0.00867120
3417,12,0.01385643
3418,12,0.01900204
3419,12,0.01768340
3420,12,0.00931662
3421,12,0.01023434
3422,12,0.02144411
3423,12,0.01452497
3424,12,0.04721428
3425,12,0.02319291
3426,12,0.02343813
3427,12,0.01593768
3428,12,0.00927124
3429,12,0.11183040
3430,12,0.10268389
3431,12,0.00773208
3432,12,0.03804984
3433,12,0.04823702
3434,12,0.01807106
3435,12,0.05222403
3436,12,0.05738938
3437,12,0.02170589
3438,12,0.01430602
3439,12,0.01729271
3440,12,0.01971320
3441,12,0.05040130
3442,12,0.07830165
3443,12,0.02173631
3444,12,0.02996356
3445,12,0.01431562
3446,12,0.00866805
3447,12,0.02591652
3448,12,0.02416977
3449,12,0.05338291
3450,12,0.01652094
3451,12,0.01681459
3452,12,0.01571736
3453,12,0.01885903
3454,12,0.01288243
3455,12,0.01950848
3456,12,0.02942078
3457,12,0.04676189
3458,12,0.01038371
3459,12,0.01591452
3460,12,0.01153355
3461,12,0.06774839
3462,12,0.04669919
3463,12,0.02395396
3464,12,0.03055110
3465,12,0.03284891
3466,12,0.01045619
3467,12,0.03395914
3468,12,0.06852927
3469,12,0.02038914
3470,12,0.01746806
3471,12,0.04009058
3472,12,0.01169716
3473,12,0.05370020
3474,12,0.07361051
3475,12,0.00956911
3476,12,0.05813688
3477,12,0.01479020
3478,12,0.01170227
3479,12,0.06097791
3480,12,0.01622646
3481,12,0.02533618
3482,12,0.02758347
3483,12,0.01334316
3484,12,0.01168077
3485,12,0.02326647
3486,12,0.00944930
3487,12,0.01884159
3488,12,0.03902869
3489,12,0.04954292
3490,12,0.06939806
3491,12,0.03383293
3492,12,0.03268284
3493,12,0.04017879
3494,12,0.05740798
3495,12,0.02019560
3496,12,0.07125028
3497,12,0.03345411
3498,12,0.01852888
3499,12,0.02086787
3500,12,0.01511258
3501,12,0.02378475
3502,12,0.01617866
3503,12,0.02442407
3504,12,0.01650890
3505,12,0.01724282
3506,12,0.01324925
3507,12,0.02996245
3508,12,0.02356619
3509,12,0.01728875
3510,12,0.05795958
3511,12,0.02146959
3512,12,0.06166898
3513,12,0.01431453
3514,12,0.01276609
3515,12,0.02116081
3516,12,0.01963132
3517,13,0.03935881
3518,13,0.04587387
3519,13,0.02243526
3520,13,0.02948766
3521,13,0.01249826
3522,13,0.01196384
3523,13,0.02896624
3524,13,0.01944400
3525,13,0.02460499
3526,13,0.01470585
3527,13,0.02047114
3528,13,0.01478357
3529,13,0.04920271
3530,13,0.02311530
3531,13,0.02028848
3532,13,0.01399265
3533,13,0.01142149
3534,13,0.01827378
3535,13,0.01182141
3536,13,0.05678771
3537,13,0.01825478
3538,13,0.03588418
3539,13,0.02576420
3540,13,0.10745332
3541,13,0.01136248
3542,13,0.01175447
3543,13,0.01859221
3544,13,0.02457521
3545,13,0.01291055
3546,13,0.04153197
3547,13,0.00895435
3548,13,0.03802561
3549,13,0.07046823
3550,13,0.01788255
3551,13,0.04392328
3552,13,0.01299664
3553,13,0.03432818
3554,13,0.00785306
3555,13,0.02626380
3556,13,0.02613615
3557,13,0.03820541
3558,13,0.00950028
3559,13,0.01286700
3560,13,0.03571856
3561,13,0.02027609
3562,13,0.01868137
3563,13,0.02481510
3564,13,0.02683509
3565,13,0.01118048
3566,13,0.00987810
3567,13,0.02960597
3568,13,0.01769965
3569,13,0.02439879
3570,13,0.01438141
3571,13,0.01338659
3572,13,0.03670835
3573,13,0.01343628
3574,13,0.02529741
3575,13,0.01347174
3576,13,0.01955015
3577,13,0.01558851
3578,13,0.00886718
3579,13,0.11531693
3580,13,0.01709486
3581,13,0.00889077
3582,13,0.03250074
3583,13,0.01413488
3584,13,0.02328922
3585,13,0.01755819
3586,13,0.02256564
3587,13,0.02221856
3588,13,0.03488877
3589,13,0.00816035
3590,13,0.08926748
3591,13,0.07460582
3592,13,0.01310970
3593,13,0.03706480
3594,13,0.01469943
3595,13,0.09362131
3596,13,0.02569835
3597,13,0.02291253
3598,13,0.02104247
3599,13,0.01348880
3600,13,0.02488406
3601,13,0.04215587
3602,13,0.01392109
3603,13,0.06112684
3604,13,0.01720950
3605,13,0.01204567
3606,13,0.03584920
3607,13,0.01596547
3608,13,0.01956888
3609,13,0.06362268
3610,13,0.04135489
3611,13,0.02364081
3612,13,0.01114693
3613,13,0.01085285
3614,13,0.02667055
3615,13,0.04595522
3616,13,0.01079066
3617,13,0.02584120
3618,13,0.01362257
3619,13,0.02505679
3620,13,0.03010346
3621,13,0.01527210
3622,13,0.03728271
3623,13,0.02946301
3624,13,0.01951423
3625,13,0.02008685
3626,13,0.08136601
3627,13,0.03432720
3628,13,0.01261892
3629,13,0.01889054
3630,13,0.02295412
3631,13,0.01475244
3632,13,0.03162563
3633,13,0.01792964
3634,13,0.02876130
3635,13,0.01622706
3636,13,0.05849661
3637,13,0.01258847
3638,13,0.01736400
3639,13,0.01774384
3640,13,0.06930985
3641,13,0.03157207
3642,13,0.01471493
3643,13,0.01400312
3644,13,0.06927434
3645,13,0.01410656
3646,13,0.03778249
3647,13,0.03214196
3648,13,0.01181134
3649,13,0.02488053
3650,13,0.05437485
3651,13,0.02291806
3652,13,0.01062200
3653,13,0.01672586
3654,13,0.08778230
3655,13,0.03699343
3656,13,0.01781140
3657,13,0.00920239
3658,13,0.01055558
3659,13,0.02049632
3660,13,0.02249608
3661,13,0.01469614
3662,13,0.03462229
3663,13,0.01916016
3664,13,0.03998420
3665,13,0.01382772
3666,13,0.01804038
3667,13,0.01346788
3668,13,0.03105239
3669,13,0.04990788
3670,13,0.06921585
3671,13,0.05267221
3672,13,0.02586430
3673,13,0.02050392
3674,13,0.08618010
3675,13,0.02643520
3676,13,0.01953562
3677,13,0.02002292
3678,13,0.05704915
3679,13,0.01480434
3680,13,0.03221797
3681,13,0.01040858
3682,13,0.05185438
3683,13,0.06285475
3684,13,0.02256360
3685,13,0.02130830
3686,13,0.02459464
3687,13,0.03089540
3688,13,0.03118386
3689,13,0.03608344
3690,13,0.01300985
3691,13,0.01387237
3692,13,0.03237172
3693,13,0.01319724
3694,13,0.01133994
3695,13,0.01626568
3696,13,0.03792072
3697,13,0.01263202
3698,13,0.04515535
3699,13,0.01070772
3700,13,0.01075048
3701,13,0.02251422
3702,13,0.02088836
3703,13,0.01294032
3704,13,0.01406496
3705,13,0.01428699
3706,13,0.07645303
3707,13,0.01512348
3708,13,0.02082551
3709,13,0.06364337
3710,13,0.01946999
3711,13,0.01860882
3712,13,0.03827177
3713,13,0.01417068
3714,13,0.01051253
3715,13,0.01830761
3716,13,0.01478225
3717,13,0.02029418
3718,13,0.04663720
3719,13,0.01716446
3720,13,0.01881051
3721,13,0.03566925
3722,13,0.00850246
3723,13,0.06002717
3724,13,0.01744463
3725,13,0.04649107
3726,13,0.01775059
3727,13,0.01907581
3728,13,0.01147540
3729,13,0.04149126
3730,13,0.01264060
3731,13,0.03435967
3732,13,0.06718626
3733,13,0.03548162
3734,13,0.04609627
3735,13,0.04129110
3736,13,0.01626508
3737,13,0.08961409
3738,13,0.02167793
3739,13,0.01194453
3740,13,0.07934324
3741,13,0.02157179
3742,13,0.02533261
3743,13,0.01698919
3744,13,0.01312018
3745,13,0.01829556
3746,13,0.04578224
3747,13,0.00948997
3748,13,0.02428828
3749,13,0.00855170
3750,13,0.01727663
3751,13,0.02796293
3752,13,0.04438107
3753,13,0.02883264
3754,13,0.01168546
3755,13,0.02302044
3756,13,0.01444102
3757,13,0.04911651
3758,13,0.01012752
3759,13,0.01319414
3760,13,0.05783531
3761,13,0.02562037
3762,13,0.05851554
3763,13,0.01156358
3764,13,0.05479221
3765,13,0.01145320
3766,13,0.01299994
3767,13,0.00827838
3768,13,0.01588498
3769,13,0.00930037
3770,13,0.06748292
3771,13,0.02654506
3772,13,0.02707704
3773,13,0.05096201
3774,13,0.02422802
3775,13,0.07387487
3776,13,0.01225233
3777,13,0.01154763
3778,13,0.01815486
3779,13,0.01416845
3780,13,0.06603055
3781,13,0.04577289
3782,13,0.01216824
3783,13,0.00898044
3784,13,0.02626011
3785,13,0.02038272
3786,13,0.02074312
3787,13,0.02480854
3788,13,0.04824363
3789,13,0.01814947
3790,13,0.05604593
3791,13,0.03498005
3792,13,0.03422520
3793,13,0.07056177
3794,13,0.02346697
3795,13,0.01619978
3796,13,0.03141861
3797,13,0.02742548
3798,13,0.00716210
3799,13,0.09881965
3800,13,0.09042688
3801,13,0.03818590
3802,13,0.05108102
3803,13,0.02438522
3804,13,0.02552470
3805,13,0.01916233
3806,13,0.04551757
3807,13,0.02822201
3808,13,0.00986002
3809,13,0.02151902
3810,14,0.03309523
3811,14,0.01604583
3812,14,0.01841387
3813,14,0.02867107
3814,14,0.04408754
3815,14,0.01436256
3816,14,0.02749572
3817,14,0.01212276
3818,14,0.03715829
3819,14,0.02395811
3820,14,0.06244119
3821,14,0.03036252
3822,14,0.01676232
3823,14,0.02225376
3824,14,0.08010580
3825,14,0.01438032
3826,14,0.00905200
3827,14,0.03313348
3828,14,0.05218358
3829,14,0.01717542
3830,14,0.01518716
3831,14,0.03853788
3832,14,0.01519583
3833,14,0.02239220
3834,14,0.02075731
3835,14,0.01574594
3836,14,0.01413789
3837,14,0.01895581
3838,14,0.02097447
3839,14,0.01105723
3840,14,0.06803348
3841,14,0.01942415
3842,14,0.02914856
3843,14,0.02338338
3844,14,0.01490155
3845,14,0.00927102
3846,14,0.07112964
3847,14,0.06928784
3848,14,0.01062175
3849,14,0.01362834
3850,14,0.07443520
3851,14,0.01214635
3852,14,0.05148215
3853,14,0.01495487
3854,14,0.02265306
3855,14,0.04513864
3856,14,0.01298810
3857,14,0.01799789
3858,14,0.05360772
3859,14,0.01233296
3860,14,0.01213978
3861,14,0.01905365
3862,14,0.00994697
3863,14,0.02145761
3864,14,0.04218231
3865,14,0.02115282
3866,14,0.02966345
3867,14,0.02298945
3868,14,0.01366383
3869,14,0.01672043
3870,14,0.01920001
3871,14,0.02371650
3872,14,0.01465376
3873,14,0.03462072
3874,14,0.02050461
3875,14,0.02221036
3876,14,0.01122146
3877,14,0.01689229
3878,14,0.02479010
3879,14,0.02343334
3880,14,0.05799930
3881,14,0.01285316
3882,14,0.02469406
3883,14,0.01728404
3884,14,0.01614681
3885,14,0.03720618
3886,14,0.02615887
3887,14,0.02615636
3888,14,0.02290650
3889,14,0.03820918
3890,14,0.01470978
3891,14,0.02171803
3892,14,0.00532883
3893,14,0.01236808
3894,14,0.01891798
3895,14,0.00901317
3896,14,0.02782844
3897,14,0.02048723
3898,14,0.02909846
3899,14,0.01694931
3900,14,0.03336519
3901,14,0.01230263
3902,14,0.03659388
3903,14,0.01323461
3904,14,0.01474035
3905,14,0.03797312
3906,14,0.02073123
3907,14,0.03182926
3908,14,0.01765330
3909,14,0.05326675
3910,14,0.01169852
3911,14,0.03793238
3912,14,0.02948016
3913,14,0.01378884
3914,14,0.01456892
3915,14,0.07915076
3916,14,0.02172769
3917,14,0.00906888
3918,14,0.02814085
3919,14,0.01285895
3920,14,0.01192533
3921,14,0.09862622
3922,14,0.03129649
3923,14,0.06734890
3924,14,0.04900462
3925,14,0.01619139
3926,14,0.01885643
3927,14,0.01299301
3928,14,0.01315094
3929,14,0.09105366
3930,14,0.02881293
3931,14,0.10002248
3932,14,0.03824008
3933,14,0.01545912
3934,14,0.03354413
3935,14,0.01096474
3936,14,0.04129381
3937,14,0.03589192
3938,14,0.05246502
3939,14,0.02746816
3940,14,0.01608730
3941,14,0.02241712
3942,14,0.02871405
3943,14,0.07030925
3944,14,0.02456981
3945,14,0.02439605
3946,14,0.01262167
3947,14,0.01242480
3948,14,0.01860061
3949,14,0.03240103
3950,14,0.01054891
3951,14,0.04256359
3952,14,0.03312111
3953,14,0.04136491
3954,14,0.01940273
3955,14,0.04645984
3956,14,0.00960338
3957,14,0.02410045
3958,14,0.04867854
3959,14,0.05191478
3960,14,0.01659183
3961,14,0.03375326
3962,14,0.02584110
3963,14,0.00890065
3964,14,0.02173395
3965,14,0.03042761
3966,14,0.08327106
3967,14,0.01843129
3968,14,0.00734965
3969,14,0.02033581
3970,14,0.05462112
3971,14,0.03445509
3972,14,0.01555497
3973,14,0.07469747
3974,14,0.02651264
3975,14,0.04302976
3976,14,0.01956912
3977,14,0.02300365
3978,14,0.01773521
3979,14,0.05519724
3980,14,0.02368894
3981,14,0.02506805
3982,14,0.03292815
3983,14,0.03354441
3984,14,0.01339075
3985,14,0.01715781
3986,14,0.01191621
3987,14,0.04001689
3988,14,0.07179917
3989,14,0.02427469
3990,14,0.01547496
3991,14,0.01882656
3992,14,0.02103082
3993,14,0.00998446
3994,14,0.05056178
3995,14,0.01248019
3996,14,0.11050624
3997,14,0.03061821
3998,14,0.01446128
3999,14,0.04627634
4000,14,0.01300180
4001,14,0.01560904
4002,14,0.06680964
4003,14,0.02553905
4004,14,0.03759912
4005,14,0.03263647
4006,14,0.01464688
4007,14,0.01287497
4008,14,0.01862071
4009,14,0.02393563
4010,14,0.01477055
4011,14,0.08302359
4012,14,0.00806592
4013,14,0.01587030
4014,14,0.01449653
4015,14,0.01593411
4016,14,0.01697720
4017,14,0.00679749
4018,14,0.09907182
4019,14,0.02431923
4020,14,0.02120818
4021,14,0.02362788
4022,14,0.01772962
4023,14,0.03160109
4024,14,0.04756131
4025,14,0.03039353
4026,14,0.05627654
4027,14,0.01756131
4028,14,0.01242871
4029,14,0.01495335
4030,14,0.01504304
4031,14,0.04286185
4032,14,0.01120755
4033,14,0.02204634
4034,14,0.07267026
4035,14,0.01630699
4036,14,0.02058446
4037,14,0.02508620
4038,14,0.00733954
4039,14,0.04630654
4040,14,0.06912311
4041,14,0.03438004
4042,14,0.01182166
4043,14,0.02519992
4044,14,0.02301249
4045,14,0.03434797
4046,14,0.04442087
4047,14,0.01682093
4048,14,0.02055035
4049,14,0.02954789
4050,14,0.02845206
4051,14,0.01133811
4052,14,0.05722551
4053,14,0.02176256
4054,14,0.01570892
4055,14,0.01416681
4056,14,0.00660990
4057,14,0.08328076
4058,14,0.05786612
4059,14,0.01364752
4060,14,0.02227195
4061,14,0.02708683
4062,14,0.03537742
4063,14,0.00756585
4064,14,0.01219095
4065,14,0.03121661
4066,14,0.00873070
4067,14,0.04451076
4068,14,0.01337709
4069,14,0.01938933
4070,14,0.01729037
4071,14,0.02566125
4072,14,0.01958812
4073,14,0.10351402
4074,14,0.02686896
4075,14,0.01882084
4076,14,0.02550704
4077,14,0.02310940
4078,14,0.01964140
4079,14,0.01154338
4080,14,0.00751158
4081,14,0.02127533
4082,14,0.02054301
4083,14,0.05295196
4084,14,0.01329048
4085,14,0.02074046
4086,14,0.04548691
4087,14,0.02506059
4088,14,0.05230346
4089,14,0.00983208
4090,14,0.05195334
4091,14,0.01836592
4092,14,0.05374369
4093,14,0.01427560
4094,14,0.05875931
4095,14,0.01398591
4096,14,0.02200740
4097,14,0.01239018
4098,14,0.02003131
4099,14,0.01617254
4100,14,0.01558103
4101,14,0.03407014
4102,14,0.05576061
4103,15,0.04975520
4104,15,0.06745765
4105,15,0.05657249
4106,15,0.01921041
4107,15,0.01670403
4108,15,0.00597077
4109,15,0.02126585
4110,15,0.01948194
4111,15,0.04132019
4112,15,0.01679320
4113,15,0.02342049
4114,15,0.01792436
4115,15,0.02259436
4116,15,0.02752667
4117,15,0.01550265
4118,15,0.02693636
4119,15,0.02996454
4120,15,0.01153029
4121,15,0.08858342
4122,15,0.01972809
4123,15,0.01419443
4124,15,0.01613544
4125,15,0.04162500
4126,15,0.06538247
4127,15,0.01702219
4128,15,0.03910047
4129,15,0.01253438
4130,15,0.00900859
4131,15,0.01634228
4132,15,0.06811258
4133,15,0.01696082
4134,15,0.05834897
4135,15,0.05401703
4136,15,0.03411587
4137,15,0.04518699
4138,15,0.01281881
4139,15,0.02498089
4140,15,0.03143248
4141,15,0.06634676
4142,15,0.01271774
4143,15,0.01700030
4144,15,0.01943451
4145,15,0.01125062
4146,15,0.03123096
4147,15,0.01351977
4148,15,0.04100320
4149,15,0.02027986
4150,15,0.02345345
4151,15,0.04059673
4152,15,0.03980556
4153,15,0.04520174
4154,15,0.01708329
4155,15,0.02044964
4156,15,0.01181370
4157,15,0.04163864
4158,15,0.01465097
4159,15,0.08345582
4160,15,0.01301884
4161,15,0.01479788
4162,15,0.01314365
4163,15,0.01994761
4164,15,0.00514342
4165,15,0.01880142
4166,15,0.02714936
4167,15,0.06040980
4168,15,0.02824797
4169,15,0.04858211
4170,15,0.06524326
4171,15,0.00927739
4172,15,0.01800911
4173,15,0.02270665
4174,15,0.01663969
4175,15,0.06914202
4176,15,0.00515886
4177,15,0.01175235
4178,15,0.02634948
4179,15,0.01928553
4180,15,0.01846981
4181,15,0.02351023
4182,15,0.01001938
4183,15,0.01973214
4184,15,0.02152972
4185,15,0.01639156
4186,15,0.02991831
4187,15,0.03487921
4188,15,0.04055292
4189,15,0.01092937
4190,15,0.02552716
4191,15,0.02682373
4192,15,0.01673372
4193,15,0.02758396
4194,15,0.01271294
4195,15,0.03114291
4196,15,0.01841234
4197,15,0.04939321
4198,15,0.02126544
4199,15,0.01118502
4200,15,0.01867969
4201,15,0.01505151
4202,15,0.05867127
4203,15,0.01375110
4204,15,0.02653288
4205,15,0.03077492
4206,15,0.03437183
4207,15,0.03064531
4208,15,0.01360695
4209,15,0.02980524
4210,15,0.01470512
4211,15,0.05229497
4212,15,0.02044260
4213,15,0.01393532
4214,15,0.01014990
4215,15,0.02052515
4216,15,0.03382454
4217,15,0.03918027
4218,15,0.03918393
4219,15,0.00600062
4220,15,0.09902387
4221,15,0.03513940
4222,15,0.04572364
4223,15,0.03210840
4224,15,0.01794300
4225,15,0.01430126
4226,15,0.01103184
4227,15,0.01636829
4228,15,0.02374927
4229,15,0.00942277
4230,15,0.02532600
4231,15,0.02635869
4232,15,0.02552487
4233,15,0.01768435
4234,15,0.00989057
4235,15,0.01752549
4236,15,0.01081048
4237,15,0.00958493
4238,15,0.01161120
4239,15,0.00816453
4240,15,0.01236744
4241,15,0.01862715
4242,15,0.02365413
4243,15,0.01309420
4244,15,0.01033642
4245,15,0.00978069
4246,15,0.09264408
4247,15,0.01583940
4248,15,0.05833797
4249,15,0.03511841
4250,15,0.01061725
4251,15,0.05387616
4252,15,0.02076500
4253,15,0.01727926
4254,15,0.02794805
4255,15,0.03871239
4256,15,0.01368184
4257,15,0.01823213
4258,15,0.06816124
4259,15,0.06885013
4260,15,0.03098882
4261,15,0.01139812
4262,15,0.02018410
4263,15,0.03760055
4264,15,0.01476584
4265,15,0.03551934
4266,15,0.01068048
4267,15,0.01137841
4268,15,0.06874756
4269,15,0.05509171
4270,15,0.05056657
4271,15,0.01610343
4272,15,0.09811001
4273,15,0.01614312
4274,15,0.01026205
4275,15,0.08480816
4276,15,0.01379982
4277,15,0.03763796
4278,15,0.07340669
4279,15,0.01391664
4280,15,0.00636929
4281,15,0.01276359
4282,15,0.00610254
4283,15,0.01755371
4284,15,0.00936605
4285,15,0.01409768
4286,15,0.09879921
4287,15,0.04072313
4288,15,0.02828975
4289,15,0.02332468
4290,15,0.05437283
4291,15,0.01989616
4292,15,0.02198920
4293,15,0.06498866
4294,15,0.03240175
4295,15,0.04303095
4296,15,0.01591115
4297,15,0.02290574
4298,15,0.01327079
4299,15,0.01658317
4300,15,0.04063930
4301,15,0.07732731
4302,15,0.03059035
4303,15,0.01284984
4304,15,0.02653340
4305,15,0.02311842
4306,15,0.01431898
4307,15,0.02629629
4308,15,0.03120047
4309,15,0.02349329
4310,15,0.00688830
4311,15,0.02482589
4312,15,0.01121086
4313,15,0.01377563
4314,15,0.06549984
4315,15,0.02134724
4316,15,0.01091934
4317,15,0.01288159
4318,15,0.05861609
4319,15,0.04747568
4320,15,0.05129598
4321,15,0.03747832
4322,15,0.03526759
4323,15,0.01353194
4324,15,0.01421840
4325,15,0.01620626
4326,15,0.02600224
4327,15,0.07230435
4328,15,0.02419494
4329,15,0.00901690
4330,15,0.03803707
4331,15,0.01369831
4332,15,0.04869047
4333,15,0.01512140
4334,15,0.03633612
4335,15,0.01226453
4336,15,0.01208230
4337,15,0.01771743
4338,15,0.07436470
4339,15,0.01554996
4340,15,0.02896596
4341,15,0.02432082
4342,15,0.01146582
4343,15,0.02630727
4344,15,0.01887780
4345,15,0.06477094
4346,15,0.01881534
4347,15,0.01192857
4348,15,0.00858453
4349,15,0.01542184
4350,15,0.01801693
4351,15,0.01234586
4352,15,0.02422650
4353,15,0.06308503
4354,15,0.02477487
4355,15,0.01775113
4356,15,0.01493545
4357,15,0.01998316
4358,15,0.01868235
4359,15,0.00985252
4360,15,0.01222475
4361,15,0.02082676
4362,15,0.02788801
4363,15,0.00882246
4364,15,0.02519967
4365,15,0.04930852
4366,15,0.08123188
4367,15,0.01169665
4368,15,0.01791085
4369,15,0.02053101
4370,15,0.02320528
4371,15,0.01954689
4372,15,0.11320063
4373,15,0.00958092
4374,15,0.01676777
4375,15,0.04645795
4376,15,0.01833403
4377,15,0.07065757
4378,15,0.08313003
4379,15,0.01124639
4380,15,0.06936639
4381,15,0.02467067
4382,15,0.05662539
4383,15,0.02589291
4384,15,0.03030806
4385,15,0.05488677
4386,15,0.02126277
4387,15,0.02628076
4388,15,0.02786945
4389,15,0.02120417
4390,15,0.02252140
4391,15,0.02125915
4392,15,0.01248429
4393,15,0.03436669
4394,15,0.01373845
4395,15,0.07378206
4396,16,0.01963222
4397,16,0.03046265
4398,16,0.02371477
4399,16,0.01293719
4400,16,0.06082465
4401,16,0.03472219
4402,16,0.02313553
4403,16,0.09230909
4404,16,0.00982614
4405,16,0.01417343
4406,16,0.02766833
4407,16,0.01322658
4408,16,0.02486677
4409,16,0.01831998
4410,16,0.01636806
4411,16,0.08412259
4412,16,0.03879785
4413,16,0.08738940
4414,16,0.02031478
4415,16,0.03112412
4416,16,0.02037477
4417,16,0.01344734
4418,16,0.04548890
4419,16,0.02619050
4420,16,0.01215705
4421,16,0.03536248
4422,16,0.03156183
4423,16,0.07404813
4424,16,0.07680877
4425,16,0.04769238
4426,16,0.01371015
4427,16,0.03807955
4428,16,0.02221419
4429,16,0.01379922
4430,16,0.03072960
4431,16,0.03116005
4432,16,0.02883230
4433,16,0.01822600
4434,16,0.01007915
4435,16,0.01780781
4436,16,0.07789743
4437,16,0.04482440
4438,16,0.01732548
4439,16,0.01478578
4440,16,0.02239439
4441,16,0.01365666
4442,16,0.03369489
4443,16,0.01827412
4444,16,0.01815695
4445,16,0.02597463
4446,16,0.02433918
4447,16,0.01482987
4448,16,0.00942158
4449,16,0.02416681
4450,16,0.02619419
4451,16,0.01640753
4452,16,0.04765233
4453,16,0.01871403
4454,16,0.02952003
4455,16,0.00766980
4456,16,0.02030037
4457,16,0.03900217
4458,16,0.02556405
4459,16,0.02724734
4460,16,0.04341641
4461,16,0.01282261
4462,16,0.02305621
4463,16,0.00943355
4464,16,0.03319246
4465,16,0.08618872
4466,16,0.01188621
4467,16,0.01880614
4468,16,0.01544028
4469,16,0.03529069
4470,16,0.02250047
4471,16,0.01874142
4472,16,0.01114007
4473,16,0.02451911
4474,16,0.01967937
4475,16,0.01520672
4476,16,0.05758151
4477,16,0.01684426
4478,16,0.02278881
4479,16,0.01344567
4480,16,0.04588639
4481,16,0.02476832
4482,16,0.07152160
4483,16,0.07544805
4484,16,0.01820719
4485,16,0.01188906
4486,16,0.03361302
4487,16,0.02492722
4488,16,0.02740036
4489,16,0.02538323
4490,16,0.01233286
4491,16,0.02764985
4492,16,0.00938640
4493,16,0.01819439
4494,16,0.03073332
4495,16,0.01313805
4496,16,0.01228864
4497,16,0.02103412
4498,16,0.02836072
4499,16,0.03037344
4500,16,0.04905339
4501,16,0.01377199
4502,16,0.02426505
4503,16,0.02740506
4504,16,0.01415682
4505,16,0.02071218
4506,16,0.03417047
4507,16,0.11926231
4508,16,0.00712188
4509,16,0.04867887
4510,16,0.00760721
4511,16,0.01285907
4512,16,0.01102427
4513,16,0.04727987
4514,16,0.02063325
4515,16,0.03499698
4516,16,0.09356755
4517,16,0.00866042
4518,16,0.02113315
4519,16,0.03161308
4520,16,0.02691370
4521,16,0.02139605
4522,16,0.02306060
4523,16,0.02006533
4524,16,0.05977390
4525,16,0.06108228
4526,16,0.09549306
4527,16,0.01171308
4528,16,0.03247571
4529,16,0.01900193
4530,16,0.00996576
4531,16,0.02277082
4532,16,0.00724947
4533,16,0.04510368
4534,16,0.00901989
4535,16,0.01556383
4536,16,0.04245462
4537,16,0.02155892
4538,16,0.01265192
4539,16,0.02859916
4540,16,0.00796112
4541,16,0.01556227
4542,16,0.01626725
4543,16,0.04641821
4544,16,0.01693021
4545,16,0.01349139
4546,16,0.01575943
4547,16,0.00867088
4548,16,0.01801251
4549,16,0.04745573
4550,16,0.03234953
4551,16,0.02216203
4552,16,0.02897793
4553,16,0.05090057
4554,16,0.01347001
4555,16,0.00799974
4556,16,0.00852380
4557,16,0.03756414
4558,16,0.01775760
4559,16,0.03594098
4560,16,0.01573381
4561,16,0.00757747
4562,16,0.10079833
4563,16,0.00934422
4564,16,0.01143756
4565,16,0.01713992
4566,16,0.07672270
4567,16,0.03438802
4568,16,0.01044107
4569,16,0.01398400
4570,16,0.03223020
4571,16,0.02370846
4572,16,0.02608572
4573,16,0.04253812
4574,16,0.01630815
4575,16,0.02012278
4576,16,0.01236934
4577,16,0.01737813
4578,16,0.02197644
4579,16,0.01890221
4580,16,0.01845914
4581,16,0.02371503
4582,16,0.01536836
4583,16,0.03008085
4584,16,0.06961288
4585,16,0.02388958
4586,16,0.01149297
4587,16,0.01327956
4588,16,0.01235213
4589,16,0.01335208
4590,16,0.02002697
4591,16,0.01154732
4592,16,0.01155468
4593,16,0.00523171
4594,16,0.03078765
4595,16,0.01638896
4596,16,0.02610802
4597,16,0.01108823
4598,16,0.01637327
4599,16,0.02565967
4600,16,0.01129991
4601,16,0.02443625
4602,16,0.01712276
4603,16,0.02628960
4604,16,0.01025010
4605,16,0.00928761
4606,16,0.02565139
4607,16,0.01163947
4608,16,0.00796270
4609,16,0.09023563
4610,16,0.01610149
4611,16,0.02520709
4612,16,0.03465298
4613,16,0.01323318
4614,16,0.01611292
4615,16,0.02150843
4616,16,0.01086082
4617,16,0.01590143
4618,16,0.04179152
4619,16,0.01043603
4620,16,0.01487134
4621,16,0.01520933
4622,16,0.00992264
4623,16,0.01887874
4624,16,0.03528892
4625,16,0.01266193
4626,16,0.02305571
4627,16,0.01825129
4628,16,0.03219597
4629,16,0.04669733
4630,16,0.03441445
4631,16,0.00562378
4632,16,0.03096148
4633,16,0.02192185
4634,16,0.01876679
4635,16,0.08287312
4636,16,0.05562790
4637,16,0.01176329
4638,16,0.00796413
4639,16,0.02041345
4640,16,0.01635012
4641,16,0.01185466
4642,16,0.01261547
4643,16,0.03579947
4644,16,0.01150762
4645,16,0.04644304
4646,16,0.04943172
4647,16,0.01689583
4648,16,0.01375584
4649,16,0.02215023
4650,16,0.01622126
4651,16,0.06586041
4652,16,0.01772409
4653,16,0.01654164
4654,16,0.01369898
4655,16,0.02360656
4656,16,0.05653615
4657,16,0.01427547
4658,16,0.04794908
4659,16,0.00915882
4660,16,0.05468637
4661,16,0.01429898
4662,16,0.02602586
4663,16,0.00899130
4664,16,0.10313202
4665,16,0.05191687
4666,16,0.00933536
4667,16,0.01650694
4668,16,0.04368609
4669,16,0.02159567
4670,16,0.01938191
4671,16,0.01296115
4672,16,0.02457997
4673,16,0.01327007
4674,16,0.01152868
4675,16,0.01776346
4676,16,0.04091732
4677,16,0.02906410
4678,16,0.02609804
4679,16,0.01533697
4680,16,0.06414426
4681,16,0.03332736
4682,16,0.01474254
4683,16,0.01919951
4684,16,0.01277602
4685,16,0.03337117
4686,16,0.01869301
4687,16,0.03005985
4688,16,0.01705535
4689,17,0.02349498
4690,17,0.05052490
4691,17,0.01653017
4692,17,0.02591354
4693,17,0.02221272
4694,17,0.01125013
4695,17,0.01381203
4696,17,0.00778824
4697,17,0.01292152
4698,17,0.02546187
4699,17,0.01274369
4700,17,0.00921708
4701,17,0.05597957
4702,17,0.01670332
4703,17,0.02368302
4704,17,0.05507386
4705,17,0.01273490
4706,17,0.01002656
4707,17,0.01852807
4708,17,0.00906063
4709,17,0.09434310
4710,17,0.01681199
4711,17,0.03869861
4712,17,0.02072687
4713,17,0.01744891
4714,17,0.02248115
4715,17,0.01691544
4716,17,0.02962956
4717,17,0.01927093
4718,17,0.06854472
4719,17,0.01638268
4720,17,0.03369225
4721,17,0.02901804
4722,17,0.03514861
4723,17,0.01302035
4724,17,0.03498233
4725,17,0.01909790
4726,17,0.01405919
4727,17,0.02621445
4728,17,0.01296927
4729,17,0.01056403
4730,17,0.06629952
4731,17,0.01659028
4732,17,0.02226064
4733,17,0.02341219
4734,17,0.01360468
4735,17,0.01235063
4736,17,0.00619503
4737,17,0.01681828
4738,17,0.00600080
4739,17,0.01447597
4740,17,0.02395932
4741,17,0.02062520
4742,17,0.01814754
4743,17,0.00855093
4744,17,0.02289127
4745,17,0.05423369
4746,17,0.01767134
4747,17,0.03502370
4748,17,0.01539881
4749,17,0.02054291
4750,17,0.02833753
4751,17,0.01424426
4752,17,0.01564907
4753,17,0.00861873
4754,17,0.01031592
4755,17,0.01372276
4756,17,0.05589102
4757,17,0.01210468
4758,17,0.01386378
4759,17,0.02613371
4760,17,0.06072658
4761,17,0.02417329
4762,17,0.06009673
4763,17,0.01748569
4764,17,0.00948567
4765,17,0.02500852
4766,17,0.02237107
4767,17,0.01765946
4768,17,0.02763536
4769,17,0.01296594
4770,17,0.00777626
4771,17,0.04688877
4772,17,0.02565631
4773,17,0.01136643
4774,17,0.05411386
4775,17,0.03553785
4776,17,0.01937390
4777,17,0.02176096
4778,17,0.02217280
4779,17,0.02867771
4780,17,0.11369781
4781,17,0.00894811
4782,17,0.05502003
4783,17,0.05628081
4784,17,0.02035314
4785,17,0.01841989
4786,17,0.01813210
4787,17,0.02343895
4788,17,0.12771386
4789,17,0.01824560
4790,17,0.00919207
4791,17,0.00992236
4792,17,0.01971301
4793,17,0.01245876
4794,17,0.03492268
4795,17,0.02028543
4796,17,0.03950139
4797,17,0.01222242
4798,17,0.01935864
4799,17,0.02956782
4800,17,0.10555775
4801,17,0.01491961
4802,17,0.01509778
4803,17,0.01659837
4804,17,0.00712825
4805,17,0.02144797
4806,17,0.01334079
4807,17,0.01357645
4808,17,0.01396498
4809,17,0.02844579
4810,17,0.02057051
4811,17,0.01289014
4812,17,0.03007602
4813,17,0.02384907
4814,17,0.01761369
4815,17,0.01642932
4816,17,0.01530960
4817,17,0.02107051
4818,17,0.01375390
4819,17,0.00994048
4820,17,0.01589655
4821,17,0.01555299
4822,17,0.02535281
4823,17,0.00684643
4824,17,0.02801950
4825,17,0.00596407
4826,17,0.02639707
4827,17,0.01417240
4828,17,0.01688088
4829,17,0.03805098
4830,17,0.02065654
4831,17,0.04607245
4832,17,0.01277501
4833,17,0.01379515
4834,17,0.03902065
4835,17,0.01446115
4836,17,0.01993091
4837,17,0.05082872
4838,17,0.01629834
4839,17,0.02864712
4840,17,0.01011806
4841,17,0.03200699
4842,17,0.01494524
4843,17,0.02145830
4844,17,0.05755033
4845,17,0.01909590
4846,17,0.04730307
4847,17,0.00659439
4848,17,0.01315359
4849,17,0.00796958
4850,17,0.01076524
4851,17,0.05103659
4852,17,0.00837287
4853,17,0.01619597
4854,17,0.01660285
4855,17,0.01231145
4856,17,0.01708404
4857,17,0.01780346
4858,17,0.00790233
4859,17,0.02686204
4860,17,0.04449332
4861,17,0.00842008
4862,17,0.01312245
4863,17,0.01185785
4864,17,0.01432920
4865,17,0.01806583
4866,17,0.03416195
4867,17,0.03575031
4868,17,0.04915823
4869,17,0.02166285
4870,17,0.06416742
4871,17,0.01198880
4872,17,0.04358951
4873,17,0.01162387
4874,17,0.05501689
4875,17,0.04742707
4876,17,0.04460156
4877,17,0.01380601
4878,17,0.01386256
4879,17,0.05912074
4880,17,0.04839646
4881,17,0.01242912
4882,17,0.05596871
4883,17,0.00971226
4884,17,0.01793388
4885,17,0.01325761
4886,17,0.05008335
4887,17,0.02256147
4888,17,0.03789723
4889,17,0.02826844
4890,17,0.09492278
4891,17,0.01247268
4892,17,0.02792455
4893,17,0.02377751
4894,17,0.04483728
4895,17,0.02087052
4896,17,0.03338589
4897,17,0.01627624
4898,17,0.02016529
4899,17,0.01275762
4900,17,0.02063754
4901,17,0.02068924
4902,17,0.04460701
4903,17,0.01817655
4904,17,0.02009992
4905,17,0.02949355
4906,17,0.01363836
4907,17,0.00640353
4908,17,0.02233958
4909,17,0.00940456
4910,17,0.01636124
4911,17,0.07810245
4912,17,0.01471695
4913,17,0.00991695
4914,17,0.00886776
4915,17,0.03238459
4916,17,0.02110860
4917,17,0.07704790
4918,17,0.02193214
4919,17,0.01543797
4920,17,0.00825425
4921,17,0.03180112
4922,17,0.03320451
4923,17,0.01586589
4924,17,0.01333193
4925,17,0.01760783
4926,17,0.02928021
4927,17,0.01995115
4928,17,0.02299723
4929,17,0.02828106
4930,17,0.02911839
4931,17,0.02111738
4932,17,0.05908896
4933,17,0.05081016
4934,17,0.01684465
4935,17,0.01231120
4936,17,0.01927071
4937,17,0.07305884
4938,17,0.03182212
4939,17,0.01065052
4940,17,0.01376864
4941,17,0.00792536
4942,17,0.01072991
4943,17,0.06071215
4944,17,0.01181247
4945,17,0.06257372
4946,17,0.03352350
4947,17,0.01543063
4948,17,0.02668243
4949,17,0.01297177
4950,17,0.04959127
4951,17,0.02938358
4952,17,0.01823983
4953,17,0.01480309
4954,17,0.00732939
4955,17,0.01449065
4956,17,0.00874973
4957,17,0.07515896
4958,17,0.02526121
4959,17,0.02103082
4960,17,0.01366062
4961,17,0.01044678
4962,17,0.02201285
4963,17,0.02799875
4964,17,0.02603872
4965,17,0.03843138
4966,17,0.02688076
4967,17,0.01715960
4968,17,0.01819590
4969,17,0.01725703
4970,17,0.04386372
4971,17,0.01423888
4972,17,0.01894908
4973,17,0.01659942
4974,17,0.07221092
4975,17,0.01767679
4976,17,0.01225758
4977,17,0.01671964
4978,17,0.01295797
4979,17,0.02474602
4980,17,0.00853044
4981,17,0.04969244
4982,18,0.01147510
4983,18,0.01396551
4984,18,0.01167388
4985,18,0.03766331
4986,18,0.03032748
4987,18,0.01706316
4988,18,0.06880648
4989,18,0.01108436
4990,18,0.01794678
4991,18,0.02941226
4992,18,0.01038971
4993,18,0.02021224
4994,18,0.01564666
4995,18,0.01681546
4996,18,0.02400113
4997,18,0.08208054
4998,18,0.02441804
4999,18,0.05233333
5000,18,0.02357308
5001,18,0.01406348
5002,18,0.01216127
5003,18,0.01215854
5004,18,0.01687255
5005,18,0.04419524
5006,18,0.07341303
5007,18,0.01059731
5008,18,0.01843232
5009,18,0.03474576
5010,18,0.01929327
5011,18,0.02226356
5012,18,0.01084972
5013,18,0.01245881
5014,18,0.01844770
5015,18,0.01841172
5016,18,0.01295303
5017,18,0.01894762
5018,18,0.06123221
5019,18,0.01956460
5020,18,0.02127300
5021,18,0.01605320
5022,18,0.01228297
5023,18,0.01432905
5024,18,0.02129947
5025,18,0.04331445
5026,18,0.01897297
5027,18,0.05588756
5028,18,0.05697320
5029,18,0.01838162
5030,18,0.02057974
5031,18,0.02671730
5032,18,0.02836781
5033,18,0.06260061
5034,18,0.02807869
5035,18,0.01461163
5036,18,0.01453407
5037,18,0.01257640
5038,18,0.02618605
5039,18,0.02437217
5040,18,0.00916594
5041,18,0.01078812
5042,18,0.01749496
5043,18,0.01287116
5044,18,0.04624226
5045,18,0.08034299
5046,18,0.01430506
5047,18,0.03440302
5048,18,0.05375436
5049,18,0.04555976
5050,18,0.01704285
5051,18,0.02968834
5052,18,0.01387950
5053,18,0.03912443
5054,18,0.06508114
5055,18,0.04750840
5056,18,0.03786135
5057,18,0.01298719
5058,18,0.01677907
5059,18,0.07177501
5060,18,0.03658910
5061,18,0.01950499
5062,18,0.01583967
5063,18,0.02067805
5064,18,0.02274887
5065,18,0.03493715
5066,18,0.05045621
5067,18,0.01948721
5068,18,0.01930005
5069,18,0.01350613
5070,18,0.01799177
5071,18,0.01796402
5072,18,0.01859279
5073,18,0.06317968
5074,18,0.02950746
5075,18,0.02318158
5076,18,0.02144245
5077,18,0.01652947
5078,18,0.01767747
5079,18,0.01734338
5080,18,0.02925841
5081,18,0.02417161
5082,18,0.01720597
5083,18,0.04577754
5084,18,0.06164522
5085,18,0.01599613
5086,18,0.02220452
5087,18,0.06591347
5088,18,0.01157480
5089,18,0.02399523
5090,18,0.01400228
5091,18,0.00780132
5092,18,0.00854736
5093,18,0.01494967
5094,18,0.02384653
5095,18,0.03400699
5096,18,0.01964051
5097,18,0.01416161
5098,18,0.02473206
5099,18,0.03179663
5100,18,0.02384576
5101,18,0.03964475
5102,18,0.02246957
5103,18,0.01424864
5104,18,0.03418383
5105,18,0.01624267
5106,18,0.01939946
5107,18,0.02407177
5108,18,0.02318696
5109,18,0.03118187
5110,18,0.00828350
5111,18,0.02017732
5112,18,0.01918646
5113,18,0.02378258
5114,18,0.00909527
5115,18,0.02122676
5116,18,0.02183393
5117,18,0.01025910
5118,18,0.03537354
5119,18,0.02416631
5120,18,0.01240252
5121,18,0.01533429
5122,18,0.02472081
5123,18,0.01292064
5124,18,0.01474555
5125,18,0.01840412
5126,18,0.01035476
5127,18,0.01149360
5128,18,0.01223368
5129,18,0.03189928
5130,18,0.07234192
5131,18,0.02291925
5132,18,0.01592028
5133,18,0.01654773
5134,18,0.01603608
5135,18,0.05996738
5136,18,0.02241614
5137,18,0.01372108
5138,18,0.02423561
5139,18,0.03424513
5140,18,0.00964372
5141,18,0.01972295
5142,18,0.01560916
5143,18,0.06361278
5144,18,0.08591802
5145,18,0.01243557
5146,18,0.07725897
5147,18,0.01746826
5148,18,0.00984755
5149,18,0.01777787
5150,18,0.02234253
5151,18,0.00536286
5152,18,0.04182155
5153,18,0.01971781
5154,18,0.01126545
5155,18,0.01933708
5156,18,0.02145558
5157,18,0.01304444
5158,18,0.06016375
5159,18,0.01205522
5160,18,0.02490498
5161,18,0.04993838
5162,18,0.01111542
5163,18,0.00965199
5164,18,0.10043402
5165,18,0.01909474
5166,18,0.02219854
5167,18,0.07531165
5168,18,0.03808296
5169,18,0.02077239
5170,18,0.04033832
5171,18,0.02046872
5172,18,0.05696904
5173,18,0.08393329
5174,18,0.04815438
5175,18,0.06423483
5176,18,0.06192847
5177,18,0.03194977
5178,18,0.02376528
5179,18,0.02181962
5180,18,0.06208156
5181,18,0.01858142
5182,18,0.01807434
5183,18,0.01729460
5184,18,0.01449548
5185,18,0.04009222
5186,18,0.01034343
5187,18,0.01502333
5188,18,0.03993737
5189,18,0.01332097
5190,18,0.02411222
5191,18,0.01392027
5192,18,0.01816603
5193,18,0.01775761
5194,18,0.03721970
5195,18,0.02741026
5196,18,0.02421945
5197,18,0.01620427
5198,18,0.02498635
5199,18,0.00950317
5200,18,0.01080315
5201,18,0.02100311
5202,18,0.00649114
5203,18,0.01276788
5204,18,0.01434354
5205,18,0.00998786
5206,18,0.01532113
5207,18,0.04569778
5208,18,0.02214623
5209,18,0.01299872
5210,18,0.01074806
5211,18,0.04263614
5212,18,0.02135282
5213,18,0.01635871
5214,18,0.03407941
5215,18,0.01145912
5216,18,0.05522627
5217,18,0.01629718
5218,18,0.06502610
5219,18,0.02008519
5220,18,0.05758772
5221,18,0.08203568
5222,18,0.01419939
5223,18,0.01813157
5224,18,0.01562368
5225,18,0.00953871
5226,18,0.01142212
5227,18,0.00686587
5228,18,0.01738550
5229,18,0.01290678
5230,18,0.03297076
5231,18,0.01879526
5232,18,0.03284176
5233,18,0.00884907
5234,18,0.03174230
5235,18,0.00951404
5236,18,0.02099691
5237,18,0.00863460
5238,18,0.01472063
5239,18,0.01880288
5240,18,0.03429433
5241,18,0.06111806
5242,18,0.02124439
5243,18,0.01217162
5244,18,0.01172554
5245,18,0.01304899
5246,18,0.02206128
5247,18,0.02507317
5248,18,0.01520248
5249,18,0.05427462
5250,18,0.01681286
5251,18,0.01924375
5252,18,0.01892003
5253,18,0.00848496
5254,18,0.00907416
5255,18,0.06981844
5256,18,0.07331997
5257,18,0.01298604
5258,18,0.00612487
5259,18,0.01038892
5260,18,0.01259823
5261,18,0.02011704
5262,18,0.01263967
5263,18,0.02161341
5264,18,0.00806931
5265,18,0.02213223
5266,18,0.03424629
5267,18,0.02947579
5268,18,0.01830231
5269,18,0.01140105
5270,18,0.03388067
5271,18,0.01725567
5272,18,0.04592799
5273,18,0.02095477
5274,18,0.01059663
5275,19,0.04486880
5276,19,0.04257131
5277,19,0.03817260
5278,19,0.00909393
5279,19,0.07970268
5280,19,0.02650464
5281,19,0.03355130
5282,19,0.02284210
5283,19,0.02534356
5284,19,0.01832217
5285,19,0.01841925
5286,19,0.02602461
5287,19,0.08383010
5288,19,0.03174829
5289,19,0.01415260
5290,19,0.03898033
5291,19,0.04528001
5292,19,0.01308994
5293,19,0.05916986
5294,19,0.01175514
5295,19,0.14072363
5296,19,0.01110290
5297,19,0.01021931
5298,19,0.02397948
5299,19,0.01844456
5300,19,0.01218329
5301,19,0.01485598
5302,19,0.01037215
5303,19,0.01942929
5304,19,0.11637999
5305,19,0.04228710
5306,19,0.02322360
5307,19,0.00737003
5308,19,0.02163510
5309,19,0.01680788
5310,19,0.02264029
5311,19,0.01577305
5312,19,0.01867562
5313,19,0.01678808
5314,19,0.03005413
5315,19,0.00923193
5316,19,0.01464363
5317,19,0.03691436
5318,19,0.01269311
5319,19,0.01436312
5320,19,0.01229848
5321,19,0.01401550
5322,19,0.02745987
5323,19,0.00840510
5324,19,0.03265205
5325,19,0.01671756
5326,19,0.01828472
5327,19,0.02608065
5328,19,0.00749230
5329,19,0.01590865
5330,19,0.00972423
5331,19,0.02513102
5332,19,0.00745959
5333,19,0.01351707
5334,19,0.01979569
5335,19,0.01875758
5336,19,0.07492803
5337,19,0.01011076
5338,19,0.01440594
5339,19,0.03243276
5340,19,0.01549116
5341,19,0.01080616
5342,19,0.02002658
5343,19,0.08424829
5344,19,0.01518361
5345,19,0.10448495
5346,19,0.01206759
5347,19,0.01538605
5348,19,0.01857537
5349,19,0.00866443
5350,19,0.06204036
5351,19,0.02775867
5352,19,0.01372615
5353,19,0.02636406
5354,19,0.08304720
5355,19,0.03422503
5356,19,0.01469083
5357,19,0.01396895
5358,19,0.01578996
5359,19,0.03961506
5360,19,0.03074083
5361,19,0.01029215
5362,19,0.00994375
5363,19,0.01573935
5364,19,0.03978733
5365,19,0.01901674
5366,19,0.01914651
5367,19,0.03584945
5368,19,0.09667041
5369,19,0.02606213
5370,19,0.02350495
5371,19,0.01623769
5372,19,0.01897731
5373,19,0.05855316
5374,19,0.01953262
5375,19,0.01269541
5376,19,0.01309745
5377,19,0.01454881
5378,19,0.04275615
5379,19,0.05938674
5380,19,0.00998427
5381,19,0.02139476
5382,19,0.01148120
5383,19,0.02504177
5384,19,0.01602963
5385,19,0.02066237
5386,19,0.13612625
5387,19,0.01601549
5388,19,0.01172211
5389,19,0.02737315
5390,19,0.03253867
5391,19,0.03301536
5392,19,0.02598727
5393,19,0.04970998
5394,19,0.02202010
5395,19,0.04458229
5396,19,0.02973024
5397,19,0.01495729
5398,19,0.01173329
5399,19,0.03690585
5400,19,0.07376128
5401,19,0.02326373
5402,19,0.01359049
5403,19,0.05711397
5404,19,0.01430483
5405,19,0.01577834
5406,19,0.02657645
5407,19,0.01397367
5408,19,0.00887084
5409,19,0.01650148
5410,19,0.04728056
5411,19,0.06236405
5412,19,0.03012543
5413,19,0.08917296
5414,19,0.01086668
5415,19,0.03857524
5416,19,0.03077548
5417,19,0.01708302
5418,19,0.02072792
5419,19,0.01750431
5420,19,0.04457376
5421,19,0.05434393
5422,19,0.01705599
5423,19,0.01493590
5424,19,0.01073291
5425,19,0.07103150
5426,19,0.02049237
5427,19,0.01750977
5428,19,0.01267245
5429,19,0.01205964
5430,19,0.01129763
5431,19,0.02603618
5432,19,0.02741066
5433,19,0.01281913
5434,19,0.01093134
5435,19,0.05806659
5436,19,0.01367523
5437,19,0.03986808
5438,19,0.01025934
5439,19,0.01551487
5440,19,0.02212986
5441,19,0.00867115
5442,19,0.01798050
5443,19,0.01170228
5444,19,0.03520994
5445,19,0.04640897
5446,19,0.02968667
5447,19,0.01617931
5448,19,0.06060293
5449,19,0.01535742
5450,19,0.02636513
5451,19,0.04132964
5452,19,0.02543677
5453,19,0.01910822
5454,19,0.02243969
5455,19,0.02703397
5456,19,0.02349446
5457,19,0.01687892
5458,19,0.02330530
5459,19,0.08269938
5460,19,0.02785938
5461,19,0.04158173
5462,19,0.01200269
5463,19,0.01201189
5464,19,0.03667342
5465,19,0.01519542
5466,19,0.01413370
5467,19,0.00887952
5468,19,0.01220167
5469,19,0.02072022
5470,19,0.02762572
5471,19,0.01558355
5472,19,0.01140903
5473,19,0.01854059
5474,19,0.01782613
5475,19,0.02740777
5476,19,0.03049189
5477,19,0.05008333
5478,19,0.01869926
5479,19,0.01692006
5480,19,0.02472176
5481,19,0.01844090
5482,19,0.00755242
5483,19,0.00727785
5484,19,0.02705398
5485,19,0.00975446
5486,19,0.00822600
5487,19,0.00871210
5488,19,0.01146983
5489,19,0.02720764
5490,19,0.02330945
5491,19,0.04592030
5492,19,0.00796544
5493,19,0.04484117
5494,19,0.01475981
5495,19,0.01646584
5496,19,0.00993068
5497,19,0.02542225
5498,19,0.01453498
5499,19,0.01936855
5500,19,0.04107144
5501,19,0.00901542
5502,19,0.06728997
5503,19,0.04364665
5504,19,0.01180547
5505,19,0.03049290
5506,19,0.02048110
5507,19,0.01041193
5508,19,0.01529205
5509,19,0.02723718
5510,19,0.02471339
5511,19,0.00905546
5512,19,0.01173361
5513,19,0.05740120
5514,19,0.00894906
5515,19,0.01699318
5516,19,0.02083153
5517,19,0.06283192
5518,19,0.00970520
5519,19,0.01777204
5520,19,0.01858854
5521,19,0.01173535
5522,19,0.03416162
5523,19,0.01410172
5524,19,0.00794789
5525,19,0.08150483
5526,19,0.07382227
5527,19,0.01783274
5528,19,0.01728538
5529,19,0.00904428
5530,19,0.01708182
5531,19,0.02982511
5532,19,0.01425015
5533,19,0.01023860
5534,19,0.01198978
5535,19,0.01986248
5536,19,0.01999617
5537,19,0.02889695
5538,19,0.05409611
5539,19,0.01034693
5540,19,0.01563747
5541,19,0.01316101
5542,19,0.04637242
5543,19,0.01611983
5544,19,0.01035717
5545,19,0.01015180
5546,19,0.00835059
5547,19,0.06365153
5548,19,0.01055203
5549,19,0.02538650
5550,19,0.02979511
5551,19,0.01827842
5552,19,0.01271230
5553,19,0.02836278
5554,19,0.01243328
5555,19,0.06954965
5556,19,0.02690931
5557,19,0.01857308
5558,19,0.01443490
5559,19,0.00781662
5560,19,0.01988372
5561,19,0.00971499
5562,19,0.01484706
5563,19,0.03507300
5564,19,0.02113064
5565,19,0.01617478
5566,19,0.01660933
5567,19,0.00753290
5568,20,0.02841915
5569,20,0.02412168
5570,20,0.01013237
5571,20,0.01695049
5572,20,0.02558863
5573,20,0.03109295
5574,20,0.01087313
5575,20,0.03285865
5576,20,0.01295387
5577,20,0.01129103
5578,20,0.01247136
5579,20,0.01811611
5580,20,0.01199608
5581,20,0.01925843
5582,20,0.01535473
5583,20,0.01900932
5584,20,0.02075632
5585,20,0.01999386
5586,20,0.02040705
5587,20,0.01617574
5588,20,0.00781225
5589,20,0.02567151
5590,20,0.00893831
5591,20,0.06001190
5592,20,0.01401519
5593,20,0.02588180
5594,20,0.02593377
5595,20,0.01244665
5596,20,0.01350065
5597,20,0.01041716
5598,20,0.05839272
5599,20,0.03059837
5600,20,0.01224779
5601,20,0.02847179
5602,20,0.00728789
5603,20,0.02252792
5604,20,0.01522430
5605,20,0.03820708
5606,20,0.01411378
5607,20,0.01590134
5608,20,0.01028486
5609,20,0.03485975
5610,20,0.01934858
5611,20,0.00603222
5612,20,0.01885794
5613,20,0.08926073
5614,20,0.02685770
5615,20,0.02069781
5616,20,0.02138994
5617,20,0.01267003
5618,20,0.01249138
5619,20,0.11377220
5620,20,0.04603170
5621,20,0.04628218
5622,20,0.02668938
5623,20,0.02174001
5624,20,0.01652651
5625,20,0.02058365
5626,20,0.02363930
5627,20,0.01763816
5628,20,0.01735306
5629,20,0.02742088
5630,20,0.01811022
5631,20,0.00801076
5632,20,0.03563783
5633,20,0.02440372
5634,20,0.03078089
5635,20,0.00916605
5636,20,0.01710862
5637,20,0.01250486
5638,20,0.05713676
5639,20,0.01258530
5640,20,0.01067728
5641,20,0.00695669
5642,20,0.01736674
5643,20,0.03789651
5644,20,0.02181922
5645,20,0.03883180
5646,20,0.01563355
5647,20,0.03210863
5648,20,0.01080998
5649,20,0.01409370
5650,20,0.01479390
5651,20,0.01495339
5652,20,0.02477089
5653,20,0.07598710
5654,20,0.02665860
5655,20,0.01509852
5656,20,0.02858090
5657,20,0.01619196
5658,20,0.03365582
5659,20,0.01768116
5660,20,0.00731689
5661,20,0.02608775
5662,20,0.01953512
5663,20,0.02034997
5664,20,0.07887664
5665,20,0.02647872
5666,20,0.00682155
5667,20,0.00886413
5668,20,0.00878496
5669,20,0.00710884
5670,20,0.00880015
5671,20,0.01541129
5672,20,0.00794241
5673,20,0.02776930
5674,20,0.01272862
5675,20,0.04903505
5676,20,0.03158459
5677,20,0.02387207
5678,20,0.02557177
5679,20,0.01289993
5680,20,0.02406832
5681,20,0.03527561
5682,20,0.01611775
5683,20,0.00973684
5684,20,0.01203045
5685,20,0.01360815
5686,20,0.01279515
5687,20,0.01911154
5688,20,0.03600569
5689,20,0.01671062
5690,20,0.06638720
5691,20,0.02039868
5692,20,0.02941525
5693,20,0.06940351
5694,20,0.01995119
5695,20,0.09472571
5696,20,0.01389071
5697,20,0.01979165
5698,20,0.01720603
5699,20,0.03037508
5700,20,0.01621905
5701,20,0.02251014
5702,20,0.00985117
5703,20,0.01283833
5704,20,0.02635830
5705,20,0.02848640
5706,20,0.01966989
5707,20,0.02442303
5708,20,0.03524739
5709,20,0.02239490
5710,20,0.02442762
5711,20,0.00876497
5712,20,0.01547795
5713,20,0.02521616
5714,20,0.02887398
5715,20,0.03136658
5716,20,0.01837894
5717,20,0.02282164
5718,20,0.03182940
5719,20,0.01507346
5720,20,0.02194347
5721,20,0.00975200
5722,20,0.01984523
5723,20,0.09286469
5724,20,0.03879544
5725,20,0.07803044
5726,20,0.00822704
5727,20,0.01469417
5728,20,0.01309270
5729,20,0.00899315
5730,20,0.00932615
5731,20,0.00872138
5732,20,0.01193626
5733,20,0.03066261
5734,20,0.01376734
5735,20,0.01406674
5736,20,0.01501515
5737,20,0.03140728
5738,20,0.00805327
5739,20,0.01407205
5740,20,0.03486848
5741,20,0.00530306
5742,20,0.09173594
5743,20,0.00532191
5744,20,0.02417398
5745,20,0.05418034
5746,20,0.01194605
5747,20,0.05250817
5748,20,0.03260878
5749,20,0.01167218
5750,20,0.01410698
5751,20,0.03231356
5752,20,0.01766944
5753,20,0.03929817
5754,20,0.04991474
5755,20,0.00676546
5756,20,0.01838513
5757,20,0.00714230
5758,20,0.04696900
5759,20,0.04218519
5760,20,0.01160766
5761,20,0.01366418
5762,20,0.06571375
5763,20,0.01859422
5764,20,0.01318777
5765,20,0.04772922
5766,20,0.01949102
5767,20,0.01563567
5768,20,0.01443069
5769,20,0.03922828
5770,20,0.03308185
5771,20,0.03476922
5772,20,0.00705294
5773,20,0.01351603
5774,20,0.02192937
5775,20,0.06472431
5776,20,0.01891971
5777,20,0.01336226
5778,20,0.01442381
5779,20,0.01127778
5780,20,0.03198144
5781,20,0.06252088
5782,20,0.01161806
5783,20,0.00995063
5784,20,0.01445077
5785,20,0.01247931
5786,20,0.02279699
5787,20,0.08164146
5788,20,0.01733912
5789,20,0.03854652
5790,20,0.01172255
5791,20,0.02712760
5792,20,0.00887689
5793,20,0.01041521
5794,20,0.01321070
5795,20,0.02158084
5796,20,0.01892432
5797,20,0.02088312
5798,20,0.01673217
5799,20,0.01027839
5800,20,0.02046449
5801,20,0.07062411
5802,20,0.01657447
5803,20,0.01251700
5804,20,0.01049722
5805,20,0.03055771
5806,20,0.01005961
5807,20,0.02611777
5808,20,0.01375102
5809,20,0.00849116
5810,20,0.05677401
5811,20,0.04040602
5812,20,0.05539161
5813,20,0.02395109
5814,20,0.01959031
5815,20,0.01411630
5816,20,0.01591063
5817,20,0.08226775
5818,20,0.02081610
5819,20,0.04144765
5820,20,0.05050202
5821,20,0.01452081
5822,20,0.02305755
5823,20,0.01294015
5824,20,0.04807706
5825,20,0.02773385
5826,20,0.07260268
5827,20,0.03608729
5828,20,0.00838665
5829,20,0.01648788
5830,20,0.01858699
5831,20,0.03515894
5832,20,0.01233990
5833,20,0.00765830
5834,20,0.01352306
5835,20,0.02029797
5836,20,0.03474880
5837,20,0.02554364
5838,20,0.04668066
5839,20,0.01493902
5840,20,0.03584977
5841,20,0.00721891
5842,20,0.01083071
5843,20,0.01232092
5844,20,0.02855265
5845,20,0.01834381
5846,20,0.01226041
5847,20,0.01504917
5848,20,0.02234019
5849,20,0.04222747
5850,20,0.00801812
5851,20,0.03780588
5852,20,0.00905953
5853,20,0.01674571
5854,20,0.00686862
5855,20,0.01822990
5856,20,0.03011638
5857,20,0.01415322
5858,20,0.02128251
5859,20,0.01906355
5860,20,0.02265985
5861,21,0.02753624
5862,21,0.03000996
5863,21,0.01636465
5864,21,0.05263148
5865,21,0.01053639
5866,21,0.05097679
5867,21,0.00519622
5868,21,0.01634206
5869,21,0.01668186
5870,21,0.01155666
5871,21,0.08545829
5872,21,0.01176685
5873,21,0.05986018
5874,21,0.02197264
5875,21,0.01303120
5876,21,0.01283011
5877,21,0.00811650
5878,21,0.01066821
5879,21,0.01949755
5880,21,0.01055377
5881,21,0.01029817
5882,21,0.02070821
5883,21,0.01221211
5884,21,0.00757124
5885,21,0.03036965
5886,21,0.00884743
5887,21,0.01016414
5888,21,0.00991034
5889,21,0.06236999
5890,21,0.01899764
5891,21,0.01156200
5892,21,0.00919026
5893,21,0.02261668
5894,21,0.01912587
5895,21,0.07402394
5896,21,0.00950293
5897,21,0.01772582
5898,21,0.02357069
5899,21,0.00676106
5900,21,0.01239562
5901,21,0.02363760
5902,21,0.00648049
5903,21,0.04209170
5904,21,0.03341845
5905,21,0.06514577
5906,21,0.01684545
5907,21,0.02286074
5908,21,0.02881436
5909,21,0.01363858
5910,21,0.03318501
5911,21,0.01750976
5912,21,0.07874773
5913,21,0.02507962
5914,21,0.02295425
5915,21,0.01925407
5916,21,0.01451020
5917,21,0.03618083
5918,21,0.01043091
5919,21,0.00786394
5920,21,0.01072201
5921,21,0.01070235
5922,21,0.03479749
5923,21,0.04170346
5924,21,0.01992581
5925,21,0.01332785
5926,21,0.01944179
5927,21,0.01593093
5928,21,0.01491639
5929,21,0.03172620
5930,21,0.01261537
5931,21,0.02427537
5932,21,0.01175743
5933,21,0.01165153
5934,21,0.01904347
5935,21,0.01510965
5936,21,0.00798078
5937,21,0.00582349
5938,21,0.02484972
5939,21,0.01023319
5940,21,0.01186739
5941,21,0.07135000
5942,21,0.01436481
5943,21,0.02095362
5944,21,0.02509161
5945,21,0.00727086
5946,21,0.01747220
5947,21,0.01484090
5948,21,0.00773835
5949,21,0.00875383
5950,21,0.01274243
5951,21,0.04441379
5952,21,0.01994249
5953,21,0.01177762
5954,21,0.01551945
5955,21,0.03705062
5956,21,0.04334421
5957,21,0.01054598
5958,21,0.01977789
5959,21,0.01405089
5960,21,0.01474702
5961,21,0.04827581
5962,21,0.01325595
5963,21,0.02347261
5964,21,0.01969236
5965,21,0.01131579
5966,21,0.01879401
5967,21,0.07039763
5968,21,0.04091141
5969,21,0.00925451
5970,21,0.05197977
5971,21,0.03981634
5972,21,0.03435871
5973,21,0.02328857
5974,21,0.06343595
5975,21,0.01918996
5976,21,0.02566107
5977,21,0.02070034
5978,21,0.03614347
5979,21,0.01399839
5980,21,0.02524747
5981,21,0.01523322
5982,21,0.00830498
5983,21,0.01357217
5984,21,0.01545342
5985,21,0.01947664
5986,21,0.01938638
5987,21,0.01605353
5988,21,0.00831022
5989,21,0.06046116
5990,21,0.02014326
5991,21,0.00850964
5992,21,0.04409480
5993,21,0.00879497
5994,21,0.02295836
5995,21,0.01249039
5996,21,0.02987044
5997,21,0.00602641
5998,21,0.04093004
5999,21,0.00822991
6000,21,0.00934458
6001,21,0.01413658
6002,21,0.02663007
6003,21,0.01731261
6004,21,0.01257653
6005,21,0.01924871
6006,21,0.00936787
6007,21,0.03721978
6008,21,0.04406507
6009,21,0.00677387
6010,21,0.03851690
6011,21,0.01185849
6012,21,0.01699843
6013,21,0.01688380
6014,21,0.07725652
6015,21,0.02830303
6016,21,0.02590230
6017,21,0.00838039
6018,21,0.02115427
6019,21,0.01616818
6020,21,0.03174588
6021,21,0.08677336
6022,21,0.04801003
6023,21,0.02327293
6024,21,0.03147134
6025,21,0.02857770
6026,21,0.01180959
6027,21,0.02391371
6028,21,0.03177161
6029,21,0.01418959
6030,21,0.01380363
6031,21,0.01241117
6032,21,0.01131982
6033,21,0.01761246
6034,21,0.01859563
6035,21,0.01017798
6036,21,0.01439648
6037,21,0.00619843
6038,21,0.01142420
6039,21,0.00936012
6040,21,0.01295434
6041,21,0.01026459
6042,21,0.01489311
6043,21,0.03506806
6044,21,0.01276014
6045,21,0.00848149
6046,21,0.02372865
6047,21,0.02037930
6048,21,0.02910145
6049,21,0.00906901
6050,21,0.01492022
6051,21,0.00630229
6052,21,0.01337532
6053,21,0.00573449
6054,21,0.02563771
6055,21,0.01087054
6056,21,0.03159877
6057,21,0.05510258
6058,21,0.01085468
6059,21,0.04685509
6060,21,0.01668848
6061,21,0.02842302
6062,21,0.01462473
6063,21,0.01447596
6064,21,0.01473756
6065,21,0.08976644
6066,21,0.01739792
6067,21,0.01344112
6068,21,0.01288402
6069,21,0.03217442
6070,21,0.02844346
6071,21,0.01152132
6072,21,0.00744192
6073,21,0.03073745
6074,21,0.04294609
6075,21,0.08173686
6076,21,0.02552151
6077,21,0.02439834
6078,21,0.01527131
6079,21,0.03633432
6080,21,0.01667477
6081,21,0.01476417
6082,21,0.06825408
6083,21,0.03795461
6084,21,0.02306210
6085,21,0.02503083
6086,21,0.03026283
6087,21,0.02872756
6088,21,0.02263370
6089,21,0.05114048
6090,21,0.01981681
6091,21,0.03355887
6092,21,0.03933190
6093,21,0.06649842
6094,21,0.02404648
6095,21,0.01491290
6096,21,0.01597722
6097,21,0.01480118
6098,21,0.01730858
6099,21,0.01647182
6100,21,0.01044512
6101,21,0.01558896
6102,21,0.01301179
6103,21,0.07515924
6104,21,0.02010943
6105,21,0.00590878
6106,21,0.06114125
6107,21,0.11826295
6108,21,0.01183943
6109,21,0.01521819
6110,21,0.01745144
6111,21,0.03267933
6112,21,0.03010115
6113,21,0.01377649
6114,21,0.02671750
6115,21,0.01736868
6116,21,0.05716887
6117,21,0.00605506
6118,21,0.00854412
6119,21,0.01269737
6120,21,0.01480292
6121,21,0.01046855
6122,21,0.06906848
6123,21,0.03499054
6124,21,0.05026195
6125,21,0.01047153
6126,21,0.00672078
6127,21,0.01694648
6128,21,0.03019444
6129,21,0.01657104
6130,21,0.05799525
6131,21,0.02388858
6132,21,0.01049852
6133,21,0.00698897
6134,21,0.01842639
6135,21,0.04048393
6136,21,0.03634807
6137,21,0.00860895
6138,21,0.00878548
6139,21,0.00850806
6140,21,0.02504784
6141,21,0.00568774
6142,21,0.02253309
6143,21,0.01553453
6144,21,0.03297110
6145,21,0.03166426
6146,21,0.02397519
6147,21,0.01094546
6148,21,0.06630158
6149,21,0.01428975
6150,21,0.00870582
6151,21,0.01086857
6152,21,0.02104799
6153,21,0.02692303
6154,22,0.07397793
6155,22,0.01047922
6156,22,0.07330734
6157,22,0.01562856
6158,22,0.01195222
6159,22,0.01245106
6160,22,0.00966187
6161,22,0.06886319
6162,22,0.01745641
6163,22,0.02164975
6164,22,0.01962346
6165,22,0.01801396
6166,22,0.02744226
6167,22,0.03683733
6168,22,0.07208862
6169,22,0.06860028
6170,22,0.04583175
6171,22,0.01273187
6172,22,0.01790657
6173,22,0.01925984
6174,22,0.02811437
6175,22,0.00896084
6176,22,0.02123788
6177,22,0.01758120
6178,22,0.01492129
6179,22,0.01991014
6180,22,0.01262608
6181,22,0.01386386
6182,22,0.01955757
6183,22,0.00780050
6184,22,0.02083488
6185,22,0.01489878
6186,22,0.05984362
6187,22,0.01590871
6188,22,0.00901815
6189,22,0.01817574
6190,22,0.02029041
6191,22,0.02051092
6192,22,0.02177813
6193,22,0.02947902
6194,22,0.04848545
6195,22,0.01501501
6196,22,0.01959814
6197,22,0.01156143
6198,22,0.03433373
6199,22,0.00970655
6200,22,0.02312831
6201,22,0.02852363
6202,22,0.03684821
6203,22,0.01033692
6204,22,0.02421616
6205,22,0.01518142
6206,22,0.04250333
6207,22,0.02442291
6208,22,0.00954975
6209,22,0.02522260
6210,22,0.01399139
6211,22,0.00658670
6212,22,0.02701195
6213,22,0.01256495
6214,22,0.02716748
6215,22,0.11533118
6216,22,0.00960554
6217,22,0.01129196
6218,22,0.01577870
6219,22,0.02074683
6220,22,0.04599233
6221,22,0.01077702
6222,22,0.03010267
6223,22,0.01591227
6224,22,0.01210188
6225,22,0.03430575
6226,22,0.02883992
6227,22,0.03195872
6228,22,0.02386231
6229,22,0.05431040
6230,22,0.02625638
6231,22,0.00635281
6232,22,0.04573015
6233,22,0.02583441
6234,22,0.00917994
6235,22,0.01395382
6236,22,0.01150590
6237,22,0.00953996
6238,22,0.00757556
6239,22,0.01242100
6240,22,0.01667654
6241,22,0.00907903
6242,22,0.01121274
6243,22,0.01067024
6244,22,0.01071184
6245,22,0.04117777
6246,22,0.01825403
6247,22,0.02555364
6248,22,0.03006993
6249,22,0.01506513
6250,22,0.01195708
6251,22,0.01128749
6252,22,0.05279696
6253,22,0.04982760
6254,22,0.05516615
6255,22,0.02703025
6256,22,0.00688197
6257,22,0.00765611
6258,22,0.00979171
6259,22,0.01482469
6260,22,0.02335511
6261,22,0.01222405
6262,22,0.00979535
6263,22,0.01076421
6264,22,0.04114645
6265,22,0.00902558
6266,22,0.02554774
6267,22,0.03485716
6268,22,0.01523035
6269,22,0.08152278
6270,22,0.04460897
6271,22,0.01200127
6272,22,0.02319232
6273,22,0.01713382
6274,22,0.08464120
6275,22,0.01004593
6276,22,0.01299176
6277,22,0.03245318
6278,22,0.02282676
6279,22,0.00842265
6280,22,0.00983421
6281,22,0.02880929
6282,22,0.04306216
6283,22,0.02529887
6284,22,0.01639049
6285,22,0.03316296
6286,22,0.04340642
6287,22,0.01292545
6288,22,0.04461216
6289,22,0.01238546
6290,22,0.02363513
6291,22,0.01166848
6292,22,0.03867556
6293,22,0.01449979
6294,22,0.00875612
6295,22,0.03856653
6296,22,0.02263884
6297,22,0.01844289
6298,22,0.01073194
6299,22,0.01665583
6300,22,0.05482727
6301,22,0.03007782
6302,22,0.01262704
6303,22,0.01340526
6304,22,0.02149946
6305,22,0.01311083
6306,22,0.06430827
6307,22,0.01690091
6308,22,0.01729081
6309,22,0.02025926
6310,22,0.01950326
6311,22,0.01578805
6312,22,0.01351229
6313,22,0.00795708
6314,22,0.02554660
6315,22,0.08174706
6316,22,0.01948001
6317,22,0.01595187
6318,22,0.01580535
6319,22,0.01100423
6320,22,0.03791079
6321,22,0.01668500
6322,22,0.03218509
6323,22,0.01279025
6324,22,0.01073936
6325,22,0.01154618
6326,22,0.01667331
6327,22,0.01001164
6328,22,0.00826666
6329,22,0.05967360
6330,22,0.02611986
6331,22,0.02360142
6332,22,0.01026214
6333,22,0.01137509
6334,22,0.01447355
6335,22,0.05875776
6336,22,0.00883837
6337,22,0.01848601
6338,22,0.03866870
6339,22,0.02353018
6340,22,0.03252476
6341,22,0.00853706
6342,22,0.00716494
6343,22,0.01763707
6344,22,0.01622648
6345,22,0.01738902
6346,22,0.00937732
6347,22,0.00724369
6348,22,0.00937491
6349,22,0.01658156
6350,22,0.01126353
6351,22,0.01837252
6352,22,0.02347692
6353,22,0.00771507
6354,22,0.01346842
6355,22,0.03554878
6356,22,0.00548520
6357,22,0.03114621
6358,22,0.05282796
6359,22,0.02795474
6360,22,0.02509301
6361,22,0.00692419
6362,22,0.03198421
6363,22,0.01589807
6364,22,0.07021787
6365,22,0.02687252
6366,22,0.07601161
6367,22,0.01896215
6368,22,0.01009286
6369,22,0.06721428
6370,22,0.01675856
6371,22,0.01560200
6372,22,0.06409526
6373,22,0.00506320
6374,22,0.01657345
6375,22,0.01179877
6376,22,0.02222890
6377,22,0.01829114
6378,22,0.03150335
6379,22,0.01415914
6380,22,0.03501658
6381,22,0.00710782
6382,22,0.01742775
6383,22,0.00998980
6384,22,0.01427216
6385,22,0.00923563
6386,22,0.01578154
6387,22,0.02506416
6388,22,0.02178136
6389,22,0.01174045
6390,22,0.01177552
6391,22,0.05996291
6392,22,0.01355736
6393,22,0.02064224
6394,22,0.00734716
6395,22,0.01734870
6396,22,0.01755974
6397,22,0.00980710
6398,22,0.00798798
6399,22,0.01757205
6400,22,0.01266500
6401,22,0.02666652
6402,22,0.02299233
6403,22,0.08888222
6404,22,0.00881764
6405,22,0.01015498
6406,22,0.02286981
6407,22,0.01716897
6408,22,0.01019719
6409,22,0.01616693
6410,22,0.02096083
6411,22,0.01787682
6412,22,0.01996880
6413,22,0.01080524
6414,22,0.06655189
6415,22,0.02416520
6416,22,0.01525147
6417,22,0.01839541
6418,22,0.03254115
6419,22,0.05364122
6420,22,0.02181845
6421,22,0.01277181
6422,22,0.01701043
6423,22,0.00877757
6424,22,0.06984301
6425,22,0.00992674
6426,22,0.01370919
6427,22,0.00980791
6428,22,0.03866323
6429,22,0.11816731
6430,22,0.01461482
6431,22,0.00724188
6432,22,0.01636780
6433,22,0.02482876
6434,22,0.01366687
6435,22,0.02305338
6436,22,0.01339005
6437,22,0.01347798
6438,22,0.04458766
6439,22,0.01835590
6440,22,0.02722113
6441,22,0.01691444
6442,22,0.01920785
6443,22,0.01360644
6444,22,0.01304063
6445,22,0.01343461
6446,22,0.01217903
6447,23,0.09139797
6448,23,0.00900349
6449,23,0.03412363
6450,23,0.05568352
6451,23,0.02563179
6452,23,0.00704653
6453,23,0.01092226
6454,23,0.01761507
6455,23,0.01203506
6456,23,0.05587341
6457,23,0.01449357
6458,23,0.01582181
6459,23,0.01597105
6460,23,0.01008104
6461,23,0.01649327
6462,23,0.01893549
6463,23,0.00547296
6464,23,0.01550778
6465,23,0.03729477
6466,23,0.01843609
6467,23,0.05457721
6468,23,0.01024324
6469,23,0.03062506
6470,23,0.01633117
6471,23,0.00936907
6472,23,0.01845881
6473,23,0.01167022
6474,23,0.01322741
6475,23,0.02365812
6476,23,0.02256193
6477,23,0.08457034
6478,23,0.01573142
6479,23,0.02435549
6480,23,0.01860425
6481,23,0.06096046
6482,23,0.05822414
6483,23,0.02170167
6484,23,0.01624252
6485,23,0.01070719
6486,23,0.00711280
6487,23,0.07346819
6488,23,0.00334440
6489,23,0.00682447
6490,23,0.01248435
6491,23,0.01736587
6492,23,0.02407298
6493,23,0.00849793
6494,23,0.07850941
6495,23,0.00700636
6496,23,0.01795589
6497,23,0.05879246
6498,23,0.01293924
6499,23,0.01179236
6500,23,0.01316025
6501,23,0.00780529
6502,23,0.04305421
6503,23,0.09478123
6504,23,0.01858572
6505,23,0.01081004
6506,23,0.01991256
6507,23,0.01230394
6508,23,0.01191364
6509,23,0.01407444
6510,23,0.01980512
6511,23,0.00765944
6512,23,0.02017012
6513,23,0.01036500
6514,23,0.06704532
6515,23,0.00850137
6516,23,0.01384665
6517,23,0.01223133
6518,23,0.01755006
6519,23,0.02197224
6520,23,0.03601976
6521,23,0.00505059
6522,23,0.02368584
6523,23,0.01867567
6524,23,0.01632660
6525,23,0.01011075
6526,23,0.02795631
6527,23,0.02376145
6528,23,0.01791043
6529,23,0.01580041
6530,23,0.01020990
6531,23,0.05993684
6532,23,0.01015678
6533,23,0.01154288
6534,23,0.03744258
6535,23,0.08537039
6536,23,0.01516473
6537,23,0.01457633
6538,23,0.01141950
6539,23,0.01638390
6540,23,0.01943335
6541,23,0.00972870
6542,23,0.01025326
6543,23,0.03644472
6544,23,0.01525531
6545,23,0.02571297
6546,23,0.01069688
6547,23,0.02918634
6548,23,0.01912585
6549,23,0.01647011
6550,23,0.01712293
6551,23,0.03255495
6552,23,0.03460461
6553,23,0.01673697
6554,23,0.02142023
6555,23,0.01448450
6556,23,0.01667006
6557,23,0.03655609
6558,23,0.03252533
6559,23,0.03068887
6560,23,0.02085055
6561,23,0.01033092
6562,23,0.02208342
6563,23,0.01195045
6564,23,0.01912988
6565,23,0.04026348
6566,23,0.01843275
6567,23,0.00904704
6568,23,0.00931740
6569,23,0.00593772
6570,23,0.02816350
6571,23,0.01681796
6572,23,0.02036683
6573,23,0.02881472
6574,23,0.00864064
6575,23,0.01799627
6576,23,0.02314471
6577,23,0.01110568
6578,23,0.01234380
6579,23,0.01874605
6580,23,0.02508332
6581,23,0.02027397
6582,23,0.01488080
6583,23,0.01845753
6584,23,0.02142193
6585,23,0.04996498
6586,23,0.01478909
6587,23,0.00946699
6588,23,0.02263713
6589,23,0.01350119
6590,23,0.02942728
6591,23,0.01559646
6592,23,0.02644262
6593,23,0.01078254
6594,23,0.01134047
6595,23,0.00656895
6596,23,0.01869344
6597,23,0.05945979
6598,23,0.01309097
6599,23,0.00985931
6600,23,0.02957838
6601,23,0.05109292
6602,23,0.04276710
6603,23,0.04856307
6604,23,0.02246482
6605,23,0.01636362
6606,23,0.01745070
6607,23,0.01733630
6608,23,0.01261306
6609,23,0.01581526
6610,23,0.02062653
6611,23,0.00982430
6612,23,0.00736665
6613,23,0.02338806
6614,23,0.01059263
6615,23,0.11198538
6616,23,0.02849391
6617,23,0.01060278
6618,23,0.02555692
6619,23,0.00670839
6620,23,0.05287132
6621,23,0.01501173
6622,23,0.01412243
6623,23,0.01419241
6624,23,0.05007663
6625,23,0.01565634
6626,23,0.01770530
6627,23,0.01763615
6628,23,0.02267832
6629,23,0.01107453
6630,23,0.01611947
6631,23,0.00952195
6632,23,0.03593121
6633,23,0.00675648
6634,23,0.01169591
6635,23,0.01668630
6636,23,0.00829386
6637,23,0.06556982
6638,23,0.02345806
6639,23,0.01028253
6640,23,0.00737058
6641,23,0.00835921
6642,23,0.00712820
6643,23,0.03368567
6644,23,0.02280888
6645,23,0.05734561
6646,23,0.01843881
6647,23,0.01504448
6648,23,0.00856248
6649,23,0.07591648
6650,23,0.01303925
6651,23,0.02593675
6652,23,0.01785833
6653,23,0.01087810
6654,23,0.01223746
6655,23,0.01542474
6656,23,0.05977929
6657,23,0.02026834
6658,23,0.01411381
6659,23,0.01029179
6660,23,0.04626048
6661,23,0.03132355
6662,23,0.01531234
6663,23,0.03299467
6664,23,0.02235000
6665,23,0.01833753
6666,23,0.01583393
6667,23,0.09747269
6668,23,0.01221926
6669,23,0.01857986
6670,23,0.05472427
6671,23,0.01436870
6672,23,0.01243416
6673,23,0.01452067
6674,23,0.03881763
6675,23,0.00787284
6676,23,0.02298274
6677,23,0.01604160
6678,23,0.00774365
6679,23,0.02999434
6680,23,0.01286922
6681,23,0.00856406
6682,23,0.01643233
6683,23,0.05720288
6684,23,0.02108008
6685,23,0.01357653
6686,23,0.02090054
6687,23,0.02069737
6688,23,0.01192866
6689,23,0.06740266
6690,23,0.01042382
6691,23,0.01365316
6692,23,0.02116030
6693,23,0.02943549
6694,23,0.02040622
6695,23,0.02567223
6696,23,0.01578982
6697,23,0.01818342
6698,23,0.01261295
6699,23,0.03495793
6700,23,0.01673290
6701,23,0.01521047
6702,23,0.02098735
6703,23,0.03620730
6704,23,0.06302624
6705,23,0.01754894
6706,23,0.04955471
6707,23,0.01711204
6708,23,0.01366178
6709,23,0.01341936
6710,23,0.02438211
6711,23,0.02136718
6712,23,0.03213840
6713,23,0.01555813
6714,23,0.03854208
6715,23,0.01600339
6716,23,0.01370305
6717,23,0.01878099
6718,23,0.02190508
6719,23,0.04652472
6720,23,0.02359980
6721,23,0.00895070
6722,23,0.01602298
6723,23,0.01342063
6724,23,0.03901846
6725,23,0.00768369
6726,23,0.01018494
6727,23,0.00686334
6728,23,0.02606458
6729,23,0.09295797
6730,23,0.00929991
6731,23,0.03999224
6732,23,0.00595863
6733,23,0.01372840
6734,23,0.05122324
6735,23,0.01352718
6736,23,0.08295894
6737,23,0.01278395
6738,23,0.00827018
6739,23,0.01205211
