subject_a,subject_b,topology_a,topology_b,gt_distance,latent_distance,raw_chamfer,n_mesh_pairs,mesh_pair_index
id0001,id0004,crop,remesh,0.322800,0.395731,0.005865,1,
id0001,id0018,crop,remesh,0.366204,0.415382,0.006024,1,
id0001,id0020,crop,remesh,0.345168,0.400133,0.005464,1,
id0001,id0026,crop,remesh,0.465494,0.670724,0.012348,1,
id0001,id0027,crop,remesh,0.364464,0.465353,0.007682,1,
id0001,id0041,crop,remesh,0.287332,0.459916,0.011957,1,
id0001,id0042,crop,remesh,0.491159,0.714906,0.018875,1,
id0001,id0045,crop,remesh,0.360608,0.467921,0.008497,1,
id0001,id0048,crop,remesh,0.335410,0.387193,0.004504,1,
id0001,id0056,crop,remesh,0.350707,0.584557,0.014848,1,
id0001,id0062,crop,remesh,0.483203,0.704149,0.015532,1,
id0001,id0069,crop,remesh,0.345951,0.588466,0.009071,1,
id0001,id0071,crop,remesh,0.455894,0.641116,0.018107,1,
id0001,id0072,crop,remesh,0.337381,0.488360,0.009223,1,
id0001,id0075,crop,remesh,0.409765,0.584404,0.012185,1,
id0001,id0080,crop,remesh,0.454938,0.707198,0.014359,1,
id0001,id0081,crop,remesh,0.402132,0.644407,0.007839,1,
id0001,id0086,crop,remesh,0.362781,0.522617,0.007984,1,
id0001,id0088,crop,remesh,0.287890,0.486336,0.007888,1,
id0001,id0097,crop,remesh,0.271231,0.405056,0.009105,1,
id0001,id0100,crop,remesh,0.340169,0.506832,0.009546,1,
id0001,id0106,crop,remesh,0.399704,0.683544,0.012769,1,
id0001,id0107,crop,remesh,0.313481,0.325052,0.004854,1,
id0001,id0110,crop,remesh,0.337847,0.442350,0.008990,1,
id0001,id0113,crop,remesh,0.369655,0.606187,0.011364,1,
id0001,id0115,crop,remesh,0.352460,0.547135,0.011019,1,
id0001,id0130,crop,remesh,0.292304,0.463256,0.009855,1,
id0001,id0132,crop,remesh,0.290086,0.450309,0.008911,1,
id0001,id0136,crop,remesh,0.364559,0.593053,0.009858,1,
id0001,id0153,crop,remesh,0.290769,0.408727,0.005341,1,
id0001,id0161,crop,remesh,0.321011,0.486353,0.009103,1,
id0001,id0169,crop,remesh,0.339859,0.519300,0.010976,1,
id0001,id0182,crop,remesh,0.353581,0.486390,0.006900,1,
id0001,id0183,crop,remesh,0.377801,0.493530,0.005833,1,
id0001,id0186,crop,remesh,0.276798,0.492813,0.010088,1,
id0001,id0197,crop,remesh,0.349722,0.446847,0.007593,1,
id0001,id0199,crop,remesh,0.333997,0.431131,0.004973,1,
id0001,id0206,crop,remesh,0.582220,0.799584,0.016712,1,
id0001,id0207,crop,remesh,0.366138,0.541337,0.010017,1,
id0001,id0208,crop,remesh,0.272983,0.366409,0.005313,1,
id0001,id0212,crop,remesh,0.421550,0.433923,0.011606,1,
id0001,id0220,crop,remesh,0.352810,0.442559,0.009186,1,
id0001,id0222,crop,remesh,0.346686,0.392856,0.006231,1,
id0001,id0224,crop,remesh,0.400929,0.587001,0.010418,1,
id0001,id0233,crop,remesh,0.285536,0.372709,0.006900,1,
id0001,id0239,crop,remesh,0.522106,0.736135,0.017764,1,
id0001,id0242,crop,remesh,0.298460,0.479260,0.008660,1,
id0001,id0246,crop,remesh,0.385500,0.562865,0.013472,1,
id0001,id0258,crop,remesh,0.322260,0.477869,0.009052,1,
id0001,id0273,crop,remesh,0.281542,0.462817,0.008912,1,
id0001,id0275,crop,remesh,0.283546,0.358438,0.007442,1,
id0001,id0285,crop,remesh,0.310977,0.579001,0.008458,1,
id0001,id0290,crop,remesh,0.412985,0.421155,0.004693,1,
id0001,id0296,crop,remesh,0.295725,0.384307,0.006358,1,
id0001,id0299,crop,remesh,0.273174,0.426431,0.006383,1,
id0001,id0303,crop,remesh,0.274224,0.432208,0.005744,1,
id0001,id0319,crop,remesh,0.418635,0.518491,0.009613,1,
id0001,id0321,crop,remesh,0.346538,0.358781,0.004783,1,
id0001,id0326,crop,remesh,0.362382,0.502292,0.006173,1,
id0001,id0328,crop,remesh,0.260064,0.401142,0.006163,1,
id0001,id0330,crop,remesh,0.382978,0.558530,0.011356,1,
id0001,id0342,crop,remesh,0.302526,0.532568,0.011392,1,
id0001,id0346,crop,remesh,0.364628,0.582269,0.011505,1,
id0001,id0363,crop,remesh,0.316617,0.618532,0.011653,1,
id0001,id0367,crop,remesh,0.400716,0.519216,0.012324,1,
id0001,id0368,crop,remesh,0.278228,0.378561,0.006956,1,
id0001,id0369,crop,remesh,0.323987,0.405334,0.005405,1,
id0001,id0372,crop,remesh,0.441989,0.408877,0.007549,1,
id0001,id0373,crop,remesh,0.348212,0.429572,0.005901,1,
id0001,id0374,crop,remesh,0.441220,0.467876,0.007614,1,
id0001,id0378,crop,remesh,0.309927,0.371988,0.006649,1,
id0001,id0381,crop,remesh,0.386134,0.430283,0.007880,1,
id0001,id0382,crop,remesh,0.362844,0.559062,0.014321,1,
id0001,id0392,crop,remesh,0.343611,0.516396,0.012645,1,
id0001,id0396,crop,remesh,0.337015,0.583149,0.013343,1,
id0001,id0398,crop,remesh,0.483421,0.672947,0.011565,1,
id0001,id0399,crop,remesh,0.220824,0.314648,0.007469,1,
id0001,id0401,crop,remesh,0.325417,0.490758,0.012956,1,
id0001,id0402,crop,remesh,0.362388,0.500623,0.010168,1,
id0001,id0404,crop,remesh,0.394736,0.569342,0.010137,1,
id0001,id0411,crop,remesh,0.380956,0.648013,0.018673,1,
id0001,id0412,crop,remesh,0.338277,0.428685,0.009748,1,
id0001,id0418,crop,remesh,0.458799,0.550409,0.009129,1,
id0001,id0421,crop,remesh,0.292851,0.451365,0.010057,1,
id0001,id0422,crop,remesh,0.320140,0.531335,0.009567,1,
id0001,id0431,crop,remesh,0.344573,0.537254,0.009821,1,
id0001,id0437,crop,remesh,0.401537,0.468192,0.006844,1,
id0001,id0441,crop,remesh,0.291814,0.472010,0.009924,1,
id0001,id0447,crop,remesh,0.306172,0.332937,0.003594,1,
id0001,id0460,crop,remesh,0.293119,0.519802,0.008580,1,
id0001,id0462,crop,remesh,0.310316,0.511960,0.007488,1,
id0001,id0465,crop,remesh,0.345278,0.460504,0.010105,1,
id0001,id0466,crop,remesh,0.330986,0.409412,0.004421,1,
id0001,id0468,crop,remesh,0.465759,0.734744,0.020961,1,
id0001,id0470,crop,remesh,0.426994,0.583942,0.011104,1,
id0001,id0476,crop,remesh,0.308868,0.369232,0.004736,1,
id0001,id0486,crop,remesh,0.323589,0.523144,0.010618,1,
id0001,id0491,crop,remesh,0.320884,0.441854,0.006532,1,
id0001,id0498,crop,remesh,0.339398,0.484401,0.009285,1,
id0004,id0018,crop,remesh,0.299500,0.418286,0.008765,1,
id0004,id0020,crop,remesh,0.366351,0.479741,0.009677,1,
id0004,id0026,crop,remesh,0.416234,0.704552,0.018097,1,
id0004,id0027,crop,remesh,0.248048,0.446084,0.012740,1,
id0004,id0041,crop,remesh,0.345277,0.552307,0.019634,1,
id0004,id0042,crop,remesh,0.487255,0.772881,0.026931,1,
id0004,id0045,crop,remesh,0.324312,0.545978,0.014007,1,
id0004,id0048,crop,remesh,0.238472,0.347947,0.006970,1,
id0004,id0056,crop,remesh,0.478388,0.669179,0.022117,1,
id0004,id0062,crop,remesh,0.511633,0.796256,0.022749,1,
id0004,id0069,crop,remesh,0.343675,0.602331,0.014550,1,
id0004,id0071,crop,remesh,0.480545,0.749110,0.026759,1,
id0004,id0072,crop,remesh,0.344321,0.528195,0.015356,1,
id0004,id0075,crop,remesh,0.372617,0.624595,0.018232,1,
id0004,id0080,crop,remesh,0.425929,0.758217,0.020361,1,
id0004,id0081,crop,remesh,0.350165,0.674353,0.010680,1,
id0004,id0086,crop,remesh,0.333849,0.558001,0.013603,1,
id0004,id0088,crop,remesh,0.324047,0.506607,0.012281,1,
id0004,id0097,crop,remesh,0.372316,0.525963,0.015305,1,
id0004,id0100,crop,remesh,0.327457,0.596365,0.015598,1,
id0004,id0106,crop,remesh,0.425352,0.686517,0.018276,1,
id0004,id0107,crop,remesh,0.404081,0.424400,0.009056,1,
id0004,id0110,crop,remesh,0.288532,0.486863,0.014686,1,
id0004,id0113,crop,remesh,0.402826,0.674880,0.017998,1,
id0004,id0115,crop,remesh,0.299737,0.588906,0.016732,1,
id0004,id0130,crop,remesh,0.373116,0.536820,0.015082,1,
id0004,id0132,crop,remesh,0.372023,0.565914,0.014846,1,
id0004,id0136,crop,remesh,0.391691,0.641898,0.015106,1,
id0004,id0153,crop,remesh,0.307025,0.379255,0.008266,1,
id0004,id0161,crop,remesh,0.277533,0.488481,0.014248,1,
id0004,id0169,crop,remesh,0.369937,0.589409,0.018056,1,
id0004,id0182,crop,remesh,0.281358,0.455121,0.010435,1,
id0004,id0183,crop,remesh,0.405535,0.468454,0.009122,1,
id0004,id0186,crop,remesh,0.294698,0.512648,0.016837,1,
id0004,id0197,crop,remesh,0.295977,0.471956,0.012329,1,
id0004,id0199,crop,remesh,0.301516,0.416253,0.009066,1,
id0004,id0206,crop,remesh,0.534421,0.878772,0.023335,1,
id0004,id0207,crop,remesh,0.328717,0.568380,0.015751,1,
id0004,id0208,crop,remesh,0.252515,0.389969,0.008546,1,
id0004,id0212,crop,remesh,0.449904,0.543763,0.018995,1,
id0004,id0220,crop,remesh,0.382646,0.492647,0.014947,1,
id0004,id0222,crop,remesh,0.308054,0.468475,0.010807,1,
id0004,id0224,crop,remesh,0.323367,0.570195,0.015282,1,
id0004,id0233,crop,remesh,0.398470,0.387241,0.011457,1,
id0004,id0239,crop,remesh,0.464611,0.760763,0.025650,1,
id0004,id0242,crop,remesh,0.282912,0.450222,0.013543,1,
id0004,id0246,crop,remesh,0.388364,0.676409,0.020881,1,
id0004,id0258,crop,remesh,0.347289,0.512700,0.014511,1,
id0004,id0273,crop,remesh,0.353197,0.499105,0.014665,1,
id0004,id0275,crop,remesh,0.342961,0.447014,0.012210,1,
id0004,id0285,crop,remesh,0.300694,0.578103,0.013172,1,
id0004,id0290,crop,remesh,0.376412,0.405767,0.007907,1,
id0004,id0296,crop,remesh,0.377190,0.465164,0.011364,1,
id0004,id0299,crop,remesh,0.274334,0.490584,0.011055,1,
id0004,id0303,crop,remesh,0.376417,0.541816,0.010955,1,
id0004,id0319,crop,remesh,0.399626,0.601439,0.015670,1,
id0004,id0321,crop,remesh,0.359361,0.475811,0.009114,1,
id0004,id0326,crop,remesh,0.333240,0.549027,0.010964,1,
id0004,id0328,crop,remesh,0.303851,0.412096,0.010948,1,
id0004,id0330,crop,remesh,0.378090,0.588197,0.017665,1,
id0004,id0342,crop,remesh,0.350086,0.590509,0.017969,1,
id0004,id0346,crop,remesh,0.331411,0.629404,0.017029,1,
id0004,id0363,crop,remesh,0.357624,0.661878,0.017783,1,
id0004,id0367,crop,remesh,0.332776,0.581006,0.019717,1,
id0004,id0368,crop,remesh,0.268145,0.397435,0.011204,1,
id0004,id0369,crop,remesh,0.306576,0.413985,0.009539,1,
id0004,id0372,crop,remesh,0.348164,0.462885,0.013324,1,
id0004,id0373,crop,remesh,0.253746,0.360974,0.009377,1,
id0004,id0374,crop,remesh,0.488771,0.490769,0.011678,1,
id0004,id0378,crop,remesh,0.257372,0.416189,0.011640,1,
id0004,id0381,crop,remesh,0.262163,0.427231,0.012523,1,
id0004,id0382,crop,remesh,0.443676,0.669430,0.021979,1,
id0004,id0392,crop,remesh,0.334855,0.554365,0.019077,1,
id0004,id0396,crop,remesh,0.329644,0.561509,0.019584,1,
id0004,id0398,crop,remesh,0.455912,0.747858,0.017936,1,
id0004,id0399,crop,remesh,0.341713,0.389595,0.012879,1,
id0004,id0401,crop,remesh,0.404764,0.579321,0.020927,1,
id0004,id0402,crop,remesh,0.287139,0.552323,0.015857,1,
id0004,id0404,crop,remesh,0.385459,0.631085,0.015754,1,
id0004,id0411,crop,remesh,0.444882,0.756558,0.027041,1,
id0004,id0412,crop,remesh,0.346228,0.504308,0.016894,1,
id0004,id0418,crop,remesh,0.352156,0.634864,0.015513,1,
id0004,id0421,crop,remesh,0.283581,0.497696,0.015528,1,
id0004,id0422,crop,remesh,0.295274,0.523795,0.014537,1,
id0004,id0431,crop,remesh,0.344802,0.633684,0.016841,1,
id0004,id0437,crop,remesh,0.335827,0.489481,0.012047,1,
id0004,id0441,crop,remesh,0.345794,0.552576,0.015970,1,
id0004,id0447,crop,remesh,0.379462,0.395349,0.007084,1,
id0004,id0460,crop,remesh,0.277219,0.529221,0.013233,1,
id0004,id0462,crop,remesh,0.359342,0.529083,0.012155,1,
id0004,id0465,crop,remesh,0.413186,0.581403,0.016551,1,
id0004,id0466,crop,remesh,0.322157,0.409694,0.006903,1,
id0004,id0468,crop,remesh,0.497404,0.824179,0.029974,1,
id0004,id0470,crop,remesh,0.394680,0.664032,0.017362,1,
id0004,id0476,crop,remesh,0.263739,0.286188,0.007488,1,
id0004,id0486,crop,remesh,0.421167,0.561137,0.016039,1,
id0004,id0491,crop,remesh,0.283154,0.406066,0.010494,1,
id0004,id0498,crop,remesh,0.366030,0.525489,0.014145,1,
id0018,id0020,crop,remesh,0.275566,0.400157,0.004821,1,
id0018,id0026,crop,remesh,0.382527,0.745356,0.011174,1,
id0018,id0027,crop,remesh,0.290609,0.500107,0.007466,1,
id0018,id0041,crop,remesh,0.337230,0.565857,0.012551,1,
id0018,id0042,crop,remesh,0.511120,0.849391,0.018619,1,
id0018,id0045,crop,remesh,0.286276,0.569153,0.008481,1,
id0018,id0048,crop,remesh,0.272980,0.421698,0.003529,1,
id0018,id0056,crop,remesh,0.419521,0.671214,0.014697,1,
id0018,id0062,crop,remesh,0.534391,0.840572,0.015590,1,
id0018,id0069,crop,remesh,0.467310,0.687296,0.009062,1,
id0018,id0071,crop,remesh,0.456118,0.772509,0.018121,1,
id0018,id0072,crop,remesh,0.388603,0.572629,0.009457,1,
id0018,id0075,crop,remesh,0.308999,0.652600,0.011384,1,
id0018,id0080,crop,remesh,0.464278,0.830556,0.013502,1,
id0018,id0081,crop,remesh,0.325128,0.687225,0.006123,1,
id0018,id0086,crop,remesh,0.393905,0.607937,0.008104,1,
id0018,id0088,crop,remesh,0.358025,0.546659,0.007980,1,
id0018,id0097,crop,remesh,0.290321,0.501732,0.008440,1,
id0018,id0100,crop,remesh,0.357246,0.645033,0.009718,1,
id0018,id0106,crop,remesh,0.519131,0.785136,0.012543,1,
id0018,id0107,crop,remesh,0.340912,0.314822,0.004208,1,
id0018,id0110,crop,remesh,0.235144,0.502327,0.008236,1,
id0018,id0113,crop,remesh,0.432251,0.707418,0.011234,1,
id0018,id0115,crop,remesh,0.354310,0.644603,0.009977,1,
id0018,id0130,crop,remesh,0.349795,0.569140,0.009098,1,
id0018,id0132,crop,remesh,0.326289,0.560028,0.008520,1,
id0018,id0136,crop,remesh,0.458846,0.697394,0.009797,1,
id0018,id0153,crop,remesh,0.233688,0.337226,0.003917,1,
id0018,id0161,crop,remesh,0.287563,0.546335,0.008188,1,
id0018,id0169,crop,remesh,0.424750,0.656429,0.011606,1,
id0018,id0182,crop,remesh,0.193836,0.501226,0.005762,1,
id0018,id0183,crop,remesh,0.462025,0.486793,0.005064,1,
id0018,id0186,crop,remesh,0.344592,0.604819,0.011128,1,
id0018,id0197,crop,remesh,0.306567,0.473739,0.006857,1,
id0018,id0199,crop,remesh,0.386478,0.504216,0.005473,1,
id0018,id0206,crop,remesh,0.546436,0.923265,0.016467,1,
id0018,id0207,crop,remesh,0.330534,0.618272,0.010123,1,
id0018,id0208,crop,remesh,0.219759,0.411651,0.004930,1,
id0018,id0212,crop,remesh,0.439102,0.576279,0.011426,1,
id0018,id0220,crop,remesh,0.326173,0.494152,0.008871,1,
id0018,id0222,crop,remesh,0.298091,0.458883,0.006077,1,
id0018,id0224,crop,remesh,0.328001,0.638981,0.010548,1,
id0018,id0233,crop,remesh,0.351839,0.409020,0.006283,1,
id0018,id0239,crop,remesh,0.502849,0.840795,0.017512,1,
id0018,id0242,crop,remesh,0.341463,0.539793,0.008387,1,
id0018,id0246,crop,remesh,0.359223,0.679529,0.012933,1,
id0018,id0258,crop,remesh,0.278820,0.509169,0.008529,1,
id0018,id0273,crop,remesh,0.294283,0.516861,0.009213,1,
id0018,id0275,crop,remesh,0.312723,0.451487,0.006963,1,
id0018,id0285,crop,remesh,0.411593,0.665723,0.007558,1,
id0018,id0290,crop,remesh,0.263703,0.378905,0.003903,1,
id0018,id0296,crop,remesh,0.348008,0.427149,0.006334,1,
id0018,id0299,crop,remesh,0.294161,0.492783,0.005895,1,
id0018,id0303,crop,remesh,0.340705,0.536065,0.006339,1,
id0018,id0319,crop,remesh,0.431257,0.657802,0.009604,1,
id0018,id0321,crop,remesh,0.258891,0.401573,0.004841,1,
id0018,id0326,crop,remesh,0.466424,0.626845,0.006366,1,
id0018,id0328,crop,remesh,0.320845,0.437999,0.005765,1,
id0018,id0330,crop,remesh,0.336254,0.619863,0.011494,1,
id0018,id0342,crop,remesh,0.397614,0.637560,0.011470,1,
id0018,id0346,crop,remesh,0.345890,0.675623,0.010504,1,
id0018,id0363,crop,remesh,0.452520,0.757300,0.011985,1,
id0018,id0367,crop,remesh,0.402012,0.649216,0.013409,1,
id0018,id0368,crop,remesh,0.340517,0.508977,0.007247,1,
id0018,id0369,crop,remesh,0.327552,0.399055,0.004150,1,
id0018,id0372,crop,remesh,0.392301,0.502426,0.007618,1,
id0018,id0373,crop,remesh,0.286644,0.407076,0.005765,1,
id0018,id0374,crop,remesh,0.360947,0.412514,0.006383,1,
id0018,id0378,crop,remesh,0.270982,0.492156,0.007492,1,
id0018,id0381,crop,remesh,0.308404,0.540299,0.007970,1,
id0018,id0382,crop,remesh,0.438496,0.679227,0.013247,1,
id0018,id0392,crop,remesh,0.302090,0.583788,0.012222,1,
id0018,id0396,crop,remesh,0.439248,0.696110,0.013604,1,
id0018,id0398,crop,remesh,0.528230,0.770565,0.011698,1,
id0018,id0399,crop,remesh,0.292709,0.387100,0.006955,1,
id0018,id0401,crop,remesh,0.366870,0.588622,0.013798,1,
id0018,id0402,crop,remesh,0.333401,0.616576,0.009656,1,
id0018,id0404,crop,remesh,0.407667,0.666492,0.009972,1,
id0018,id0411,crop,remesh,0.404419,0.759378,0.018099,1,
id0018,id0412,crop,remesh,0.402996,0.574645,0.010423,1,
id0018,id0418,crop,remesh,0.363427,0.659609,0.009686,1,
id0018,id0421,crop,remesh,0.308484,0.550813,0.008921,1,
id0018,id0422,crop,remesh,0.341853,0.594831,0.009211,1,
id0018,id0431,crop,remesh,0.447872,0.674115,0.010253,1,
id0018,id0437,crop,remesh,0.281543,0.484030,0.006284,1,
id0018,id0441,crop,remesh,0.324058,0.555729,0.009956,1,
id0018,id0447,crop,remesh,0.394627,0.422192,0.003655,1,
id0018,id0460,crop,remesh,0.296181,0.621205,0.007950,1,
id0018,id0462,crop,remesh,0.443242,0.597933,0.006718,1,
id0018,id0465,crop,remesh,0.371929,0.568654,0.010417,1,
id0018,id0466,crop,remesh,0.355834,0.402137,0.003011,1,
id0018,id0468,crop,remesh,0.525207,0.870563,0.020871,1,
id0018,id0470,crop,remesh,0.443988,0.685883,0.011576,1,
id0018,id0476,crop,remesh,0.288014,0.374901,0.004123,1,
id0018,id0486,crop,remesh,0.399879,0.572003,0.009592,1,
id0018,id0491,crop,remesh,0.188877,0.448250,0.005810,1,
id0018,id0498,crop,remesh,0.271085,0.509192,0.008913,1,
id0020,id0026,crop,remesh,0.455089,0.763300,0.010902,1,
id0020,id0027,crop,remesh,0.352512,0.492766,0.007371,1,
id0020,id0041,crop,remesh,0.286346,0.514986,0.011029,1,
id0020,id0042,crop,remesh,0.508775,0.812333,0.017410,1,
id0020,id0045,crop,remesh,0.331734,0.605753,0.008393,1,
id0020,id0048,crop,remesh,0.280180,0.423438,0.003901,1,
id0020,id0056,crop,remesh,0.370600,0.665372,0.013828,1,
id0020,id0062,crop,remesh,0.525262,0.796572,0.013960,1,
id0020,id0069,crop,remesh,0.444480,0.664941,0.007999,1,
id0020,id0071,crop,remesh,0.449276,0.699334,0.016078,1,
id0020,id0072,crop,remesh,0.327863,0.511669,0.008008,1,
id0020,id0075,crop,remesh,0.364030,0.625107,0.010307,1,
id0020,id0080,crop,remesh,0.490913,0.805931,0.012450,1,
id0020,id0081,crop,remesh,0.389761,0.731998,0.006514,1,
id0020,id0086,crop,remesh,0.348211,0.520432,0.006428,1,
id0020,id0088,crop,remesh,0.315994,0.523902,0.007038,1,
id0020,id0097,crop,remesh,0.259220,0.468198,0.007851,1,
id0020,id0100,crop,remesh,0.314824,0.545642,0.007924,1,
id0020,id0106,crop,remesh,0.473760,0.726050,0.010868,1,
id0020,id0107,crop,remesh,0.241004,0.314582,0.004280,1,
id0020,id0110,crop,remesh,0.240634,0.519904,0.007449,1,
id0020,id0113,crop,remesh,0.357343,0.638512,0.009493,1,
id0020,id0115,crop,remesh,0.380457,0.651279,0.010038,1,
id0020,id0130,crop,remesh,0.379781,0.594333,0.008931,1,
id0020,id0132,crop,remesh,0.338499,0.556561,0.008224,1,
id0020,id0136,crop,remesh,0.412491,0.642133,0.008475,1,
id0020,id0153,crop,remesh,0.199670,0.406667,0.004652,1,
id0020,id0161,crop,remesh,0.300244,0.562458,0.008230,1,
id0020,id0169,crop,remesh,0.333506,0.584616,0.009749,1,
id0020,id0182,crop,remesh,0.257291,0.563811,0.006622,1,
id0020,id0183,crop,remesh,0.381559,0.468542,0.004992,1,
id0020,id0186,crop,remesh,0.294117,0.587319,0.010151,1,
id0020,id0197,crop,remesh,0.276460,0.462817,0.006268,1,
id0020,id0199,crop,remesh,0.306657,0.426661,0.004606,1,
id0020,id0206,crop,remesh,0.572790,0.859620,0.013869,1,
id0020,id0207,crop,remesh,0.370967,0.600474,0.009242,1,
id0020,id0208,crop,remesh,0.290813,0.474701,0.005366,1,
id0020,id0212,crop,remesh,0.352615,0.502384,0.009969,1,
id0020,id0220,crop,remesh,0.262141,0.476015,0.008074,1,
id0020,id0222,crop,remesh,0.257909,0.430762,0.004997,1,
id0020,id0224,crop,remesh,0.349421,0.617261,0.009467,1,
id0020,id0233,crop,remesh,0.335685,0.438821,0.006210,1,
id0020,id0239,crop,remesh,0.503937,0.782196,0.015931,1,
id0020,id0242,crop,remesh,0.391146,0.563169,0.008538,1,
id0020,id0246,crop,remesh,0.394227,0.666206,0.012205,1,
id0020,id0258,crop,remesh,0.246461,0.490864,0.007851,1,
id0020,id0273,crop,remesh,0.256970,0.490679,0.008364,1,
id0020,id0275,crop,remesh,0.279283,0.480497,0.006909,1,
id0020,id0285,crop,remesh,0.415054,0.652746,0.007325,1,
id0020,id0290,crop,remesh,0.228495,0.424325,0.004512,1,
id0020,id0296,crop,remesh,0.268310,0.413949,0.005669,1,
id0020,id0299,crop,remesh,0.291979,0.480955,0.005340,1,
id0020,id0303,crop,remesh,0.295318,0.455992,0.004938,1,
id0020,id0319,crop,remesh,0.357576,0.589565,0.008370,1,
id0020,id0321,crop,remesh,0.198172,0.329390,0.003651,1,
id0020,id0326,crop,remesh,0.434222,0.566805,0.005214,1,
id0020,id0328,crop,remesh,0.283497,0.401373,0.005413,1,
id0020,id0330,crop,remesh,0.279663,0.533920,0.009713,1,
id0020,id0342,crop,remesh,0.355589,0.545682,0.009650,1,
id0020,id0346,crop,remesh,0.361000,0.644850,0.009716,1,
id0020,id0363,crop,remesh,0.478254,0.756958,0.011384,1,
id0020,id0367,crop,remesh,0.449815,0.640291,0.012423,1,
id0020,id0368,crop,remesh,0.325525,0.508212,0.006977,1,
id0020,id0369,crop,remesh,0.265521,0.337588,0.003805,1,
id0020,id0372,crop,remesh,0.372119,0.446610,0.006570,1,
id0020,id0373,crop,remesh,0.328483,0.463054,0.006319,1,
id0020,id0374,crop,remesh,0.294529,0.479902,0.007132,1,
id0020,id0378,crop,remesh,0.332301,0.497148,0.007274,1,
id0020,id0381,crop,remesh,0.327838,0.532740,0.007478,1,
id0020,id0382,crop,remesh,0.379804,0.634010,0.011834,1,
id0020,id0392,crop,remesh,0.324917,0.575923,0.011512,1,
id0020,id0396,crop,remesh,0.434739,0.661325,0.013052,1,
id0020,id0398,crop,remesh,0.426271,0.642132,0.008819,1,
id0020,id0399,crop,remesh,0.238162,0.368659,0.006427,1,
id0020,id0401,crop,remesh,0.296557,0.534682,0.012003,1,
id0020,id0402,crop,remesh,0.314376,0.578413,0.008732,1,
id0020,id0404,crop,remesh,0.345746,0.572337,0.007977,1,
id0020,id0411,crop,remesh,0.363889,0.720781,0.016776,1,
id0020,id0412,crop,remesh,0.351925,0.506979,0.008945,1,
id0020,id0418,crop,remesh,0.397871,0.607039,0.007884,1,
id0020,id0421,crop,remesh,0.373521,0.591328,0.009284,1,
id0020,id0422,crop,remesh,0.327218,0.563639,0.008215,1,
id0020,id0431,crop,remesh,0.366727,0.538697,0.007900,1,
id0020,id0437,crop,remesh,0.320878,0.465251,0.006220,1,
id0020,id0441,crop,remesh,0.272626,0.513144,0.008682,1,
id0020,id0447,crop,remesh,0.290759,0.365857,0.003217,1,
id0020,id0460,crop,remesh,0.331565,0.638724,0.008076,1,
id0020,id0462,crop,remesh,0.375715,0.551935,0.006001,1,
id0020,id0465,crop,remesh,0.272896,0.501252,0.008885,1,
id0020,id0466,crop,remesh,0.281512,0.366925,0.002813,1,
id0020,id0468,crop,remesh,0.473484,0.793882,0.018435,1,
id0020,id0470,crop,remesh,0.358264,0.581562,0.009074,1,
id0020,id0476,crop,remesh,0.268600,0.429619,0.004422,1,
id0020,id0486,crop,remesh,0.362366,0.590799,0.009328,1,
id0020,id0491,crop,remesh,0.258850,0.512108,0.006742,1,
id0020,id0498,crop,remesh,0.344788,0.595023,0.009537,1,
id0026,id0027,crop,remesh,0.330191,0.368791,0.003364,1,
id0026,id0041,crop,remesh,0.331795,0.307202,0.005704,1,
id0026,id0042,crop,remesh,0.263575,0.366705,0.008811,1,
id0026,id0045,crop,remesh,0.321618,0.368160,0.004706,1,
id0026,id0048,crop,remesh,0.400423,0.408202,0.003068,1,
id0026,id0056,crop,remesh,0.381525,0.355973,0.007506,1,
id0026,id0062,crop,remesh,0.371594,0.432177,0.007856,1,
id0026,id0069,crop,remesh,0.382939,0.312548,0.003508,1,
id0026,id0071,crop,remesh,0.313544,0.431359,0.009661,1,
id0026,id0072,crop,remesh,0.328796,0.273451,0.003890,1,
id0026,id0075,crop,remesh,0.224633,0.313761,0.004601,1,
id0026,id0080,crop,remesh,0.289239,0.370234,0.005827,1,
id0026,id0081,crop,remesh,0.292258,0.406815,0.003296,1,
id0026,id0086,crop,remesh,0.341817,0.320099,0.002911,1,
id0026,id0088,crop,remesh,0.392749,0.282153,0.003011,1,
id0026,id0097,crop,remesh,0.436645,0.381140,0.004543,1,
id0026,id0100,crop,remesh,0.303367,0.350350,0.004071,1,
id0026,id0106,crop,remesh,0.397318,0.366969,0.004938,1,
id0026,id0107,crop,remesh,0.549377,0.469669,0.003117,1,
id0026,id0110,crop,remesh,0.342431,0.332415,0.004069,1,
id0026,id0113,crop,remesh,0.314328,0.321849,0.004367,1,
id0026,id0115,crop,remesh,0.288851,0.305980,0.004706,1,
id0026,id0130,crop,remesh,0.376261,0.420568,0.005886,1,
id0026,id0132,crop,remesh,0.304324,0.288771,0.004004,1,
id0026,id0136,crop,remesh,0.398495,0.361725,0.004356,1,
id0026,id0153,crop,remesh,0.441178,0.379169,0.002707,1,
id0026,id0161,crop,remesh,0.312517,0.312489,0.003459,1,
id0026,id0169,crop,remesh,0.386004,0.321025,0.004862,1,
id0026,id0182,crop,remesh,0.388857,0.423425,0.003907,1,
id0026,id0183,crop,remesh,0.587221,0.514146,0.002250,1,
id0026,id0186,crop,remesh,0.363869,0.308903,0.005167,1,
id0026,id0197,crop,remesh,0.365561,0.357282,0.002438,1,
id0026,id0199,crop,remesh,0.512822,0.543154,0.002513,1,
id0026,id0206,crop,remesh,0.297222,0.462208,0.006573,1,
id0026,id0207,crop,remesh,0.245842,0.312791,0.004307,1,
id0026,id0208,crop,remesh,0.364376,0.391642,0.003581,1,
id0026,id0212,crop,remesh,0.566878,0.465043,0.006536,1,
id0026,id0220,crop,remesh,0.422628,0.316549,0.004376,1,
id0026,id0222,crop,remesh,0.339101,0.306096,0.002318,1,
id0026,id0224,crop,remesh,0.309100,0.399520,0.004554,1,
id0026,id0233,crop,remesh,0.479106,0.382098,0.003531,1,
id0026,id0239,crop,remesh,0.316758,0.469639,0.008407,1,
id0026,id0242,crop,remesh,0.373065,0.297345,0.003802,1,
id0026,id0246,crop,remesh,0.288746,0.360086,0.006874,1,
id0026,id0258,crop,remesh,0.357495,0.297621,0.003490,1,
id0026,id0273,crop,remesh,0.392651,0.383442,0.004935,1,
id0026,id0275,crop,remesh,0.406405,0.380321,0.004500,1,
id0026,id0285,crop,remesh,0.352377,0.299321,0.002583,1,
id0026,id0290,crop,remesh,0.436927,0.467258,0.002345,1,
id0026,id0296,crop,remesh,0.438025,0.397202,0.002948,1,
id0026,id0299,crop,remesh,0.339492,0.322729,0.003230,1,
id0026,id0303,crop,remesh,0.449361,0.449040,0.003934,1,
id0026,id0319,crop,remesh,0.454308,0.462588,0.006259,1,
id0026,id0321,crop,remesh,0.426141,0.443463,0.003013,1,
id0026,id0326,crop,remesh,0.470577,0.434645,0.002320,1,
id0026,id0328,crop,remesh,0.461709,0.413049,0.003071,1,
id0026,id0330,crop,remesh,0.420171,0.459516,0.006217,1,
id0026,id0342,crop,remesh,0.391602,0.404342,0.006328,1,
id0026,id0346,crop,remesh,0.231225,0.296780,0.003893,1,
id0026,id0363,crop,remesh,0.380254,0.410944,0.006159,1,
id0026,id0367,crop,remesh,0.284075,0.342122,0.006324,1,
id0026,id0368,crop,remesh,0.391941,0.358968,0.003644,1,
id0026,id0369,crop,remesh,0.481499,0.471120,0.002415,1,
id0026,id0372,crop,remesh,0.375525,0.383620,0.003924,1,
id0026,id0373,crop,remesh,0.390541,0.445118,0.003075,1,
id0026,id0374,crop,remesh,0.560424,0.519892,0.004673,1,
id0026,id0378,crop,remesh,0.364026,0.419035,0.004772,1,
id0026,id0381,crop,remesh,0.322692,0.358748,0.004069,1,
id0026,id0382,crop,remesh,0.349736,0.284547,0.006223,1,
id0026,id0392,crop,remesh,0.240488,0.270378,0.005430,1,
id0026,id0396,crop,remesh,0.374143,0.362606,0.007060,1,
id0026,id0398,crop,remesh,0.445529,0.465738,0.004381,1,
id0026,id0399,crop,remesh,0.458282,0.430902,0.004620,1,
id0026,id0401,crop,remesh,0.418225,0.414403,0.007364,1,
id0026,id0402,crop,remesh,0.256530,0.261768,0.004280,1,
id0026,id0404,crop,remesh,0.298118,0.350913,0.004310,1,
id0026,id0411,crop,remesh,0.412569,0.459567,0.010863,1,
id0026,id0412,crop,remesh,0.341175,0.319042,0.004596,1,
id0026,id0418,crop,remesh,0.342093,0.408362,0.003688,1,
id0026,id0421,crop,remesh,0.306784,0.290137,0.004641,1,
id0026,id0422,crop,remesh,0.310234,0.300591,0.004018,1,
id0026,id0431,crop,remesh,0.395751,0.442255,0.004350,1,
id0026,id0437,crop,remesh,0.453268,0.598564,0.004609,1,
id0026,id0441,crop,remesh,0.368081,0.388113,0.005392,1,
id0026,id0447,crop,remesh,0.587150,0.539955,0.003276,1,
id0026,id0460,crop,remesh,0.302496,0.365058,0.004254,1,
id0026,id0462,crop,remesh,0.427018,0.300010,0.002279,1,
id0026,id0465,crop,remesh,0.396176,0.356425,0.004634,1,
id0026,id0466,crop,remesh,0.513205,0.448064,0.002812,1,
id0026,id0468,crop,remesh,0.370116,0.437812,0.010793,1,
id0026,id0470,crop,remesh,0.334839,0.355475,0.004832,1,
id0026,id0476,crop,remesh,0.471402,0.419480,0.002700,1,
id0026,id0486,crop,remesh,0.406025,0.295611,0.004346,1,
id0026,id0491,crop,remesh,0.388937,0.442482,0.004135,1,
id0026,id0498,crop,remesh,0.361584,0.421331,0.005128,1,
id0027,id0041,crop,remesh,0.288491,0.381616,0.011728,1,
id0027,id0042,crop,remesh,0.435188,0.598874,0.017962,1,
id0027,id0045,crop,remesh,0.306277,0.486301,0.008840,1,
id0027,id0048,crop,remesh,0.259443,0.345096,0.004214,1,
id0027,id0056,crop,remesh,0.471796,0.519409,0.014460,1,
id0027,id0062,crop,remesh,0.458276,0.650204,0.014754,1,
id0027,id0069,crop,remesh,0.360515,0.470264,0.008028,1,
id0027,id0071,crop,remesh,0.361867,0.511011,0.016803,1,
id0027,id0072,crop,remesh,0.306605,0.364610,0.008437,1,
id0027,id0075,crop,remesh,0.265497,0.418667,0.010631,1,
id0027,id0080,crop,remesh,0.397498,0.626448,0.012992,1,
id0027,id0081,crop,remesh,0.344527,0.589226,0.006740,1,
id0027,id0086,crop,remesh,0.283554,0.369510,0.006984,1,
id0027,id0088,crop,remesh,0.363207,0.405534,0.007628,1,
id0027,id0097,crop,remesh,0.334744,0.384025,0.008296,1,
id0027,id0100,crop,remesh,0.242230,0.400014,0.008376,1,
id0027,id0106,crop,remesh,0.413932,0.532032,0.011096,1,
id0027,id0107,crop,remesh,0.412436,0.358145,0.004411,1,
id0027,id0110,crop,remesh,0.225657,0.360920,0.008282,1,
id0027,id0113,crop,remesh,0.337893,0.479904,0.009763,1,
id0027,id0115,crop,remesh,0.303259,0.492117,0.010135,1,
id0027,id0130,crop,remesh,0.410698,0.532909,0.010502,1,
id0027,id0132,crop,remesh,0.345669,0.436599,0.008566,1,
id0027,id0136,crop,remesh,0.389995,0.517813,0.008883,1,
id0027,id0153,crop,remesh,0.328423,0.317064,0.004389,1,
id0027,id0161,crop,remesh,0.221057,0.340745,0.007678,1,
id0027,id0169,crop,remesh,0.313778,0.388473,0.010153,1,
id0027,id0182,crop,remesh,0.263599,0.384193,0.006065,1,
id0027,id0183,crop,remesh,0.469733,0.467765,0.005246,1,
id0027,id0186,crop,remesh,0.267222,0.369824,0.009910,1,
id0027,id0197,crop,remesh,0.307554,0.410088,0.007266,1,
id0027,id0199,crop,remesh,0.340340,0.413203,0.004831,1,
id0027,id0206,crop,remesh,0.443601,0.683041,0.014591,1,
id0027,id0207,crop,remesh,0.315093,0.466604,0.009732,1,
id0027,id0208,crop,remesh,0.286435,0.414047,0.005509,1,
id0027,id0212,crop,remesh,0.425004,0.421281,0.011006,1,
id0027,id0220,crop,remesh,0.364917,0.376915,0.008528,1,
id0027,id0222,crop,remesh,0.310288,0.389870,0.006283,1,
id0027,id0224,crop,remesh,0.245232,0.405938,0.008888,1,
id0027,id0233,crop,remesh,0.426219,0.334522,0.006605,1,
id0027,id0239,crop,remesh,0.329948,0.533245,0.015561,1,
id0027,id0242,crop,remesh,0.291893,0.349272,0.007728,1,
id0027,id0246,crop,remesh,0.332253,0.518447,0.012814,1,
id0027,id0258,crop,remesh,0.297361,0.310221,0.007821,1,
id0027,id0273,crop,remesh,0.319917,0.338240,0.008514,1,
id0027,id0275,crop,remesh,0.377979,0.446534,0.007929,1,
id0027,id0285,crop,remesh,0.301974,0.437682,0.006874,1,
id0027,id0290,crop,remesh,0.352663,0.343677,0.004005,1,
id0027,id0296,crop,remesh,0.396155,0.443485,0.006610,1,
id0027,id0299,crop,remesh,0.263955,0.384564,0.006000,1,
id0027,id0303,crop,remesh,0.316126,0.415028,0.005414,1,
id0027,id0319,crop,remesh,0.377321,0.524414,0.009431,1,
id0027,id0321,crop,remesh,0.333810,0.409882,0.005203,1,
id0027,id0326,crop,remesh,0.360349,0.473586,0.005440,1,
id0027,id0328,crop,remesh,0.285182,0.257139,0.005350,1,
id0027,id0330,crop,remesh,0.302521,0.422974,0.010291,1,
id0027,id0342,crop,remesh,0.292963,0.409140,0.010336,1,
id0027,id0346,crop,remesh,0.281297,0.447468,0.010023,1,
id0027,id0363,crop,remesh,0.386113,0.570844,0.011407,1,
id0027,id0367,crop,remesh,0.276202,0.458171,0.012470,1,
id0027,id0368,crop,remesh,0.298663,0.363647,0.006908,1,
id0027,id0369,crop,remesh,0.309366,0.332225,0.004509,1,
id0027,id0372,crop,remesh,0.275747,0.342313,0.007336,1,
id0027,id0373,crop,remesh,0.271524,0.376043,0.005501,1,
id0027,id0374,crop,remesh,0.512557,0.466547,0.007282,1,
id0027,id0378,crop,remesh,0.196178,0.333714,0.006674,1,
id0027,id0381,crop,remesh,0.259664,0.415616,0.008082,1,
id0027,id0382,crop,remesh,0.400467,0.493696,0.013097,1,
id0027,id0392,crop,remesh,0.276814,0.359838,0.011585,1,
id0027,id0396,crop,remesh,0.350419,0.455105,0.012744,1,
id0027,id0398,crop,remesh,0.387527,0.540226,0.009472,1,
id0027,id0399,crop,remesh,0.360969,0.368864,0.007735,1,
id0027,id0401,crop,remesh,0.346608,0.382819,0.012726,1,
id0027,id0402,crop,remesh,0.246365,0.410495,0.009411,1,
id0027,id0404,crop,remesh,0.318837,0.470357,0.008880,1,
id0027,id0411,crop,remesh,0.390069,0.601308,0.017675,1,
id0027,id0412,crop,remesh,0.292033,0.355451,0.009669,1,
id0027,id0418,crop,remesh,0.288804,0.508083,0.008733,1,
id0027,id0421,crop,remesh,0.289313,0.413914,0.009379,1,
id0027,id0422,crop,remesh,0.269314,0.377680,0.008380,1,
id0027,id0431,crop,remesh,0.316387,0.478972,0.009171,1,
id0027,id0437,crop,remesh,0.259071,0.398942,0.006105,1,
id0027,id0441,crop,remesh,0.305213,0.408687,0.009382,1,
id0027,id0447,crop,remesh,0.437590,0.412291,0.003909,1,
id0027,id0460,crop,remesh,0.307821,0.473029,0.008058,1,
id0027,id0462,crop,remesh,0.378574,0.423246,0.006401,1,
id0027,id0465,crop,remesh,0.375290,0.423639,0.009597,1,
id0027,id0466,crop,remesh,0.394887,0.415964,0.003840,1,
id0027,id0468,crop,remesh,0.409806,0.604878,0.019111,1,
id0027,id0470,crop,remesh,0.319506,0.443031,0.009831,1,
id0027,id0476,crop,remesh,0.332137,0.351000,0.004794,1,
id0027,id0486,crop,remesh,0.434650,0.472156,0.009985,1,
id0027,id0491,crop,remesh,0.281089,0.367279,0.006152,1,
id0027,id0498,crop,remesh,0.366134,0.468311,0.009358,1,
id0041,id0042,crop,remesh,0.363482,0.526796,0.016029,1,
id0041,id0045,crop,remesh,0.313738,0.431127,0.007900,1,
id0041,id0048,crop,remesh,0.301145,0.401210,0.004089,1,
id0041,id0056,crop,remesh,0.305265,0.424949,0.012726,1,
id0041,id0062,crop,remesh,0.382166,0.592728,0.012958,1,
id0041,id0069,crop,remesh,0.345310,0.442393,0.006893,1,
id0041,id0071,crop,remesh,0.319246,0.439145,0.014799,1,
id0041,id0072,crop,remesh,0.202838,0.330038,0.006861,1,
id0041,id0075,crop,remesh,0.258028,0.363636,0.009373,1,
id0041,id0080,crop,remesh,0.365095,0.578324,0.011668,1,
id0041,id0081,crop,remesh,0.312001,0.521750,0.006351,1,
id0041,id0086,crop,remesh,0.242059,0.372714,0.005346,1,
id0041,id0088,crop,remesh,0.291898,0.382779,0.006198,1,
id0041,id0097,crop,remesh,0.276259,0.335816,0.007270,1,
id0041,id0100,crop,remesh,0.242526,0.348022,0.006836,1,
id0041,id0106,crop,remesh,0.364249,0.538904,0.009737,1,
id0041,id0107,crop,remesh,0.339952,0.355042,0.004033,1,
id0041,id0110,crop,remesh,0.271472,0.349974,0.007335,1,
id0041,id0113,crop,remesh,0.252149,0.411560,0.008022,1,
id0041,id0115,crop,remesh,0.261325,0.414145,0.009241,1,
id0041,id0130,crop,remesh,0.344144,0.515808,0.009490,1,
id0041,id0132,crop,remesh,0.239942,0.348483,0.007441,1,
id0041,id0136,crop,remesh,0.332769,0.501437,0.007672,1,
id0041,id0153,crop,remesh,0.292204,0.359556,0.004520,1,
id0041,id0161,crop,remesh,0.239894,0.325635,0.007288,1,
id0041,id0169,crop,remesh,0.284520,0.358019,0.008505,1,
id0041,id0182,crop,remesh,0.321892,0.417521,0.006353,1,
id0041,id0183,crop,remesh,0.425083,0.488145,0.004363,1,
id0041,id0186,crop,remesh,0.208030,0.338513,0.008738,1,
id0041,id0197,crop,remesh,0.252636,0.348391,0.005664,1,
id0041,id0199,crop,remesh,0.326810,0.446595,0.003739,1,
id0041,id0206,crop,remesh,0.422535,0.594484,0.012237,1,
id0041,id0207,crop,remesh,0.246343,0.432091,0.008324,1,
id0041,id0208,crop,remesh,0.292039,0.406585,0.005211,1,
id0041,id0212,crop,remesh,0.447184,0.431007,0.009803,1,
id0041,id0220,crop,remesh,0.293610,0.360678,0.007368,1,
id0041,id0222,crop,remesh,0.268144,0.333743,0.004597,1,
id0041,id0224,crop,remesh,0.268495,0.372581,0.007995,1,
id0041,id0233,crop,remesh,0.345060,0.363720,0.005976,1,
id0041,id0239,crop,remesh,0.343758,0.484802,0.014069,1,
id0041,id0242,crop,remesh,0.316979,0.382319,0.007555,1,
id0041,id0246,crop,remesh,0.262075,0.428723,0.011481,1,
id0041,id0258,crop,remesh,0.230917,0.293277,0.006798,1,
id0041,id0273,crop,remesh,0.222892,0.346872,0.007575,1,
id0041,id0275,crop,remesh,0.304111,0.412326,0.007071,1,
id0041,id0285,crop,remesh,0.308969,0.453263,0.006194,1,
id0041,id0290,crop,remesh,0.336846,0.383886,0.003996,1,
id0041,id0296,crop,remesh,0.267541,0.393626,0.005110,1,
id0041,id0299,crop,remesh,0.227115,0.367565,0.005067,1,
id0041,id0303,crop,remesh,0.308222,0.407096,0.004326,1,
id0041,id0319,crop,remesh,0.387229,0.518649,0.008396,1,
id0041,id0321,crop,remesh,0.287989,0.353653,0.003703,1,
id0041,id0326,crop,remesh,0.366761,0.478845,0.004136,1,
id0041,id0328,crop,remesh,0.262702,0.326582,0.005013,1,
id0041,id0330,crop,remesh,0.284766,0.432715,0.008900,1,
id0041,id0342,crop,remesh,0.235924,0.391660,0.008874,1,
id0041,id0346,crop,remesh,0.259996,0.373711,0.008754,1,
id0041,id0363,crop,remesh,0.334157,0.521451,0.010391,1,
id0041,id0367,crop,remesh,0.286296,0.354124,0.010725,1,
id0041,id0368,crop,remesh,0.301585,0.392028,0.006225,1,
id0041,id0369,crop,remesh,0.300081,0.398489,0.003806,1,
id0041,id0372,crop,remesh,0.300863,0.303592,0.005905,1,
id0041,id0373,crop,remesh,0.303393,0.410440,0.005381,1,
id0041,id0374,crop,remesh,0.456335,0.474821,0.007421,1,
id0041,id0378,crop,remesh,0.286320,0.372712,0.006513,1,
id0041,id0381,crop,remesh,0.294193,0.417616,0.007046,1,
id0041,id0382,crop,remesh,0.300492,0.440550,0.011393,1,
id0041,id0392,crop,remesh,0.240158,0.307869,0.010261,1,
id0041,id0396,crop,remesh,0.309335,0.463013,0.011964,1,
id0041,id0398,crop,remesh,0.347233,0.500163,0.007202,1,
id0041,id0399,crop,remesh,0.302502,0.413846,0.006866,1,
id0041,id0401,crop,remesh,0.274399,0.328998,0.010940,1,
id0041,id0402,crop,remesh,0.244332,0.382620,0.008299,1,
id0041,id0404,crop,remesh,0.243784,0.434946,0.007157,1,
id0041,id0411,crop,remesh,0.319543,0.529091,0.016113,1,
id0041,id0412,crop,remesh,0.251410,0.359692,0.007820,1,
id0041,id0418,crop,remesh,0.313515,0.360428,0.006441,1,
id0041,id0421,crop,remesh,0.320715,0.417022,0.008951,1,
id0041,id0422,crop,remesh,0.256495,0.383639,0.007350,1,
id0041,id0431,crop,remesh,0.308329,0.446626,0.006926,1,
id0041,id0437,crop,remesh,0.333974,0.432353,0.005886,1,
id0041,id0441,crop,remesh,0.224606,0.374147,0.008006,1,
id0041,id0447,crop,remesh,0.418971,0.476758,0.003268,1,
id0041,id0460,crop,remesh,0.253387,0.438467,0.007551,1,
id0041,id0462,crop,remesh,0.297771,0.448220,0.005319,1,
id0041,id0465,crop,remesh,0.272831,0.343052,0.007918,1,
id0041,id0466,crop,remesh,0.366379,0.445435,0.003285,1,
id0041,id0468,crop,remesh,0.369731,0.541889,0.017128,1,
id0041,id0470,crop,remesh,0.265050,0.354858,0.007700,1,
id0041,id0476,crop,remesh,0.353810,0.431807,0.004475,1,
id0041,id0486,crop,remesh,0.316573,0.471557,0.009052,1,
id0041,id0491,crop,remesh,0.299522,0.394067,0.006355,1,
id0041,id0498,crop,remesh,0.343671,0.462117,0.008963,1,
id0042,id0045,crop,remesh,0.336427,0.464622,0.004196,1,
id0042,id0048,crop,remesh,0.465875,0.565572,0.003187,1,
id0042,id0056,crop,remesh,0.385479,0.372620,0.006274,1,
id0042,id0062,crop,remesh,0.326056,0.343708,0.006167,1,
id0042,id0069,crop,remesh,0.412684,0.333123,0.002644,1,
id0042,id0071,crop,remesh,0.307223,0.388505,0.007840,1,
id0042,id0072,crop,remesh,0.333826,0.344225,0.002819,1,
id0042,id0075,crop,remesh,0.346963,0.347732,0.003754,1,
id0042,id0080,crop,remesh,0.271436,0.268633,0.004575,1,
id0042,id0081,crop,remesh,0.324743,0.449334,0.003080,1,
id0042,id0086,crop,remesh,0.375664,0.388674,0.002018,1,
id0042,id0088,crop,remesh,0.417882,0.365362,0.002378,1,
id0042,id0097,crop,remesh,0.473463,0.489414,0.003867,1,
id0042,id0100,crop,remesh,0.367709,0.389718,0.002927,1,
id0042,id0106,crop,remesh,0.372444,0.310851,0.003609,1,
id0042,id0107,crop,remesh,0.557782,0.641183,0.003059,1,
id0042,id0110,crop,remesh,0.442718,0.479065,0.003797,1,
id0042,id0113,crop,remesh,0.295061,0.334296,0.003220,1,
id0042,id0115,crop,remesh,0.300132,0.351515,0.003895,1,
id0042,id0130,crop,remesh,0.408083,0.511523,0.005402,1,
id0042,id0132,crop,remesh,0.382061,0.377582,0.003344,1,
id0042,id0136,crop,remesh,0.357258,0.384053,0.003266,1,
id0042,id0153,crop,remesh,0.499258,0.552634,0.002809,1,
id0042,id0161,crop,remesh,0.370256,0.421658,0.002969,1,
id0042,id0169,crop,remesh,0.355525,0.348791,0.003668,1,
id0042,id0182,crop,remesh,0.498335,0.573118,0.003982,1,
id0042,id0183,crop,remesh,0.623279,0.645591,0.002294,1,
id0042,id0186,crop,remesh,0.398544,0.374369,0.004068,1,
id0042,id0197,crop,remesh,0.400226,0.474273,0.002062,1,
id0042,id0199,crop,remesh,0.523902,0.661773,0.002039,1,
id0042,id0206,crop,remesh,0.288280,0.321308,0.004879,1,
id0042,id0207,crop,remesh,0.311823,0.343997,0.003270,1,
id0042,id0208,crop,remesh,0.441787,0.542649,0.003488,1,
id0042,id0212,crop,remesh,0.564634,0.563059,0.005566,1,
id0042,id0220,crop,remesh,0.449445,0.438436,0.003662,1,
id0042,id0222,crop,remesh,0.347747,0.435052,0.001927,1,
id0042,id0224,crop,remesh,0.381125,0.444507,0.003406,1,
id0042,id0233,crop,remesh,0.549986,0.542319,0.003375,1,
id0042,id0239,crop,remesh,0.301533,0.402462,0.006640,1,
id0042,id0242,crop,remesh,0.481578,0.397193,0.003198,1,
id0042,id0246,crop,remesh,0.292296,0.367579,0.005753,1,
id0042,id0258,crop,remesh,0.376492,0.396148,0.002651,1,
id0042,id0273,crop,remesh,0.460834,0.499664,0.004246,1,
id0042,id0275,crop,remesh,0.427674,0.517883,0.004213,1,
id0042,id0285,crop,remesh,0.389905,0.333281,0.001863,1,
id0042,id0290,crop,remesh,0.506682,0.643241,0.002553,1,
id0042,id0296,crop,remesh,0.433350,0.527699,0.002432,1,
id0042,id0299,crop,remesh,0.372160,0.449215,0.002954,1,
id0042,id0303,crop,remesh,0.522272,0.555517,0.003386,1,
id0042,id0319,crop,remesh,0.431601,0.519991,0.005296,1,
id0042,id0321,crop,remesh,0.481064,0.584316,0.002794,1,
id0042,id0326,crop,remesh,0.464806,0.504350,0.001621,1,
id0042,id0328,crop,remesh,0.515743,0.553486,0.002804,1,
id0042,id0330,crop,remesh,0.456262,0.537004,0.005238,1,
id0042,id0342,crop,remesh,0.428267,0.445896,0.005125,1,
id0042,id0346,crop,remesh,0.281269,0.290591,0.003003,1,
id0042,id0363,crop,remesh,0.417415,0.383926,0.004999,1,
id0042,id0367,crop,remesh,0.369618,0.376834,0.005092,1,
id0042,id0368,crop,remesh,0.420765,0.477207,0.003064,1,
id0042,id0369,crop,remesh,0.505157,0.633258,0.002354,1,
id0042,id0372,crop,remesh,0.382930,0.496318,0.003149,1,
id0042,id0373,crop,remesh,0.494883,0.597850,0.002884,1,
id0042,id0374,crop,remesh,0.572230,0.676436,0.004636,1,
id0042,id0378,crop,remesh,0.449078,0.540815,0.004284,1,
id0042,id0381,crop,remesh,0.359313,0.440632,0.003242,1,
id0042,id0382,crop,remesh,0.300237,0.297974,0.005120,1,
id0042,id0392,crop,remesh,0.343731,0.323434,0.004291,1,
id0042,id0396,crop,remesh,0.418163,0.364129,0.005788,1,
id0042,id0398,crop,remesh,0.431358,0.479507,0.003076,1,
id0042,id0399,crop,remesh,0.510588,0.581231,0.004283,1,
id0042,id0401,crop,remesh,0.430235,0.484541,0.006125,1,
id0042,id0402,crop,remesh,0.281000,0.316970,0.003508,1,
id0042,id0404,crop,remesh,0.277014,0.358414,0.003082,1,
id0042,id0411,crop,remesh,0.416605,0.468067,0.009323,1,
id0042,id0412,crop,remesh,0.294473,0.394103,0.003472,1,
id0042,id0418,crop,remesh,0.379658,0.448304,0.002546,1,
id0042,id0421,crop,remesh,0.376736,0.388383,0.004072,1,
id0042,id0422,crop,remesh,0.363246,0.376081,0.003114,1,
id0042,id0431,crop,remesh,0.397031,0.481032,0.003106,1,
id0042,id0437,crop,remesh,0.554747,0.736865,0.004499,1,
id0042,id0441,crop,remesh,0.396160,0.468129,0.004379,1,
id0042,id0447,crop,remesh,0.606141,0.697239,0.003320,1,
id0042,id0460,crop,remesh,0.348040,0.420442,0.003679,1,
id0042,id0462,crop,remesh,0.409793,0.375837,0.001643,1,
id0042,id0465,crop,remesh,0.396173,0.417401,0.003503,1,
id0042,id0466,crop,remesh,0.525120,0.607933,0.002939,1,
id0042,id0468,crop,remesh,0.326169,0.371722,0.008917,1,
id0042,id0470,crop,remesh,0.328483,0.371368,0.003392,1,
id0042,id0476,crop,remesh,0.510119,0.587392,0.002846,1,
id0042,id0486,crop,remesh,0.425984,0.393299,0.003807,1,
id0042,id0491,crop,remesh,0.469898,0.583466,0.004050,1,
id0042,id0498,crop,remesh,0.407352,0.548690,0.004720,1,
id0045,id0048,crop,remesh,0.287502,0.427086,0.002927,1,
id0045,id0056,crop,remesh,0.344228,0.400930,0.011561,1,
id0045,id0062,crop,remesh,0.386503,0.480970,0.012065,1,
id0045,id0069,crop,remesh,0.397357,0.498104,0.006582,1,
id0045,id0071,crop,remesh,0.349833,0.515968,0.014362,1,
id0045,id0072,crop,remesh,0.285301,0.391474,0.006759,1,
id0045,id0075,crop,remesh,0.297862,0.450186,0.008675,1,
id0045,id0080,crop,remesh,0.338093,0.505213,0.010662,1,
id0045,id0081,crop,remesh,0.271371,0.444820,0.005145,1,
id0045,id0086,crop,remesh,0.338372,0.495858,0.005870,1,
id0045,id0088,crop,remesh,0.371927,0.441566,0.006271,1,
id0045,id0097,crop,remesh,0.299338,0.314969,0.006201,1,
id0045,id0100,crop,remesh,0.297371,0.475221,0.007065,1,
id0045,id0106,crop,remesh,0.395645,0.559676,0.009439,1,
id0045,id0107,crop,remesh,0.365750,0.407661,0.003294,1,
id0045,id0110,crop,remesh,0.249484,0.341916,0.006220,1,
id0045,id0113,crop,remesh,0.307482,0.485617,0.008248,1,
id0045,id0115,crop,remesh,0.267676,0.397931,0.008021,1,
id0045,id0130,crop,remesh,0.243585,0.259017,0.007167,1,
id0045,id0132,crop,remesh,0.290786,0.294410,0.006461,1,
id0045,id0136,crop,remesh,0.303670,0.409987,0.007132,1,
id0045,id0153,crop,remesh,0.313757,0.382582,0.003375,1,
id0045,id0161,crop,remesh,0.260725,0.445927,0.006325,1,
id0045,id0169,crop,remesh,0.321935,0.460153,0.008374,1,
id0045,id0182,crop,remesh,0.281743,0.440923,0.004800,1,
id0045,id0183,crop,remesh,0.527420,0.626824,0.004548,1,
id0045,id0186,crop,remesh,0.307422,0.457121,0.008353,1,
id0045,id0197,crop,remesh,0.329408,0.448147,0.005447,1,
id0045,id0199,crop,remesh,0.414273,0.599262,0.003863,1,
id0045,id0206,crop,remesh,0.437701,0.640524,0.012959,1,
id0045,id0207,crop,remesh,0.285213,0.436678,0.007784,1,
id0045,id0208,crop,remesh,0.237292,0.279301,0.003730,1,
id0045,id0212,crop,remesh,0.390712,0.408780,0.008976,1,
id0045,id0220,crop,remesh,0.274262,0.309083,0.006465,1,
id0045,id0222,crop,remesh,0.236709,0.342971,0.004165,1,
id0045,id0224,crop,remesh,0.320364,0.554913,0.007892,1,
id0045,id0233,crop,remesh,0.437442,0.397449,0.005036,1,
id0045,id0239,crop,remesh,0.375975,0.664667,0.014076,1,
id0045,id0242,crop,remesh,0.388186,0.432336,0.006395,1,
id0045,id0246,crop,remesh,0.263212,0.366298,0.010311,1,
id0045,id0258,crop,remesh,0.256965,0.387988,0.006130,1,
id0045,id0273,crop,remesh,0.334678,0.411613,0.007039,1,
id0045,id0275,crop,remesh,0.246926,0.266186,0.005411,1,
id0045,id0285,crop,remesh,0.349620,0.488123,0.005645,1,
id0045,id0290,crop,remesh,0.366241,0.509596,0.003321,1,
id0045,id0296,crop,remesh,0.278435,0.295394,0.004372,1,
id0045,id0299,crop,remesh,0.220855,0.299460,0.004181,1,
id0045,id0303,crop,remesh,0.352359,0.371219,0.003962,1,
id0045,id0319,crop,remesh,0.270875,0.363023,0.007076,1,
id0045,id0321,crop,remesh,0.320844,0.398201,0.003630,1,
id0045,id0326,crop,remesh,0.401949,0.528497,0.004233,1,
id0045,id0328,crop,remesh,0.383525,0.445962,0.004201,1,
id0045,id0330,crop,remesh,0.305134,0.493881,0.008785,1,
id0045,id0342,crop,remesh,0.352240,0.473290,0.008970,1,
id0045,id0346,crop,remesh,0.300019,0.499232,0.008547,1,
id0045,id0363,crop,remesh,0.392962,0.470445,0.009106,1,
id0045,id0367,crop,remesh,0.366380,0.458929,0.010294,1,
id0045,id0368,crop,remesh,0.298567,0.400623,0.005430,1,
id0045,id0369,crop,remesh,0.367351,0.516026,0.003435,1,
id0045,id0372,crop,remesh,0.326787,0.432424,0.005679,1,
id0045,id0373,crop,remesh,0.366378,0.494520,0.004562,1,
id0045,id0374,crop,remesh,0.383201,0.419636,0.005484,1,
id0045,id0378,crop,remesh,0.254150,0.382343,0.005157,1,
id0045,id0381,crop,remesh,0.258406,0.413845,0.006212,1,
id0045,id0382,crop,remesh,0.284446,0.366830,0.010565,1,
id0045,id0392,crop,remesh,0.311929,0.423378,0.009517,1,
id0045,id0396,crop,remesh,0.416510,0.553257,0.011460,1,
id0045,id0398,crop,remesh,0.436278,0.622792,0.008684,1,
id0045,id0399,crop,remesh,0.325259,0.330363,0.005447,1,
id0045,id0401,crop,remesh,0.323145,0.438810,0.010268,1,
id0045,id0402,crop,remesh,0.207385,0.356988,0.007448,1,
id0045,id0404,crop,remesh,0.285472,0.468374,0.007630,1,
id0045,id0411,crop,remesh,0.295715,0.407413,0.014443,1,
id0045,id0412,crop,remesh,0.261970,0.428804,0.007545,1,
id0045,id0418,crop,remesh,0.302671,0.491111,0.006633,1,
id0045,id0421,crop,remesh,0.232628,0.287343,0.007125,1,
id0045,id0422,crop,remesh,0.308147,0.459591,0.007166,1,
id0045,id0431,crop,remesh,0.351367,0.505658,0.007264,1,
id0045,id0437,crop,remesh,0.378894,0.593516,0.005120,1,
id0045,id0441,crop,remesh,0.254725,0.344914,0.007072,1,
id0045,id0447,crop,remesh,0.442170,0.469966,0.002267,1,
id0045,id0460,crop,remesh,0.230295,0.416668,0.006307,1,
id0045,id0462,crop,remesh,0.358672,0.450885,0.005150,1,
id0045,id0465,crop,remesh,0.301942,0.329173,0.007424,1,
id0045,id0466,crop,remesh,0.356116,0.412266,0.002472,1,
id0045,id0468,crop,remesh,0.369224,0.578649,0.016700,1,
id0045,id0470,crop,remesh,0.338335,0.517289,0.008486,1,
id0045,id0476,crop,remesh,0.318406,0.388787,0.002862,1,
id0045,id0486,crop,remesh,0.362085,0.361329,0.007889,1,
id0045,id0491,crop,remesh,0.271567,0.414802,0.004602,1,
id0045,id0498,crop,remesh,0.208912,0.293511,0.006705,1,
id0048,id0056,crop,remesh,0.438283,0.538370,0.015386,1,
id0048,id0062,crop,remesh,0.483911,0.639569,0.015436,1,
id0048,id0069,crop,remesh,0.345378,0.480294,0.008720,1,
id0048,id0071,crop,remesh,0.480740,0.645901,0.018823,1,
id0048,id0072,crop,remesh,0.310490,0.398430,0.009436,1,
id0048,id0075,crop,remesh,0.351198,0.524497,0.011795,1,
id0048,id0080,crop,remesh,0.390122,0.614217,0.013372,1,
id0048,id0081,crop,remesh,0.318693,0.580687,0.006087,1,
id0048,id0086,crop,remesh,0.241506,0.417233,0.007380,1,
id0048,id0088,crop,remesh,0.289267,0.398614,0.007771,1,
id0048,id0097,crop,remesh,0.306803,0.424484,0.009232,1,
id0048,id0100,crop,remesh,0.267631,0.475534,0.009239,1,
id0048,id0106,crop,remesh,0.399369,0.550665,0.011726,1,
id0048,id0107,crop,remesh,0.314860,0.367069,0.004516,1,
id0048,id0110,crop,remesh,0.244179,0.414131,0.008957,1,
id0048,id0113,crop,remesh,0.317642,0.512411,0.010718,1,
id0048,id0115,crop,remesh,0.276086,0.468536,0.010447,1,
id0048,id0130,crop,remesh,0.348310,0.436149,0.009646,1,
id0048,id0132,crop,remesh,0.305165,0.437866,0.008759,1,
id0048,id0136,crop,remesh,0.321697,0.469675,0.008942,1,
id0048,id0153,crop,remesh,0.251430,0.338980,0.004591,1,
id0048,id0161,crop,remesh,0.217796,0.441947,0.008764,1,
id0048,id0169,crop,remesh,0.342159,0.472659,0.011497,1,
id0048,id0182,crop,remesh,0.227122,0.447958,0.006568,1,
id0048,id0183,crop,remesh,0.368527,0.407436,0.004601,1,
id0048,id0186,crop,remesh,0.241396,0.428585,0.010989,1,
id0048,id0197,crop,remesh,0.256626,0.360776,0.007078,1,
id0048,id0199,crop,remesh,0.258019,0.383505,0.004907,1,
id0048,id0206,crop,remesh,0.513226,0.738700,0.015736,1,
id0048,id0207,crop,remesh,0.315825,0.445408,0.010168,1,
id0048,id0208,crop,remesh,0.221554,0.345491,0.005305,1,
id0048,id0212,crop,remesh,0.394040,0.467332,0.012106,1,
id0048,id0220,crop,remesh,0.302711,0.351363,0.008972,1,
id0048,id0222,crop,remesh,0.265685,0.337458,0.005984,1,
id0048,id0224,crop,remesh,0.324869,0.512875,0.009821,1,
id0048,id0233,crop,remesh,0.357085,0.324560,0.006348,1,
id0048,id0239,crop,remesh,0.473281,0.675977,0.017749,1,
id0048,id0242,crop,remesh,0.320073,0.409417,0.008889,1,
id0048,id0246,crop,remesh,0.398357,0.553254,0.013926,1,
id0048,id0258,crop,remesh,0.300437,0.418756,0.009044,1,
id0048,id0273,crop,remesh,0.313359,0.415577,0.009167,1,
id0048,id0275,crop,remesh,0.284332,0.350735,0.007556,1,
id0048,id0285,crop,remesh,0.300510,0.461318,0.007735,1,
id0048,id0290,crop,remesh,0.284249,0.380070,0.003850,1,
id0048,id0296,crop,remesh,0.285846,0.345885,0.006460,1,
id0048,id0299,crop,remesh,0.239562,0.348676,0.005990,1,
id0048,id0303,crop,remesh,0.281518,0.431876,0.006271,1,
id0048,id0319,crop,remesh,0.330198,0.485740,0.010012,1,
id0048,id0321,crop,remesh,0.251356,0.382415,0.004822,1,
id0048,id0326,crop,remesh,0.310475,0.434069,0.005642,1,
id0048,id0328,crop,remesh,0.286185,0.390530,0.006219,1,
id0048,id0330,crop,remesh,0.320369,0.469308,0.011669,1,
id0048,id0342,crop,remesh,0.342756,0.464613,0.011551,1,
id0048,id0346,crop,remesh,0.327557,0.526973,0.010887,1,
id0048,id0363,crop,remesh,0.366916,0.569657,0.011617,1,
id0048,id0367,crop,remesh,0.368069,0.503369,0.013723,1,
id0048,id0368,crop,remesh,0.223973,0.305310,0.006656,1,
id0048,id0369,crop,remesh,0.231362,0.342116,0.004400,1,
id0048,id0372,crop,remesh,0.297083,0.396313,0.007772,1,
id0048,id0373,crop,remesh,0.263181,0.333239,0.005399,1,
id0048,id0374,crop,remesh,0.425324,0.451716,0.007430,1,
id0048,id0378,crop,remesh,0.233767,0.393797,0.007473,1,
id0048,id0381,crop,remesh,0.236921,0.333859,0.007567,1,
id0048,id0382,crop,remesh,0.379913,0.505656,0.013842,1,
id0048,id0392,crop,remesh,0.335533,0.458312,0.012756,1,
id0048,id0396,crop,remesh,0.328773,0.474252,0.013162,1,
id0048,id0398,crop,remesh,0.383245,0.589084,0.010722,1,
id0048,id0399,crop,remesh,0.282838,0.303038,0.007662,1,
id0048,id0401,crop,remesh,0.398819,0.519557,0.014816,1,
id0048,id0402,crop,remesh,0.269989,0.412622,0.009747,1,
id0048,id0404,crop,remesh,0.336293,0.457916,0.009514,1,
id0048,id0411,crop,remesh,0.411655,0.612104,0.018979,1,
id0048,id0412,crop,remesh,0.283665,0.387469,0.010496,1,
id0048,id0418,crop,remesh,0.315107,0.535311,0.009531,1,
id0048,id0421,crop,remesh,0.294029,0.416998,0.009882,1,
id0048,id0422,crop,remesh,0.264091,0.407766,0.008958,1,
id0048,id0431,crop,remesh,0.314791,0.482683,0.009985,1,
id0048,id0437,crop,remesh,0.317788,0.533879,0.007531,1,
id0048,id0441,crop,remesh,0.317408,0.458305,0.010631,1,
id0048,id0447,crop,remesh,0.307848,0.324344,0.003324,1,
id0048,id0460,crop,remesh,0.261791,0.475188,0.008195,1,
id0048,id0462,crop,remesh,0.288409,0.375180,0.006389,1,
id0048,id0465,crop,remesh,0.350048,0.465916,0.010722,1,
id0048,id0466,crop,remesh,0.257934,0.277972,0.003179,1,
id0048,id0468,crop,remesh,0.424240,0.668364,0.020450,1,
id0048,id0470,crop,remesh,0.351409,0.521182,0.010871,1,
id0048,id0476,crop,remesh,0.201524,0.280399,0.004142,1,
id0048,id0486,crop,remesh,0.371131,0.404172,0.009780,1,
id0048,id0491,crop,remesh,0.242828,0.412665,0.006433,1,
id0048,id0498,crop,remesh,0.357248,0.471408,0.009696,1,
id0056,id0062,crop,remesh,0.376901,0.519555,0.011727,1,
id0056,id0069,crop,remesh,0.440619,0.557800,0.006388,1,
id0056,id0071,crop,remesh,0.370268,0.462658,0.013868,1,
id0056,id0072,crop,remesh,0.364177,0.449865,0.006358,1,
id0056,id0075,crop,remesh,0.331446,0.398926,0.008501,1,
id0056,id0080,crop,remesh,0.380890,0.546968,0.010542,1,
id0056,id0081,crop,remesh,0.343343,0.470179,0.005212,1,
id0056,id0086,crop,remesh,0.441969,0.544651,0.005542,1,
id0056,id0088,crop,remesh,0.354732,0.475851,0.006096,1,
id0056,id0097,crop,remesh,0.292466,0.390509,0.006276,1,
id0056,id0100,crop,remesh,0.389169,0.505563,0.006482,1,
id0056,id0106,crop,remesh,0.406965,0.600605,0.009293,1,
id0056,id0107,crop,remesh,0.377795,0.449750,0.003372,1,
id0056,id0110,crop,remesh,0.352546,0.390177,0.006459,1,
id0056,id0113,crop,remesh,0.361790,0.515255,0.007580,1,
id0056,id0115,crop,remesh,0.364146,0.506807,0.007771,1,
id0056,id0130,crop,remesh,0.277351,0.419016,0.008285,1,
id0056,id0132,crop,remesh,0.281528,0.384987,0.006385,1,
id0056,id0136,crop,remesh,0.346134,0.496254,0.006926,1,
id0056,id0153,crop,remesh,0.333013,0.377718,0.003530,1,
id0056,id0161,crop,remesh,0.352165,0.513591,0.006258,1,
id0056,id0169,crop,remesh,0.370065,0.489210,0.007932,1,
id0056,id0182,crop,remesh,0.387574,0.458838,0.005038,1,
id0056,id0183,crop,remesh,0.544717,0.695953,0.004343,1,
id0056,id0186,crop,remesh,0.355161,0.504878,0.008120,1,
id0056,id0197,crop,remesh,0.398900,0.535287,0.004999,1,
id0056,id0199,crop,remesh,0.494607,0.692750,0.003617,1,
id0056,id0206,crop,remesh,0.481995,0.646491,0.011950,1,
id0056,id0207,crop,remesh,0.334750,0.361275,0.007491,1,
id0056,id0208,crop,remesh,0.352088,0.415898,0.004276,1,
id0056,id0212,crop,remesh,0.454501,0.550084,0.009133,1,
id0056,id0220,crop,remesh,0.277874,0.316211,0.006346,1,
id0056,id0222,crop,remesh,0.369639,0.449016,0.004249,1,
id0056,id0224,crop,remesh,0.402003,0.521014,0.007316,1,
id0056,id0233,crop,remesh,0.363359,0.407087,0.005391,1,
id0056,id0239,crop,remesh,0.484794,0.639356,0.012961,1,
id0056,id0242,crop,remesh,0.394697,0.468691,0.006501,1,
id0056,id0246,crop,remesh,0.333073,0.352114,0.009904,1,
id0056,id0258,crop,remesh,0.280350,0.360909,0.005841,1,
id0056,id0273,crop,remesh,0.286455,0.345724,0.006796,1,
id0056,id0275,crop,remesh,0.261166,0.381805,0.005798,1,
id0056,id0285,crop,remesh,0.425434,0.567155,0.005193,1,
id0056,id0290,crop,remesh,0.442366,0.494686,0.003154,1,
id0056,id0296,crop,remesh,0.315024,0.455674,0.004683,1,
id0056,id0299,crop,remesh,0.322750,0.382463,0.004262,1,
id0056,id0303,crop,remesh,0.394272,0.464935,0.004157,1,
id0056,id0319,crop,remesh,0.404763,0.503215,0.007405,1,
id0056,id0321,crop,remesh,0.400512,0.421265,0.003862,1,
id0056,id0326,crop,remesh,0.525360,0.676766,0.004043,1,
id0056,id0328,crop,remesh,0.412178,0.504028,0.004579,1,
id0056,id0330,crop,remesh,0.344997,0.421481,0.008063,1,
id0056,id0342,crop,remesh,0.354387,0.450571,0.008146,1,
id0056,id0346,crop,remesh,0.353845,0.476377,0.007692,1,
id0056,id0363,crop,remesh,0.356006,0.519992,0.009256,1,
id0056,id0367,crop,remesh,0.474675,0.544302,0.009898,1,
id0056,id0368,crop,remesh,0.382223,0.517512,0.005431,1,
id0056,id0369,crop,remesh,0.450246,0.592188,0.003436,1,
id0056,id0372,crop,remesh,0.510124,0.539173,0.005637,1,
id0056,id0373,crop,remesh,0.453250,0.513139,0.004573,1,
id0056,id0374,crop,remesh,0.369216,0.355329,0.005800,1,
id0056,id0378,crop,remesh,0.405643,0.429543,0.005760,1,
id0056,id0381,crop,remesh,0.438852,0.527777,0.006382,1,
id0056,id0382,crop,remesh,0.313622,0.442553,0.010541,1,
id0056,id0392,crop,remesh,0.297031,0.398950,0.009150,1,
id0056,id0396,crop,remesh,0.396366,0.567521,0.011102,1,
id0056,id0398,crop,remesh,0.513522,0.670430,0.007434,1,
id0056,id0399,crop,remesh,0.312966,0.398415,0.006043,1,
id0056,id0401,crop,remesh,0.297310,0.401101,0.010156,1,
id0056,id0402,crop,remesh,0.353860,0.420869,0.007300,1,
id0056,id0404,crop,remesh,0.346941,0.436566,0.006523,1,
id0056,id0411,crop,remesh,0.249507,0.403961,0.014557,1,
id0056,id0412,crop,remesh,0.403825,0.546687,0.007641,1,
id0056,id0418,crop,remesh,0.502081,0.607201,0.006273,1,
id0056,id0421,crop,remesh,0.310877,0.408165,0.007345,1,
id0056,id0422,crop,remesh,0.346207,0.443755,0.006645,1,
id0056,id0431,crop,remesh,0.441563,0.611198,0.006693,1,
id0056,id0437,crop,remesh,0.504833,0.609105,0.005032,1,
id0056,id0441,crop,remesh,0.253403,0.374822,0.006978,1,
id0056,id0447,crop,remesh,0.496477,0.628627,0.003062,1,
id0056,id0460,crop,remesh,0.292056,0.468931,0.006279,1,
id0056,id0462,crop,remesh,0.387965,0.557844,0.004790,1,
id0056,id0465,crop,remesh,0.272214,0.346456,0.007157,1,
id0056,id0466,crop,remesh,0.414345,0.526445,0.002587,1,
id0056,id0468,crop,remesh,0.408171,0.607640,0.016441,1,
id0056,id0470,crop,remesh,0.417933,0.507416,0.007491,1,
id0056,id0476,crop,remesh,0.417040,0.540893,0.003842,1,
id0056,id0486,crop,remesh,0.273303,0.359801,0.007954,1,
id0056,id0491,crop,remesh,0.366892,0.467225,0.005079,1,
id0056,id0498,crop,remesh,0.286481,0.365608,0.007544,1,
id0062,id0069,crop,remesh,0.443103,0.469531,0.004349,1,
id0062,id0071,crop,remesh,0.346447,0.390961,0.009355,1,
id0062,id0072,crop,remesh,0.355807,0.384835,0.003961,1,
id0062,id0075,crop,remesh,0.386993,0.432381,0.005721,1,
id0062,id0080,crop,remesh,0.219021,0.315075,0.006828,1,
id0062,id0081,crop,remesh,0.341269,0.490930,0.004090,1,
id0062,id0086,crop,remesh,0.409844,0.472637,0.003134,1,
id0062,id0088,crop,remesh,0.471360,0.462811,0.004250,1,
id0062,id0097,crop,remesh,0.439750,0.437285,0.004320,1,
id0062,id0100,crop,remesh,0.363022,0.439654,0.003655,1,
id0062,id0106,crop,remesh,0.379588,0.412829,0.005586,1,
id0062,id0107,crop,remesh,0.565660,0.631568,0.003154,1,
id0062,id0110,crop,remesh,0.433277,0.496645,0.004898,1,
id0062,id0113,crop,remesh,0.312935,0.400465,0.004724,1,
id0062,id0115,crop,remesh,0.351401,0.443045,0.005856,1,
id0062,id0130,crop,remesh,0.366714,0.418771,0.006123,1,
id0062,id0132,crop,remesh,0.362698,0.383963,0.004625,1,
id0062,id0136,crop,remesh,0.330940,0.316167,0.004102,1,
id0062,id0153,crop,remesh,0.523883,0.578260,0.003560,1,
id0062,id0161,crop,remesh,0.415119,0.542739,0.004754,1,
id0062,id0169,crop,remesh,0.381687,0.404468,0.005150,1,
id0062,id0182,crop,remesh,0.495608,0.609416,0.004961,1,
id0062,id0183,crop,remesh,0.670635,0.743532,0.003894,1,
id0062,id0186,crop,remesh,0.422612,0.485727,0.005840,1,
id0062,id0197,crop,remesh,0.483377,0.556685,0.003774,1,
id0062,id0199,crop,remesh,0.574050,0.728063,0.002867,1,
id0062,id0206,crop,remesh,0.317060,0.446563,0.007195,1,
id0062,id0207,crop,remesh,0.355943,0.381532,0.005204,1,
id0062,id0208,crop,remesh,0.432306,0.527741,0.003750,1,
id0062,id0212,crop,remesh,0.550038,0.509641,0.006260,1,
id0062,id0220,crop,remesh,0.418511,0.387038,0.004279,1,
id0062,id0222,crop,remesh,0.420020,0.452751,0.002886,1,
id0062,id0224,crop,remesh,0.430335,0.578832,0.005041,1,
id0062,id0233,crop,remesh,0.560467,0.578644,0.004640,1,
id0062,id0239,crop,remesh,0.380804,0.553205,0.009026,1,
id0062,id0242,crop,remesh,0.486489,0.498479,0.004986,1,
id0062,id0246,crop,remesh,0.304779,0.310516,0.007181,1,
id0062,id0258,crop,remesh,0.415078,0.428315,0.003765,1,
id0062,id0273,crop,remesh,0.416794,0.503364,0.005039,1,
id0062,id0275,crop,remesh,0.407963,0.462384,0.004956,1,
id0062,id0285,crop,remesh,0.432096,0.433283,0.003590,1,
id0062,id0290,crop,remesh,0.590795,0.702950,0.003607,1,
id0062,id0296,crop,remesh,0.439463,0.472057,0.003104,1,
id0062,id0299,crop,remesh,0.362506,0.415463,0.003282,1,
id0062,id0303,crop,remesh,0.447433,0.452464,0.002406,1,
id0062,id0319,crop,remesh,0.387199,0.378368,0.004754,1,
id0062,id0321,crop,remesh,0.521564,0.570443,0.002687,1,
id0062,id0326,crop,remesh,0.493024,0.546945,0.002240,1,
id0062,id0328,crop,remesh,0.530132,0.592568,0.003588,1,
id0062,id0330,crop,remesh,0.410918,0.483941,0.005465,1,
id0062,id0342,crop,remesh,0.375566,0.425969,0.005451,1,
id0062,id0346,crop,remesh,0.361082,0.447432,0.005650,1,
id0062,id0363,crop,remesh,0.331116,0.418088,0.006492,1,
id0062,id0367,crop,remesh,0.394008,0.508667,0.007520,1,
id0062,id0368,crop,remesh,0.433209,0.509475,0.004303,1,
id0062,id0369,crop,remesh,0.540623,0.667104,0.002838,1,
id0062,id0372,crop,remesh,0.435021,0.550617,0.003772,1,
id0062,id0373,crop,remesh,0.540448,0.675993,0.004394,1,
id0062,id0374,crop,remesh,0.612639,0.640252,0.005543,1,
id0062,id0378,crop,remesh,0.429316,0.541028,0.004476,1,
id0062,id0381,crop,remesh,0.424752,0.492899,0.004272,1,
id0062,id0382,crop,remesh,0.318633,0.264492,0.007026,1,
id0062,id0392,crop,remesh,0.397195,0.438828,0.006352,1,
id0062,id0396,crop,remesh,0.433962,0.519488,0.008350,1,
id0062,id0398,crop,remesh,0.441859,0.534751,0.004144,1,
id0062,id0399,crop,remesh,0.480430,0.508815,0.004491,1,
id0062,id0401,crop,remesh,0.444639,0.483478,0.007271,1,
id0062,id0402,crop,remesh,0.314802,0.351539,0.004893,1,
id0062,id0404,crop,remesh,0.274250,0.316056,0.003528,1,
id0062,id0411,crop,remesh,0.348128,0.335639,0.010369,1,
id0062,id0412,crop,remesh,0.367796,0.442889,0.004792,1,
id0062,id0418,crop,remesh,0.426949,0.561363,0.003756,1,
id0062,id0421,crop,remesh,0.358609,0.390335,0.005546,1,
id0062,id0422,crop,remesh,0.358827,0.448365,0.004603,1,
id0062,id0431,crop,remesh,0.410400,0.467241,0.003700,1,
id0062,id0437,crop,remesh,0.571993,0.760723,0.004305,1,
id0062,id0441,crop,remesh,0.342496,0.393215,0.004477,1,
id0062,id0447,crop,remesh,0.636419,0.672185,0.002795,1,
id0062,id0460,crop,remesh,0.329556,0.478964,0.004837,1,
id0062,id0462,crop,remesh,0.433712,0.418866,0.002926,1,
id0062,id0465,crop,remesh,0.401769,0.350227,0.004440,1,
id0062,id0466,crop,remesh,0.544822,0.578782,0.002631,1,
id0062,id0468,crop,remesh,0.256785,0.411815,0.011255,1,
id0062,id0470,crop,remesh,0.358195,0.453363,0.004279,1,
id0062,id0476,crop,remesh,0.544809,0.608008,0.003579,1,
id0062,id0486,crop,remesh,0.445742,0.401871,0.005868,1,
id0062,id0491,crop,remesh,0.504189,0.612673,0.004805,1,
id0062,id0498,crop,remesh,0.428824,0.512630,0.006031,1,
id0069,id0071,crop,remesh,0.441094,0.629346,0.013650,1,
id0069,id0072,crop,remesh,0.258222,0.423365,0.005950,1,
id0069,id0075,crop,remesh,0.390255,0.493949,0.008132,1,
id0069,id0080,crop,remesh,0.342138,0.609926,0.009108,1,
id0069,id0081,crop,remesh,0.350090,0.588943,0.004754,1,
id0069,id0086,crop,remesh,0.277277,0.412364,0.005338,1,
id0069,id0088,crop,remesh,0.313297,0.428749,0.004952,1,
id0069,id0097,crop,remesh,0.397299,0.532968,0.007477,1,
id0069,id0100,crop,remesh,0.313812,0.426359,0.006522,1,
id0069,id0106,crop,remesh,0.229812,0.489183,0.007307,1,
id0069,id0107,crop,remesh,0.462823,0.545182,0.004741,1,
id0069,id0110,crop,remesh,0.354888,0.454104,0.006659,1,
id0069,id0113,crop,remesh,0.278204,0.456975,0.006863,1,
id0069,id0115,crop,remesh,0.319243,0.425627,0.007766,1,
id0069,id0130,crop,remesh,0.416187,0.626149,0.009025,1,
id0069,id0132,crop,remesh,0.358432,0.511237,0.006949,1,
id0069,id0136,crop,remesh,0.310414,0.540643,0.006030,1,
id0069,id0153,crop,remesh,0.374085,0.475941,0.003839,1,
id0069,id0161,crop,remesh,0.326816,0.322879,0.006214,1,
id0069,id0169,crop,remesh,0.330511,0.403576,0.007216,1,
id0069,id0182,crop,remesh,0.407728,0.451680,0.005166,1,
id0069,id0183,crop,remesh,0.421016,0.427737,0.004260,1,
id0069,id0186,crop,remesh,0.259704,0.343988,0.007038,1,
id0069,id0197,crop,remesh,0.379855,0.396721,0.005581,1,
id0069,id0199,crop,remesh,0.347491,0.365401,0.003557,1,
id0069,id0206,crop,remesh,0.453438,0.638247,0.010091,1,
id0069,id0207,crop,remesh,0.332020,0.545262,0.006778,1,
id0069,id0208,crop,remesh,0.365978,0.506184,0.004739,1,
id0069,id0212,crop,remesh,0.498906,0.511273,0.009419,1,
id0069,id0220,crop,remesh,0.416348,0.539684,0.006863,1,
id0069,id0222,crop,remesh,0.365949,0.439550,0.004577,1,
id0069,id0224,crop,remesh,0.344041,0.374657,0.005862,1,
id0069,id0233,crop,remesh,0.379618,0.424128,0.005263,1,
id0069,id0239,crop,remesh,0.431149,0.491549,0.011886,1,
id0069,id0242,crop,remesh,0.285744,0.393114,0.005674,1,
id0069,id0246,crop,remesh,0.429552,0.634624,0.010615,1,
id0069,id0258,crop,remesh,0.360010,0.485401,0.006343,1,
id0069,id0273,crop,remesh,0.377400,0.498894,0.006619,1,
id0069,id0275,crop,remesh,0.420775,0.549500,0.006791,1,
id0069,id0285,crop,remesh,0.204085,0.381460,0.004715,1,
id0069,id0290,crop,remesh,0.455438,0.433311,0.003528,1,
id0069,id0296,crop,remesh,0.423024,0.543512,0.005463,1,
id0069,id0299,crop,remesh,0.290111,0.460768,0.004466,1,
id0069,id0303,crop,remesh,0.410429,0.565745,0.004907,1,
id0069,id0319,crop,remesh,0.437539,0.635662,0.008396,1,
id0069,id0321,crop,remesh,0.429392,0.560014,0.004924,1,
id0069,id0326,crop,remesh,0.304822,0.357496,0.003385,1,
id0069,id0328,crop,remesh,0.316366,0.398983,0.004742,1,
id0069,id0330,crop,remesh,0.423357,0.555866,0.008189,1,
id0069,id0342,crop,remesh,0.304763,0.483652,0.007866,1,
id0069,id0346,crop,remesh,0.298486,0.435180,0.007179,1,
id0069,id0363,crop,remesh,0.286404,0.532819,0.007907,1,
id0069,id0367,crop,remesh,0.327047,0.353704,0.008712,1,
id0069,id0368,crop,remesh,0.317670,0.352300,0.005008,1,
id0069,id0369,crop,remesh,0.340875,0.388613,0.003961,1,
id0069,id0372,crop,remesh,0.412866,0.350885,0.005864,1,
id0069,id0373,crop,remesh,0.348386,0.418233,0.003870,1,
id0069,id0374,crop,remesh,0.577704,0.671731,0.006859,1,
id0069,id0378,crop,remesh,0.375997,0.477417,0.005655,1,
id0069,id0381,crop,remesh,0.354062,0.373800,0.005803,1,
id0069,id0382,crop,remesh,0.327783,0.576376,0.010694,1,
id0069,id0392,crop,remesh,0.349905,0.438889,0.008793,1,
id0069,id0396,crop,remesh,0.257624,0.405738,0.009423,1,
id0069,id0398,crop,remesh,0.365861,0.532338,0.006982,1,
id0069,id0399,crop,remesh,0.381619,0.555279,0.007026,1,
id0069,id0401,crop,remesh,0.423652,0.547533,0.010370,1,
id0069,id0402,crop,remesh,0.334300,0.451820,0.007185,1,
id0069,id0404,crop,remesh,0.336138,0.545229,0.006424,1,
id0069,id0411,crop,remesh,0.397559,0.724804,0.014734,1,
id0069,id0412,crop,remesh,0.292253,0.393914,0.007553,1,
id0069,id0418,crop,remesh,0.401517,0.397345,0.005878,1,
id0069,id0421,crop,remesh,0.340214,0.489157,0.007694,1,
id0069,id0422,crop,remesh,0.236142,0.389454,0.005592,1,
id0069,id0431,crop,remesh,0.291882,0.505005,0.007141,1,
id0069,id0437,crop,remesh,0.475594,0.510217,0.006347,1,
id0069,id0441,crop,remesh,0.387647,0.558806,0.007559,1,
id0069,id0447,crop,remesh,0.427418,0.497732,0.004184,1,
id0069,id0460,crop,remesh,0.320435,0.460938,0.006074,1,
id0069,id0462,crop,remesh,0.264732,0.417906,0.004603,1,
id0069,id0465,crop,remesh,0.415952,0.578573,0.007576,1,
id0069,id0466,crop,remesh,0.386398,0.464904,0.003505,1,
id0069,id0468,crop,remesh,0.356952,0.590266,0.014670,1,
id0069,id0470,crop,remesh,0.330985,0.455899,0.006891,1,
id0069,id0476,crop,remesh,0.365774,0.398875,0.003895,1,
id0069,id0486,crop,remesh,0.345283,0.588091,0.007513,1,
id0069,id0491,crop,remesh,0.420281,0.446779,0.005451,1,
id0069,id0498,crop,remesh,0.453549,0.620263,0.007592,1,
id0071,id0072,crop,remesh,0.299783,0.410102,0.002789,1,
id0071,id0075,crop,remesh,0.262625,0.378720,0.004060,1,
id0071,id0080,crop,remesh,0.354582,0.533908,0.005894,1,
id0071,id0081,crop,remesh,0.361211,0.596961,0.004978,1,
id0071,id0086,crop,remesh,0.406848,0.492207,0.003024,1,
id0071,id0088,crop,remesh,0.484030,0.540880,0.004751,1,
id0071,id0097,crop,remesh,0.405221,0.393079,0.002849,1,
id0071,id0100,crop,remesh,0.303929,0.397981,0.002892,1,
id0071,id0106,crop,remesh,0.409813,0.543357,0.004807,1,
id0071,id0107,crop,remesh,0.536584,0.550405,0.003085,1,
id0071,id0110,crop,remesh,0.369964,0.434746,0.003522,1,
id0071,id0113,crop,remesh,0.316349,0.448301,0.003346,1,
id0071,id0115,crop,remesh,0.382236,0.536800,0.004831,1,
id0071,id0130,crop,remesh,0.404122,0.555021,0.005628,1,
id0071,id0132,crop,remesh,0.372492,0.437978,0.003914,1,
id0071,id0136,crop,remesh,0.424870,0.499734,0.003831,1,
id0071,id0153,crop,remesh,0.483948,0.524911,0.003618,1,
id0071,id0161,crop,remesh,0.366012,0.491965,0.003451,1,
id0071,id0169,crop,remesh,0.316726,0.377488,0.003179,1,
id0071,id0182,crop,remesh,0.430369,0.534617,0.004085,1,
id0071,id0183,crop,remesh,0.681603,0.779029,0.005679,1,
id0071,id0186,crop,remesh,0.363485,0.475016,0.003906,1,
id0071,id0197,crop,remesh,0.466983,0.608234,0.004526,1,
id0071,id0199,crop,remesh,0.526335,0.697852,0.003449,1,
id0071,id0206,crop,remesh,0.365530,0.552540,0.006557,1,
id0071,id0207,crop,remesh,0.323273,0.472216,0.004343,1,
id0071,id0208,crop,remesh,0.421935,0.565035,0.004209,1,
id0071,id0212,crop,remesh,0.509303,0.451109,0.004365,1,
id0071,id0220,crop,remesh,0.423956,0.424864,0.003383,1,
id0071,id0222,crop,remesh,0.379599,0.530289,0.003658,1,
id0071,id0224,crop,remesh,0.295730,0.507354,0.003936,1,
id0071,id0233,crop,remesh,0.524181,0.542268,0.004077,1,
id0071,id0239,crop,remesh,0.270001,0.462850,0.006085,1,
id0071,id0242,crop,remesh,0.447505,0.508051,0.003821,1,
id0071,id0246,crop,remesh,0.234918,0.359874,0.004997,1,
id0071,id0258,crop,remesh,0.334649,0.373007,0.002598,1,
id0071,id0273,crop,remesh,0.355105,0.400542,0.003586,1,
id0071,id0275,crop,remesh,0.415485,0.522875,0.004378,1,
id0071,id0285,crop,remesh,0.432372,0.537748,0.003281,1,
id0071,id0290,crop,remesh,0.487352,0.622307,0.004145,1,
id0071,id0296,crop,remesh,0.457201,0.559416,0.003352,1,
id0071,id0299,crop,remesh,0.365758,0.468508,0.003170,1,
id0071,id0303,crop,remesh,0.451734,0.432851,0.002170,1,
id0071,id0319,crop,remesh,0.393328,0.454188,0.003531,1,
id0071,id0321,crop,remesh,0.462670,0.540102,0.003730,1,
id0071,id0326,crop,remesh,0.516046,0.645886,0.002990,1,
id0071,id0328,crop,remesh,0.438303,0.464010,0.002453,1,
id0071,id0330,crop,remesh,0.350224,0.398696,0.003730,1,
id0071,id0342,crop,remesh,0.293472,0.361127,0.003579,1,
id0071,id0346,crop,remesh,0.313642,0.438240,0.004635,1,
id0071,id0363,crop,remesh,0.410181,0.535394,0.005235,1,
id0071,id0367,crop,remesh,0.338577,0.509224,0.005528,1,
id0071,id0368,crop,remesh,0.447870,0.569359,0.004424,1,
id0071,id0369,crop,remesh,0.506328,0.614631,0.003099,1,
id0071,id0372,crop,remesh,0.353867,0.489430,0.003012,1,
id0071,id0373,crop,remesh,0.493559,0.666118,0.004630,1,
id0071,id0374,crop,remesh,0.556941,0.581387,0.004651,1,
id0071,id0378,crop,remesh,0.361339,0.464913,0.003203,1,
id0071,id0381,crop,remesh,0.382528,0.592917,0.004642,1,
id0071,id0382,crop,remesh,0.312856,0.402237,0.005047,1,
id0071,id0392,crop,remesh,0.300925,0.399427,0.004644,1,
id0071,id0396,crop,remesh,0.447874,0.547157,0.006558,1,
id0071,id0398,crop,remesh,0.422379,0.552500,0.003526,1,
id0071,id0399,crop,remesh,0.455137,0.508964,0.003743,1,
id0071,id0401,crop,remesh,0.301773,0.284195,0.004212,1,
id0071,id0402,crop,remesh,0.306068,0.426127,0.004034,1,
id0071,id0404,crop,remesh,0.269247,0.422461,0.003257,1,
id0071,id0411,crop,remesh,0.339228,0.387596,0.007254,1,
id0071,id0412,crop,remesh,0.334942,0.471925,0.003492,1,
id0071,id0418,crop,remesh,0.419520,0.572460,0.003343,1,
id0071,id0421,crop,remesh,0.371255,0.469502,0.004559,1,
id0071,id0422,crop,remesh,0.332387,0.461608,0.003777,1,
id0071,id0431,crop,remesh,0.380381,0.497659,0.002910,1,
id0071,id0437,crop,remesh,0.408987,0.565285,0.002712,1,
id0071,id0441,crop,remesh,0.295547,0.348068,0.003028,1,
id0071,id0447,crop,remesh,0.612899,0.659674,0.003817,1,
id0071,id0460,crop,remesh,0.339201,0.519968,0.004083,1,
id0071,id0462,crop,remesh,0.485067,0.563853,0.003319,1,
id0071,id0465,crop,remesh,0.321046,0.328167,0.003182,1,
id0071,id0466,crop,remesh,0.552442,0.619774,0.004037,1,
id0071,id0468,crop,remesh,0.332194,0.456093,0.008095,1,
id0071,id0470,crop,remesh,0.286733,0.397845,0.003350,1,
id0071,id0476,crop,remesh,0.541665,0.640594,0.004551,1,
id0071,id0486,crop,remesh,0.475565,0.542073,0.005358,1,
id0071,id0491,crop,remesh,0.411589,0.546306,0.003980,1,
id0071,id0498,crop,remesh,0.366499,0.536184,0.005054,1,
id0072,id0075,crop,remesh,0.301250,0.328112,0.011554,1,
id0072,id0080,crop,remesh,0.302650,0.488681,0.013572,1,
id0072,id0081,crop,remesh,0.270803,0.494758,0.007269,1,
id0072,id0086,crop,remesh,0.237997,0.300850,0.007174,1,
id0072,id0088,crop,remesh,0.313431,0.345782,0.007851,1,
id0072,id0097,crop,remesh,0.320510,0.316787,0.009293,1,
id0072,id0100,crop,remesh,0.238635,0.276897,0.008579,1,
id0072,id0106,crop,remesh,0.262689,0.419905,0.011151,1,
id0072,id0107,crop,remesh,0.400233,0.415148,0.005647,1,
id0072,id0110,crop,remesh,0.273224,0.322774,0.009357,1,
id0072,id0113,crop,remesh,0.180049,0.345587,0.009968,1,
id0072,id0115,crop,remesh,0.257836,0.368728,0.011444,1,
id0072,id0130,crop,remesh,0.359615,0.476818,0.011641,1,
id0072,id0132,crop,remesh,0.303943,0.340309,0.009649,1,
id0072,id0136,crop,remesh,0.297459,0.404698,0.009027,1,
id0072,id0153,crop,remesh,0.320904,0.368561,0.005676,1,
id0072,id0161,crop,remesh,0.268716,0.283318,0.009372,1,
id0072,id0169,crop,remesh,0.249544,0.266934,0.010542,1,
id0072,id0182,crop,remesh,0.340612,0.393911,0.007749,1,
id0072,id0183,crop,remesh,0.483623,0.505959,0.005840,1,
id0072,id0186,crop,remesh,0.186488,0.273679,0.011090,1,
id0072,id0197,crop,remesh,0.316954,0.359417,0.007611,1,
id0072,id0199,crop,remesh,0.344705,0.426328,0.005089,1,
id0072,id0206,crop,remesh,0.401810,0.527185,0.014231,1,
id0072,id0207,crop,remesh,0.255162,0.394736,0.010383,1,
id0072,id0208,crop,remesh,0.301914,0.392116,0.006595,1,
id0072,id0212,crop,remesh,0.442645,0.359101,0.012367,1,
id0072,id0220,crop,remesh,0.300834,0.334885,0.009290,1,
id0072,id0222,crop,remesh,0.257251,0.316629,0.006000,1,
id0072,id0224,crop,remesh,0.255420,0.338451,0.009497,1,
id0072,id0233,crop,remesh,0.422378,0.376727,0.007837,1,
id0072,id0239,crop,remesh,0.320836,0.411003,0.016574,1,
id0072,id0242,crop,remesh,0.336495,0.316082,0.009347,1,
id0072,id0246,crop,remesh,0.274838,0.401985,0.014011,1,
id0072,id0258,crop,remesh,0.247336,0.268836,0.008647,1,
id0072,id0273,crop,remesh,0.275753,0.332780,0.009488,1,
id0072,id0275,crop,remesh,0.320075,0.403291,0.008950,1,
id0072,id0285,crop,remesh,0.270181,0.349161,0.007705,1,
id0072,id0290,crop,remesh,0.368654,0.439299,0.005259,1,
id0072,id0296,crop,remesh,0.296680,0.380322,0.007014,1,
id0072,id0299,crop,remesh,0.229323,0.333816,0.006344,1,
id0072,id0303,crop,remesh,0.348259,0.354232,0.005633,1,
id0072,id0319,crop,remesh,0.333780,0.411878,0.010133,1,
id0072,id0321,crop,remesh,0.344545,0.402325,0.005250,1,
id0072,id0326,crop,remesh,0.350768,0.398524,0.005375,1,
id0072,id0328,crop,remesh,0.289243,0.278080,0.006752,1,
id0072,id0330,crop,remesh,0.281095,0.375111,0.010705,1,
id0072,id0342,crop,remesh,0.231432,0.309986,0.010749,1,
id0072,id0346,crop,remesh,0.230351,0.326296,0.010747,1,
id0072,id0363,crop,remesh,0.332678,0.442615,0.012263,1,
id0072,id0367,crop,remesh,0.275464,0.321875,0.013313,1,
id0072,id0368,crop,remesh,0.310890,0.350815,0.007764,1,
id0072,id0369,crop,remesh,0.317430,0.385633,0.005101,1,
id0072,id0372,crop,remesh,0.273376,0.248751,0.007884,1,
id0072,id0373,crop,remesh,0.346549,0.443218,0.006869,1,
id0072,id0374,crop,remesh,0.491988,0.527029,0.009396,1,
id0072,id0378,crop,remesh,0.306027,0.341337,0.008102,1,
id0072,id0381,crop,remesh,0.279127,0.359464,0.008727,1,
id0072,id0382,crop,remesh,0.253523,0.375506,0.013978,1,
id0072,id0392,crop,remesh,0.287126,0.297507,0.012650,1,
id0072,id0396,crop,remesh,0.299279,0.387818,0.014537,1,
id0072,id0398,crop,remesh,0.298384,0.435902,0.008969,1,
id0072,id0399,crop,remesh,0.334676,0.399582,0.008883,1,
id0072,id0401,crop,remesh,0.281715,0.303642,0.013493,1,
id0072,id0402,crop,remesh,0.223799,0.310737,0.010252,1,
id0072,id0404,crop,remesh,0.192989,0.355207,0.008518,1,
id0072,id0411,crop,remesh,0.307388,0.494392,0.018878,1,
id0072,id0412,crop,remesh,0.220919,0.271089,0.010223,1,
id0072,id0418,crop,remesh,0.318555,0.353957,0.008613,1,
id0072,id0421,crop,remesh,0.335991,0.363446,0.011013,1,
id0072,id0422,crop,remesh,0.201018,0.308931,0.008893,1,
id0072,id0431,crop,remesh,0.265938,0.362615,0.008858,1,
id0072,id0437,crop,remesh,0.376856,0.433159,0.007752,1,
id0072,id0441,crop,remesh,0.249848,0.316784,0.009614,1,
id0072,id0447,crop,remesh,0.455458,0.459989,0.004334,1,
id0072,id0460,crop,remesh,0.252464,0.369742,0.009203,1,
id0072,id0462,crop,remesh,0.280116,0.350129,0.006805,1,
id0072,id0465,crop,remesh,0.269449,0.307141,0.009956,1,
id0072,id0466,crop,remesh,0.373600,0.409594,0.003962,1,
id0072,id0468,crop,remesh,0.309370,0.472194,0.019914,1,
id0072,id0470,crop,remesh,0.203177,0.306028,0.009319,1,
id0072,id0476,crop,remesh,0.370286,0.392668,0.005516,1,
id0072,id0486,crop,remesh,0.346347,0.463043,0.011229,1,
id0072,id0491,crop,remesh,0.338837,0.375425,0.007939,1,
id0072,id0498,crop,remesh,0.361038,0.473550,0.011039,1,
id0075,id0080,crop,remesh,0.334963,0.437253,0.005166,1,
id0075,id0081,crop,remesh,0.297685,0.437280,0.003205,1,
id0075,id0086,crop,remesh,0.304356,0.329405,0.002087,1,
id0075,id0088,crop,remesh,0.363789,0.308171,0.002837,1,
id0075,id0097,crop,remesh,0.335417,0.314783,0.003174,1,
id0075,id0100,crop,remesh,0.249633,0.329524,0.002902,1,
id0075,id0106,crop,remesh,0.384503,0.413855,0.004149,1,
id0075,id0107,crop,remesh,0.467453,0.410439,0.002207,1,
id0075,id0110,crop,remesh,0.263129,0.315791,0.003118,1,
id0075,id0113,crop,remesh,0.331437,0.366031,0.003513,1,
id0075,id0115,crop,remesh,0.327756,0.390341,0.004149,1,
id0075,id0130,crop,remesh,0.338867,0.403550,0.004594,1,
id0075,id0132,crop,remesh,0.277262,0.301475,0.003271,1,
id0075,id0136,crop,remesh,0.393503,0.377765,0.003512,1,
id0075,id0153,crop,remesh,0.364686,0.336716,0.002289,1,
id0075,id0161,crop,remesh,0.273351,0.347067,0.002720,1,
id0075,id0169,crop,remesh,0.360506,0.327348,0.003753,1,
id0075,id0182,crop,remesh,0.306150,0.405709,0.003180,1,
id0075,id0183,crop,remesh,0.541693,0.551773,0.002631,1,
id0075,id0186,crop,remesh,0.311701,0.335463,0.004095,1,
id0075,id0197,crop,remesh,0.341163,0.390543,0.002585,1,
id0075,id0199,crop,remesh,0.453849,0.543827,0.002055,1,
id0075,id0206,crop,remesh,0.346340,0.500667,0.006009,1,
id0075,id0207,crop,remesh,0.210720,0.285745,0.003545,1,
id0075,id0208,crop,remesh,0.302297,0.370880,0.002882,1,
id0075,id0212,crop,remesh,0.493156,0.430394,0.004990,1,
id0075,id0220,crop,remesh,0.360321,0.253660,0.003338,1,
id0075,id0222,crop,remesh,0.313656,0.321636,0.002121,1,
id0075,id0224,crop,remesh,0.229409,0.369234,0.003616,1,
id0075,id0233,crop,remesh,0.402412,0.352802,0.002774,1,
id0075,id0239,crop,remesh,0.339471,0.467006,0.007085,1,
id0075,id0242,crop,remesh,0.303741,0.310315,0.002915,1,
id0075,id0246,crop,remesh,0.266679,0.332755,0.005638,1,
id0075,id0258,crop,remesh,0.253725,0.210741,0.002465,1,
id0075,id0273,crop,remesh,0.292203,0.287729,0.003689,1,
id0075,id0275,crop,remesh,0.368479,0.379266,0.003693,1,
id0075,id0285,crop,remesh,0.346117,0.396647,0.002311,1,
id0075,id0290,crop,remesh,0.387021,0.441876,0.002453,1,
id0075,id0296,crop,remesh,0.394207,0.377490,0.002261,1,
id0075,id0299,crop,remesh,0.316631,0.325489,0.002551,1,
id0075,id0303,crop,remesh,0.378194,0.389406,0.002511,1,
id0075,id0319,crop,remesh,0.426035,0.420238,0.004399,1,
id0075,id0321,crop,remesh,0.335721,0.361672,0.002258,1,
id0075,id0326,crop,remesh,0.460176,0.507049,0.001892,1,
id0075,id0328,crop,remesh,0.365089,0.363999,0.001952,1,
id0075,id0330,crop,remesh,0.336840,0.359429,0.004718,1,
id0075,id0342,crop,remesh,0.321437,0.348951,0.004688,1,
id0075,id0346,crop,remesh,0.255099,0.323063,0.003690,1,
id0075,id0363,crop,remesh,0.367795,0.435528,0.005129,1,
id0075,id0367,crop,remesh,0.313323,0.403824,0.005573,1,
id0075,id0368,crop,remesh,0.363803,0.391601,0.003209,1,
id0075,id0369,crop,remesh,0.416192,0.465249,0.001827,1,
id0075,id0372,crop,remesh,0.380564,0.386410,0.002871,1,
id0075,id0373,crop,remesh,0.344668,0.428750,0.002807,1,
id0075,id0374,crop,remesh,0.480092,0.425642,0.003629,1,
id0075,id0378,crop,remesh,0.270529,0.347506,0.003161,1,
id0075,id0381,crop,remesh,0.308351,0.385987,0.003403,1,
id0075,id0382,crop,remesh,0.335217,0.320178,0.005038,1,
id0075,id0392,crop,remesh,0.183623,0.247537,0.004493,1,
id0075,id0396,crop,remesh,0.371618,0.389728,0.006022,1,
id0075,id0398,crop,remesh,0.415584,0.491114,0.003541,1,
id0075,id0399,crop,remesh,0.358976,0.362524,0.003170,1,
id0075,id0401,crop,remesh,0.335479,0.320155,0.005528,1,
id0075,id0402,crop,remesh,0.251347,0.269964,0.003379,1,
id0075,id0404,crop,remesh,0.289356,0.316508,0.003386,1,
id0075,id0411,crop,remesh,0.347716,0.408076,0.008802,1,
id0075,id0412,crop,remesh,0.328764,0.343347,0.003367,1,
id0075,id0418,crop,remesh,0.332899,0.437582,0.002838,1,
id0075,id0421,crop,remesh,0.289675,0.325620,0.003863,1,
id0075,id0422,crop,remesh,0.280032,0.300729,0.003236,1,
id0075,id0431,crop,remesh,0.383993,0.443434,0.003267,1,
id0075,id0437,crop,remesh,0.367364,0.536091,0.003208,1,
id0075,id0441,crop,remesh,0.288904,0.320794,0.003959,1,
id0075,id0447,crop,remesh,0.525410,0.531351,0.002477,1,
id0075,id0460,crop,remesh,0.268134,0.368732,0.003431,1,
id0075,id0462,crop,remesh,0.402074,0.379960,0.002020,1,
id0075,id0465,crop,remesh,0.311816,0.266868,0.003451,1,
id0075,id0466,crop,remesh,0.477472,0.451292,0.002479,1,
id0075,id0468,crop,remesh,0.383989,0.470784,0.009140,1,
id0075,id0470,crop,remesh,0.326257,0.343749,0.003778,1,
id0075,id0476,crop,remesh,0.409485,0.423662,0.002387,1,
id0075,id0486,crop,remesh,0.356759,0.309764,0.003749,1,
id0075,id0491,crop,remesh,0.316167,0.405942,0.003388,1,
id0075,id0498,crop,remesh,0.291075,0.377559,0.004083,1,
id0080,id0081,crop,remesh,0.283818,0.477533,0.002518,1,
id0080,id0086,crop,remesh,0.322211,0.421516,0.002337,1,
id0080,id0088,crop,remesh,0.368613,0.378105,0.002303,1,
id0080,id0097,crop,remesh,0.410462,0.470923,0.003784,1,
id0080,id0100,crop,remesh,0.321134,0.442826,0.003003,1,
id0080,id0106,crop,remesh,0.275705,0.353606,0.003382,1,
id0080,id0107,crop,remesh,0.536213,0.605428,0.002925,1,
id0080,id0110,crop,remesh,0.363907,0.480955,0.003370,1,
id0080,id0113,crop,remesh,0.269432,0.395081,0.003284,1,
id0080,id0115,crop,remesh,0.277375,0.388755,0.003755,1,
id0080,id0130,crop,remesh,0.356579,0.404554,0.004964,1,
id0080,id0132,crop,remesh,0.326902,0.385204,0.003308,1,
id0080,id0136,crop,remesh,0.295856,0.315945,0.002944,1,
id0080,id0153,crop,remesh,0.448172,0.533346,0.002528,1,
id0080,id0161,crop,remesh,0.352598,0.498548,0.003155,1,
id0080,id0169,crop,remesh,0.359346,0.408235,0.003658,1,
id0080,id0182,crop,remesh,0.414397,0.582222,0.003586,1,
id0080,id0183,crop,remesh,0.569783,0.632633,0.002564,1,
id0080,id0186,crop,remesh,0.351603,0.437626,0.003882,1,
id0080,id0197,crop,remesh,0.420985,0.479801,0.002413,1,
id0080,id0199,crop,remesh,0.492498,0.648052,0.002008,1,
id0080,id0206,crop,remesh,0.250034,0.461117,0.004768,1,
id0080,id0207,crop,remesh,0.281195,0.338329,0.003221,1,
id0080,id0208,crop,remesh,0.364800,0.481293,0.002851,1,
id0080,id0212,crop,remesh,0.524046,0.529585,0.005133,1,
id0080,id0220,crop,remesh,0.395703,0.384590,0.003260,1,
id0080,id0222,crop,remesh,0.363671,0.402051,0.001897,1,
id0080,id0224,crop,remesh,0.372497,0.538076,0.003145,1,
id0080,id0233,crop,remesh,0.490630,0.514796,0.003152,1,
id0080,id0239,crop,remesh,0.362106,0.562737,0.006748,1,
id0080,id0242,crop,remesh,0.399422,0.429111,0.003000,1,
id0080,id0246,crop,remesh,0.306441,0.388935,0.005587,1,
id0080,id0258,crop,remesh,0.374368,0.433496,0.002790,1,
id0080,id0273,crop,remesh,0.394407,0.503206,0.003847,1,
id0080,id0275,crop,remesh,0.394518,0.438423,0.003805,1,
id0080,id0285,crop,remesh,0.335812,0.382074,0.002011,1,
id0080,id0290,crop,remesh,0.514586,0.646744,0.002586,1,
id0080,id0296,crop,remesh,0.417373,0.444603,0.002397,1,
id0080,id0299,crop,remesh,0.324415,0.399528,0.002401,1,
id0080,id0303,crop,remesh,0.435671,0.502602,0.002963,1,
id0080,id0319,crop,remesh,0.384992,0.426906,0.004703,1,
id0080,id0321,crop,remesh,0.469397,0.542525,0.002724,1,
id0080,id0326,crop,remesh,0.400483,0.480925,0.001428,1,
id0080,id0328,crop,remesh,0.467895,0.568217,0.002668,1,
id0080,id0330,crop,remesh,0.415730,0.519518,0.004757,1,
id0080,id0342,crop,remesh,0.363681,0.455318,0.004519,1,
id0080,id0346,crop,remesh,0.255792,0.416740,0.003009,1,
id0080,id0363,crop,remesh,0.280988,0.407097,0.004483,1,
id0080,id0367,crop,remesh,0.331434,0.462276,0.004922,1,
id0080,id0368,crop,remesh,0.374746,0.441124,0.002849,1,
id0080,id0369,crop,remesh,0.463408,0.612102,0.002205,1,
id0080,id0372,crop,remesh,0.390657,0.515514,0.002951,1,
id0080,id0373,crop,remesh,0.453446,0.582063,0.002574,1,
id0080,id0374,crop,remesh,0.581292,0.629837,0.004225,1,
id0080,id0378,crop,remesh,0.357343,0.525636,0.003747,1,
id0080,id0381,crop,remesh,0.334422,0.403458,0.002937,1,
id0080,id0382,crop,remesh,0.285879,0.291111,0.005183,1,
id0080,id0392,crop,remesh,0.347689,0.419505,0.004436,1,
id0080,id0396,crop,remesh,0.360395,0.420909,0.005594,1,
id0080,id0398,crop,remesh,0.381935,0.522017,0.003110,1,
id0080,id0399,crop,remesh,0.428889,0.490600,0.003877,1,
id0080,id0401,crop,remesh,0.428164,0.527850,0.005903,1,
id0080,id0402,crop,remesh,0.251132,0.321778,0.003265,1,
id0080,id0404,crop,remesh,0.270235,0.334299,0.002980,1,
id0080,id0411,crop,remesh,0.353807,0.440864,0.008791,1,
id0080,id0412,crop,remesh,0.302912,0.397478,0.003681,1,
id0080,id0418,crop,remesh,0.345148,0.519856,0.002434,1,
id0080,id0421,crop,remesh,0.302001,0.364344,0.003833,1,
id0080,id0422,crop,remesh,0.271662,0.398085,0.002783,1,
id0080,id0431,crop,remesh,0.360176,0.465423,0.003204,1,
id0080,id0437,crop,remesh,0.518463,0.759001,0.004252,1,
id0080,id0441,crop,remesh,0.358940,0.451867,0.004081,1,
id0080,id0447,crop,remesh,0.573417,0.625444,0.003284,1,
id0080,id0460,crop,remesh,0.272658,0.437530,0.003321,1,
id0080,id0462,crop,remesh,0.349238,0.333127,0.001664,1,
id0080,id0465,crop,remesh,0.379385,0.401329,0.003275,1,
id0080,id0466,crop,remesh,0.481378,0.526565,0.002509,1,
id0080,id0468,crop,remesh,0.254366,0.454090,0.008789,1,
id0080,id0470,crop,remesh,0.327850,0.456113,0.003278,1,
id0080,id0476,crop,remesh,0.460014,0.528310,0.002553,1,
id0080,id0486,crop,remesh,0.384891,0.326019,0.003492,1,
id0080,id0491,crop,remesh,0.439780,0.590263,0.003758,1,
id0080,id0498,crop,remesh,0.382857,0.512006,0.004257,1,
id0081,id0086,crop,remesh,0.324369,0.497660,0.009846,1,
id0081,id0088,crop,remesh,0.338483,0.380521,0.010113,1,
id0081,id0097,crop,remesh,0.353380,0.412213,0.012313,1,
id0081,id0100,crop,remesh,0.309479,0.512418,0.011745,1,
id0081,id0106,crop,remesh,0.343619,0.529581,0.014397,1,
id0081,id0107,crop,remesh,0.440360,0.456190,0.007098,1,
id0081,id0110,crop,remesh,0.298228,0.400879,0.012390,1,
id0081,id0113,crop,remesh,0.293940,0.497210,0.013493,1,
id0081,id0115,crop,remesh,0.264713,0.421335,0.013423,1,
id0081,id0130,crop,remesh,0.290334,0.335688,0.013206,1,
id0081,id0132,crop,remesh,0.285635,0.330306,0.011601,1,
id0081,id0136,crop,remesh,0.302477,0.427731,0.011402,1,
id0081,id0153,crop,remesh,0.327423,0.350947,0.006971,1,
id0081,id0161,crop,remesh,0.299325,0.480176,0.011987,1,
id0081,id0169,crop,remesh,0.333362,0.508340,0.014979,1,
id0081,id0182,crop,remesh,0.326451,0.465973,0.009648,1,
id0081,id0183,crop,remesh,0.535670,0.586528,0.006275,1,
id0081,id0186,crop,remesh,0.315701,0.490971,0.014714,1,
id0081,id0197,crop,remesh,0.322657,0.441265,0.008982,1,
id0081,id0199,crop,remesh,0.445981,0.645314,0.007212,1,
id0081,id0206,crop,remesh,0.369567,0.607659,0.017525,1,
id0081,id0207,crop,remesh,0.233094,0.340813,0.013157,1,
id0081,id0208,crop,remesh,0.254947,0.334686,0.007877,1,
id0081,id0212,crop,remesh,0.478482,0.563755,0.016248,1,
id0081,id0220,crop,remesh,0.307930,0.316791,0.011975,1,
id0081,id0222,crop,remesh,0.247637,0.348520,0.007975,1,
id0081,id0224,crop,remesh,0.271509,0.519614,0.012668,1,
id0081,id0233,crop,remesh,0.427333,0.385479,0.009811,1,
id0081,id0239,crop,remesh,0.389604,0.678716,0.021250,1,
id0081,id0242,crop,remesh,0.373414,0.409203,0.012296,1,
id0081,id0246,crop,remesh,0.272182,0.401650,0.017408,1,
id0081,id0258,crop,remesh,0.285741,0.378528,0.011935,1,
id0081,id0273,crop,remesh,0.308959,0.411699,0.012523,1,
id0081,id0275,crop,remesh,0.302897,0.343681,0.010790,1,
id0081,id0285,crop,remesh,0.349481,0.485474,0.009981,1,
id0081,id0290,crop,remesh,0.360288,0.482503,0.006229,1,
id0081,id0296,crop,remesh,0.336042,0.374524,0.009215,1,
id0081,id0299,crop,remesh,0.234102,0.332931,0.008378,1,
id0081,id0303,crop,remesh,0.398004,0.483302,0.008899,1,
id0081,id0319,crop,remesh,0.354215,0.499441,0.013381,1,
id0081,id0321,crop,remesh,0.337397,0.400328,0.007083,1,
id0081,id0326,crop,remesh,0.409518,0.577989,0.007461,1,
id0081,id0328,crop,remesh,0.414563,0.515003,0.009803,1,
id0081,id0330,crop,remesh,0.341439,0.509029,0.015119,1,
id0081,id0342,crop,remesh,0.342135,0.509565,0.014697,1,
id0081,id0346,crop,remesh,0.244040,0.461433,0.013299,1,
id0081,id0363,crop,remesh,0.323421,0.472221,0.014981,1,
id0081,id0367,crop,remesh,0.326883,0.518586,0.017244,1,
id0081,id0368,crop,remesh,0.301946,0.446180,0.009452,1,
id0081,id0369,crop,remesh,0.399981,0.549262,0.006764,1,
id0081,id0372,crop,remesh,0.326123,0.523388,0.010857,1,
id0081,id0373,crop,remesh,0.340778,0.443453,0.008047,1,
id0081,id0374,crop,remesh,0.419124,0.401305,0.010983,1,
id0081,id0378,crop,remesh,0.320400,0.455781,0.011214,1,
id0081,id0381,crop,remesh,0.254639,0.427229,0.010443,1,
id0081,id0382,crop,remesh,0.303124,0.404122,0.017359,1,
id0081,id0392,crop,remesh,0.307831,0.410147,0.015880,1,
id0081,id0396,crop,remesh,0.327405,0.535653,0.016951,1,
id0081,id0398,crop,remesh,0.420387,0.644482,0.012666,1,
id0081,id0399,crop,remesh,0.367654,0.397543,0.011304,1,
id0081,id0401,crop,remesh,0.381771,0.514610,0.018810,1,
id0081,id0402,crop,remesh,0.211158,0.375141,0.012676,1,
id0081,id0404,crop,remesh,0.232627,0.425676,0.011659,1,
id0081,id0411,crop,remesh,0.333534,0.481505,0.023226,1,
id0081,id0412,crop,remesh,0.304638,0.506838,0.013848,1,
id0081,id0418,crop,remesh,0.325062,0.551295,0.011973,1,
id0081,id0421,crop,remesh,0.288342,0.341340,0.012980,1,
id0081,id0422,crop,remesh,0.251628,0.422492,0.011719,1,
id0081,id0431,crop,remesh,0.386974,0.587835,0.012397,1,
id0081,id0437,crop,remesh,0.463113,0.670345,0.011019,1,
id0081,id0441,crop,remesh,0.303814,0.433576,0.013629,1,
id0081,id0447,crop,remesh,0.525578,0.587636,0.005721,1,
id0081,id0460,crop,remesh,0.208216,0.415389,0.011057,1,
id0081,id0462,crop,remesh,0.351188,0.444024,0.008517,1,
id0081,id0465,crop,remesh,0.311579,0.390505,0.013803,1,
id0081,id0466,crop,remesh,0.420813,0.454274,0.004885,1,
id0081,id0468,crop,remesh,0.378969,0.622633,0.024742,1,
id0081,id0470,crop,remesh,0.298456,0.528238,0.013044,1,
id0081,id0476,crop,remesh,0.382502,0.440644,0.006759,1,
id0081,id0486,crop,remesh,0.318838,0.241623,0.012610,1,
id0081,id0491,crop,remesh,0.326247,0.460105,0.009700,1,
id0081,id0498,crop,remesh,0.269818,0.340548,0.013187,1,
id0086,id0088,crop,remesh,0.272251,0.336390,0.006979,1,
id0086,id0097,crop,remesh,0.332701,0.411983,0.008911,1,
id0086,id0100,crop,remesh,0.205849,0.284044,0.007425,1,
id0086,id0106,crop,remesh,0.304441,0.360931,0.009929,1,
id0086,id0107,crop,remesh,0.399834,0.485094,0.005219,1,
id0086,id0110,crop,remesh,0.303053,0.423490,0.009034,1,
id0086,id0113,crop,remesh,0.234272,0.349987,0.009111,1,
id0086,id0115,crop,remesh,0.256873,0.403206,0.010777,1,
id0086,id0130,crop,remesh,0.382891,0.530348,0.010811,1,
id0086,id0132,crop,remesh,0.283176,0.382250,0.008735,1,
id0086,id0136,crop,remesh,0.309308,0.415293,0.008451,1,
id0086,id0153,crop,remesh,0.327040,0.461633,0.005905,1,
id0086,id0161,crop,remesh,0.243024,0.341066,0.008674,1,
id0086,id0169,crop,remesh,0.330568,0.314671,0.009961,1,
id0086,id0182,crop,remesh,0.335079,0.511128,0.008165,1,
id0086,id0183,crop,remesh,0.395568,0.465413,0.004493,1,
id0086,id0186,crop,remesh,0.221086,0.330829,0.010429,1,
id0086,id0197,crop,remesh,0.294717,0.373783,0.006781,1,
id0086,id0199,crop,remesh,0.328423,0.452024,0.004721,1,
id0086,id0206,crop,remesh,0.394075,0.486265,0.012392,1,
id0086,id0207,crop,remesh,0.269765,0.430615,0.009646,1,
id0086,id0208,crop,remesh,0.306862,0.482449,0.006593,1,
id0086,id0212,crop,remesh,0.477018,0.436247,0.011605,1,
id0086,id0220,crop,remesh,0.355076,0.401519,0.008885,1,
id0086,id0222,crop,remesh,0.306083,0.350536,0.005480,1,
id0086,id0224,crop,remesh,0.305513,0.402229,0.009052,1,
id0086,id0233,crop,remesh,0.381312,0.443295,0.007131,1,
id0086,id0239,crop,remesh,0.386874,0.440838,0.015782,1,
id0086,id0242,crop,remesh,0.316727,0.357557,0.009049,1,
id0086,id0246,crop,remesh,0.357459,0.480782,0.013571,1,
id0086,id0258,crop,remesh,0.300470,0.335462,0.008111,1,
id0086,id0273,crop,remesh,0.323432,0.432367,0.009329,1,
id0086,id0275,crop,remesh,0.367614,0.499316,0.008934,1,
id0086,id0285,crop,remesh,0.249928,0.332185,0.007095,1,
id0086,id0290,crop,remesh,0.376762,0.500557,0.005083,1,
id0086,id0296,crop,remesh,0.339997,0.452417,0.006486,1,
id0086,id0299,crop,remesh,0.276756,0.407196,0.006426,1,
id0086,id0303,crop,remesh,0.323360,0.443589,0.005559,1,
id0086,id0319,crop,remesh,0.389267,0.483948,0.010111,1,
id0086,id0321,crop,remesh,0.295628,0.445555,0.004392,1,
id0086,id0326,crop,remesh,0.315880,0.378555,0.004639,1,
id0086,id0328,crop,remesh,0.295786,0.371557,0.006317,1,
id0086,id0330,crop,remesh,0.374697,0.480078,0.011143,1,
id0086,id0342,crop,remesh,0.318531,0.406066,0.010977,1,
id0086,id0346,crop,remesh,0.277882,0.357999,0.009850,1,
id0086,id0363,crop,remesh,0.348632,0.500711,0.011865,1,
id0086,id0367,crop,remesh,0.312798,0.398906,0.013080,1,
id0086,id0368,crop,remesh,0.302746,0.388443,0.007314,1,
id0086,id0369,crop,remesh,0.306923,0.414118,0.004657,1,
id0086,id0372,crop,remesh,0.316050,0.341505,0.007216,1,
id0086,id0373,crop,remesh,0.301413,0.480449,0.006491,1,
id0086,id0374,crop,remesh,0.525183,0.622249,0.009490,1,
id0086,id0378,crop,remesh,0.308265,0.438505,0.008052,1,
id0086,id0381,crop,remesh,0.283800,0.381556,0.007907,1,
id0086,id0382,crop,remesh,0.298095,0.360604,0.012594,1,
id0086,id0392,crop,remesh,0.300506,0.336198,0.011840,1,
id0086,id0396,crop,remesh,0.276655,0.364768,0.013090,1,
id0086,id0398,crop,remesh,0.274494,0.367509,0.007471,1,
id0086,id0399,crop,remesh,0.334159,0.475245,0.008436,1,
id0086,id0401,crop,remesh,0.387359,0.441307,0.013528,1,
id0086,id0402,crop,remesh,0.256312,0.321040,0.009396,1,
id0086,id0404,crop,remesh,0.269727,0.380109,0.008149,1,
id0086,id0411,crop,remesh,0.384383,0.561459,0.018509,1,
id0086,id0412,crop,remesh,0.218952,0.244631,0.009020,1,
id0086,id0418,crop,remesh,0.288993,0.379824,0.007667,1,
id0086,id0421,crop,remesh,0.328472,0.415467,0.010516,1,
id0086,id0422,crop,remesh,0.245862,0.364431,0.008678,1,
id0086,id0431,crop,remesh,0.262096,0.339147,0.007800,1,
id0086,id0437,crop,remesh,0.398099,0.571138,0.008183,1,
id0086,id0441,crop,remesh,0.333551,0.444767,0.010019,1,
id0086,id0447,crop,remesh,0.401511,0.489450,0.003960,1,
id0086,id0460,crop,remesh,0.290399,0.446245,0.009117,1,
id0086,id0462,crop,remesh,0.249012,0.290317,0.005747,1,
id0086,id0465,crop,remesh,0.350479,0.404635,0.009525,1,
id0086,id0466,crop,remesh,0.368738,0.469883,0.004423,1,
id0086,id0468,crop,remesh,0.326199,0.453633,0.018341,1,
id0086,id0470,crop,remesh,0.273130,0.315965,0.008565,1,
id0086,id0476,crop,remesh,0.324466,0.443304,0.005328,1,
id0086,id0486,crop,remesh,0.334099,0.437734,0.009924,1,
id0086,id0491,crop,remesh,0.350487,0.497913,0.008153,1,
id0086,id0498,crop,remesh,0.418799,0.553875,0.010768,1,
id0088,id0097,crop,remesh,0.313715,0.457239,0.014380,1,
id0088,id0100,crop,remesh,0.320630,0.443445,0.012961,1,
id0088,id0106,crop,remesh,0.309543,0.455254,0.014536,1,
id0088,id0107,crop,remesh,0.346096,0.462402,0.008840,1,
id0088,id0110,crop,remesh,0.333394,0.439751,0.013322,1,
id0088,id0113,crop,remesh,0.327737,0.488777,0.014834,1,
id0088,id0115,crop,remesh,0.319261,0.457411,0.015335,1,
id0088,id0130,crop,remesh,0.342216,0.449105,0.014713,1,
id0088,id0132,crop,remesh,0.298632,0.407217,0.013432,1,
id0088,id0136,crop,remesh,0.336056,0.468775,0.013000,1,
id0088,id0153,crop,remesh,0.242546,0.380760,0.008065,1,
id0088,id0161,crop,remesh,0.268306,0.419803,0.012948,1,
id0088,id0169,crop,remesh,0.340395,0.445098,0.015723,1,
id0088,id0182,crop,remesh,0.328026,0.495780,0.010921,1,
id0088,id0183,crop,remesh,0.301683,0.438173,0.006257,1,
id0088,id0186,crop,remesh,0.245523,0.407338,0.015481,1,
id0088,id0197,crop,remesh,0.254720,0.349274,0.009727,1,
id0088,id0199,crop,remesh,0.310757,0.512909,0.007632,1,
id0088,id0206,crop,remesh,0.467895,0.575203,0.017667,1,
id0088,id0207,crop,remesh,0.289745,0.340520,0.013431,1,
id0088,id0208,crop,remesh,0.260748,0.384268,0.008732,1,
id0088,id0212,crop,remesh,0.448802,0.537639,0.017227,1,
id0088,id0220,crop,remesh,0.321899,0.382950,0.013728,1,
id0088,id0222,crop,remesh,0.279664,0.307643,0.008293,1,
id0088,id0224,crop,remesh,0.351310,0.450987,0.013561,1,
id0088,id0233,crop,remesh,0.314036,0.389630,0.010809,1,
id0088,id0239,crop,remesh,0.499442,0.597647,0.022451,1,
id0088,id0242,crop,remesh,0.260729,0.324865,0.012198,1,
id0088,id0246,crop,remesh,0.426239,0.494569,0.019298,1,
id0088,id0258,crop,remesh,0.300349,0.360990,0.012948,1,
id0088,id0273,crop,remesh,0.289780,0.433287,0.014170,1,
id0088,id0275,crop,remesh,0.311973,0.423673,0.012203,1,
id0088,id0285,crop,remesh,0.283799,0.423372,0.011010,1,
id0088,id0290,crop,remesh,0.361395,0.460012,0.007339,1,
id0088,id0296,crop,remesh,0.291721,0.400304,0.010050,1,
id0088,id0299,crop,remesh,0.284275,0.403779,0.009927,1,
id0088,id0303,crop,remesh,0.345088,0.506890,0.010506,1,
id0088,id0319,crop,remesh,0.423981,0.547236,0.015319,1,
id0088,id0321,crop,remesh,0.280251,0.389913,0.007218,1,
id0088,id0326,crop,remesh,0.352044,0.477335,0.008550,1,
id0088,id0328,crop,remesh,0.301408,0.447208,0.010398,1,
id0088,id0330,crop,remesh,0.386507,0.523558,0.016422,1,
id0088,id0342,crop,remesh,0.337129,0.496638,0.016317,1,
id0088,id0346,crop,remesh,0.263873,0.397545,0.013571,1,
id0088,id0363,crop,remesh,0.327619,0.503236,0.016421,1,
id0088,id0367,crop,remesh,0.382524,0.453252,0.017626,1,
id0088,id0368,crop,remesh,0.264187,0.383450,0.010419,1,
id0088,id0369,crop,remesh,0.314272,0.473540,0.008058,1,
id0088,id0372,crop,remesh,0.436828,0.446045,0.012068,1,
id0088,id0373,crop,remesh,0.287901,0.394038,0.008910,1,
id0088,id0374,crop,remesh,0.422993,0.502887,0.012308,1,
id0088,id0378,crop,remesh,0.330108,0.440061,0.012223,1,
id0088,id0381,crop,remesh,0.326974,0.342145,0.011170,1,
id0088,id0382,crop,remesh,0.355614,0.449218,0.018880,1,
id0088,id0392,crop,remesh,0.289968,0.357425,0.016856,1,
id0088,id0396,crop,remesh,0.276398,0.416132,0.017842,1,
id0088,id0398,crop,remesh,0.426378,0.572611,0.013761,1,
id0088,id0399,crop,remesh,0.279928,0.413022,0.012403,1,
id0088,id0401,crop,remesh,0.363199,0.499293,0.019286,1,
id0088,id0402,crop,remesh,0.318044,0.373311,0.013778,1,
id0088,id0404,crop,remesh,0.357762,0.421370,0.012866,1,
id0088,id0411,crop,remesh,0.410292,0.604828,0.025728,1,
id0088,id0412,crop,remesh,0.319165,0.379506,0.014338,1,
id0088,id0418,crop,remesh,0.398385,0.493464,0.012519,1,
id0088,id0421,crop,remesh,0.300577,0.375686,0.014410,1,
id0088,id0422,crop,remesh,0.237594,0.380511,0.012248,1,
id0088,id0431,crop,remesh,0.352224,0.521028,0.013944,1,
id0088,id0437,crop,remesh,0.446193,0.622541,0.012718,1,
id0088,id0441,crop,remesh,0.332538,0.470858,0.014992,1,
id0088,id0447,crop,remesh,0.354652,0.537766,0.007226,1,
id0088,id0460,crop,remesh,0.269008,0.430571,0.012618,1,
id0088,id0462,crop,remesh,0.270320,0.369058,0.009512,1,
id0088,id0465,crop,remesh,0.318061,0.412550,0.014337,1,
id0088,id0466,crop,remesh,0.318715,0.461511,0.006145,1,
id0088,id0468,crop,remesh,0.434881,0.618220,0.026470,1,
id0088,id0470,crop,remesh,0.374391,0.476892,0.014077,1,
id0088,id0476,crop,remesh,0.258061,0.375442,0.007183,1,
id0088,id0486,crop,remesh,0.244070,0.325528,0.013709,1,
id0088,id0491,crop,remesh,0.328613,0.478577,0.011470,1,
id0088,id0498,crop,remesh,0.355646,0.450604,0.014119,1,
id0097,id0100,crop,remesh,0.278213,0.416360,0.006124,1,
id0097,id0106,crop,remesh,0.381397,0.609338,0.009378,1,
id0097,id0107,crop,remesh,0.229454,0.285878,0.002930,1,
id0097,id0110,crop,remesh,0.235823,0.347745,0.006298,1,
id0097,id0113,crop,remesh,0.322840,0.495267,0.007355,1,
id0097,id0115,crop,remesh,0.362106,0.504467,0.007757,1,
id0097,id0130,crop,remesh,0.288586,0.385341,0.007754,1,
id0097,id0132,crop,remesh,0.259259,0.333893,0.006143,1,
id0097,id0136,crop,remesh,0.330290,0.475561,0.007073,1,
id0097,id0153,crop,remesh,0.222926,0.349649,0.003909,1,
id0097,id0161,crop,remesh,0.276486,0.467029,0.006074,1,
id0097,id0169,crop,remesh,0.303661,0.438498,0.007746,1,
id0097,id0182,crop,remesh,0.266193,0.443444,0.005410,1,
id0097,id0183,crop,remesh,0.427913,0.605570,0.005361,1,
id0097,id0186,crop,remesh,0.288628,0.490875,0.008146,1,
id0097,id0197,crop,remesh,0.348629,0.470071,0.005910,1,
id0097,id0199,crop,remesh,0.352199,0.556677,0.004272,1,
id0097,id0206,crop,remesh,0.524703,0.677491,0.012209,1,
id0097,id0207,crop,remesh,0.354462,0.449581,0.008036,1,
id0097,id0208,crop,remesh,0.258427,0.357399,0.004717,1,
id0097,id0212,crop,remesh,0.311303,0.361106,0.007643,1,
id0097,id0220,crop,remesh,0.219661,0.294647,0.006186,1,
id0097,id0222,crop,remesh,0.304904,0.359269,0.004926,1,
id0097,id0224,crop,remesh,0.358212,0.532052,0.007874,1,
id0097,id0233,crop,remesh,0.308370,0.363856,0.005356,1,
id0097,id0239,crop,remesh,0.502170,0.655080,0.012740,1,
id0097,id0242,crop,remesh,0.331529,0.471066,0.006774,1,
id0097,id0246,crop,remesh,0.351969,0.396993,0.009463,1,
id0097,id0258,crop,remesh,0.185392,0.329486,0.005679,1,
id0097,id0273,crop,remesh,0.228109,0.335382,0.006695,1,
id0097,id0275,crop,remesh,0.249545,0.326884,0.006075,1,
id0097,id0285,crop,remesh,0.338682,0.547585,0.005678,1,
id0097,id0290,crop,remesh,0.330375,0.427520,0.003845,1,
id0097,id0296,crop,remesh,0.263915,0.333830,0.004659,1,
id0097,id0299,crop,remesh,0.244813,0.326517,0.004500,1,
id0097,id0303,crop,remesh,0.233520,0.289666,0.003554,1,
id0097,id0319,crop,remesh,0.325996,0.403443,0.006318,1,
id0097,id0321,crop,remesh,0.283868,0.284412,0.003833,1,
id0097,id0326,crop,remesh,0.383242,0.551202,0.004246,1,
id0097,id0328,crop,remesh,0.258765,0.371474,0.004074,1,
id0097,id0330,crop,remesh,0.266807,0.405840,0.008062,1,
id0097,id0342,crop,remesh,0.298020,0.420968,0.008089,1,
id0097,id0346,crop,remesh,0.337033,0.508413,0.008460,1,
id0097,id0363,crop,remesh,0.374701,0.564085,0.009322,1,
id0097,id0367,crop,remesh,0.451700,0.529708,0.010408,1,
id0097,id0368,crop,remesh,0.304724,0.435404,0.006309,1,
id0097,id0369,crop,remesh,0.285693,0.437012,0.003268,1,
id0097,id0372,crop,remesh,0.413690,0.416732,0.005293,1,
id0097,id0373,crop,remesh,0.366057,0.484442,0.005499,1,
id0097,id0374,crop,remesh,0.314573,0.346277,0.005844,1,
id0097,id0378,crop,remesh,0.287431,0.352571,0.005363,1,
id0097,id0381,crop,remesh,0.370084,0.484034,0.006857,1,
id0097,id0382,crop,remesh,0.282018,0.404755,0.009113,1,
id0097,id0392,crop,remesh,0.300510,0.421511,0.009180,1,
id0097,id0396,crop,remesh,0.398674,0.591604,0.010985,1,
id0097,id0398,crop,remesh,0.408595,0.578207,0.007124,1,
id0097,id0399,crop,remesh,0.173352,0.267621,0.005442,1,
id0097,id0401,crop,remesh,0.240483,0.353249,0.009585,1,
id0097,id0402,crop,remesh,0.306630,0.408547,0.007334,1,
id0097,id0404,crop,remesh,0.346706,0.434646,0.006891,1,
id0097,id0411,crop,remesh,0.252510,0.429445,0.013021,1,
id0097,id0412,crop,remesh,0.319052,0.436006,0.007161,1,
id0097,id0418,crop,remesh,0.419260,0.526102,0.006519,1,
id0097,id0421,crop,remesh,0.278287,0.389208,0.007201,1,
id0097,id0422,crop,remesh,0.304535,0.464784,0.007271,1,
id0097,id0431,crop,remesh,0.329341,0.470475,0.006097,1,
id0097,id0437,crop,remesh,0.342948,0.475519,0.004196,1,
id0097,id0441,crop,remesh,0.214742,0.311537,0.006776,1,
id0097,id0447,crop,remesh,0.318164,0.422660,0.002693,1,
id0097,id0460,crop,remesh,0.265560,0.483317,0.006381,1,
id0097,id0462,crop,remesh,0.316001,0.495346,0.005071,1,
id0097,id0465,crop,remesh,0.230411,0.283576,0.007005,1,
id0097,id0466,crop,remesh,0.302304,0.406364,0.003140,1,
id0097,id0468,crop,remesh,0.406387,0.594762,0.014945,1,
id0097,id0470,crop,remesh,0.368679,0.467045,0.007602,1,
id0097,id0476,crop,remesh,0.288564,0.435720,0.004580,1,
id0097,id0486,crop,remesh,0.302941,0.420700,0.007996,1,
id0097,id0491,crop,remesh,0.257850,0.421338,0.005031,1,
id0097,id0498,crop,remesh,0.277884,0.372666,0.007665,1,
id0100,id0106,crop,remesh,0.312130,0.421061,0.006175,1,
id0100,id0107,crop,remesh,0.373397,0.417684,0.002736,1,
id0100,id0110,crop,remesh,0.247765,0.400319,0.005269,1,
id0100,id0113,crop,remesh,0.218738,0.346628,0.005057,1,
id0100,id0115,crop,remesh,0.276984,0.425995,0.006434,1,
id0100,id0130,crop,remesh,0.345937,0.495005,0.006982,1,
id0100,id0132,crop,remesh,0.278497,0.362851,0.004931,1,
id0100,id0136,crop,remesh,0.294678,0.396696,0.004855,1,
id0100,id0153,crop,remesh,0.333820,0.448470,0.003628,1,
id0100,id0161,crop,remesh,0.217282,0.382398,0.004929,1,
id0100,id0169,crop,remesh,0.254919,0.289341,0.005537,1,
id0100,id0182,crop,remesh,0.281893,0.503185,0.005088,1,
id0100,id0183,crop,remesh,0.461969,0.500236,0.003662,1,
id0100,id0186,crop,remesh,0.234790,0.380251,0.006205,1,
id0100,id0197,crop,remesh,0.309088,0.407018,0.004395,1,
id0100,id0199,crop,remesh,0.325157,0.413160,0.002656,1,
id0100,id0206,crop,remesh,0.381796,0.537806,0.008135,1,
id0100,id0207,crop,remesh,0.283909,0.452435,0.005962,1,
id0100,id0208,crop,remesh,0.282223,0.463520,0.004244,1,
id0100,id0212,crop,remesh,0.384697,0.324956,0.006607,1,
id0100,id0220,crop,remesh,0.303845,0.372787,0.004937,1,
id0100,id0222,crop,remesh,0.283037,0.341904,0.003383,1,
id0100,id0224,crop,remesh,0.240644,0.446629,0.005327,1,
id0100,id0233,crop,remesh,0.396423,0.417329,0.004314,1,
id0100,id0239,crop,remesh,0.316771,0.488800,0.009903,1,
id0100,id0242,crop,remesh,0.324874,0.415752,0.005454,1,
id0100,id0246,crop,remesh,0.311059,0.460525,0.008154,1,
id0100,id0258,crop,remesh,0.251582,0.347329,0.004374,1,
id0100,id0273,crop,remesh,0.290329,0.401561,0.005315,1,
id0100,id0275,crop,remesh,0.308731,0.439405,0.005472,1,
id0100,id0285,crop,remesh,0.277587,0.392011,0.004040,1,
id0100,id0290,crop,remesh,0.358113,0.481643,0.003333,1,
id0100,id0296,crop,remesh,0.339237,0.405578,0.003767,1,
id0100,id0299,crop,remesh,0.251368,0.358832,0.003563,1,
id0100,id0303,crop,remesh,0.279486,0.332923,0.002774,1,
id0100,id0319,crop,remesh,0.311392,0.397847,0.005605,1,
id0100,id0321,crop,remesh,0.305860,0.384342,0.002718,1,
id0100,id0326,crop,remesh,0.332714,0.358711,0.002413,1,
id0100,id0328,crop,remesh,0.300063,0.332584,0.003267,1,
id0100,id0330,crop,remesh,0.280752,0.414479,0.006553,1,
id0100,id0342,crop,remesh,0.242274,0.341504,0.006221,1,
id0100,id0346,crop,remesh,0.240719,0.405649,0.006054,1,
id0100,id0363,crop,remesh,0.350327,0.522286,0.007376,1,
id0100,id0367,crop,remesh,0.302132,0.432501,0.008314,1,
id0100,id0368,crop,remesh,0.264951,0.365283,0.004548,1,
id0100,id0369,crop,remesh,0.303128,0.360618,0.002556,1,
id0100,id0372,crop,remesh,0.282238,0.308452,0.003892,1,
id0100,id0373,crop,remesh,0.339440,0.499446,0.004277,1,
id0100,id0374,crop,remesh,0.483190,0.579086,0.005824,1,
id0100,id0378,crop,remesh,0.261631,0.404997,0.004639,1,
id0100,id0381,crop,remesh,0.265107,0.402738,0.005034,1,
id0100,id0382,crop,remesh,0.300596,0.342285,0.007470,1,
id0100,id0392,crop,remesh,0.261117,0.385569,0.007273,1,
id0100,id0396,crop,remesh,0.307084,0.432368,0.008363,1,
id0100,id0398,crop,remesh,0.284001,0.342321,0.004015,1,
id0100,id0399,crop,remesh,0.317071,0.398118,0.004910,1,
id0100,id0401,crop,remesh,0.321974,0.388280,0.008137,1,
id0100,id0402,crop,remesh,0.209886,0.325572,0.005449,1,
id0100,id0404,crop,remesh,0.230173,0.341244,0.004608,1,
id0100,id0411,crop,remesh,0.335501,0.506925,0.011739,1,
id0100,id0412,crop,remesh,0.245770,0.249923,0.005399,1,
id0100,id0418,crop,remesh,0.304493,0.401651,0.004362,1,
id0100,id0421,crop,remesh,0.279166,0.418282,0.006347,1,
id0100,id0422,crop,remesh,0.214770,0.377562,0.005121,1,
id0100,id0431,crop,remesh,0.208772,0.250164,0.003957,1,
id0100,id0437,crop,remesh,0.332997,0.504027,0.004397,1,
id0100,id0441,crop,remesh,0.248943,0.377338,0.005647,1,
id0100,id0447,crop,remesh,0.392904,0.390260,0.002389,1,
id0100,id0460,crop,remesh,0.247531,0.464098,0.005261,1,
id0100,id0462,crop,remesh,0.285179,0.319859,0.003191,1,
id0100,id0465,crop,remesh,0.282701,0.345464,0.005275,1,
id0100,id0466,crop,remesh,0.350453,0.400638,0.002820,1,
id0100,id0468,crop,remesh,0.294604,0.447660,0.011964,1,
id0100,id0470,crop,remesh,0.198776,0.296161,0.004646,1,
id0100,id0476,crop,remesh,0.338209,0.443586,0.003816,1,
id0100,id0486,crop,remesh,0.363965,0.463453,0.006281,1,
id0100,id0491,crop,remesh,0.309713,0.491030,0.005021,1,
id0100,id0498,crop,remesh,0.358536,0.552250,0.007090,1,
id0106,id0107,crop,remesh,0.454091,0.579899,0.005361,1,
id0106,id0110,crop,remesh,0.377912,0.449721,0.008352,1,
id0106,id0113,crop,remesh,0.268664,0.335423,0.007626,1,
id0106,id0115,crop,remesh,0.363749,0.378193,0.009099,1,
id0106,id0130,crop,remesh,0.390905,0.494610,0.010547,1,
id0106,id0132,crop,remesh,0.377657,0.413340,0.007984,1,
id0106,id0136,crop,remesh,0.245880,0.324079,0.006954,1,
id0106,id0153,crop,remesh,0.413027,0.478162,0.004919,1,
id0106,id0161,crop,remesh,0.352656,0.389290,0.007446,1,
id0106,id0169,crop,remesh,0.312033,0.323538,0.008617,1,
id0106,id0182,crop,remesh,0.439648,0.515603,0.007033,1,
id0106,id0183,crop,remesh,0.466147,0.531620,0.004079,1,
id0106,id0186,crop,remesh,0.292766,0.347207,0.009217,1,
id0106,id0197,crop,remesh,0.412992,0.427021,0.006016,1,
id0106,id0199,crop,remesh,0.374640,0.532764,0.004094,1,
id0106,id0206,crop,remesh,0.420335,0.413731,0.009855,1,
id0106,id0207,crop,remesh,0.350510,0.338887,0.008142,1,
id0106,id0208,crop,remesh,0.392323,0.485457,0.006130,1,
id0106,id0212,crop,remesh,0.464512,0.508570,0.011024,1,
id0106,id0220,crop,remesh,0.383359,0.404475,0.008095,1,
id0106,id0222,crop,remesh,0.371177,0.383185,0.005066,1,
id0106,id0224,crop,remesh,0.370362,0.391959,0.007069,1,
id0106,id0233,crop,remesh,0.445682,0.461582,0.006596,1,
id0106,id0239,crop,remesh,0.437636,0.429117,0.013223,1,
id0106,id0242,crop,remesh,0.369287,0.321923,0.007287,1,
id0106,id0246,crop,remesh,0.416888,0.460029,0.012218,1,
id0106,id0258,crop,remesh,0.346109,0.365799,0.007053,1,
id0106,id0273,crop,remesh,0.388393,0.451540,0.008375,1,
id0106,id0275,crop,remesh,0.405760,0.499425,0.008509,1,
id0106,id0285,crop,remesh,0.257657,0.268061,0.005444,1,
id0106,id0290,crop,remesh,0.498934,0.563893,0.004510,1,
id0106,id0296,crop,remesh,0.390305,0.478008,0.006280,1,
id0106,id0299,crop,remesh,0.327450,0.398786,0.005705,1,
id0106,id0303,crop,remesh,0.437748,0.496684,0.005818,1,
id0106,id0319,crop,remesh,0.390693,0.472617,0.009779,1,
id0106,id0321,crop,remesh,0.467472,0.528401,0.005014,1,
id0106,id0326,crop,remesh,0.325195,0.395280,0.003867,1,
id0106,id0328,crop,remesh,0.380293,0.461271,0.005896,1,
id0106,id0330,crop,remesh,0.406433,0.467630,0.009950,1,
id0106,id0342,crop,remesh,0.322227,0.394770,0.009563,1,
id0106,id0346,crop,remesh,0.282370,0.329574,0.007851,1,
id0106,id0363,crop,remesh,0.320119,0.402044,0.009975,1,
id0106,id0367,crop,remesh,0.407536,0.411005,0.011096,1,
id0106,id0368,crop,remesh,0.325859,0.389472,0.006393,1,
id0106,id0369,crop,remesh,0.374849,0.509987,0.004489,1,
id0106,id0372,crop,remesh,0.436709,0.431407,0.007024,1,
id0106,id0373,crop,remesh,0.445575,0.501578,0.005320,1,
id0106,id0374,crop,remesh,0.564283,0.642899,0.008666,1,
id0106,id0378,crop,remesh,0.401648,0.473669,0.007561,1,
id0106,id0381,crop,remesh,0.386511,0.351106,0.007094,1,
id0106,id0382,crop,remesh,0.274062,0.347589,0.011409,1,
id0106,id0392,crop,remesh,0.380825,0.347274,0.010150,1,
id0106,id0396,crop,remesh,0.305536,0.304634,0.011141,1,
id0106,id0398,crop,remesh,0.313629,0.425903,0.006434,1,
id0106,id0399,crop,remesh,0.401420,0.504608,0.008538,1,
id0106,id0401,crop,remesh,0.408783,0.492290,0.012392,1,
id0106,id0402,crop,remesh,0.323353,0.297805,0.008276,1,
id0106,id0404,crop,remesh,0.315461,0.308632,0.006870,1,
id0106,id0411,crop,remesh,0.358647,0.534517,0.016724,1,
id0106,id0412,crop,remesh,0.285841,0.320642,0.008724,1,
id0106,id0418,crop,remesh,0.440570,0.452010,0.006763,1,
id0106,id0421,crop,remesh,0.347912,0.382682,0.009167,1,
id0106,id0422,crop,remesh,0.250374,0.290982,0.006871,1,
id0106,id0431,crop,remesh,0.303406,0.413311,0.007244,1,
id0106,id0437,crop,remesh,0.531362,0.662574,0.007954,1,
id0106,id0441,crop,remesh,0.374819,0.453182,0.008994,1,
id0106,id0447,crop,remesh,0.449451,0.582382,0.004589,1,
id0106,id0460,crop,remesh,0.311196,0.390770,0.007549,1,
id0106,id0462,crop,remesh,0.235375,0.253517,0.004849,1,
id0106,id0465,crop,remesh,0.357883,0.424178,0.008439,1,
id0106,id0466,crop,remesh,0.405969,0.491370,0.004031,1,
id0106,id0468,crop,remesh,0.314268,0.431813,0.016084,1,
id0106,id0470,crop,remesh,0.325705,0.363552,0.007254,1,
id0106,id0476,crop,remesh,0.395817,0.462808,0.005043,1,
id0106,id0486,crop,remesh,0.320759,0.382309,0.008591,1,
id0106,id0491,crop,remesh,0.461154,0.524213,0.007421,1,
id0106,id0498,crop,remesh,0.430084,0.549943,0.009712,1,
id0107,id0110,crop,remesh,0.316717,0.452204,0.011445,1,
id0107,id0113,crop,remesh,0.385110,0.633028,0.013564,1,
id0107,id0115,crop,remesh,0.420675,0.615269,0.013570,1,
id0107,id0130,crop,remesh,0.367561,0.530336,0.012648,1,
id0107,id0132,crop,remesh,0.366296,0.476120,0.011249,1,
id0107,id0136,crop,remesh,0.364598,0.638872,0.012210,1,
id0107,id0153,crop,remesh,0.224905,0.352019,0.006424,1,
id0107,id0161,crop,remesh,0.315841,0.524077,0.011201,1,
id0107,id0169,crop,remesh,0.336007,0.583302,0.014354,1,
id0107,id0182,crop,remesh,0.317627,0.497602,0.008969,1,
id0107,id0183,crop,remesh,0.383571,0.499714,0.006564,1,
id0107,id0186,crop,remesh,0.336030,0.571568,0.013836,1,
id0107,id0197,crop,remesh,0.351594,0.474517,0.009513,1,
id0107,id0199,crop,remesh,0.300369,0.478237,0.006706,1,
id0107,id0206,crop,remesh,0.657997,0.841509,0.019528,1,
id0107,id0207,crop,remesh,0.467835,0.584809,0.013404,1,
id0107,id0208,crop,remesh,0.310402,0.402007,0.007386,1,
id0107,id0212,crop,remesh,0.305634,0.486341,0.014183,1,
id0107,id0220,crop,remesh,0.258220,0.437890,0.011540,1,
id0107,id0222,crop,remesh,0.337854,0.415675,0.008108,1,
id0107,id0224,crop,remesh,0.453442,0.600016,0.013089,1,
id0107,id0233,crop,remesh,0.364901,0.372695,0.008876,1,
id0107,id0239,crop,remesh,0.582517,0.782483,0.021292,1,
id0107,id0242,crop,remesh,0.429744,0.532550,0.011670,1,
id0107,id0246,crop,remesh,0.471941,0.610405,0.016680,1,
id0107,id0258,crop,remesh,0.280906,0.451752,0.011281,1,
id0107,id0273,crop,remesh,0.329603,0.444337,0.011851,1,
id0107,id0275,crop,remesh,0.271493,0.427471,0.009830,1,
id0107,id0285,crop,remesh,0.416256,0.651570,0.010559,1,
id0107,id0290,crop,remesh,0.321900,0.354709,0.005705,1,
id0107,id0296,crop,remesh,0.250251,0.399009,0.008543,1,
id0107,id0299,crop,remesh,0.307548,0.447918,0.008123,1,
id0107,id0303,crop,remesh,0.314063,0.438574,0.007627,1,
id0107,id0319,crop,remesh,0.353474,0.579301,0.011994,1,
id0107,id0321,crop,remesh,0.283130,0.265877,0.005950,1,
id0107,id0326,crop,remesh,0.384815,0.594773,0.007823,1,
id0107,id0328,crop,remesh,0.303284,0.383120,0.007969,1,
id0107,id0330,crop,remesh,0.326670,0.552549,0.014473,1,
id0107,id0342,crop,remesh,0.384337,0.568735,0.014246,1,
id0107,id0346,crop,remesh,0.445168,0.624744,0.013972,1,
id0107,id0363,crop,remesh,0.492786,0.721214,0.015504,1,
id0107,id0367,crop,remesh,0.538074,0.615349,0.016990,1,
id0107,id0368,crop,remesh,0.294117,0.481961,0.009526,1,
id0107,id0369,crop,remesh,0.250131,0.362151,0.005914,1,
id0107,id0372,crop,remesh,0.428425,0.449528,0.009697,1,
id0107,id0373,crop,remesh,0.408188,0.419132,0.007970,1,
id0107,id0374,crop,remesh,0.287878,0.386358,0.009584,1,
id0107,id0378,crop,remesh,0.364215,0.421634,0.009496,1,
id0107,id0381,crop,remesh,0.420427,0.532036,0.010578,1,
id0107,id0382,crop,remesh,0.383102,0.592993,0.016694,1,
id0107,id0392,crop,remesh,0.420060,0.537097,0.015932,1,
id0107,id0396,crop,remesh,0.451683,0.661961,0.016830,1,
id0107,id0398,crop,remesh,0.419607,0.665378,0.012926,1,
id0107,id0399,crop,remesh,0.245558,0.331890,0.009640,1,
id0107,id0401,crop,remesh,0.343580,0.504410,0.017061,1,
id0107,id0402,crop,remesh,0.389205,0.547520,0.012682,1,
id0107,id0404,crop,remesh,0.433478,0.594056,0.012127,1,
id0107,id0411,crop,remesh,0.379955,0.669168,0.022391,1,
id0107,id0412,crop,remesh,0.363069,0.504687,0.012844,1,
id0107,id0418,crop,remesh,0.474396,0.585829,0.011703,1,
id0107,id0421,crop,remesh,0.372598,0.528377,0.012810,1,
id0107,id0422,crop,remesh,0.394884,0.565071,0.012162,1,
id0107,id0431,crop,remesh,0.380209,0.568923,0.011889,1,
id0107,id0437,crop,remesh,0.386529,0.445922,0.008609,1,
id0107,id0441,crop,remesh,0.326461,0.497961,0.012815,1,
id0107,id0447,crop,remesh,0.256624,0.357923,0.004421,1,
id0107,id0460,crop,remesh,0.356829,0.590712,0.010992,1,
id0107,id0462,crop,remesh,0.322783,0.566975,0.008907,1,
id0107,id0465,crop,remesh,0.305929,0.468804,0.013044,1,
id0107,id0466,crop,remesh,0.252332,0.401928,0.004706,1,
id0107,id0468,crop,remesh,0.495664,0.775650,0.024750,1,
id0107,id0470,crop,remesh,0.422134,0.582078,0.013267,1,
id0107,id0476,crop,remesh,0.252441,0.408759,0.006457,1,
id0107,id0486,crop,remesh,0.348157,0.528812,0.013130,1,
id0107,id0491,crop,remesh,0.318971,0.464539,0.008676,1,
id0107,id0498,crop,remesh,0.341133,0.490642,0.012811,1,
id0110,id0113,crop,remesh,0.310158,0.485703,0.006736,1,
id0110,id0115,crop,remesh,0.318039,0.479814,0.006929,1,
id0110,id0130,crop,remesh,0.333581,0.419584,0.006825,1,
id0110,id0132,crop,remesh,0.296964,0.379002,0.005561,1,
id0110,id0136,crop,remesh,0.334790,0.469244,0.006190,1,
id0110,id0153,crop,remesh,0.244116,0.281742,0.002978,1,
id0110,id0161,crop,remesh,0.246717,0.416707,0.005370,1,
id0110,id0169,crop,remesh,0.282912,0.429750,0.006832,1,
id0110,id0182,crop,remesh,0.194870,0.391539,0.004175,1,
id0110,id0183,crop,remesh,0.461201,0.502621,0.004145,1,
id0110,id0186,crop,remesh,0.244232,0.432679,0.006978,1,
id0110,id0197,crop,remesh,0.299817,0.407213,0.004805,1,
id0110,id0199,crop,remesh,0.327028,0.459449,0.003438,1,
id0110,id0206,crop,remesh,0.472494,0.712296,0.011052,1,
id0110,id0207,crop,remesh,0.299907,0.456976,0.006882,1,
id0110,id0208,crop,remesh,0.229565,0.326192,0.003752,1,
id0110,id0212,crop,remesh,0.333743,0.363220,0.007007,1,
id0110,id0220,crop,remesh,0.237587,0.297302,0.005349,1,
id0110,id0222,crop,remesh,0.256883,0.330493,0.003906,1,
id0110,id0224,crop,remesh,0.276822,0.505598,0.006744,1,
id0110,id0233,crop,remesh,0.361472,0.306808,0.004260,1,
id0110,id0239,crop,remesh,0.413194,0.648202,0.011917,1,
id0110,id0242,crop,remesh,0.305825,0.413848,0.005780,1,
id0110,id0246,crop,remesh,0.306364,0.477131,0.008788,1,
id0110,id0258,crop,remesh,0.211862,0.345969,0.005344,1,
id0110,id0273,crop,remesh,0.227279,0.334605,0.005641,1,
id0110,id0275,crop,remesh,0.276724,0.323654,0.005018,1,
id0110,id0285,crop,remesh,0.307500,0.490622,0.004632,1,
id0110,id0290,crop,remesh,0.287068,0.361361,0.002899,1,
id0110,id0296,crop,remesh,0.312721,0.326835,0.004210,1,
id0110,id0299,crop,remesh,0.214272,0.309364,0.003410,1,
id0110,id0303,crop,remesh,0.287565,0.331665,0.003321,1,
id0110,id0319,crop,remesh,0.298992,0.421322,0.005958,1,
id0110,id0321,crop,remesh,0.270041,0.316112,0.003308,1,
id0110,id0326,crop,remesh,0.370817,0.485394,0.003550,1,
id0110,id0328,crop,remesh,0.273033,0.304236,0.003323,1,
id0110,id0330,crop,remesh,0.228531,0.408386,0.007021,1,
id0110,id0342,crop,remesh,0.282683,0.415680,0.006972,1,
id0110,id0346,crop,remesh,0.270157,0.501314,0.006997,1,
id0110,id0363,crop,remesh,0.375999,0.578713,0.008188,1,
id0110,id0367,crop,remesh,0.356451,0.492535,0.009070,1,
id0110,id0368,crop,remesh,0.276779,0.375935,0.004956,1,
id0110,id0369,crop,remesh,0.262308,0.330718,0.002553,1,
id0110,id0372,crop,remesh,0.319230,0.357322,0.004529,1,
id0110,id0373,crop,remesh,0.298926,0.399278,0.004246,1,
id0110,id0374,crop,remesh,0.379659,0.376448,0.004932,1,
id0110,id0378,crop,remesh,0.228567,0.344911,0.004798,1,
id0110,id0381,crop,remesh,0.286081,0.426085,0.005690,1,
id0110,id0382,crop,remesh,0.321512,0.439010,0.008690,1,
id0110,id0392,crop,remesh,0.275302,0.423510,0.008460,1,
id0110,id0396,crop,remesh,0.381231,0.527852,0.009901,1,
id0110,id0398,crop,remesh,0.359877,0.555875,0.006546,1,
id0110,id0399,crop,remesh,0.249750,0.250385,0.004601,1,
id0110,id0401,crop,remesh,0.268448,0.393910,0.008755,1,
id0110,id0402,crop,remesh,0.232829,0.396128,0.006165,1,
id0110,id0404,crop,remesh,0.311420,0.451756,0.006267,1,
id0110,id0411,crop,remesh,0.296187,0.518755,0.012674,1,
id0110,id0412,crop,remesh,0.289117,0.381583,0.006567,1,
id0110,id0418,crop,remesh,0.317324,0.518481,0.005781,1,
id0110,id0421,crop,remesh,0.259617,0.385812,0.006243,1,
id0110,id0422,crop,remesh,0.250357,0.409955,0.005877,1,
id0110,id0431,crop,remesh,0.316012,0.455749,0.005883,1,
id0110,id0437,crop,remesh,0.276091,0.443192,0.003812,1,
id0110,id0441,crop,remesh,0.240384,0.360564,0.006218,1,
id0110,id0447,crop,remesh,0.375103,0.340552,0.002542,1,
id0110,id0460,crop,remesh,0.255778,0.478483,0.005520,1,
id0110,id0462,crop,remesh,0.321440,0.422688,0.004103,1,
id0110,id0465,crop,remesh,0.263111,0.358988,0.006406,1,
id0110,id0466,crop,remesh,0.321856,0.311429,0.002376,1,
id0110,id0468,crop,remesh,0.391245,0.617465,0.014234,1,
id0110,id0470,crop,remesh,0.310097,0.469575,0.006845,1,
id0110,id0476,crop,remesh,0.267099,0.327418,0.003217,1,
id0110,id0486,crop,remesh,0.343895,0.407651,0.006633,1,
id0110,id0491,crop,remesh,0.227186,0.379901,0.004232,1,
id0110,id0498,crop,remesh,0.283168,0.401937,0.006503,1,
id0113,id0115,crop,remesh,0.234052,0.364629,0.012003,1,
id0113,id0130,crop,remesh,0.349556,0.473796,0.012882,1,
id0113,id0132,crop,remesh,0.287492,0.328813,0.010006,1,
id0113,id0136,crop,remesh,0.239166,0.301454,0.009184,1,
id0113,id0153,crop,remesh,0.357333,0.449017,0.006657,1,
id0113,id0161,crop,remesh,0.258170,0.397335,0.009895,1,
id0113,id0169,crop,remesh,0.222419,0.283523,0.010899,1,
id0113,id0182,crop,remesh,0.376427,0.496051,0.009067,1,
id0113,id0183,crop,remesh,0.507166,0.581941,0.006201,1,
id0113,id0186,crop,remesh,0.242666,0.371444,0.012233,1,
id0113,id0197,crop,remesh,0.347405,0.420251,0.008001,1,
id0113,id0199,crop,remesh,0.375619,0.547730,0.005933,1,
id0113,id0206,crop,remesh,0.364226,0.459942,0.013750,1,
id0113,id0207,crop,remesh,0.300088,0.389867,0.011349,1,
id0113,id0208,crop,remesh,0.328508,0.473114,0.008052,1,
id0113,id0212,crop,remesh,0.421904,0.418395,0.012900,1,
id0113,id0220,crop,remesh,0.302598,0.327432,0.009908,1,
id0113,id0222,crop,remesh,0.296577,0.349167,0.006567,1,
id0113,id0224,crop,remesh,0.313013,0.454982,0.010360,1,
id0113,id0233,crop,remesh,0.437280,0.450486,0.008580,1,
id0113,id0239,crop,remesh,0.324364,0.455605,0.016774,1,
id0113,id0242,crop,remesh,0.393957,0.422476,0.010617,1,
id0113,id0246,crop,remesh,0.297616,0.363392,0.014710,1,
id0113,id0258,crop,remesh,0.287135,0.328730,0.009148,1,
id0113,id0273,crop,remesh,0.332205,0.402800,0.010484,1,
id0113,id0275,crop,remesh,0.304862,0.422521,0.010222,1,
id0113,id0285,crop,remesh,0.272176,0.340956,0.007876,1,
id0113,id0290,crop,remesh,0.407460,0.533776,0.005799,1,
id0113,id0296,crop,remesh,0.300483,0.405024,0.007658,1,
id0113,id0299,crop,remesh,0.231995,0.309959,0.006910,1,
id0113,id0303,crop,remesh,0.335372,0.366468,0.006091,1,
id0113,id0319,crop,remesh,0.310577,0.394249,0.010988,1,
id0113,id0321,crop,remesh,0.372492,0.461464,0.005882,1,
id0113,id0326,crop,remesh,0.325538,0.417238,0.005440,1,
id0113,id0328,crop,remesh,0.357188,0.424413,0.007623,1,
id0113,id0330,crop,remesh,0.302647,0.391293,0.011602,1,
id0113,id0342,crop,remesh,0.254583,0.313512,0.011446,1,
id0113,id0346,crop,remesh,0.253576,0.366711,0.011189,1,
id0113,id0363,crop,remesh,0.325431,0.468574,0.013331,1,
id0113,id0367,crop,remesh,0.313151,0.402634,0.014610,1,
id0113,id0368,crop,remesh,0.294373,0.412673,0.008913,1,
id0113,id0369,crop,remesh,0.329816,0.461854,0.005299,1,
id0113,id0372,crop,remesh,0.297095,0.377634,0.008583,1,
id0113,id0373,crop,remesh,0.411183,0.544300,0.008042,1,
id0113,id0374,crop,remesh,0.500464,0.578639,0.010815,1,
id0113,id0378,crop,remesh,0.341997,0.464216,0.009597,1,
id0113,id0381,crop,remesh,0.324829,0.434210,0.009963,1,
id0113,id0382,crop,remesh,0.212867,0.251972,0.013790,1,
id0113,id0392,crop,remesh,0.325249,0.345591,0.013285,1,
id0113,id0396,crop,remesh,0.321982,0.441035,0.015504,1,
id0113,id0398,crop,remesh,0.262899,0.353727,0.008093,1,
id0113,id0399,crop,remesh,0.364897,0.445497,0.009930,1,
id0113,id0401,crop,remesh,0.333326,0.396331,0.014780,1,
id0113,id0402,crop,remesh,0.231491,0.293882,0.010930,1,
id0113,id0404,crop,remesh,0.181654,0.277265,0.008695,1,
id0113,id0411,crop,remesh,0.306597,0.396471,0.019351,1,
id0113,id0412,crop,remesh,0.214743,0.316194,0.010736,1,
id0113,id0418,crop,remesh,0.322540,0.415701,0.008953,1,
id0113,id0421,crop,remesh,0.328109,0.384144,0.011913,1,
id0113,id0422,crop,remesh,0.224248,0.331639,0.009656,1,
id0113,id0431,crop,remesh,0.237186,0.324983,0.008556,1,
id0113,id0437,crop,remesh,0.438067,0.599731,0.008761,1,
id0113,id0441,crop,remesh,0.269828,0.342607,0.010499,1,
id0113,id0447,crop,remesh,0.444634,0.507570,0.004752,1,
id0113,id0460,crop,remesh,0.258894,0.455931,0.010247,1,
id0113,id0462,crop,remesh,0.256985,0.313663,0.006879,1,
id0113,id0465,crop,remesh,0.286918,0.323928,0.010639,1,
id0113,id0466,crop,remesh,0.350294,0.419288,0.004442,1,
id0113,id0468,crop,remesh,0.200979,0.353730,0.019537,1,
id0113,id0470,crop,remesh,0.197301,0.274054,0.009315,1,
id0113,id0476,crop,remesh,0.386558,0.498831,0.006821,1,
id0113,id0486,crop,remesh,0.357867,0.399653,0.011840,1,
id0113,id0491,crop,remesh,0.381169,0.510598,0.009210,1,
id0113,id0498,crop,remesh,0.388963,0.509673,0.012696,1,
id0115,id0130,crop,remesh,0.323087,0.412140,0.008715,1,
id0115,id0132,crop,remesh,0.256724,0.300329,0.006542,1,
id0115,id0136,crop,remesh,0.293179,0.425669,0.007150,1,
id0115,id0153,crop,remesh,0.316600,0.331223,0.003651,1,
id0115,id0161,crop,remesh,0.210773,0.312402,0.006390,1,
id0115,id0169,crop,remesh,0.310917,0.386584,0.008612,1,
id0115,id0182,crop,remesh,0.324615,0.386675,0.005362,1,
id0115,id0183,crop,remesh,0.476469,0.448642,0.004074,1,
id0115,id0186,crop,remesh,0.267623,0.335085,0.008377,1,
id0115,id0197,crop,remesh,0.281178,0.323632,0.005198,1,
id0115,id0199,crop,remesh,0.385774,0.399355,0.003670,1,
id0115,id0206,crop,remesh,0.392991,0.629105,0.012013,1,
id0115,id0207,crop,remesh,0.272651,0.418518,0.007825,1,
id0115,id0208,crop,remesh,0.281801,0.312934,0.004388,1,
id0115,id0212,crop,remesh,0.479754,0.422135,0.009826,1,
id0115,id0220,crop,remesh,0.337337,0.329222,0.006909,1,
id0115,id0222,crop,remesh,0.290564,0.296224,0.004676,1,
id0115,id0224,crop,remesh,0.320031,0.423877,0.007383,1,
id0115,id0233,crop,remesh,0.412882,0.321652,0.005539,1,
id0115,id0239,crop,remesh,0.335192,0.557083,0.013549,1,
id0115,id0242,crop,remesh,0.330478,0.351450,0.006612,1,
id0115,id0246,crop,remesh,0.275347,0.434530,0.010590,1,
id0115,id0258,crop,remesh,0.310691,0.363548,0.006595,1,
id0115,id0273,crop,remesh,0.354685,0.395988,0.007421,1,
id0115,id0275,crop,remesh,0.299786,0.290201,0.006179,1,
id0115,id0285,crop,remesh,0.281552,0.384254,0.005403,1,
id0115,id0290,crop,remesh,0.391224,0.391817,0.003173,1,
id0115,id0296,crop,remesh,0.326627,0.311840,0.005082,1,
id0115,id0299,crop,remesh,0.228059,0.287401,0.004839,1,
id0115,id0303,crop,remesh,0.355119,0.407650,0.005049,1,
id0115,id0319,crop,remesh,0.360065,0.439045,0.008229,1,
id0115,id0321,crop,remesh,0.359986,0.391930,0.004351,1,
id0115,id0326,crop,remesh,0.363551,0.391123,0.003992,1,
id0115,id0328,crop,remesh,0.359960,0.357715,0.005026,1,
id0115,id0330,crop,remesh,0.358265,0.474887,0.009217,1,
id0115,id0342,crop,remesh,0.316471,0.415818,0.009037,1,
id0115,id0346,crop,remesh,0.257144,0.415685,0.007938,1,
id0115,id0363,crop,remesh,0.320262,0.463740,0.009209,1,
id0115,id0367,crop,remesh,0.287228,0.335905,0.010058,1,
id0115,id0368,crop,remesh,0.287993,0.287256,0.005336,1,
id0115,id0369,crop,remesh,0.347987,0.374334,0.003708,1,
id0115,id0372,crop,remesh,0.296426,0.292321,0.006030,1,
id0115,id0373,crop,remesh,0.312743,0.355492,0.004198,1,
id0115,id0374,crop,remesh,0.499095,0.478328,0.006261,1,
id0115,id0378,crop,remesh,0.301339,0.375028,0.006162,1,
id0115,id0381,crop,remesh,0.269178,0.314083,0.006122,1,
id0115,id0382,crop,remesh,0.302594,0.404351,0.011003,1,
id0115,id0392,crop,remesh,0.293863,0.375409,0.009601,1,
id0115,id0396,crop,remesh,0.286770,0.420412,0.010528,1,
id0115,id0398,crop,remesh,0.383203,0.517349,0.007921,1,
id0115,id0399,crop,remesh,0.374570,0.369683,0.006859,1,
id0115,id0401,crop,remesh,0.379613,0.434682,0.011489,1,
id0115,id0402,crop,remesh,0.215594,0.330686,0.007667,1,
id0115,id0404,crop,remesh,0.249392,0.424430,0.007080,1,
id0115,id0411,crop,remesh,0.340860,0.517765,0.015407,1,
id0115,id0412,crop,remesh,0.263314,0.350209,0.008241,1,
id0115,id0418,crop,remesh,0.287194,0.367322,0.006537,1,
id0115,id0421,crop,remesh,0.245409,0.341325,0.007590,1,
id0115,id0422,crop,remesh,0.259790,0.359585,0.006975,1,
id0115,id0431,crop,remesh,0.304351,0.431759,0.007388,1,
id0115,id0437,crop,remesh,0.405363,0.496130,0.005784,1,
id0115,id0441,crop,remesh,0.279388,0.389643,0.008180,1,
id0115,id0447,crop,remesh,0.454329,0.397996,0.003428,1,
id0115,id0460,crop,remesh,0.228866,0.368530,0.006251,1,
id0115,id0462,crop,remesh,0.305887,0.345318,0.004793,1,
id0115,id0465,crop,remesh,0.356056,0.389792,0.007946,1,
id0115,id0466,crop,remesh,0.346899,0.322823,0.002952,1,
id0115,id0468,crop,remesh,0.321147,0.553009,0.016680,1,
id0115,id0470,crop,remesh,0.297402,0.416536,0.008138,1,
id0115,id0476,crop,remesh,0.353572,0.337809,0.003996,1,
id0115,id0486,crop,remesh,0.364640,0.405088,0.008055,1,
id0115,id0491,crop,remesh,0.317064,0.365954,0.005238,1,
id0115,id0498,crop,remesh,0.345438,0.441299,0.008064,1,
id0130,id0132,crop,remesh,0.244093,0.416700,0.007204,1,
id0130,id0136,crop,remesh,0.306408,0.486180,0.007544,1,
id0130,id0153,crop,remesh,0.333282,0.463797,0.003965,1,
id0130,id0161,crop,remesh,0.307026,0.599964,0.007686,1,
id0130,id0169,crop,remesh,0.373685,0.585489,0.009815,1,
id0130,id0182,crop,remesh,0.351816,0.547201,0.005746,1,
id0130,id0183,crop,remesh,0.510146,0.693609,0.004492,1,
id0130,id0186,crop,remesh,0.348980,0.589515,0.009501,1,
id0130,id0197,crop,remesh,0.372835,0.561930,0.005952,1,
id0130,id0199,crop,remesh,0.458971,0.695172,0.004133,1,
id0130,id0206,crop,remesh,0.471346,0.732709,0.014045,1,
id0130,id0207,crop,remesh,0.304332,0.444420,0.008488,1,
id0130,id0208,crop,remesh,0.232676,0.354283,0.003918,1,
id0130,id0212,crop,remesh,0.435511,0.534187,0.010580,1,
id0130,id0220,crop,remesh,0.292388,0.381424,0.007381,1,
id0130,id0222,crop,remesh,0.320295,0.441672,0.004629,1,
id0130,id0224,crop,remesh,0.390473,0.667918,0.008716,1,
id0130,id0233,crop,remesh,0.375068,0.456182,0.005541,1,
id0130,id0239,crop,remesh,0.495224,0.804313,0.016037,1,
id0130,id0242,crop,remesh,0.372354,0.518486,0.007674,1,
id0130,id0246,crop,remesh,0.330951,0.460541,0.011689,1,
id0130,id0258,crop,remesh,0.307829,0.499216,0.007309,1,
id0130,id0273,crop,remesh,0.310102,0.490973,0.007626,1,
id0130,id0275,crop,remesh,0.208740,0.324178,0.005940,1,
id0130,id0285,crop,remesh,0.371727,0.605648,0.006827,1,
id0130,id0290,crop,remesh,0.449292,0.589972,0.003723,1,
id0130,id0296,crop,remesh,0.256659,0.386591,0.004919,1,
id0130,id0299,crop,remesh,0.265467,0.411735,0.004851,1,
id0130,id0303,crop,remesh,0.337739,0.470041,0.004669,1,
id0130,id0319,crop,remesh,0.345211,0.430798,0.007798,1,
id0130,id0321,crop,remesh,0.348815,0.436312,0.003499,1,
id0130,id0326,crop,remesh,0.443456,0.636591,0.004785,1,
id0130,id0328,crop,remesh,0.412932,0.575790,0.005294,1,
id0130,id0330,crop,remesh,0.368112,0.567059,0.009938,1,
id0130,id0342,crop,remesh,0.356428,0.573564,0.009954,1,
id0130,id0346,crop,remesh,0.340686,0.610772,0.009709,1,
id0130,id0363,crop,remesh,0.319664,0.539637,0.009870,1,
id0130,id0367,crop,remesh,0.438141,0.621503,0.011865,1,
id0130,id0368,crop,remesh,0.298341,0.485625,0.005682,1,
id0130,id0369,crop,remesh,0.432295,0.620260,0.003973,1,
id0130,id0372,crop,remesh,0.448963,0.586633,0.006392,1,
id0130,id0373,crop,remesh,0.417194,0.554097,0.004880,1,
id0130,id0374,crop,remesh,0.370401,0.432037,0.006218,1,
id0130,id0378,crop,remesh,0.328384,0.456545,0.005921,1,
id0130,id0381,crop,remesh,0.354115,0.481825,0.006232,1,
id0130,id0382,crop,remesh,0.295463,0.469284,0.011964,1,
id0130,id0392,crop,remesh,0.319163,0.543856,0.010804,1,
id0130,id0396,crop,remesh,0.382300,0.624750,0.011966,1,
id0130,id0398,crop,remesh,0.511081,0.745820,0.009631,1,
id0130,id0399,crop,remesh,0.266405,0.343236,0.005961,1,
id0130,id0401,crop,remesh,0.358146,0.560257,0.012182,1,
id0130,id0402,crop,remesh,0.303072,0.460571,0.008137,1,
id0130,id0404,crop,remesh,0.327843,0.515365,0.008088,1,
id0130,id0411,crop,remesh,0.303066,0.490546,0.016333,1,
id0130,id0412,crop,remesh,0.346610,0.544792,0.008628,1,
id0130,id0418,crop,remesh,0.425446,0.659931,0.007852,1,
id0130,id0421,crop,remesh,0.206351,0.383649,0.008092,1,
id0130,id0422,crop,remesh,0.308344,0.548202,0.007929,1,
id0130,id0431,crop,remesh,0.403008,0.620747,0.008177,1,
id0130,id0437,crop,remesh,0.482127,0.709098,0.006347,1,
id0130,id0441,crop,remesh,0.264992,0.460226,0.008327,1,
id0130,id0447,crop,remesh,0.432081,0.552641,0.002299,1,
id0130,id0460,crop,remesh,0.205993,0.488486,0.006841,1,
id0130,id0462,crop,remesh,0.364310,0.533031,0.005583,1,
id0130,id0465,crop,remesh,0.326860,0.426137,0.008634,1,
id0130,id0466,crop,remesh,0.378059,0.494620,0.002695,1,
id0130,id0468,crop,remesh,0.399628,0.706285,0.018664,1,
id0130,id0470,crop,remesh,0.415874,0.647142,0.009295,1,
id0130,id0476,crop,remesh,0.341390,0.471230,0.003205,1,
id0130,id0486,crop,remesh,0.288027,0.359169,0.008387,1,
id0130,id0491,crop,remesh,0.328545,0.529709,0.005415,1,
id0130,id0498,crop,remesh,0.211044,0.372526,0.007662,1,
id0132,id0136,crop,remesh,0.327843,0.434563,0.010000,1,
id0132,id0153,crop,remesh,0.294654,0.318988,0.005659,1,
id0132,id0161,crop,remesh,0.250696,0.404617,0.009571,1,
id0132,id0169,crop,remesh,0.369265,0.418950,0.012162,1,
id0132,id0182,crop,remesh,0.318556,0.422201,0.008063,1,
id0132,id0183,crop,remesh,0.452260,0.546564,0.005135,1,
id0132,id0186,crop,remesh,0.272768,0.436471,0.011886,1,
id0132,id0197,crop,remesh,0.327468,0.409196,0.007556,1,
id0132,id0199,crop,remesh,0.426519,0.555129,0.005464,1,
id0132,id0206,crop,remesh,0.420136,0.595575,0.015867,1,
id0132,id0207,crop,remesh,0.252130,0.383515,0.011070,1,
id0132,id0208,crop,remesh,0.246159,0.316255,0.006497,1,
id0132,id0212,crop,remesh,0.469247,0.416783,0.013128,1,
id0132,id0220,crop,remesh,0.295128,0.276299,0.009646,1,
id0132,id0222,crop,remesh,0.321969,0.302099,0.006388,1,
id0132,id0224,crop,remesh,0.344766,0.485711,0.010956,1,
id0132,id0233,crop,remesh,0.311383,0.325881,0.007932,1,
id0132,id0239,crop,remesh,0.439543,0.617593,0.018342,1,
id0132,id0242,crop,remesh,0.300150,0.395778,0.009943,1,
id0132,id0246,crop,remesh,0.292914,0.351412,0.014385,1,
id0132,id0258,crop,remesh,0.282999,0.309914,0.009381,1,
id0132,id0273,crop,remesh,0.257216,0.337699,0.010230,1,
id0132,id0275,crop,remesh,0.269950,0.301229,0.008743,1,
id0132,id0285,crop,remesh,0.314647,0.473902,0.008244,1,
id0132,id0290,crop,remesh,0.378622,0.408276,0.004656,1,
id0132,id0296,crop,remesh,0.281953,0.326296,0.007119,1,
id0132,id0299,crop,remesh,0.245362,0.283862,0.006792,1,
id0132,id0303,crop,remesh,0.284289,0.356236,0.006405,1,
id0132,id0319,crop,remesh,0.387588,0.426845,0.010747,1,
id0132,id0321,crop,remesh,0.299479,0.284093,0.005256,1,
id0132,id0326,crop,remesh,0.415573,0.513673,0.005917,1,
id0132,id0328,crop,remesh,0.333034,0.386473,0.007143,1,
id0132,id0330,crop,remesh,0.375186,0.455203,0.012899,1,
id0132,id0342,crop,remesh,0.315689,0.431097,0.012389,1,
id0132,id0346,crop,remesh,0.285733,0.428048,0.011290,1,
id0132,id0363,crop,remesh,0.286592,0.490884,0.013138,1,
id0132,id0367,crop,remesh,0.347437,0.455131,0.014436,1,
id0132,id0368,crop,remesh,0.296998,0.400175,0.007929,1,
id0132,id0369,crop,remesh,0.371616,0.440851,0.005180,1,
id0132,id0372,crop,remesh,0.417602,0.402289,0.008407,1,
id0132,id0373,crop,remesh,0.316343,0.430457,0.006561,1,
id0132,id0374,crop,remesh,0.419974,0.377151,0.008755,1,
id0132,id0378,crop,remesh,0.293555,0.358922,0.008557,1,
id0132,id0381,crop,remesh,0.340292,0.423649,0.009025,1,
id0132,id0382,crop,remesh,0.280951,0.337261,0.014532,1,
id0132,id0392,crop,remesh,0.235875,0.358556,0.013381,1,
id0132,id0396,crop,remesh,0.291879,0.516398,0.014626,1,
id0132,id0398,crop,remesh,0.442944,0.549323,0.010284,1,
id0132,id0399,crop,remesh,0.275127,0.312999,0.008939,1,
id0132,id0401,crop,remesh,0.341375,0.389769,0.015182,1,
id0132,id0402,crop,remesh,0.279107,0.336162,0.010759,1,
id0132,id0404,crop,remesh,0.300512,0.408103,0.010034,1,
id0132,id0411,crop,remesh,0.314538,0.433615,0.020170,1,
id0132,id0412,crop,remesh,0.309553,0.405364,0.011032,1,
id0132,id0418,crop,remesh,0.382016,0.464419,0.009591,1,
id0132,id0421,crop,remesh,0.224396,0.318751,0.010922,1,
id0132,id0422,crop,remesh,0.276335,0.417064,0.010271,1,
id0132,id0431,crop,remesh,0.366501,0.469659,0.009583,1,
id0132,id0437,crop,remesh,0.422602,0.529654,0.008089,1,
id0132,id0441,crop,remesh,0.277428,0.349407,0.011095,1,
id0132,id0447,crop,remesh,0.425908,0.464271,0.003854,1,
id0132,id0460,crop,remesh,0.221807,0.408958,0.009302,1,
id0132,id0462,crop,remesh,0.303353,0.422104,0.006957,1,
id0132,id0465,crop,remesh,0.314764,0.290423,0.010885,1,
id0132,id0466,crop,remesh,0.381822,0.408841,0.004092,1,
id0132,id0468,crop,remesh,0.365926,0.552831,0.021747,1,
id0132,id0470,crop,remesh,0.363839,0.428639,0.010814,1,
id0132,id0476,crop,remesh,0.354196,0.418105,0.005635,1,
id0132,id0486,crop,remesh,0.267207,0.310938,0.011117,1,
id0132,id0491,crop,remesh,0.291009,0.412913,0.007783,1,
id0132,id0498,crop,remesh,0.292322,0.346179,0.011268,1,
id0136,id0153,crop,remesh,0.375625,0.498711,0.007113,1,
id0136,id0161,crop,remesh,0.295263,0.532628,0.011346,1,
id0136,id0169,crop,remesh,0.284364,0.424939,0.012661,1,
id0136,id0182,crop,remesh,0.392730,0.576426,0.009645,1,
id0136,id0183,crop,remesh,0.482447,0.611800,0.006504,1,
id0136,id0186,crop,remesh,0.309905,0.496953,0.013282,1,
id0136,id0197,crop,remesh,0.376193,0.479858,0.008802,1,
id0136,id0199,crop,remesh,0.360567,0.593500,0.006329,1,
id0136,id0206,crop,remesh,0.441859,0.570777,0.015178,1,
id0136,id0207,crop,remesh,0.345672,0.438965,0.012157,1,
id0136,id0208,crop,remesh,0.330841,0.469815,0.007927,1,
id0136,id0212,crop,remesh,0.379092,0.468188,0.014390,1,
id0136,id0220,crop,remesh,0.300351,0.366291,0.011028,1,
id0136,id0222,crop,remesh,0.317272,0.377385,0.007250,1,
id0136,id0224,crop,remesh,0.397653,0.585181,0.011284,1,
id0136,id0233,crop,remesh,0.433041,0.497804,0.009279,1,
id0136,id0239,crop,remesh,0.442633,0.635588,0.019001,1,
id0136,id0242,crop,remesh,0.398616,0.497495,0.011429,1,
id0136,id0246,crop,remesh,0.347872,0.466492,0.016390,1,
id0136,id0258,crop,remesh,0.323088,0.430564,0.010652,1,
id0136,id0273,crop,remesh,0.364297,0.487203,0.011498,1,
id0136,id0275,crop,remesh,0.305378,0.433314,0.010714,1,
id0136,id0285,crop,remesh,0.273611,0.431900,0.008924,1,
id0136,id0290,crop,remesh,0.469948,0.604223,0.006406,1,
id0136,id0296,crop,remesh,0.291889,0.386503,0.008399,1,
id0136,id0299,crop,remesh,0.237999,0.355343,0.007533,1,
id0136,id0303,crop,remesh,0.340394,0.391863,0.007174,1,
id0136,id0319,crop,remesh,0.275924,0.379570,0.011970,1,
id0136,id0321,crop,remesh,0.419227,0.480613,0.006506,1,
id0136,id0326,crop,remesh,0.283377,0.448038,0.006135,1,
id0136,id0328,crop,remesh,0.399262,0.515296,0.008782,1,
id0136,id0330,crop,remesh,0.332330,0.461438,0.013115,1,
id0136,id0342,crop,remesh,0.289520,0.428564,0.012723,1,
id0136,id0346,crop,remesh,0.327468,0.517843,0.012531,1,
id0136,id0363,crop,remesh,0.311094,0.531557,0.013787,1,
id0136,id0367,crop,remesh,0.408463,0.544503,0.015586,1,
id0136,id0368,crop,remesh,0.255206,0.438539,0.008945,1,
id0136,id0369,crop,remesh,0.337324,0.513214,0.006360,1,
id0136,id0372,crop,remesh,0.382124,0.491284,0.009809,1,
id0136,id0373,crop,remesh,0.446686,0.580294,0.008034,1,
id0136,id0374,crop,remesh,0.490074,0.589415,0.011350,1,
id0136,id0378,crop,remesh,0.351718,0.512836,0.010168,1,
id0136,id0381,crop,remesh,0.357840,0.448598,0.009948,1,
id0136,id0382,crop,remesh,0.270395,0.339884,0.015909,1,
id0136,id0392,crop,remesh,0.381689,0.477888,0.014794,1,
id0136,id0396,crop,remesh,0.329909,0.535286,0.016160,1,
id0136,id0398,crop,remesh,0.324225,0.468622,0.010173,1,
id0136,id0399,crop,remesh,0.353879,0.420428,0.010667,1,
id0136,id0401,crop,remesh,0.393476,0.529137,0.016710,1,
id0136,id0402,crop,remesh,0.268442,0.375065,0.011847,1,
id0136,id0404,crop,remesh,0.266355,0.340840,0.009989,1,
id0136,id0411,crop,remesh,0.316782,0.457745,0.021268,1,
id0136,id0412,crop,remesh,0.264668,0.389988,0.012298,1,
id0136,id0418,crop,remesh,0.393415,0.539658,0.010282,1,
id0136,id0421,crop,remesh,0.298324,0.423755,0.012735,1,
id0136,id0422,crop,remesh,0.256559,0.425637,0.010443,1,
id0136,id0431,crop,remesh,0.261734,0.393364,0.010381,1,
id0136,id0437,crop,remesh,0.499855,0.701354,0.010273,1,
id0136,id0441,crop,remesh,0.289974,0.416893,0.011820,1,
id0136,id0447,crop,remesh,0.387035,0.486925,0.005061,1,
id0136,id0460,crop,remesh,0.264918,0.525217,0.010749,1,
id0136,id0462,crop,remesh,0.210186,0.340914,0.007730,1,
id0136,id0465,crop,remesh,0.312958,0.391692,0.012129,1,
id0136,id0466,crop,remesh,0.312550,0.405106,0.004613,1,
id0136,id0468,crop,remesh,0.280806,0.498169,0.021958,1,
id0136,id0470,crop,remesh,0.299260,0.454071,0.010924,1,
id0136,id0476,crop,remesh,0.331873,0.479416,0.006673,1,
id0136,id0486,crop,remesh,0.345185,0.392398,0.012538,1,
id0136,id0491,crop,remesh,0.405673,0.577432,0.009728,1,
id0136,id0498,crop,remesh,0.367741,0.515217,0.013010,1,
id0153,id0161,crop,remesh,0.255279,0.497035,0.017290,1,
id0153,id0169,crop,remesh,0.347720,0.584874,0.021757,1,
id0153,id0182,crop,remesh,0.210087,0.411426,0.013427,1,
id0153,id0183,crop,remesh,0.342825,0.558117,0.010551,1,
id0153,id0186,crop,remesh,0.260809,0.540054,0.020906,1,
id0153,id0197,crop,remesh,0.288512,0.491531,0.014517,1,
id0153,id0199,crop,remesh,0.310012,0.570667,0.011473,1,
id0153,id0206,crop,remesh,0.576520,0.818253,0.026931,1,
id0153,id0207,crop,remesh,0.350796,0.488537,0.019577,1,
id0153,id0208,crop,remesh,0.217870,0.367464,0.011731,1,
id0153,id0212,crop,remesh,0.371633,0.568536,0.022422,1,
id0153,id0220,crop,remesh,0.247627,0.404087,0.017931,1,
id0153,id0222,crop,remesh,0.289048,0.452044,0.013008,1,
id0153,id0224,crop,remesh,0.345030,0.536244,0.018924,1,
id0153,id0233,crop,remesh,0.248839,0.334158,0.014335,1,
id0153,id0239,crop,remesh,0.517218,0.740654,0.029746,1,
id0153,id0242,crop,remesh,0.304116,0.453487,0.017385,1,
id0153,id0246,crop,remesh,0.410485,0.569382,0.024613,1,
id0153,id0258,crop,remesh,0.218569,0.409941,0.017445,1,
id0153,id0273,crop,remesh,0.237810,0.388935,0.018004,1,
id0153,id0275,crop,remesh,0.254249,0.419544,0.015473,1,
id0153,id0285,crop,remesh,0.335914,0.620375,0.015865,1,
id0153,id0290,crop,remesh,0.229677,0.340340,0.009351,1,
id0153,id0296,crop,remesh,0.277264,0.451593,0.013995,1,
id0153,id0299,crop,remesh,0.247382,0.441866,0.013149,1,
id0153,id0303,crop,remesh,0.307223,0.511526,0.013093,1,
id0153,id0319,crop,remesh,0.385832,0.608577,0.019200,1,
id0153,id0321,crop,remesh,0.215136,0.367840,0.010939,1,
id0153,id0326,crop,remesh,0.406616,0.665888,0.013120,1,
id0153,id0328,crop,remesh,0.234319,0.412354,0.013570,1,
id0153,id0330,crop,remesh,0.313606,0.512073,0.021092,1,
id0153,id0342,crop,remesh,0.352313,0.551993,0.021162,1,
id0153,id0346,crop,remesh,0.328882,0.570230,0.019980,1,
id0153,id0363,crop,remesh,0.395870,0.655354,0.022307,1,
id0153,id0367,crop,remesh,0.437294,0.598539,0.024230,1,
id0153,id0368,crop,remesh,0.283593,0.496638,0.014699,1,
id0153,id0369,crop,remesh,0.247783,0.461039,0.010629,1,
id0153,id0372,crop,remesh,0.410423,0.507436,0.015974,1,
id0153,id0373,crop,remesh,0.271225,0.369220,0.012303,1,
id0153,id0374,crop,remesh,0.273860,0.294419,0.014779,1,
id0153,id0378,crop,remesh,0.298834,0.406762,0.015449,1,
id0153,id0381,crop,remesh,0.323818,0.515794,0.016321,1,
id0153,id0382,crop,remesh,0.360192,0.609885,0.025164,1,
id0153,id0392,crop,remesh,0.304850,0.474554,0.022803,1,
id0153,id0396,crop,remesh,0.353046,0.606019,0.024195,1,
id0153,id0398,crop,remesh,0.454532,0.744599,0.019881,1,
id0153,id0399,crop,remesh,0.194113,0.359093,0.016061,1,
id0153,id0401,crop,remesh,0.310802,0.487558,0.025110,1,
id0153,id0402,crop,remesh,0.319486,0.525935,0.019368,1,
id0153,id0404,crop,remesh,0.381713,0.579537,0.018286,1,
id0153,id0411,crop,remesh,0.342936,0.645914,0.031728,1,
id0153,id0412,crop,remesh,0.342443,0.565578,0.020259,1,
id0153,id0418,crop,remesh,0.411169,0.642652,0.018421,1,
id0153,id0421,crop,remesh,0.297618,0.476339,0.019196,1,
id0153,id0422,crop,remesh,0.287749,0.498808,0.017838,1,
id0153,id0431,crop,remesh,0.375653,0.669414,0.019109,1,
id0153,id0437,crop,remesh,0.343120,0.478954,0.014408,1,
id0153,id0441,crop,remesh,0.288877,0.481140,0.019300,1,
id0153,id0447,crop,remesh,0.301554,0.518082,0.008676,1,
id0153,id0460,crop,remesh,0.264015,0.521794,0.016656,1,
id0153,id0462,crop,remesh,0.318085,0.586269,0.014399,1,
id0153,id0465,crop,remesh,0.292938,0.479664,0.019883,1,
id0153,id0466,crop,remesh,0.261824,0.449553,0.007872,1,
id0153,id0468,crop,remesh,0.471986,0.784186,0.034560,1,
id0153,id0470,crop,remesh,0.403696,0.610186,0.019929,1,
id0153,id0476,crop,remesh,0.212282,0.403730,0.010300,1,
id0153,id0486,crop,remesh,0.271331,0.461232,0.019478,1,
id0153,id0491,crop,remesh,0.207745,0.388006,0.013320,1,
id0153,id0498,crop,remesh,0.292147,0.407958,0.018638,1,
id0161,id0169,crop,remesh,0.268786,0.355429,0.014947,1,
id0161,id0182,crop,remesh,0.249710,0.336364,0.009706,1,
id0161,id0183,crop,remesh,0.409360,0.483810,0.007175,1,
id0161,id0186,crop,remesh,0.210981,0.324496,0.014928,1,
id0161,id0197,crop,remesh,0.250565,0.365799,0.010163,1,
id0161,id0199,crop,remesh,0.310345,0.458213,0.007399,1,
id0161,id0206,crop,remesh,0.454134,0.600335,0.019020,1,
id0161,id0207,crop,remesh,0.280372,0.397198,0.014039,1,
id0161,id0208,crop,remesh,0.237416,0.342158,0.008332,1,
id0161,id0212,crop,remesh,0.400008,0.414869,0.016322,1,
id0161,id0220,crop,remesh,0.279107,0.321823,0.012749,1,
id0161,id0222,crop,remesh,0.274923,0.332036,0.008850,1,
id0161,id0224,crop,remesh,0.286511,0.366746,0.013121,1,
id0161,id0233,crop,remesh,0.369239,0.310255,0.010163,1,
id0161,id0239,crop,remesh,0.367052,0.491689,0.021530,1,
id0161,id0242,crop,remesh,0.281792,0.281040,0.012059,1,
id0161,id0246,crop,remesh,0.314627,0.423809,0.018237,1,
id0161,id0258,crop,remesh,0.240424,0.254773,0.011802,1,
id0161,id0273,crop,remesh,0.299516,0.319763,0.013177,1,
id0161,id0275,crop,remesh,0.253630,0.373447,0.011424,1,
id0161,id0285,crop,remesh,0.265510,0.382507,0.010481,1,
id0161,id0290,crop,remesh,0.322268,0.355450,0.006470,1,
id0161,id0296,crop,remesh,0.277122,0.388732,0.009576,1,
id0161,id0299,crop,remesh,0.228383,0.326049,0.009219,1,
id0161,id0303,crop,remesh,0.288099,0.397522,0.008618,1,
id0161,id0319,crop,remesh,0.336119,0.475129,0.013847,1,
id0161,id0321,crop,remesh,0.291330,0.376668,0.007439,1,
id0161,id0326,crop,remesh,0.338163,0.467338,0.008381,1,
id0161,id0328,crop,remesh,0.273917,0.266942,0.008969,1,
id0161,id0330,crop,remesh,0.299680,0.430264,0.015372,1,
id0161,id0342,crop,remesh,0.280419,0.394808,0.015389,1,
id0161,id0346,crop,remesh,0.259759,0.368354,0.014151,1,
id0161,id0363,crop,remesh,0.340536,0.487716,0.016382,1,
id0161,id0367,crop,remesh,0.327150,0.378574,0.017744,1,
id0161,id0368,crop,remesh,0.229341,0.348140,0.010303,1,
id0161,id0369,crop,remesh,0.282142,0.371349,0.007187,1,
id0161,id0372,crop,remesh,0.304895,0.309354,0.011122,1,
id0161,id0373,crop,remesh,0.285423,0.371008,0.008577,1,
id0161,id0374,crop,remesh,0.424694,0.438545,0.011239,1,
id0161,id0378,crop,remesh,0.229237,0.315033,0.010757,1,
id0161,id0381,crop,remesh,0.268287,0.374026,0.011662,1,
id0161,id0382,crop,remesh,0.306225,0.412026,0.018355,1,
id0161,id0392,crop,remesh,0.240400,0.279815,0.016368,1,
id0161,id0396,crop,remesh,0.288882,0.412088,0.017980,1,
id0161,id0398,crop,remesh,0.370674,0.525625,0.013125,1,
id0161,id0399,crop,remesh,0.299701,0.366102,0.011729,1,
id0161,id0401,crop,remesh,0.316914,0.346261,0.018312,1,
id0161,id0402,crop,remesh,0.217735,0.333885,0.013761,1,
id0161,id0404,crop,remesh,0.288604,0.430798,0.012726,1,
id0161,id0411,crop,remesh,0.324423,0.524905,0.024128,1,
id0161,id0412,crop,remesh,0.255116,0.337383,0.014149,1,
id0161,id0418,crop,remesh,0.321089,0.431807,0.012456,1,
id0161,id0421,crop,remesh,0.228201,0.318392,0.013942,1,
id0161,id0422,crop,remesh,0.238974,0.338423,0.012519,1,
id0161,id0431,crop,remesh,0.290943,0.464544,0.012995,1,
id0161,id0437,crop,remesh,0.312365,0.423099,0.010126,1,
id0161,id0441,crop,remesh,0.238724,0.353778,0.013578,1,
id0161,id0447,crop,remesh,0.361344,0.449141,0.005658,1,
id0161,id0460,crop,remesh,0.227916,0.376574,0.012030,1,
id0161,id0462,crop,remesh,0.286046,0.385011,0.009519,1,
id0161,id0465,crop,remesh,0.295465,0.357446,0.013828,1,
id0161,id0466,crop,remesh,0.301052,0.404302,0.005523,1,
id0161,id0468,crop,remesh,0.342881,0.547667,0.025674,1,
id0161,id0470,crop,remesh,0.298746,0.395014,0.013712,1,
id0161,id0476,crop,remesh,0.260110,0.343122,0.007014,1,
id0161,id0486,crop,remesh,0.334576,0.399977,0.014451,1,
id0161,id0491,crop,remesh,0.250825,0.324744,0.009658,1,
id0161,id0498,crop,remesh,0.309988,0.397335,0.013782,1,
id0169,id0182,crop,remesh,0.363158,0.468343,0.007769,1,
id0169,id0183,crop,remesh,0.495954,0.558150,0.006046,1,
id0169,id0186,crop,remesh,0.250719,0.384016,0.011051,1,
id0169,id0197,crop,remesh,0.332562,0.444374,0.007725,1,
id0169,id0199,crop,remesh,0.299983,0.486864,0.005218,1,
id0169,id0206,crop,remesh,0.452671,0.563768,0.014093,1,
id0169,id0207,crop,remesh,0.345146,0.413511,0.010631,1,
id0169,id0208,crop,remesh,0.329802,0.460209,0.006893,1,
id0169,id0212,crop,remesh,0.325289,0.375320,0.011895,1,
id0169,id0220,crop,remesh,0.288065,0.339893,0.009122,1,
id0169,id0222,crop,remesh,0.271629,0.373405,0.006256,1,
id0169,id0224,crop,remesh,0.309400,0.447516,0.009541,1,
id0169,id0233,crop,remesh,0.442293,0.402773,0.007642,1,
id0169,id0239,crop,remesh,0.350549,0.488703,0.016189,1,
id0169,id0242,crop,remesh,0.385366,0.407514,0.009556,1,
id0169,id0246,crop,remesh,0.300613,0.413904,0.013764,1,
id0169,id0258,crop,remesh,0.264319,0.319210,0.008453,1,
id0169,id0273,crop,remesh,0.321998,0.354063,0.009476,1,
id0169,id0275,crop,remesh,0.290937,0.420976,0.009015,1,
id0169,id0285,crop,remesh,0.302528,0.398479,0.007377,1,
id0169,id0290,crop,remesh,0.394913,0.474454,0.005109,1,
id0169,id0296,crop,remesh,0.311258,0.427110,0.007230,1,
id0169,id0299,crop,remesh,0.234042,0.333204,0.006324,1,
id0169,id0303,crop,remesh,0.324147,0.342923,0.005586,1,
id0169,id0319,crop,remesh,0.285033,0.412378,0.010046,1,
id0169,id0321,crop,remesh,0.370307,0.426702,0.005571,1,
id0169,id0326,crop,remesh,0.314916,0.437329,0.005281,1,
id0169,id0328,crop,remesh,0.324378,0.345599,0.006444,1,
id0169,id0330,crop,remesh,0.251613,0.360704,0.010672,1,
id0169,id0342,crop,remesh,0.232479,0.302001,0.010570,1,
id0169,id0346,crop,remesh,0.264931,0.402402,0.010525,1,
id0169,id0363,crop,remesh,0.357760,0.512937,0.012413,1,
id0169,id0367,crop,remesh,0.363148,0.444103,0.013518,1,
id0169,id0368,crop,remesh,0.252330,0.395480,0.007871,1,
id0169,id0369,crop,remesh,0.306022,0.408820,0.005020,1,
id0169,id0372,crop,remesh,0.299686,0.360334,0.007849,1,
id0169,id0373,crop,remesh,0.412478,0.503098,0.006997,1,
id0169,id0374,crop,remesh,0.457426,0.530613,0.009416,1,
id0169,id0378,crop,remesh,0.327663,0.398363,0.008235,1,
id0169,id0381,crop,remesh,0.329945,0.437837,0.009166,1,
id0169,id0382,crop,remesh,0.280668,0.354612,0.013544,1,
id0169,id0392,crop,remesh,0.333907,0.362125,0.012663,1,
id0169,id0396,crop,remesh,0.373885,0.452270,0.014473,1,
id0169,id0398,crop,remesh,0.289650,0.423322,0.008304,1,
id0169,id0399,crop,remesh,0.345471,0.383383,0.008929,1,
id0169,id0401,crop,remesh,0.258901,0.345094,0.013465,1,
id0169,id0402,crop,remesh,0.252700,0.343484,0.010164,1,
id0169,id0404,crop,remesh,0.258244,0.332889,0.008598,1,
id0169,id0411,crop,remesh,0.316268,0.467780,0.018650,1,
id0169,id0412,crop,remesh,0.248186,0.327853,0.010338,1,
id0169,id0418,crop,remesh,0.386024,0.488082,0.008740,1,
id0169,id0421,crop,remesh,0.313097,0.400687,0.010972,1,
id0169,id0422,crop,remesh,0.256349,0.351052,0.008993,1,
id0169,id0431,crop,remesh,0.220804,0.359675,0.008411,1,
id0169,id0437,crop,remesh,0.396121,0.505230,0.007458,1,
id0169,id0441,crop,remesh,0.238044,0.329904,0.009633,1,
id0169,id0447,crop,remesh,0.397070,0.451560,0.004236,1,
id0169,id0460,crop,remesh,0.294285,0.474695,0.009309,1,
id0169,id0462,crop,remesh,0.304396,0.366925,0.006649,1,
id0169,id0465,crop,remesh,0.235761,0.325238,0.009916,1,
id0169,id0466,crop,remesh,0.324389,0.417954,0.004116,1,
id0169,id0468,crop,remesh,0.308982,0.465309,0.019357,1,
id0169,id0470,crop,remesh,0.235393,0.338635,0.009150,1,
id0169,id0476,crop,remesh,0.353175,0.462307,0.005928,1,
id0169,id0486,crop,remesh,0.392350,0.437198,0.011189,1,
id0169,id0491,crop,remesh,0.363481,0.468267,0.007920,1,
id0169,id0498,crop,remesh,0.359111,0.507816,0.011369,1,
id0182,id0183,crop,remesh,0.440595,0.488471,0.005586,1,
id0182,id0186,crop,remesh,0.271680,0.466181,0.010660,1,
id0182,id0197,crop,remesh,0.328952,0.446279,0.007704,1,
id0182,id0199,crop,remesh,0.337526,0.437628,0.005266,1,
id0182,id0206,crop,remesh,0.542993,0.797588,0.016330,1,
id0182,id0207,crop,remesh,0.341938,0.502233,0.010331,1,
id0182,id0208,crop,remesh,0.220455,0.338873,0.005006,1,
id0182,id0212,crop,remesh,0.380124,0.451247,0.011594,1,
id0182,id0220,crop,remesh,0.270457,0.367704,0.008810,1,
id0182,id0222,crop,remesh,0.303335,0.394900,0.006522,1,
id0182,id0224,crop,remesh,0.308300,0.508374,0.009727,1,
id0182,id0233,crop,remesh,0.329672,0.286340,0.006395,1,
id0182,id0239,crop,remesh,0.464826,0.696716,0.017220,1,
id0182,id0242,crop,remesh,0.319188,0.420395,0.008261,1,
id0182,id0246,crop,remesh,0.384937,0.575139,0.013506,1,
id0182,id0258,crop,remesh,0.249929,0.401884,0.008632,1,
id0182,id0273,crop,remesh,0.258716,0.365610,0.008864,1,
id0182,id0275,crop,remesh,0.282723,0.373328,0.007387,1,
id0182,id0285,crop,remesh,0.378713,0.530833,0.007633,1,
id0182,id0290,crop,remesh,0.242371,0.295170,0.003785,1,
id0182,id0296,crop,remesh,0.347494,0.395094,0.006929,1,
id0182,id0299,crop,remesh,0.282774,0.371785,0.005941,1,
id0182,id0303,crop,remesh,0.308566,0.412159,0.006041,1,
id0182,id0319,crop,remesh,0.346815,0.512645,0.009559,1,
id0182,id0321,crop,remesh,0.267628,0.369169,0.005388,1,
id0182,id0326,crop,remesh,0.428306,0.526391,0.006165,1,
id0182,id0328,crop,remesh,0.284820,0.321268,0.005685,1,
id0182,id0330,crop,remesh,0.273147,0.448725,0.010944,1,
id0182,id0342,crop,remesh,0.338326,0.480991,0.011087,1,
id0182,id0346,crop,remesh,0.333379,0.558976,0.010700,1,
id0182,id0363,crop,remesh,0.407268,0.621911,0.011651,1,
id0182,id0367,crop,remesh,0.397063,0.550464,0.013309,1,
id0182,id0368,crop,remesh,0.292181,0.377690,0.006914,1,
id0182,id0369,crop,remesh,0.288154,0.318123,0.004514,1,
id0182,id0372,crop,remesh,0.360329,0.405419,0.007839,1,
id0182,id0373,crop,remesh,0.293153,0.343707,0.005492,1,
id0182,id0374,crop,remesh,0.345451,0.367628,0.006776,1,
id0182,id0378,crop,remesh,0.226487,0.346436,0.006876,1,
id0182,id0381,crop,remesh,0.286073,0.441899,0.008161,1,
id0182,id0382,crop,remesh,0.413366,0.556335,0.013999,1,
id0182,id0392,crop,remesh,0.305824,0.477822,0.012586,1,
id0182,id0396,crop,remesh,0.375636,0.553575,0.013302,1,
id0182,id0398,crop,remesh,0.459468,0.638519,0.011213,1,
id0182,id0399,crop,remesh,0.264513,0.291135,0.007553,1,
id0182,id0401,crop,remesh,0.335385,0.467600,0.013659,1,
id0182,id0402,crop,remesh,0.293039,0.466798,0.009826,1,
id0182,id0404,crop,remesh,0.369478,0.526394,0.009877,1,
id0182,id0411,crop,remesh,0.370471,0.624489,0.018373,1,
id0182,id0412,crop,remesh,0.357058,0.454648,0.010672,1,
id0182,id0418,crop,remesh,0.364104,0.580517,0.009764,1,
id0182,id0421,crop,remesh,0.290488,0.442071,0.009456,1,
id0182,id0422,crop,remesh,0.262052,0.432181,0.008722,1,
id0182,id0431,crop,remesh,0.383979,0.552981,0.010364,1,
id0182,id0437,crop,remesh,0.266531,0.414180,0.006369,1,
id0182,id0441,crop,remesh,0.278938,0.439017,0.009895,1,
id0182,id0447,crop,remesh,0.356610,0.345429,0.003724,1,
id0182,id0460,crop,remesh,0.248296,0.491862,0.007941,1,
id0182,id0462,crop,remesh,0.375730,0.476478,0.006939,1,
id0182,id0465,crop,remesh,0.321960,0.469671,0.010455,1,
id0182,id0466,crop,remesh,0.306274,0.315177,0.003343,1,
id0182,id0468,crop,remesh,0.465104,0.713867,0.020585,1,
id0182,id0470,crop,remesh,0.384362,0.549571,0.011116,1,
id0182,id0476,crop,remesh,0.242306,0.285175,0.004334,1,
id0182,id0486,crop,remesh,0.381650,0.471096,0.010035,1,
id0182,id0491,crop,remesh,0.188484,0.345815,0.005770,1,
id0182,id0498,crop,remesh,0.284516,0.437240,0.009031,1,
id0183,id0186,crop,remesh,0.398428,0.658759,0.021498,1,
id0183,id0197,crop,remesh,0.336062,0.515178,0.015037,1,
id0183,id0199,crop,remesh,0.315903,0.436620,0.011778,1,
id0183,id0206,crop,remesh,0.665719,0.939472,0.024238,1,
id0183,id0207,crop,remesh,0.485427,0.707855,0.018986,1,
id0183,id0208,crop,remesh,0.426467,0.589927,0.012826,1,
id0183,id0212,crop,remesh,0.545022,0.710655,0.023798,1,
id0183,id0220,crop,remesh,0.453195,0.658401,0.019581,1,
id0183,id0222,crop,remesh,0.420815,0.542652,0.013129,1,
id0183,id0224,crop,remesh,0.505578,0.673998,0.018865,1,
id0183,id0233,crop,remesh,0.334537,0.520777,0.014915,1,
id0183,id0239,crop,remesh,0.668442,0.876408,0.029733,1,
id0183,id0242,crop,remesh,0.381522,0.599122,0.017536,1,
id0183,id0246,crop,remesh,0.608263,0.853784,0.026194,1,
id0183,id0258,crop,remesh,0.444299,0.639895,0.018731,1,
id0183,id0273,crop,remesh,0.440473,0.663242,0.019392,1,
id0183,id0275,crop,remesh,0.476831,0.650260,0.017115,1,
id0183,id0285,crop,remesh,0.375183,0.682669,0.016465,1,
id0183,id0290,crop,remesh,0.404964,0.464683,0.011525,1,
id0183,id0296,crop,remesh,0.426266,0.593914,0.015002,1,
id0183,id0299,crop,remesh,0.430671,0.635221,0.014937,1,
id0183,id0303,crop,remesh,0.448542,0.692621,0.015344,1,
id0183,id0319,crop,remesh,0.589373,0.812635,0.021261,1,
id0183,id0321,crop,remesh,0.348466,0.525720,0.011287,1,
id0183,id0326,crop,remesh,0.382948,0.583898,0.013437,1,
id0183,id0328,crop,remesh,0.358581,0.558014,0.015426,1,
id0183,id0330,crop,remesh,0.537911,0.751951,0.022638,1,
id0183,id0342,crop,remesh,0.483498,0.750568,0.022879,1,
id0183,id0346,crop,remesh,0.460233,0.733003,0.019694,1,
id0183,id0363,crop,remesh,0.494776,0.840552,0.022237,1,
id0183,id0367,crop,remesh,0.534628,0.715806,0.024092,1,
id0183,id0368,crop,remesh,0.391206,0.537690,0.014956,1,
id0183,id0369,crop,remesh,0.328737,0.434129,0.012762,1,
id0183,id0372,crop,remesh,0.550924,0.587726,0.017338,1,
id0183,id0373,crop,remesh,0.338299,0.439762,0.013128,1,
id0183,id0374,crop,remesh,0.512372,0.661816,0.017153,1,
id0183,id0378,crop,remesh,0.467699,0.622937,0.016669,1,
id0183,id0381,crop,remesh,0.454109,0.566926,0.015860,1,
id0183,id0382,crop,remesh,0.526389,0.781249,0.025570,1,
id0183,id0392,crop,remesh,0.476604,0.676359,0.023147,1,
id0183,id0396,crop,remesh,0.408063,0.687895,0.023613,1,
id0183,id0398,crop,remesh,0.527491,0.745065,0.019489,1,
id0183,id0399,crop,remesh,0.385353,0.575274,0.017349,1,
id0183,id0401,crop,remesh,0.527012,0.762468,0.026010,1,
id0183,id0402,crop,remesh,0.495889,0.695827,0.019321,1,
id0183,id0404,crop,remesh,0.543894,0.732322,0.018889,1,
id0183,id0411,crop,remesh,0.585554,0.938664,0.033136,1,
id0183,id0412,crop,remesh,0.472189,0.596200,0.020008,1,
id0183,id0418,crop,remesh,0.512016,0.689761,0.018289,1,
id0183,id0421,crop,remesh,0.463429,0.690826,0.020046,1,
id0183,id0422,crop,remesh,0.432806,0.652828,0.017872,1,
id0183,id0431,crop,remesh,0.446837,0.698765,0.019971,1,
id0183,id0437,crop,remesh,0.509488,0.648983,0.018104,1,
id0183,id0441,crop,remesh,0.505270,0.747117,0.021110,1,
id0183,id0447,crop,remesh,0.325122,0.476731,0.010772,1,
id0183,id0460,crop,remesh,0.456365,0.720022,0.017937,1,
id0183,id0462,crop,remesh,0.356824,0.591159,0.014602,1,
id0183,id0465,crop,remesh,0.502967,0.732917,0.020305,1,
id0183,id0466,crop,remesh,0.385249,0.518087,0.010654,1,
id0183,id0468,crop,remesh,0.610376,0.918674,0.033665,1,
id0183,id0470,crop,remesh,0.536892,0.726883,0.020278,1,
id0183,id0476,crop,remesh,0.309417,0.452602,0.010905,1,
id0183,id0486,crop,remesh,0.386231,0.659814,0.018971,1,
id0183,id0491,crop,remesh,0.458551,0.631844,0.016420,1,
id0183,id0498,crop,remesh,0.525652,0.720330,0.018897,1,
id0186,id0197,crop,remesh,0.295795,0.381839,0.007449,1,
id0186,id0199,crop,remesh,0.278645,0.420836,0.004843,1,
id0186,id0206,crop,remesh,0.473101,0.592791,0.014261,1,
id0186,id0207,crop,remesh,0.261450,0.367906,0.009501,1,
id0186,id0208,crop,remesh,0.241827,0.371113,0.005623,1,
id0186,id0212,crop,remesh,0.424131,0.416085,0.011738,1,
id0186,id0220,crop,remesh,0.281272,0.326697,0.008703,1,
id0186,id0222,crop,remesh,0.283634,0.350427,0.005910,1,
id0186,id0224,crop,remesh,0.256210,0.342190,0.008765,1,
id0186,id0233,crop,remesh,0.342818,0.315161,0.006902,1,
id0186,id0239,crop,remesh,0.383020,0.454108,0.016004,1,
id0186,id0242,crop,remesh,0.262012,0.278971,0.008168,1,
id0186,id0246,crop,remesh,0.336612,0.434103,0.013381,1,
id0186,id0258,crop,remesh,0.248549,0.297860,0.008282,1,
id0186,id0273,crop,remesh,0.243252,0.308499,0.008764,1,
id0186,id0275,crop,remesh,0.283147,0.384748,0.008180,1,
id0186,id0285,crop,remesh,0.254345,0.342849,0.007129,1,
id0186,id0290,crop,remesh,0.312352,0.380301,0.004517,1,
id0186,id0296,crop,remesh,0.283182,0.418365,0.006810,1,
id0186,id0299,crop,remesh,0.233419,0.329656,0.006041,1,
id0186,id0303,crop,remesh,0.300972,0.407693,0.005710,1,
id0186,id0319,crop,remesh,0.350821,0.459767,0.009878,1,
id0186,id0321,crop,remesh,0.308085,0.438054,0.005283,1,
id0186,id0326,crop,remesh,0.335113,0.425866,0.005309,1,
id0186,id0328,crop,remesh,0.217608,0.297690,0.006058,1,
id0186,id0330,crop,remesh,0.287583,0.378385,0.010221,1,
id0186,id0342,crop,remesh,0.236520,0.335887,0.010411,1,
id0186,id0346,crop,remesh,0.240133,0.353687,0.010028,1,
id0186,id0363,crop,remesh,0.311975,0.442378,0.011213,1,
id0186,id0367,crop,remesh,0.299007,0.348188,0.012346,1,
id0186,id0368,crop,remesh,0.247674,0.296583,0.006731,1,
id0186,id0369,crop,remesh,0.278994,0.385747,0.005109,1,
id0186,id0372,crop,remesh,0.310965,0.307214,0.007548,1,
id0186,id0373,crop,remesh,0.266682,0.371203,0.005731,1,
id0186,id0374,crop,remesh,0.447921,0.486702,0.008271,1,
id0186,id0378,crop,remesh,0.247815,0.302286,0.007016,1,
id0186,id0381,crop,remesh,0.274857,0.328333,0.007817,1,
id0186,id0382,crop,remesh,0.310014,0.427905,0.013887,1,
id0186,id0392,crop,remesh,0.274935,0.300631,0.011999,1,
id0186,id0396,crop,remesh,0.242593,0.346535,0.013198,1,
id0186,id0398,crop,remesh,0.343688,0.512041,0.009548,1,
id0186,id0399,crop,remesh,0.278469,0.371225,0.008153,1,
id0186,id0401,crop,remesh,0.274993,0.348119,0.012779,1,
id0186,id0402,crop,remesh,0.263668,0.318735,0.009596,1,
id0186,id0404,crop,remesh,0.276550,0.391847,0.008733,1,
id0186,id0411,crop,remesh,0.344911,0.530277,0.018381,1,
id0186,id0412,crop,remesh,0.219198,0.306016,0.009694,1,
id0186,id0418,crop,remesh,0.342154,0.451538,0.008516,1,
id0186,id0421,crop,remesh,0.297572,0.344859,0.010091,1,
id0186,id0422,crop,remesh,0.187527,0.281104,0.008139,1,
id0186,id0431,crop,remesh,0.292008,0.448552,0.009325,1,
id0186,id0437,crop,remesh,0.329431,0.451323,0.007303,1,
id0186,id0441,crop,remesh,0.251657,0.360664,0.009375,1,
id0186,id0447,crop,remesh,0.375868,0.452110,0.004406,1,
id0186,id0460,crop,remesh,0.239512,0.372010,0.008492,1,
id0186,id0462,crop,remesh,0.250403,0.356330,0.006480,1,
id0186,id0465,crop,remesh,0.269132,0.376100,0.009630,1,
id0186,id0466,crop,remesh,0.327995,0.408746,0.004204,1,
id0186,id0468,crop,remesh,0.365582,0.526257,0.019514,1,
id0186,id0470,crop,remesh,0.270635,0.385493,0.009535,1,
id0186,id0476,crop,remesh,0.288363,0.346737,0.004717,1,
id0186,id0486,crop,remesh,0.324181,0.414789,0.010247,1,
id0186,id0491,crop,remesh,0.265703,0.341201,0.006819,1,
id0186,id0498,crop,remesh,0.342231,0.441024,0.009469,1,
id0197,id0199,crop,remesh,0.279553,0.337865,0.003132,1,
id0197,id0206,crop,remesh,0.477551,0.712097,0.010111,1,
id0197,id0207,crop,remesh,0.307771,0.485806,0.006574,1,
id0197,id0208,crop,remesh,0.299335,0.380927,0.004085,1,
id0197,id0212,crop,remesh,0.464887,0.479885,0.009390,1,
id0197,id0220,crop,remesh,0.317494,0.390854,0.006552,1,
id0197,id0222,crop,remesh,0.201158,0.276722,0.003156,1,
id0197,id0224,crop,remesh,0.319691,0.484095,0.007080,1,
id0197,id0233,crop,remesh,0.399826,0.369791,0.004910,1,
id0197,id0239,crop,remesh,0.437066,0.652172,0.012951,1,
id0197,id0242,crop,remesh,0.351783,0.420259,0.006189,1,
id0197,id0246,crop,remesh,0.373300,0.584105,0.010299,1,
id0197,id0258,crop,remesh,0.279571,0.390561,0.006007,1,
id0197,id0273,crop,remesh,0.339698,0.458992,0.007158,1,
id0197,id0275,crop,remesh,0.321618,0.410976,0.005745,1,
id0197,id0285,crop,remesh,0.331742,0.449819,0.004767,1,
id0197,id0290,crop,remesh,0.306106,0.354744,0.003196,1,
id0197,id0296,crop,remesh,0.288567,0.324017,0.003910,1,
id0197,id0299,crop,remesh,0.270154,0.379886,0.004378,1,
id0197,id0303,crop,remesh,0.371956,0.452081,0.005030,1,
id0197,id0319,crop,remesh,0.444687,0.563268,0.008193,1,
id0197,id0321,crop,remesh,0.246642,0.344965,0.003018,1,
id0197,id0326,crop,remesh,0.354605,0.386631,0.003419,1,
id0197,id0328,crop,remesh,0.338844,0.380432,0.004780,1,
id0197,id0330,crop,remesh,0.355093,0.519808,0.008861,1,
id0197,id0342,crop,remesh,0.361141,0.509428,0.008950,1,
id0197,id0346,crop,remesh,0.279342,0.500750,0.006884,1,
id0197,id0363,crop,remesh,0.424656,0.615264,0.008766,1,
id0197,id0367,crop,remesh,0.354479,0.474586,0.009744,1,
id0197,id0368,crop,remesh,0.271003,0.324317,0.004733,1,
id0197,id0369,crop,remesh,0.276224,0.290216,0.003190,1,
id0197,id0372,crop,remesh,0.334106,0.360202,0.005720,1,
id0197,id0373,crop,remesh,0.255968,0.324885,0.004117,1,
id0197,id0374,crop,remesh,0.429339,0.489870,0.005999,1,
id0197,id0378,crop,remesh,0.348384,0.458904,0.006496,1,
id0197,id0381,crop,remesh,0.262185,0.347897,0.005106,1,
id0197,id0382,crop,remesh,0.382828,0.518270,0.009738,1,
id0197,id0392,crop,remesh,0.288852,0.431389,0.008669,1,
id0197,id0396,crop,remesh,0.371714,0.509483,0.010182,1,
id0197,id0398,crop,remesh,0.411092,0.533617,0.007070,1,
id0197,id0399,crop,remesh,0.349533,0.379160,0.005789,1,
id0197,id0401,crop,remesh,0.391113,0.532253,0.011144,1,
id0197,id0402,crop,remesh,0.273649,0.435672,0.006451,1,
id0197,id0404,crop,remesh,0.326421,0.481172,0.006326,1,
id0197,id0411,crop,remesh,0.418663,0.659950,0.015002,1,
id0197,id0412,crop,remesh,0.325067,0.371663,0.007184,1,
id0197,id0418,crop,remesh,0.318032,0.442195,0.005958,1,
id0197,id0421,crop,remesh,0.324028,0.450296,0.006890,1,
id0197,id0422,crop,remesh,0.309368,0.431604,0.006223,1,
id0197,id0431,crop,remesh,0.336093,0.458385,0.006733,1,
id0197,id0437,crop,remesh,0.370639,0.521652,0.006567,1,
id0197,id0441,crop,remesh,0.334347,0.486113,0.007914,1,
id0197,id0447,crop,remesh,0.360699,0.345341,0.002986,1,
id0197,id0460,crop,remesh,0.312246,0.512457,0.006150,1,
id0197,id0462,crop,remesh,0.330795,0.368672,0.003698,1,
id0197,id0465,crop,remesh,0.352650,0.473246,0.007333,1,
id0197,id0466,crop,remesh,0.312978,0.297571,0.002358,1,
id0197,id0468,crop,remesh,0.457015,0.663603,0.015517,1,
id0197,id0470,crop,remesh,0.344886,0.485346,0.007561,1,
id0197,id0476,crop,remesh,0.256074,0.280209,0.002700,1,
id0197,id0486,crop,remesh,0.330816,0.447904,0.006498,1,
id0197,id0491,crop,remesh,0.306318,0.435693,0.005757,1,
id0197,id0498,crop,remesh,0.359109,0.497654,0.007041,1,
id0199,id0206,crop,remesh,0.593995,0.927168,0.019427,1,
id0199,id0207,crop,remesh,0.419706,0.702878,0.014531,1,
id0199,id0208,crop,remesh,0.336792,0.592433,0.009053,1,
id0199,id0212,crop,remesh,0.365931,0.630604,0.017531,1,
id0199,id0220,crop,remesh,0.370418,0.609223,0.014234,1,
id0199,id0222,crop,remesh,0.301849,0.553357,0.009277,1,
id0199,id0224,crop,remesh,0.373335,0.644216,0.013553,1,
id0199,id0233,crop,remesh,0.395373,0.512480,0.010592,1,
id0199,id0239,crop,remesh,0.510900,0.799962,0.022974,1,
id0199,id0242,crop,remesh,0.366010,0.607975,0.013090,1,
id0199,id0246,crop,remesh,0.481964,0.802266,0.020126,1,
id0199,id0258,crop,remesh,0.341162,0.602541,0.013571,1,
id0199,id0273,crop,remesh,0.352736,0.600309,0.013805,1,
id0199,id0275,crop,remesh,0.363987,0.615107,0.012497,1,
id0199,id0285,crop,remesh,0.326529,0.669828,0.011936,1,
id0199,id0290,crop,remesh,0.328036,0.474297,0.007620,1,
id0199,id0296,crop,remesh,0.326940,0.578027,0.010527,1,
id0199,id0299,crop,remesh,0.315998,0.588890,0.010013,1,
id0199,id0303,crop,remesh,0.357172,0.610414,0.009920,1,
id0199,id0319,crop,remesh,0.395406,0.719697,0.015208,1,
id0199,id0321,crop,remesh,0.309045,0.515869,0.007695,1,
id0199,id0326,crop,remesh,0.266222,0.584598,0.008944,1,
id0199,id0328,crop,remesh,0.264229,0.480734,0.010223,1,
id0199,id0330,crop,remesh,0.359778,0.647479,0.016126,1,
id0199,id0342,crop,remesh,0.333165,0.639952,0.016050,1,
id0199,id0346,crop,remesh,0.371580,0.709110,0.015054,1,
id0199,id0363,crop,remesh,0.438724,0.828901,0.017013,1,
id0199,id0367,crop,remesh,0.417961,0.677945,0.018289,1,
id0199,id0368,crop,remesh,0.252927,0.533636,0.010643,1,
id0199,id0369,crop,remesh,0.201038,0.390039,0.008241,1,
id0199,id0372,crop,remesh,0.344181,0.516739,0.011967,1,
id0199,id0373,crop,remesh,0.320420,0.473874,0.009108,1,
id0199,id0374,crop,remesh,0.477618,0.640634,0.012590,1,
id0199,id0378,crop,remesh,0.344834,0.584681,0.011737,1,
id0199,id0381,crop,remesh,0.328157,0.578277,0.011820,1,
id0199,id0382,crop,remesh,0.438408,0.738061,0.019846,1,
id0199,id0392,crop,remesh,0.406864,0.651031,0.017852,1,
id0199,id0396,crop,remesh,0.365509,0.655289,0.018410,1,
id0199,id0398,crop,remesh,0.342268,0.666432,0.013745,1,
id0199,id0399,crop,remesh,0.341952,0.534691,0.012658,1,
id0199,id0401,crop,remesh,0.384306,0.665212,0.019515,1,
id0199,id0402,crop,remesh,0.365419,0.649256,0.014466,1,
id0199,id0404,crop,remesh,0.413759,0.673930,0.013365,1,
id0199,id0411,crop,remesh,0.483217,0.853853,0.025918,1,
id0199,id0412,crop,remesh,0.323726,0.560756,0.015091,1,
id0199,id0418,crop,remesh,0.400766,0.668209,0.012996,1,
id0199,id0421,crop,remesh,0.396389,0.682970,0.015529,1,
id0199,id0422,crop,remesh,0.320755,0.609196,0.012815,1,
id0199,id0431,crop,remesh,0.290151,0.605130,0.014025,1,
id0199,id0437,crop,remesh,0.342172,0.563697,0.012163,1,
id0199,id0441,crop,remesh,0.367620,0.662275,0.015103,1,
id0199,id0447,crop,remesh,0.245628,0.411613,0.006563,1,
id0199,id0460,crop,remesh,0.364167,0.715697,0.013115,1,
id0199,id0462,crop,remesh,0.291581,0.585021,0.010422,1,
id0199,id0465,crop,remesh,0.358126,0.662844,0.014875,1,
id0199,id0466,crop,remesh,0.255558,0.467698,0.006418,1,
id0199,id0468,crop,remesh,0.493004,0.845866,0.026641,1,
id0199,id0470,crop,remesh,0.368983,0.645699,0.014261,1,
id0199,id0476,crop,remesh,0.244360,0.485896,0.007690,1,
id0199,id0486,crop,remesh,0.428304,0.672208,0.014953,1,
id0199,id0491,crop,remesh,0.336663,0.604413,0.011572,1,
id0199,id0498,crop,remesh,0.449407,0.719849,0.014810,1,
id0206,id0207,crop,remesh,0.325429,0.421401,0.004668,1,
id0206,id0208,crop,remesh,0.479824,0.611250,0.005690,1,
id0206,id0212,crop,remesh,0.643854,0.592730,0.006633,1,
id0206,id0220,crop,remesh,0.521351,0.507451,0.005155,1,
id0206,id0222,crop,remesh,0.424647,0.468960,0.003232,1,
id0206,id0224,crop,remesh,0.386198,0.511786,0.004233,1,
id0206,id0233,crop,remesh,0.601200,0.613303,0.005459,1,
id0206,id0239,crop,remesh,0.344455,0.465110,0.007186,1,
id0206,id0242,crop,remesh,0.498565,0.487772,0.005173,1,
id0206,id0246,crop,remesh,0.365506,0.445401,0.007579,1,
id0206,id0258,crop,remesh,0.470480,0.465467,0.004197,1,
id0206,id0273,crop,remesh,0.494502,0.566390,0.005853,1,
id0206,id0275,crop,remesh,0.526197,0.596728,0.006701,1,
id0206,id0285,crop,remesh,0.445615,0.402482,0.003311,1,
id0206,id0290,crop,remesh,0.605359,0.716782,0.005194,1,
id0206,id0296,crop,remesh,0.527380,0.568892,0.004062,1,
id0206,id0299,crop,remesh,0.425634,0.501903,0.004578,1,
id0206,id0303,crop,remesh,0.528420,0.578125,0.004546,1,
id0206,id0319,crop,remesh,0.521157,0.551680,0.006784,1,
id0206,id0321,crop,remesh,0.522977,0.610491,0.004033,1,
id0206,id0326,crop,remesh,0.499955,0.515356,0.002398,1,
id0206,id0328,crop,remesh,0.576923,0.618601,0.004786,1,
id0206,id0330,crop,remesh,0.511168,0.576903,0.006247,1,
id0206,id0342,crop,remesh,0.461135,0.492312,0.005924,1,
id0206,id0346,crop,remesh,0.320784,0.368314,0.004017,1,
id0206,id0363,crop,remesh,0.403964,0.448490,0.006598,1,
id0206,id0367,crop,remesh,0.356152,0.466537,0.006532,1,
id0206,id0368,crop,remesh,0.494471,0.543146,0.004914,1,
id0206,id0369,crop,remesh,0.585807,0.673902,0.004156,1,
id0206,id0372,crop,remesh,0.436451,0.557629,0.004598,1,
id0206,id0373,crop,remesh,0.522852,0.677145,0.005144,1,
id0206,id0374,crop,remesh,0.677221,0.748795,0.007422,1,
id0206,id0378,crop,remesh,0.466930,0.614546,0.006482,1,
id0206,id0381,crop,remesh,0.407769,0.507150,0.004967,1,
id0206,id0382,crop,remesh,0.395606,0.322510,0.006066,1,
id0206,id0392,crop,remesh,0.379692,0.415466,0.005650,1,
id0206,id0396,crop,remesh,0.462613,0.461430,0.007288,1,
id0206,id0398,crop,remesh,0.418322,0.446092,0.002221,1,
id0206,id0399,crop,remesh,0.571766,0.637251,0.006373,1,
id0206,id0401,crop,remesh,0.504895,0.554301,0.007338,1,
id0206,id0402,crop,remesh,0.345261,0.382979,0.004792,1,
id0206,id0404,crop,remesh,0.332890,0.368816,0.003654,1,
id0206,id0411,crop,remesh,0.478563,0.508466,0.010472,1,
id0206,id0412,crop,remesh,0.392556,0.435613,0.004697,1,
id0206,id0418,crop,remesh,0.363193,0.470419,0.003026,1,
id0206,id0421,crop,remesh,0.422741,0.471689,0.006261,1,
id0206,id0422,crop,remesh,0.395430,0.439364,0.004122,1,
id0206,id0431,crop,remesh,0.435475,0.473049,0.003459,1,
id0206,id0437,crop,remesh,0.589646,0.807725,0.006930,1,
id0206,id0441,crop,remesh,0.457943,0.525279,0.005772,1,
id0206,id0447,crop,remesh,0.694076,0.733888,0.005362,1,
id0206,id0460,crop,remesh,0.398669,0.505202,0.005695,1,
id0206,id0462,crop,remesh,0.499608,0.410006,0.002842,1,
id0206,id0465,crop,remesh,0.473635,0.451755,0.004370,1,
id0206,id0466,crop,remesh,0.624498,0.650763,0.004744,1,
id0206,id0468,crop,remesh,0.346580,0.367989,0.008791,1,
id0206,id0470,crop,remesh,0.360173,0.390821,0.003291,1,
id0206,id0476,crop,remesh,0.589597,0.646509,0.005102,1,
id0206,id0486,crop,remesh,0.494175,0.453301,0.005272,1,
id0206,id0491,crop,remesh,0.541140,0.676685,0.007066,1,
id0206,id0498,crop,remesh,0.486747,0.621520,0.007150,1,
id0207,id0208,crop,remesh,0.273306,0.400620,0.005767,1,
id0207,id0212,crop,remesh,0.512156,0.571760,0.012980,1,
id0207,id0220,crop,remesh,0.349998,0.330401,0.009402,1,
id0207,id0222,crop,remesh,0.266487,0.384370,0.005430,1,
id0207,id0224,crop,remesh,0.245721,0.484789,0.009691,1,
id0207,id0233,crop,remesh,0.382409,0.385425,0.007309,1,
id0207,id0239,crop,remesh,0.365914,0.624062,0.017372,1,
id0207,id0242,crop,remesh,0.285842,0.363273,0.008714,1,
id0207,id0246,crop,remesh,0.251739,0.439058,0.014244,1,
id0207,id0258,crop,remesh,0.284975,0.360256,0.008784,1,
id0207,id0273,crop,remesh,0.278422,0.394104,0.009660,1,
id0207,id0275,crop,remesh,0.346364,0.396543,0.008392,1,
id0207,id0285,crop,remesh,0.313824,0.474859,0.007324,1,
id0207,id0290,crop,remesh,0.379828,0.483430,0.004442,1,
id0207,id0296,crop,remesh,0.351428,0.427988,0.006687,1,
id0207,id0299,crop,remesh,0.262238,0.404339,0.006361,1,
id0207,id0303,crop,remesh,0.382100,0.506730,0.006539,1,
id0207,id0319,crop,remesh,0.409122,0.519969,0.010811,1,
id0207,id0321,crop,remesh,0.336854,0.419293,0.004713,1,
id0207,id0326,crop,remesh,0.404034,0.571841,0.005447,1,
id0207,id0328,crop,remesh,0.361331,0.491817,0.006879,1,
id0207,id0330,crop,remesh,0.358433,0.467391,0.011727,1,
id0207,id0342,crop,remesh,0.316851,0.466193,0.011625,1,
id0207,id0346,crop,remesh,0.199252,0.436189,0.010061,1,
id0207,id0363,crop,remesh,0.288943,0.488587,0.012048,1,
id0207,id0367,crop,remesh,0.258354,0.521494,0.013169,1,
id0207,id0368,crop,remesh,0.326485,0.428679,0.007160,1,
id0207,id0369,crop,remesh,0.395873,0.541779,0.005040,1,
id0207,id0372,crop,remesh,0.349396,0.513281,0.008103,1,
id0207,id0373,crop,remesh,0.295578,0.424055,0.005858,1,
id0207,id0374,crop,remesh,0.482490,0.440074,0.008446,1,
id0207,id0378,crop,remesh,0.280567,0.426088,0.008252,1,
id0207,id0381,crop,remesh,0.245983,0.392794,0.007871,1,
id0207,id0382,crop,remesh,0.323995,0.457897,0.014368,1,
id0207,id0392,crop,remesh,0.211089,0.378675,0.012411,1,
id0207,id0396,crop,remesh,0.277623,0.434265,0.013701,1,
id0207,id0398,crop,remesh,0.420879,0.642580,0.009985,1,
id0207,id0399,crop,remesh,0.350961,0.376456,0.008539,1,
id0207,id0401,crop,remesh,0.336760,0.478245,0.014209,1,
id0207,id0402,crop,remesh,0.226296,0.389979,0.009969,1,
id0207,id0404,crop,remesh,0.245999,0.390600,0.008940,1,
id0207,id0411,crop,remesh,0.379064,0.541058,0.019905,1,
id0207,id0412,crop,remesh,0.273647,0.457117,0.010207,1,
id0207,id0418,crop,remesh,0.306441,0.592956,0.008800,1,
id0207,id0421,crop,remesh,0.282977,0.388105,0.010353,1,
id0207,id0422,crop,remesh,0.233418,0.385825,0.008643,1,
id0207,id0431,crop,remesh,0.370972,0.578115,0.009601,1,
id0207,id0437,crop,remesh,0.409703,0.639149,0.008534,1,
id0207,id0441,crop,remesh,0.294992,0.439827,0.010383,1,
id0207,id0447,crop,remesh,0.506376,0.588991,0.004241,1,
id0207,id0460,crop,remesh,0.211183,0.425595,0.008785,1,
id0207,id0462,crop,remesh,0.341686,0.430355,0.006329,1,
id0207,id0465,crop,remesh,0.322444,0.403980,0.010174,1,
id0207,id0466,crop,remesh,0.446185,0.486880,0.003631,1,
id0207,id0468,crop,remesh,0.396046,0.638162,0.021111,1,
id0207,id0470,crop,remesh,0.315516,0.515319,0.009990,1,
id0207,id0476,crop,remesh,0.392807,0.446814,0.004638,1,
id0207,id0486,crop,remesh,0.335717,0.295586,0.010101,1,
id0207,id0491,crop,remesh,0.311022,0.475451,0.007529,1,
id0207,id0498,crop,remesh,0.304487,0.433392,0.010139,1,
id0208,id0212,crop,remesh,0.396225,0.497296,0.017245,1,
id0208,id0220,crop,remesh,0.269006,0.333510,0.013480,1,
id0208,id0222,crop,remesh,0.251992,0.356901,0.009370,1,
id0208,id0224,crop,remesh,0.298768,0.557177,0.014695,1,
id0208,id0233,crop,remesh,0.329124,0.325610,0.010600,1,
id0208,id0239,crop,remesh,0.464380,0.744645,0.024436,1,
id0208,id0242,crop,remesh,0.283075,0.428082,0.013168,1,
id0208,id0246,crop,remesh,0.338345,0.492444,0.019376,1,
id0208,id0258,crop,remesh,0.253159,0.405660,0.013332,1,
id0208,id0273,crop,remesh,0.264070,0.400769,0.013841,1,
id0208,id0275,crop,remesh,0.210063,0.297420,0.011277,1,
id0208,id0285,crop,remesh,0.309487,0.562563,0.012077,1,
id0208,id0290,crop,remesh,0.320910,0.415260,0.007016,1,
id0208,id0296,crop,remesh,0.256978,0.327524,0.010122,1,
id0208,id0299,crop,remesh,0.211177,0.361700,0.009571,1,
id0208,id0303,crop,remesh,0.276889,0.440097,0.009597,1,
id0208,id0319,crop,remesh,0.328135,0.477421,0.014097,1,
id0208,id0321,crop,remesh,0.240388,0.316542,0.007383,1,
id0208,id0326,crop,remesh,0.372345,0.581732,0.009569,1,
id0208,id0328,crop,remesh,0.293614,0.438398,0.010049,1,
id0208,id0330,crop,remesh,0.309624,0.516151,0.016537,1,
id0208,id0342,crop,remesh,0.317696,0.533792,0.016623,1,
id0208,id0346,crop,remesh,0.286940,0.550591,0.015665,1,
id0208,id0363,crop,remesh,0.326040,0.560685,0.017114,1,
id0208,id0367,crop,remesh,0.356853,0.548916,0.019123,1,
id0208,id0368,crop,remesh,0.225369,0.405064,0.010710,1,
id0208,id0369,crop,remesh,0.327012,0.475745,0.007967,1,
id0208,id0372,crop,remesh,0.348491,0.477750,0.011970,1,
id0208,id0373,crop,remesh,0.282830,0.380619,0.008913,1,
id0208,id0374,crop,remesh,0.355657,0.315223,0.011027,1,
id0208,id0378,crop,remesh,0.213849,0.360784,0.011182,1,
id0208,id0381,crop,remesh,0.262975,0.413926,0.011771,1,
id0208,id0382,crop,remesh,0.344591,0.504131,0.020039,1,
id0208,id0392,crop,remesh,0.284743,0.464601,0.018108,1,
id0208,id0396,crop,remesh,0.330114,0.567359,0.019093,1,
id0208,id0398,crop,remesh,0.445749,0.695144,0.015789,1,
id0208,id0399,crop,remesh,0.235965,0.275498,0.011612,1,
id0208,id0401,crop,remesh,0.321269,0.494084,0.019748,1,
id0208,id0402,crop,remesh,0.264744,0.432944,0.014570,1,
id0208,id0404,crop,remesh,0.324350,0.517675,0.014272,1,
id0208,id0411,crop,remesh,0.342174,0.554384,0.025467,1,
id0208,id0412,crop,remesh,0.296345,0.486344,0.015475,1,
id0208,id0418,crop,remesh,0.322377,0.574340,0.013925,1,
id0208,id0421,crop,remesh,0.219069,0.371337,0.014340,1,
id0208,id0422,crop,remesh,0.237856,0.476879,0.013605,1,
id0208,id0431,crop,remesh,0.345937,0.587739,0.014680,1,
id0208,id0437,crop,remesh,0.351815,0.564252,0.010991,1,
id0208,id0441,crop,remesh,0.260184,0.432950,0.014671,1,
id0208,id0447,crop,remesh,0.360722,0.442693,0.005806,1,
id0208,id0460,crop,remesh,0.185085,0.452146,0.012459,1,
id0208,id0462,crop,remesh,0.327168,0.495242,0.010664,1,
id0208,id0465,crop,remesh,0.287670,0.399482,0.015048,1,
id0208,id0466,crop,remesh,0.306432,0.393608,0.005468,1,
id0208,id0468,crop,remesh,0.430406,0.720086,0.028597,1,
id0208,id0470,crop,remesh,0.358062,0.585356,0.015545,1,
id0208,id0476,crop,remesh,0.242528,0.328783,0.006982,1,
id0208,id0486,crop,remesh,0.303470,0.354510,0.014748,1,
id0208,id0491,crop,remesh,0.210870,0.402727,0.009853,1,
id0208,id0498,crop,remesh,0.224473,0.315625,0.013668,1,
id0212,id0220,crop,remesh,0.317224,0.448939,0.004288,1,
id0212,id0222,crop,remesh,0.384811,0.437044,0.004235,1,
id0212,id0224,crop,remesh,0.486792,0.638573,0.006038,1,
id0212,id0233,crop,remesh,0.497529,0.509820,0.004523,1,
id0212,id0239,crop,remesh,0.566148,0.699090,0.008627,1,
id0212,id0242,crop,remesh,0.498312,0.573013,0.005219,1,
id0212,id0246,crop,remesh,0.469491,0.573358,0.006394,1,
id0212,id0258,crop,remesh,0.333507,0.479599,0.004297,1,
id0212,id0273,crop,remesh,0.408144,0.509649,0.004971,1,
id0212,id0275,crop,remesh,0.359840,0.456823,0.004767,1,
id0212,id0285,crop,remesh,0.451572,0.567162,0.004354,1,
id0212,id0290,crop,remesh,0.429023,0.549546,0.004475,1,
id0212,id0296,crop,remesh,0.355530,0.394269,0.003905,1,
id0212,id0299,crop,remesh,0.354071,0.437625,0.003530,1,
id0212,id0303,crop,remesh,0.351432,0.324744,0.003037,1,
id0212,id0319,crop,remesh,0.277795,0.409100,0.003970,1,
id0212,id0321,crop,remesh,0.415148,0.432939,0.003779,1,
id0212,id0326,crop,remesh,0.413478,0.456493,0.003656,1,
id0212,id0328,crop,remesh,0.403212,0.387039,0.003049,1,
id0212,id0330,crop,remesh,0.319007,0.500742,0.005172,1,
id0212,id0342,crop,remesh,0.397574,0.467776,0.005092,1,
id0212,id0346,crop,remesh,0.463472,0.614402,0.005899,1,
id0212,id0363,crop,remesh,0.520666,0.690715,0.006582,1,
id0212,id0367,crop,remesh,0.573459,0.580461,0.007098,1,
id0212,id0368,crop,remesh,0.366152,0.474448,0.005149,1,
id0212,id0369,crop,remesh,0.332282,0.378778,0.003029,1,
id0212,id0372,crop,remesh,0.446465,0.389365,0.003550,1,
id0212,id0373,crop,remesh,0.521926,0.588357,0.005356,1,
id0212,id0374,crop,remesh,0.413082,0.585515,0.004817,1,
id0212,id0378,crop,remesh,0.395226,0.492107,0.004682,1,
id0212,id0381,crop,remesh,0.445509,0.527989,0.005070,1,
id0212,id0382,crop,remesh,0.421256,0.488350,0.005814,1,
id0212,id0392,crop,remesh,0.477415,0.563995,0.006594,1,
id0212,id0396,crop,remesh,0.535752,0.633310,0.007710,1,
id0212,id0398,crop,remesh,0.412664,0.513534,0.005029,1,
id0212,id0399,crop,remesh,0.347193,0.378359,0.003646,1,
id0212,id0401,crop,remesh,0.355895,0.473936,0.006245,1,
id0212,id0402,crop,remesh,0.396278,0.501148,0.004862,1,
id0212,id0404,crop,remesh,0.451214,0.508437,0.004717,1,
id0212,id0411,crop,remesh,0.383117,0.584315,0.008482,1,
id0212,id0412,crop,remesh,0.404867,0.401116,0.004967,1,
id0212,id0418,crop,remesh,0.529365,0.554987,0.004644,1,
id0212,id0421,crop,remesh,0.393810,0.529390,0.005064,1,
id0212,id0422,crop,remesh,0.423740,0.552040,0.005027,1,
id0212,id0431,crop,remesh,0.371749,0.360171,0.004129,1,
id0212,id0437,crop,remesh,0.403965,0.496594,0.003345,1,
id0212,id0441,crop,remesh,0.331351,0.429476,0.004638,1,
id0212,id0447,crop,remesh,0.352362,0.316677,0.003767,1,
id0212,id0460,crop,remesh,0.403997,0.621875,0.004967,1,
id0212,id0462,crop,remesh,0.391265,0.468660,0.003862,1,
id0212,id0465,crop,remesh,0.312425,0.428949,0.004757,1,
id0212,id0466,crop,remesh,0.308301,0.385518,0.003360,1,
id0212,id0468,crop,remesh,0.494855,0.630876,0.009812,1,
id0212,id0470,crop,remesh,0.433512,0.508833,0.005188,1,
id0212,id0476,crop,remesh,0.363185,0.475143,0.004593,1,
id0212,id0486,crop,remesh,0.487437,0.594247,0.005649,1,
id0212,id0491,crop,remesh,0.382901,0.545340,0.004414,1,
id0212,id0498,crop,remesh,0.406059,0.601884,0.006116,1,
id0220,id0222,crop,remesh,0.267547,0.326799,0.003242,1,
id0220,id0224,crop,remesh,0.369747,0.505132,0.006184,1,
id0220,id0233,crop,remesh,0.387139,0.344394,0.004220,1,
id0220,id0239,crop,remesh,0.482724,0.634019,0.011096,1,
id0220,id0242,crop,remesh,0.382248,0.411340,0.005544,1,
id0220,id0246,crop,remesh,0.355109,0.401202,0.008043,1,
id0220,id0258,crop,remesh,0.203282,0.306688,0.004561,1,
id0220,id0273,crop,remesh,0.270872,0.331024,0.005197,1,
id0220,id0275,crop,remesh,0.216635,0.294510,0.004646,1,
id0220,id0285,crop,remesh,0.368549,0.490827,0.004387,1,
id0220,id0290,crop,remesh,0.322151,0.416022,0.002866,1,
id0220,id0296,crop,remesh,0.233337,0.296242,0.003505,1,
id0220,id0299,crop,remesh,0.249975,0.314183,0.003162,1,
id0220,id0303,crop,remesh,0.291015,0.344242,0.002660,1,
id0220,id0319,crop,remesh,0.264420,0.391818,0.005238,1,
id0220,id0321,crop,remesh,0.305151,0.310790,0.002743,1,
id0220,id0326,crop,remesh,0.413000,0.531168,0.003051,1,
id0220,id0328,crop,remesh,0.342344,0.376065,0.003204,1,
id0220,id0330,crop,remesh,0.221762,0.386544,0.006202,1,
id0220,id0342,crop,remesh,0.309856,0.407764,0.006365,1,
id0220,id0346,crop,remesh,0.328602,0.479116,0.006561,1,
id0220,id0363,crop,remesh,0.407879,0.538706,0.007476,1,
id0220,id0367,crop,remesh,0.469948,0.499588,0.008587,1,
id0220,id0368,crop,remesh,0.295894,0.388535,0.004483,1,
id0220,id0369,crop,remesh,0.296397,0.425567,0.002412,1,
id0220,id0372,crop,remesh,0.395667,0.401403,0.004058,1,
id0220,id0373,crop,remesh,0.373557,0.412300,0.004071,1,
id0220,id0374,crop,remesh,0.300964,0.345250,0.004759,1,
id0220,id0378,crop,remesh,0.333050,0.356834,0.004391,1,
id0220,id0381,crop,remesh,0.351371,0.400349,0.004914,1,
id0220,id0382,crop,remesh,0.306040,0.411140,0.008084,1,
id0220,id0392,crop,remesh,0.332249,0.389754,0.007767,1,
id0220,id0396,crop,remesh,0.394294,0.502671,0.009231,1,
id0220,id0398,crop,remesh,0.388347,0.579369,0.005804,1,
id0220,id0399,crop,remesh,0.247782,0.246938,0.004173,1,
id0220,id0401,crop,remesh,0.292796,0.386535,0.008114,1,
id0220,id0402,crop,remesh,0.278562,0.360601,0.005576,1,
id0220,id0404,crop,remesh,0.314830,0.398032,0.005260,1,
id0220,id0411,crop,remesh,0.245632,0.450868,0.011796,1,
id0220,id0412,crop,remesh,0.343553,0.402059,0.005766,1,
id0220,id0418,crop,remesh,0.412742,0.526925,0.005059,1,
id0220,id0421,crop,remesh,0.305159,0.368233,0.005992,1,
id0220,id0422,crop,remesh,0.293885,0.410487,0.005385,1,
id0220,id0431,crop,remesh,0.335661,0.472132,0.005089,1,
id0220,id0437,crop,remesh,0.400322,0.514463,0.003801,1,
id0220,id0441,crop,remesh,0.225377,0.326977,0.005441,1,
id0220,id0447,crop,remesh,0.372195,0.431600,0.002343,1,
id0220,id0460,crop,remesh,0.269943,0.452440,0.005220,1,
id0220,id0462,crop,remesh,0.293259,0.421880,0.003496,1,
id0220,id0465,crop,remesh,0.214501,0.309636,0.005590,1,
id0220,id0466,crop,remesh,0.277247,0.358527,0.002150,1,
id0220,id0468,crop,remesh,0.389025,0.606344,0.013356,1,
id0220,id0470,crop,remesh,0.322153,0.468691,0.006007,1,
id0220,id0476,crop,remesh,0.285236,0.375954,0.002997,1,
id0220,id0486,crop,remesh,0.295640,0.346541,0.006145,1,
id0220,id0491,crop,remesh,0.295143,0.393982,0.004053,1,
id0220,id0498,crop,remesh,0.273421,0.365750,0.006044,1,
id0222,id0224,crop,remesh,0.277499,0.515936,0.014191,1,
id0222,id0233,crop,remesh,0.420331,0.363107,0.010919,1,
id0222,id0239,crop,remesh,0.406942,0.666444,0.022988,1,
id0222,id0242,crop,remesh,0.379093,0.417231,0.013478,1,
id0222,id0246,crop,remesh,0.303261,0.467540,0.019094,1,
id0222,id0258,crop,remesh,0.229935,0.347742,0.012736,1,
id0222,id0273,crop,remesh,0.318235,0.409522,0.013944,1,
id0222,id0275,crop,remesh,0.267182,0.338587,0.011830,1,
id0222,id0285,crop,remesh,0.333911,0.488168,0.011378,1,
id0222,id0290,crop,remesh,0.293668,0.419493,0.007372,1,
id0222,id0296,crop,remesh,0.246892,0.285912,0.009674,1,
id0222,id0299,crop,remesh,0.211306,0.338628,0.009351,1,
id0222,id0303,crop,remesh,0.345667,0.402297,0.009148,1,
id0222,id0319,crop,remesh,0.349153,0.487777,0.014514,1,
id0222,id0321,crop,remesh,0.256050,0.269510,0.006873,1,
id0222,id0326,crop,remesh,0.318836,0.480391,0.008203,1,
id0222,id0328,crop,remesh,0.370995,0.415507,0.010350,1,
id0222,id0330,crop,remesh,0.291790,0.495667,0.016206,1,
id0222,id0342,crop,remesh,0.334356,0.483284,0.016131,1,
id0222,id0346,crop,remesh,0.251098,0.473430,0.014652,1,
id0222,id0363,crop,remesh,0.403082,0.563293,0.016931,1,
id0222,id0367,crop,remesh,0.336502,0.488489,0.018342,1,
id0222,id0368,crop,remesh,0.257729,0.385739,0.010760,1,
id0222,id0369,crop,remesh,0.289632,0.411036,0.007464,1,
id0222,id0372,crop,remesh,0.276945,0.412638,0.011560,1,
id0222,id0373,crop,remesh,0.310415,0.401447,0.009708,1,
id0222,id0374,crop,remesh,0.373407,0.412305,0.012486,1,
id0222,id0378,crop,remesh,0.301345,0.421151,0.012233,1,
id0222,id0381,crop,remesh,0.216114,0.389292,0.011752,1,
id0222,id0382,crop,remesh,0.307332,0.426086,0.018572,1,
id0222,id0392,crop,remesh,0.290747,0.400042,0.017259,1,
id0222,id0396,crop,remesh,0.403493,0.528778,0.019330,1,
id0222,id0398,crop,remesh,0.368818,0.557647,0.013210,1,
id0222,id0399,crop,remesh,0.332202,0.319405,0.011972,1,
id0222,id0401,crop,remesh,0.324403,0.466165,0.019152,1,
id0222,id0402,crop,remesh,0.207216,0.390822,0.013933,1,
id0222,id0404,crop,remesh,0.255132,0.431716,0.012814,1,
id0222,id0411,crop,remesh,0.359934,0.545305,0.025097,1,
id0222,id0412,crop,remesh,0.258415,0.391313,0.014223,1,
id0222,id0418,crop,remesh,0.275313,0.474195,0.012353,1,
id0222,id0421,crop,remesh,0.300215,0.383233,0.014681,1,
id0222,id0422,crop,remesh,0.269156,0.433948,0.013110,1,
id0222,id0431,crop,remesh,0.298100,0.474458,0.012749,1,
id0222,id0437,crop,remesh,0.368334,0.570954,0.012163,1,
id0222,id0441,crop,remesh,0.273585,0.409783,0.014260,1,
id0222,id0447,crop,remesh,0.385851,0.424042,0.005867,1,
id0222,id0460,crop,remesh,0.255521,0.478070,0.013097,1,
id0222,id0462,crop,remesh,0.330883,0.401513,0.009663,1,
id0222,id0465,crop,remesh,0.270638,0.350447,0.014346,1,
id0222,id0466,crop,remesh,0.309087,0.367378,0.005504,1,
id0222,id0468,crop,remesh,0.402107,0.630447,0.026355,1,
id0222,id0470,crop,remesh,0.277360,0.474139,0.013872,1,
id0222,id0476,crop,remesh,0.278529,0.355991,0.007082,1,
id0222,id0486,crop,remesh,0.333042,0.343638,0.014324,1,
id0222,id0491,crop,remesh,0.289282,0.458358,0.011402,1,
id0222,id0498,crop,remesh,0.280249,0.399533,0.014538,1,
id0224,id0233,crop,remesh,0.409726,0.315631,0.009169,1,
id0224,id0239,crop,remesh,0.296494,0.502969,0.018747,1,
id0224,id0242,crop,remesh,0.310919,0.328866,0.010817,1,
id0224,id0246,crop,remesh,0.321781,0.476638,0.016892,1,
id0224,id0258,crop,remesh,0.260001,0.284143,0.010630,1,
id0224,id0273,crop,remesh,0.281081,0.298926,0.011348,1,
id0224,id0275,crop,remesh,0.377411,0.443383,0.010983,1,
id0224,id0285,crop,remesh,0.351827,0.450795,0.009072,1,
id0224,id0290,crop,remesh,0.341670,0.353226,0.005992,1,
id0224,id0296,crop,remesh,0.402240,0.459015,0.009153,1,
id0224,id0299,crop,remesh,0.290507,0.379074,0.008171,1,
id0224,id0303,crop,remesh,0.395051,0.461477,0.008014,1,
id0224,id0319,crop,remesh,0.422388,0.541107,0.013038,1,
id0224,id0321,crop,remesh,0.338503,0.390936,0.007011,1,
id0224,id0326,crop,remesh,0.414867,0.539113,0.006859,1,
id0224,id0328,crop,remesh,0.326790,0.351605,0.008468,1,
id0224,id0330,crop,remesh,0.294890,0.390592,0.013222,1,
id0224,id0342,crop,remesh,0.280797,0.399935,0.013107,1,
id0224,id0346,crop,remesh,0.231811,0.385317,0.012064,1,
id0224,id0363,crop,remesh,0.378075,0.512234,0.014278,1,
id0224,id0367,crop,remesh,0.259738,0.453337,0.015586,1,
id0224,id0368,crop,remesh,0.322235,0.400198,0.008812,1,
id0224,id0369,crop,remesh,0.368751,0.428740,0.006674,1,
id0224,id0372,crop,remesh,0.297345,0.406183,0.009999,1,
id0224,id0373,crop,remesh,0.276766,0.352007,0.007289,1,
id0224,id0374,crop,remesh,0.489732,0.429350,0.010833,1,
id0224,id0378,crop,remesh,0.274956,0.356731,0.009964,1,
id0224,id0381,crop,remesh,0.247226,0.422805,0.010293,1,
id0224,id0382,crop,remesh,0.383398,0.476934,0.016928,1,
id0224,id0392,crop,remesh,0.243752,0.322815,0.014643,1,
id0224,id0396,crop,remesh,0.325529,0.420186,0.015792,1,
id0224,id0398,crop,remesh,0.389461,0.540846,0.010666,1,
id0224,id0399,crop,remesh,0.383566,0.415246,0.011303,1,
id0224,id0401,crop,remesh,0.331790,0.385376,0.016661,1,
id0224,id0402,crop,remesh,0.259157,0.377851,0.012114,1,
id0224,id0404,crop,remesh,0.248582,0.402843,0.010452,1,
id0224,id0411,crop,remesh,0.397241,0.552383,0.022343,1,
id0224,id0412,crop,remesh,0.317291,0.427886,0.012827,1,
id0224,id0418,crop,remesh,0.302429,0.490266,0.010611,1,
id0224,id0421,crop,remesh,0.352378,0.423401,0.013105,1,
id0224,id0422,crop,remesh,0.224414,0.308847,0.010257,1,
id0224,id0431,crop,remesh,0.356571,0.523678,0.011315,1,
id0224,id0437,crop,remesh,0.342101,0.486920,0.010205,1,
id0224,id0441,crop,remesh,0.288350,0.412672,0.012430,1,
id0224,id0447,crop,remesh,0.493221,0.530230,0.005841,1,
id0224,id0460,crop,remesh,0.270864,0.412098,0.010715,1,
id0224,id0462,crop,remesh,0.400732,0.446252,0.008294,1,
id0224,id0465,crop,remesh,0.331814,0.391298,0.012432,1,
id0224,id0466,crop,remesh,0.447942,0.457301,0.005337,1,
id0224,id0468,crop,remesh,0.412785,0.581254,0.022781,1,
id0224,id0470,crop,remesh,0.253377,0.399007,0.011159,1,
id0224,id0476,crop,remesh,0.380866,0.416926,0.006718,1,
id0224,id0486,crop,remesh,0.393943,0.404810,0.012773,1,
id0224,id0491,crop,remesh,0.306934,0.391383,0.009525,1,
id0224,id0498,crop,remesh,0.335386,0.451539,0.012940,1,
id0233,id0239,crop,remesh,0.589202,0.801438,0.028262,1,
id0233,id0242,crop,remesh,0.292918,0.508733,0.016697,1,
id0233,id0246,crop,remesh,0.473883,0.639333,0.023581,1,
id0233,id0258,crop,remesh,0.344233,0.495948,0.016661,1,
id0233,id0273,crop,remesh,0.263323,0.440678,0.016953,1,
id0233,id0275,crop,remesh,0.383285,0.455196,0.014701,1,
id0233,id0285,crop,remesh,0.375625,0.648758,0.014725,1,
id0233,id0290,crop,remesh,0.358314,0.347323,0.008718,1,
id0233,id0296,crop,remesh,0.405793,0.493374,0.013286,1,
id0233,id0299,crop,remesh,0.351210,0.462438,0.012299,1,
id0233,id0303,crop,remesh,0.368592,0.533566,0.012488,1,
id0233,id0319,crop,remesh,0.510307,0.629418,0.018314,1,
id0233,id0321,crop,remesh,0.321539,0.382948,0.010256,1,
id0233,id0326,crop,remesh,0.459129,0.639594,0.011800,1,
id0233,id0328,crop,remesh,0.267806,0.458801,0.012770,1,
id0233,id0330,crop,remesh,0.442767,0.554825,0.020422,1,
id0233,id0342,crop,remesh,0.389362,0.584799,0.020138,1,
id0233,id0346,crop,remesh,0.404756,0.628530,0.018956,1,
id0233,id0363,crop,remesh,0.348888,0.689841,0.020858,1,
id0233,id0367,crop,remesh,0.465502,0.652913,0.022997,1,
id0233,id0368,crop,remesh,0.380624,0.488208,0.013509,1,
id0233,id0369,crop,remesh,0.357021,0.440777,0.009972,1,
id0233,id0372,crop,remesh,0.533140,0.540735,0.014981,1,
id0233,id0373,crop,remesh,0.322755,0.377406,0.011260,1,
id0233,id0374,crop,remesh,0.423150,0.384746,0.014422,1,
id0233,id0378,crop,remesh,0.366356,0.431990,0.014465,1,
id0233,id0381,crop,remesh,0.433288,0.533861,0.015273,1,
id0233,id0382,crop,remesh,0.440125,0.630835,0.023721,1,
id0233,id0392,crop,remesh,0.352552,0.556021,0.021957,1,
id0233,id0396,crop,remesh,0.343587,0.630005,0.022529,1,
id0233,id0398,crop,remesh,0.544466,0.728862,0.018191,1,
id0233,id0399,crop,remesh,0.250842,0.375809,0.015245,1,
id0233,id0401,crop,remesh,0.400259,0.569574,0.024200,1,
id0233,id0402,crop,remesh,0.439202,0.559014,0.018250,1,
id0233,id0404,crop,remesh,0.474932,0.597422,0.017264,1,
id0233,id0411,crop,remesh,0.438135,0.699239,0.030536,1,
id0233,id0412,crop,remesh,0.433227,0.577658,0.018856,1,
id0233,id0418,crop,remesh,0.503456,0.671306,0.017134,1,
id0233,id0421,crop,remesh,0.363147,0.532221,0.018336,1,
id0233,id0422,crop,remesh,0.338883,0.527042,0.016716,1,
id0233,id0431,crop,remesh,0.446269,0.663965,0.017576,1,
id0233,id0437,crop,remesh,0.450290,0.531382,0.014090,1,
id0233,id0441,crop,remesh,0.388212,0.553469,0.018762,1,
id0233,id0447,crop,remesh,0.354559,0.460381,0.007646,1,
id0233,id0460,crop,remesh,0.330338,0.564623,0.015676,1,
id0233,id0462,crop,remesh,0.371103,0.579457,0.013215,1,
id0233,id0465,crop,remesh,0.406432,0.542288,0.019060,1,
id0233,id0466,crop,remesh,0.395817,0.440311,0.007690,1,
id0233,id0468,crop,remesh,0.534347,0.805903,0.032543,1,
id0233,id0470,crop,remesh,0.500596,0.632921,0.018634,1,
id0233,id0476,crop,remesh,0.339367,0.425846,0.009821,1,
id0233,id0486,crop,remesh,0.312496,0.484632,0.018209,1,
id0233,id0491,crop,remesh,0.337080,0.474203,0.012938,1,
id0233,id0498,crop,remesh,0.391276,0.501363,0.017961,1,
id0239,id0242,crop,remesh,0.468902,0.402191,0.005683,1,
id0239,id0246,crop,remesh,0.315654,0.478727,0.009047,1,
id0239,id0258,crop,remesh,0.403488,0.373301,0.004952,1,
id0239,id0273,crop,remesh,0.452858,0.437410,0.006435,1,
id0239,id0275,crop,remesh,0.477709,0.594853,0.007055,1,
id0239,id0285,crop,remesh,0.429462,0.386063,0.004338,1,
id0239,id0290,crop,remesh,0.515034,0.570920,0.004499,1,
id0239,id0296,crop,remesh,0.510041,0.604217,0.005313,1,
id0239,id0299,crop,remesh,0.390365,0.492404,0.004978,1,
id0239,id0303,crop,remesh,0.507133,0.533414,0.004352,1,
id0239,id0319,crop,remesh,0.431160,0.572723,0.007211,1,
id0239,id0321,crop,remesh,0.501893,0.612922,0.005189,1,
id0239,id0326,crop,remesh,0.502365,0.531961,0.003799,1,
id0239,id0328,crop,remesh,0.473615,0.414100,0.004283,1,
id0239,id0330,crop,remesh,0.396990,0.440960,0.006698,1,
id0239,id0342,crop,remesh,0.358061,0.351286,0.006640,1,
id0239,id0346,crop,remesh,0.312854,0.321146,0.006459,1,
id0239,id0363,crop,remesh,0.462757,0.494577,0.008403,1,
id0239,id0367,crop,remesh,0.291682,0.375202,0.008599,1,
id0239,id0368,crop,remesh,0.454218,0.502009,0.005753,1,
id0239,id0369,crop,remesh,0.504639,0.544067,0.004092,1,
id0239,id0372,crop,remesh,0.305565,0.400389,0.005501,1,
id0239,id0373,crop,remesh,0.478993,0.582152,0.005234,1,
id0239,id0374,crop,remesh,0.651392,0.686145,0.007030,1,
id0239,id0378,crop,remesh,0.393233,0.489823,0.005862,1,
id0239,id0381,crop,remesh,0.358618,0.506665,0.006548,1,
id0239,id0382,crop,remesh,0.408636,0.481705,0.009101,1,
id0239,id0392,crop,remesh,0.370298,0.338500,0.007755,1,
id0239,id0396,crop,remesh,0.426997,0.394284,0.009474,1,
id0239,id0398,crop,remesh,0.412790,0.477592,0.005241,1,
id0239,id0399,crop,remesh,0.543328,0.601431,0.006898,1,
id0239,id0401,crop,remesh,0.426509,0.365941,0.008595,1,
id0239,id0402,crop,remesh,0.288367,0.415301,0.006696,1,
id0239,id0404,crop,remesh,0.288712,0.434920,0.005326,1,
id0239,id0411,crop,remesh,0.429896,0.573663,0.012599,1,
id0239,id0412,crop,remesh,0.339404,0.412554,0.006819,1,
id0239,id0418,crop,remesh,0.349154,0.468213,0.005520,1,
id0239,id0421,crop,remesh,0.405241,0.494829,0.007406,1,
id0239,id0422,crop,remesh,0.355077,0.360093,0.005562,1,
id0239,id0431,crop,remesh,0.394355,0.485643,0.005648,1,
id0239,id0437,crop,remesh,0.432743,0.523371,0.005016,1,
id0239,id0441,crop,remesh,0.383917,0.443909,0.006237,1,
id0239,id0447,crop,remesh,0.646356,0.668291,0.004916,1,
id0239,id0460,crop,remesh,0.387875,0.470680,0.006273,1,
id0239,id0462,crop,remesh,0.484251,0.475413,0.004457,1,
id0239,id0465,crop,remesh,0.443853,0.460246,0.006243,1,
id0239,id0466,crop,remesh,0.564435,0.605477,0.004244,1,
id0239,id0468,crop,remesh,0.341460,0.445538,0.012799,1,
id0239,id0470,crop,remesh,0.276756,0.328114,0.005687,1,
id0239,id0476,crop,remesh,0.551087,0.590421,0.005286,1,
id0239,id0486,crop,remesh,0.528643,0.594388,0.008043,1,
id0239,id0491,crop,remesh,0.471070,0.500011,0.005846,1,
id0239,id0498,crop,remesh,0.469018,0.626989,0.008132,1,
id0242,id0246,crop,remesh,0.404702,0.527284,0.016282,1,
id0242,id0258,crop,remesh,0.308529,0.352747,0.010464,1,
id0242,id0273,crop,remesh,0.289782,0.373043,0.011372,1,
id0242,id0275,crop,remesh,0.390679,0.426350,0.010043,1,
id0242,id0285,crop,remesh,0.254317,0.441256,0.009022,1,
id0242,id0290,crop,remesh,0.407891,0.366562,0.005598,1,
id0242,id0296,crop,remesh,0.410910,0.451698,0.008597,1,
id0242,id0299,crop,remesh,0.319387,0.420941,0.008358,1,
id0242,id0303,crop,remesh,0.356661,0.511882,0.008249,1,
id0242,id0319,crop,remesh,0.464741,0.558031,0.012610,1,
id0242,id0321,crop,remesh,0.365004,0.421199,0.006768,1,
id0242,id0326,crop,remesh,0.401243,0.509413,0.007561,1,
id0242,id0328,crop,remesh,0.245624,0.335597,0.007621,1,
id0242,id0330,crop,remesh,0.396913,0.500215,0.013779,1,
id0242,id0342,crop,remesh,0.323656,0.479140,0.013794,1,
id0242,id0346,crop,remesh,0.302419,0.424211,0.012221,1,
id0242,id0363,crop,remesh,0.283750,0.506478,0.013888,1,
id0242,id0367,crop,remesh,0.335460,0.435432,0.014892,1,
id0242,id0368,crop,remesh,0.332835,0.357384,0.008753,1,
id0242,id0369,crop,remesh,0.359819,0.421854,0.006797,1,
id0242,id0372,crop,remesh,0.461654,0.392610,0.009990,1,
id0242,id0373,crop,remesh,0.247632,0.306756,0.006693,1,
id0242,id0374,crop,remesh,0.510435,0.463092,0.009275,1,
id0242,id0378,crop,remesh,0.276264,0.321947,0.008764,1,
id0242,id0381,crop,remesh,0.361402,0.344594,0.009623,1,
id0242,id0382,crop,remesh,0.411291,0.529493,0.016910,1,
id0242,id0392,crop,remesh,0.250182,0.356727,0.014266,1,
id0242,id0396,crop,remesh,0.245091,0.379262,0.015024,1,
id0242,id0398,crop,remesh,0.486689,0.639247,0.012917,1,
id0242,id0399,crop,remesh,0.297542,0.389182,0.010234,1,
id0242,id0401,crop,remesh,0.361365,0.445621,0.016005,1,
id0242,id0402,crop,remesh,0.348024,0.409868,0.012063,1,
id0242,id0404,crop,remesh,0.396943,0.499043,0.011618,1,
id0242,id0411,crop,remesh,0.418032,0.647535,0.022050,1,
id0242,id0412,crop,remesh,0.368041,0.393318,0.012401,1,
id0242,id0418,crop,remesh,0.421574,0.520941,0.011064,1,
id0242,id0421,crop,remesh,0.276965,0.376757,0.011833,1,
id0242,id0422,crop,remesh,0.266938,0.371365,0.010613,1,
id0242,id0431,crop,remesh,0.383572,0.569429,0.012506,1,
id0242,id0437,crop,remesh,0.396758,0.472025,0.009004,1,
id0242,id0441,crop,remesh,0.340187,0.464358,0.012294,1,
id0242,id0447,crop,remesh,0.409536,0.497435,0.005801,1,
id0242,id0460,crop,remesh,0.286010,0.381622,0.010121,1,
id0242,id0462,crop,remesh,0.338925,0.429142,0.008508,1,
id0242,id0465,crop,remesh,0.374121,0.457485,0.012175,1,
id0242,id0466,crop,remesh,0.404746,0.460284,0.005411,1,
id0242,id0468,crop,remesh,0.480385,0.670918,0.023761,1,
id0242,id0470,crop,remesh,0.413583,0.512292,0.012689,1,
id0242,id0476,crop,remesh,0.324870,0.313245,0.005884,1,
id0242,id0486,crop,remesh,0.332722,0.424121,0.012210,1,
id0242,id0491,crop,remesh,0.321024,0.350193,0.008092,1,
id0242,id0498,crop,remesh,0.373284,0.445384,0.011236,1,
id0246,id0258,crop,remesh,0.298299,0.304407,0.005141,1,
id0246,id0273,crop,remesh,0.320576,0.314152,0.005912,1,
id0246,id0275,crop,remesh,0.332442,0.334684,0.005059,1,
id0246,id0285,crop,remesh,0.372854,0.477143,0.004928,1,
id0246,id0290,crop,remesh,0.427600,0.506351,0.003360,1,
id0246,id0296,crop,remesh,0.363989,0.414422,0.004186,1,
id0246,id0299,crop,remesh,0.264699,0.328243,0.003746,1,
id0246,id0303,crop,remesh,0.394235,0.377984,0.003204,1,
id0246,id0319,crop,remesh,0.334364,0.399034,0.005808,1,
id0246,id0321,crop,remesh,0.406469,0.433744,0.003657,1,
id0246,id0326,crop,remesh,0.452308,0.586005,0.003705,1,
id0246,id0328,crop,remesh,0.408351,0.425769,0.003783,1,
id0246,id0330,crop,remesh,0.326388,0.385901,0.007009,1,
id0246,id0342,crop,remesh,0.312557,0.357686,0.006926,1,
id0246,id0346,crop,remesh,0.272059,0.388699,0.007413,1,
id0246,id0363,crop,remesh,0.352645,0.414631,0.008293,1,
id0246,id0367,crop,remesh,0.316452,0.422800,0.009084,1,
id0246,id0368,crop,remesh,0.381364,0.454017,0.005175,1,
id0246,id0369,crop,remesh,0.440472,0.558127,0.003175,1,
id0246,id0372,crop,remesh,0.330282,0.430437,0.004718,1,
id0246,id0373,crop,remesh,0.407588,0.528967,0.004661,1,
id0246,id0374,crop,remesh,0.475000,0.420932,0.005275,1,
id0246,id0378,crop,remesh,0.303793,0.357776,0.004699,1,
id0246,id0381,crop,remesh,0.317463,0.465952,0.005850,1,
id0246,id0382,crop,remesh,0.276400,0.346520,0.009279,1,
id0246,id0392,crop,remesh,0.287487,0.327560,0.008476,1,
id0246,id0396,crop,remesh,0.414381,0.507176,0.010378,1,
id0246,id0398,crop,remesh,0.423078,0.602571,0.006906,1,
id0246,id0399,crop,remesh,0.395805,0.380430,0.005077,1,
id0246,id0401,crop,remesh,0.292219,0.275703,0.008637,1,
id0246,id0402,crop,remesh,0.217821,0.340598,0.006571,1,
id0246,id0404,crop,remesh,0.233532,0.390797,0.005917,1,
id0246,id0411,crop,remesh,0.295615,0.325375,0.012818,1,
id0246,id0412,crop,remesh,0.294173,0.449899,0.006716,1,
id0246,id0418,crop,remesh,0.353160,0.508856,0.005728,1,
id0246,id0421,crop,remesh,0.287141,0.319969,0.006607,1,
id0246,id0422,crop,remesh,0.335111,0.408384,0.006387,1,
id0246,id0431,crop,remesh,0.368271,0.515344,0.005780,1,
id0246,id0437,crop,remesh,0.393309,0.529444,0.003801,1,
id0246,id0441,crop,remesh,0.251896,0.260948,0.005813,1,
id0246,id0447,crop,remesh,0.557835,0.586728,0.002841,1,
id0246,id0460,crop,remesh,0.270471,0.389042,0.005687,1,
id0246,id0462,crop,remesh,0.400380,0.496444,0.004433,1,
id0246,id0465,crop,remesh,0.306742,0.248928,0.006166,1,
id0246,id0466,crop,remesh,0.469095,0.513199,0.002697,1,
id0246,id0468,crop,remesh,0.349240,0.505434,0.015117,1,
id0246,id0470,crop,remesh,0.314922,0.428776,0.006806,1,
id0246,id0476,crop,remesh,0.471874,0.514622,0.003924,1,
id0246,id0486,crop,remesh,0.421057,0.399352,0.007578,1,
id0246,id0491,crop,remesh,0.332013,0.403455,0.004351,1,
id0246,id0498,crop,remesh,0.298545,0.356878,0.006864,1,
id0258,id0273,crop,remesh,0.231813,0.297588,0.006880,1,
id0258,id0275,crop,remesh,0.261157,0.395932,0.006207,1,
id0258,id0285,crop,remesh,0.317975,0.472907,0.005095,1,
id0258,id0290,crop,remesh,0.278653,0.381555,0.003404,1,
id0258,id0296,crop,remesh,0.276316,0.381043,0.004467,1,
id0258,id0299,crop,remesh,0.248307,0.363297,0.004633,1,
id0258,id0303,crop,remesh,0.312777,0.390912,0.003955,1,
id0258,id0319,crop,remesh,0.328000,0.487087,0.007347,1,
id0258,id0321,crop,remesh,0.256379,0.330377,0.003623,1,
id0258,id0326,crop,remesh,0.396761,0.551276,0.003842,1,
id0258,id0328,crop,remesh,0.264936,0.333512,0.004090,1,
id0258,id0330,crop,remesh,0.231432,0.387311,0.008199,1,
id0258,id0342,crop,remesh,0.294021,0.406344,0.008473,1,
id0258,id0346,crop,remesh,0.266297,0.413446,0.007735,1,
id0258,id0363,crop,remesh,0.389533,0.537229,0.009340,1,
id0258,id0367,crop,remesh,0.396161,0.471195,0.010242,1,
id0258,id0368,crop,remesh,0.289823,0.417853,0.005573,1,
id0258,id0369,crop,remesh,0.283052,0.430668,0.003243,1,
id0258,id0372,crop,remesh,0.363590,0.395904,0.005464,1,
id0258,id0373,crop,remesh,0.323282,0.400432,0.004669,1,
id0258,id0374,crop,remesh,0.317611,0.364652,0.006049,1,
id0258,id0378,crop,remesh,0.285009,0.344862,0.005559,1,
id0258,id0381,crop,remesh,0.284611,0.432164,0.006198,1,
id0258,id0382,crop,remesh,0.267576,0.432761,0.009888,1,
id0258,id0392,crop,remesh,0.227425,0.302306,0.008897,1,
id0258,id0396,crop,remesh,0.371685,0.481134,0.010877,1,
id0258,id0398,crop,remesh,0.376812,0.561886,0.006987,1,
id0258,id0399,crop,remesh,0.239231,0.337047,0.005849,1,
id0258,id0401,crop,remesh,0.231799,0.334775,0.010164,1,
id0258,id0402,crop,remesh,0.244482,0.375547,0.007192,1,
id0258,id0404,crop,remesh,0.268839,0.412063,0.006531,1,
id0258,id0411,crop,remesh,0.260324,0.489611,0.014333,1,
id0258,id0412,crop,remesh,0.278338,0.401621,0.007201,1,
id0258,id0418,crop,remesh,0.361750,0.496456,0.006179,1,
id0258,id0421,crop,remesh,0.290087,0.383314,0.007440,1,
id0258,id0422,crop,remesh,0.263324,0.384885,0.006764,1,
id0258,id0431,crop,remesh,0.321940,0.498923,0.006467,1,
id0258,id0437,crop,remesh,0.324317,0.467572,0.004924,1,
id0258,id0441,crop,remesh,0.209575,0.343175,0.007070,1,
id0258,id0447,crop,remesh,0.372273,0.500577,0.002880,1,
id0258,id0460,crop,remesh,0.244783,0.441666,0.006441,1,
id0258,id0462,crop,remesh,0.305833,0.454558,0.004532,1,
id0258,id0465,crop,remesh,0.199790,0.317009,0.007106,1,
id0258,id0466,crop,remesh,0.322732,0.443927,0.002921,1,
id0258,id0468,crop,remesh,0.386700,0.582304,0.015653,1,
id0258,id0470,crop,remesh,0.298473,0.423301,0.007408,1,
id0258,id0476,crop,remesh,0.281349,0.407317,0.003707,1,
id0258,id0486,crop,remesh,0.292073,0.384002,0.007768,1,
id0258,id0491,crop,remesh,0.234404,0.375397,0.005087,1,
id0258,id0498,crop,remesh,0.228826,0.373434,0.007381,1,
id0273,id0275,crop,remesh,0.299147,0.392921,0.006738,1,
id0273,id0285,crop,remesh,0.362369,0.543450,0.006439,1,
id0273,id0290,crop,remesh,0.301152,0.328941,0.003372,1,
id0273,id0296,crop,remesh,0.315346,0.431055,0.005754,1,
id0273,id0299,crop,remesh,0.262451,0.367108,0.004768,1,
id0273,id0303,crop,remesh,0.289955,0.400655,0.004578,1,
id0273,id0319,crop,remesh,0.366790,0.495664,0.008030,1,
id0273,id0321,crop,remesh,0.270378,0.325879,0.004394,1,
id0273,id0326,crop,remesh,0.440685,0.588487,0.004647,1,
id0273,id0328,crop,remesh,0.233629,0.339003,0.004935,1,
id0273,id0330,crop,remesh,0.256668,0.353948,0.009063,1,
id0273,id0342,crop,remesh,0.258605,0.404546,0.008701,1,
id0273,id0346,crop,remesh,0.305843,0.481247,0.009115,1,
id0273,id0363,crop,remesh,0.332391,0.569936,0.010006,1,
id0273,id0367,crop,remesh,0.369326,0.535298,0.011273,1,
id0273,id0368,crop,remesh,0.318571,0.434516,0.006012,1,
id0273,id0369,crop,remesh,0.323096,0.409660,0.003646,1,
id0273,id0372,crop,remesh,0.378896,0.430186,0.006120,1,
id0273,id0373,crop,remesh,0.306545,0.378908,0.004861,1,
id0273,id0374,crop,remesh,0.372780,0.319602,0.006492,1,
id0273,id0378,crop,remesh,0.268403,0.319745,0.006011,1,
id0273,id0381,crop,remesh,0.328386,0.472079,0.007086,1,
id0273,id0382,crop,remesh,0.348569,0.498138,0.011683,1,
id0273,id0392,crop,remesh,0.254253,0.406337,0.010688,1,
id0273,id0396,crop,remesh,0.327324,0.520778,0.011448,1,
id0273,id0398,crop,remesh,0.429466,0.610341,0.008324,1,
id0273,id0399,crop,remesh,0.215019,0.302495,0.006556,1,
id0273,id0401,crop,remesh,0.252559,0.366710,0.011577,1,
id0273,id0402,crop,remesh,0.293559,0.422620,0.008181,1,
id0273,id0404,crop,remesh,0.313348,0.437877,0.007669,1,
id0273,id0411,crop,remesh,0.323295,0.533726,0.016090,1,
id0273,id0412,crop,remesh,0.342873,0.468553,0.008709,1,
id0273,id0418,crop,remesh,0.406482,0.575524,0.007836,1,
id0273,id0421,crop,remesh,0.313345,0.443676,0.008567,1,
id0273,id0422,crop,remesh,0.252837,0.397923,0.007400,1,
id0273,id0431,crop,remesh,0.377170,0.542292,0.007681,1,
id0273,id0437,crop,remesh,0.330768,0.435284,0.005449,1,
id0273,id0441,crop,remesh,0.225170,0.385049,0.008337,1,
id0273,id0447,crop,remesh,0.395035,0.473796,0.003144,1,
id0273,id0460,crop,remesh,0.244181,0.465178,0.006906,1,
id0273,id0462,crop,remesh,0.346478,0.504790,0.005530,1,
id0273,id0465,crop,remesh,0.249298,0.372422,0.008618,1,
id0273,id0466,crop,remesh,0.381269,0.422333,0.003208,1,
id0273,id0468,crop,remesh,0.434959,0.650013,0.017560,1,
id0273,id0470,crop,remesh,0.337876,0.473081,0.008388,1,
id0273,id0476,crop,remesh,0.323489,0.420764,0.004414,1,
id0273,id0486,crop,remesh,0.293219,0.417166,0.008711,1,
id0273,id0491,crop,remesh,0.246439,0.376387,0.005524,1,
id0273,id0498,crop,remesh,0.286220,0.422398,0.008718,1,
id0275,id0285,crop,remesh,0.364741,0.586899,0.012424,1,
id0275,id0290,crop,remesh,0.352355,0.437114,0.007038,1,
id0275,id0296,crop,remesh,0.202739,0.339853,0.010100,1,
id0275,id0299,crop,remesh,0.232467,0.346873,0.009437,1,
id0275,id0303,crop,remesh,0.301787,0.396605,0.009197,1,
id0275,id0319,crop,remesh,0.297327,0.452659,0.014077,1,
id0275,id0321,crop,remesh,0.303362,0.336427,0.007679,1,
id0275,id0326,crop,remesh,0.407756,0.599249,0.009629,1,
id0275,id0328,crop,remesh,0.359255,0.456077,0.010213,1,
id0275,id0330,crop,remesh,0.280316,0.483331,0.016308,1,
id0275,id0342,crop,remesh,0.331808,0.501094,0.016407,1,
id0275,id0346,crop,remesh,0.326083,0.572724,0.016206,1,
id0275,id0363,crop,remesh,0.376451,0.587093,0.017492,1,
id0275,id0367,crop,remesh,0.441308,0.577410,0.019335,1,
id0275,id0368,crop,remesh,0.232321,0.433363,0.010826,1,
id0275,id0369,crop,remesh,0.342958,0.483993,0.007799,1,
id0275,id0372,crop,remesh,0.383092,0.490143,0.011881,1,
id0275,id0373,crop,remesh,0.385213,0.454392,0.009591,1,
id0275,id0374,crop,remesh,0.299525,0.313099,0.011382,1,
id0275,id0378,crop,remesh,0.312319,0.393169,0.011612,1,
id0275,id0381,crop,remesh,0.331110,0.470131,0.012364,1,
id0275,id0382,crop,remesh,0.299797,0.493598,0.020140,1,
id0275,id0392,crop,remesh,0.331916,0.493021,0.018455,1,
id0275,id0396,crop,remesh,0.391581,0.612466,0.020004,1,
id0275,id0398,crop,remesh,0.445963,0.692838,0.015878,1,
id0275,id0399,crop,remesh,0.249857,0.254113,0.011717,1,
id0275,id0401,crop,remesh,0.292745,0.469120,0.019619,1,
id0275,id0402,crop,remesh,0.279811,0.452771,0.014935,1,
id0275,id0404,crop,remesh,0.310427,0.497186,0.014101,1,
id0275,id0411,crop,remesh,0.279378,0.510750,0.025391,1,
id0275,id0412,crop,remesh,0.314411,0.511538,0.015576,1,
id0275,id0418,crop,remesh,0.415975,0.617052,0.014037,1,
id0275,id0421,crop,remesh,0.238905,0.396463,0.014783,1,
id0275,id0422,crop,remesh,0.295647,0.497479,0.014024,1,
id0275,id0431,crop,remesh,0.342008,0.575915,0.014260,1,
id0275,id0437,crop,remesh,0.407298,0.551650,0.010858,1,
id0275,id0441,crop,remesh,0.210404,0.392329,0.014344,1,
id0275,id0447,crop,remesh,0.364442,0.437483,0.005436,1,
id0275,id0460,crop,remesh,0.235663,0.494900,0.012891,1,
id0275,id0462,crop,remesh,0.333086,0.520535,0.011028,1,
id0275,id0465,crop,remesh,0.250042,0.386689,0.015242,1,
id0275,id0466,crop,remesh,0.268624,0.381523,0.005103,1,
id0275,id0468,crop,remesh,0.385019,0.708306,0.028575,1,
id0275,id0470,crop,remesh,0.359535,0.580145,0.015635,1,
id0275,id0476,crop,remesh,0.276828,0.407548,0.007147,1,
id0275,id0486,crop,remesh,0.312783,0.393670,0.015553,1,
id0275,id0491,crop,remesh,0.267146,0.433209,0.010000,1,
id0275,id0498,crop,remesh,0.248654,0.363871,0.014453,1,
id0285,id0290,crop,remesh,0.443652,0.454435,0.006311,1,
id0285,id0296,crop,remesh,0.353664,0.419072,0.008855,1,
id0285,id0299,crop,remesh,0.257728,0.371805,0.008507,1,
id0285,id0303,crop,remesh,0.337943,0.455699,0.008203,1,
id0285,id0319,crop,remesh,0.403351,0.511200,0.013461,1,
id0285,id0321,crop,remesh,0.398127,0.486632,0.007214,1,
id0285,id0326,crop,remesh,0.242273,0.328039,0.006982,1,
id0285,id0328,crop,remesh,0.295606,0.362293,0.008740,1,
id0285,id0330,crop,remesh,0.382928,0.486072,0.014350,1,
id0285,id0342,crop,remesh,0.300980,0.416049,0.014407,1,
id0285,id0346,crop,remesh,0.263856,0.401564,0.012709,1,
id0285,id0363,crop,remesh,0.290510,0.508332,0.015103,1,
id0285,id0367,crop,remesh,0.342876,0.390221,0.016383,1,
id0285,id0368,crop,remesh,0.274321,0.323229,0.009575,1,
id0285,id0369,crop,remesh,0.309684,0.368933,0.006828,1,
id0285,id0372,crop,remesh,0.396522,0.337592,0.010429,1,
id0285,id0373,crop,remesh,0.341387,0.421305,0.008129,1,
id0285,id0374,crop,remesh,0.532681,0.593340,0.011221,1,
id0285,id0378,crop,remesh,0.329954,0.444115,0.010722,1,
id0285,id0381,crop,remesh,0.353207,0.331181,0.010672,1,
id0285,id0382,crop,remesh,0.292904,0.437804,0.017007,1,
id0285,id0392,crop,remesh,0.306277,0.359214,0.015197,1,
id0285,id0396,crop,remesh,0.288873,0.386610,0.017060,1,
id0285,id0398,crop,remesh,0.341358,0.469070,0.011633,1,
id0285,id0399,crop,remesh,0.337527,0.443822,0.011378,1,
id0285,id0401,crop,remesh,0.386731,0.480303,0.017535,1,
id0285,id0402,crop,remesh,0.292235,0.369392,0.012808,1,
id0285,id0404,crop,remesh,0.321526,0.421394,0.011500,1,
id0285,id0411,crop,remesh,0.368649,0.608696,0.022881,1,
id0285,id0412,crop,remesh,0.264675,0.294136,0.013172,1,
id0285,id0418,crop,remesh,0.384730,0.438834,0.011157,1,
id0285,id0421,crop,remesh,0.273898,0.385447,0.012968,1,
id0285,id0422,crop,remesh,0.256971,0.346101,0.011469,1,
id0285,id0431,crop,remesh,0.248543,0.414110,0.011751,1,
id0285,id0437,crop,remesh,0.432496,0.535304,0.010102,1,
id0285,id0441,crop,remesh,0.342752,0.439018,0.012716,1,
id0285,id0447,crop,remesh,0.373626,0.437972,0.005699,1,
id0285,id0460,crop,remesh,0.304065,0.447470,0.011355,1,
id0285,id0462,crop,remesh,0.210380,0.274103,0.008311,1,
id0285,id0465,crop,remesh,0.366802,0.459314,0.012875,1,
id0285,id0466,crop,remesh,0.343235,0.380495,0.005118,1,
id0285,id0468,crop,remesh,0.352832,0.539706,0.023829,1,
id0285,id0470,crop,remesh,0.327451,0.416189,0.012443,1,
id0285,id0476,crop,remesh,0.314912,0.350868,0.006635,1,
id0285,id0486,crop,remesh,0.329879,0.452398,0.013250,1,
id0285,id0491,crop,remesh,0.371136,0.433604,0.009480,1,
id0285,id0498,crop,remesh,0.405850,0.530026,0.013026,1,
id0290,id0296,crop,remesh,0.357030,0.573948,0.010480,1,
id0290,id0299,crop,remesh,0.340688,0.611611,0.009734,1,
id0290,id0303,crop,remesh,0.403237,0.641592,0.010054,1,
id0290,id0319,crop,remesh,0.431939,0.785213,0.015099,1,
id0290,id0321,crop,remesh,0.240474,0.485617,0.007980,1,
id0290,id0326,crop,remesh,0.466616,0.652168,0.009323,1,
id0290,id0328,crop,remesh,0.329607,0.513061,0.010234,1,
id0290,id0330,crop,remesh,0.342469,0.707193,0.016927,1,
id0290,id0342,crop,remesh,0.432360,0.720182,0.016778,1,
id0290,id0346,crop,remesh,0.363302,0.759556,0.015264,1,
id0290,id0363,crop,remesh,0.520436,0.878777,0.017387,1,
id0290,id0367,crop,remesh,0.449165,0.751572,0.019170,1,
id0290,id0368,crop,remesh,0.360186,0.588995,0.011009,1,
id0290,id0369,crop,remesh,0.278684,0.396149,0.007251,1,
id0290,id0372,crop,remesh,0.372519,0.575117,0.011999,1,
id0290,id0373,crop,remesh,0.279919,0.455110,0.009104,1,
id0290,id0374,crop,remesh,0.335530,0.580325,0.011333,1,
id0290,id0378,crop,remesh,0.350746,0.609977,0.012224,1,
id0290,id0381,crop,remesh,0.309657,0.629814,0.012323,1,
id0290,id0382,crop,remesh,0.437539,0.781352,0.019077,1,
id0290,id0392,crop,remesh,0.357400,0.688168,0.017915,1,
id0290,id0396,crop,remesh,0.435790,0.744926,0.018814,1,
id0290,id0398,crop,remesh,0.473025,0.758965,0.014978,1,
id0290,id0399,crop,remesh,0.325328,0.532548,0.012091,1,
id0290,id0401,crop,remesh,0.380977,0.712766,0.020377,1,
id0290,id0402,crop,remesh,0.353114,0.711567,0.014614,1,
id0290,id0404,crop,remesh,0.401799,0.733197,0.013956,1,
id0290,id0411,crop,remesh,0.454415,0.902430,0.025549,1,
id0290,id0412,crop,remesh,0.384081,0.637897,0.015394,1,
id0290,id0418,crop,remesh,0.418386,0.723452,0.014097,1,
id0290,id0421,crop,remesh,0.415887,0.706514,0.014597,1,
id0290,id0422,crop,remesh,0.359744,0.672025,0.013650,1,
id0290,id0431,crop,remesh,0.442211,0.703228,0.014307,1,
id0290,id0437,crop,remesh,0.323014,0.565440,0.011256,1,
id0290,id0441,crop,remesh,0.373585,0.701892,0.015401,1,
id0290,id0447,crop,remesh,0.368772,0.461207,0.006239,1,
id0290,id0460,crop,remesh,0.348798,0.743707,0.012661,1,
id0290,id0462,crop,remesh,0.412165,0.638174,0.010118,1,
id0290,id0465,crop,remesh,0.343024,0.699486,0.015596,1,
id0290,id0466,crop,remesh,0.354236,0.484895,0.005731,1,
id0290,id0468,crop,remesh,0.547049,0.937312,0.027213,1,
id0290,id0470,crop,remesh,0.413950,0.724694,0.015554,1,
id0290,id0476,crop,remesh,0.298053,0.487400,0.007631,1,
id0290,id0486,crop,remesh,0.399321,0.676117,0.014418,1,
id0290,id0491,crop,remesh,0.247423,0.594434,0.010321,1,
id0290,id0498,crop,remesh,0.367581,0.703438,0.014755,1,
id0296,id0299,crop,remesh,0.248687,0.347978,0.013459,1,
id0296,id0303,crop,remesh,0.292395,0.373307,0.012361,1,
id0296,id0319,crop,remesh,0.311218,0.446874,0.018141,1,
id0296,id0321,crop,remesh,0.295442,0.306800,0.009969,1,
id0296,id0326,crop,remesh,0.357400,0.543780,0.012553,1,
id0296,id0328,crop,remesh,0.351220,0.418020,0.014354,1,
id0296,id0330,crop,remesh,0.295239,0.480775,0.020420,1,
id0296,id0342,crop,remesh,0.341788,0.489376,0.020877,1,
id0296,id0346,crop,remesh,0.350640,0.505895,0.019946,1,
id0296,id0363,crop,remesh,0.410270,0.537957,0.022148,1,
id0296,id0367,crop,remesh,0.440692,0.507535,0.024105,1,
id0296,id0368,crop,remesh,0.268197,0.424007,0.014959,1,
id0296,id0369,crop,remesh,0.307488,0.470093,0.011304,1,
id0296,id0372,crop,remesh,0.365584,0.433090,0.015753,1,
id0296,id0373,crop,remesh,0.392328,0.454102,0.014011,1,
id0296,id0374,crop,remesh,0.341296,0.371164,0.016302,1,
id0296,id0378,crop,remesh,0.337826,0.382756,0.015951,1,
id0296,id0381,crop,remesh,0.342767,0.432802,0.015965,1,
id0296,id0382,crop,remesh,0.300191,0.457039,0.024039,1,
id0296,id0392,crop,remesh,0.356678,0.429798,0.022620,1,
id0296,id0396,crop,remesh,0.404600,0.590400,0.025224,1,
id0296,id0398,crop,remesh,0.392750,0.634772,0.018351,1,
id0296,id0399,crop,remesh,0.269093,0.311187,0.015645,1,
id0296,id0401,crop,remesh,0.325979,0.433470,0.023838,1,
id0296,id0402,crop,remesh,0.298617,0.424140,0.018867,1,
id0296,id0404,crop,remesh,0.320859,0.472003,0.017257,1,
id0296,id0411,crop,remesh,0.325366,0.506561,0.030572,1,
id0296,id0412,crop,remesh,0.305064,0.452163,0.018889,1,
id0296,id0418,crop,remesh,0.403287,0.500340,0.017095,1,
id0296,id0421,crop,remesh,0.307827,0.374407,0.019293,1,
id0296,id0422,crop,remesh,0.330843,0.464022,0.017905,1,
id0296,id0431,crop,remesh,0.351692,0.533579,0.017424,1,
id0296,id0437,crop,remesh,0.414372,0.525779,0.015493,1,
id0296,id0441,crop,remesh,0.250521,0.359921,0.018160,1,
id0296,id0447,crop,remesh,0.340236,0.462668,0.008623,1,
id0296,id0460,crop,remesh,0.278515,0.442817,0.017436,1,
id0296,id0462,crop,remesh,0.287394,0.482758,0.014294,1,
id0296,id0465,crop,remesh,0.243564,0.329599,0.018584,1,
id0296,id0466,crop,remesh,0.257540,0.393054,0.008390,1,
id0296,id0468,crop,remesh,0.411323,0.658046,0.033237,1,
id0296,id0470,crop,remesh,0.358291,0.521473,0.018933,1,
id0296,id0476,crop,remesh,0.279067,0.373422,0.010441,1,
id0296,id0486,crop,remesh,0.314362,0.420553,0.019672,1,
id0296,id0491,crop,remesh,0.318018,0.404239,0.014978,1,
id0296,id0498,crop,remesh,0.292693,0.338404,0.018717,1,
id0299,id0303,crop,remesh,0.277142,0.313202,0.007271,1,
id0299,id0319,crop,remesh,0.291391,0.400827,0.012178,1,
id0299,id0321,crop,remesh,0.287071,0.312820,0.006603,1,
id0299,id0326,crop,remesh,0.289032,0.440562,0.007078,1,
id0299,id0328,crop,remesh,0.296224,0.336789,0.008561,1,
id0299,id0330,crop,remesh,0.258421,0.401846,0.013553,1,
id0299,id0342,crop,remesh,0.225743,0.388172,0.013372,1,
id0299,id0346,crop,remesh,0.243815,0.470076,0.013481,1,
id0299,id0363,crop,remesh,0.284739,0.510701,0.014492,1,
id0299,id0367,crop,remesh,0.307523,0.441961,0.016030,1,
id0299,id0368,crop,remesh,0.214987,0.314146,0.009101,1,
id0299,id0369,crop,remesh,0.259987,0.347564,0.006263,1,
id0299,id0372,crop,remesh,0.281277,0.340765,0.009842,1,
id0299,id0373,crop,remesh,0.298633,0.372226,0.007700,1,
id0299,id0374,crop,remesh,0.404127,0.370802,0.010241,1,
id0299,id0378,crop,remesh,0.241994,0.334316,0.009599,1,
id0299,id0381,crop,remesh,0.262077,0.366349,0.010536,1,
id0299,id0382,crop,remesh,0.261935,0.410777,0.017184,1,
id0299,id0392,crop,remesh,0.290532,0.397459,0.015726,1,
id0299,id0396,crop,remesh,0.323315,0.508709,0.016958,1,
id0299,id0398,crop,remesh,0.351841,0.547722,0.012221,1,
id0299,id0399,crop,remesh,0.271371,0.249461,0.010377,1,
id0299,id0401,crop,remesh,0.282552,0.400004,0.016857,1,
id0299,id0402,crop,remesh,0.205729,0.356823,0.012624,1,
id0299,id0404,crop,remesh,0.239470,0.409268,0.011471,1,
id0299,id0411,crop,remesh,0.259597,0.479440,0.022415,1,
id0299,id0412,crop,remesh,0.235409,0.380511,0.012947,1,
id0299,id0418,crop,remesh,0.293853,0.467489,0.011208,1,
id0299,id0421,crop,remesh,0.217300,0.339177,0.012846,1,
id0299,id0422,crop,remesh,0.221051,0.378338,0.011305,1,
id0299,id0431,crop,remesh,0.251377,0.442867,0.011650,1,
id0299,id0437,crop,remesh,0.356666,0.468941,0.009349,1,
id0299,id0441,crop,remesh,0.208310,0.326257,0.012389,1,
id0299,id0447,crop,remesh,0.375486,0.339103,0.004798,1,
id0299,id0460,crop,remesh,0.191329,0.427232,0.010811,1,
id0299,id0462,crop,remesh,0.272024,0.390970,0.008787,1,
id0299,id0465,crop,remesh,0.278565,0.332846,0.012853,1,
id0299,id0466,crop,remesh,0.274704,0.267345,0.004496,1,
id0299,id0468,crop,remesh,0.325174,0.587971,0.024302,1,
id0299,id0470,crop,remesh,0.273330,0.448523,0.012497,1,
id0299,id0476,crop,remesh,0.281345,0.309520,0.006439,1,
id0299,id0486,crop,remesh,0.311976,0.376465,0.013138,1,
id0299,id0491,crop,remesh,0.258975,0.355563,0.008813,1,
id0299,id0498,crop,remesh,0.277710,0.368645,0.012753,1,
id0303,id0319,crop,remesh,0.333783,0.376872,0.010693,1,
id0303,id0321,crop,remesh,0.314556,0.328687,0.006258,1,
id0303,id0326,crop,remesh,0.356380,0.464049,0.007026,1,
id0303,id0328,crop,remesh,0.294444,0.295221,0.007831,1,
id0303,id0330,crop,remesh,0.303555,0.366376,0.012311,1,
id0303,id0342,crop,remesh,0.291822,0.357010,0.012509,1,
id0303,id0346,crop,remesh,0.372944,0.500471,0.013640,1,
id0303,id0363,crop,remesh,0.366574,0.572743,0.014820,1,
id0303,id0367,crop,remesh,0.427870,0.498906,0.016418,1,
id0303,id0368,crop,remesh,0.288597,0.400316,0.009854,1,
id0303,id0369,crop,remesh,0.319468,0.345593,0.006044,1,
id0303,id0372,crop,remesh,0.389885,0.332467,0.009145,1,
id0303,id0373,crop,remesh,0.391884,0.490982,0.009241,1,
id0303,id0374,crop,remesh,0.431839,0.442720,0.010469,1,
id0303,id0378,crop,remesh,0.298396,0.355137,0.009490,1,
id0303,id0381,crop,remesh,0.393643,0.458655,0.010977,1,
id0303,id0382,crop,remesh,0.374654,0.429130,0.015382,1,
id0303,id0392,crop,remesh,0.342034,0.436643,0.015120,1,
id0303,id0396,crop,remesh,0.399195,0.569244,0.017365,1,
id0303,id0398,crop,remesh,0.417749,0.509087,0.010662,1,
id0303,id0399,crop,remesh,0.252985,0.286128,0.009587,1,
id0303,id0401,crop,remesh,0.324923,0.341234,0.015302,1,
id0303,id0402,crop,remesh,0.339459,0.403400,0.012257,1,
id0303,id0404,crop,remesh,0.363532,0.424918,0.010779,1,
id0303,id0411,crop,remesh,0.337777,0.486100,0.020158,1,
id0303,id0412,crop,remesh,0.354851,0.377837,0.011970,1,
id0303,id0418,crop,remesh,0.413716,0.494291,0.010859,1,
id0303,id0421,crop,remesh,0.300911,0.414758,0.012684,1,
id0303,id0422,crop,remesh,0.316261,0.437177,0.011567,1,
id0303,id0431,crop,remesh,0.281837,0.387469,0.010025,1,
id0303,id0437,crop,remesh,0.364532,0.397042,0.008115,1,
id0303,id0441,crop,remesh,0.259329,0.299570,0.011048,1,
id0303,id0447,crop,remesh,0.307803,0.347408,0.004520,1,
id0303,id0460,crop,remesh,0.326023,0.494879,0.011340,1,
id0303,id0462,crop,remesh,0.339708,0.448450,0.008655,1,
id0303,id0465,crop,remesh,0.309077,0.313406,0.011689,1,
id0303,id0466,crop,remesh,0.300962,0.348500,0.004884,1,
id0303,id0468,crop,remesh,0.395582,0.570458,0.021982,1,
id0303,id0470,crop,remesh,0.376945,0.425581,0.011636,1,
id0303,id0476,crop,remesh,0.312311,0.400020,0.007059,1,
id0303,id0486,crop,remesh,0.390507,0.495253,0.013405,1,
id0303,id0491,crop,remesh,0.310261,0.406009,0.008994,1,
id0303,id0498,crop,remesh,0.359843,0.455928,0.012795,1,
id0319,id0321,crop,remesh,0.407739,0.464386,0.004004,1,
id0319,id0326,crop,remesh,0.395357,0.534229,0.004507,1,
id0319,id0328,crop,remesh,0.413922,0.454811,0.004158,1,
id0319,id0330,crop,remesh,0.276872,0.419381,0.007118,1,
id0319,id0342,crop,remesh,0.330047,0.392058,0.007168,1,
id0319,id0346,crop,remesh,0.387830,0.552997,0.008815,1,
id0319,id0363,crop,remesh,0.427745,0.538139,0.008810,1,
id0319,id0367,crop,remesh,0.465456,0.553935,0.010357,1,
id0319,id0368,crop,remesh,0.337215,0.477826,0.006177,1,
id0319,id0369,crop,remesh,0.354007,0.532319,0.003713,1,
id0319,id0372,crop,remesh,0.352848,0.452575,0.005191,1,
id0319,id0373,crop,remesh,0.482736,0.616674,0.005868,1,
id0319,id0374,crop,remesh,0.442941,0.544310,0.006013,1,
id0319,id0378,crop,remesh,0.322198,0.436177,0.005059,1,
id0319,id0381,crop,remesh,0.357664,0.488662,0.006482,1,
id0319,id0382,crop,remesh,0.331552,0.372809,0.009416,1,
id0319,id0392,crop,remesh,0.430548,0.511462,0.009603,1,
id0319,id0396,crop,remesh,0.441490,0.565509,0.010849,1,
id0319,id0398,crop,remesh,0.364952,0.555982,0.007191,1,
id0319,id0399,crop,remesh,0.345903,0.349554,0.005082,1,
id0319,id0401,crop,remesh,0.346127,0.421349,0.009079,1,
id0319,id0402,crop,remesh,0.273239,0.393690,0.007179,1,
id0319,id0404,crop,remesh,0.307969,0.403232,0.006493,1,
id0319,id0411,crop,remesh,0.305891,0.393610,0.012469,1,
id0319,id0412,crop,remesh,0.314316,0.416632,0.007288,1,
id0319,id0418,crop,remesh,0.426953,0.577236,0.006698,1,
id0319,id0421,crop,remesh,0.325239,0.421905,0.007476,1,
id0319,id0422,crop,remesh,0.325309,0.485323,0.006958,1,
id0319,id0431,crop,remesh,0.318871,0.404042,0.006144,1,
id0319,id0437,crop,remesh,0.423191,0.594077,0.004039,1,
id0319,id0441,crop,remesh,0.265412,0.329151,0.006128,1,
id0319,id0447,crop,remesh,0.409884,0.474340,0.002930,1,
id0319,id0460,crop,remesh,0.294302,0.504048,0.006399,1,
id0319,id0462,crop,remesh,0.334840,0.450327,0.005235,1,
id0319,id0465,crop,remesh,0.271479,0.320393,0.006622,1,
id0319,id0466,crop,remesh,0.322221,0.438807,0.003129,1,
id0319,id0468,crop,remesh,0.376413,0.548328,0.014834,1,
id0319,id0470,crop,remesh,0.319552,0.490904,0.007249,1,
id0319,id0476,crop,remesh,0.380351,0.505671,0.004739,1,
id0319,id0486,crop,remesh,0.449569,0.481117,0.008351,1,
id0319,id0491,crop,remesh,0.368333,0.523079,0.004964,1,
id0319,id0498,crop,remesh,0.367319,0.498003,0.007632,1,
id0321,id0326,crop,remesh,0.423003,0.583659,0.007515,1,
id0321,id0328,crop,remesh,0.304802,0.413271,0.008324,1,
id0321,id0330,crop,remesh,0.355449,0.565833,0.014660,1,
id0321,id0342,crop,remesh,0.388202,0.573474,0.014241,1,
id0321,id0346,crop,remesh,0.347467,0.588157,0.013334,1,
id0321,id0363,crop,remesh,0.456856,0.693865,0.015495,1,
id0321,id0367,crop,remesh,0.430016,0.607181,0.016717,1,
id0321,id0368,crop,remesh,0.311532,0.487441,0.009469,1,
id0321,id0369,crop,remesh,0.302517,0.387180,0.005911,1,
id0321,id0372,crop,remesh,0.363331,0.464130,0.009689,1,
id0321,id0373,crop,remesh,0.292954,0.401856,0.008082,1,
id0321,id0374,crop,remesh,0.342143,0.412888,0.010035,1,
id0321,id0378,crop,remesh,0.317455,0.446604,0.010275,1,
id0321,id0381,crop,remesh,0.297181,0.497067,0.010135,1,
id0321,id0382,crop,remesh,0.376441,0.582209,0.016389,1,
id0321,id0392,crop,remesh,0.306567,0.520629,0.015744,1,
id0321,id0396,crop,remesh,0.407204,0.629214,0.016486,1,
id0321,id0398,crop,remesh,0.439474,0.653028,0.012198,1,
id0321,id0399,crop,remesh,0.266040,0.356348,0.009784,1,
id0321,id0401,crop,remesh,0.347909,0.526594,0.017155,1,
id0321,id0402,crop,remesh,0.312151,0.526264,0.012329,1,
id0321,id0404,crop,remesh,0.350908,0.564727,0.011598,1,
id0321,id0411,crop,remesh,0.395667,0.685591,0.022773,1,
id0321,id0412,crop,remesh,0.325181,0.502286,0.012451,1,
id0321,id0418,crop,remesh,0.344246,0.558949,0.011218,1,
id0321,id0421,crop,remesh,0.335926,0.524461,0.012764,1,
id0321,id0422,crop,remesh,0.323898,0.550542,0.011791,1,
id0321,id0431,crop,remesh,0.380116,0.562643,0.011340,1,
id0321,id0437,crop,remesh,0.354109,0.504286,0.009537,1,
id0321,id0441,crop,remesh,0.328977,0.518787,0.013097,1,
id0321,id0447,crop,remesh,0.330557,0.417780,0.004520,1,
id0321,id0460,crop,remesh,0.303301,0.566125,0.011102,1,
id0321,id0462,crop,remesh,0.374892,0.542845,0.008379,1,
id0321,id0465,crop,remesh,0.313161,0.458429,0.012786,1,
id0321,id0466,crop,remesh,0.342075,0.422775,0.004517,1,
id0321,id0468,crop,remesh,0.485337,0.773971,0.024583,1,
id0321,id0470,crop,remesh,0.375209,0.567523,0.012651,1,
id0321,id0476,crop,remesh,0.263298,0.415657,0.006339,1,
id0321,id0486,crop,remesh,0.309606,0.492532,0.012502,1,
id0321,id0491,crop,remesh,0.268454,0.488618,0.009530,1,
id0321,id0498,crop,remesh,0.316486,0.508572,0.013156,1,
id0326,id0328,crop,remesh,0.377632,0.503990,0.014516,1,
id0326,id0330,crop,remesh,0.418216,0.639256,0.021060,1,
id0326,id0342,crop,remesh,0.355142,0.583251,0.020780,1,
id0326,id0346,crop,remesh,0.365976,0.640649,0.019552,1,
id0326,id0363,crop,remesh,0.366558,0.733546,0.021827,1,
id0326,id0367,crop,remesh,0.384413,0.604720,0.023759,1,
id0326,id0368,crop,remesh,0.271800,0.454120,0.014768,1,
id0326,id0369,crop,remesh,0.270679,0.374591,0.011197,1,
id0326,id0372,crop,remesh,0.365913,0.468343,0.016091,1,
id0326,id0373,crop,remesh,0.407007,0.540818,0.013350,1,
id0326,id0374,crop,remesh,0.577327,0.699345,0.018008,1,
id0326,id0378,crop,remesh,0.368324,0.599682,0.016658,1,
id0326,id0381,crop,remesh,0.344318,0.496380,0.016230,1,
id0326,id0382,crop,remesh,0.376705,0.583302,0.024257,1,
id0326,id0392,crop,remesh,0.432039,0.605689,0.022818,1,
id0326,id0396,crop,remesh,0.397663,0.622107,0.024275,1,
id0326,id0398,crop,remesh,0.322376,0.515962,0.016277,1,
id0326,id0399,crop,remesh,0.410277,0.507803,0.017357,1,
id0326,id0401,crop,remesh,0.455033,0.658880,0.025418,1,
id0326,id0402,crop,remesh,0.334037,0.564406,0.019164,1,
id0326,id0404,crop,remesh,0.365503,0.561619,0.016849,1,
id0326,id0411,crop,remesh,0.466823,0.762201,0.031638,1,
id0326,id0412,crop,remesh,0.290672,0.426601,0.019353,1,
id0326,id0418,crop,remesh,0.369137,0.559637,0.016604,1,
id0326,id0421,crop,remesh,0.372173,0.591475,0.020266,1,
id0326,id0422,crop,remesh,0.332177,0.558718,0.017330,1,
id0326,id0431,crop,remesh,0.240278,0.450561,0.017032,1,
id0326,id0437,crop,remesh,0.452002,0.642850,0.016496,1,
id0326,id0441,crop,remesh,0.397708,0.597921,0.019369,1,
id0326,id0447,crop,remesh,0.323934,0.355840,0.009040,1,
id0326,id0460,crop,remesh,0.357179,0.669674,0.017678,1,
id0326,id0462,crop,remesh,0.250464,0.408918,0.013348,1,
id0326,id0465,crop,remesh,0.415202,0.588544,0.019457,1,
id0326,id0466,crop,remesh,0.310854,0.393632,0.008711,1,
id0326,id0468,crop,remesh,0.407540,0.706744,0.031697,1,
id0326,id0470,crop,remesh,0.365509,0.566146,0.017939,1,
id0326,id0476,crop,remesh,0.327154,0.454545,0.011243,1,
id0326,id0486,crop,remesh,0.439296,0.600228,0.019772,1,
id0326,id0491,crop,remesh,0.438021,0.632939,0.015805,1,
id0326,id0498,crop,remesh,0.476795,0.691914,0.020255,1,
id0328,id0330,crop,remesh,0.322535,0.471035,0.014651,1,
id0328,id0342,crop,remesh,0.281492,0.463755,0.014540,1,
id0328,id0346,crop,remesh,0.344374,0.532045,0.014402,1,
id0328,id0363,crop,remesh,0.367638,0.645811,0.015913,1,
id0328,id0367,crop,remesh,0.381502,0.505774,0.017017,1,
id0328,id0368,crop,remesh,0.312911,0.451421,0.010230,1,
id0328,id0369,crop,remesh,0.249979,0.335726,0.007268,1,
id0328,id0372,crop,remesh,0.376371,0.341643,0.010718,1,
id0328,id0373,crop,remesh,0.281678,0.418681,0.008308,1,
id0328,id0374,crop,remesh,0.447384,0.476034,0.010642,1,
id0328,id0378,crop,remesh,0.276565,0.344451,0.009839,1,
id0328,id0381,crop,remesh,0.360409,0.506622,0.011608,1,
id0328,id0382,crop,remesh,0.403268,0.604853,0.018319,1,
id0328,id0392,crop,remesh,0.319820,0.468273,0.016368,1,
id0328,id0396,crop,remesh,0.299634,0.564838,0.017347,1,
id0328,id0398,crop,remesh,0.415648,0.626970,0.013677,1,
id0328,id0399,crop,remesh,0.233608,0.408056,0.011353,1,
id0328,id0401,crop,remesh,0.283959,0.389694,0.017339,1,
id0328,id0402,crop,remesh,0.356381,0.516279,0.013862,1,
id0328,id0404,crop,remesh,0.386884,0.577765,0.012862,1,
id0328,id0411,crop,remesh,0.395953,0.674863,0.023577,1,
id0328,id0412,crop,remesh,0.321731,0.460339,0.014004,1,
id0328,id0418,crop,remesh,0.430385,0.533726,0.012533,1,
id0328,id0421,crop,remesh,0.350255,0.510203,0.013906,1,
id0328,id0422,crop,remesh,0.289057,0.479093,0.012417,1,
id0328,id0431,crop,remesh,0.333081,0.542865,0.013047,1,
id0328,id0437,crop,remesh,0.290098,0.234680,0.008990,1,
id0328,id0441,crop,remesh,0.302854,0.449376,0.013398,1,
id0328,id0447,crop,remesh,0.310737,0.413556,0.005783,1,
id0328,id0460,crop,remesh,0.328287,0.515254,0.011716,1,
id0328,id0462,crop,remesh,0.309158,0.557216,0.010046,1,
id0328,id0465,crop,remesh,0.324432,0.471183,0.013625,1,
id0328,id0466,crop,remesh,0.335037,0.447247,0.005959,1,
id0328,id0468,crop,remesh,0.477004,0.707638,0.025561,1,
id0328,id0470,crop,remesh,0.373068,0.511548,0.013824,1,
id0328,id0476,crop,remesh,0.281686,0.405500,0.007438,1,
id0328,id0486,crop,remesh,0.368877,0.611152,0.014648,1,
id0328,id0491,crop,remesh,0.268788,0.351984,0.009021,1,
id0328,id0498,crop,remesh,0.392076,0.533842,0.013630,1,
id0330,id0342,crop,remesh,0.232973,0.332762,0.005315,1,
id0330,id0346,crop,remesh,0.326657,0.529096,0.006719,1,
id0330,id0363,crop,remesh,0.420534,0.614906,0.007357,1,
id0330,id0367,crop,remesh,0.407424,0.558919,0.008418,1,
id0330,id0368,crop,remesh,0.331181,0.461421,0.005109,1,
id0330,id0369,crop,remesh,0.297370,0.400344,0.002721,1,
id0330,id0372,crop,remesh,0.319068,0.412170,0.004127,1,
id0330,id0373,crop,remesh,0.407759,0.494207,0.005018,1,
id0330,id0374,crop,remesh,0.390597,0.454898,0.005073,1,
id0330,id0378,crop,remesh,0.304272,0.413682,0.004797,1,
id0330,id0381,crop,remesh,0.340109,0.495505,0.005638,1,
id0330,id0382,crop,remesh,0.356874,0.515451,0.007569,1,
id0330,id0392,crop,remesh,0.328691,0.472107,0.007572,1,
id0330,id0396,crop,remesh,0.429811,0.549693,0.009416,1,
id0330,id0398,crop,remesh,0.360275,0.557346,0.005441,1,
id0330,id0399,crop,remesh,0.308936,0.337192,0.004479,1,
id0330,id0401,crop,remesh,0.261059,0.375323,0.007449,1,
id0330,id0402,crop,remesh,0.273692,0.453288,0.005661,1,
id0330,id0404,crop,remesh,0.265464,0.401522,0.004700,1,
id0330,id0411,crop,remesh,0.288563,0.526991,0.010439,1,
id0330,id0412,crop,remesh,0.334360,0.451538,0.006001,1,
id0330,id0418,crop,remesh,0.398158,0.590245,0.005388,1,
id0330,id0421,crop,remesh,0.342846,0.510664,0.006123,1,
id0330,id0422,crop,remesh,0.271975,0.416672,0.005244,1,
id0330,id0431,crop,remesh,0.322271,0.460249,0.004759,1,
id0330,id0437,crop,remesh,0.307730,0.437100,0.003250,1,
id0330,id0441,crop,remesh,0.195143,0.355868,0.004913,1,
id0330,id0447,crop,remesh,0.420334,0.449096,0.003158,1,
id0330,id0460,crop,remesh,0.310165,0.540849,0.005277,1,
id0330,id0462,crop,remesh,0.369629,0.491336,0.004088,1,
id0330,id0465,crop,remesh,0.232647,0.387283,0.005470,1,
id0330,id0466,crop,remesh,0.331813,0.377531,0.002590,1,
id0330,id0468,crop,remesh,0.393437,0.620839,0.011970,1,
id0330,id0470,crop,remesh,0.285121,0.455576,0.005695,1,
id0330,id0476,crop,remesh,0.347893,0.468180,0.004218,1,
id0330,id0486,crop,remesh,0.420132,0.527641,0.006900,1,
id0330,id0491,crop,remesh,0.286580,0.441160,0.004241,1,
id0330,id0498,crop,remesh,0.320551,0.536573,0.006706,1,
id0342,id0346,crop,remesh,0.276333,0.483344,0.010780,1,
id0342,id0363,crop,remesh,0.301401,0.569158,0.011543,1,
id0342,id0367,crop,remesh,0.312452,0.493051,0.012787,1,
id0342,id0368,crop,remesh,0.294670,0.434962,0.007755,1,
id0342,id0369,crop,remesh,0.316160,0.394845,0.005195,1,
id0342,id0372,crop,remesh,0.330193,0.365242,0.007489,1,
id0342,id0373,crop,remesh,0.382927,0.506791,0.007115,1,
id0342,id0374,crop,remesh,0.516839,0.507869,0.008895,1,
id0342,id0378,crop,remesh,0.290480,0.400541,0.007387,1,
id0342,id0381,crop,remesh,0.346875,0.471692,0.008859,1,
id0342,id0382,crop,remesh,0.331366,0.468257,0.013578,1,
id0342,id0392,crop,remesh,0.297494,0.440735,0.012495,1,
id0342,id0396,crop,remesh,0.306749,0.508910,0.013783,1,
id0342,id0398,crop,remesh,0.340221,0.508638,0.008696,1,
id0342,id0399,crop,remesh,0.319991,0.358353,0.008258,1,
id0342,id0401,crop,remesh,0.277139,0.340724,0.012215,1,
id0342,id0402,crop,remesh,0.283805,0.417904,0.009929,1,
id0342,id0404,crop,remesh,0.266655,0.384466,0.008295,1,
id0342,id0411,crop,remesh,0.309387,0.507925,0.017373,1,
id0342,id0412,crop,remesh,0.309444,0.403697,0.010160,1,
id0342,id0418,crop,remesh,0.384567,0.541162,0.008714,1,
id0342,id0421,crop,remesh,0.306102,0.472031,0.010827,1,
id0342,id0422,crop,remesh,0.203653,0.388730,0.008482,1,
id0342,id0431,crop,remesh,0.252889,0.408093,0.008443,1,
id0342,id0437,crop,remesh,0.341223,0.433480,0.006531,1,
id0342,id0441,crop,remesh,0.213583,0.332366,0.008748,1,
id0342,id0447,crop,remesh,0.422758,0.431743,0.004533,1,
id0342,id0460,crop,remesh,0.271319,0.510349,0.008806,1,
id0342,id0462,crop,remesh,0.306693,0.454517,0.007061,1,
id0342,id0465,crop,remesh,0.288142,0.358664,0.009458,1,
id0342,id0466,crop,remesh,0.356388,0.383784,0.004220,1,
id0342,id0468,crop,remesh,0.336417,0.563264,0.018867,1,
id0342,id0470,crop,remesh,0.248571,0.404295,0.008946,1,
id0342,id0476,crop,remesh,0.374314,0.471398,0.006270,1,
id0342,id0486,crop,remesh,0.384077,0.522643,0.011451,1,
id0342,id0491,crop,remesh,0.349160,0.448528,0.007376,1,
id0342,id0498,crop,remesh,0.375161,0.544379,0.010953,1,
id0346,id0363,crop,remesh,0.316403,0.447166,0.010596,1,
id0346,id0367,crop,remesh,0.256252,0.378021,0.011261,1,
id0346,id0368,crop,remesh,0.294868,0.388015,0.006220,1,
id0346,id0369,crop,remesh,0.353427,0.440361,0.003980,1,
id0346,id0372,crop,remesh,0.318903,0.369641,0.006719,1,
id0346,id0373,crop,remesh,0.306943,0.409284,0.004996,1,
id0346,id0374,crop,remesh,0.483211,0.485534,0.007472,1,
id0346,id0378,crop,remesh,0.309723,0.391105,0.007556,1,
id0346,id0381,crop,remesh,0.264761,0.369089,0.006996,1,
id0346,id0382,crop,remesh,0.295496,0.371094,0.011748,1,
id0346,id0392,crop,remesh,0.234055,0.261522,0.010384,1,
id0346,id0396,crop,remesh,0.295619,0.364376,0.011661,1,
id0346,id0398,crop,remesh,0.353234,0.497084,0.007480,1,
id0346,id0399,crop,remesh,0.356888,0.403047,0.007640,1,
id0346,id0401,crop,remesh,0.310402,0.356565,0.012290,1,
id0346,id0402,crop,remesh,0.216638,0.311180,0.008221,1,
id0346,id0404,crop,remesh,0.242733,0.338102,0.007455,1,
id0346,id0411,crop,remesh,0.350019,0.514384,0.017463,1,
id0346,id0412,crop,remesh,0.261003,0.348655,0.008831,1,
id0346,id0418,crop,remesh,0.309785,0.447972,0.007189,1,
id0346,id0421,crop,remesh,0.268256,0.350643,0.008791,1,
id0346,id0422,crop,remesh,0.190227,0.300678,0.007177,1,
id0346,id0431,crop,remesh,0.295257,0.457291,0.007747,1,
id0346,id0437,crop,remesh,0.393996,0.525156,0.006988,1,
id0346,id0441,crop,remesh,0.285192,0.372946,0.009005,1,
id0346,id0447,crop,remesh,0.482238,0.543168,0.004217,1,
id0346,id0460,crop,remesh,0.246573,0.382617,0.007439,1,
id0346,id0462,crop,remesh,0.321531,0.358431,0.004791,1,
id0346,id0465,crop,remesh,0.287571,0.324617,0.008305,1,
id0346,id0466,crop,remesh,0.404390,0.456176,0.003259,1,
id0346,id0468,crop,remesh,0.343245,0.517471,0.018016,1,
id0346,id0470,crop,remesh,0.255571,0.353311,0.008035,1,
id0346,id0476,crop,remesh,0.377751,0.432496,0.004426,1,
id0346,id0486,crop,remesh,0.320555,0.346678,0.008533,1,
id0346,id0491,crop,remesh,0.324709,0.425358,0.006608,1,
id0346,id0498,crop,remesh,0.325334,0.456985,0.009201,1,
id0363,id0367,crop,remesh,0.326670,0.340056,0.006996,1,
id0363,id0368,crop,remesh,0.323885,0.244259,0.003567,1,
id0363,id0369,crop,remesh,0.430454,0.440876,0.003457,1,
id0363,id0372,crop,remesh,0.451468,0.354209,0.004484,1,
id0363,id0373,crop,remesh,0.383348,0.361067,0.002888,1,
id0363,id0374,crop,remesh,0.566471,0.488623,0.005021,1,
id0363,id0378,crop,remesh,0.319935,0.292565,0.003677,1,
id0363,id0381,crop,remesh,0.388863,0.233909,0.004198,1,
id0363,id0382,crop,remesh,0.358069,0.397230,0.009026,1,
id0363,id0392,crop,remesh,0.317842,0.342157,0.007195,1,
id0363,id0396,crop,remesh,0.279469,0.331311,0.007637,1,
id0363,id0398,crop,remesh,0.475361,0.553289,0.006569,1,
id0363,id0399,crop,remesh,0.363578,0.354370,0.005031,1,
id0363,id0401,crop,remesh,0.409478,0.416114,0.008118,1,
id0363,id0402,crop,remesh,0.334026,0.280349,0.005630,1,
id0363,id0404,crop,remesh,0.340849,0.366769,0.005318,1,
id0363,id0411,crop,remesh,0.372674,0.506881,0.012063,1,
id0363,id0412,crop,remesh,0.351477,0.335305,0.005859,1,
id0363,id0418,crop,remesh,0.427077,0.432921,0.004712,1,
id0363,id0421,crop,remesh,0.264742,0.278746,0.005865,1,
id0363,id0422,crop,remesh,0.262706,0.269343,0.004515,1,
id0363,id0431,crop,remesh,0.358492,0.469834,0.005998,1,
id0363,id0437,crop,remesh,0.493949,0.531754,0.004854,1,
id0363,id0441,crop,remesh,0.342511,0.375930,0.005823,1,
id0363,id0447,crop,remesh,0.482377,0.467512,0.003144,1,
id0363,id0460,crop,remesh,0.261565,0.268349,0.004473,1,
id0363,id0462,crop,remesh,0.335670,0.328151,0.003914,1,
id0363,id0465,crop,remesh,0.403938,0.371827,0.005811,1,
id0363,id0466,crop,remesh,0.441681,0.394373,0.003165,1,
id0363,id0468,crop,remesh,0.362503,0.532572,0.013021,1,
id0363,id0470,crop,remesh,0.407080,0.428346,0.006027,1,
id0363,id0476,crop,remesh,0.410480,0.317644,0.002970,1,
id0363,id0486,crop,remesh,0.358021,0.358075,0.005990,1,
id0363,id0491,crop,remesh,0.395805,0.351951,0.003908,1,
id0363,id0498,crop,remesh,0.381126,0.409209,0.005298,1,
id0367,id0368,crop,remesh,0.366408,0.336788,0.004782,1,
id0367,id0369,crop,remesh,0.426351,0.338063,0.004071,1,
id0367,id0372,crop,remesh,0.284217,0.304494,0.005516,1,
id0367,id0373,crop,remesh,0.315371,0.403157,0.004101,1,
id0367,id0374,crop,remesh,0.628638,0.545639,0.006198,1,
id0367,id0378,crop,remesh,0.318378,0.421099,0.005319,1,
id0367,id0381,crop,remesh,0.295684,0.385143,0.005672,1,
id0367,id0382,crop,remesh,0.417932,0.481913,0.010618,1,
id0367,id0392,crop,remesh,0.301725,0.411414,0.008748,1,
id0367,id0396,crop,remesh,0.322883,0.459185,0.009830,1,
id0367,id0398,crop,remesh,0.416602,0.501602,0.007412,1,
id0367,id0399,crop,remesh,0.458551,0.417153,0.006137,1,
id0367,id0401,crop,remesh,0.408185,0.446348,0.009252,1,
id0367,id0402,crop,remesh,0.278348,0.407016,0.006915,1,
id0367,id0404,crop,remesh,0.294452,0.473639,0.006782,1,
id0367,id0411,crop,remesh,0.461591,0.604558,0.014269,1,
id0367,id0412,crop,remesh,0.311972,0.343799,0.007095,1,
id0367,id0418,crop,remesh,0.283030,0.432892,0.005723,1,
id0367,id0421,crop,remesh,0.356864,0.424362,0.007229,1,
id0367,id0422,crop,remesh,0.273158,0.376333,0.005643,1,
id0367,id0431,crop,remesh,0.348589,0.433506,0.007081,1,
id0367,id0437,crop,remesh,0.370097,0.480414,0.005827,1,
id0367,id0441,crop,remesh,0.359278,0.434100,0.006954,1,
id0367,id0447,crop,remesh,0.550887,0.379365,0.003890,1,
id0367,id0460,crop,remesh,0.304741,0.484758,0.006098,1,
id0367,id0462,crop,remesh,0.415099,0.385508,0.004886,1,
id0367,id0465,crop,remesh,0.436692,0.444500,0.006889,1,
id0367,id0466,crop,remesh,0.488193,0.355339,0.003493,1,
id0367,id0468,crop,remesh,0.406067,0.576544,0.015083,1,
id0367,id0470,crop,remesh,0.283134,0.429157,0.007149,1,
id0367,id0476,crop,remesh,0.453345,0.354207,0.003455,1,
id0367,id0486,crop,remesh,0.473376,0.487873,0.007425,1,
id0367,id0491,crop,remesh,0.393893,0.425440,0.005436,1,
id0367,id0498,crop,remesh,0.442060,0.511864,0.006752,1,
id0368,id0369,crop,remesh,0.278135,0.355441,0.010207,1,
id0368,id0372,crop,remesh,0.339419,0.413838,0.014865,1,
id0368,id0373,crop,remesh,0.323270,0.367535,0.011291,1,
id0368,id0374,crop,remesh,0.424353,0.454493,0.015037,1,
id0368,id0378,crop,remesh,0.273512,0.398505,0.014816,1,
id0368,id0381,crop,remesh,0.279138,0.364811,0.014419,1,
id0368,id0382,crop,remesh,0.349536,0.477797,0.023784,1,
id0368,id0392,crop,remesh,0.328979,0.449120,0.021545,1,
id0368,id0396,crop,remesh,0.319289,0.516239,0.022347,1,
id0368,id0398,crop,remesh,0.367813,0.562338,0.017281,1,
id0368,id0399,crop,remesh,0.305552,0.317116,0.015491,1,
id0368,id0401,crop,remesh,0.363195,0.512239,0.024092,1,
id0368,id0402,crop,remesh,0.264642,0.413687,0.017583,1,
id0368,id0404,crop,remesh,0.313792,0.450626,0.016233,1,
id0368,id0411,crop,remesh,0.383470,0.605776,0.030377,1,
id0368,id0412,crop,remesh,0.277275,0.387958,0.018660,1,
id0368,id0418,crop,remesh,0.360971,0.531113,0.016514,1,
id0368,id0421,crop,remesh,0.246977,0.395629,0.018133,1,
id0368,id0422,crop,remesh,0.244065,0.417668,0.015999,1,
id0368,id0431,crop,remesh,0.277444,0.480178,0.017035,1,
id0368,id0437,crop,remesh,0.395894,0.546456,0.015005,1,
id0368,id0441,crop,remesh,0.288680,0.446161,0.018148,1,
id0368,id0447,crop,remesh,0.305555,0.339791,0.007955,1,
id0368,id0460,crop,remesh,0.239035,0.485367,0.015624,1,
id0368,id0462,crop,remesh,0.245476,0.371151,0.012603,1,
id0368,id0465,crop,remesh,0.316165,0.439059,0.018574,1,
id0368,id0466,crop,remesh,0.255650,0.319938,0.007248,1,
id0368,id0468,crop,remesh,0.377307,0.651385,0.031753,1,
id0368,id0470,crop,remesh,0.327615,0.507658,0.017712,1,
id0368,id0476,crop,remesh,0.221592,0.299491,0.009174,1,
id0368,id0486,crop,remesh,0.329100,0.392521,0.018108,1,
id0368,id0491,crop,remesh,0.302179,0.443406,0.013384,1,
id0368,id0498,crop,remesh,0.312178,0.450362,0.017895,1,
id0369,id0372,crop,remesh,0.347727,0.458634,0.017093,1,
id0369,id0373,crop,remesh,0.308865,0.459241,0.014341,1,
id0369,id0374,crop,remesh,0.439228,0.544855,0.017357,1,
id0369,id0378,crop,remesh,0.319610,0.526896,0.017372,1,
id0369,id0381,crop,remesh,0.330092,0.564774,0.017949,1,
id0369,id0382,crop,remesh,0.376796,0.645259,0.025816,1,
id0369,id0392,crop,remesh,0.380153,0.584457,0.024682,1,
id0369,id0396,crop,remesh,0.375339,0.667797,0.026074,1,
id0369,id0398,crop,remesh,0.333605,0.606362,0.019416,1,
id0369,id0399,crop,remesh,0.293778,0.442825,0.017607,1,
id0369,id0401,crop,remesh,0.372611,0.584273,0.027127,1,
id0369,id0402,crop,remesh,0.333655,0.595670,0.020778,1,
id0369,id0404,crop,remesh,0.370975,0.607292,0.018870,1,
id0369,id0411,crop,remesh,0.405657,0.766667,0.033249,1,
id0369,id0412,crop,remesh,0.302253,0.509230,0.021178,1,
id0369,id0418,crop,remesh,0.396910,0.610386,0.019298,1,
id0369,id0421,crop,remesh,0.371761,0.612493,0.021202,1,
id0369,id0422,crop,remesh,0.304319,0.568776,0.019308,1,
id0369,id0431,crop,remesh,0.286435,0.542605,0.019115,1,
id0369,id0437,crop,remesh,0.320811,0.469889,0.015872,1,
id0369,id0441,crop,remesh,0.335377,0.571815,0.020748,1,
id0369,id0447,crop,remesh,0.259280,0.350370,0.009358,1,
id0369,id0460,crop,remesh,0.341006,0.666834,0.018560,1,
id0369,id0462,crop,remesh,0.254366,0.536029,0.014929,1,
id0369,id0465,crop,remesh,0.341972,0.567552,0.021310,1,
id0369,id0466,crop,remesh,0.216423,0.381586,0.008760,1,
id0369,id0468,crop,remesh,0.454635,0.783815,0.034986,1,
id0369,id0470,crop,remesh,0.359321,0.577718,0.020567,1,
id0369,id0476,crop,remesh,0.241311,0.444873,0.012091,1,
id0369,id0486,crop,remesh,0.383549,0.608026,0.021364,1,
id0369,id0491,crop,remesh,0.308094,0.535280,0.015487,1,
id0369,id0498,crop,remesh,0.420813,0.635451,0.021540,1,
id0372,id0373,crop,remesh,0.393890,0.404513,0.007047,1,
id0372,id0374,crop,remesh,0.553656,0.504918,0.009499,1,
id0372,id0378,crop,remesh,0.305931,0.355486,0.008605,1,
id0372,id0381,crop,remesh,0.251565,0.393593,0.009300,1,
id0372,id0382,crop,remesh,0.399647,0.463566,0.015190,1,
id0372,id0392,crop,remesh,0.391991,0.375450,0.013902,1,
id0372,id0396,crop,remesh,0.417764,0.460225,0.015005,1,
id0372,id0398,crop,remesh,0.346982,0.489558,0.010028,1,
id0372,id0399,crop,remesh,0.440006,0.382834,0.009311,1,
id0372,id0401,crop,remesh,0.382928,0.347059,0.015111,1,
id0372,id0402,crop,remesh,0.244836,0.389855,0.011192,1,
id0372,id0404,crop,remesh,0.270722,0.459352,0.009771,1,
id0372,id0411,crop,remesh,0.450043,0.568865,0.020390,1,
id0372,id0412,crop,remesh,0.258469,0.321476,0.011275,1,
id0372,id0418,crop,remesh,0.256923,0.378675,0.009691,1,
id0372,id0421,crop,remesh,0.398139,0.420853,0.011886,1,
id0372,id0422,crop,remesh,0.321812,0.397674,0.010047,1,
id0372,id0431,crop,remesh,0.318000,0.391963,0.009571,1,
id0372,id0437,crop,remesh,0.306321,0.366648,0.007825,1,
id0372,id0441,crop,remesh,0.332090,0.370409,0.010932,1,
id0372,id0447,crop,remesh,0.485227,0.369816,0.003948,1,
id0372,id0460,crop,remesh,0.336339,0.451887,0.009798,1,
id0372,id0462,crop,remesh,0.401520,0.416137,0.007480,1,
id0372,id0465,crop,remesh,0.363217,0.366264,0.011151,1,
id0372,id0466,crop,remesh,0.414976,0.370027,0.003955,1,
id0372,id0468,crop,remesh,0.400486,0.575070,0.021675,1,
id0372,id0470,crop,remesh,0.235245,0.379039,0.010370,1,
id0372,id0476,crop,remesh,0.412583,0.377469,0.005938,1,
id0372,id0486,crop,remesh,0.510439,0.512607,0.012115,1,
id0372,id0491,crop,remesh,0.354563,0.371829,0.007865,1,
id0372,id0498,crop,remesh,0.431900,0.500402,0.012125,1,
id0373,id0374,crop,remesh,0.469390,0.482216,0.009096,1,
id0373,id0378,crop,remesh,0.297376,0.481321,0.009084,1,
id0373,id0381,crop,remesh,0.277948,0.470706,0.009124,1,
id0373,id0382,crop,remesh,0.455828,0.690019,0.017091,1,
id0373,id0392,crop,remesh,0.301899,0.577924,0.014791,1,
id0373,id0396,crop,remesh,0.295011,0.595636,0.014951,1,
id0373,id0398,crop,remesh,0.479281,0.719235,0.013126,1,
id0373,id0399,crop,remesh,0.340529,0.434384,0.010054,1,
id0373,id0401,crop,remesh,0.412575,0.648995,0.017375,1,
id0373,id0402,crop,remesh,0.334375,0.576437,0.011742,1,
id0373,id0404,crop,remesh,0.399653,0.633118,0.011733,1,
id0373,id0411,crop,remesh,0.454953,0.791548,0.022612,1,
id0373,id0412,crop,remesh,0.368775,0.549898,0.012843,1,
id0373,id0418,crop,remesh,0.351211,0.650327,0.011385,1,
id0373,id0421,crop,remesh,0.342958,0.569888,0.011837,1,
id0373,id0422,crop,remesh,0.307924,0.537439,0.010465,1,
id0373,id0431,crop,remesh,0.406537,0.655364,0.012842,1,
id0373,id0437,crop,remesh,0.360031,0.570667,0.010140,1,
id0373,id0441,crop,remesh,0.376048,0.621402,0.013161,1,
id0373,id0447,crop,remesh,0.405099,0.417197,0.005205,1,
id0373,id0460,crop,remesh,0.300464,0.594613,0.009849,1,
id0373,id0462,crop,remesh,0.377932,0.534749,0.008139,1,
id0373,id0465,crop,remesh,0.415658,0.623011,0.012961,1,
id0373,id0466,crop,remesh,0.372974,0.419715,0.004861,1,
id0373,id0468,crop,remesh,0.529465,0.838472,0.024013,1,
id0373,id0470,crop,remesh,0.409604,0.661706,0.013051,1,
id0373,id0476,crop,remesh,0.290062,0.341568,0.005186,1,
id0373,id0486,crop,remesh,0.365975,0.525578,0.011385,1,
id0373,id0491,crop,remesh,0.265997,0.483166,0.008379,1,
id0373,id0498,crop,remesh,0.384710,0.558727,0.011021,1,
id0374,id0378,crop,remesh,0.466171,0.473201,0.004391,1,
id0374,id0381,crop,remesh,0.471812,0.577575,0.005216,1,
id0374,id0382,crop,remesh,0.449944,0.682189,0.009564,1,
id0374,id0392,crop,remesh,0.444586,0.587334,0.008548,1,
id0374,id0396,crop,remesh,0.554511,0.716568,0.009167,1,
id0374,id0398,crop,remesh,0.588294,0.825311,0.009225,1,
id0374,id0399,crop,remesh,0.314847,0.351621,0.004070,1,
id0374,id0401,crop,remesh,0.382946,0.568091,0.009170,1,
id0374,id0402,crop,remesh,0.446936,0.609230,0.006417,1,
id0374,id0404,crop,remesh,0.491666,0.652655,0.007218,1,
id0374,id0411,crop,remesh,0.402865,0.692298,0.013239,1,
id0374,id0412,crop,remesh,0.495529,0.641654,0.007014,1,
id0374,id0418,crop,remesh,0.560807,0.716946,0.006799,1,
id0374,id0421,crop,remesh,0.417540,0.559677,0.005717,1,
id0374,id0422,crop,remesh,0.469122,0.612863,0.006062,1,
id0374,id0431,crop,remesh,0.536374,0.725858,0.007487,1,
id0374,id0437,crop,remesh,0.482325,0.549819,0.003904,1,
id0374,id0441,crop,remesh,0.385741,0.539226,0.006825,1,
id0374,id0447,crop,remesh,0.436110,0.516642,0.002511,1,
id0374,id0460,crop,remesh,0.403737,0.619483,0.005013,1,
id0374,id0462,crop,remesh,0.487800,0.666492,0.004786,1,
id0374,id0465,crop,remesh,0.344692,0.534874,0.006957,1,
id0374,id0466,crop,remesh,0.391009,0.477715,0.002239,1,
id0374,id0468,crop,remesh,0.595522,0.880679,0.015849,1,
id0374,id0470,crop,remesh,0.527500,0.708887,0.008379,1,
id0374,id0476,crop,remesh,0.350434,0.448999,0.002473,1,
id0374,id0486,crop,remesh,0.376420,0.521654,0.006227,1,
id0374,id0491,crop,remesh,0.327227,0.461857,0.003415,1,
id0374,id0498,crop,remesh,0.293935,0.441726,0.005635,1,
id0378,id0381,crop,remesh,0.258883,0.448639,0.012069,1,
id0378,id0382,crop,remesh,0.375325,0.500373,0.019240,1,
id0378,id0392,crop,remesh,0.282779,0.419000,0.017525,1,
id0378,id0396,crop,remesh,0.341484,0.517080,0.018259,1,
id0378,id0398,crop,remesh,0.436635,0.655201,0.014849,1,
id0378,id0399,crop,remesh,0.299539,0.287299,0.011483,1,
id0378,id0401,crop,remesh,0.327158,0.378008,0.018402,1,
id0378,id0402,crop,remesh,0.239892,0.422963,0.014407,1,
id0378,id0404,crop,remesh,0.317791,0.488253,0.013677,1,
id0378,id0411,crop,remesh,0.368724,0.548246,0.024303,1,
id0378,id0412,crop,remesh,0.286274,0.451702,0.014578,1,
id0378,id0418,crop,remesh,0.318898,0.581068,0.013481,1,
id0378,id0421,crop,remesh,0.248029,0.390553,0.014353,1,
id0378,id0422,crop,remesh,0.260000,0.427877,0.013207,1,
id0378,id0431,crop,remesh,0.351046,0.565155,0.013959,1,
id0378,id0437,crop,remesh,0.271075,0.429491,0.009811,1,
id0378,id0441,crop,remesh,0.264786,0.393375,0.014059,1,
id0378,id0447,crop,remesh,0.404842,0.450906,0.005693,1,
id0378,id0460,crop,remesh,0.224651,0.420758,0.012205,1,
id0378,id0462,crop,remesh,0.355400,0.510128,0.010652,1,
id0378,id0465,crop,remesh,0.333051,0.379691,0.014430,1,
id0378,id0466,crop,remesh,0.375135,0.450580,0.006140,1,
id0378,id0468,crop,remesh,0.421750,0.671711,0.026884,1,
id0378,id0470,crop,remesh,0.348253,0.519209,0.014815,1,
id0378,id0476,crop,remesh,0.312932,0.383245,0.007621,1,
id0378,id0486,crop,remesh,0.404509,0.425285,0.014961,1,
id0378,id0491,crop,remesh,0.243114,0.354007,0.009417,1,
id0378,id0498,crop,remesh,0.296324,0.380107,0.013695,1,
id0381,id0382,crop,remesh,0.377482,0.509759,0.017908,1,
id0381,id0392,crop,remesh,0.304762,0.393733,0.015867,1,
id0381,id0396,crop,remesh,0.353904,0.406831,0.016350,1,
id0381,id0398,crop,remesh,0.401344,0.603726,0.012909,1,
id0381,id0399,crop,remesh,0.365413,0.344728,0.010958,1,
id0381,id0401,crop,remesh,0.380073,0.502186,0.018437,1,
id0381,id0402,crop,remesh,0.189996,0.387106,0.012712,1,
id0381,id0404,crop,remesh,0.256773,0.464261,0.011575,1,
id0381,id0411,crop,remesh,0.421998,0.643334,0.024100,1,
id0381,id0412,crop,remesh,0.272537,0.363614,0.013414,1,
id0381,id0418,crop,remesh,0.252667,0.463150,0.011622,1,
id0381,id0421,crop,remesh,0.305261,0.367146,0.013218,1,
id0381,id0422,crop,remesh,0.257963,0.378922,0.011418,1,
id0381,id0431,crop,remesh,0.335173,0.510053,0.012563,1,
id0381,id0437,crop,remesh,0.337790,0.518899,0.010829,1,
id0381,id0441,crop,remesh,0.304663,0.461681,0.013679,1,
id0381,id0447,crop,remesh,0.441186,0.406580,0.005317,1,
id0381,id0460,crop,remesh,0.237167,0.393427,0.011035,1,
id0381,id0462,crop,remesh,0.358762,0.353814,0.008502,1,
id0381,id0465,crop,remesh,0.346624,0.446293,0.013488,1,
id0381,id0466,crop,remesh,0.371010,0.349629,0.004804,1,
id0381,id0468,crop,remesh,0.427909,0.672271,0.025277,1,
id0381,id0470,crop,remesh,0.305041,0.509179,0.013078,1,
id0381,id0476,crop,remesh,0.317799,0.233657,0.006058,1,
id0381,id0486,crop,remesh,0.403657,0.396291,0.012773,1,
id0381,id0491,crop,remesh,0.270061,0.371440,0.009435,1,
id0381,id0498,crop,remesh,0.328005,0.446165,0.013010,1,
id0382,id0392,crop,remesh,0.336285,0.378605,0.005179,1,
id0382,id0396,crop,remesh,0.391719,0.490860,0.007114,1,
id0382,id0398,crop,remesh,0.328842,0.470509,0.003380,1,
id0382,id0399,crop,remesh,0.330464,0.415789,0.003531,1,
id0382,id0401,crop,remesh,0.314808,0.399549,0.005830,1,
id0382,id0402,crop,remesh,0.265893,0.307463,0.004049,1,
id0382,id0404,crop,remesh,0.239586,0.338215,0.003616,1,
id0382,id0411,crop,remesh,0.245869,0.337050,0.008496,1,
id0382,id0412,crop,remesh,0.233227,0.364954,0.003693,1,
id0382,id0418,crop,remesh,0.404473,0.473916,0.003114,1,
id0382,id0421,crop,remesh,0.306134,0.342810,0.004488,1,
id0382,id0422,crop,remesh,0.308426,0.420790,0.004192,1,
id0382,id0431,crop,remesh,0.314524,0.396230,0.002915,1,
id0382,id0437,crop,remesh,0.490222,0.646470,0.003248,1,
id0382,id0441,crop,remesh,0.295433,0.348489,0.004062,1,
id0382,id0447,crop,remesh,0.458357,0.550175,0.002585,1,
id0382,id0460,crop,remesh,0.283278,0.450803,0.004133,1,
id0382,id0462,crop,remesh,0.270189,0.385372,0.002406,1,
id0382,id0465,crop,remesh,0.279857,0.278003,0.003757,1,
id0382,id0466,crop,remesh,0.386882,0.497790,0.002878,1,
id0382,id0468,crop,remesh,0.248895,0.409270,0.009040,1,
id0382,id0470,crop,remesh,0.304610,0.385803,0.003950,1,
id0382,id0476,crop,remesh,0.405574,0.525477,0.003568,1,
id0382,id0486,crop,remesh,0.283578,0.349387,0.004486,1,
id0382,id0491,crop,remesh,0.396245,0.534833,0.004045,1,
id0382,id0498,crop,remesh,0.334916,0.449133,0.005208,1,
id0392,id0396,crop,remesh,0.318582,0.436187,0.010556,1,
id0392,id0398,crop,remesh,0.445610,0.550702,0.007018,1,
id0392,id0399,crop,remesh,0.311636,0.359607,0.006300,1,
id0392,id0401,crop,remesh,0.307914,0.362082,0.010216,1,
id0392,id0402,crop,remesh,0.263153,0.355568,0.007165,1,
id0392,id0404,crop,remesh,0.296270,0.408692,0.006474,1,
id0392,id0411,crop,remesh,0.348857,0.514368,0.014991,1,
id0392,id0412,crop,remesh,0.325721,0.378960,0.007172,1,
id0392,id0418,crop,remesh,0.370062,0.477524,0.006008,1,
id0392,id0421,crop,remesh,0.259913,0.354686,0.007551,1,
id0392,id0422,crop,remesh,0.252434,0.352338,0.006293,1,
id0392,id0431,crop,remesh,0.349446,0.498691,0.006748,1,
id0392,id0437,crop,remesh,0.364464,0.494454,0.005782,1,
id0392,id0441,crop,remesh,0.263996,0.365994,0.007189,1,
id0392,id0447,crop,remesh,0.452529,0.499566,0.003149,1,
id0392,id0460,crop,remesh,0.258632,0.418757,0.006486,1,
id0392,id0462,crop,remesh,0.380229,0.419860,0.004535,1,
id0392,id0465,crop,remesh,0.301825,0.345472,0.007104,1,
id0392,id0466,crop,remesh,0.416769,0.443414,0.003131,1,
id0392,id0468,crop,remesh,0.404677,0.566147,0.015750,1,
id0392,id0470,crop,remesh,0.330755,0.414020,0.007129,1,
id0392,id0476,crop,remesh,0.357637,0.381626,0.003431,1,
id0392,id0486,crop,remesh,0.313447,0.357756,0.007713,1,
id0392,id0491,crop,remesh,0.267808,0.377400,0.005411,1,
id0392,id0498,crop,remesh,0.292905,0.381384,0.007276,1,
id0396,id0398,crop,remesh,0.434064,0.575531,0.006742,1,
id0396,id0399,crop,remesh,0.368911,0.484695,0.005335,1,
id0396,id0401,crop,remesh,0.420079,0.501226,0.008585,1,
id0396,id0402,crop,remesh,0.331562,0.397543,0.005492,1,
id0396,id0404,crop,remesh,0.341950,0.460017,0.005470,1,
id0396,id0411,crop,remesh,0.431370,0.677238,0.012840,1,
id0396,id0412,crop,remesh,0.334044,0.353777,0.005873,1,
id0396,id0418,crop,remesh,0.423745,0.482011,0.005255,1,
id0396,id0421,crop,remesh,0.322661,0.443426,0.005796,1,
id0396,id0422,crop,remesh,0.230366,0.350906,0.004267,1,
id0396,id0431,crop,remesh,0.359612,0.522092,0.006384,1,
id0396,id0437,crop,remesh,0.474152,0.558760,0.005009,1,
id0396,id0441,crop,remesh,0.372539,0.526611,0.006861,1,
id0396,id0447,crop,remesh,0.448912,0.551422,0.003801,1,
id0396,id0460,crop,remesh,0.270844,0.378275,0.004186,1,
id0396,id0462,crop,remesh,0.277450,0.374332,0.003652,1,
id0396,id0465,crop,remesh,0.403751,0.508921,0.005990,1,
id0396,id0466,crop,remesh,0.406411,0.511088,0.003614,1,
id0396,id0468,crop,remesh,0.421676,0.613736,0.013160,1,
id0396,id0470,crop,remesh,0.354499,0.468156,0.006004,1,
id0396,id0476,crop,remesh,0.378272,0.408057,0.003225,1,
id0396,id0486,crop,remesh,0.328229,0.474389,0.005449,1,
id0396,id0491,crop,remesh,0.391823,0.451719,0.004059,1,
id0396,id0498,crop,remesh,0.437012,0.580064,0.005820,1,
id0398,id0399,crop,remesh,0.457229,0.587146,0.006779,1,
id0398,id0401,crop,remesh,0.417295,0.538548,0.008657,1,
id0398,id0402,crop,remesh,0.327117,0.458609,0.006417,1,
id0398,id0404,crop,remesh,0.322935,0.434886,0.005116,1,
id0398,id0411,crop,remesh,0.423926,0.596317,0.011570,1,
id0398,id0412,crop,remesh,0.298256,0.366234,0.006158,1,
id0398,id0418,crop,remesh,0.373546,0.433057,0.004527,1,
id0398,id0421,crop,remesh,0.453945,0.584737,0.008097,1,
id0398,id0422,crop,remesh,0.348143,0.497281,0.006220,1,
id0398,id0431,crop,remesh,0.260728,0.251408,0.003906,1,
id0398,id0437,crop,remesh,0.478185,0.662173,0.006416,1,
id0398,id0441,crop,remesh,0.391508,0.521494,0.006681,1,
id0398,id0447,crop,remesh,0.459389,0.511795,0.004805,1,
id0398,id0460,crop,remesh,0.406621,0.635892,0.007328,1,
id0398,id0462,crop,remesh,0.295371,0.391386,0.004149,1,
id0398,id0465,crop,remesh,0.342753,0.483224,0.005910,1,
id0398,id0466,crop,remesh,0.393692,0.512913,0.005022,1,
id0398,id0468,crop,remesh,0.313317,0.432034,0.010443,1,
id0398,id0470,crop,remesh,0.262555,0.332064,0.004611,1,
id0398,id0476,crop,remesh,0.430725,0.598104,0.006383,1,
id0398,id0486,crop,remesh,0.462028,0.595308,0.007350,1,
id0398,id0491,crop,remesh,0.489895,0.667105,0.007960,1,
id0398,id0498,crop,remesh,0.516975,0.711878,0.009263,1,
id0399,id0401,crop,remesh,0.277777,0.468955,0.012991,1,
id0399,id0402,crop,remesh,0.334493,0.482850,0.009611,1,
id0399,id0404,crop,remesh,0.383984,0.519216,0.009388,1,
id0399,id0411,crop,remesh,0.317708,0.566187,0.017829,1,
id0399,id0412,crop,remesh,0.342022,0.493457,0.009760,1,
id0399,id0418,crop,remesh,0.453455,0.639519,0.009142,1,
id0399,id0421,crop,remesh,0.285345,0.444957,0.009578,1,
id0399,id0422,crop,remesh,0.297708,0.518021,0.009141,1,
id0399,id0431,crop,remesh,0.367184,0.571085,0.009336,1,
id0399,id0437,crop,remesh,0.366427,0.523899,0.006160,1,
id0399,id0441,crop,remesh,0.260331,0.427359,0.009374,1,
id0399,id0447,crop,remesh,0.282595,0.418162,0.003084,1,
id0399,id0460,crop,remesh,0.273197,0.531521,0.008295,1,
id0399,id0462,crop,remesh,0.309046,0.531977,0.006738,1,
id0399,id0465,crop,remesh,0.269685,0.407332,0.009757,1,
id0399,id0466,crop,remesh,0.293099,0.414415,0.003387,1,
id0399,id0468,crop,remesh,0.457013,0.734138,0.020358,1,
id0399,id0470,crop,remesh,0.411378,0.596018,0.010554,1,
id0399,id0476,crop,remesh,0.261795,0.404882,0.004468,1,
id0399,id0486,crop,remesh,0.275961,0.434288,0.009952,1,
id0399,id0491,crop,remesh,0.256791,0.452227,0.006153,1,
id0399,id0498,crop,remesh,0.287418,0.414091,0.009149,1,
id0401,id0402,crop,remesh,0.321851,0.446211,0.006724,1,
id0401,id0404,crop,remesh,0.329277,0.478758,0.006375,1,
id0401,id0411,crop,remesh,0.270475,0.493925,0.011907,1,
id0401,id0412,crop,remesh,0.315868,0.479001,0.006428,1,
id0401,id0418,crop,remesh,0.434160,0.555469,0.005847,1,
id0401,id0421,crop,remesh,0.338303,0.463268,0.006811,1,
id0401,id0422,crop,remesh,0.306677,0.442943,0.006019,1,
id0401,id0431,crop,remesh,0.353495,0.536312,0.005767,1,
id0401,id0437,crop,remesh,0.344696,0.387067,0.003438,1,
id0401,id0441,crop,remesh,0.197266,0.337788,0.005349,1,
id0401,id0447,crop,remesh,0.432471,0.569931,0.003525,1,
id0401,id0460,crop,remesh,0.310484,0.482073,0.006072,1,
id0401,id0462,crop,remesh,0.401666,0.580796,0.005245,1,
id0401,id0465,crop,remesh,0.195767,0.335465,0.005689,1,
id0401,id0466,crop,remesh,0.401225,0.550551,0.003636,1,
id0401,id0468,crop,remesh,0.422057,0.590233,0.013996,1,
id0401,id0470,crop,remesh,0.332081,0.440198,0.006528,1,
id0401,id0476,crop,remesh,0.391364,0.537189,0.004475,1,
id0401,id0486,crop,remesh,0.385273,0.548881,0.007936,1,
id0401,id0491,crop,remesh,0.305484,0.411895,0.004712,1,
id0401,id0498,crop,remesh,0.300450,0.481524,0.006827,1,
id0402,id0404,crop,remesh,0.183373,0.323974,0.007126,1,
id0402,id0411,crop,remesh,0.303578,0.440427,0.016687,1,
id0402,id0412,crop,remesh,0.214635,0.309931,0.008447,1,
id0402,id0418,crop,remesh,0.254257,0.451238,0.007030,1,
id0402,id0421,crop,remesh,0.241344,0.297506,0.008426,1,
id0402,id0422,crop,remesh,0.238289,0.326296,0.007246,1,
id0402,id0431,crop,remesh,0.281636,0.399833,0.007455,1,
id0402,id0437,crop,remesh,0.368647,0.540046,0.006176,1,
id0402,id0441,crop,remesh,0.235409,0.329700,0.008362,1,
id0402,id0447,crop,remesh,0.453887,0.436997,0.002965,1,
id0402,id0460,crop,remesh,0.200218,0.373181,0.006991,1,
id0402,id0462,crop,remesh,0.295920,0.307875,0.004828,1,
id0402,id0465,crop,remesh,0.275577,0.286862,0.008234,1,
id0402,id0466,crop,remesh,0.365052,0.366835,0.002686,1,
id0402,id0468,crop,remesh,0.305624,0.510641,0.017813,1,
id0402,id0470,crop,remesh,0.223321,0.384775,0.008002,1,
id0402,id0476,crop,remesh,0.337777,0.362029,0.003815,1,
id0402,id0486,crop,remesh,0.348275,0.286496,0.008439,1,
id0402,id0491,crop,remesh,0.297275,0.405905,0.005938,1,
id0402,id0498,crop,remesh,0.289693,0.392676,0.008621,1,
id0404,id0411,crop,remesh,0.309587,0.421738,0.018853,1,
id0404,id0412,crop,remesh,0.218146,0.394634,0.010372,1,
id0404,id0418,crop,remesh,0.301484,0.539073,0.008736,1,
id0404,id0421,crop,remesh,0.319044,0.413025,0.011330,1,
id0404,id0422,crop,remesh,0.229009,0.352780,0.009342,1,
id0404,id0431,crop,remesh,0.283628,0.415865,0.008364,1,
id0404,id0437,crop,remesh,0.410840,0.623531,0.008429,1,
id0404,id0441,crop,remesh,0.250451,0.354247,0.010182,1,
id0404,id0447,crop,remesh,0.503725,0.547455,0.004549,1,
id0404,id0460,crop,remesh,0.243574,0.460796,0.009513,1,
id0404,id0462,crop,remesh,0.311853,0.369120,0.006502,1,
id0404,id0465,crop,remesh,0.284854,0.311781,0.010272,1,
id0404,id0466,crop,remesh,0.409648,0.439084,0.003965,1,
id0404,id0468,crop,remesh,0.274039,0.490134,0.019557,1,
id0404,id0470,crop,remesh,0.198381,0.378888,0.009183,1,
id0404,id0476,crop,remesh,0.416856,0.510406,0.006433,1,
id0404,id0486,crop,remesh,0.364966,0.357999,0.011223,1,
id0404,id0491,crop,remesh,0.366881,0.525120,0.008722,1,
id0404,id0498,crop,remesh,0.354615,0.503982,0.012159,1,
id0411,id0412,crop,remesh,0.349532,0.499140,0.004763,1,
id0411,id0418,crop,remesh,0.438750,0.581187,0.004339,1,
id0411,id0421,crop,remesh,0.295364,0.393509,0.004732,1,
id0411,id0422,crop,remesh,0.332680,0.467544,0.004960,1,
id0411,id0431,crop,remesh,0.357571,0.501776,0.003902,1,
id0411,id0437,crop,remesh,0.456442,0.603898,0.002713,1,
id0411,id0441,crop,remesh,0.214827,0.277162,0.003547,1,
id0411,id0447,crop,remesh,0.490217,0.583653,0.003895,1,
id0411,id0460,crop,remesh,0.296883,0.491788,0.004554,1,
id0411,id0462,crop,remesh,0.377575,0.527213,0.004089,1,
id0411,id0465,crop,remesh,0.280850,0.291345,0.004209,1,
id0411,id0466,crop,remesh,0.384575,0.497390,0.003654,1,
id0411,id0468,crop,remesh,0.322885,0.497894,0.009179,1,
id0411,id0470,crop,remesh,0.353529,0.471782,0.004977,1,
id0411,id0476,crop,remesh,0.420208,0.562326,0.004895,1,
id0411,id0486,crop,remesh,0.324308,0.435210,0.005950,1,
id0411,id0491,crop,remesh,0.356798,0.490526,0.003926,1,
id0411,id0498,crop,remesh,0.308693,0.400731,0.005299,1,
id0412,id0418,crop,remesh,0.286749,0.453831,0.009283,1,
id0412,id0421,crop,remesh,0.302943,0.373536,0.011368,1,
id0412,id0422,crop,remesh,0.253256,0.381682,0.009970,1,
id0412,id0431,crop,remesh,0.261738,0.362751,0.009367,1,
id0412,id0437,crop,remesh,0.386717,0.541984,0.008104,1,
id0412,id0441,crop,remesh,0.300312,0.387150,0.010735,1,
id0412,id0447,crop,remesh,0.408681,0.433680,0.003948,1,
id0412,id0460,crop,remesh,0.263142,0.456876,0.009919,1,
id0412,id0462,crop,remesh,0.258951,0.320293,0.007009,1,
id0412,id0465,crop,remesh,0.302869,0.338538,0.010788,1,
id0412,id0466,crop,remesh,0.359976,0.424666,0.004142,1,
id0412,id0468,crop,remesh,0.308968,0.502232,0.021433,1,
id0412,id0470,crop,remesh,0.257752,0.372614,0.010385,1,
id0412,id0476,crop,remesh,0.347668,0.420561,0.005689,1,
id0412,id0486,crop,remesh,0.368430,0.398707,0.011706,1,
id0412,id0491,crop,remesh,0.339943,0.483276,0.008110,1,
id0412,id0498,crop,remesh,0.364585,0.488036,0.011577,1,
id0418,id0421,crop,remesh,0.369229,0.461386,0.016510,1,
id0418,id0422,crop,remesh,0.322775,0.444102,0.014192,1,
id0418,id0431,crop,remesh,0.344582,0.370815,0.013093,1,
id0418,id0437,crop,remesh,0.390005,0.580016,0.013103,1,
id0418,id0441,crop,remesh,0.367867,0.461647,0.015357,1,
id0418,id0447,crop,remesh,0.516494,0.425760,0.006750,1,
id0418,id0460,crop,remesh,0.307640,0.520338,0.014642,1,
id0418,id0462,crop,remesh,0.410867,0.388024,0.010611,1,
id0418,id0465,crop,remesh,0.422876,0.407502,0.015329,1,
id0418,id0466,crop,remesh,0.453255,0.407994,0.006531,1,
id0418,id0468,crop,remesh,0.391486,0.528311,0.027209,1,
id0418,id0470,crop,remesh,0.307819,0.372220,0.014129,1,
id0418,id0476,crop,remesh,0.403558,0.433770,0.008856,1,
id0418,id0486,crop,remesh,0.470327,0.479662,0.016395,1,
id0418,id0491,crop,remesh,0.373128,0.524242,0.013035,1,
id0418,id0498,crop,remesh,0.401312,0.530511,0.016743,1,
id0421,id0422,crop,remesh,0.257735,0.430892,0.007643,1,
id0421,id0431,crop,remesh,0.330757,0.527166,0.008429,1,
id0421,id0437,crop,remesh,0.395903,0.574828,0.005693,1,
id0421,id0441,crop,remesh,0.256471,0.376193,0.008341,1,
id0421,id0447,crop,remesh,0.407444,0.467578,0.002983,1,
id0421,id0460,crop,remesh,0.201648,0.410758,0.006777,1,
id0421,id0462,crop,remesh,0.326840,0.418019,0.005468,1,
id0421,id0465,crop,remesh,0.329783,0.363949,0.008530,1,
id0421,id0466,crop,remesh,0.346490,0.417568,0.002718,1,
id0421,id0468,crop,remesh,0.360513,0.615673,0.018740,1,
id0421,id0470,crop,remesh,0.382815,0.532221,0.009254,1,
id0421,id0476,crop,remesh,0.297387,0.357287,0.003476,1,
id0421,id0486,crop,remesh,0.305494,0.320571,0.008599,1,
id0421,id0491,crop,remesh,0.275356,0.412166,0.005055,1,
id0421,id0498,crop,remesh,0.234395,0.327577,0.007790,1,
id0422,id0431,crop,remesh,0.263494,0.434554,0.009749,1,
id0422,id0437,crop,remesh,0.369047,0.550484,0.008276,1,
id0422,id0441,crop,remesh,0.248051,0.404182,0.010399,1,
id0422,id0447,crop,remesh,0.406360,0.440011,0.004438,1,
id0422,id0460,crop,remesh,0.194269,0.464252,0.008985,1,
id0422,id0462,crop,remesh,0.272742,0.334896,0.006592,1,
id0422,id0465,crop,remesh,0.287564,0.393315,0.010555,1,
id0422,id0466,crop,remesh,0.334963,0.350264,0.003571,1,
id0422,id0468,crop,remesh,0.315886,0.562444,0.020698,1,
id0422,id0470,crop,remesh,0.241271,0.412144,0.009864,1,
id0422,id0476,crop,remesh,0.306629,0.383795,0.005235,1,
id0422,id0486,crop,remesh,0.307596,0.381109,0.010811,1,
id0422,id0491,crop,remesh,0.304982,0.460729,0.007731,1,
id0422,id0498,crop,remesh,0.327702,0.495188,0.010922,1,
id0431,id0437,crop,remesh,0.406171,0.560777,0.009313,1,
id0431,id0441,crop,remesh,0.298886,0.462264,0.011233,1,
id0431,id0447,crop,remesh,0.341002,0.376895,0.004996,1,
id0431,id0460,crop,remesh,0.330717,0.599122,0.011355,1,
id0431,id0462,crop,remesh,0.266161,0.394617,0.007867,1,
id0431,id0465,crop,remesh,0.326847,0.439913,0.011255,1,
id0431,id0466,crop,remesh,0.284583,0.414059,0.005239,1,
id0431,id0468,crop,remesh,0.305890,0.533085,0.020657,1,
id0431,id0470,crop,remesh,0.247632,0.389607,0.010005,1,
id0431,id0476,crop,remesh,0.337154,0.512300,0.007436,1,
id0431,id0486,crop,remesh,0.418949,0.579554,0.013143,1,
id0431,id0491,crop,remesh,0.386687,0.591582,0.010096,1,
id0431,id0498,crop,remesh,0.434914,0.654968,0.013750,1,
id0437,id0441,crop,remesh,0.336689,0.549342,0.017284,1,
id0437,id0447,crop,remesh,0.415288,0.513219,0.008315,1,
id0437,id0460,crop,remesh,0.383953,0.658791,0.016504,1,
id0437,id0462,crop,remesh,0.470101,0.710526,0.014509,1,
id0437,id0465,crop,remesh,0.394984,0.583201,0.018280,1,
id0437,id0466,crop,remesh,0.405369,0.548656,0.008314,1,
id0437,id0468,crop,remesh,0.537403,0.840181,0.032270,1,
id0437,id0470,crop,remesh,0.411726,0.639396,0.018979,1,
id0437,id0476,crop,remesh,0.370798,0.556488,0.011367,1,
id0437,id0486,crop,remesh,0.534355,0.742384,0.020520,1,
id0437,id0491,crop,remesh,0.259729,0.473107,0.012598,1,
id0437,id0498,crop,remesh,0.409972,0.647603,0.018738,1,
id0441,id0447,crop,remesh,0.405120,0.486468,0.004358,1,
id0441,id0460,crop,remesh,0.215857,0.475612,0.009454,1,
id0441,id0462,crop,remesh,0.343782,0.517550,0.007752,1,
id0441,id0465,crop,remesh,0.198906,0.275677,0.009874,1,
id0441,id0466,crop,remesh,0.325193,0.433678,0.004157,1,
id0441,id0468,crop,remesh,0.351042,0.583144,0.020364,1,
id0441,id0470,crop,remesh,0.280436,0.465170,0.010066,1,
id0441,id0476,crop,remesh,0.339167,0.463188,0.006040,1,
id0441,id0486,crop,remesh,0.358541,0.476772,0.012100,1,
id0441,id0491,crop,remesh,0.262593,0.391882,0.007341,1,
id0441,id0498,crop,remesh,0.261249,0.392325,0.010783,1,
id0447,id0460,crop,remesh,0.417431,0.657486,0.020834,1,
id0447,id0462,crop,remesh,0.315803,0.552743,0.017444,1,
id0447,id0465,crop,remesh,0.407628,0.574478,0.022783,1,
id0447,id0466,crop,remesh,0.235278,0.391786,0.010793,1,
id0447,id0468,crop,remesh,0.545201,0.789707,0.037145,1,
id0447,id0470,crop,remesh,0.484035,0.623509,0.022458,1,
id0447,id0476,crop,remesh,0.232137,0.421212,0.012973,1,
id0447,id0486,crop,remesh,0.426920,0.622022,0.023551,1,
id0447,id0491,crop,remesh,0.362332,0.561430,0.017529,1,
id0447,id0498,crop,remesh,0.457734,0.617730,0.022557,1,
id0460,id0462,crop,remesh,0.293692,0.378567,0.006041,1,
id0460,id0465,crop,remesh,0.279804,0.351873,0.009476,1,
id0460,id0466,crop,remesh,0.331595,0.409916,0.002981,1,
id0460,id0468,crop,remesh,0.351528,0.601132,0.019721,1,
id0460,id0470,crop,remesh,0.302722,0.495215,0.009482,1,
id0460,id0476,crop,remesh,0.304470,0.354954,0.004088,1,
id0460,id0486,crop,remesh,0.296735,0.283719,0.009419,1,
id0460,id0491,crop,remesh,0.258366,0.401074,0.006035,1,
id0460,id0498,crop,remesh,0.238959,0.363343,0.008986,1,
id0462,id0465,crop,remesh,0.320385,0.441010,0.019048,1,
id0462,id0466,crop,remesh,0.267492,0.365227,0.008012,1,
id0462,id0468,crop,remesh,0.355113,0.580318,0.032429,1,
id0462,id0470,crop,remesh,0.322122,0.447581,0.017923,1,
id0462,id0476,crop,remesh,0.285703,0.390216,0.010677,1,
id0462,id0486,crop,remesh,0.295444,0.406888,0.019047,1,
id0462,id0491,crop,remesh,0.396071,0.514116,0.014751,1,
id0462,id0498,crop,remesh,0.418402,0.546388,0.019631,1,
id0465,id0466,crop,remesh,0.345851,0.452919,0.002430,1,
id0465,id0468,crop,remesh,0.385231,0.544071,0.009900,1,
id0465,id0470,crop,remesh,0.280135,0.409376,0.003984,1,
id0465,id0476,crop,remesh,0.349491,0.467121,0.003122,1,
id0465,id0486,crop,remesh,0.331163,0.418245,0.004542,1,
id0465,id0491,crop,remesh,0.311850,0.434210,0.003590,1,
id0465,id0498,crop,remesh,0.281236,0.398759,0.004778,1,
id0466,id0468,crop,remesh,0.455653,0.771942,0.035799,1,
id0466,id0470,crop,remesh,0.403579,0.603434,0.021042,1,
id0466,id0476,crop,remesh,0.228243,0.383978,0.011905,1,
id0466,id0486,crop,remesh,0.395492,0.553413,0.021987,1,
id0466,id0491,crop,remesh,0.306731,0.509398,0.015935,1,
id0466,id0498,crop,remesh,0.399153,0.572618,0.021567,1,
id0468,id0470,crop,remesh,0.301538,0.348967,0.002894,1,
id0468,id0476,crop,remesh,0.478503,0.653579,0.005234,1,
id0468,id0486,crop,remesh,0.422627,0.518913,0.004722,1,
id0468,id0491,crop,remesh,0.488188,0.663252,0.005370,1,
id0468,id0498,crop,remesh,0.444195,0.630117,0.005585,1,
id0470,id0476,crop,remesh,0.419072,0.538017,0.004830,1,
id0470,id0486,crop,remesh,0.415587,0.472296,0.007637,1,
id0470,id0491,crop,remesh,0.400990,0.549893,0.006584,1,
id0470,id0498,crop,remesh,0.419937,0.578415,0.008627,1,
id0476,id0486,crop,remesh,0.332094,0.474793,0.019327,1,
id0476,id0491,crop,remesh,0.255288,0.443390,0.014334,1,
id0476,id0498,crop,remesh,0.325334,0.455456,0.018118,1,
id0486,id0491,crop,remesh,0.387684,0.544563,0.004698,1,
id0486,id0498,crop,remesh,0.318965,0.414942,0.006354,1,
id0491,id0498,crop,remesh,0.263266,0.384328,0.016549,1,
