subject_a,subject_b,topology_a,topology_b,gt_distance,latent_distance,raw_chamfer,n_mesh_pairs,mesh_pair_index
id0001,id0004,crop,down8k,0.322800,0.380213,0.009099,1,
id0001,id0018,crop,down8k,0.366204,0.402214,0.007033,1,
id0001,id0020,crop,down8k,0.345168,0.391682,0.005518,1,
id0001,id0026,crop,down8k,0.465494,0.660316,0.017649,1,
id0001,id0027,crop,down8k,0.364464,0.446120,0.010962,1,
id0001,id0041,crop,down8k,0.287332,0.457956,0.016611,1,
id0001,id0042,crop,down8k,0.491159,0.706280,0.025094,1,
id0001,id0045,crop,down8k,0.360608,0.419700,0.013145,1,
id0001,id0048,crop,down8k,0.335410,0.375512,0.007210,1,
id0001,id0056,crop,down8k,0.350707,0.564902,0.019867,1,
id0001,id0062,crop,down8k,0.483203,0.679316,0.022488,1,
id0001,id0069,crop,down8k,0.345951,0.551813,0.012812,1,
id0001,id0071,crop,down8k,0.455894,0.620209,0.024594,1,
id0001,id0072,crop,down8k,0.337381,0.459262,0.013819,1,
id0001,id0075,crop,down8k,0.409765,0.563006,0.014575,1,
id0001,id0080,crop,down8k,0.454938,0.685566,0.021585,1,
id0001,id0081,crop,down8k,0.402132,0.598047,0.011139,1,
id0001,id0086,crop,down8k,0.362781,0.513746,0.012326,1,
id0001,id0088,crop,down8k,0.287890,0.462647,0.011064,1,
id0001,id0097,crop,down8k,0.271231,0.385509,0.011131,1,
id0001,id0100,crop,down8k,0.340169,0.495513,0.014874,1,
id0001,id0106,crop,down8k,0.399704,0.666141,0.017302,1,
id0001,id0107,crop,down8k,0.313481,0.339387,0.008609,1,
id0001,id0110,crop,down8k,0.337847,0.444813,0.008246,1,
id0001,id0113,crop,down8k,0.369655,0.541945,0.018425,1,
id0001,id0115,crop,down8k,0.352460,0.527083,0.016314,1,
id0001,id0130,crop,down8k,0.292304,0.482398,0.013312,1,
id0001,id0132,crop,down8k,0.290086,0.463135,0.015098,1,
id0001,id0136,crop,down8k,0.364559,0.536788,0.012041,1,
id0001,id0153,crop,down8k,0.290769,0.385124,0.008373,1,
id0001,id0161,crop,down8k,0.321011,0.465125,0.014540,1,
id0001,id0169,crop,down8k,0.339859,0.477795,0.016660,1,
id0001,id0182,crop,down8k,0.353581,0.443826,0.008825,1,
id0001,id0183,crop,down8k,0.377801,0.507493,0.006690,1,
id0001,id0186,crop,down8k,0.276798,0.432958,0.013472,1,
id0001,id0197,crop,down8k,0.349722,0.442184,0.009548,1,
id0001,id0199,crop,down8k,0.333997,0.435455,0.006780,1,
id0001,id0206,crop,down8k,0.582220,0.791862,0.021586,1,
id0001,id0207,crop,down8k,0.366138,0.515601,0.014693,1,
id0001,id0208,crop,down8k,0.272983,0.370757,0.008443,1,
id0001,id0212,crop,down8k,0.421550,0.454734,0.006833,1,
id0001,id0220,crop,down8k,0.352810,0.396878,0.012129,1,
id0001,id0222,crop,down8k,0.346686,0.361682,0.008305,1,
id0001,id0224,crop,down8k,0.400929,0.571855,0.015024,1,
id0001,id0233,crop,down8k,0.285536,0.364834,0.010222,1,
id0001,id0239,crop,down8k,0.522106,0.707671,0.023533,1,
id0001,id0242,crop,down8k,0.298460,0.458406,0.012762,1,
id0001,id0246,crop,down8k,0.385500,0.497662,0.019241,1,
id0001,id0258,crop,down8k,0.322260,0.461891,0.014190,1,
id0001,id0273,crop,down8k,0.281542,0.438493,0.013878,1,
id0001,id0275,crop,down8k,0.283546,0.314124,0.010664,1,
id0001,id0285,crop,down8k,0.310977,0.531326,0.011366,1,
id0001,id0290,crop,down8k,0.412985,0.402631,0.006839,1,
id0001,id0296,crop,down8k,0.295725,0.376130,0.010347,1,
id0001,id0299,crop,down8k,0.273174,0.375804,0.010147,1,
id0001,id0303,crop,down8k,0.274224,0.399891,0.009005,1,
id0001,id0319,crop,down8k,0.418635,0.450848,0.010874,1,
id0001,id0321,crop,down8k,0.346538,0.373578,0.006211,1,
id0001,id0326,crop,down8k,0.362382,0.501232,0.009649,1,
id0001,id0328,crop,down8k,0.260064,0.381351,0.009619,1,
id0001,id0330,crop,down8k,0.382978,0.500261,0.015052,1,
id0001,id0342,crop,down8k,0.302526,0.480729,0.015711,1,
id0001,id0346,crop,down8k,0.364628,0.534267,0.015957,1,
id0001,id0363,crop,down8k,0.316617,0.577600,0.016827,1,
id0001,id0367,crop,down8k,0.400716,0.460606,0.015106,1,
id0001,id0368,crop,down8k,0.278228,0.358023,0.009865,1,
id0001,id0369,crop,down8k,0.323987,0.400240,0.007413,1,
id0001,id0372,crop,down8k,0.441989,0.398868,0.012757,1,
id0001,id0373,crop,down8k,0.348212,0.416480,0.007802,1,
id0001,id0374,crop,down8k,0.441220,0.434682,0.010257,1,
id0001,id0378,crop,down8k,0.309927,0.381332,0.011264,1,
id0001,id0381,crop,down8k,0.386134,0.420253,0.010419,1,
id0001,id0382,crop,down8k,0.362844,0.547030,0.016742,1,
id0001,id0392,crop,down8k,0.343611,0.521663,0.016956,1,
id0001,id0396,crop,down8k,0.337015,0.569859,0.017136,1,
id0001,id0398,crop,down8k,0.483421,0.658947,0.014211,1,
id0001,id0399,crop,down8k,0.220824,0.313989,0.008304,1,
id0001,id0401,crop,down8k,0.325417,0.469451,0.015344,1,
id0001,id0402,crop,down8k,0.362388,0.456773,0.012021,1,
id0001,id0404,crop,down8k,0.394736,0.523294,0.015220,1,
id0001,id0411,crop,down8k,0.380956,0.592307,0.018079,1,
id0001,id0412,crop,down8k,0.338277,0.456564,0.016044,1,
id0001,id0418,crop,down8k,0.458799,0.524147,0.012930,1,
id0001,id0421,crop,down8k,0.292851,0.463963,0.015112,1,
id0001,id0422,crop,down8k,0.320140,0.497721,0.013634,1,
id0001,id0431,crop,down8k,0.344573,0.511364,0.011493,1,
id0001,id0437,crop,down8k,0.401537,0.455771,0.010689,1,
id0001,id0441,crop,down8k,0.291814,0.425702,0.015576,1,
id0001,id0447,crop,down8k,0.306172,0.338568,0.004373,1,
id0001,id0460,crop,down8k,0.293119,0.546069,0.014093,1,
id0001,id0462,crop,down8k,0.310316,0.495712,0.010876,1,
id0001,id0465,crop,down8k,0.345278,0.445545,0.016646,1,
id0001,id0466,crop,down8k,0.330986,0.378886,0.005595,1,
id0001,id0468,crop,down8k,0.465759,0.731327,0.020766,1,
id0001,id0470,crop,down8k,0.426994,0.527957,0.016381,1,
id0001,id0476,crop,down8k,0.308868,0.349796,0.006389,1,
id0001,id0486,crop,down8k,0.323589,0.560061,0.011358,1,
id0001,id0491,crop,down8k,0.320884,0.405540,0.010824,1,
id0001,id0498,crop,down8k,0.339398,0.460132,0.014309,1,
id0004,id0018,crop,down8k,0.299500,0.416014,0.011576,1,
id0004,id0020,crop,down8k,0.366351,0.464308,0.011042,1,
id0004,id0026,crop,down8k,0.416234,0.694212,0.025952,1,
id0004,id0027,crop,down8k,0.248048,0.436556,0.018240,1,
id0004,id0041,crop,down8k,0.345277,0.549205,0.026075,1,
id0004,id0042,crop,down8k,0.487255,0.767323,0.035298,1,
id0004,id0045,crop,down8k,0.324312,0.507677,0.021148,1,
id0004,id0048,crop,down8k,0.238472,0.320953,0.012436,1,
id0004,id0056,crop,down8k,0.478388,0.654806,0.029257,1,
id0004,id0062,crop,down8k,0.511633,0.772127,0.032141,1,
id0004,id0069,crop,down8k,0.343675,0.552870,0.020382,1,
id0004,id0071,crop,down8k,0.480545,0.736353,0.035755,1,
id0004,id0072,crop,down8k,0.344321,0.503584,0.022479,1,
id0004,id0075,crop,down8k,0.372617,0.609306,0.022214,1,
id0004,id0080,crop,down8k,0.425929,0.733981,0.030240,1,
id0004,id0081,crop,down8k,0.350165,0.624305,0.016670,1,
id0004,id0086,crop,down8k,0.333849,0.548545,0.020428,1,
id0004,id0088,crop,down8k,0.324047,0.478211,0.017808,1,
id0004,id0097,crop,down8k,0.372316,0.509369,0.019046,1,
id0004,id0100,crop,down8k,0.327457,0.583322,0.023739,1,
id0004,id0106,crop,down8k,0.425352,0.670084,0.025182,1,
id0004,id0107,crop,down8k,0.404081,0.446470,0.015491,1,
id0004,id0110,crop,down8k,0.288532,0.485584,0.014495,1,
id0004,id0113,crop,down8k,0.402826,0.609510,0.027803,1,
id0004,id0115,crop,down8k,0.299737,0.572189,0.024241,1,
id0004,id0130,crop,down8k,0.373116,0.561122,0.020615,1,
id0004,id0132,crop,down8k,0.372023,0.579255,0.023636,1,
id0004,id0136,crop,down8k,0.391691,0.578584,0.018923,1,
id0004,id0153,crop,down8k,0.307025,0.370536,0.013855,1,
id0004,id0161,crop,down8k,0.277533,0.486737,0.022270,1,
id0004,id0169,crop,down8k,0.369937,0.550199,0.026336,1,
id0004,id0182,crop,down8k,0.281358,0.405440,0.014385,1,
id0004,id0183,crop,down8k,0.405535,0.469313,0.011592,1,
id0004,id0186,crop,down8k,0.294698,0.456144,0.022302,1,
id0004,id0197,crop,down8k,0.295977,0.458269,0.016008,1,
id0004,id0199,crop,down8k,0.301516,0.417261,0.012806,1,
id0004,id0206,crop,down8k,0.534421,0.864645,0.030310,1,
id0004,id0207,crop,down8k,0.328717,0.542740,0.022552,1,
id0004,id0208,crop,down8k,0.252515,0.412745,0.014233,1,
id0004,id0212,crop,down8k,0.449904,0.541179,0.012651,1,
id0004,id0220,crop,down8k,0.382646,0.447146,0.020031,1,
id0004,id0222,crop,down8k,0.308054,0.439171,0.015006,1,
id0004,id0224,crop,down8k,0.323367,0.572948,0.022194,1,
id0004,id0233,crop,down8k,0.398470,0.390364,0.016868,1,
id0004,id0239,crop,down8k,0.464611,0.744852,0.033561,1,
id0004,id0242,crop,down8k,0.282912,0.442537,0.019976,1,
id0004,id0246,crop,down8k,0.388364,0.620825,0.029286,1,
id0004,id0258,crop,down8k,0.347289,0.506128,0.022408,1,
id0004,id0273,crop,down8k,0.353197,0.477930,0.022004,1,
id0004,id0275,crop,down8k,0.342961,0.409387,0.017918,1,
id0004,id0285,crop,down8k,0.300694,0.523483,0.018283,1,
id0004,id0290,crop,down8k,0.376412,0.386430,0.012439,1,
id0004,id0296,crop,down8k,0.377190,0.449608,0.017710,1,
id0004,id0299,crop,down8k,0.274334,0.452229,0.017285,1,
id0004,id0303,crop,down8k,0.376417,0.502043,0.016453,1,
id0004,id0319,crop,down8k,0.399626,0.529694,0.018612,1,
id0004,id0321,crop,down8k,0.359361,0.473068,0.012257,1,
id0004,id0326,crop,down8k,0.333240,0.533695,0.016660,1,
id0004,id0328,crop,down8k,0.303851,0.401169,0.016691,1,
id0004,id0330,crop,down8k,0.378090,0.517355,0.023696,1,
id0004,id0342,crop,down8k,0.350086,0.545889,0.024536,1,
id0004,id0346,crop,down8k,0.331411,0.580516,0.024229,1,
id0004,id0363,crop,down8k,0.357624,0.611810,0.025184,1,
id0004,id0367,crop,down8k,0.332776,0.516127,0.024131,1,
id0004,id0368,crop,down8k,0.268145,0.383435,0.016258,1,
id0004,id0369,crop,down8k,0.306576,0.406837,0.013741,1,
id0004,id0372,crop,down8k,0.348164,0.458645,0.021144,1,
id0004,id0373,crop,down8k,0.253746,0.343507,0.013119,1,
id0004,id0374,crop,down8k,0.488771,0.455608,0.016357,1,
id0004,id0378,crop,down8k,0.257372,0.438606,0.018916,1,
id0004,id0381,crop,down8k,0.262163,0.416455,0.016828,1,
id0004,id0382,crop,down8k,0.443676,0.659270,0.025882,1,
id0004,id0392,crop,down8k,0.334855,0.572303,0.025421,1,
id0004,id0396,crop,down8k,0.329644,0.558104,0.025217,1,
id0004,id0398,crop,down8k,0.455912,0.722354,0.022679,1,
id0004,id0399,crop,down8k,0.341713,0.389577,0.015092,1,
id0004,id0401,crop,down8k,0.404764,0.564063,0.024996,1,
id0004,id0402,crop,down8k,0.287139,0.510166,0.019397,1,
id0004,id0404,crop,down8k,0.385459,0.585753,0.023336,1,
id0004,id0411,crop,down8k,0.444882,0.693021,0.026993,1,
id0004,id0412,crop,down8k,0.346228,0.542683,0.025783,1,
id0004,id0418,crop,down8k,0.352156,0.593036,0.021356,1,
id0004,id0421,crop,down8k,0.283581,0.522608,0.023087,1,
id0004,id0422,crop,down8k,0.295274,0.498649,0.021017,1,
id0004,id0431,crop,down8k,0.344802,0.605503,0.020088,1,
id0004,id0437,crop,down8k,0.335827,0.488031,0.018327,1,
id0004,id0441,crop,down8k,0.345794,0.525631,0.024506,1,
id0004,id0447,crop,down8k,0.379462,0.385240,0.009726,1,
id0004,id0460,crop,down8k,0.277219,0.572872,0.021311,1,
id0004,id0462,crop,down8k,0.359342,0.515763,0.017797,1,
id0004,id0465,crop,down8k,0.413186,0.570294,0.025950,1,
id0004,id0466,crop,down8k,0.322157,0.368409,0.010361,1,
id0004,id0468,crop,down8k,0.497404,0.802913,0.030123,1,
id0004,id0470,crop,down8k,0.394680,0.608056,0.025459,1,
id0004,id0476,crop,down8k,0.263739,0.276629,0.011344,1,
id0004,id0486,crop,down8k,0.421167,0.594758,0.017725,1,
id0004,id0491,crop,down8k,0.283154,0.379998,0.017314,1,
id0004,id0498,crop,down8k,0.366030,0.500096,0.021839,1,
id0018,id0020,crop,down8k,0.275566,0.367984,0.006747,1,
id0018,id0026,crop,down8k,0.382527,0.752373,0.018176,1,
id0018,id0027,crop,down8k,0.290609,0.502149,0.012800,1,
id0018,id0041,crop,down8k,0.337230,0.558443,0.018372,1,
id0018,id0042,crop,down8k,0.511120,0.858302,0.026050,1,
id0018,id0045,crop,down8k,0.286276,0.551263,0.014844,1,
id0018,id0048,crop,down8k,0.272980,0.427089,0.007953,1,
id0018,id0056,crop,down8k,0.419521,0.662019,0.021159,1,
id0018,id0062,crop,down8k,0.534391,0.836543,0.023555,1,
id0018,id0069,crop,down8k,0.467310,0.652303,0.013927,1,
id0018,id0071,crop,down8k,0.456118,0.769381,0.026549,1,
id0018,id0072,crop,down8k,0.388603,0.563443,0.015951,1,
id0018,id0075,crop,down8k,0.308999,0.634124,0.015801,1,
id0018,id0080,crop,down8k,0.464278,0.830708,0.021777,1,
id0018,id0081,crop,down8k,0.325128,0.659898,0.011720,1,
id0018,id0086,crop,down8k,0.393905,0.602694,0.013798,1,
id0018,id0088,crop,down8k,0.358025,0.538459,0.012727,1,
id0018,id0097,crop,down8k,0.290321,0.474754,0.012631,1,
id0018,id0100,crop,down8k,0.357246,0.654534,0.016426,1,
id0018,id0106,crop,down8k,0.519131,0.780109,0.018293,1,
id0018,id0107,crop,down8k,0.340912,0.354881,0.009565,1,
id0018,id0110,crop,down8k,0.235144,0.476006,0.009356,1,
id0018,id0113,crop,down8k,0.432251,0.677206,0.020027,1,
id0018,id0115,crop,down8k,0.354310,0.644844,0.016451,1,
id0018,id0130,crop,down8k,0.349795,0.612699,0.013980,1,
id0018,id0132,crop,down8k,0.326289,0.591525,0.015894,1,
id0018,id0136,crop,down8k,0.458846,0.650301,0.013622,1,
id0018,id0153,crop,down8k,0.233688,0.343909,0.008841,1,
id0018,id0161,crop,down8k,0.287563,0.549863,0.015324,1,
id0018,id0169,crop,down8k,0.424750,0.637338,0.018961,1,
id0018,id0182,crop,down8k,0.193836,0.457897,0.010052,1,
id0018,id0183,crop,down8k,0.462025,0.495008,0.007208,1,
id0018,id0186,crop,down8k,0.344592,0.549617,0.016271,1,
id0018,id0197,crop,down8k,0.306567,0.459938,0.010244,1,
id0018,id0199,crop,down8k,0.386478,0.498510,0.008696,1,
id0018,id0206,crop,down8k,0.546436,0.927543,0.022486,1,
id0018,id0207,crop,down8k,0.330534,0.600744,0.015939,1,
id0018,id0208,crop,down8k,0.219759,0.433005,0.009863,1,
id0018,id0212,crop,down8k,0.439102,0.520087,0.008007,1,
id0018,id0220,crop,down8k,0.326173,0.458100,0.013502,1,
id0018,id0222,crop,down8k,0.298091,0.434858,0.010133,1,
id0018,id0224,crop,down8k,0.328001,0.641629,0.016686,1,
id0018,id0233,crop,down8k,0.351839,0.413696,0.011113,1,
id0018,id0239,crop,down8k,0.502849,0.829467,0.024860,1,
id0018,id0242,crop,down8k,0.341463,0.535146,0.014220,1,
id0018,id0246,crop,down8k,0.359223,0.646343,0.020842,1,
id0018,id0258,crop,down8k,0.278820,0.519948,0.015401,1,
id0018,id0273,crop,down8k,0.294283,0.510713,0.015938,1,
id0018,id0275,crop,down8k,0.312723,0.432725,0.011997,1,
id0018,id0285,crop,down8k,0.411593,0.623382,0.012049,1,
id0018,id0290,crop,down8k,0.263703,0.360484,0.008102,1,
id0018,id0296,crop,down8k,0.348008,0.433873,0.011756,1,
id0018,id0299,crop,down8k,0.294161,0.477039,0.011989,1,
id0018,id0303,crop,down8k,0.340705,0.510292,0.010936,1,
id0018,id0319,crop,down8k,0.431257,0.588966,0.013280,1,
id0018,id0321,crop,down8k,0.258891,0.394956,0.007385,1,
id0018,id0326,crop,down8k,0.466424,0.634634,0.011422,1,
id0018,id0328,crop,down8k,0.320845,0.415597,0.010886,1,
id0018,id0330,crop,down8k,0.336254,0.576195,0.017332,1,
id0018,id0342,crop,down8k,0.397614,0.600031,0.017553,1,
id0018,id0346,crop,down8k,0.345890,0.641615,0.016821,1,
id0018,id0363,crop,down8k,0.452520,0.724753,0.018790,1,
id0018,id0367,crop,down8k,0.402012,0.587373,0.017539,1,
id0018,id0368,crop,down8k,0.340517,0.510409,0.011828,1,
id0018,id0369,crop,down8k,0.327552,0.406216,0.007919,1,
id0018,id0372,crop,down8k,0.392301,0.500610,0.014273,1,
id0018,id0373,crop,down8k,0.286644,0.391637,0.009248,1,
id0018,id0374,crop,down8k,0.360947,0.370397,0.010747,1,
id0018,id0378,crop,down8k,0.270982,0.526923,0.013926,1,
id0018,id0381,crop,down8k,0.308404,0.529650,0.011611,1,
id0018,id0382,crop,down8k,0.438496,0.679124,0.017496,1,
id0018,id0392,crop,down8k,0.302090,0.590913,0.017893,1,
id0018,id0396,crop,down8k,0.439248,0.689835,0.018730,1,
id0018,id0398,crop,down8k,0.528230,0.762069,0.015947,1,
id0018,id0399,crop,down8k,0.292709,0.386635,0.009746,1,
id0018,id0401,crop,down8k,0.366870,0.552240,0.018148,1,
id0018,id0402,crop,down8k,0.333401,0.580397,0.013574,1,
id0018,id0404,crop,down8k,0.407667,0.650155,0.016688,1,
id0018,id0411,crop,down8k,0.404419,0.685741,0.019158,1,
id0018,id0412,crop,down8k,0.402996,0.614337,0.017744,1,
id0018,id0418,crop,down8k,0.363427,0.640726,0.014972,1,
id0018,id0421,crop,down8k,0.308484,0.595174,0.016100,1,
id0018,id0422,crop,down8k,0.341853,0.584181,0.015229,1,
id0018,id0431,crop,down8k,0.447872,0.650747,0.013798,1,
id0018,id0437,crop,down8k,0.281543,0.487401,0.011813,1,
id0018,id0441,crop,down8k,0.324058,0.546470,0.017770,1,
id0018,id0447,crop,down8k,0.394627,0.398651,0.006132,1,
id0018,id0460,crop,down8k,0.296181,0.667297,0.014967,1,
id0018,id0462,crop,down8k,0.443242,0.596352,0.011370,1,
id0018,id0465,crop,down8k,0.371929,0.569508,0.018322,1,
id0018,id0466,crop,down8k,0.355834,0.378465,0.006296,1,
id0018,id0468,crop,down8k,0.525207,0.857956,0.022061,1,
id0018,id0470,crop,down8k,0.443988,0.646491,0.018375,1,
id0018,id0476,crop,down8k,0.288014,0.372963,0.007974,1,
id0018,id0486,crop,down8k,0.399879,0.597391,0.011941,1,
id0018,id0491,crop,down8k,0.188877,0.425656,0.011597,1,
id0018,id0498,crop,down8k,0.271085,0.502984,0.015810,1,
id0020,id0026,crop,down8k,0.455089,0.767205,0.017609,1,
id0020,id0027,crop,down8k,0.352512,0.490312,0.012021,1,
id0020,id0041,crop,down8k,0.286346,0.504393,0.016712,1,
id0020,id0042,crop,down8k,0.508775,0.830963,0.024524,1,
id0020,id0045,crop,down8k,0.331734,0.578342,0.014192,1,
id0020,id0048,crop,down8k,0.280180,0.435367,0.008377,1,
id0020,id0056,crop,down8k,0.370600,0.654769,0.020034,1,
id0020,id0062,crop,down8k,0.525262,0.789639,0.021892,1,
id0020,id0069,crop,down8k,0.444480,0.637437,0.012841,1,
id0020,id0071,crop,down8k,0.449276,0.697168,0.023977,1,
id0020,id0072,crop,down8k,0.327863,0.496118,0.014035,1,
id0020,id0075,crop,down8k,0.364030,0.613456,0.014362,1,
id0020,id0080,crop,down8k,0.490913,0.810558,0.020591,1,
id0020,id0081,crop,down8k,0.389761,0.711791,0.011741,1,
id0020,id0086,crop,down8k,0.348211,0.533330,0.012248,1,
id0020,id0088,crop,down8k,0.315994,0.522574,0.011588,1,
id0020,id0097,crop,down8k,0.259220,0.442838,0.011697,1,
id0020,id0100,crop,down8k,0.314824,0.574312,0.015045,1,
id0020,id0106,crop,down8k,0.473760,0.732488,0.016676,1,
id0020,id0107,crop,down8k,0.241004,0.355793,0.009690,1,
id0020,id0110,crop,down8k,0.240634,0.497538,0.008634,1,
id0020,id0113,crop,down8k,0.357343,0.608414,0.018138,1,
id0020,id0115,crop,down8k,0.380457,0.648210,0.016342,1,
id0020,id0130,crop,down8k,0.379781,0.641799,0.013906,1,
id0020,id0132,crop,down8k,0.338499,0.590608,0.015746,1,
id0020,id0136,crop,down8k,0.412491,0.601455,0.012040,1,
id0020,id0153,crop,down8k,0.199670,0.405818,0.009237,1,
id0020,id0161,crop,down8k,0.300244,0.566781,0.015181,1,
id0020,id0169,crop,down8k,0.333506,0.564462,0.016834,1,
id0020,id0182,crop,down8k,0.257291,0.522788,0.010478,1,
id0020,id0183,crop,down8k,0.381559,0.487382,0.006966,1,
id0020,id0186,crop,down8k,0.294117,0.527413,0.014838,1,
id0020,id0197,crop,down8k,0.276460,0.453557,0.009439,1,
id0020,id0199,crop,down8k,0.306657,0.429515,0.007788,1,
id0020,id0206,crop,down8k,0.572790,0.878704,0.019746,1,
id0020,id0207,crop,down8k,0.370967,0.590429,0.014931,1,
id0020,id0208,crop,down8k,0.290813,0.495990,0.009956,1,
id0020,id0212,crop,down8k,0.352615,0.454920,0.006646,1,
id0020,id0220,crop,down8k,0.262141,0.424611,0.012507,1,
id0020,id0222,crop,down8k,0.257909,0.402099,0.008547,1,
id0020,id0224,crop,down8k,0.349421,0.623740,0.015562,1,
id0020,id0233,crop,down8k,0.335685,0.453588,0.010987,1,
id0020,id0239,crop,down8k,0.503937,0.773266,0.022949,1,
id0020,id0242,crop,down8k,0.391146,0.558699,0.013747,1,
id0020,id0246,crop,down8k,0.394227,0.621785,0.019341,1,
id0020,id0258,crop,down8k,0.246461,0.492631,0.014376,1,
id0020,id0273,crop,down8k,0.256970,0.482682,0.014947,1,
id0020,id0275,crop,down8k,0.279283,0.457369,0.011689,1,
id0020,id0285,crop,down8k,0.415054,0.610178,0.011306,1,
id0020,id0290,crop,down8k,0.228495,0.410044,0.008315,1,
id0020,id0296,crop,down8k,0.268310,0.415122,0.010906,1,
id0020,id0299,crop,down8k,0.291979,0.461284,0.010767,1,
id0020,id0303,crop,down8k,0.295318,0.428598,0.009721,1,
id0020,id0319,crop,down8k,0.357576,0.516798,0.011626,1,
id0020,id0321,crop,down8k,0.198172,0.353441,0.006625,1,
id0020,id0326,crop,down8k,0.434222,0.578929,0.009925,1,
id0020,id0328,crop,down8k,0.283497,0.375937,0.010228,1,
id0020,id0330,crop,down8k,0.279663,0.477034,0.015095,1,
id0020,id0342,crop,down8k,0.355589,0.497443,0.015522,1,
id0020,id0346,crop,down8k,0.361000,0.612339,0.015723,1,
id0020,id0363,crop,down8k,0.478254,0.725733,0.017721,1,
id0020,id0367,crop,down8k,0.449815,0.569371,0.016026,1,
id0020,id0368,crop,down8k,0.325525,0.513344,0.011316,1,
id0020,id0369,crop,down8k,0.265521,0.351244,0.007298,1,
id0020,id0372,crop,down8k,0.372119,0.452445,0.013218,1,
id0020,id0373,crop,down8k,0.328483,0.457522,0.009430,1,
id0020,id0374,crop,down8k,0.294529,0.445537,0.011711,1,
id0020,id0378,crop,down8k,0.332301,0.531130,0.013327,1,
id0020,id0381,crop,down8k,0.327838,0.534190,0.011021,1,
id0020,id0382,crop,down8k,0.379804,0.639169,0.015832,1,
id0020,id0392,crop,down8k,0.324917,0.583712,0.017031,1,
id0020,id0396,crop,down8k,0.434739,0.666918,0.017936,1,
id0020,id0398,crop,down8k,0.426271,0.642075,0.012989,1,
id0020,id0399,crop,down8k,0.238162,0.374019,0.009113,1,
id0020,id0401,crop,down8k,0.296557,0.484214,0.016038,1,
id0020,id0402,crop,down8k,0.314376,0.545550,0.012207,1,
id0020,id0404,crop,down8k,0.345746,0.558379,0.014683,1,
id0020,id0411,crop,down8k,0.363889,0.644630,0.017926,1,
id0020,id0412,crop,down8k,0.351925,0.558789,0.016351,1,
id0020,id0418,crop,down8k,0.397871,0.580734,0.012900,1,
id0020,id0421,crop,down8k,0.373521,0.632369,0.015722,1,
id0020,id0422,crop,down8k,0.327218,0.554963,0.013892,1,
id0020,id0431,crop,down8k,0.366727,0.524607,0.011095,1,
id0020,id0437,crop,down8k,0.320878,0.456500,0.011488,1,
id0020,id0441,crop,down8k,0.272626,0.492005,0.015926,1,
id0020,id0447,crop,down8k,0.290759,0.362382,0.005694,1,
id0020,id0460,crop,down8k,0.331565,0.690020,0.015056,1,
id0020,id0462,crop,down8k,0.375715,0.558611,0.010566,1,
id0020,id0465,crop,down8k,0.272896,0.497343,0.016732,1,
id0020,id0466,crop,down8k,0.281512,0.340272,0.005679,1,
id0020,id0468,crop,down8k,0.473484,0.786948,0.019691,1,
id0020,id0470,crop,down8k,0.358264,0.544140,0.016117,1,
id0020,id0476,crop,down8k,0.268600,0.428612,0.007616,1,
id0020,id0486,crop,down8k,0.362366,0.629651,0.011900,1,
id0020,id0491,crop,down8k,0.258850,0.483708,0.012371,1,
id0020,id0498,crop,down8k,0.344788,0.584057,0.015968,1,
id0026,id0027,crop,down8k,0.330191,0.369823,0.006562,1,
id0026,id0041,crop,down8k,0.331795,0.319145,0.009450,1,
id0026,id0042,crop,down8k,0.263575,0.383823,0.014654,1,
id0026,id0045,crop,down8k,0.321618,0.346793,0.008801,1,
id0026,id0048,crop,down8k,0.400423,0.451601,0.004622,1,
id0026,id0056,crop,down8k,0.381525,0.357461,0.012307,1,
id0026,id0062,crop,down8k,0.371594,0.423104,0.013875,1,
id0026,id0069,crop,down8k,0.382939,0.309395,0.006825,1,
id0026,id0071,crop,down8k,0.313544,0.426180,0.015974,1,
id0026,id0072,crop,down8k,0.328796,0.294016,0.008021,1,
id0026,id0075,crop,down8k,0.224633,0.307821,0.007429,1,
id0026,id0080,crop,down8k,0.289239,0.390088,0.012212,1,
id0026,id0081,crop,down8k,0.292258,0.363769,0.006341,1,
id0026,id0086,crop,down8k,0.341817,0.315348,0.005879,1,
id0026,id0088,crop,down8k,0.392749,0.320658,0.005674,1,
id0026,id0097,crop,down8k,0.436645,0.376617,0.006715,1,
id0026,id0100,crop,down8k,0.303367,0.335663,0.008132,1,
id0026,id0106,crop,down8k,0.397318,0.364353,0.009061,1,
id0026,id0107,crop,down8k,0.549377,0.449740,0.005453,1,
id0026,id0110,crop,down8k,0.342431,0.335783,0.004468,1,
id0026,id0113,crop,down8k,0.314328,0.311190,0.010605,1,
id0026,id0115,crop,down8k,0.288851,0.304598,0.009208,1,
id0026,id0130,crop,down8k,0.376261,0.408378,0.008695,1,
id0026,id0132,crop,down8k,0.304324,0.297044,0.008669,1,
id0026,id0136,crop,down8k,0.398495,0.318927,0.006663,1,
id0026,id0153,crop,down8k,0.441178,0.369309,0.005084,1,
id0026,id0161,crop,down8k,0.312517,0.296153,0.008139,1,
id0026,id0169,crop,down8k,0.386004,0.323922,0.009928,1,
id0026,id0182,crop,down8k,0.388857,0.422970,0.006306,1,
id0026,id0183,crop,down8k,0.587221,0.533038,0.002512,1,
id0026,id0186,crop,down8k,0.363869,0.302174,0.008641,1,
id0026,id0197,crop,down8k,0.365561,0.359980,0.003840,1,
id0026,id0199,crop,down8k,0.512822,0.544262,0.003712,1,
id0026,id0206,crop,down8k,0.297222,0.461307,0.010823,1,
id0026,id0207,crop,down8k,0.245842,0.335195,0.008179,1,
id0026,id0208,crop,down8k,0.364376,0.382888,0.005962,1,
id0026,id0212,crop,down8k,0.566878,0.493533,0.004454,1,
id0026,id0220,crop,down8k,0.422628,0.320392,0.006908,1,
id0026,id0222,crop,down8k,0.339101,0.330683,0.004015,1,
id0026,id0224,crop,down8k,0.309100,0.387660,0.008661,1,
id0026,id0233,crop,down8k,0.479106,0.377443,0.006149,1,
id0026,id0239,crop,down8k,0.316758,0.442850,0.014141,1,
id0026,id0242,crop,down8k,0.373065,0.310570,0.007694,1,
id0026,id0246,crop,down8k,0.288746,0.337795,0.012296,1,
id0026,id0258,crop,down8k,0.357495,0.307144,0.007774,1,
id0026,id0273,crop,down8k,0.392651,0.377044,0.009132,1,
id0026,id0275,crop,down8k,0.406405,0.377154,0.007228,1,
id0026,id0285,crop,down8k,0.352377,0.288736,0.005182,1,
id0026,id0290,crop,down8k,0.436927,0.477860,0.004076,1,
id0026,id0296,crop,down8k,0.438025,0.404312,0.005726,1,
id0026,id0299,crop,down8k,0.339492,0.304732,0.006463,1,
id0026,id0303,crop,down8k,0.449361,0.435392,0.005880,1,
id0026,id0319,crop,down8k,0.454308,0.443930,0.008067,1,
id0026,id0321,crop,down8k,0.426141,0.411955,0.003248,1,
id0026,id0326,crop,down8k,0.470577,0.457943,0.004871,1,
id0026,id0328,crop,down8k,0.461709,0.429865,0.005836,1,
id0026,id0330,crop,down8k,0.420171,0.451163,0.009758,1,
id0026,id0342,crop,down8k,0.391602,0.402206,0.010171,1,
id0026,id0346,crop,down8k,0.231225,0.301288,0.008001,1,
id0026,id0363,crop,down8k,0.380254,0.400902,0.011135,1,
id0026,id0367,crop,down8k,0.284075,0.321763,0.009240,1,
id0026,id0368,crop,down8k,0.391941,0.357475,0.006218,1,
id0026,id0369,crop,down8k,0.481499,0.464479,0.003707,1,
id0026,id0372,crop,down8k,0.375525,0.409455,0.007761,1,
id0026,id0373,crop,down8k,0.390541,0.453114,0.004869,1,
id0026,id0374,crop,down8k,0.560424,0.524538,0.007135,1,
id0026,id0378,crop,down8k,0.364026,0.421381,0.008723,1,
id0026,id0381,crop,down8k,0.322692,0.363186,0.005867,1,
id0026,id0382,crop,down8k,0.349736,0.279946,0.008835,1,
id0026,id0392,crop,down8k,0.240488,0.281823,0.009391,1,
id0026,id0396,crop,down8k,0.374143,0.360618,0.010772,1,
id0026,id0398,crop,down8k,0.445529,0.452821,0.006464,1,
id0026,id0399,crop,down8k,0.458282,0.419227,0.005718,1,
id0026,id0401,crop,down8k,0.418225,0.434624,0.010211,1,
id0026,id0402,crop,down8k,0.256530,0.233649,0.006420,1,
id0026,id0404,crop,down8k,0.298118,0.342176,0.008363,1,
id0026,id0411,crop,down8k,0.412569,0.431289,0.011431,1,
id0026,id0412,crop,down8k,0.341175,0.330387,0.009446,1,
id0026,id0418,crop,down8k,0.342093,0.433075,0.006827,1,
id0026,id0421,crop,down8k,0.306784,0.306039,0.009399,1,
id0026,id0422,crop,down8k,0.310234,0.290807,0.007908,1,
id0026,id0431,crop,down8k,0.395751,0.415554,0.006026,1,
id0026,id0437,crop,down8k,0.453268,0.577434,0.007322,1,
id0026,id0441,crop,down8k,0.368081,0.381441,0.010331,1,
id0026,id0447,crop,down8k,0.587150,0.548145,0.003508,1,
id0026,id0460,crop,down8k,0.302496,0.392818,0.008948,1,
id0026,id0462,crop,down8k,0.427018,0.291604,0.004606,1,
id0026,id0465,crop,down8k,0.396176,0.363568,0.009802,1,
id0026,id0466,crop,down8k,0.513205,0.476214,0.003481,1,
id0026,id0468,crop,down8k,0.370116,0.417573,0.011515,1,
id0026,id0470,crop,down8k,0.334839,0.345095,0.009156,1,
id0026,id0476,crop,down8k,0.471402,0.405813,0.004265,1,
id0026,id0486,crop,down8k,0.406025,0.328466,0.005681,1,
id0026,id0491,crop,down8k,0.388937,0.444319,0.007541,1,
id0026,id0498,crop,down8k,0.361584,0.404391,0.009839,1,
id0027,id0041,crop,down8k,0.288491,0.366048,0.016386,1,
id0027,id0042,crop,down8k,0.435188,0.610704,0.025016,1,
id0027,id0045,crop,down8k,0.306277,0.447851,0.014237,1,
id0027,id0048,crop,down8k,0.259443,0.348250,0.006952,1,
id0027,id0056,crop,down8k,0.471796,0.506289,0.019984,1,
id0027,id0062,crop,down8k,0.458276,0.631447,0.022342,1,
id0027,id0069,crop,down8k,0.360515,0.436087,0.011983,1,
id0027,id0071,crop,down8k,0.361867,0.505153,0.024274,1,
id0027,id0072,crop,down8k,0.306605,0.347545,0.013738,1,
id0027,id0075,crop,down8k,0.265497,0.397891,0.013693,1,
id0027,id0080,crop,down8k,0.397498,0.618321,0.020850,1,
id0027,id0081,crop,down8k,0.344527,0.545836,0.010888,1,
id0027,id0086,crop,down8k,0.283554,0.363437,0.011366,1,
id0027,id0088,crop,down8k,0.363207,0.403472,0.011375,1,
id0027,id0097,crop,down8k,0.334744,0.348999,0.010870,1,
id0027,id0100,crop,down8k,0.242230,0.392831,0.013750,1,
id0027,id0106,crop,down8k,0.413932,0.523282,0.016189,1,
id0027,id0107,crop,down8k,0.412436,0.355331,0.008083,1,
id0027,id0110,crop,down8k,0.225657,0.335245,0.007681,1,
id0027,id0113,crop,down8k,0.337893,0.433327,0.017555,1,
id0027,id0115,crop,down8k,0.303259,0.477199,0.015745,1,
id0027,id0130,crop,down8k,0.410698,0.544615,0.014307,1,
id0027,id0132,crop,down8k,0.345669,0.443150,0.014891,1,
id0027,id0136,crop,down8k,0.389995,0.462988,0.011709,1,
id0027,id0153,crop,down8k,0.328423,0.303719,0.007923,1,
id0027,id0161,crop,down8k,0.221057,0.335366,0.013535,1,
id0027,id0169,crop,down8k,0.313778,0.358116,0.016524,1,
id0027,id0182,crop,down8k,0.263599,0.344551,0.008743,1,
id0027,id0183,crop,down8k,0.469733,0.468612,0.006174,1,
id0027,id0186,crop,down8k,0.267222,0.313099,0.013906,1,
id0027,id0197,crop,down8k,0.307554,0.396806,0.009422,1,
id0027,id0199,crop,down8k,0.340340,0.406929,0.006561,1,
id0027,id0206,crop,down8k,0.443601,0.682353,0.020222,1,
id0027,id0207,crop,down8k,0.315093,0.458594,0.014925,1,
id0027,id0208,crop,down8k,0.286435,0.422880,0.009178,1,
id0027,id0212,crop,down8k,0.425004,0.400212,0.006126,1,
id0027,id0220,crop,down8k,0.364917,0.315029,0.011969,1,
id0027,id0222,crop,down8k,0.310288,0.368436,0.009019,1,
id0027,id0224,crop,down8k,0.245232,0.398762,0.013876,1,
id0027,id0233,crop,down8k,0.426219,0.334167,0.010145,1,
id0027,id0239,crop,down8k,0.329948,0.516983,0.022072,1,
id0027,id0242,crop,down8k,0.291893,0.355340,0.012549,1,
id0027,id0246,crop,down8k,0.332253,0.465752,0.019642,1,
id0027,id0258,crop,down8k,0.297361,0.296539,0.013527,1,
id0027,id0273,crop,down8k,0.319917,0.304385,0.013899,1,
id0027,id0275,crop,down8k,0.377979,0.418556,0.011732,1,
id0027,id0285,crop,down8k,0.301974,0.389484,0.010391,1,
id0027,id0290,crop,down8k,0.352663,0.330951,0.006676,1,
id0027,id0296,crop,down8k,0.396155,0.429143,0.010692,1,
id0027,id0299,crop,down8k,0.263955,0.351439,0.010570,1,
id0027,id0303,crop,down8k,0.316126,0.362978,0.008592,1,
id0027,id0319,crop,down8k,0.377321,0.462637,0.011654,1,
id0027,id0321,crop,down8k,0.333810,0.381311,0.006165,1,
id0027,id0326,crop,down8k,0.360349,0.475965,0.009348,1,
id0027,id0328,crop,down8k,0.285182,0.242794,0.009083,1,
id0027,id0330,crop,down8k,0.302521,0.348482,0.014994,1,
id0027,id0342,crop,down8k,0.292963,0.368314,0.015382,1,
id0027,id0346,crop,down8k,0.281297,0.411687,0.015253,1,
id0027,id0363,crop,down8k,0.386113,0.533224,0.017332,1,
id0027,id0367,crop,down8k,0.276202,0.390216,0.015710,1,
id0027,id0368,crop,down8k,0.298663,0.361170,0.010276,1,
id0027,id0369,crop,down8k,0.309366,0.315115,0.006819,1,
id0027,id0372,crop,down8k,0.275747,0.347726,0.012441,1,
id0027,id0373,crop,down8k,0.271524,0.367663,0.007793,1,
id0027,id0374,crop,down8k,0.512557,0.435049,0.010165,1,
id0027,id0378,crop,down8k,0.196178,0.354783,0.011786,1,
id0027,id0381,crop,down8k,0.259664,0.402778,0.010737,1,
id0027,id0382,crop,down8k,0.400467,0.480935,0.016200,1,
id0027,id0392,crop,down8k,0.276814,0.374536,0.016363,1,
id0027,id0396,crop,down8k,0.350419,0.466993,0.017250,1,
id0027,id0398,crop,down8k,0.387527,0.509380,0.012498,1,
id0027,id0399,crop,down8k,0.360969,0.353602,0.009016,1,
id0027,id0401,crop,down8k,0.346608,0.354729,0.015593,1,
id0027,id0402,crop,down8k,0.246365,0.364852,0.012052,1,
id0027,id0404,crop,down8k,0.318837,0.434359,0.014612,1,
id0027,id0411,crop,down8k,0.390069,0.523036,0.017221,1,
id0027,id0412,crop,down8k,0.292033,0.396183,0.016086,1,
id0027,id0418,crop,down8k,0.288804,0.481032,0.012864,1,
id0027,id0421,crop,down8k,0.289313,0.445670,0.015485,1,
id0027,id0422,crop,down8k,0.269314,0.364018,0.013421,1,
id0027,id0431,crop,down8k,0.316387,0.449965,0.011415,1,
id0027,id0437,crop,down8k,0.259071,0.369568,0.009974,1,
id0027,id0441,crop,down8k,0.305213,0.381894,0.015957,1,
id0027,id0447,crop,down8k,0.437590,0.407869,0.004699,1,
id0027,id0460,crop,down8k,0.307821,0.520820,0.014074,1,
id0027,id0462,crop,down8k,0.378574,0.412015,0.010033,1,
id0027,id0465,crop,down8k,0.375290,0.404372,0.016463,1,
id0027,id0466,crop,down8k,0.394887,0.402529,0.005681,1,
id0027,id0468,crop,down8k,0.409806,0.574792,0.019061,1,
id0027,id0470,crop,down8k,0.319506,0.396469,0.015396,1,
id0027,id0476,crop,down8k,0.332137,0.340975,0.007097,1,
id0027,id0486,crop,down8k,0.434650,0.498926,0.011146,1,
id0027,id0491,crop,down8k,0.281089,0.334270,0.010656,1,
id0027,id0498,crop,down8k,0.366134,0.437430,0.015087,1,
id0041,id0042,crop,down8k,0.363482,0.543034,0.023079,1,
id0041,id0045,crop,down8k,0.313738,0.399074,0.013142,1,
id0041,id0048,crop,down8k,0.301145,0.413142,0.007151,1,
id0041,id0056,crop,down8k,0.305265,0.423229,0.018384,1,
id0041,id0062,crop,down8k,0.382166,0.571379,0.020777,1,
id0041,id0069,crop,down8k,0.345310,0.436491,0.011465,1,
id0041,id0071,crop,down8k,0.319246,0.437385,0.022100,1,
id0041,id0072,crop,down8k,0.202838,0.332971,0.012132,1,
id0041,id0075,crop,down8k,0.258028,0.363293,0.012417,1,
id0041,id0080,crop,down8k,0.365095,0.574238,0.019853,1,
id0041,id0081,crop,down8k,0.312001,0.484685,0.010504,1,
id0041,id0086,crop,down8k,0.242059,0.370627,0.010167,1,
id0041,id0088,crop,down8k,0.291898,0.387816,0.009982,1,
id0041,id0097,crop,down8k,0.276259,0.320394,0.009779,1,
id0041,id0100,crop,down8k,0.242526,0.333563,0.012763,1,
id0041,id0106,crop,down8k,0.364249,0.533922,0.015206,1,
id0041,id0107,crop,down8k,0.339952,0.344456,0.007872,1,
id0041,id0110,crop,down8k,0.271472,0.357006,0.007143,1,
id0041,id0113,crop,down8k,0.252149,0.378105,0.016185,1,
id0041,id0115,crop,down8k,0.261325,0.412775,0.015184,1,
id0041,id0130,crop,down8k,0.344144,0.514135,0.013477,1,
id0041,id0132,crop,down8k,0.239942,0.347116,0.014031,1,
id0041,id0136,crop,down8k,0.332769,0.462250,0.010659,1,
id0041,id0153,crop,down8k,0.292204,0.351220,0.007962,1,
id0041,id0161,crop,down8k,0.239894,0.315978,0.013351,1,
id0041,id0169,crop,down8k,0.284520,0.342788,0.014990,1,
id0041,id0182,crop,down8k,0.321892,0.405066,0.008954,1,
id0041,id0183,crop,down8k,0.425083,0.507870,0.005448,1,
id0041,id0186,crop,down8k,0.208030,0.314592,0.012790,1,
id0041,id0197,crop,down8k,0.252636,0.364905,0.007862,1,
id0041,id0199,crop,down8k,0.326810,0.457848,0.005828,1,
id0041,id0206,crop,down8k,0.422535,0.594996,0.017911,1,
id0041,id0207,crop,down8k,0.246343,0.429789,0.013507,1,
id0041,id0208,crop,down8k,0.292039,0.404665,0.008736,1,
id0041,id0212,crop,down8k,0.447184,0.474527,0.005570,1,
id0041,id0220,crop,down8k,0.293610,0.323698,0.010834,1,
id0041,id0222,crop,down8k,0.268144,0.328468,0.007082,1,
id0041,id0224,crop,down8k,0.268495,0.364475,0.013305,1,
id0041,id0233,crop,down8k,0.345060,0.371545,0.009800,1,
id0041,id0239,crop,down8k,0.343758,0.474608,0.020781,1,
id0041,id0242,crop,down8k,0.316979,0.394811,0.012315,1,
id0041,id0246,crop,down8k,0.262075,0.382659,0.017955,1,
id0041,id0258,crop,down8k,0.230917,0.286221,0.012451,1,
id0041,id0273,crop,down8k,0.222892,0.327252,0.013132,1,
id0041,id0275,crop,down8k,0.304111,0.395845,0.010808,1,
id0041,id0285,crop,down8k,0.308969,0.431182,0.009716,1,
id0041,id0290,crop,down8k,0.336846,0.388272,0.006554,1,
id0041,id0296,crop,down8k,0.267541,0.393030,0.009391,1,
id0041,id0299,crop,down8k,0.227115,0.344014,0.009470,1,
id0041,id0303,crop,down8k,0.308222,0.369868,0.007844,1,
id0041,id0319,crop,down8k,0.387229,0.481875,0.010391,1,
id0041,id0321,crop,down8k,0.287989,0.329970,0.005035,1,
id0041,id0326,crop,down8k,0.366761,0.492538,0.008240,1,
id0041,id0328,crop,down8k,0.262702,0.337882,0.008801,1,
id0041,id0330,crop,down8k,0.284766,0.393510,0.013478,1,
id0041,id0342,crop,down8k,0.235924,0.357759,0.013914,1,
id0041,id0346,crop,down8k,0.259996,0.347416,0.013911,1,
id0041,id0363,crop,down8k,0.334157,0.500335,0.016502,1,
id0041,id0367,crop,down8k,0.286296,0.310089,0.014015,1,
id0041,id0368,crop,down8k,0.301585,0.395143,0.009729,1,
id0041,id0369,crop,down8k,0.300081,0.392476,0.006178,1,
id0041,id0372,crop,down8k,0.300863,0.314554,0.011523,1,
id0041,id0373,crop,down8k,0.303393,0.419186,0.007747,1,
id0041,id0374,crop,down8k,0.456335,0.464898,0.010550,1,
id0041,id0378,crop,down8k,0.286320,0.384012,0.011600,1,
id0041,id0381,crop,down8k,0.294193,0.405778,0.009966,1,
id0041,id0382,crop,down8k,0.300492,0.440700,0.014504,1,
id0041,id0392,crop,down8k,0.240158,0.324462,0.015186,1,
id0041,id0396,crop,down8k,0.309335,0.478087,0.016521,1,
id0041,id0398,crop,down8k,0.347233,0.488134,0.010465,1,
id0041,id0399,crop,down8k,0.302502,0.411507,0.008215,1,
id0041,id0401,crop,down8k,0.274399,0.343605,0.013829,1,
id0041,id0402,crop,down8k,0.244332,0.360797,0.010799,1,
id0041,id0404,crop,down8k,0.243784,0.397947,0.013010,1,
id0041,id0411,crop,down8k,0.319543,0.490570,0.016172,1,
id0041,id0412,crop,down8k,0.251410,0.377361,0.014610,1,
id0041,id0418,crop,down8k,0.313515,0.355150,0.010793,1,
id0041,id0421,crop,down8k,0.320715,0.442804,0.014807,1,
id0041,id0422,crop,down8k,0.256495,0.371258,0.012329,1,
id0041,id0431,crop,down8k,0.308329,0.433256,0.009170,1,
id0041,id0437,crop,down8k,0.333974,0.406671,0.009799,1,
id0041,id0441,crop,down8k,0.224606,0.348246,0.014312,1,
id0041,id0447,crop,down8k,0.418971,0.489819,0.004283,1,
id0041,id0460,crop,down8k,0.253387,0.468772,0.013755,1,
id0041,id0462,crop,down8k,0.297771,0.436279,0.009199,1,
id0041,id0465,crop,down8k,0.272831,0.324754,0.014918,1,
id0041,id0466,crop,down8k,0.366379,0.453915,0.004904,1,
id0041,id0468,crop,down8k,0.369731,0.545347,0.017648,1,
id0041,id0470,crop,down8k,0.265050,0.321438,0.013733,1,
id0041,id0476,crop,down8k,0.353810,0.429773,0.006681,1,
id0041,id0486,crop,down8k,0.316573,0.514105,0.010455,1,
id0041,id0491,crop,down8k,0.299522,0.373419,0.011038,1,
id0041,id0498,crop,down8k,0.343671,0.452168,0.014683,1,
id0042,id0045,crop,down8k,0.336427,0.445406,0.007606,1,
id0042,id0048,crop,down8k,0.465875,0.599599,0.004150,1,
id0042,id0056,crop,down8k,0.385479,0.376265,0.010443,1,
id0042,id0062,crop,down8k,0.326056,0.315654,0.011504,1,
id0042,id0069,crop,down8k,0.412684,0.349252,0.005466,1,
id0042,id0071,crop,down8k,0.307223,0.375223,0.013456,1,
id0042,id0072,crop,down8k,0.333826,0.367449,0.006266,1,
id0042,id0075,crop,down8k,0.346963,0.351263,0.006005,1,
id0042,id0080,crop,down8k,0.271436,0.286098,0.010311,1,
id0042,id0081,crop,down8k,0.324743,0.408271,0.005239,1,
id0042,id0086,crop,down8k,0.375664,0.383905,0.004424,1,
id0042,id0088,crop,down8k,0.417882,0.403642,0.004518,1,
id0042,id0097,crop,down8k,0.473463,0.494494,0.005490,1,
id0042,id0100,crop,down8k,0.367709,0.353160,0.006415,1,
id0042,id0106,crop,down8k,0.372444,0.305792,0.007118,1,
id0042,id0107,crop,down8k,0.557782,0.611187,0.004851,1,
id0042,id0110,crop,down8k,0.442718,0.491818,0.003937,1,
id0042,id0113,crop,down8k,0.295061,0.325164,0.008617,1,
id0042,id0115,crop,down8k,0.300132,0.344936,0.007830,1,
id0042,id0130,crop,down8k,0.408083,0.469926,0.007543,1,
id0042,id0132,crop,down8k,0.382061,0.358668,0.007364,1,
id0042,id0136,crop,down8k,0.357258,0.357801,0.005113,1,
id0042,id0153,crop,down8k,0.499258,0.535945,0.004532,1,
id0042,id0161,crop,down8k,0.370256,0.395877,0.006938,1,
id0042,id0169,crop,down8k,0.355525,0.352750,0.008052,1,
id0042,id0182,crop,down8k,0.498335,0.579678,0.005807,1,
id0042,id0183,crop,down8k,0.623279,0.666781,0.002275,1,
id0042,id0186,crop,down8k,0.398544,0.394644,0.007079,1,
id0042,id0197,crop,down8k,0.400226,0.486754,0.003039,1,
id0042,id0199,crop,down8k,0.523902,0.666515,0.002972,1,
id0042,id0206,crop,down8k,0.288280,0.312080,0.008528,1,
id0042,id0207,crop,down8k,0.311823,0.374407,0.006621,1,
id0042,id0208,crop,down8k,0.441787,0.524881,0.005267,1,
id0042,id0212,crop,down8k,0.564634,0.618728,0.003850,1,
id0042,id0220,crop,down8k,0.449445,0.453097,0.005695,1,
id0042,id0222,crop,down8k,0.347747,0.466636,0.003104,1,
id0042,id0224,crop,down8k,0.381125,0.420239,0.006984,1,
id0042,id0233,crop,down8k,0.549986,0.532902,0.005450,1,
id0042,id0239,crop,down8k,0.301533,0.365749,0.011806,1,
id0042,id0242,crop,down8k,0.481578,0.406790,0.006483,1,
id0042,id0246,crop,down8k,0.292296,0.353998,0.010375,1,
id0042,id0258,crop,down8k,0.376492,0.395000,0.006280,1,
id0042,id0273,crop,down8k,0.460834,0.488436,0.007792,1,
id0042,id0275,crop,down8k,0.427674,0.516096,0.006377,1,
id0042,id0285,crop,down8k,0.389905,0.350066,0.003974,1,
id0042,id0290,crop,down8k,0.506682,0.653902,0.003719,1,
id0042,id0296,crop,down8k,0.433350,0.531845,0.004578,1,
id0042,id0299,crop,down8k,0.372160,0.434012,0.005433,1,
id0042,id0303,crop,down8k,0.522272,0.544850,0.004803,1,
id0042,id0319,crop,down8k,0.431601,0.529312,0.006545,1,
id0042,id0321,crop,down8k,0.481064,0.554900,0.002735,1,
id0042,id0326,crop,down8k,0.464806,0.525843,0.003538,1,
id0042,id0328,crop,down8k,0.515743,0.575840,0.005041,1,
id0042,id0330,crop,down8k,0.456262,0.540964,0.008171,1,
id0042,id0342,crop,down8k,0.428267,0.457250,0.008403,1,
id0042,id0346,crop,down8k,0.281269,0.313213,0.006519,1,
id0042,id0363,crop,down8k,0.417415,0.385602,0.009311,1,
id0042,id0367,crop,down8k,0.369618,0.390881,0.007673,1,
id0042,id0368,crop,down8k,0.420765,0.467638,0.005137,1,
id0042,id0369,crop,down8k,0.505157,0.624184,0.003198,1,
id0042,id0372,crop,down8k,0.382930,0.518897,0.006453,1,
id0042,id0373,crop,down8k,0.494883,0.610882,0.004254,1,
id0042,id0374,crop,down8k,0.572230,0.685310,0.006661,1,
id0042,id0378,crop,down8k,0.449078,0.523189,0.007544,1,
id0042,id0381,crop,down8k,0.359313,0.448418,0.004711,1,
id0042,id0382,crop,down8k,0.300237,0.285652,0.007140,1,
id0042,id0392,crop,down8k,0.343731,0.328845,0.007770,1,
id0042,id0396,crop,down8k,0.418163,0.364519,0.009047,1,
id0042,id0398,crop,down8k,0.431358,0.466404,0.004688,1,
id0042,id0399,crop,down8k,0.510588,0.568462,0.004941,1,
id0042,id0401,crop,down8k,0.430235,0.523116,0.008555,1,
id0042,id0402,crop,down8k,0.281000,0.309284,0.005137,1,
id0042,id0404,crop,down8k,0.277014,0.343512,0.006449,1,
id0042,id0411,crop,down8k,0.416605,0.473269,0.009617,1,
id0042,id0412,crop,down8k,0.294473,0.375103,0.007725,1,
id0042,id0418,crop,down8k,0.379658,0.481152,0.005182,1,
id0042,id0421,crop,down8k,0.376736,0.370000,0.008047,1,
id0042,id0422,crop,down8k,0.363246,0.362716,0.006410,1,
id0042,id0431,crop,down8k,0.397031,0.462244,0.004432,1,
id0042,id0437,crop,down8k,0.554747,0.712484,0.006676,1,
id0042,id0441,crop,down8k,0.396160,0.458820,0.008532,1,
id0042,id0447,crop,down8k,0.606141,0.713422,0.003142,1,
id0042,id0460,crop,down8k,0.348040,0.417914,0.007627,1,
id0042,id0462,crop,down8k,0.409793,0.363037,0.003491,1,
id0042,id0465,crop,down8k,0.396173,0.419396,0.008030,1,
id0042,id0466,crop,down8k,0.525120,0.642810,0.003098,1,
id0042,id0468,crop,down8k,0.326169,0.343681,0.009368,1,
id0042,id0470,crop,down8k,0.328483,0.375697,0.007199,1,
id0042,id0476,crop,down8k,0.510119,0.572771,0.003846,1,
id0042,id0486,crop,down8k,0.425984,0.413456,0.004630,1,
id0042,id0491,crop,down8k,0.469898,0.585187,0.006893,1,
id0042,id0498,crop,down8k,0.407352,0.527042,0.008650,1,
id0045,id0048,crop,down8k,0.287502,0.472104,0.006047,1,
id0045,id0056,crop,down8k,0.344228,0.396698,0.017085,1,
id0045,id0062,crop,down8k,0.386503,0.480160,0.019370,1,
id0045,id0069,crop,down8k,0.397357,0.492611,0.010778,1,
id0045,id0071,crop,down8k,0.349833,0.501375,0.021365,1,
id0045,id0072,crop,down8k,0.285301,0.406271,0.011899,1,
id0045,id0075,crop,down8k,0.297862,0.431277,0.011756,1,
id0045,id0080,crop,down8k,0.338093,0.511543,0.018221,1,
id0045,id0081,crop,down8k,0.271371,0.420327,0.009242,1,
id0045,id0086,crop,down8k,0.338372,0.492948,0.010289,1,
id0045,id0088,crop,down8k,0.371927,0.448391,0.009798,1,
id0045,id0097,crop,down8k,0.299338,0.319579,0.008907,1,
id0045,id0100,crop,down8k,0.297371,0.470154,0.012621,1,
id0045,id0106,crop,down8k,0.395645,0.544009,0.014473,1,
id0045,id0107,crop,down8k,0.365750,0.395625,0.007213,1,
id0045,id0110,crop,down8k,0.249484,0.359701,0.006493,1,
id0045,id0113,crop,down8k,0.307482,0.469124,0.015674,1,
id0045,id0115,crop,down8k,0.267676,0.400845,0.013528,1,
id0045,id0130,crop,down8k,0.243585,0.271121,0.011081,1,
id0045,id0132,crop,down8k,0.290786,0.323025,0.012766,1,
id0045,id0136,crop,down8k,0.303670,0.373088,0.010007,1,
id0045,id0153,crop,down8k,0.313757,0.371375,0.006869,1,
id0045,id0161,crop,down8k,0.260725,0.417048,0.011935,1,
id0045,id0169,crop,down8k,0.321935,0.457066,0.014411,1,
id0045,id0182,crop,down8k,0.281743,0.438846,0.007591,1,
id0045,id0183,crop,down8k,0.527420,0.645543,0.005599,1,
id0045,id0186,crop,down8k,0.307422,0.433026,0.012207,1,
id0045,id0197,crop,down8k,0.329408,0.459391,0.007692,1,
id0045,id0199,crop,down8k,0.414273,0.597934,0.005961,1,
id0045,id0206,crop,down8k,0.437701,0.633424,0.018056,1,
id0045,id0207,crop,down8k,0.285213,0.438778,0.012650,1,
id0045,id0208,crop,down8k,0.237292,0.270640,0.007180,1,
id0045,id0212,crop,down8k,0.390712,0.440468,0.005240,1,
id0045,id0220,crop,down8k,0.274262,0.328154,0.010015,1,
id0045,id0222,crop,down8k,0.236709,0.365072,0.006769,1,
id0045,id0224,crop,down8k,0.320364,0.530204,0.012872,1,
id0045,id0233,crop,down8k,0.437442,0.389403,0.008669,1,
id0045,id0239,crop,down8k,0.375975,0.625190,0.020236,1,
id0045,id0242,crop,down8k,0.388186,0.418322,0.010889,1,
id0045,id0246,crop,down8k,0.263212,0.345320,0.016587,1,
id0045,id0258,crop,down8k,0.256965,0.400790,0.011633,1,
id0045,id0273,crop,down8k,0.334678,0.412061,0.012424,1,
id0045,id0275,crop,down8k,0.246926,0.280183,0.009181,1,
id0045,id0285,crop,down8k,0.349620,0.473091,0.009028,1,
id0045,id0290,crop,down8k,0.366241,0.517667,0.005969,1,
id0045,id0296,crop,down8k,0.278435,0.326735,0.008459,1,
id0045,id0299,crop,down8k,0.220855,0.289194,0.008589,1,
id0045,id0303,crop,down8k,0.352359,0.382397,0.007480,1,
id0045,id0319,crop,down8k,0.270875,0.346605,0.009280,1,
id0045,id0321,crop,down8k,0.320844,0.395071,0.005145,1,
id0045,id0326,crop,down8k,0.401949,0.555988,0.008005,1,
id0045,id0328,crop,down8k,0.383525,0.453514,0.007949,1,
id0045,id0330,crop,down8k,0.305134,0.492684,0.013063,1,
id0045,id0342,crop,down8k,0.352240,0.458653,0.013700,1,
id0045,id0346,crop,down8k,0.300019,0.483707,0.013482,1,
id0045,id0363,crop,down8k,0.392962,0.461096,0.014819,1,
id0045,id0367,crop,down8k,0.366380,0.436388,0.013451,1,
id0045,id0368,crop,down8k,0.298567,0.393465,0.008780,1,
id0045,id0369,crop,down8k,0.367351,0.519464,0.005889,1,
id0045,id0372,crop,down8k,0.326787,0.450202,0.010977,1,
id0045,id0373,crop,down8k,0.366378,0.497317,0.006916,1,
id0045,id0374,crop,down8k,0.383201,0.421716,0.008722,1,
id0045,id0378,crop,down8k,0.254150,0.385616,0.010130,1,
id0045,id0381,crop,down8k,0.258406,0.415264,0.008908,1,
id0045,id0382,crop,down8k,0.284446,0.367749,0.013644,1,
id0045,id0392,crop,down8k,0.311929,0.412948,0.014186,1,
id0045,id0396,crop,down8k,0.416510,0.528299,0.015602,1,
id0045,id0398,crop,down8k,0.436278,0.626972,0.011860,1,
id0045,id0399,crop,down8k,0.325259,0.325682,0.007040,1,
id0045,id0401,crop,down8k,0.323145,0.450493,0.013427,1,
id0045,id0402,crop,down8k,0.207385,0.337098,0.010070,1,
id0045,id0404,crop,down8k,0.285472,0.464178,0.013064,1,
id0045,id0411,crop,down8k,0.295715,0.384527,0.014853,1,
id0045,id0412,crop,down8k,0.261970,0.429081,0.013796,1,
id0045,id0418,crop,down8k,0.302671,0.519807,0.010734,1,
id0045,id0421,crop,down8k,0.232628,0.297185,0.012655,1,
id0045,id0422,crop,down8k,0.308147,0.439765,0.011785,1,
id0045,id0431,crop,down8k,0.351367,0.491663,0.009574,1,
id0045,id0437,crop,down8k,0.378894,0.579212,0.009017,1,
id0045,id0441,crop,down8k,0.254725,0.336294,0.013210,1,
id0045,id0447,crop,down8k,0.442170,0.491273,0.003513,1,
id0045,id0460,crop,down8k,0.230295,0.433732,0.012135,1,
id0045,id0462,crop,down8k,0.358672,0.443584,0.008793,1,
id0045,id0465,crop,down8k,0.301942,0.346004,0.014038,1,
id0045,id0466,crop,down8k,0.356116,0.458216,0.004296,1,
id0045,id0468,crop,down8k,0.369224,0.579164,0.017402,1,
id0045,id0470,crop,down8k,0.338335,0.504477,0.014143,1,
id0045,id0476,crop,down8k,0.318406,0.374273,0.005154,1,
id0045,id0486,crop,down8k,0.362085,0.395566,0.009461,1,
id0045,id0491,crop,down8k,0.271567,0.415197,0.009128,1,
id0045,id0498,crop,down8k,0.208912,0.280765,0.012253,1,
id0048,id0056,crop,down8k,0.438283,0.524704,0.022307,1,
id0048,id0062,crop,down8k,0.483911,0.621568,0.024103,1,
id0048,id0069,crop,down8k,0.345378,0.437504,0.014127,1,
id0048,id0071,crop,down8k,0.480740,0.635809,0.027711,1,
id0048,id0072,crop,down8k,0.310490,0.376251,0.016256,1,
id0048,id0075,crop,down8k,0.351198,0.515201,0.016565,1,
id0048,id0080,crop,down8k,0.390122,0.612210,0.022510,1,
id0048,id0081,crop,down8k,0.318693,0.540382,0.011997,1,
id0048,id0086,crop,down8k,0.241506,0.410828,0.013773,1,
id0048,id0088,crop,down8k,0.289267,0.390334,0.013023,1,
id0048,id0097,crop,down8k,0.306803,0.408127,0.013455,1,
id0048,id0100,crop,down8k,0.267631,0.473643,0.016693,1,
id0048,id0106,crop,down8k,0.399369,0.551412,0.018343,1,
id0048,id0107,crop,down8k,0.314860,0.371975,0.010311,1,
id0048,id0110,crop,down8k,0.244179,0.409449,0.009872,1,
id0048,id0113,crop,down8k,0.317642,0.458548,0.020137,1,
id0048,id0115,crop,down8k,0.276086,0.456223,0.017600,1,
id0048,id0130,crop,down8k,0.348310,0.466864,0.014911,1,
id0048,id0132,crop,down8k,0.305165,0.454468,0.016753,1,
id0048,id0136,crop,down8k,0.321697,0.414761,0.013201,1,
id0048,id0153,crop,down8k,0.251430,0.323045,0.009772,1,
id0048,id0161,crop,down8k,0.217796,0.436409,0.016515,1,
id0048,id0169,crop,down8k,0.342159,0.443989,0.019365,1,
id0048,id0182,crop,down8k,0.227122,0.412576,0.010887,1,
id0048,id0183,crop,down8k,0.368527,0.418054,0.007151,1,
id0048,id0186,crop,down8k,0.241396,0.374601,0.016543,1,
id0048,id0197,crop,down8k,0.256626,0.335028,0.010869,1,
id0048,id0199,crop,down8k,0.258019,0.379171,0.008603,1,
id0048,id0206,crop,down8k,0.513226,0.744101,0.022687,1,
id0048,id0207,crop,down8k,0.315825,0.430355,0.016607,1,
id0048,id0208,crop,down8k,0.221554,0.357662,0.010604,1,
id0048,id0212,crop,down8k,0.394040,0.469465,0.008465,1,
id0048,id0220,crop,down8k,0.302711,0.306026,0.013883,1,
id0048,id0222,crop,down8k,0.265685,0.313854,0.010297,1,
id0048,id0224,crop,down8k,0.324869,0.516264,0.016693,1,
id0048,id0233,crop,down8k,0.357085,0.330350,0.011578,1,
id0048,id0239,crop,down8k,0.473281,0.662772,0.025890,1,
id0048,id0242,crop,down8k,0.320073,0.401374,0.015218,1,
id0048,id0246,crop,down8k,0.398357,0.503498,0.021959,1,
id0048,id0258,crop,down8k,0.300437,0.411403,0.016389,1,
id0048,id0273,crop,down8k,0.313359,0.398636,0.016306,1,
id0048,id0275,crop,down8k,0.284332,0.312953,0.012853,1,
id0048,id0285,crop,down8k,0.300510,0.410314,0.012723,1,
id0048,id0290,crop,down8k,0.284249,0.363441,0.008312,1,
id0048,id0296,crop,down8k,0.285846,0.325846,0.012308,1,
id0048,id0299,crop,down8k,0.239562,0.309469,0.012131,1,
id0048,id0303,crop,down8k,0.281518,0.394033,0.011130,1,
id0048,id0319,crop,down8k,0.330198,0.419541,0.013578,1,
id0048,id0321,crop,down8k,0.251356,0.364228,0.007692,1,
id0048,id0326,crop,down8k,0.310475,0.434441,0.011131,1,
id0048,id0328,crop,down8k,0.286185,0.375934,0.011636,1,
id0048,id0330,crop,down8k,0.320369,0.411590,0.017804,1,
id0048,id0342,crop,down8k,0.342756,0.421992,0.017990,1,
id0048,id0346,crop,down8k,0.327557,0.490782,0.017793,1,
id0048,id0363,crop,down8k,0.366916,0.531301,0.018948,1,
id0048,id0367,crop,down8k,0.368069,0.438704,0.018197,1,
id0048,id0368,crop,down8k,0.223973,0.305389,0.011681,1,
id0048,id0369,crop,down8k,0.231362,0.338398,0.008441,1,
id0048,id0372,crop,down8k,0.297083,0.395379,0.014927,1,
id0048,id0373,crop,down8k,0.263181,0.321024,0.009338,1,
id0048,id0374,crop,down8k,0.425324,0.419136,0.011986,1,
id0048,id0378,crop,down8k,0.233767,0.418511,0.014285,1,
id0048,id0381,crop,down8k,0.236921,0.341585,0.011767,1,
id0048,id0382,crop,down8k,0.379913,0.505530,0.018327,1,
id0048,id0392,crop,down8k,0.335533,0.467413,0.019080,1,
id0048,id0396,crop,down8k,0.328773,0.474856,0.018910,1,
id0048,id0398,crop,down8k,0.383245,0.574084,0.015463,1,
id0048,id0399,crop,down8k,0.282838,0.291290,0.010347,1,
id0048,id0401,crop,down8k,0.398819,0.495842,0.019326,1,
id0048,id0402,crop,down8k,0.269989,0.375026,0.013857,1,
id0048,id0404,crop,down8k,0.336293,0.426364,0.016726,1,
id0048,id0411,crop,down8k,0.411655,0.544091,0.020163,1,
id0048,id0412,crop,down8k,0.283665,0.422321,0.018564,1,
id0048,id0418,crop,down8k,0.315107,0.510291,0.015213,1,
id0048,id0421,crop,down8k,0.294029,0.448995,0.017474,1,
id0048,id0422,crop,down8k,0.264091,0.390995,0.015454,1,
id0048,id0431,crop,down8k,0.314791,0.451049,0.013764,1,
id0048,id0437,crop,down8k,0.317788,0.517025,0.013326,1,
id0048,id0441,crop,down8k,0.317408,0.428407,0.018700,1,
id0048,id0447,crop,down8k,0.307848,0.319874,0.005959,1,
id0048,id0460,crop,down8k,0.261791,0.519405,0.015831,1,
id0048,id0462,crop,down8k,0.288409,0.372552,0.011506,1,
id0048,id0465,crop,down8k,0.350048,0.452359,0.019256,1,
id0048,id0466,crop,down8k,0.257934,0.253545,0.006591,1,
id0048,id0468,crop,down8k,0.424240,0.652114,0.022061,1,
id0048,id0470,crop,down8k,0.351409,0.470223,0.018399,1,
id0048,id0476,crop,down8k,0.201524,0.272418,0.008203,1,
id0048,id0486,crop,down8k,0.371131,0.445774,0.012345,1,
id0048,id0491,crop,down8k,0.242828,0.386458,0.012705,1,
id0048,id0498,crop,down8k,0.357248,0.445558,0.017138,1,
id0056,id0062,crop,down8k,0.376901,0.544244,0.019067,1,
id0056,id0069,crop,down8k,0.440619,0.548899,0.010495,1,
id0056,id0071,crop,down8k,0.370268,0.455772,0.020926,1,
id0056,id0072,crop,down8k,0.364177,0.467900,0.011491,1,
id0056,id0075,crop,down8k,0.331446,0.347457,0.011518,1,
id0056,id0080,crop,down8k,0.380890,0.586133,0.018179,1,
id0056,id0081,crop,down8k,0.343343,0.449348,0.009346,1,
id0056,id0086,crop,down8k,0.441969,0.536498,0.009399,1,
id0056,id0088,crop,down8k,0.354732,0.530089,0.009557,1,
id0056,id0097,crop,down8k,0.292466,0.369034,0.008592,1,
id0056,id0100,crop,down8k,0.389169,0.516381,0.011291,1,
id0056,id0106,crop,down8k,0.406965,0.605189,0.014176,1,
id0056,id0107,crop,down8k,0.377795,0.445860,0.006641,1,
id0056,id0110,crop,down8k,0.352546,0.344256,0.006223,1,
id0056,id0113,crop,down8k,0.361790,0.525361,0.015106,1,
id0056,id0115,crop,down8k,0.364146,0.504262,0.013289,1,
id0056,id0130,crop,down8k,0.277351,0.428039,0.011893,1,
id0056,id0132,crop,down8k,0.281528,0.409934,0.012263,1,
id0056,id0136,crop,down8k,0.346134,0.461809,0.009800,1,
id0056,id0153,crop,down8k,0.333013,0.367457,0.006792,1,
id0056,id0161,crop,down8k,0.352165,0.469011,0.011766,1,
id0056,id0169,crop,down8k,0.370065,0.494162,0.013990,1,
id0056,id0182,crop,down8k,0.387574,0.435430,0.007513,1,
id0056,id0183,crop,down8k,0.544717,0.714701,0.005219,1,
id0056,id0186,crop,down8k,0.355161,0.465305,0.012081,1,
id0056,id0197,crop,down8k,0.398900,0.527387,0.007016,1,
id0056,id0199,crop,down8k,0.494607,0.684504,0.005369,1,
id0056,id0206,crop,down8k,0.481995,0.660794,0.017166,1,
id0056,id0207,crop,down8k,0.334750,0.365555,0.012209,1,
id0056,id0208,crop,down8k,0.352088,0.395231,0.007608,1,
id0056,id0212,crop,down8k,0.454501,0.513609,0.005106,1,
id0056,id0220,crop,down8k,0.277874,0.330891,0.009482,1,
id0056,id0222,crop,down8k,0.369639,0.473332,0.006737,1,
id0056,id0224,crop,down8k,0.402003,0.478877,0.012166,1,
id0056,id0233,crop,down8k,0.363359,0.371378,0.008828,1,
id0056,id0239,crop,down8k,0.484794,0.594431,0.019266,1,
id0056,id0242,crop,down8k,0.394697,0.454239,0.011155,1,
id0056,id0246,crop,down8k,0.333073,0.369165,0.016495,1,
id0056,id0258,crop,down8k,0.280350,0.390026,0.011059,1,
id0056,id0273,crop,down8k,0.286455,0.355553,0.011929,1,
id0056,id0275,crop,down8k,0.261166,0.392082,0.009400,1,
id0056,id0285,crop,down8k,0.425434,0.552799,0.008499,1,
id0056,id0290,crop,down8k,0.442366,0.489497,0.005592,1,
id0056,id0296,crop,down8k,0.315024,0.490671,0.008543,1,
id0056,id0299,crop,down8k,0.322750,0.369883,0.008820,1,
id0056,id0303,crop,down8k,0.394272,0.481488,0.006860,1,
id0056,id0319,crop,down8k,0.404763,0.490589,0.009450,1,
id0056,id0321,crop,down8k,0.400512,0.413636,0.004438,1,
id0056,id0326,crop,down8k,0.525360,0.707120,0.007841,1,
id0056,id0328,crop,down8k,0.412178,0.483611,0.008118,1,
id0056,id0330,crop,down8k,0.344997,0.445739,0.012523,1,
id0056,id0342,crop,down8k,0.354387,0.435748,0.013026,1,
id0056,id0346,crop,down8k,0.353845,0.480111,0.012490,1,
id0056,id0363,crop,down8k,0.356006,0.518301,0.015313,1,
id0056,id0367,crop,down8k,0.474675,0.514605,0.013218,1,
id0056,id0368,crop,down8k,0.382223,0.496329,0.008832,1,
id0056,id0369,crop,down8k,0.450246,0.591285,0.005573,1,
id0056,id0372,crop,down8k,0.510124,0.556876,0.010450,1,
id0056,id0373,crop,down8k,0.453250,0.506547,0.006900,1,
id0056,id0374,crop,down8k,0.369216,0.368566,0.008435,1,
id0056,id0378,crop,down8k,0.405643,0.433930,0.010642,1,
id0056,id0381,crop,down8k,0.438852,0.524042,0.008961,1,
id0056,id0382,crop,down8k,0.313622,0.442471,0.013605,1,
id0056,id0392,crop,down8k,0.297031,0.357554,0.013587,1,
id0056,id0396,crop,down8k,0.396366,0.536716,0.015389,1,
id0056,id0398,crop,down8k,0.513522,0.671001,0.010104,1,
id0056,id0399,crop,down8k,0.312966,0.384959,0.007362,1,
id0056,id0401,crop,down8k,0.297310,0.373436,0.012924,1,
id0056,id0402,crop,down8k,0.353860,0.385005,0.009896,1,
id0056,id0404,crop,down8k,0.346941,0.465806,0.012037,1,
id0056,id0411,crop,down8k,0.249507,0.356843,0.014287,1,
id0056,id0412,crop,down8k,0.403825,0.549788,0.013535,1,
id0056,id0418,crop,down8k,0.502081,0.629844,0.010295,1,
id0056,id0421,crop,down8k,0.310877,0.426899,0.013196,1,
id0056,id0422,crop,down8k,0.346207,0.426487,0.011419,1,
id0056,id0431,crop,down8k,0.441563,0.589760,0.008756,1,
id0056,id0437,crop,down8k,0.504833,0.591656,0.008604,1,
id0056,id0441,crop,down8k,0.253403,0.387443,0.013109,1,
id0056,id0447,crop,down8k,0.496477,0.631941,0.003665,1,
id0056,id0460,crop,down8k,0.292056,0.486914,0.012035,1,
id0056,id0462,crop,down8k,0.387965,0.551231,0.008176,1,
id0056,id0465,crop,down8k,0.272214,0.391511,0.013408,1,
id0056,id0466,crop,down8k,0.414345,0.562352,0.004223,1,
id0056,id0468,crop,down8k,0.408171,0.571217,0.016628,1,
id0056,id0470,crop,down8k,0.417933,0.507011,0.012705,1,
id0056,id0476,crop,down8k,0.417040,0.509163,0.006123,1,
id0056,id0486,crop,down8k,0.273303,0.362812,0.009305,1,
id0056,id0491,crop,down8k,0.366892,0.453076,0.009277,1,
id0056,id0498,crop,down8k,0.286481,0.361026,0.013003,1,
id0062,id0069,crop,down8k,0.443103,0.485636,0.007673,1,
id0062,id0071,crop,down8k,0.346447,0.368118,0.014719,1,
id0062,id0072,crop,down8k,0.355807,0.410788,0.007670,1,
id0062,id0075,crop,down8k,0.386993,0.410678,0.007651,1,
id0062,id0080,crop,down8k,0.219021,0.371131,0.012900,1,
id0062,id0081,crop,down8k,0.341269,0.477956,0.007014,1,
id0062,id0086,crop,down8k,0.409844,0.475009,0.005985,1,
id0062,id0088,crop,down8k,0.471360,0.505256,0.006470,1,
id0062,id0097,crop,down8k,0.439750,0.438736,0.005722,1,
id0062,id0100,crop,down8k,0.363022,0.435399,0.007585,1,
id0062,id0106,crop,down8k,0.379588,0.416816,0.009373,1,
id0062,id0107,crop,down8k,0.565660,0.600673,0.005285,1,
id0062,id0110,crop,down8k,0.433277,0.498094,0.004707,1,
id0062,id0113,crop,down8k,0.312935,0.419303,0.010525,1,
id0062,id0115,crop,down8k,0.351401,0.440973,0.010130,1,
id0062,id0130,crop,down8k,0.366714,0.395668,0.008610,1,
id0062,id0132,crop,down8k,0.362698,0.388610,0.009287,1,
id0062,id0136,crop,down8k,0.330940,0.312667,0.006030,1,
id0062,id0153,crop,down8k,0.523883,0.556840,0.005546,1,
id0062,id0161,crop,down8k,0.415119,0.503226,0.008860,1,
id0062,id0169,crop,down8k,0.381687,0.422401,0.009667,1,
id0062,id0182,crop,down8k,0.495608,0.613240,0.006626,1,
id0062,id0183,crop,down8k,0.670635,0.763345,0.004066,1,
id0062,id0186,crop,down8k,0.422612,0.483990,0.008835,1,
id0062,id0197,crop,down8k,0.483377,0.561142,0.004960,1,
id0062,id0199,crop,down8k,0.574050,0.723653,0.004010,1,
id0062,id0206,crop,down8k,0.317060,0.460542,0.011059,1,
id0062,id0207,crop,down8k,0.355943,0.415373,0.008671,1,
id0062,id0208,crop,down8k,0.432306,0.506531,0.005849,1,
id0062,id0212,crop,down8k,0.550038,0.533059,0.003188,1,
id0062,id0220,crop,down8k,0.418511,0.422973,0.006599,1,
id0062,id0222,crop,down8k,0.420020,0.494973,0.004119,1,
id0062,id0224,crop,down8k,0.430335,0.544855,0.008896,1,
id0062,id0233,crop,down8k,0.560467,0.560079,0.006989,1,
id0062,id0239,crop,down8k,0.380804,0.500818,0.013966,1,
id0062,id0242,crop,down8k,0.486489,0.486584,0.008127,1,
id0062,id0246,crop,down8k,0.304779,0.322424,0.011899,1,
id0062,id0258,crop,down8k,0.415078,0.433226,0.007597,1,
id0062,id0273,crop,down8k,0.416794,0.502177,0.009049,1,
id0062,id0275,crop,down8k,0.407963,0.473336,0.007254,1,
id0062,id0285,crop,down8k,0.432096,0.447655,0.005837,1,
id0062,id0290,crop,down8k,0.590795,0.708208,0.004957,1,
id0062,id0296,crop,down8k,0.439463,0.493680,0.005689,1,
id0062,id0299,crop,down8k,0.362506,0.414102,0.006163,1,
id0062,id0303,crop,down8k,0.447433,0.472861,0.004516,1,
id0062,id0319,crop,down8k,0.387199,0.404759,0.005878,1,
id0062,id0321,crop,down8k,0.521564,0.553388,0.002915,1,
id0062,id0326,crop,down8k,0.493024,0.588125,0.004689,1,
id0062,id0328,crop,down8k,0.530132,0.597470,0.005954,1,
id0062,id0330,crop,down8k,0.410918,0.513069,0.008640,1,
id0062,id0342,crop,down8k,0.375566,0.444759,0.009094,1,
id0062,id0346,crop,down8k,0.361082,0.466987,0.009139,1,
id0062,id0363,crop,down8k,0.331116,0.438506,0.011151,1,
id0062,id0367,crop,down8k,0.394008,0.511807,0.010017,1,
id0062,id0368,crop,down8k,0.433209,0.496679,0.006551,1,
id0062,id0369,crop,down8k,0.540623,0.663884,0.004010,1,
id0062,id0372,crop,down8k,0.435021,0.577768,0.007640,1,
id0062,id0373,crop,down8k,0.540448,0.679336,0.005870,1,
id0062,id0374,crop,down8k,0.612639,0.645812,0.007534,1,
id0062,id0378,crop,down8k,0.429316,0.522694,0.007941,1,
id0062,id0381,crop,down8k,0.424752,0.513176,0.006053,1,
id0062,id0382,crop,down8k,0.318633,0.257853,0.008835,1,
id0062,id0392,crop,down8k,0.397195,0.416512,0.009896,1,
id0062,id0396,crop,down8k,0.433962,0.493617,0.011412,1,
id0062,id0398,crop,down8k,0.441859,0.539334,0.006059,1,
id0062,id0399,crop,down8k,0.480430,0.491159,0.005041,1,
id0062,id0401,crop,down8k,0.444639,0.493055,0.009343,1,
id0062,id0402,crop,down8k,0.314802,0.342822,0.006420,1,
id0062,id0404,crop,down8k,0.274250,0.353983,0.007511,1,
id0062,id0411,crop,down8k,0.348128,0.333736,0.010170,1,
id0062,id0412,crop,down8k,0.367796,0.425389,0.009367,1,
id0062,id0418,crop,down8k,0.426949,0.606154,0.006736,1,
id0062,id0421,crop,down8k,0.358609,0.370910,0.009411,1,
id0062,id0422,crop,down8k,0.358827,0.437752,0.008044,1,
id0062,id0431,crop,down8k,0.410400,0.450809,0.004836,1,
id0062,id0437,crop,down8k,0.571993,0.732949,0.006842,1,
id0062,id0441,crop,down8k,0.342496,0.395644,0.008879,1,
id0062,id0447,crop,down8k,0.636419,0.689019,0.002878,1,
id0062,id0460,crop,down8k,0.329556,0.479883,0.009160,1,
id0062,id0462,crop,down8k,0.433712,0.422003,0.005227,1,
id0062,id0465,crop,down8k,0.401769,0.378024,0.009308,1,
id0062,id0466,crop,down8k,0.544822,0.632203,0.003070,1,
id0062,id0468,crop,down8k,0.256785,0.377060,0.011342,1,
id0062,id0470,crop,down8k,0.358195,0.470423,0.008568,1,
id0062,id0476,crop,down8k,0.544809,0.586413,0.004552,1,
id0062,id0486,crop,down8k,0.445742,0.403863,0.006660,1,
id0062,id0491,crop,down8k,0.504189,0.613759,0.008040,1,
id0062,id0498,crop,down8k,0.428824,0.487782,0.010132,1,
id0069,id0071,crop,down8k,0.441094,0.636583,0.019831,1,
id0069,id0072,crop,down8k,0.258222,0.418327,0.009983,1,
id0069,id0075,crop,down8k,0.390255,0.527708,0.010029,1,
id0069,id0080,crop,down8k,0.342138,0.577918,0.015750,1,
id0069,id0081,crop,down8k,0.350090,0.544483,0.007403,1,
id0069,id0086,crop,down8k,0.277277,0.419154,0.008434,1,
id0069,id0088,crop,down8k,0.313297,0.395635,0.007732,1,
id0069,id0097,crop,down8k,0.397299,0.535806,0.008780,1,
id0069,id0100,crop,down8k,0.313812,0.395125,0.010900,1,
id0069,id0106,crop,down8k,0.229812,0.481962,0.011287,1,
id0069,id0107,crop,down8k,0.462823,0.539445,0.007399,1,
id0069,id0110,crop,down8k,0.354888,0.491143,0.005574,1,
id0069,id0113,crop,down8k,0.278204,0.392669,0.013087,1,
id0069,id0115,crop,down8k,0.319243,0.425963,0.012464,1,
id0069,id0130,crop,down8k,0.416187,0.622908,0.011571,1,
id0069,id0132,crop,down8k,0.358432,0.499579,0.012092,1,
id0069,id0136,crop,down8k,0.310414,0.497975,0.007609,1,
id0069,id0153,crop,down8k,0.374085,0.484844,0.006238,1,
id0069,id0161,crop,down8k,0.326816,0.371717,0.011152,1,
id0069,id0169,crop,down8k,0.330511,0.381737,0.012343,1,
id0069,id0182,crop,down8k,0.407728,0.454925,0.006978,1,
id0069,id0183,crop,down8k,0.421016,0.439608,0.004428,1,
id0069,id0186,crop,down8k,0.259704,0.360670,0.010271,1,
id0069,id0197,crop,down8k,0.379855,0.418697,0.006772,1,
id0069,id0199,crop,down8k,0.347491,0.402040,0.004838,1,
id0069,id0206,crop,down8k,0.453438,0.622505,0.014263,1,
id0069,id0207,crop,down8k,0.332020,0.548862,0.010777,1,
id0069,id0208,crop,down8k,0.365978,0.524024,0.007120,1,
id0069,id0212,crop,down8k,0.498906,0.591971,0.004905,1,
id0069,id0220,crop,down8k,0.416348,0.497461,0.009200,1,
id0069,id0222,crop,down8k,0.365949,0.418050,0.005816,1,
id0069,id0224,crop,down8k,0.344041,0.422793,0.010198,1,
id0069,id0233,crop,down8k,0.379618,0.464509,0.007789,1,
id0069,id0239,crop,down8k,0.431149,0.522999,0.017510,1,
id0069,id0242,crop,down8k,0.285744,0.439504,0.009548,1,
id0069,id0246,crop,down8k,0.429552,0.580497,0.015869,1,
id0069,id0258,crop,down8k,0.360010,0.475248,0.010771,1,
id0069,id0273,crop,down8k,0.377400,0.483412,0.010932,1,
id0069,id0275,crop,down8k,0.420775,0.527530,0.009423,1,
id0069,id0285,crop,down8k,0.204085,0.351578,0.007035,1,
id0069,id0290,crop,down8k,0.455438,0.453810,0.005091,1,
id0069,id0296,crop,down8k,0.423024,0.516853,0.008288,1,
id0069,id0299,crop,down8k,0.290111,0.442260,0.007261,1,
id0069,id0303,crop,down8k,0.410429,0.508636,0.006986,1,
id0069,id0319,crop,down8k,0.437539,0.590560,0.009143,1,
id0069,id0321,crop,down8k,0.429392,0.534543,0.005163,1,
id0069,id0326,crop,down8k,0.304822,0.336843,0.005927,1,
id0069,id0328,crop,down8k,0.316366,0.449035,0.007511,1,
id0069,id0330,crop,down8k,0.423357,0.491262,0.011478,1,
id0069,id0342,crop,down8k,0.304763,0.465612,0.011764,1,
id0069,id0346,crop,down8k,0.298486,0.400978,0.011337,1,
id0069,id0363,crop,down8k,0.286404,0.498954,0.012861,1,
id0069,id0367,crop,down8k,0.327047,0.315014,0.011319,1,
id0069,id0368,crop,down8k,0.317670,0.385290,0.007412,1,
id0069,id0369,crop,down8k,0.340875,0.380708,0.005150,1,
id0069,id0372,crop,down8k,0.412866,0.362957,0.010216,1,
id0069,id0373,crop,down8k,0.348386,0.446264,0.005572,1,
id0069,id0374,crop,down8k,0.577704,0.662440,0.009097,1,
id0069,id0378,crop,down8k,0.375997,0.501472,0.009728,1,
id0069,id0381,crop,down8k,0.354062,0.368620,0.007795,1,
id0069,id0382,crop,down8k,0.327783,0.576284,0.012236,1,
id0069,id0392,crop,down8k,0.349905,0.494420,0.012711,1,
id0069,id0396,crop,down8k,0.257624,0.468989,0.013226,1,
id0069,id0398,crop,down8k,0.365861,0.499214,0.008621,1,
id0069,id0399,crop,down8k,0.381619,0.561214,0.007287,1,
id0069,id0401,crop,down8k,0.423652,0.588392,0.012502,1,
id0069,id0402,crop,down8k,0.334300,0.447453,0.008527,1,
id0069,id0404,crop,down8k,0.336138,0.481302,0.010673,1,
id0069,id0411,crop,down8k,0.397559,0.688602,0.013810,1,
id0069,id0412,crop,down8k,0.292253,0.426091,0.012876,1,
id0069,id0418,crop,down8k,0.401517,0.352946,0.009065,1,
id0069,id0421,crop,down8k,0.340214,0.520399,0.012209,1,
id0069,id0422,crop,down8k,0.236142,0.395314,0.009316,1,
id0069,id0431,crop,down8k,0.291882,0.491124,0.008032,1,
id0069,id0437,crop,down8k,0.475594,0.498877,0.009419,1,
id0069,id0441,crop,down8k,0.387647,0.537520,0.012405,1,
id0069,id0447,crop,down8k,0.427418,0.511096,0.003991,1,
id0069,id0460,crop,down8k,0.320435,0.510119,0.011043,1,
id0069,id0462,crop,down8k,0.264732,0.408738,0.006972,1,
id0069,id0465,crop,down8k,0.415952,0.547099,0.013264,1,
id0069,id0466,crop,down8k,0.386398,0.446290,0.003892,1,
id0069,id0468,crop,down8k,0.356952,0.599407,0.013929,1,
id0069,id0470,crop,down8k,0.330985,0.411782,0.011483,1,
id0069,id0476,crop,down8k,0.365774,0.431810,0.004993,1,
id0069,id0486,crop,down8k,0.345283,0.640822,0.007640,1,
id0069,id0491,crop,down8k,0.420281,0.452936,0.009314,1,
id0069,id0498,crop,down8k,0.453549,0.607679,0.011944,1,
id0071,id0072,crop,down8k,0.299783,0.430490,0.004899,1,
id0071,id0075,crop,down8k,0.262625,0.350451,0.004946,1,
id0071,id0080,crop,down8k,0.354582,0.555556,0.010301,1,
id0071,id0081,crop,down8k,0.361211,0.578742,0.005695,1,
id0071,id0086,crop,down8k,0.406848,0.503985,0.003982,1,
id0071,id0088,crop,down8k,0.484030,0.582044,0.005581,1,
id0071,id0097,crop,down8k,0.405221,0.387084,0.003388,1,
id0071,id0100,crop,down8k,0.303929,0.408904,0.005024,1,
id0071,id0106,crop,down8k,0.409813,0.542865,0.007118,1,
id0071,id0107,crop,down8k,0.536584,0.539485,0.003395,1,
id0071,id0110,crop,down8k,0.369964,0.425200,0.002791,1,
id0071,id0113,crop,down8k,0.316349,0.458857,0.007145,1,
id0071,id0115,crop,down8k,0.382236,0.530900,0.007424,1,
id0071,id0130,crop,down8k,0.404122,0.547481,0.006936,1,
id0071,id0132,crop,down8k,0.372492,0.444307,0.006723,1,
id0071,id0136,crop,down8k,0.424870,0.483100,0.004687,1,
id0071,id0153,crop,down8k,0.483948,0.510967,0.003859,1,
id0071,id0161,crop,down8k,0.366012,0.456498,0.005658,1,
id0071,id0169,crop,down8k,0.316726,0.389422,0.006205,1,
id0071,id0182,crop,down8k,0.430369,0.531470,0.004487,1,
id0071,id0183,crop,down8k,0.681603,0.796303,0.004528,1,
id0071,id0186,crop,down8k,0.363485,0.460336,0.005547,1,
id0071,id0197,crop,down8k,0.466983,0.621320,0.004331,1,
id0071,id0199,crop,down8k,0.526335,0.704083,0.003057,1,
id0071,id0206,crop,down8k,0.365530,0.562849,0.009093,1,
id0071,id0207,crop,down8k,0.323273,0.491975,0.006546,1,
id0071,id0208,crop,down8k,0.421935,0.556581,0.004672,1,
id0071,id0212,crop,down8k,0.509303,0.471596,0.002037,1,
id0071,id0220,crop,down8k,0.423956,0.423423,0.004450,1,
id0071,id0222,crop,down8k,0.379599,0.557963,0.003577,1,
id0071,id0224,crop,down8k,0.295730,0.466316,0.005971,1,
id0071,id0233,crop,down8k,0.524181,0.527671,0.004748,1,
id0071,id0239,crop,down8k,0.270001,0.410044,0.009597,1,
id0071,id0242,crop,down8k,0.447505,0.508322,0.005567,1,
id0071,id0246,crop,down8k,0.234918,0.350330,0.008276,1,
id0071,id0258,crop,down8k,0.334649,0.376929,0.004798,1,
id0071,id0273,crop,down8k,0.355105,0.394978,0.005810,1,
id0071,id0275,crop,down8k,0.415485,0.528624,0.005360,1,
id0071,id0285,crop,down8k,0.432372,0.536815,0.004033,1,
id0071,id0290,crop,down8k,0.487352,0.627897,0.003703,1,
id0071,id0296,crop,down8k,0.457201,0.581500,0.004128,1,
id0071,id0299,crop,down8k,0.365758,0.461504,0.004237,1,
id0071,id0303,crop,down8k,0.451734,0.442146,0.002659,1,
id0071,id0319,crop,down8k,0.393328,0.467278,0.004064,1,
id0071,id0321,crop,down8k,0.462670,0.542521,0.002767,1,
id0071,id0326,crop,down8k,0.516046,0.678472,0.003695,1,
id0071,id0328,crop,down8k,0.438303,0.466258,0.003229,1,
id0071,id0330,crop,down8k,0.350224,0.408378,0.005540,1,
id0071,id0342,crop,down8k,0.293472,0.363985,0.005780,1,
id0071,id0346,crop,down8k,0.313642,0.453048,0.006564,1,
id0071,id0363,crop,down8k,0.410181,0.541168,0.008258,1,
id0071,id0367,crop,down8k,0.338577,0.499508,0.006960,1,
id0071,id0368,crop,down8k,0.447870,0.558929,0.005229,1,
id0071,id0369,crop,down8k,0.506328,0.612282,0.002688,1,
id0071,id0372,crop,down8k,0.353867,0.525645,0.004737,1,
id0071,id0373,crop,down8k,0.493559,0.669701,0.004663,1,
id0071,id0374,crop,down8k,0.556941,0.588984,0.005405,1,
id0071,id0378,crop,down8k,0.361339,0.456808,0.005027,1,
id0071,id0381,crop,down8k,0.382528,0.595829,0.005146,1,
id0071,id0382,crop,down8k,0.312856,0.397799,0.006106,1,
id0071,id0392,crop,down8k,0.300925,0.388084,0.006796,1,
id0071,id0396,crop,down8k,0.447874,0.540919,0.008685,1,
id0071,id0398,crop,down8k,0.422379,0.549554,0.004087,1,
id0071,id0399,crop,down8k,0.455137,0.508531,0.003615,1,
id0071,id0401,crop,down8k,0.301773,0.292033,0.005357,1,
id0071,id0402,crop,down8k,0.306068,0.408324,0.004635,1,
id0071,id0404,crop,down8k,0.269247,0.437717,0.005629,1,
id0071,id0411,crop,down8k,0.339228,0.361606,0.006687,1,
id0071,id0412,crop,down8k,0.334942,0.486013,0.006449,1,
id0071,id0418,crop,down8k,0.419520,0.597226,0.004741,1,
id0071,id0421,crop,down8k,0.371255,0.476569,0.007021,1,
id0071,id0422,crop,down8k,0.332387,0.453203,0.005742,1,
id0071,id0431,crop,down8k,0.380381,0.499669,0.003231,1,
id0071,id0437,crop,down8k,0.408987,0.539366,0.003533,1,
id0071,id0441,crop,down8k,0.295547,0.347265,0.005786,1,
id0071,id0447,crop,down8k,0.612899,0.686392,0.002565,1,
id0071,id0460,crop,down8k,0.339201,0.541972,0.006775,1,
id0071,id0462,crop,down8k,0.485067,0.558694,0.004119,1,
id0071,id0465,crop,down8k,0.321046,0.358031,0.006336,1,
id0071,id0466,crop,down8k,0.552442,0.658588,0.002999,1,
id0071,id0468,crop,down8k,0.332194,0.425157,0.007750,1,
id0071,id0470,crop,down8k,0.286733,0.420001,0.005706,1,
id0071,id0476,crop,down8k,0.541665,0.624006,0.004004,1,
id0071,id0486,crop,down8k,0.475565,0.559745,0.005461,1,
id0071,id0491,crop,down8k,0.411589,0.531859,0.005269,1,
id0071,id0498,crop,down8k,0.366499,0.520361,0.007393,1,
id0072,id0075,crop,down8k,0.301250,0.338469,0.014989,1,
id0072,id0080,crop,down8k,0.302650,0.483604,0.022644,1,
id0072,id0081,crop,down8k,0.270803,0.463819,0.012484,1,
id0072,id0086,crop,down8k,0.237997,0.317441,0.012827,1,
id0072,id0088,crop,down8k,0.313431,0.352982,0.012535,1,
id0072,id0097,crop,down8k,0.320510,0.316232,0.012161,1,
id0072,id0100,crop,down8k,0.238635,0.260350,0.015445,1,
id0072,id0106,crop,down8k,0.262689,0.414409,0.017367,1,
id0072,id0107,crop,down8k,0.400233,0.403174,0.010522,1,
id0072,id0110,crop,down8k,0.273224,0.342864,0.009112,1,
id0072,id0113,crop,down8k,0.180049,0.317176,0.018975,1,
id0072,id0115,crop,down8k,0.257836,0.369613,0.018102,1,
id0072,id0130,crop,down8k,0.359615,0.471453,0.016264,1,
id0072,id0132,crop,down8k,0.303943,0.342532,0.017256,1,
id0072,id0136,crop,down8k,0.297459,0.366910,0.012411,1,
id0072,id0153,crop,down8k,0.320904,0.363817,0.010121,1,
id0072,id0161,crop,down8k,0.268716,0.279982,0.016257,1,
id0072,id0169,crop,down8k,0.249544,0.258386,0.017807,1,
id0072,id0182,crop,down8k,0.340612,0.393429,0.010981,1,
id0072,id0183,crop,down8k,0.483623,0.524827,0.007500,1,
id0072,id0186,crop,down8k,0.186488,0.267189,0.015830,1,
id0072,id0197,crop,down8k,0.316954,0.384254,0.010434,1,
id0072,id0199,crop,down8k,0.344705,0.441976,0.007870,1,
id0072,id0206,crop,down8k,0.401810,0.521758,0.020508,1,
id0072,id0207,crop,down8k,0.255162,0.407992,0.016430,1,
id0072,id0208,crop,down8k,0.301914,0.397931,0.011041,1,
id0072,id0212,crop,down8k,0.442645,0.414784,0.006906,1,
id0072,id0220,crop,down8k,0.300834,0.310197,0.013456,1,
id0072,id0222,crop,down8k,0.257251,0.331040,0.009193,1,
id0072,id0224,crop,down8k,0.255420,0.339094,0.015708,1,
id0072,id0233,crop,down8k,0.422378,0.391127,0.012398,1,
id0072,id0239,crop,down8k,0.320836,0.396871,0.023876,1,
id0072,id0242,crop,down8k,0.336495,0.339331,0.014864,1,
id0072,id0246,crop,down8k,0.274838,0.356957,0.021377,1,
id0072,id0258,crop,down8k,0.247336,0.265717,0.015234,1,
id0072,id0273,crop,down8k,0.275753,0.318661,0.015924,1,
id0072,id0275,crop,down8k,0.320075,0.394887,0.013543,1,
id0072,id0285,crop,down8k,0.270181,0.337391,0.011838,1,
id0072,id0290,crop,down8k,0.368654,0.453413,0.008717,1,
id0072,id0296,crop,down8k,0.296680,0.384263,0.012097,1,
id0072,id0299,crop,down8k,0.229323,0.322661,0.011662,1,
id0072,id0303,crop,down8k,0.348259,0.319529,0.009840,1,
id0072,id0319,crop,down8k,0.333780,0.380013,0.012419,1,
id0072,id0321,crop,down8k,0.344545,0.385322,0.007238,1,
id0072,id0326,crop,down8k,0.350768,0.417991,0.010141,1,
id0072,id0328,crop,down8k,0.289243,0.313941,0.011377,1,
id0072,id0330,crop,down8k,0.281095,0.336106,0.015909,1,
id0072,id0342,crop,down8k,0.231432,0.295838,0.016625,1,
id0072,id0346,crop,down8k,0.230351,0.309799,0.016846,1,
id0072,id0363,crop,down8k,0.332678,0.426816,0.019174,1,
id0072,id0367,crop,down8k,0.275464,0.286796,0.017154,1,
id0072,id0368,crop,down8k,0.310890,0.355276,0.012039,1,
id0072,id0369,crop,down8k,0.317430,0.383407,0.008174,1,
id0072,id0372,crop,down8k,0.273376,0.288112,0.014412,1,
id0072,id0373,crop,down8k,0.346549,0.456906,0.010017,1,
id0072,id0374,crop,down8k,0.491988,0.520705,0.013295,1,
id0072,id0378,crop,down8k,0.306027,0.347985,0.014120,1,
id0072,id0381,crop,down8k,0.279127,0.360524,0.012273,1,
id0072,id0382,crop,down8k,0.253523,0.375980,0.017293,1,
id0072,id0392,crop,down8k,0.287126,0.328295,0.018261,1,
id0072,id0396,crop,down8k,0.299279,0.407926,0.019709,1,
id0072,id0398,crop,down8k,0.298384,0.418787,0.012643,1,
id0072,id0399,crop,down8k,0.334676,0.398845,0.010574,1,
id0072,id0401,crop,down8k,0.281715,0.334825,0.016863,1,
id0072,id0402,crop,down8k,0.223799,0.295658,0.013204,1,
id0072,id0404,crop,down8k,0.192989,0.320773,0.015408,1,
id0072,id0411,crop,down8k,0.307388,0.459302,0.018716,1,
id0072,id0412,crop,down8k,0.220919,0.302155,0.017800,1,
id0072,id0418,crop,down8k,0.318555,0.352863,0.013566,1,
id0072,id0421,crop,down8k,0.335991,0.386759,0.017592,1,
id0072,id0422,crop,down8k,0.201018,0.304474,0.014717,1,
id0072,id0431,crop,down8k,0.265938,0.353987,0.011400,1,
id0072,id0437,crop,down8k,0.376856,0.407794,0.012468,1,
id0072,id0441,crop,down8k,0.249848,0.302305,0.016859,1,
id0072,id0447,crop,down8k,0.455458,0.482637,0.005869,1,
id0072,id0460,crop,down8k,0.252464,0.411403,0.016405,1,
id0072,id0462,crop,down8k,0.280116,0.344588,0.011424,1,
id0072,id0465,crop,down8k,0.269449,0.296160,0.017886,1,
id0072,id0466,crop,down8k,0.373600,0.436778,0.006328,1,
id0072,id0468,crop,down8k,0.309370,0.462302,0.020094,1,
id0072,id0470,crop,down8k,0.203177,0.287790,0.016414,1,
id0072,id0476,crop,down8k,0.370286,0.396976,0.008441,1,
id0072,id0486,crop,down8k,0.346347,0.505074,0.012887,1,
id0072,id0491,crop,down8k,0.338837,0.371822,0.013649,1,
id0072,id0498,crop,down8k,0.361038,0.457508,0.017577,1,
id0075,id0080,crop,down8k,0.334963,0.457975,0.010912,1,
id0075,id0081,crop,down8k,0.297685,0.405890,0.005483,1,
id0075,id0086,crop,down8k,0.304356,0.329532,0.004575,1,
id0075,id0088,crop,down8k,0.363789,0.357783,0.004968,1,
id0075,id0097,crop,down8k,0.335417,0.309279,0.005084,1,
id0075,id0100,crop,down8k,0.249633,0.328512,0.006681,1,
id0075,id0106,crop,down8k,0.384503,0.417400,0.007819,1,
id0075,id0107,crop,down8k,0.467453,0.398666,0.004028,1,
id0075,id0110,crop,down8k,0.263129,0.310002,0.003471,1,
id0075,id0113,crop,down8k,0.331437,0.358558,0.008929,1,
id0075,id0115,crop,down8k,0.327756,0.386352,0.008007,1,
id0075,id0130,crop,down8k,0.338867,0.402721,0.007076,1,
id0075,id0132,crop,down8k,0.277262,0.316767,0.007490,1,
id0075,id0136,crop,down8k,0.393503,0.335952,0.005364,1,
id0075,id0153,crop,down8k,0.364686,0.327145,0.004047,1,
id0075,id0161,crop,down8k,0.273351,0.317772,0.006665,1,
id0075,id0169,crop,down8k,0.360506,0.323156,0.008242,1,
id0075,id0182,crop,down8k,0.306150,0.394021,0.005151,1,
id0075,id0183,crop,down8k,0.541693,0.572033,0.002474,1,
id0075,id0186,crop,down8k,0.311701,0.304372,0.006962,1,
id0075,id0197,crop,down8k,0.341163,0.396008,0.003564,1,
id0075,id0199,crop,down8k,0.453849,0.540571,0.002902,1,
id0075,id0206,crop,down8k,0.346340,0.511458,0.009717,1,
id0075,id0207,crop,down8k,0.210720,0.299534,0.006881,1,
id0075,id0208,crop,down8k,0.302297,0.362607,0.004741,1,
id0075,id0212,crop,down8k,0.493156,0.450839,0.003227,1,
id0075,id0220,crop,down8k,0.360321,0.249889,0.005607,1,
id0075,id0222,crop,down8k,0.313656,0.346256,0.003277,1,
id0075,id0224,crop,down8k,0.229409,0.342781,0.007092,1,
id0075,id0233,crop,down8k,0.402412,0.341774,0.004795,1,
id0075,id0239,crop,down8k,0.339471,0.433657,0.012093,1,
id0075,id0242,crop,down8k,0.303741,0.312300,0.006093,1,
id0075,id0246,crop,down8k,0.266679,0.314226,0.010327,1,
id0075,id0258,crop,down8k,0.253725,0.235120,0.006231,1,
id0075,id0273,crop,down8k,0.292203,0.276904,0.007358,1,
id0075,id0275,crop,down8k,0.368479,0.377412,0.005928,1,
id0075,id0285,crop,down8k,0.346117,0.382972,0.004410,1,
id0075,id0290,crop,down8k,0.387021,0.445210,0.003483,1,
id0075,id0296,crop,down8k,0.394207,0.397656,0.004474,1,
id0075,id0299,crop,down8k,0.316631,0.306320,0.005046,1,
id0075,id0303,crop,down8k,0.378194,0.382026,0.004326,1,
id0075,id0319,crop,down8k,0.426035,0.404314,0.006066,1,
id0075,id0321,crop,down8k,0.335721,0.344963,0.002420,1,
id0075,id0326,crop,down8k,0.460176,0.530091,0.003892,1,
id0075,id0328,crop,down8k,0.365089,0.366543,0.004130,1,
id0075,id0330,crop,down8k,0.336840,0.350624,0.007778,1,
id0075,id0342,crop,down8k,0.321437,0.329321,0.008008,1,
id0075,id0346,crop,down8k,0.255099,0.320917,0.007150,1,
id0075,id0363,crop,down8k,0.367795,0.420553,0.009398,1,
id0075,id0367,crop,down8k,0.313323,0.365428,0.007968,1,
id0075,id0368,crop,down8k,0.363803,0.377754,0.005211,1,
id0075,id0369,crop,down8k,0.416192,0.460443,0.002657,1,
id0075,id0372,crop,down8k,0.380564,0.407199,0.006159,1,
id0075,id0373,crop,down8k,0.344668,0.433938,0.004006,1,
id0075,id0374,crop,down8k,0.480092,0.430122,0.005820,1,
id0075,id0378,crop,down8k,0.270529,0.351474,0.006517,1,
id0075,id0381,crop,down8k,0.308351,0.382765,0.004862,1,
id0075,id0382,crop,down8k,0.335217,0.331149,0.007262,1,
id0075,id0392,crop,down8k,0.183623,0.238190,0.007930,1,
id0075,id0396,crop,down8k,0.371618,0.381950,0.009137,1,
id0075,id0398,crop,down8k,0.415584,0.485670,0.005361,1,
id0075,id0399,crop,down8k,0.358976,0.354566,0.004109,1,
id0075,id0401,crop,down8k,0.335479,0.325482,0.008072,1,
id0075,id0402,crop,down8k,0.251347,0.239034,0.005133,1,
id0075,id0404,crop,down8k,0.289356,0.315502,0.006996,1,
id0075,id0411,crop,down8k,0.347716,0.378833,0.009462,1,
id0075,id0412,crop,down8k,0.328764,0.357299,0.007773,1,
id0075,id0418,crop,down8k,0.332899,0.451278,0.005430,1,
id0075,id0421,crop,down8k,0.289675,0.346632,0.007815,1,
id0075,id0422,crop,down8k,0.280032,0.285255,0.006518,1,
id0075,id0431,crop,down8k,0.383993,0.426804,0.004625,1,
id0075,id0437,crop,down8k,0.367364,0.511967,0.005451,1,
id0075,id0441,crop,down8k,0.288904,0.318076,0.008245,1,
id0075,id0447,crop,down8k,0.525410,0.545380,0.002483,1,
id0075,id0460,crop,down8k,0.268134,0.397974,0.007522,1,
id0075,id0462,crop,down8k,0.402074,0.373774,0.003971,1,
id0075,id0465,crop,down8k,0.311816,0.284251,0.008194,1,
id0075,id0466,crop,down8k,0.477472,0.483986,0.002694,1,
id0075,id0468,crop,down8k,0.383989,0.449683,0.009748,1,
id0075,id0470,crop,down8k,0.326257,0.333287,0.007609,1,
id0075,id0476,crop,down8k,0.409485,0.404102,0.003246,1,
id0075,id0486,crop,down8k,0.356759,0.350804,0.004935,1,
id0075,id0491,crop,down8k,0.316167,0.393158,0.006205,1,
id0075,id0498,crop,down8k,0.291075,0.361145,0.008101,1,
id0080,id0081,crop,down8k,0.283818,0.433745,0.004382,1,
id0080,id0086,crop,down8k,0.322211,0.406727,0.004364,1,
id0080,id0088,crop,down8k,0.368613,0.405576,0.004082,1,
id0080,id0097,crop,down8k,0.410462,0.466068,0.005105,1,
id0080,id0100,crop,down8k,0.321134,0.415352,0.006284,1,
id0080,id0106,crop,down8k,0.275705,0.346019,0.006531,1,
id0080,id0107,crop,down8k,0.536213,0.572637,0.004526,1,
id0080,id0110,crop,down8k,0.363907,0.482138,0.003366,1,
id0080,id0113,crop,down8k,0.269432,0.368647,0.008087,1,
id0080,id0115,crop,down8k,0.277375,0.370726,0.007362,1,
id0080,id0130,crop,down8k,0.356579,0.372842,0.006944,1,
id0080,id0132,crop,down8k,0.326902,0.377642,0.007151,1,
id0080,id0136,crop,down8k,0.295856,0.268531,0.004367,1,
id0080,id0153,crop,down8k,0.448172,0.505333,0.003968,1,
id0080,id0161,crop,down8k,0.352598,0.460216,0.006756,1,
id0080,id0169,crop,down8k,0.359346,0.397150,0.007624,1,
id0080,id0182,crop,down8k,0.414397,0.572437,0.005095,1,
id0080,id0183,crop,down8k,0.569783,0.649061,0.002247,1,
id0080,id0186,crop,down8k,0.351603,0.420723,0.006559,1,
id0080,id0197,crop,down8k,0.420985,0.470653,0.003083,1,
id0080,id0199,crop,down8k,0.492498,0.638664,0.002718,1,
id0080,id0206,crop,down8k,0.250034,0.459298,0.007998,1,
id0080,id0207,crop,down8k,0.281195,0.352888,0.006191,1,
id0080,id0208,crop,down8k,0.364800,0.456559,0.004419,1,
id0080,id0212,crop,down8k,0.524046,0.561054,0.003149,1,
id0080,id0220,crop,down8k,0.395703,0.398484,0.005145,1,
id0080,id0222,crop,down8k,0.363671,0.424212,0.002656,1,
id0080,id0224,crop,down8k,0.372497,0.508642,0.006476,1,
id0080,id0233,crop,down8k,0.490630,0.493963,0.004921,1,
id0080,id0239,crop,down8k,0.362106,0.516092,0.011552,1,
id0080,id0242,crop,down8k,0.399422,0.409704,0.005917,1,
id0080,id0246,crop,down8k,0.306441,0.362243,0.009880,1,
id0080,id0258,crop,down8k,0.374368,0.425710,0.006137,1,
id0080,id0273,crop,down8k,0.394407,0.487654,0.007179,1,
id0080,id0275,crop,down8k,0.394518,0.427253,0.005768,1,
id0080,id0285,crop,down8k,0.335812,0.370148,0.003738,1,
id0080,id0290,crop,down8k,0.514586,0.644305,0.003351,1,
id0080,id0296,crop,down8k,0.417373,0.442049,0.004249,1,
id0080,id0299,crop,down8k,0.324415,0.368512,0.004476,1,
id0080,id0303,crop,down8k,0.435671,0.495730,0.004315,1,
id0080,id0319,crop,down8k,0.384992,0.419901,0.005755,1,
id0080,id0321,crop,down8k,0.469397,0.516198,0.002521,1,
id0080,id0326,crop,down8k,0.400483,0.498836,0.002927,1,
id0080,id0328,crop,down8k,0.467895,0.568984,0.004595,1,
id0080,id0330,crop,down8k,0.415730,0.516420,0.007416,1,
id0080,id0342,crop,down8k,0.363681,0.448349,0.007564,1,
id0080,id0346,crop,down8k,0.255792,0.413744,0.006191,1,
id0080,id0363,crop,down8k,0.280988,0.392434,0.008429,1,
id0080,id0367,crop,down8k,0.331434,0.447878,0.007214,1,
id0080,id0368,crop,down8k,0.374746,0.418242,0.004602,1,
id0080,id0369,crop,down8k,0.463408,0.600026,0.002729,1,
id0080,id0372,crop,down8k,0.390657,0.525515,0.006021,1,
id0080,id0373,crop,down8k,0.453446,0.581580,0.003731,1,
id0080,id0374,crop,down8k,0.581292,0.627606,0.006135,1,
id0080,id0378,crop,down8k,0.357343,0.505087,0.006816,1,
id0080,id0381,crop,down8k,0.334422,0.416711,0.004229,1,
id0080,id0382,crop,down8k,0.285879,0.274387,0.006791,1,
id0080,id0392,crop,down8k,0.347689,0.403317,0.007626,1,
id0080,id0396,crop,down8k,0.360395,0.392787,0.008480,1,
id0080,id0398,crop,down8k,0.381935,0.510796,0.004467,1,
id0080,id0399,crop,down8k,0.428889,0.468210,0.004359,1,
id0080,id0401,crop,down8k,0.428164,0.532818,0.008103,1,
id0080,id0402,crop,down8k,0.251132,0.291373,0.004611,1,
id0080,id0404,crop,down8k,0.270235,0.326010,0.006078,1,
id0080,id0411,crop,down8k,0.353807,0.422818,0.008993,1,
id0080,id0412,crop,down8k,0.302912,0.376027,0.007599,1,
id0080,id0418,crop,down8k,0.345148,0.541361,0.004781,1,
id0080,id0421,crop,down8k,0.302001,0.336280,0.007363,1,
id0080,id0422,crop,down8k,0.271662,0.369423,0.005610,1,
id0080,id0431,crop,down8k,0.360176,0.430296,0.004086,1,
id0080,id0437,crop,down8k,0.518463,0.730185,0.006225,1,
id0080,id0441,crop,down8k,0.358940,0.429687,0.007828,1,
id0080,id0447,crop,down8k,0.573417,0.631305,0.002829,1,
id0080,id0460,crop,down8k,0.272658,0.434417,0.006966,1,
id0080,id0462,crop,down8k,0.349238,0.318426,0.003202,1,
id0080,id0465,crop,down8k,0.379385,0.401401,0.007613,1,
id0080,id0466,crop,down8k,0.481378,0.555713,0.002309,1,
id0080,id0468,crop,down8k,0.254366,0.420087,0.008958,1,
id0080,id0470,crop,down8k,0.327850,0.437548,0.006773,1,
id0080,id0476,crop,down8k,0.460014,0.497719,0.003159,1,
id0080,id0486,crop,down8k,0.384891,0.337249,0.004154,1,
id0080,id0491,crop,down8k,0.439780,0.581589,0.006343,1,
id0080,id0498,crop,down8k,0.382857,0.476165,0.007891,1,
id0081,id0086,crop,down8k,0.324369,0.492759,0.017106,1,
id0081,id0088,crop,down8k,0.338483,0.429166,0.016301,1,
id0081,id0097,crop,down8k,0.353380,0.403303,0.017053,1,
id0081,id0100,crop,down8k,0.309479,0.518477,0.019986,1,
id0081,id0106,crop,down8k,0.343619,0.533422,0.022126,1,
id0081,id0107,crop,down8k,0.440360,0.442299,0.013804,1,
id0081,id0110,crop,down8k,0.298228,0.371038,0.013324,1,
id0081,id0113,crop,down8k,0.293940,0.512065,0.024442,1,
id0081,id0115,crop,down8k,0.264713,0.431019,0.021702,1,
id0081,id0130,crop,down8k,0.290334,0.345679,0.019069,1,
id0081,id0132,crop,down8k,0.285635,0.365898,0.020597,1,
id0081,id0136,crop,down8k,0.302477,0.394111,0.016626,1,
id0081,id0153,crop,down8k,0.327423,0.354527,0.013381,1,
id0081,id0161,crop,down8k,0.299325,0.453242,0.020890,1,
id0081,id0169,crop,down8k,0.333362,0.516135,0.023935,1,
id0081,id0182,crop,down8k,0.326451,0.454629,0.014819,1,
id0081,id0183,crop,down8k,0.535670,0.608246,0.009517,1,
id0081,id0186,crop,down8k,0.315701,0.469275,0.021290,1,
id0081,id0197,crop,down8k,0.322657,0.438342,0.013470,1,
id0081,id0199,crop,down8k,0.445981,0.630829,0.011654,1,
id0081,id0206,crop,down8k,0.369567,0.620760,0.025517,1,
id0081,id0207,crop,down8k,0.233094,0.353572,0.020442,1,
id0081,id0208,crop,down8k,0.254947,0.321800,0.014261,1,
id0081,id0212,crop,down8k,0.478482,0.527220,0.011387,1,
id0081,id0220,crop,down8k,0.307930,0.346949,0.017530,1,
id0081,id0222,crop,down8k,0.247637,0.382501,0.013150,1,
id0081,id0224,crop,down8k,0.271509,0.500521,0.020685,1,
id0081,id0233,crop,down8k,0.427333,0.370842,0.016090,1,
id0081,id0239,crop,down8k,0.389604,0.647717,0.030359,1,
id0081,id0242,crop,down8k,0.373414,0.408209,0.019780,1,
id0081,id0246,crop,down8k,0.272182,0.423761,0.026872,1,
id0081,id0258,crop,down8k,0.285741,0.417693,0.020340,1,
id0081,id0273,crop,down8k,0.308959,0.423850,0.020796,1,
id0081,id0275,crop,down8k,0.302897,0.360551,0.016959,1,
id0081,id0285,crop,down8k,0.349481,0.480927,0.016015,1,
id0081,id0290,crop,down8k,0.360288,0.488412,0.011825,1,
id0081,id0296,crop,down8k,0.336042,0.413272,0.016109,1,
id0081,id0299,crop,down8k,0.234102,0.339550,0.016182,1,
id0081,id0303,crop,down8k,0.398004,0.492375,0.014348,1,
id0081,id0319,crop,down8k,0.354215,0.479728,0.017449,1,
id0081,id0321,crop,down8k,0.337397,0.371010,0.009997,1,
id0081,id0326,crop,down8k,0.409518,0.609958,0.014282,1,
id0081,id0328,crop,down8k,0.414563,0.514040,0.016289,1,
id0081,id0330,crop,down8k,0.341439,0.531205,0.022279,1,
id0081,id0342,crop,down8k,0.342135,0.505032,0.022386,1,
id0081,id0346,crop,down8k,0.244040,0.463328,0.021286,1,
id0081,id0363,crop,down8k,0.323421,0.474420,0.023887,1,
id0081,id0367,crop,down8k,0.326883,0.489231,0.022577,1,
id0081,id0368,crop,down8k,0.301946,0.432292,0.015448,1,
id0081,id0369,crop,down8k,0.399981,0.552756,0.011716,1,
id0081,id0372,crop,down8k,0.326123,0.535907,0.019075,1,
id0081,id0373,crop,down8k,0.340778,0.450114,0.013014,1,
id0081,id0374,crop,down8k,0.419124,0.407420,0.016004,1,
id0081,id0378,crop,down8k,0.320400,0.467004,0.019287,1,
id0081,id0381,crop,down8k,0.254639,0.427397,0.015330,1,
id0081,id0382,crop,down8k,0.303124,0.413048,0.022456,1,
id0081,id0392,crop,down8k,0.307831,0.385621,0.023008,1,
id0081,id0396,crop,down8k,0.327405,0.506893,0.023514,1,
id0081,id0398,crop,down8k,0.420387,0.649094,0.018047,1,
id0081,id0399,crop,down8k,0.367654,0.374127,0.014315,1,
id0081,id0401,crop,down8k,0.381771,0.506026,0.023812,1,
id0081,id0402,crop,down8k,0.211158,0.354218,0.017448,1,
id0081,id0404,crop,down8k,0.232627,0.453732,0.020190,1,
id0081,id0411,crop,down8k,0.333534,0.443577,0.024336,1,
id0081,id0412,crop,down8k,0.304638,0.502813,0.022716,1,
id0081,id0418,crop,down8k,0.325062,0.579826,0.018708,1,
id0081,id0421,crop,down8k,0.288342,0.370033,0.021770,1,
id0081,id0422,crop,down8k,0.251628,0.414270,0.019387,1,
id0081,id0431,crop,down8k,0.386974,0.561608,0.016700,1,
id0081,id0437,crop,down8k,0.463113,0.657088,0.017765,1,
id0081,id0441,crop,down8k,0.303814,0.452796,0.023001,1,
id0081,id0447,crop,down8k,0.525578,0.583160,0.008868,1,
id0081,id0460,crop,down8k,0.208216,0.434680,0.019884,1,
id0081,id0462,crop,down8k,0.351188,0.445875,0.014572,1,
id0081,id0465,crop,down8k,0.311579,0.420698,0.023349,1,
id0081,id0466,crop,down8k,0.420813,0.500354,0.009371,1,
id0081,id0468,crop,down8k,0.378969,0.594834,0.026307,1,
id0081,id0470,crop,down8k,0.298456,0.523803,0.021779,1,
id0081,id0476,crop,down8k,0.382502,0.421102,0.011905,1,
id0081,id0486,crop,down8k,0.318838,0.249850,0.015580,1,
id0081,id0491,crop,down8k,0.326247,0.467127,0.017118,1,
id0081,id0498,crop,down8k,0.269818,0.342746,0.021839,1,
id0086,id0088,crop,down8k,0.272251,0.334164,0.011791,1,
id0086,id0097,crop,down8k,0.332701,0.407320,0.012426,1,
id0086,id0100,crop,down8k,0.205849,0.259701,0.014916,1,
id0086,id0106,crop,down8k,0.304441,0.358640,0.016589,1,
id0086,id0107,crop,down8k,0.399834,0.463248,0.010379,1,
id0086,id0110,crop,down8k,0.303053,0.433092,0.009471,1,
id0086,id0113,crop,down8k,0.234272,0.307311,0.018477,1,
id0086,id0115,crop,down8k,0.256873,0.390941,0.017633,1,
id0086,id0130,crop,down8k,0.382891,0.520457,0.015618,1,
id0086,id0132,crop,down8k,0.283176,0.381386,0.016486,1,
id0086,id0136,crop,down8k,0.309308,0.373957,0.012262,1,
id0086,id0153,crop,down8k,0.327040,0.450371,0.010413,1,
id0086,id0161,crop,down8k,0.243024,0.342728,0.015928,1,
id0086,id0169,crop,down8k,0.330568,0.291660,0.017456,1,
id0086,id0182,crop,down8k,0.335079,0.502727,0.011869,1,
id0086,id0183,crop,down8k,0.395568,0.477273,0.006381,1,
id0086,id0186,crop,down8k,0.221086,0.313654,0.015385,1,
id0086,id0197,crop,down8k,0.294717,0.381563,0.009865,1,
id0086,id0199,crop,down8k,0.328423,0.448769,0.007815,1,
id0086,id0206,crop,down8k,0.394075,0.487668,0.019110,1,
id0086,id0207,crop,down8k,0.269765,0.441455,0.015868,1,
id0086,id0208,crop,down8k,0.306862,0.484086,0.011175,1,
id0086,id0212,crop,down8k,0.477018,0.480256,0.007442,1,
id0086,id0220,crop,down8k,0.355076,0.368548,0.013306,1,
id0086,id0222,crop,down8k,0.306083,0.348695,0.008847,1,
id0086,id0224,crop,down8k,0.305513,0.407434,0.015595,1,
id0086,id0233,crop,down8k,0.381312,0.455436,0.011931,1,
id0086,id0239,crop,down8k,0.386874,0.428549,0.023636,1,
id0086,id0242,crop,down8k,0.316727,0.371464,0.014690,1,
id0086,id0246,crop,down8k,0.357459,0.429423,0.020818,1,
id0086,id0258,crop,down8k,0.300470,0.321334,0.014984,1,
id0086,id0273,crop,down8k,0.323432,0.407604,0.016037,1,
id0086,id0275,crop,down8k,0.367614,0.478931,0.013521,1,
id0086,id0285,crop,down8k,0.249928,0.309316,0.011577,1,
id0086,id0290,crop,down8k,0.376762,0.509150,0.008798,1,
id0086,id0296,crop,down8k,0.339997,0.436547,0.011698,1,
id0086,id0299,crop,down8k,0.276756,0.384407,0.011771,1,
id0086,id0303,crop,down8k,0.323360,0.403320,0.010243,1,
id0086,id0319,crop,down8k,0.389267,0.445141,0.012862,1,
id0086,id0321,crop,down8k,0.295628,0.416977,0.006815,1,
id0086,id0326,crop,down8k,0.315880,0.384707,0.009634,1,
id0086,id0328,crop,down8k,0.295786,0.393218,0.011093,1,
id0086,id0330,crop,down8k,0.374697,0.431265,0.016573,1,
id0086,id0342,crop,down8k,0.318531,0.384957,0.016896,1,
id0086,id0346,crop,down8k,0.277882,0.334454,0.016316,1,
id0086,id0363,crop,down8k,0.348632,0.474002,0.018761,1,
id0086,id0367,crop,down8k,0.312798,0.351060,0.017084,1,
id0086,id0368,crop,down8k,0.302746,0.389588,0.011706,1,
id0086,id0369,crop,down8k,0.306923,0.401354,0.007978,1,
id0086,id0372,crop,down8k,0.316050,0.356039,0.014144,1,
id0086,id0373,crop,down8k,0.301413,0.489123,0.009771,1,
id0086,id0374,crop,down8k,0.525183,0.608855,0.013758,1,
id0086,id0378,crop,down8k,0.308265,0.438481,0.014192,1,
id0086,id0381,crop,down8k,0.283800,0.380557,0.011575,1,
id0086,id0382,crop,down8k,0.298095,0.359241,0.016353,1,
id0086,id0392,crop,down8k,0.300506,0.362482,0.017905,1,
id0086,id0396,crop,down8k,0.276655,0.388679,0.018543,1,
id0086,id0398,crop,down8k,0.274494,0.340581,0.011837,1,
id0086,id0399,crop,down8k,0.334159,0.459819,0.010474,1,
id0086,id0401,crop,down8k,0.387359,0.452033,0.017401,1,
id0086,id0402,crop,down8k,0.256312,0.298527,0.012727,1,
id0086,id0404,crop,down8k,0.269727,0.336975,0.015007,1,
id0086,id0411,crop,down8k,0.384383,0.523373,0.019446,1,
id0086,id0412,crop,down8k,0.218952,0.272509,0.016963,1,
id0086,id0418,crop,down8k,0.288993,0.365243,0.012977,1,
id0086,id0421,crop,down8k,0.328472,0.427958,0.017275,1,
id0086,id0422,crop,down8k,0.245862,0.354965,0.014689,1,
id0086,id0431,crop,down8k,0.262096,0.315521,0.010948,1,
id0086,id0437,crop,down8k,0.398099,0.537256,0.013057,1,
id0086,id0441,crop,down8k,0.333551,0.419558,0.017355,1,
id0086,id0447,crop,down8k,0.401511,0.503616,0.006012,1,
id0086,id0460,crop,down8k,0.290399,0.477149,0.016373,1,
id0086,id0462,crop,down8k,0.249012,0.283380,0.010507,1,
id0086,id0465,crop,down8k,0.350479,0.376664,0.017776,1,
id0086,id0466,crop,down8k,0.368738,0.478616,0.006894,1,
id0086,id0468,crop,down8k,0.326199,0.443151,0.019615,1,
id0086,id0470,crop,down8k,0.273130,0.279881,0.016052,1,
id0086,id0476,crop,down8k,0.324466,0.441854,0.008456,1,
id0086,id0486,crop,down8k,0.334099,0.481171,0.012197,1,
id0086,id0491,crop,down8k,0.350487,0.487282,0.013986,1,
id0086,id0498,crop,down8k,0.418799,0.528497,0.017687,1,
id0088,id0097,crop,down8k,0.313715,0.439412,0.018818,1,
id0088,id0100,crop,down8k,0.320630,0.433728,0.022192,1,
id0088,id0106,crop,down8k,0.309543,0.452363,0.022100,1,
id0088,id0107,crop,down8k,0.346096,0.460672,0.016081,1,
id0088,id0110,crop,down8k,0.333394,0.423382,0.014257,1,
id0088,id0113,crop,down8k,0.327737,0.450251,0.025613,1,
id0088,id0115,crop,down8k,0.319261,0.443770,0.023413,1,
id0088,id0130,crop,down8k,0.342216,0.447228,0.020758,1,
id0088,id0132,crop,down8k,0.298632,0.422805,0.022972,1,
id0088,id0136,crop,down8k,0.336056,0.407354,0.017389,1,
id0088,id0153,crop,down8k,0.242546,0.364897,0.014294,1,
id0088,id0161,crop,down8k,0.268306,0.399048,0.021771,1,
id0088,id0169,crop,down8k,0.340395,0.416977,0.024471,1,
id0088,id0182,crop,down8k,0.328026,0.463886,0.015765,1,
id0088,id0183,crop,down8k,0.301683,0.460098,0.009282,1,
id0088,id0186,crop,down8k,0.245523,0.363969,0.021519,1,
id0088,id0197,crop,down8k,0.254720,0.338441,0.013916,1,
id0088,id0199,crop,down8k,0.310757,0.508273,0.012118,1,
id0088,id0206,crop,down8k,0.467895,0.578140,0.025119,1,
id0088,id0207,crop,down8k,0.289745,0.334579,0.020884,1,
id0088,id0208,crop,down8k,0.260748,0.381977,0.014943,1,
id0088,id0212,crop,down8k,0.448802,0.526259,0.012327,1,
id0088,id0220,crop,down8k,0.321899,0.365156,0.019430,1,
id0088,id0222,crop,down8k,0.279664,0.304716,0.012937,1,
id0088,id0224,crop,down8k,0.351310,0.437054,0.021250,1,
id0088,id0233,crop,down8k,0.314036,0.377052,0.016953,1,
id0088,id0239,crop,down8k,0.499442,0.568833,0.031052,1,
id0088,id0242,crop,down8k,0.260729,0.311470,0.019170,1,
id0088,id0246,crop,down8k,0.426239,0.455992,0.028085,1,
id0088,id0258,crop,down8k,0.300349,0.366029,0.021394,1,
id0088,id0273,crop,down8k,0.289780,0.414777,0.022285,1,
id0088,id0275,crop,down8k,0.311973,0.403522,0.018347,1,
id0088,id0285,crop,down8k,0.283799,0.390991,0.016609,1,
id0088,id0290,crop,down8k,0.361395,0.454579,0.012622,1,
id0088,id0296,crop,down8k,0.291721,0.405980,0.017068,1,
id0088,id0299,crop,down8k,0.284275,0.364825,0.016725,1,
id0088,id0303,crop,down8k,0.345088,0.487025,0.016815,1,
id0088,id0319,crop,down8k,0.423981,0.500238,0.018970,1,
id0088,id0321,crop,down8k,0.280251,0.372332,0.011229,1,
id0088,id0326,crop,down8k,0.352044,0.483993,0.014822,1,
id0088,id0328,crop,down8k,0.301408,0.443625,0.016754,1,
id0088,id0330,crop,down8k,0.386507,0.491637,0.023065,1,
id0088,id0342,crop,down8k,0.337129,0.466333,0.023597,1,
id0088,id0346,crop,down8k,0.263873,0.373342,0.021552,1,
id0088,id0363,crop,down8k,0.327619,0.468145,0.024363,1,
id0088,id0367,crop,down8k,0.382524,0.405224,0.022439,1,
id0088,id0368,crop,down8k,0.264187,0.362039,0.015957,1,
id0088,id0369,crop,down8k,0.314272,0.465904,0.012831,1,
id0088,id0372,crop,down8k,0.436828,0.456154,0.020849,1,
id0088,id0373,crop,down8k,0.287901,0.395655,0.013319,1,
id0088,id0374,crop,down8k,0.422993,0.493442,0.018233,1,
id0088,id0378,crop,down8k,0.330108,0.440070,0.019914,1,
id0088,id0381,crop,down8k,0.326974,0.339597,0.015877,1,
id0088,id0382,crop,down8k,0.355614,0.434049,0.023214,1,
id0088,id0392,crop,down8k,0.289968,0.360821,0.023938,1,
id0088,id0396,crop,down8k,0.276398,0.401377,0.023947,1,
id0088,id0398,crop,down8k,0.426378,0.555368,0.019111,1,
id0088,id0399,crop,down8k,0.279928,0.391136,0.015390,1,
id0088,id0401,crop,down8k,0.363199,0.487299,0.024214,1,
id0088,id0402,crop,down8k,0.318044,0.322551,0.017855,1,
id0088,id0404,crop,down8k,0.357762,0.392464,0.021223,1,
id0088,id0411,crop,down8k,0.410292,0.560993,0.026784,1,
id0088,id0412,crop,down8k,0.319165,0.399872,0.023868,1,
id0088,id0418,crop,down8k,0.398385,0.488136,0.019055,1,
id0088,id0421,crop,down8k,0.300577,0.380697,0.022450,1,
id0088,id0422,crop,down8k,0.237594,0.351738,0.019443,1,
id0088,id0431,crop,down8k,0.352224,0.482999,0.017735,1,
id0088,id0437,crop,down8k,0.446193,0.606529,0.019537,1,
id0088,id0441,crop,down8k,0.332538,0.452244,0.024023,1,
id0088,id0447,crop,down8k,0.354652,0.535509,0.010589,1,
id0088,id0460,crop,down8k,0.269008,0.455730,0.021431,1,
id0088,id0462,crop,down8k,0.270320,0.359491,0.015605,1,
id0088,id0465,crop,down8k,0.318061,0.415933,0.024566,1,
id0088,id0466,crop,down8k,0.318715,0.465746,0.010169,1,
id0088,id0468,crop,down8k,0.434881,0.587127,0.027200,1,
id0088,id0470,crop,down8k,0.374391,0.442409,0.023321,1,
id0088,id0476,crop,down8k,0.258061,0.344624,0.011499,1,
id0088,id0486,crop,down8k,0.244070,0.350700,0.016321,1,
id0088,id0491,crop,down8k,0.328613,0.464944,0.019065,1,
id0088,id0498,crop,down8k,0.355646,0.427751,0.022514,1,
id0097,id0100,crop,down8k,0.278213,0.443896,0.010259,1,
id0097,id0106,crop,down8k,0.381397,0.612449,0.013543,1,
id0097,id0107,crop,down8k,0.229454,0.296381,0.005512,1,
id0097,id0110,crop,down8k,0.235823,0.332674,0.006280,1,
id0097,id0113,crop,down8k,0.322840,0.498639,0.013886,1,
id0097,id0115,crop,down8k,0.362106,0.505575,0.012233,1,
id0097,id0130,crop,down8k,0.288586,0.422039,0.010738,1,
id0097,id0132,crop,down8k,0.259259,0.377187,0.011075,1,
id0097,id0136,crop,down8k,0.330290,0.449583,0.009676,1,
id0097,id0153,crop,down8k,0.222926,0.345298,0.006511,1,
id0097,id0161,crop,down8k,0.276486,0.442781,0.010589,1,
id0097,id0169,crop,down8k,0.303661,0.441515,0.012948,1,
id0097,id0182,crop,down8k,0.266193,0.427034,0.007560,1,
id0097,id0183,crop,down8k,0.427913,0.623293,0.005683,1,
id0097,id0186,crop,down8k,0.288628,0.445111,0.011332,1,
id0097,id0197,crop,down8k,0.348629,0.473562,0.007456,1,
id0097,id0199,crop,down8k,0.352199,0.551506,0.005399,1,
id0097,id0206,crop,down8k,0.524703,0.695417,0.016919,1,
id0097,id0207,crop,down8k,0.354462,0.454763,0.012056,1,
id0097,id0208,crop,down8k,0.258427,0.358851,0.007375,1,
id0097,id0212,crop,down8k,0.311303,0.342824,0.004477,1,
id0097,id0220,crop,down8k,0.219661,0.282025,0.008919,1,
id0097,id0222,crop,down8k,0.304904,0.376865,0.007062,1,
id0097,id0224,crop,down8k,0.358212,0.511215,0.011829,1,
id0097,id0233,crop,down8k,0.308370,0.355824,0.007999,1,
id0097,id0239,crop,down8k,0.502170,0.621763,0.018164,1,
id0097,id0242,crop,down8k,0.331529,0.463339,0.010509,1,
id0097,id0246,crop,down8k,0.351969,0.384103,0.015209,1,
id0097,id0258,crop,down8k,0.185392,0.350169,0.010183,1,
id0097,id0273,crop,down8k,0.228109,0.341803,0.011086,1,
id0097,id0275,crop,down8k,0.249545,0.329972,0.008879,1,
id0097,id0285,crop,down8k,0.338682,0.526215,0.008447,1,
id0097,id0290,crop,down8k,0.330375,0.430248,0.005731,1,
id0097,id0296,crop,down8k,0.263915,0.368937,0.007672,1,
id0097,id0299,crop,down8k,0.244813,0.325905,0.008478,1,
id0097,id0303,crop,down8k,0.233520,0.307777,0.006010,1,
id0097,id0319,crop,down8k,0.325996,0.375764,0.008508,1,
id0097,id0321,crop,down8k,0.283868,0.300572,0.004257,1,
id0097,id0326,crop,down8k,0.383242,0.588575,0.007404,1,
id0097,id0328,crop,down8k,0.258765,0.356734,0.006900,1,
id0097,id0330,crop,down8k,0.266807,0.401938,0.011877,1,
id0097,id0342,crop,down8k,0.298020,0.396722,0.012164,1,
id0097,id0346,crop,down8k,0.337033,0.495603,0.012390,1,
id0097,id0363,crop,down8k,0.374701,0.557633,0.014299,1,
id0097,id0367,crop,down8k,0.451700,0.481874,0.012942,1,
id0097,id0368,crop,down8k,0.304724,0.429987,0.008889,1,
id0097,id0369,crop,down8k,0.285693,0.445846,0.004949,1,
id0097,id0372,crop,down8k,0.413690,0.439583,0.009128,1,
id0097,id0373,crop,down8k,0.366057,0.478685,0.007025,1,
id0097,id0374,crop,down8k,0.314573,0.339280,0.007885,1,
id0097,id0378,crop,down8k,0.287431,0.374700,0.009411,1,
id0097,id0381,crop,down8k,0.370084,0.483200,0.008716,1,
id0097,id0382,crop,down8k,0.282018,0.423032,0.012221,1,
id0097,id0392,crop,down8k,0.300510,0.404948,0.012923,1,
id0097,id0396,crop,down8k,0.398674,0.576237,0.014474,1,
id0097,id0398,crop,down8k,0.408595,0.588114,0.009716,1,
id0097,id0399,crop,down8k,0.173352,0.271305,0.006646,1,
id0097,id0401,crop,down8k,0.240483,0.322959,0.012159,1,
id0097,id0402,crop,down8k,0.306630,0.383312,0.009714,1,
id0097,id0404,crop,down8k,0.346706,0.453828,0.011608,1,
id0097,id0411,crop,down8k,0.252510,0.377998,0.013137,1,
id0097,id0412,crop,down8k,0.319052,0.461669,0.012093,1,
id0097,id0418,crop,down8k,0.419260,0.543529,0.009776,1,
id0097,id0421,crop,down8k,0.278287,0.427550,0.012237,1,
id0097,id0422,crop,down8k,0.304535,0.455836,0.011397,1,
id0097,id0431,crop,down8k,0.329341,0.463926,0.008218,1,
id0097,id0437,crop,down8k,0.342948,0.453884,0.007085,1,
id0097,id0441,crop,down8k,0.214742,0.314653,0.012211,1,
id0097,id0447,crop,down8k,0.318164,0.439759,0.003241,1,
id0097,id0460,crop,down8k,0.265560,0.520378,0.011144,1,
id0097,id0462,crop,down8k,0.316001,0.498411,0.007838,1,
id0097,id0465,crop,down8k,0.230411,0.311751,0.012328,1,
id0097,id0466,crop,down8k,0.302304,0.440670,0.004464,1,
id0097,id0468,crop,down8k,0.406387,0.592356,0.015636,1,
id0097,id0470,crop,down8k,0.368679,0.460914,0.012062,1,
id0097,id0476,crop,down8k,0.288564,0.422029,0.006252,1,
id0097,id0486,crop,down8k,0.302941,0.456974,0.009399,1,
id0097,id0491,crop,down8k,0.257850,0.403292,0.008369,1,
id0097,id0498,crop,down8k,0.277884,0.366472,0.012223,1,
id0100,id0106,crop,down8k,0.312130,0.430812,0.010538,1,
id0100,id0107,crop,down8k,0.373397,0.405549,0.005493,1,
id0100,id0110,crop,down8k,0.247765,0.412820,0.005415,1,
id0100,id0113,crop,down8k,0.218738,0.320511,0.011465,1,
id0100,id0115,crop,down8k,0.276984,0.420063,0.010986,1,
id0100,id0130,crop,down8k,0.345937,0.507005,0.010012,1,
id0100,id0132,crop,down8k,0.278497,0.381382,0.010023,1,
id0100,id0136,crop,down8k,0.294678,0.368343,0.007325,1,
id0100,id0153,crop,down8k,0.333820,0.440807,0.006151,1,
id0100,id0161,crop,down8k,0.217282,0.384523,0.009636,1,
id0100,id0169,crop,down8k,0.254919,0.281023,0.010662,1,
id0100,id0182,crop,down8k,0.281893,0.495457,0.007360,1,
id0100,id0183,crop,down8k,0.461969,0.516667,0.004098,1,
id0100,id0186,crop,down8k,0.234790,0.355841,0.009495,1,
id0100,id0197,crop,down8k,0.309088,0.418728,0.005921,1,
id0100,id0199,crop,down8k,0.325157,0.417823,0.004002,1,
id0100,id0206,crop,down8k,0.381796,0.556074,0.012847,1,
id0100,id0207,crop,down8k,0.283909,0.467134,0.010065,1,
id0100,id0208,crop,down8k,0.282223,0.473089,0.006867,1,
id0100,id0212,crop,down8k,0.384697,0.378950,0.003861,1,
id0100,id0220,crop,down8k,0.303845,0.336018,0.007709,1,
id0100,id0222,crop,down8k,0.283037,0.344525,0.005211,1,
id0100,id0224,crop,down8k,0.240644,0.451587,0.009591,1,
id0100,id0233,crop,down8k,0.396423,0.436098,0.007015,1,
id0100,id0239,crop,down8k,0.316771,0.475602,0.015616,1,
id0100,id0242,crop,down8k,0.324874,0.427382,0.009210,1,
id0100,id0246,crop,down8k,0.311059,0.412394,0.013559,1,
id0100,id0258,crop,down8k,0.251582,0.338414,0.008905,1,
id0100,id0273,crop,down8k,0.290329,0.387591,0.009796,1,
id0100,id0275,crop,down8k,0.308731,0.423406,0.008227,1,
id0100,id0285,crop,down8k,0.277587,0.370717,0.006720,1,
id0100,id0290,crop,down8k,0.358113,0.492182,0.005133,1,
id0100,id0296,crop,down8k,0.339237,0.399365,0.006725,1,
id0100,id0299,crop,down8k,0.251368,0.344980,0.007004,1,
id0100,id0303,crop,down8k,0.279486,0.304294,0.005285,1,
id0100,id0319,crop,down8k,0.311392,0.360262,0.007564,1,
id0100,id0321,crop,down8k,0.305860,0.380272,0.003497,1,
id0100,id0326,crop,down8k,0.332714,0.386166,0.005248,1,
id0100,id0328,crop,down8k,0.300063,0.349752,0.006094,1,
id0100,id0330,crop,down8k,0.280752,0.369482,0.010242,1,
id0100,id0342,crop,down8k,0.242274,0.318490,0.010240,1,
id0100,id0346,crop,down8k,0.240719,0.388785,0.010223,1,
id0100,id0363,crop,down8k,0.350327,0.506473,0.012249,1,
id0100,id0367,crop,down8k,0.302132,0.381117,0.010892,1,
id0100,id0368,crop,down8k,0.264951,0.375736,0.007175,1,
id0100,id0369,crop,down8k,0.303128,0.359319,0.004110,1,
id0100,id0372,crop,down8k,0.282238,0.338322,0.008033,1,
id0100,id0373,crop,down8k,0.339440,0.507792,0.005973,1,
id0100,id0374,crop,down8k,0.483190,0.567272,0.008340,1,
id0100,id0378,crop,down8k,0.261631,0.418625,0.008713,1,
id0100,id0381,crop,down8k,0.265107,0.412980,0.007050,1,
id0100,id0382,crop,down8k,0.300596,0.355272,0.010149,1,
id0100,id0392,crop,down8k,0.261117,0.406749,0.011317,1,
id0100,id0396,crop,down8k,0.307084,0.453930,0.012098,1,
id0100,id0398,crop,down8k,0.284001,0.337734,0.006635,1,
id0100,id0399,crop,down8k,0.317071,0.394339,0.006067,1,
id0100,id0401,crop,down8k,0.321974,0.388794,0.010806,1,
id0100,id0402,crop,down8k,0.209886,0.310710,0.007710,1,
id0100,id0404,crop,down8k,0.230173,0.322104,0.009169,1,
id0100,id0411,crop,down8k,0.335501,0.461034,0.012083,1,
id0100,id0412,crop,down8k,0.245770,0.299700,0.010530,1,
id0100,id0418,crop,down8k,0.304493,0.395866,0.007639,1,
id0100,id0421,crop,down8k,0.279166,0.446184,0.011149,1,
id0100,id0422,crop,down8k,0.214770,0.374901,0.009168,1,
id0100,id0431,crop,down8k,0.208772,0.248072,0.005888,1,
id0100,id0437,crop,down8k,0.332997,0.470903,0.007300,1,
id0100,id0441,crop,down8k,0.248943,0.351759,0.010789,1,
id0100,id0447,crop,down8k,0.392904,0.419394,0.002933,1,
id0100,id0460,crop,down8k,0.247531,0.508508,0.010118,1,
id0100,id0462,crop,down8k,0.285179,0.328276,0.005912,1,
id0100,id0465,crop,down8k,0.282701,0.326872,0.010822,1,
id0100,id0466,crop,down8k,0.350453,0.415334,0.003806,1,
id0100,id0468,crop,down8k,0.294604,0.451461,0.012674,1,
id0100,id0470,crop,down8k,0.198776,0.274733,0.009458,1,
id0100,id0476,crop,down8k,0.338209,0.447278,0.005329,1,
id0100,id0486,crop,down8k,0.363965,0.514747,0.007723,1,
id0100,id0491,crop,down8k,0.309713,0.478652,0.008496,1,
id0100,id0498,crop,down8k,0.358536,0.532501,0.011713,1,
id0106,id0107,crop,down8k,0.454091,0.550209,0.009231,1,
id0106,id0110,crop,down8k,0.377912,0.443864,0.007975,1,
id0106,id0113,crop,down8k,0.268664,0.303559,0.015484,1,
id0106,id0115,crop,down8k,0.363749,0.364433,0.014965,1,
id0106,id0130,crop,down8k,0.390905,0.470953,0.014198,1,
id0106,id0132,crop,down8k,0.377657,0.404878,0.014366,1,
id0106,id0136,crop,down8k,0.245880,0.267093,0.009865,1,
id0106,id0153,crop,down8k,0.413027,0.462405,0.008656,1,
id0106,id0161,crop,down8k,0.352656,0.373096,0.013458,1,
id0106,id0169,crop,down8k,0.312033,0.306731,0.015016,1,
id0106,id0182,crop,down8k,0.439648,0.504684,0.009987,1,
id0106,id0183,crop,down8k,0.466147,0.542581,0.005246,1,
id0106,id0186,crop,down8k,0.292766,0.335799,0.013530,1,
id0106,id0197,crop,down8k,0.412992,0.421758,0.008221,1,
id0106,id0199,crop,down8k,0.374640,0.524247,0.006362,1,
id0106,id0206,crop,down8k,0.420335,0.412630,0.015458,1,
id0106,id0207,crop,down8k,0.350510,0.359396,0.013394,1,
id0106,id0208,crop,down8k,0.392323,0.477205,0.009807,1,
id0106,id0212,crop,down8k,0.464512,0.525110,0.006516,1,
id0106,id0220,crop,down8k,0.383359,0.390143,0.011557,1,
id0106,id0222,crop,down8k,0.371177,0.394440,0.007646,1,
id0106,id0224,crop,down8k,0.370362,0.384885,0.012594,1,
id0106,id0233,crop,down8k,0.445682,0.458458,0.010310,1,
id0106,id0239,crop,down8k,0.437636,0.404350,0.020091,1,
id0106,id0242,crop,down8k,0.369287,0.332339,0.012314,1,
id0106,id0246,crop,down8k,0.416888,0.425582,0.018856,1,
id0106,id0258,crop,down8k,0.346109,0.359136,0.012889,1,
id0106,id0273,crop,down8k,0.388393,0.430150,0.013944,1,
id0106,id0275,crop,down8k,0.405760,0.483240,0.012274,1,
id0106,id0285,crop,down8k,0.257657,0.252230,0.009088,1,
id0106,id0290,crop,down8k,0.498934,0.567458,0.007408,1,
id0106,id0296,crop,down8k,0.390305,0.466767,0.010323,1,
id0106,id0299,crop,down8k,0.327450,0.376702,0.010155,1,
id0106,id0303,crop,down8k,0.437748,0.466337,0.008972,1,
id0106,id0319,crop,down8k,0.390693,0.443788,0.011677,1,
id0106,id0321,crop,down8k,0.467472,0.490376,0.006061,1,
id0106,id0326,crop,down8k,0.325195,0.403366,0.007748,1,
id0106,id0328,crop,down8k,0.380293,0.476225,0.009835,1,
id0106,id0330,crop,down8k,0.406433,0.439432,0.014494,1,
id0106,id0342,crop,down8k,0.322227,0.389580,0.014670,1,
id0106,id0346,crop,down8k,0.282370,0.319688,0.013346,1,
id0106,id0363,crop,down8k,0.320119,0.376103,0.016178,1,
id0106,id0367,crop,down8k,0.407536,0.377696,0.014642,1,
id0106,id0368,crop,down8k,0.325859,0.375777,0.009984,1,
id0106,id0369,crop,down8k,0.374849,0.493850,0.006830,1,
id0106,id0372,crop,down8k,0.436709,0.444997,0.012423,1,
id0106,id0373,crop,down8k,0.445575,0.509883,0.008083,1,
id0106,id0374,crop,down8k,0.564283,0.634279,0.011975,1,
id0106,id0378,crop,down8k,0.401648,0.463772,0.012844,1,
id0106,id0381,crop,down8k,0.386511,0.357718,0.009931,1,
id0106,id0382,crop,down8k,0.274062,0.333792,0.014189,1,
id0106,id0392,crop,down8k,0.380825,0.357511,0.015163,1,
id0106,id0396,crop,down8k,0.305536,0.315419,0.015887,1,
id0106,id0398,crop,down8k,0.313629,0.392985,0.009379,1,
id0106,id0399,crop,down8k,0.401420,0.482190,0.009745,1,
id0106,id0401,crop,down8k,0.408783,0.500692,0.015578,1,
id0106,id0402,crop,down8k,0.323353,0.266373,0.010831,1,
id0106,id0404,crop,down8k,0.315461,0.277429,0.012594,1,
id0106,id0411,crop,down8k,0.358647,0.494866,0.016613,1,
id0106,id0412,crop,down8k,0.285841,0.318314,0.015086,1,
id0106,id0418,crop,down8k,0.440570,0.450172,0.011037,1,
id0106,id0421,crop,down8k,0.347912,0.380249,0.015130,1,
id0106,id0422,crop,down8k,0.250374,0.276930,0.012023,1,
id0106,id0431,crop,down8k,0.303406,0.375512,0.009341,1,
id0106,id0437,crop,down8k,0.531362,0.632109,0.011892,1,
id0106,id0441,crop,down8k,0.374819,0.439620,0.015374,1,
id0106,id0447,crop,down8k,0.449451,0.585275,0.005448,1,
id0106,id0460,crop,down8k,0.311196,0.414172,0.013777,1,
id0106,id0462,crop,down8k,0.235375,0.241032,0.008455,1,
id0106,id0465,crop,down8k,0.357883,0.409959,0.015412,1,
id0106,id0466,crop,down8k,0.405969,0.511598,0.005748,1,
id0106,id0468,crop,down8k,0.314268,0.379619,0.016206,1,
id0106,id0470,crop,down8k,0.325705,0.337358,0.013325,1,
id0106,id0476,crop,down8k,0.395817,0.446536,0.007456,1,
id0106,id0486,crop,down8k,0.320759,0.402173,0.009843,1,
id0106,id0491,crop,down8k,0.461154,0.520890,0.012295,1,
id0106,id0498,crop,down8k,0.430084,0.516877,0.015640,1,
id0107,id0110,crop,down8k,0.316717,0.423477,0.012192,1,
id0107,id0113,crop,down8k,0.385110,0.608703,0.023524,1,
id0107,id0115,crop,down8k,0.420675,0.610863,0.020827,1,
id0107,id0130,crop,down8k,0.367561,0.573263,0.018135,1,
id0107,id0132,crop,down8k,0.366296,0.515964,0.019567,1,
id0107,id0136,crop,down8k,0.364598,0.596453,0.016602,1,
id0107,id0153,crop,down8k,0.224905,0.352475,0.011927,1,
id0107,id0161,crop,down8k,0.315841,0.519121,0.019180,1,
id0107,id0169,crop,down8k,0.336007,0.564390,0.022503,1,
id0107,id0182,crop,down8k,0.317627,0.455985,0.013261,1,
id0107,id0183,crop,down8k,0.383571,0.514325,0.009224,1,
id0107,id0186,crop,down8k,0.336030,0.511459,0.019446,1,
id0107,id0197,crop,down8k,0.351594,0.467679,0.013423,1,
id0107,id0199,crop,down8k,0.300369,0.469489,0.010377,1,
id0107,id0206,crop,down8k,0.657997,0.856040,0.026844,1,
id0107,id0207,crop,down8k,0.467835,0.568783,0.020116,1,
id0107,id0208,crop,down8k,0.310402,0.418984,0.012968,1,
id0107,id0212,crop,down8k,0.305634,0.434358,0.009692,1,
id0107,id0220,crop,down8k,0.258220,0.391884,0.016593,1,
id0107,id0222,crop,down8k,0.337854,0.393912,0.012687,1,
id0107,id0224,crop,down8k,0.453442,0.594890,0.019972,1,
id0107,id0233,crop,down8k,0.364901,0.378201,0.014249,1,
id0107,id0239,crop,down8k,0.582517,0.764910,0.029446,1,
id0107,id0242,crop,down8k,0.429744,0.525680,0.018146,1,
id0107,id0246,crop,down8k,0.471941,0.574491,0.025227,1,
id0107,id0258,crop,down8k,0.280906,0.462402,0.018983,1,
id0107,id0273,crop,down8k,0.329603,0.435654,0.019250,1,
id0107,id0275,crop,down8k,0.271493,0.407170,0.015308,1,
id0107,id0285,crop,down8k,0.416256,0.614062,0.015651,1,
id0107,id0290,crop,down8k,0.321900,0.339971,0.010386,1,
id0107,id0296,crop,down8k,0.250251,0.413613,0.014690,1,
id0107,id0299,crop,down8k,0.307548,0.427019,0.014856,1,
id0107,id0303,crop,down8k,0.314063,0.422057,0.012832,1,
id0107,id0319,crop,down8k,0.353474,0.512644,0.015781,1,
id0107,id0321,crop,down8k,0.283130,0.289345,0.009081,1,
id0107,id0326,crop,down8k,0.384815,0.610038,0.013797,1,
id0107,id0328,crop,down8k,0.303284,0.353985,0.013524,1,
id0107,id0330,crop,down8k,0.326670,0.510591,0.020761,1,
id0107,id0342,crop,down8k,0.384337,0.522207,0.020880,1,
id0107,id0346,crop,down8k,0.445168,0.592353,0.020970,1,
id0107,id0363,crop,down8k,0.492786,0.693839,0.022960,1,
id0107,id0367,crop,down8k,0.538074,0.546892,0.021372,1,
id0107,id0368,crop,down8k,0.294117,0.478583,0.014650,1,
id0107,id0369,crop,down8k,0.250131,0.370332,0.010170,1,
id0107,id0372,crop,down8k,0.428425,0.450029,0.017109,1,
id0107,id0373,crop,down8k,0.408188,0.408271,0.011818,1,
id0107,id0374,crop,down8k,0.287878,0.349131,0.014227,1,
id0107,id0378,crop,down8k,0.364215,0.455885,0.016635,1,
id0107,id0381,crop,down8k,0.420427,0.520760,0.014768,1,
id0107,id0382,crop,down8k,0.383102,0.599678,0.021534,1,
id0107,id0392,crop,down8k,0.420060,0.535516,0.022279,1,
id0107,id0396,crop,down8k,0.451683,0.655225,0.022647,1,
id0107,id0398,crop,down8k,0.419607,0.666480,0.017988,1,
id0107,id0399,crop,down8k,0.245558,0.328721,0.012546,1,
id0107,id0401,crop,down8k,0.343580,0.457164,0.021511,1,
id0107,id0402,crop,down8k,0.389205,0.511240,0.016928,1,
id0107,id0404,crop,down8k,0.433478,0.581951,0.019942,1,
id0107,id0411,crop,down8k,0.379955,0.600671,0.023268,1,
id0107,id0412,crop,down8k,0.363069,0.546309,0.021323,1,
id0107,id0418,crop,down8k,0.474396,0.570768,0.017777,1,
id0107,id0421,crop,down8k,0.372598,0.570470,0.020724,1,
id0107,id0422,crop,down8k,0.394884,0.550346,0.018949,1,
id0107,id0431,crop,down8k,0.380209,0.552618,0.015929,1,
id0107,id0437,crop,down8k,0.386529,0.436930,0.014486,1,
id0107,id0441,crop,down8k,0.326461,0.481285,0.021355,1,
id0107,id0447,crop,down8k,0.256624,0.353142,0.007292,1,
id0107,id0460,crop,down8k,0.356829,0.634105,0.018918,1,
id0107,id0462,crop,down8k,0.322783,0.566918,0.014338,1,
id0107,id0465,crop,down8k,0.305929,0.470980,0.021952,1,
id0107,id0466,crop,down8k,0.252332,0.384178,0.008402,1,
id0107,id0468,crop,down8k,0.495664,0.772439,0.026078,1,
id0107,id0470,crop,down8k,0.422134,0.547087,0.021149,1,
id0107,id0476,crop,down8k,0.252441,0.400371,0.010650,1,
id0107,id0486,crop,down8k,0.348157,0.564571,0.015891,1,
id0107,id0491,crop,down8k,0.318971,0.433274,0.014981,1,
id0107,id0498,crop,down8k,0.341133,0.487361,0.020397,1,
id0110,id0113,crop,down8k,0.310158,0.459507,0.013722,1,
id0110,id0115,crop,down8k,0.318039,0.471951,0.011909,1,
id0110,id0130,crop,down8k,0.333581,0.454606,0.010391,1,
id0110,id0132,crop,down8k,0.296964,0.408683,0.011115,1,
id0110,id0136,crop,down8k,0.334790,0.420977,0.008829,1,
id0110,id0153,crop,down8k,0.244116,0.271003,0.005917,1,
id0110,id0161,crop,down8k,0.246717,0.401094,0.010644,1,
id0110,id0169,crop,down8k,0.282912,0.414573,0.012523,1,
id0110,id0182,crop,down8k,0.194870,0.359112,0.006827,1,
id0110,id0183,crop,down8k,0.461201,0.511725,0.004669,1,
id0110,id0186,crop,down8k,0.244232,0.372420,0.010601,1,
id0110,id0197,crop,down8k,0.299817,0.393458,0.006625,1,
id0110,id0199,crop,down8k,0.327028,0.449628,0.004919,1,
id0110,id0206,crop,down8k,0.472494,0.719747,0.015868,1,
id0110,id0207,crop,down8k,0.299907,0.451237,0.011253,1,
id0110,id0208,crop,down8k,0.229565,0.334010,0.006733,1,
id0110,id0212,crop,down8k,0.333743,0.333479,0.003901,1,
id0110,id0220,crop,down8k,0.237587,0.253326,0.008379,1,
id0110,id0222,crop,down8k,0.256883,0.321325,0.006137,1,
id0110,id0224,crop,down8k,0.276822,0.494867,0.011352,1,
id0110,id0233,crop,down8k,0.361472,0.302855,0.007369,1,
id0110,id0239,crop,down8k,0.413194,0.620985,0.018010,1,
id0110,id0242,crop,down8k,0.305825,0.404246,0.009936,1,
id0110,id0246,crop,down8k,0.306364,0.435955,0.014862,1,
id0110,id0258,crop,down8k,0.211862,0.346873,0.010255,1,
id0110,id0273,crop,down8k,0.227279,0.324145,0.010621,1,
id0110,id0275,crop,down8k,0.276724,0.304162,0.008301,1,
id0110,id0285,crop,down8k,0.307500,0.447868,0.007535,1,
id0110,id0290,crop,down8k,0.287068,0.353092,0.005086,1,
id0110,id0296,crop,down8k,0.312721,0.329245,0.007601,1,
id0110,id0299,crop,down8k,0.214272,0.283690,0.007461,1,
id0110,id0303,crop,down8k,0.287565,0.307360,0.006163,1,
id0110,id0319,crop,down8k,0.298992,0.358121,0.008376,1,
id0110,id0321,crop,down8k,0.270041,0.307207,0.004154,1,
id0110,id0326,crop,down8k,0.370817,0.503642,0.006806,1,
id0110,id0328,crop,down8k,0.273033,0.279079,0.006501,1,
id0110,id0330,crop,down8k,0.228531,0.364284,0.011203,1,
id0110,id0342,crop,down8k,0.282683,0.376249,0.011513,1,
id0110,id0346,crop,down8k,0.270157,0.475882,0.011507,1,
id0110,id0363,crop,down8k,0.375999,0.552023,0.013636,1,
id0110,id0367,crop,down8k,0.356451,0.429584,0.011937,1,
id0110,id0368,crop,down8k,0.276779,0.373389,0.007971,1,
id0110,id0369,crop,down8k,0.262308,0.329354,0.004426,1,
id0110,id0372,crop,down8k,0.319230,0.369734,0.009064,1,
id0110,id0373,crop,down8k,0.298926,0.386555,0.006149,1,
id0110,id0374,crop,down8k,0.379659,0.350266,0.007709,1,
id0110,id0378,crop,down8k,0.228567,0.370063,0.009376,1,
id0110,id0381,crop,down8k,0.286081,0.422970,0.007936,1,
id0110,id0382,crop,down8k,0.321512,0.441569,0.011846,1,
id0110,id0392,crop,down8k,0.275302,0.421383,0.012717,1,
id0110,id0396,crop,down8k,0.381231,0.518640,0.013921,1,
id0110,id0398,crop,down8k,0.359877,0.547483,0.009241,1,
id0110,id0399,crop,down8k,0.249750,0.241935,0.006131,1,
id0110,id0401,crop,down8k,0.268448,0.353848,0.011733,1,
id0110,id0402,crop,down8k,0.232829,0.354387,0.008718,1,
id0110,id0404,crop,down8k,0.311420,0.443177,0.011279,1,
id0110,id0411,crop,down8k,0.296187,0.444416,0.013161,1,
id0110,id0412,crop,down8k,0.289117,0.419764,0.012177,1,
id0110,id0418,crop,down8k,0.317324,0.511589,0.009463,1,
id0110,id0421,crop,down8k,0.259617,0.424461,0.011663,1,
id0110,id0422,crop,down8k,0.250357,0.396110,0.010305,1,
id0110,id0431,crop,down8k,0.316012,0.431168,0.007983,1,
id0110,id0437,crop,down8k,0.276091,0.418640,0.007223,1,
id0110,id0441,crop,down8k,0.240384,0.339925,0.011999,1,
id0110,id0447,crop,down8k,0.375103,0.340329,0.003296,1,
id0110,id0460,crop,down8k,0.255778,0.523815,0.010956,1,
id0110,id0462,crop,down8k,0.321440,0.419099,0.007038,1,
id0110,id0465,crop,down8k,0.263111,0.358683,0.012341,1,
id0110,id0466,crop,down8k,0.321856,0.315420,0.003721,1,
id0110,id0468,crop,down8k,0.391245,0.602559,0.015046,1,
id0110,id0470,crop,down8k,0.310097,0.437459,0.011857,1,
id0110,id0476,crop,down8k,0.267099,0.310168,0.005157,1,
id0110,id0486,crop,down8k,0.343895,0.442591,0.008262,1,
id0110,id0491,crop,down8k,0.227186,0.352850,0.008134,1,
id0110,id0498,crop,down8k,0.283168,0.380685,0.011608,1,
id0113,id0115,crop,down8k,0.234052,0.369797,0.019400,1,
id0113,id0130,crop,down8k,0.349556,0.474407,0.018061,1,
id0113,id0132,crop,down8k,0.287492,0.340056,0.018113,1,
id0113,id0136,crop,down8k,0.239166,0.282546,0.013593,1,
id0113,id0153,crop,down8k,0.357333,0.436371,0.011820,1,
id0113,id0161,crop,down8k,0.258170,0.385563,0.017460,1,
id0113,id0169,crop,down8k,0.222419,0.307310,0.018989,1,
id0113,id0182,crop,down8k,0.376427,0.496675,0.013088,1,
id0113,id0183,crop,down8k,0.507166,0.598708,0.008370,1,
id0113,id0186,crop,down8k,0.242666,0.363711,0.017572,1,
id0113,id0197,crop,down8k,0.347405,0.420033,0.011415,1,
id0113,id0199,crop,down8k,0.375619,0.549949,0.009196,1,
id0113,id0206,crop,down8k,0.364226,0.483731,0.021092,1,
id0113,id0207,crop,down8k,0.300088,0.420929,0.018096,1,
id0113,id0208,crop,down8k,0.328508,0.466225,0.013166,1,
id0113,id0212,crop,down8k,0.421904,0.428327,0.007833,1,
id0113,id0220,crop,down8k,0.302598,0.320420,0.014624,1,
id0113,id0222,crop,down8k,0.296577,0.371993,0.010650,1,
id0113,id0224,crop,down8k,0.313013,0.446881,0.017409,1,
id0113,id0233,crop,down8k,0.437280,0.452196,0.013908,1,
id0113,id0239,crop,down8k,0.324364,0.434841,0.025028,1,
id0113,id0242,crop,down8k,0.393957,0.432502,0.016844,1,
id0113,id0246,crop,down8k,0.297616,0.341346,0.022888,1,
id0113,id0258,crop,down8k,0.287135,0.326734,0.016422,1,
id0113,id0273,crop,down8k,0.332205,0.398333,0.017777,1,
id0113,id0275,crop,down8k,0.304862,0.421341,0.015406,1,
id0113,id0285,crop,down8k,0.272176,0.334823,0.012757,1,
id0113,id0290,crop,down8k,0.407460,0.542350,0.010123,1,
id0113,id0296,crop,down8k,0.300483,0.407015,0.013376,1,
id0113,id0299,crop,down8k,0.231995,0.308303,0.013358,1,
id0113,id0303,crop,down8k,0.335372,0.353524,0.010696,1,
id0113,id0319,crop,down8k,0.310577,0.376440,0.013966,1,
id0113,id0321,crop,down8k,0.372492,0.431323,0.007954,1,
id0113,id0326,crop,down8k,0.325538,0.455812,0.011122,1,
id0113,id0328,crop,down8k,0.357188,0.435453,0.012835,1,
id0113,id0330,crop,down8k,0.302647,0.385427,0.017709,1,
id0113,id0342,crop,down8k,0.254583,0.320828,0.018125,1,
id0113,id0346,crop,down8k,0.253576,0.378447,0.018065,1,
id0113,id0363,crop,down8k,0.325431,0.470538,0.021278,1,
id0113,id0367,crop,down8k,0.313151,0.380358,0.018983,1,
id0113,id0368,crop,down8k,0.294373,0.425585,0.013959,1,
id0113,id0369,crop,down8k,0.329816,0.458725,0.009099,1,
id0113,id0372,crop,down8k,0.297095,0.412123,0.015595,1,
id0113,id0373,crop,down8k,0.411183,0.549812,0.011871,1,
id0113,id0374,crop,down8k,0.500464,0.574310,0.015115,1,
id0113,id0378,crop,down8k,0.341997,0.470881,0.016296,1,
id0113,id0381,crop,down8k,0.324829,0.450963,0.013986,1,
id0113,id0382,crop,down8k,0.212867,0.249853,0.017937,1,
id0113,id0392,crop,down8k,0.325249,0.347804,0.019610,1,
id0113,id0396,crop,down8k,0.321982,0.453263,0.021428,1,
id0113,id0398,crop,down8k,0.262899,0.349928,0.012427,1,
id0113,id0399,crop,down8k,0.364897,0.430245,0.012151,1,
id0113,id0401,crop,down8k,0.333326,0.395908,0.018700,1,
id0113,id0402,crop,down8k,0.231491,0.276849,0.014664,1,
id0113,id0404,crop,down8k,0.181654,0.296286,0.016381,1,
id0113,id0411,crop,down8k,0.306597,0.337083,0.019631,1,
id0113,id0412,crop,down8k,0.214743,0.333761,0.018757,1,
id0113,id0418,crop,down8k,0.322540,0.448660,0.014602,1,
id0113,id0421,crop,down8k,0.328109,0.404691,0.019554,1,
id0113,id0422,crop,down8k,0.224248,0.338170,0.016507,1,
id0113,id0431,crop,down8k,0.237186,0.303470,0.011846,1,
id0113,id0437,crop,down8k,0.438067,0.567543,0.013834,1,
id0113,id0441,crop,down8k,0.269828,0.333546,0.018646,1,
id0113,id0447,crop,down8k,0.444634,0.522781,0.006760,1,
id0113,id0460,crop,down8k,0.258894,0.491440,0.018241,1,
id0113,id0462,crop,down8k,0.256985,0.321152,0.012042,1,
id0113,id0465,crop,down8k,0.286918,0.326744,0.019131,1,
id0113,id0466,crop,down8k,0.350294,0.459185,0.007687,1,
id0113,id0468,crop,down8k,0.200979,0.329249,0.020523,1,
id0113,id0470,crop,down8k,0.197301,0.287252,0.017065,1,
id0113,id0476,crop,down8k,0.386558,0.491601,0.010665,1,
id0113,id0486,crop,down8k,0.357867,0.422081,0.014147,1,
id0113,id0491,crop,down8k,0.381169,0.507131,0.015503,1,
id0113,id0498,crop,down8k,0.388963,0.489925,0.020121,1,
id0115,id0130,crop,down8k,0.323087,0.413301,0.011685,1,
id0115,id0132,crop,down8k,0.256724,0.303036,0.011851,1,
id0115,id0136,crop,down8k,0.293179,0.379532,0.009568,1,
id0115,id0153,crop,down8k,0.316600,0.319277,0.006554,1,
id0115,id0161,crop,down8k,0.210773,0.309579,0.011752,1,
id0115,id0169,crop,down8k,0.310917,0.372423,0.014161,1,
id0115,id0182,crop,down8k,0.324615,0.378058,0.007509,1,
id0115,id0183,crop,down8k,0.476469,0.468996,0.004860,1,
id0115,id0186,crop,down8k,0.267623,0.322719,0.012130,1,
id0115,id0197,crop,down8k,0.281178,0.334226,0.007123,1,
id0115,id0199,crop,down8k,0.385774,0.407319,0.005317,1,
id0115,id0206,crop,down8k,0.392991,0.620160,0.016945,1,
id0115,id0207,crop,down8k,0.272651,0.414690,0.012065,1,
id0115,id0208,crop,down8k,0.281801,0.312694,0.007378,1,
id0115,id0212,crop,down8k,0.479754,0.480660,0.005705,1,
id0115,id0220,crop,down8k,0.337337,0.308146,0.009604,1,
id0115,id0222,crop,down8k,0.290564,0.292747,0.006955,1,
id0115,id0224,crop,down8k,0.320031,0.422684,0.011871,1,
id0115,id0233,crop,down8k,0.412882,0.338054,0.008623,1,
id0115,id0239,crop,down8k,0.335192,0.545994,0.019628,1,
id0115,id0242,crop,down8k,0.330478,0.366557,0.011032,1,
id0115,id0246,crop,down8k,0.275347,0.392884,0.016712,1,
id0115,id0258,crop,down8k,0.310691,0.359750,0.011414,1,
id0115,id0273,crop,down8k,0.354685,0.383554,0.012065,1,
id0115,id0275,crop,down8k,0.299786,0.270659,0.009290,1,
id0115,id0285,crop,down8k,0.281552,0.361060,0.008426,1,
id0115,id0290,crop,down8k,0.391224,0.396487,0.005425,1,
id0115,id0296,crop,down8k,0.326627,0.304848,0.008699,1,
id0115,id0299,crop,down8k,0.228059,0.264027,0.008862,1,
id0115,id0303,crop,down8k,0.355119,0.374284,0.007268,1,
id0115,id0319,crop,down8k,0.360065,0.400122,0.009812,1,
id0115,id0321,crop,down8k,0.359986,0.363903,0.004764,1,
id0115,id0326,crop,down8k,0.363551,0.402775,0.007396,1,
id0115,id0328,crop,down8k,0.359960,0.378061,0.008334,1,
id0115,id0330,crop,down8k,0.358265,0.445652,0.013231,1,
id0115,id0342,crop,down8k,0.316471,0.393675,0.013375,1,
id0115,id0346,crop,down8k,0.257144,0.385856,0.012458,1,
id0115,id0363,crop,down8k,0.320262,0.441378,0.014649,1,
id0115,id0367,crop,down8k,0.287228,0.297118,0.013211,1,
id0115,id0368,crop,down8k,0.287993,0.293286,0.008356,1,
id0115,id0369,crop,down8k,0.347987,0.368207,0.005620,1,
id0115,id0372,crop,down8k,0.296426,0.298751,0.010526,1,
id0115,id0373,crop,down8k,0.312743,0.369210,0.006381,1,
id0115,id0374,crop,down8k,0.499095,0.465261,0.008325,1,
id0115,id0378,crop,down8k,0.301339,0.387155,0.010694,1,
id0115,id0381,crop,down8k,0.269178,0.313109,0.008518,1,
id0115,id0382,crop,down8k,0.302594,0.406547,0.013648,1,
id0115,id0392,crop,down8k,0.293863,0.392152,0.013808,1,
id0115,id0396,crop,down8k,0.286770,0.429577,0.014593,1,
id0115,id0398,crop,down8k,0.383203,0.507976,0.010336,1,
id0115,id0399,crop,down8k,0.374570,0.367687,0.007713,1,
id0115,id0401,crop,down8k,0.379613,0.456453,0.014007,1,
id0115,id0402,crop,down8k,0.215594,0.316481,0.009903,1,
id0115,id0404,crop,down8k,0.249392,0.386859,0.011803,1,
id0115,id0411,crop,down8k,0.340860,0.479142,0.014669,1,
id0115,id0412,crop,down8k,0.263314,0.356998,0.013704,1,
id0115,id0418,crop,down8k,0.287194,0.362074,0.010331,1,
id0115,id0421,crop,down8k,0.245409,0.371032,0.013193,1,
id0115,id0422,crop,down8k,0.259790,0.343154,0.011219,1,
id0115,id0431,crop,down8k,0.304351,0.414757,0.009268,1,
id0115,id0437,crop,down8k,0.405363,0.479373,0.009396,1,
id0115,id0441,crop,down8k,0.279388,0.365232,0.013803,1,
id0115,id0447,crop,down8k,0.454329,0.407623,0.003896,1,
id0115,id0460,crop,down8k,0.228866,0.400335,0.011363,1,
id0115,id0462,crop,down8k,0.305887,0.332911,0.007704,1,
id0115,id0465,crop,down8k,0.356056,0.373545,0.013778,1,
id0115,id0466,crop,down8k,0.346899,0.333735,0.004267,1,
id0115,id0468,crop,down8k,0.321147,0.556323,0.016704,1,
id0115,id0470,crop,down8k,0.297402,0.373389,0.012805,1,
id0115,id0476,crop,down8k,0.353572,0.340922,0.006139,1,
id0115,id0486,crop,down8k,0.364640,0.452289,0.008753,1,
id0115,id0491,crop,down8k,0.317064,0.361206,0.009166,1,
id0115,id0498,crop,down8k,0.345438,0.427359,0.013104,1,
id0130,id0132,crop,down8k,0.244093,0.454075,0.014363,1,
id0130,id0136,crop,down8k,0.306408,0.444678,0.011182,1,
id0130,id0153,crop,down8k,0.333282,0.447391,0.008336,1,
id0130,id0161,crop,down8k,0.307026,0.560353,0.014279,1,
id0130,id0169,crop,down8k,0.373685,0.574587,0.016619,1,
id0130,id0182,crop,down8k,0.351816,0.523417,0.009226,1,
id0130,id0183,crop,down8k,0.510146,0.713133,0.006396,1,
id0130,id0186,crop,down8k,0.348980,0.545190,0.014188,1,
id0130,id0197,crop,down8k,0.372835,0.556583,0.008980,1,
id0130,id0199,crop,down8k,0.458971,0.682644,0.007236,1,
id0130,id0206,crop,down8k,0.471346,0.735069,0.019932,1,
id0130,id0207,crop,down8k,0.304332,0.439635,0.013990,1,
id0130,id0208,crop,down8k,0.232676,0.339928,0.008267,1,
id0130,id0212,crop,down8k,0.435511,0.519625,0.006840,1,
id0130,id0220,crop,down8k,0.292388,0.406661,0.011631,1,
id0130,id0222,crop,down8k,0.320295,0.463567,0.007971,1,
id0130,id0224,crop,down8k,0.390473,0.635917,0.014691,1,
id0130,id0233,crop,down8k,0.375068,0.428418,0.010036,1,
id0130,id0239,crop,down8k,0.495224,0.754301,0.022993,1,
id0130,id0242,crop,down8k,0.372354,0.487323,0.012933,1,
id0130,id0246,crop,down8k,0.330951,0.453527,0.018640,1,
id0130,id0258,crop,down8k,0.307829,0.518168,0.013781,1,
id0130,id0273,crop,down8k,0.310102,0.494849,0.013919,1,
id0130,id0275,crop,down8k,0.208740,0.329462,0.010384,1,
id0130,id0285,crop,down8k,0.371727,0.584161,0.011065,1,
id0130,id0290,crop,down8k,0.449292,0.585122,0.007275,1,
id0130,id0296,crop,down8k,0.256659,0.426202,0.009982,1,
id0130,id0299,crop,down8k,0.265467,0.390740,0.010098,1,
id0130,id0303,crop,down8k,0.337739,0.498771,0.009094,1,
id0130,id0319,crop,down8k,0.345211,0.411656,0.010593,1,
id0130,id0321,crop,down8k,0.348815,0.454906,0.005895,1,
id0130,id0326,crop,down8k,0.443456,0.661917,0.009479,1,
id0130,id0328,crop,down8k,0.412932,0.561971,0.010002,1,
id0130,id0330,crop,down8k,0.368112,0.573840,0.015079,1,
id0130,id0342,crop,down8k,0.356428,0.553567,0.015551,1,
id0130,id0346,crop,down8k,0.340686,0.594838,0.015474,1,
id0130,id0363,crop,down8k,0.319664,0.526400,0.016358,1,
id0130,id0367,crop,down8k,0.438141,0.587963,0.015705,1,
id0130,id0368,crop,down8k,0.298341,0.453896,0.009847,1,
id0130,id0369,crop,down8k,0.432295,0.623692,0.007323,1,
id0130,id0372,crop,down8k,0.448963,0.598154,0.012768,1,
id0130,id0373,crop,down8k,0.417194,0.546315,0.008092,1,
id0130,id0374,crop,down8k,0.370401,0.435906,0.010099,1,
id0130,id0378,crop,down8k,0.328384,0.454442,0.011844,1,
id0130,id0381,crop,down8k,0.354115,0.487861,0.009721,1,
id0130,id0382,crop,down8k,0.295463,0.470334,0.015666,1,
id0130,id0392,crop,down8k,0.319163,0.518137,0.016273,1,
id0130,id0396,crop,down8k,0.382300,0.577950,0.016732,1,
id0130,id0398,crop,down8k,0.511081,0.750849,0.013780,1,
id0130,id0399,crop,down8k,0.266405,0.334705,0.008061,1,
id0130,id0401,crop,down8k,0.358146,0.543763,0.016007,1,
id0130,id0402,crop,down8k,0.303072,0.426393,0.011460,1,
id0130,id0404,crop,down8k,0.327843,0.529327,0.014403,1,
id0130,id0411,crop,down8k,0.303066,0.464909,0.017297,1,
id0130,id0412,crop,down8k,0.346610,0.547803,0.015715,1,
id0130,id0418,crop,down8k,0.425446,0.679013,0.012711,1,
id0130,id0421,crop,down8k,0.206351,0.381066,0.014345,1,
id0130,id0422,crop,down8k,0.308344,0.518540,0.013346,1,
id0130,id0431,crop,down8k,0.403008,0.597636,0.011263,1,
id0130,id0437,crop,down8k,0.482127,0.698584,0.011330,1,
id0130,id0441,crop,down8k,0.264992,0.457147,0.015354,1,
id0130,id0447,crop,down8k,0.432081,0.561038,0.004471,1,
id0130,id0460,crop,down8k,0.205993,0.497937,0.013455,1,
id0130,id0462,crop,down8k,0.364310,0.528081,0.010098,1,
id0130,id0465,crop,down8k,0.326860,0.461433,0.016171,1,
id0130,id0466,crop,down8k,0.378059,0.527960,0.005349,1,
id0130,id0468,crop,down8k,0.399628,0.687679,0.019964,1,
id0130,id0470,crop,down8k,0.415874,0.629909,0.016032,1,
id0130,id0476,crop,down8k,0.341390,0.434207,0.006297,1,
id0130,id0486,crop,down8k,0.288027,0.376517,0.010495,1,
id0130,id0491,crop,down8k,0.328545,0.522644,0.010901,1,
id0130,id0498,crop,down8k,0.211044,0.356669,0.014093,1,
id0132,id0136,crop,down8k,0.327843,0.396034,0.014212,1,
id0132,id0153,crop,down8k,0.294654,0.309604,0.010589,1,
id0132,id0161,crop,down8k,0.250696,0.373484,0.016802,1,
id0132,id0169,crop,down8k,0.369265,0.415268,0.019681,1,
id0132,id0182,crop,down8k,0.318556,0.402208,0.011717,1,
id0132,id0183,crop,down8k,0.452260,0.566369,0.007381,1,
id0132,id0186,crop,down8k,0.272768,0.399074,0.017119,1,
id0132,id0197,crop,down8k,0.327468,0.412503,0.010932,1,
id0132,id0199,crop,down8k,0.426519,0.542376,0.008567,1,
id0132,id0206,crop,down8k,0.420136,0.606701,0.022918,1,
id0132,id0207,crop,down8k,0.252130,0.384498,0.017330,1,
id0132,id0208,crop,down8k,0.246159,0.304222,0.011466,1,
id0132,id0212,crop,down8k,0.469247,0.393783,0.008446,1,
id0132,id0220,crop,down8k,0.295128,0.269329,0.014124,1,
id0132,id0222,crop,down8k,0.321969,0.320057,0.010500,1,
id0132,id0224,crop,down8k,0.344766,0.459264,0.017418,1,
id0132,id0233,crop,down8k,0.311383,0.312959,0.012907,1,
id0132,id0239,crop,down8k,0.439543,0.581014,0.026223,1,
id0132,id0242,crop,down8k,0.300150,0.390764,0.016092,1,
id0132,id0246,crop,down8k,0.292914,0.341110,0.022558,1,
id0132,id0258,crop,down8k,0.282999,0.331314,0.016399,1,
id0132,id0273,crop,down8k,0.257216,0.334613,0.017097,1,
id0132,id0275,crop,down8k,0.269950,0.299402,0.013683,1,
id0132,id0285,crop,down8k,0.314647,0.456487,0.013076,1,
id0132,id0290,crop,down8k,0.378622,0.411134,0.008827,1,
id0132,id0296,crop,down8k,0.281953,0.357429,0.012703,1,
id0132,id0299,crop,down8k,0.245362,0.274403,0.013212,1,
id0132,id0303,crop,down8k,0.284289,0.357030,0.010644,1,
id0132,id0319,crop,down8k,0.387588,0.393736,0.013858,1,
id0132,id0321,crop,down8k,0.299479,0.268430,0.007210,1,
id0132,id0326,crop,down8k,0.415573,0.544458,0.011362,1,
id0132,id0328,crop,down8k,0.333034,0.380279,0.012249,1,
id0132,id0330,crop,down8k,0.375186,0.453991,0.018722,1,
id0132,id0342,crop,down8k,0.315689,0.409616,0.018631,1,
id0132,id0346,crop,down8k,0.285733,0.412593,0.017827,1,
id0132,id0363,crop,down8k,0.286592,0.482604,0.020527,1,
id0132,id0367,crop,down8k,0.347437,0.410569,0.018721,1,
id0132,id0368,crop,down8k,0.296998,0.385205,0.012652,1,
id0132,id0369,crop,down8k,0.371616,0.441067,0.008871,1,
id0132,id0372,crop,down8k,0.417602,0.412907,0.015000,1,
id0132,id0373,crop,down8k,0.316343,0.431960,0.010250,1,
id0132,id0374,crop,down8k,0.419974,0.367277,0.012585,1,
id0132,id0378,crop,down8k,0.293555,0.368091,0.015142,1,
id0132,id0381,crop,down8k,0.340292,0.414801,0.012833,1,
id0132,id0382,crop,down8k,0.280951,0.343168,0.018898,1,
id0132,id0392,crop,down8k,0.235875,0.336015,0.019296,1,
id0132,id0396,crop,down8k,0.291879,0.494740,0.020076,1,
id0132,id0398,crop,down8k,0.442944,0.552911,0.014640,1,
id0132,id0399,crop,down8k,0.275127,0.292154,0.011215,1,
id0132,id0401,crop,down8k,0.341375,0.371629,0.019125,1,
id0132,id0402,crop,down8k,0.279107,0.303954,0.014627,1,
id0132,id0404,crop,down8k,0.300512,0.414604,0.017189,1,
id0132,id0411,crop,down8k,0.314538,0.381724,0.020537,1,
id0132,id0412,crop,down8k,0.309553,0.409493,0.018564,1,
id0132,id0418,crop,down8k,0.382016,0.484580,0.015092,1,
id0132,id0421,crop,down8k,0.224396,0.348810,0.018475,1,
id0132,id0422,crop,down8k,0.276335,0.398632,0.016539,1,
id0132,id0431,crop,down8k,0.366501,0.449157,0.013071,1,
id0132,id0437,crop,down8k,0.422602,0.507930,0.013281,1,
id0132,id0441,crop,down8k,0.277428,0.346043,0.019023,1,
id0132,id0447,crop,down8k,0.425908,0.468509,0.005849,1,
id0132,id0460,crop,down8k,0.221807,0.431581,0.016609,1,
id0132,id0462,crop,down8k,0.303353,0.416304,0.011851,1,
id0132,id0465,crop,down8k,0.314764,0.306704,0.019061,1,
id0132,id0466,crop,down8k,0.381822,0.439980,0.007243,1,
id0132,id0468,crop,down8k,0.365926,0.540221,0.022774,1,
id0132,id0470,crop,down8k,0.363839,0.412374,0.017906,1,
id0132,id0476,crop,down8k,0.354196,0.399315,0.009460,1,
id0132,id0486,crop,down8k,0.267207,0.339345,0.013342,1,
id0132,id0491,crop,down8k,0.291009,0.400778,0.013504,1,
id0132,id0498,crop,down8k,0.292322,0.338459,0.018438,1,
id0136,id0153,crop,down8k,0.375625,0.480369,0.012521,1,
id0136,id0161,crop,down8k,0.295263,0.512571,0.019195,1,
id0136,id0169,crop,down8k,0.284364,0.430361,0.020762,1,
id0136,id0182,crop,down8k,0.392730,0.564082,0.013710,1,
id0136,id0183,crop,down8k,0.482447,0.623364,0.008866,1,
id0136,id0186,crop,down8k,0.309905,0.464686,0.018733,1,
id0136,id0197,crop,down8k,0.376193,0.460971,0.012365,1,
id0136,id0199,crop,down8k,0.360567,0.581008,0.009905,1,
id0136,id0206,crop,down8k,0.441859,0.595898,0.022473,1,
id0136,id0207,crop,down8k,0.345672,0.459768,0.018903,1,
id0136,id0208,crop,down8k,0.330841,0.462105,0.013245,1,
id0136,id0212,crop,down8k,0.379092,0.437292,0.009038,1,
id0136,id0220,crop,down8k,0.300351,0.361734,0.015886,1,
id0136,id0222,crop,down8k,0.317272,0.391601,0.011322,1,
id0136,id0224,crop,down8k,0.397653,0.572988,0.018513,1,
id0136,id0233,crop,down8k,0.433041,0.488859,0.014707,1,
id0136,id0239,crop,down8k,0.442633,0.604700,0.027297,1,
id0136,id0242,crop,down8k,0.398616,0.484209,0.017806,1,
id0136,id0246,crop,down8k,0.347872,0.441757,0.024621,1,
id0136,id0258,crop,down8k,0.323088,0.427186,0.018226,1,
id0136,id0273,crop,down8k,0.364297,0.480309,0.018887,1,
id0136,id0275,crop,down8k,0.305378,0.426355,0.016061,1,
id0136,id0285,crop,down8k,0.273611,0.409817,0.013980,1,
id0136,id0290,crop,down8k,0.469948,0.602281,0.010894,1,
id0136,id0296,crop,down8k,0.291889,0.383119,0.014303,1,
id0136,id0299,crop,down8k,0.237999,0.345078,0.013982,1,
id0136,id0303,crop,down8k,0.340394,0.387608,0.012103,1,
id0136,id0319,crop,down8k,0.275924,0.342175,0.014870,1,
id0136,id0321,crop,down8k,0.419227,0.455440,0.008911,1,
id0136,id0326,crop,down8k,0.283377,0.481825,0.011877,1,
id0136,id0328,crop,down8k,0.399262,0.506892,0.014343,1,
id0136,id0330,crop,down8k,0.332330,0.449178,0.019214,1,
id0136,id0342,crop,down8k,0.289520,0.419637,0.019515,1,
id0136,id0346,crop,down8k,0.327468,0.513604,0.019519,1,
id0136,id0363,crop,down8k,0.311094,0.522030,0.021649,1,
id0136,id0367,crop,down8k,0.408463,0.507090,0.020016,1,
id0136,id0368,crop,down8k,0.255206,0.441258,0.014066,1,
id0136,id0369,crop,down8k,0.337324,0.509549,0.010406,1,
id0136,id0372,crop,down8k,0.382124,0.509660,0.017237,1,
id0136,id0373,crop,down8k,0.446686,0.574447,0.012072,1,
id0136,id0374,crop,down8k,0.490074,0.574684,0.015786,1,
id0136,id0378,crop,down8k,0.351718,0.516902,0.017099,1,
id0136,id0381,crop,down8k,0.357840,0.470991,0.014137,1,
id0136,id0382,crop,down8k,0.270395,0.333817,0.019980,1,
id0136,id0392,crop,down8k,0.381689,0.464298,0.021205,1,
id0136,id0396,crop,down8k,0.329909,0.525897,0.022070,1,
id0136,id0398,crop,down8k,0.324225,0.467029,0.014727,1,
id0136,id0399,crop,down8k,0.353879,0.392480,0.012827,1,
id0136,id0401,crop,down8k,0.393476,0.500756,0.020726,1,
id0136,id0402,crop,down8k,0.268442,0.344076,0.015568,1,
id0136,id0404,crop,down8k,0.266355,0.365087,0.017753,1,
id0136,id0411,crop,down8k,0.316782,0.385386,0.021548,1,
id0136,id0412,crop,down8k,0.264668,0.402043,0.020510,1,
id0136,id0418,crop,down8k,0.393415,0.562922,0.016061,1,
id0136,id0421,crop,down8k,0.298324,0.433322,0.020305,1,
id0136,id0422,crop,down8k,0.256559,0.421136,0.017187,1,
id0136,id0431,crop,down8k,0.261734,0.356298,0.013635,1,
id0136,id0437,crop,down8k,0.499855,0.668546,0.015842,1,
id0136,id0441,crop,down8k,0.289974,0.403335,0.020091,1,
id0136,id0447,crop,down8k,0.387035,0.492629,0.007310,1,
id0136,id0460,crop,down8k,0.264918,0.556044,0.018821,1,
id0136,id0462,crop,down8k,0.210186,0.352143,0.013081,1,
id0136,id0465,crop,down8k,0.312958,0.394430,0.020869,1,
id0136,id0466,crop,down8k,0.312550,0.441446,0.008062,1,
id0136,id0468,crop,down8k,0.280806,0.466518,0.022846,1,
id0136,id0470,crop,down8k,0.299260,0.447308,0.018960,1,
id0136,id0476,crop,down8k,0.331873,0.459860,0.010529,1,
id0136,id0486,crop,down8k,0.345185,0.401288,0.014708,1,
id0136,id0491,crop,down8k,0.405673,0.569793,0.016332,1,
id0136,id0498,crop,down8k,0.367741,0.483669,0.020506,1,
id0153,id0161,crop,down8k,0.255279,0.475519,0.027371,1,
id0153,id0169,crop,down8k,0.347720,0.566132,0.032065,1,
id0153,id0182,crop,down8k,0.210087,0.354856,0.019009,1,
id0153,id0183,crop,down8k,0.342825,0.567882,0.014526,1,
id0153,id0186,crop,down8k,0.260809,0.478149,0.028040,1,
id0153,id0197,crop,down8k,0.288512,0.476233,0.019750,1,
id0153,id0199,crop,down8k,0.310012,0.558375,0.016587,1,
id0153,id0206,crop,down8k,0.576520,0.823379,0.036074,1,
id0153,id0207,crop,down8k,0.350796,0.468764,0.028272,1,
id0153,id0208,crop,down8k,0.217870,0.374109,0.019342,1,
id0153,id0212,crop,down8k,0.371633,0.498568,0.015444,1,
id0153,id0220,crop,down8k,0.247627,0.371801,0.024519,1,
id0153,id0222,crop,down8k,0.289048,0.442760,0.019287,1,
id0153,id0224,crop,down8k,0.345030,0.517406,0.027688,1,
id0153,id0233,crop,down8k,0.248839,0.312686,0.021632,1,
id0153,id0239,crop,down8k,0.517218,0.714384,0.039615,1,
id0153,id0242,crop,down8k,0.304116,0.443629,0.025890,1,
id0153,id0246,crop,down8k,0.410485,0.548958,0.035503,1,
id0153,id0258,crop,down8k,0.218569,0.432481,0.027355,1,
id0153,id0273,crop,down8k,0.237810,0.382231,0.027392,1,
id0153,id0275,crop,down8k,0.254249,0.405830,0.022973,1,
id0153,id0285,crop,down8k,0.335914,0.582240,0.022754,1,
id0153,id0290,crop,down8k,0.229677,0.319648,0.015886,1,
id0153,id0296,crop,down8k,0.277264,0.472181,0.022324,1,
id0153,id0299,crop,down8k,0.247382,0.419798,0.022124,1,
id0153,id0303,crop,down8k,0.307223,0.496812,0.019805,1,
id0153,id0319,crop,down8k,0.385832,0.552392,0.023812,1,
id0153,id0321,crop,down8k,0.215136,0.359505,0.014954,1,
id0153,id0326,crop,down8k,0.406616,0.677076,0.021137,1,
id0153,id0328,crop,down8k,0.234319,0.380953,0.021030,1,
id0153,id0330,crop,down8k,0.313606,0.483131,0.029257,1,
id0153,id0342,crop,down8k,0.352313,0.513162,0.029810,1,
id0153,id0346,crop,down8k,0.328882,0.543733,0.029180,1,
id0153,id0363,crop,down8k,0.395870,0.625172,0.032038,1,
id0153,id0367,crop,down8k,0.437294,0.537242,0.030014,1,
id0153,id0368,crop,down8k,0.283593,0.478125,0.021598,1,
id0153,id0369,crop,down8k,0.247783,0.459759,0.016565,1,
id0153,id0372,crop,down8k,0.410423,0.510153,0.025436,1,
id0153,id0373,crop,down8k,0.271225,0.352095,0.017748,1,
id0153,id0374,crop,down8k,0.273860,0.263451,0.020787,1,
id0153,id0378,crop,down8k,0.298834,0.432798,0.024693,1,
id0153,id0381,crop,down8k,0.323818,0.497242,0.022018,1,
id0153,id0382,crop,down8k,0.360192,0.605243,0.030987,1,
id0153,id0392,crop,down8k,0.304850,0.461862,0.030810,1,
id0153,id0396,crop,down8k,0.353046,0.587253,0.031570,1,
id0153,id0398,crop,down8k,0.454532,0.732250,0.026137,1,
id0153,id0399,crop,down8k,0.194113,0.346327,0.019713,1,
id0153,id0401,crop,down8k,0.310802,0.442257,0.030492,1,
id0153,id0402,crop,down8k,0.319486,0.479220,0.024750,1,
id0153,id0404,crop,down8k,0.381713,0.572713,0.028401,1,
id0153,id0411,crop,down8k,0.342936,0.573126,0.032358,1,
id0153,id0412,crop,down8k,0.342443,0.591356,0.030867,1,
id0153,id0418,crop,down8k,0.411169,0.629321,0.026123,1,
id0153,id0421,crop,down8k,0.297618,0.513502,0.029396,1,
id0153,id0422,crop,down8k,0.287749,0.479849,0.026558,1,
id0153,id0431,crop,down8k,0.375653,0.641799,0.024065,1,
id0153,id0437,crop,down8k,0.343120,0.474812,0.022142,1,
id0153,id0441,crop,down8k,0.288877,0.480249,0.030254,1,
id0153,id0447,crop,down8k,0.301554,0.503002,0.012636,1,
id0153,id0460,crop,down8k,0.264015,0.560703,0.026893,1,
id0153,id0462,crop,down8k,0.318085,0.577431,0.021727,1,
id0153,id0465,crop,down8k,0.292938,0.495149,0.031293,1,
id0153,id0466,crop,down8k,0.261824,0.448355,0.013457,1,
id0153,id0468,crop,down8k,0.471986,0.751604,0.035532,1,
id0153,id0470,crop,down8k,0.403696,0.577932,0.029936,1,
id0153,id0476,crop,down8k,0.212282,0.377858,0.016278,1,
id0153,id0486,crop,down8k,0.271331,0.475471,0.022696,1,
id0153,id0491,crop,down8k,0.207745,0.359658,0.021767,1,
id0153,id0498,crop,down8k,0.292147,0.400990,0.028553,1,
id0161,id0169,crop,down8k,0.268786,0.341211,0.023604,1,
id0161,id0182,crop,down8k,0.249710,0.313657,0.014035,1,
id0161,id0183,crop,down8k,0.409360,0.495783,0.009775,1,
id0161,id0186,crop,down8k,0.210981,0.292112,0.020679,1,
id0161,id0197,crop,down8k,0.250565,0.372233,0.014019,1,
id0161,id0199,crop,down8k,0.310345,0.459366,0.011104,1,
id0161,id0206,crop,down8k,0.454134,0.594483,0.026735,1,
id0161,id0207,crop,down8k,0.280372,0.398063,0.021227,1,
id0161,id0208,crop,down8k,0.237416,0.349830,0.014169,1,
id0161,id0212,crop,down8k,0.400008,0.412610,0.010349,1,
id0161,id0220,crop,down8k,0.279107,0.288993,0.017984,1,
id0161,id0222,crop,down8k,0.274923,0.333120,0.013407,1,
id0161,id0224,crop,down8k,0.286511,0.355651,0.020293,1,
id0161,id0233,crop,down8k,0.369239,0.313184,0.015757,1,
id0161,id0239,crop,down8k,0.367052,0.470093,0.030108,1,
id0161,id0242,crop,down8k,0.281792,0.298811,0.018908,1,
id0161,id0246,crop,down8k,0.314627,0.385210,0.027157,1,
id0161,id0258,crop,down8k,0.240424,0.262490,0.019906,1,
id0161,id0273,crop,down8k,0.299516,0.300633,0.020844,1,
id0161,id0275,crop,down8k,0.253630,0.359569,0.017230,1,
id0161,id0285,crop,down8k,0.265510,0.354362,0.015997,1,
id0161,id0290,crop,down8k,0.322268,0.360562,0.011251,1,
id0161,id0296,crop,down8k,0.277122,0.395873,0.016080,1,
id0161,id0299,crop,down8k,0.228383,0.306374,0.016124,1,
id0161,id0303,crop,down8k,0.288099,0.368320,0.013970,1,
id0161,id0319,crop,down8k,0.336119,0.430916,0.017296,1,
id0161,id0321,crop,down8k,0.291330,0.352711,0.010189,1,
id0161,id0326,crop,down8k,0.338163,0.481139,0.014663,1,
id0161,id0328,crop,down8k,0.273917,0.282151,0.014741,1,
id0161,id0330,crop,down8k,0.299680,0.390727,0.021940,1,
id0161,id0342,crop,down8k,0.280419,0.372651,0.022378,1,
id0161,id0346,crop,down8k,0.259759,0.342465,0.021701,1,
id0161,id0363,crop,down8k,0.340536,0.462719,0.024498,1,
id0161,id0367,crop,down8k,0.327150,0.329421,0.022415,1,
id0161,id0368,crop,down8k,0.229341,0.344566,0.015704,1,
id0161,id0369,crop,down8k,0.282142,0.364088,0.011550,1,
id0161,id0372,crop,down8k,0.304895,0.333139,0.018932,1,
id0161,id0373,crop,down8k,0.285423,0.375735,0.012601,1,
id0161,id0374,crop,down8k,0.424694,0.424819,0.015901,1,
id0161,id0378,crop,down8k,0.229237,0.330578,0.018173,1,
id0161,id0381,crop,down8k,0.268287,0.363388,0.016026,1,
id0161,id0382,crop,down8k,0.306225,0.400589,0.022827,1,
id0161,id0392,crop,down8k,0.240400,0.299496,0.023130,1,
id0161,id0396,crop,down8k,0.288882,0.417452,0.024165,1,
id0161,id0398,crop,down8k,0.370674,0.505102,0.018199,1,
id0161,id0399,crop,down8k,0.299701,0.354726,0.014208,1,
id0161,id0401,crop,down8k,0.316914,0.350082,0.022527,1,
id0161,id0402,crop,down8k,0.217735,0.294820,0.017800,1,
id0161,id0404,crop,down8k,0.288604,0.404794,0.020839,1,
id0161,id0411,crop,down8k,0.324423,0.465990,0.024369,1,
id0161,id0412,crop,down8k,0.255116,0.366877,0.023115,1,
id0161,id0418,crop,down8k,0.321089,0.427050,0.018665,1,
id0161,id0421,crop,down8k,0.228201,0.352167,0.022283,1,
id0161,id0422,crop,down8k,0.238974,0.324809,0.019687,1,
id0161,id0431,crop,down8k,0.290943,0.442105,0.016820,1,
id0161,id0437,crop,down8k,0.312365,0.404564,0.016011,1,
id0161,id0441,crop,down8k,0.238724,0.342712,0.022483,1,
id0161,id0447,crop,down8k,0.361344,0.456809,0.008304,1,
id0161,id0460,crop,down8k,0.227916,0.421428,0.020525,1,
id0161,id0462,crop,down8k,0.286046,0.374264,0.015309,1,
id0161,id0465,crop,down8k,0.295465,0.356623,0.023341,1,
id0161,id0466,crop,down8k,0.301052,0.417672,0.009347,1,
id0161,id0468,crop,down8k,0.342881,0.521918,0.026468,1,
id0161,id0470,crop,down8k,0.298746,0.366059,0.022123,1,
id0161,id0476,crop,down8k,0.260110,0.335761,0.011300,1,
id0161,id0486,crop,down8k,0.334576,0.429852,0.016667,1,
id0161,id0491,crop,down8k,0.250825,0.315378,0.016466,1,
id0161,id0498,crop,down8k,0.309988,0.380239,0.021938,1,
id0169,id0182,crop,down8k,0.363158,0.446051,0.011244,1,
id0169,id0183,crop,down8k,0.495954,0.567559,0.007784,1,
id0169,id0186,crop,down8k,0.250719,0.341404,0.015848,1,
id0169,id0197,crop,down8k,0.332562,0.433744,0.010648,1,
id0169,id0199,crop,down8k,0.299983,0.483263,0.007891,1,
id0169,id0206,crop,down8k,0.452671,0.577596,0.020896,1,
id0169,id0207,crop,down8k,0.345146,0.425054,0.016908,1,
id0169,id0208,crop,down8k,0.329802,0.457347,0.011517,1,
id0169,id0212,crop,down8k,0.325289,0.351407,0.006720,1,
id0169,id0220,crop,down8k,0.288065,0.299375,0.013321,1,
id0169,id0222,crop,down8k,0.271629,0.374856,0.009827,1,
id0169,id0224,crop,down8k,0.309400,0.430225,0.015877,1,
id0169,id0233,crop,down8k,0.442293,0.395420,0.012373,1,
id0169,id0239,crop,down8k,0.350549,0.456433,0.023880,1,
id0169,id0242,crop,down8k,0.385366,0.406482,0.015277,1,
id0169,id0246,crop,down8k,0.300613,0.369203,0.021477,1,
id0169,id0258,crop,down8k,0.264319,0.303499,0.015192,1,
id0169,id0273,crop,down8k,0.321998,0.335623,0.016130,1,
id0169,id0275,crop,down8k,0.290937,0.403696,0.013786,1,
id0169,id0285,crop,down8k,0.302528,0.364327,0.011643,1,
id0169,id0290,crop,down8k,0.394913,0.472131,0.008812,1,
id0169,id0296,crop,down8k,0.311258,0.419440,0.012356,1,
id0169,id0299,crop,down8k,0.234042,0.309424,0.012044,1,
id0169,id0303,crop,down8k,0.324147,0.311615,0.009616,1,
id0169,id0319,crop,down8k,0.285033,0.366818,0.012633,1,
id0169,id0321,crop,down8k,0.370307,0.404476,0.007356,1,
id0169,id0326,crop,down8k,0.314916,0.463063,0.010254,1,
id0169,id0328,crop,down8k,0.324378,0.335406,0.011166,1,
id0169,id0330,crop,down8k,0.251613,0.316884,0.016209,1,
id0169,id0342,crop,down8k,0.232479,0.277751,0.016697,1,
id0169,id0346,crop,down8k,0.264931,0.388988,0.016892,1,
id0169,id0363,crop,down8k,0.357760,0.494869,0.019660,1,
id0169,id0367,crop,down8k,0.363148,0.394637,0.017497,1,
id0169,id0368,crop,down8k,0.252330,0.393637,0.012364,1,
id0169,id0369,crop,down8k,0.306022,0.399477,0.008196,1,
id0169,id0372,crop,down8k,0.299686,0.385073,0.014280,1,
id0169,id0373,crop,down8k,0.412478,0.498418,0.010225,1,
id0169,id0374,crop,down8k,0.457426,0.513158,0.013280,1,
id0169,id0378,crop,down8k,0.327663,0.405471,0.014434,1,
id0169,id0381,crop,down8k,0.329945,0.443922,0.012689,1,
id0169,id0382,crop,down8k,0.280668,0.337123,0.017313,1,
id0169,id0392,crop,down8k,0.333907,0.360930,0.018493,1,
id0169,id0396,crop,down8k,0.373885,0.457130,0.019956,1,
id0169,id0398,crop,down8k,0.289650,0.403067,0.012059,1,
id0169,id0399,crop,down8k,0.345471,0.363284,0.010766,1,
id0169,id0401,crop,down8k,0.258901,0.310040,0.016955,1,
id0169,id0402,crop,down8k,0.252700,0.299445,0.013489,1,
id0169,id0404,crop,down8k,0.258244,0.327060,0.015595,1,
id0169,id0411,crop,down8k,0.316268,0.382430,0.018479,1,
id0169,id0412,crop,down8k,0.248186,0.358243,0.017936,1,
id0169,id0418,crop,down8k,0.386024,0.487527,0.013834,1,
id0169,id0421,crop,down8k,0.313097,0.420493,0.018166,1,
id0169,id0422,crop,down8k,0.256349,0.341523,0.015169,1,
id0169,id0431,crop,down8k,0.220804,0.329866,0.011294,1,
id0169,id0437,crop,down8k,0.396121,0.467978,0.012071,1,
id0169,id0441,crop,down8k,0.238044,0.303329,0.017230,1,
id0169,id0447,crop,down8k,0.397070,0.459802,0.005785,1,
id0169,id0460,crop,down8k,0.294285,0.515186,0.016753,1,
id0169,id0462,crop,down8k,0.304396,0.363663,0.011236,1,
id0169,id0465,crop,down8k,0.235761,0.317674,0.017913,1,
id0169,id0466,crop,down8k,0.324389,0.432934,0.006750,1,
id0169,id0468,crop,down8k,0.308982,0.423361,0.019904,1,
id0169,id0470,crop,down8k,0.235393,0.318966,0.016262,1,
id0169,id0476,crop,down8k,0.353175,0.445831,0.009172,1,
id0169,id0486,crop,down8k,0.392350,0.456177,0.013068,1,
id0169,id0491,crop,down8k,0.363481,0.447470,0.013576,1,
id0169,id0498,crop,down8k,0.359111,0.476064,0.018212,1,
id0182,id0183,crop,down8k,0.440595,0.496543,0.007116,1,
id0182,id0186,crop,down8k,0.271680,0.414104,0.015247,1,
id0182,id0197,crop,down8k,0.328952,0.435717,0.010437,1,
id0182,id0199,crop,down8k,0.337526,0.434038,0.007727,1,
id0182,id0206,crop,down8k,0.542993,0.805141,0.022263,1,
id0182,id0207,crop,down8k,0.341938,0.499182,0.016013,1,
id0182,id0208,crop,down8k,0.220455,0.367199,0.009445,1,
id0182,id0212,crop,down8k,0.380124,0.413482,0.007129,1,
id0182,id0220,crop,down8k,0.270457,0.331159,0.012946,1,
id0182,id0222,crop,down8k,0.303335,0.385779,0.009870,1,
id0182,id0224,crop,down8k,0.308300,0.515979,0.015400,1,
id0182,id0233,crop,down8k,0.329672,0.302594,0.010582,1,
id0182,id0239,crop,down8k,0.464826,0.684875,0.024228,1,
id0182,id0242,crop,down8k,0.319188,0.428326,0.013749,1,
id0182,id0246,crop,down8k,0.384937,0.544543,0.021019,1,
id0182,id0258,crop,down8k,0.249929,0.419212,0.015071,1,
id0182,id0273,crop,down8k,0.258716,0.368401,0.015073,1,
id0182,id0275,crop,down8k,0.282723,0.361050,0.011936,1,
id0182,id0285,crop,down8k,0.378713,0.491365,0.011596,1,
id0182,id0290,crop,down8k,0.242371,0.294233,0.007324,1,
id0182,id0296,crop,down8k,0.347494,0.406174,0.011640,1,
id0182,id0299,crop,down8k,0.282774,0.359461,0.011259,1,
id0182,id0303,crop,down8k,0.308566,0.393776,0.010021,1,
id0182,id0319,crop,down8k,0.346815,0.450320,0.012578,1,
id0182,id0321,crop,down8k,0.267628,0.368873,0.007291,1,
id0182,id0326,crop,down8k,0.428306,0.541521,0.010591,1,
id0182,id0328,crop,down8k,0.284820,0.310009,0.010172,1,
id0182,id0330,crop,down8k,0.273147,0.402561,0.016208,1,
id0182,id0342,crop,down8k,0.338326,0.451019,0.016755,1,
id0182,id0346,crop,down8k,0.333379,0.535702,0.016660,1,
id0182,id0363,crop,down8k,0.407268,0.595393,0.018131,1,
id0182,id0367,crop,down8k,0.397063,0.486357,0.016956,1,
id0182,id0368,crop,down8k,0.292181,0.384797,0.010913,1,
id0182,id0369,crop,down8k,0.288154,0.327003,0.007540,1,
id0182,id0372,crop,down8k,0.360329,0.424051,0.013845,1,
id0182,id0373,crop,down8k,0.293153,0.335352,0.008370,1,
id0182,id0374,crop,down8k,0.345451,0.348001,0.010624,1,
id0182,id0378,crop,down8k,0.226487,0.393501,0.012880,1,
id0182,id0381,crop,down8k,0.286073,0.440146,0.011359,1,
id0182,id0382,crop,down8k,0.413366,0.563954,0.017620,1,
id0182,id0392,crop,down8k,0.305824,0.490036,0.017894,1,
id0182,id0396,crop,down8k,0.375636,0.555519,0.018285,1,
id0182,id0398,crop,down8k,0.459468,0.628503,0.014819,1,
id0182,id0399,crop,down8k,0.264513,0.298425,0.009591,1,
id0182,id0401,crop,down8k,0.335385,0.440934,0.017341,1,
id0182,id0402,crop,down8k,0.293039,0.433564,0.013076,1,
id0182,id0404,crop,down8k,0.369478,0.520338,0.016285,1,
id0182,id0411,crop,down8k,0.370471,0.554755,0.018611,1,
id0182,id0412,crop,down8k,0.357058,0.505923,0.017690,1,
id0182,id0418,crop,down8k,0.364104,0.566367,0.014489,1,
id0182,id0421,crop,down8k,0.290488,0.494492,0.016186,1,
id0182,id0422,crop,down8k,0.262052,0.430960,0.014339,1,
id0182,id0431,crop,down8k,0.383979,0.532581,0.013163,1,
id0182,id0437,crop,down8k,0.266531,0.408670,0.011165,1,
id0182,id0441,crop,down8k,0.278938,0.438240,0.017165,1,
id0182,id0447,crop,down8k,0.356610,0.341136,0.005336,1,
id0182,id0460,crop,down8k,0.248296,0.555071,0.014732,1,
id0182,id0462,crop,down8k,0.375730,0.481578,0.011110,1,
id0182,id0465,crop,down8k,0.321960,0.479051,0.018135,1,
id0182,id0466,crop,down8k,0.306274,0.310454,0.005932,1,
id0182,id0468,crop,down8k,0.465104,0.696364,0.021030,1,
id0182,id0470,crop,down8k,0.384362,0.522612,0.017568,1,
id0182,id0476,crop,down8k,0.242306,0.286706,0.007333,1,
id0182,id0486,crop,down8k,0.381650,0.508911,0.011826,1,
id0182,id0491,crop,down8k,0.188484,0.336443,0.011045,1,
id0182,id0498,crop,down8k,0.284516,0.429338,0.015469,1,
id0183,id0186,crop,down8k,0.398428,0.600860,0.029134,1,
id0183,id0197,crop,down8k,0.336062,0.480654,0.020903,1,
id0183,id0199,crop,down8k,0.315903,0.415249,0.017876,1,
id0183,id0206,crop,down8k,0.665719,0.946129,0.033442,1,
id0183,id0207,crop,down8k,0.485427,0.686386,0.028154,1,
id0183,id0208,crop,down8k,0.426467,0.606743,0.020748,1,
id0183,id0212,crop,down8k,0.545022,0.663034,0.018116,1,
id0183,id0220,crop,down8k,0.453195,0.599910,0.026805,1,
id0183,id0222,crop,down8k,0.420815,0.487125,0.019036,1,
id0183,id0224,crop,down8k,0.505578,0.697011,0.028652,1,
id0183,id0233,crop,down8k,0.334537,0.533415,0.022873,1,
id0183,id0239,crop,down8k,0.668442,0.879228,0.040095,1,
id0183,id0242,crop,down8k,0.381522,0.598134,0.026148,1,
id0183,id0246,crop,down8k,0.608263,0.798849,0.036292,1,
id0183,id0258,crop,down8k,0.444299,0.632003,0.029115,1,
id0183,id0273,crop,down8k,0.440473,0.640715,0.029396,1,
id0183,id0275,crop,down8k,0.476831,0.608601,0.024902,1,
id0183,id0285,crop,down8k,0.375183,0.626648,0.023748,1,
id0183,id0290,crop,down8k,0.404964,0.438003,0.018396,1,
id0183,id0296,crop,down8k,0.426266,0.561615,0.024009,1,
id0183,id0299,crop,down8k,0.430671,0.596620,0.023073,1,
id0183,id0303,crop,down8k,0.448542,0.644217,0.023760,1,
id0183,id0319,crop,down8k,0.589373,0.725479,0.025416,1,
id0183,id0321,crop,down8k,0.348466,0.503708,0.016978,1,
id0183,id0326,crop,down8k,0.382948,0.560485,0.021476,1,
id0183,id0328,crop,down8k,0.358581,0.536397,0.023249,1,
id0183,id0330,crop,down8k,0.537911,0.677502,0.030857,1,
id0183,id0342,crop,down8k,0.483498,0.700826,0.031546,1,
id0183,id0346,crop,down8k,0.460233,0.685568,0.029549,1,
id0183,id0363,crop,down8k,0.494776,0.793160,0.031631,1,
id0183,id0367,crop,down8k,0.534628,0.635819,0.030315,1,
id0183,id0368,crop,down8k,0.391206,0.538256,0.022085,1,
id0183,id0369,crop,down8k,0.328737,0.419822,0.019009,1,
id0183,id0372,crop,down8k,0.550924,0.568332,0.028457,1,
id0183,id0373,crop,down8k,0.338299,0.419153,0.019114,1,
id0183,id0374,crop,down8k,0.512372,0.619831,0.024797,1,
id0183,id0378,crop,down8k,0.467699,0.651075,0.026053,1,
id0183,id0381,crop,down8k,0.454109,0.553079,0.022266,1,
id0183,id0382,crop,down8k,0.526389,0.772852,0.030771,1,
id0183,id0392,crop,down8k,0.476604,0.693665,0.031884,1,
id0183,id0396,crop,down8k,0.408063,0.699973,0.031109,1,
id0183,id0398,crop,down8k,0.527491,0.719537,0.026542,1,
id0183,id0399,crop,down8k,0.385353,0.555588,0.021230,1,
id0183,id0401,crop,down8k,0.527012,0.724725,0.032064,1,
id0183,id0402,crop,down8k,0.495889,0.651823,0.024383,1,
id0183,id0404,crop,down8k,0.543894,0.691193,0.028763,1,
id0183,id0411,crop,down8k,0.585554,0.862527,0.034942,1,
id0183,id0412,crop,down8k,0.472189,0.639625,0.031839,1,
id0183,id0418,crop,down8k,0.512016,0.638735,0.026522,1,
id0183,id0421,crop,down8k,0.463429,0.721197,0.029630,1,
id0183,id0422,crop,down8k,0.432806,0.639143,0.026616,1,
id0183,id0431,crop,down8k,0.446837,0.656787,0.024684,1,
id0183,id0437,crop,down8k,0.509488,0.634952,0.026733,1,
id0183,id0441,crop,down8k,0.505270,0.717986,0.031972,1,
id0183,id0447,crop,down8k,0.325122,0.432337,0.015613,1,
id0183,id0460,crop,down8k,0.456365,0.764615,0.028563,1,
id0183,id0462,crop,down8k,0.356824,0.587275,0.022523,1,
id0183,id0465,crop,down8k,0.502967,0.708485,0.032693,1,
id0183,id0466,crop,down8k,0.385249,0.441138,0.015791,1,
id0183,id0468,crop,down8k,0.610376,0.903387,0.035113,1,
id0183,id0470,crop,down8k,0.536892,0.667229,0.031444,1,
id0183,id0476,crop,down8k,0.309417,0.446943,0.016648,1,
id0183,id0486,crop,down8k,0.386231,0.687114,0.022456,1,
id0183,id0491,crop,down8k,0.458551,0.607241,0.026186,1,
id0183,id0498,crop,down8k,0.525652,0.701977,0.029368,1,
id0186,id0197,crop,down8k,0.295795,0.377896,0.009909,1,
id0186,id0199,crop,down8k,0.278645,0.428411,0.007235,1,
id0186,id0206,crop,down8k,0.473101,0.581967,0.020107,1,
id0186,id0207,crop,down8k,0.261450,0.365912,0.015276,1,
id0186,id0208,crop,down8k,0.241827,0.373930,0.009675,1,
id0186,id0212,crop,down8k,0.424131,0.439732,0.006478,1,
id0186,id0220,crop,down8k,0.281272,0.286881,0.012467,1,
id0186,id0222,crop,down8k,0.283634,0.345124,0.008555,1,
id0186,id0224,crop,down8k,0.256210,0.331895,0.014601,1,
id0186,id0233,crop,down8k,0.342818,0.313757,0.010973,1,
id0186,id0239,crop,down8k,0.383020,0.431647,0.023089,1,
id0186,id0242,crop,down8k,0.262012,0.288669,0.013403,1,
id0186,id0246,crop,down8k,0.336612,0.377876,0.020259,1,
id0186,id0258,crop,down8k,0.248549,0.284991,0.014422,1,
id0186,id0273,crop,down8k,0.243252,0.283218,0.014768,1,
id0186,id0275,crop,down8k,0.283147,0.360052,0.012404,1,
id0186,id0285,crop,down8k,0.254345,0.303443,0.010918,1,
id0186,id0290,crop,down8k,0.312352,0.379571,0.007407,1,
id0186,id0296,crop,down8k,0.283182,0.408669,0.011471,1,
id0186,id0299,crop,down8k,0.233419,0.286471,0.010524,1,
id0186,id0303,crop,down8k,0.300972,0.367932,0.009641,1,
id0186,id0319,crop,down8k,0.350821,0.410555,0.011754,1,
id0186,id0321,crop,down8k,0.308085,0.415298,0.007010,1,
id0186,id0326,crop,down8k,0.335113,0.429798,0.009575,1,
id0186,id0328,crop,down8k,0.217608,0.306374,0.010191,1,
id0186,id0330,crop,down8k,0.287583,0.317437,0.014953,1,
id0186,id0342,crop,down8k,0.236520,0.305156,0.015838,1,
id0186,id0346,crop,down8k,0.240133,0.326347,0.015854,1,
id0186,id0363,crop,down8k,0.311975,0.407357,0.017733,1,
id0186,id0367,crop,down8k,0.299007,0.298659,0.015951,1,
id0186,id0368,crop,down8k,0.247674,0.287701,0.010562,1,
id0186,id0369,crop,down8k,0.278994,0.373914,0.007642,1,
id0186,id0372,crop,down8k,0.310965,0.330120,0.013841,1,
id0186,id0373,crop,down8k,0.266682,0.372969,0.008425,1,
id0186,id0374,crop,down8k,0.447921,0.475094,0.011933,1,
id0186,id0378,crop,down8k,0.247815,0.308944,0.012621,1,
id0186,id0381,crop,down8k,0.274857,0.326080,0.011037,1,
id0186,id0382,crop,down8k,0.310014,0.410048,0.016713,1,
id0186,id0392,crop,down8k,0.274935,0.324668,0.017394,1,
id0186,id0396,crop,down8k,0.242593,0.357759,0.018187,1,
id0186,id0398,crop,down8k,0.343688,0.481395,0.012776,1,
id0186,id0399,crop,down8k,0.278469,0.361203,0.009426,1,
id0186,id0401,crop,down8k,0.274993,0.353322,0.015845,1,
id0186,id0402,crop,down8k,0.263668,0.272439,0.012106,1,
id0186,id0404,crop,down8k,0.276550,0.345840,0.015052,1,
id0186,id0411,crop,down8k,0.344911,0.474559,0.018205,1,
id0186,id0412,crop,down8k,0.219198,0.339969,0.017251,1,
id0186,id0418,crop,down8k,0.342154,0.433118,0.013225,1,
id0186,id0421,crop,down8k,0.297572,0.361819,0.016204,1,
id0186,id0422,crop,down8k,0.187527,0.258675,0.013463,1,
id0186,id0431,crop,down8k,0.292008,0.418545,0.011434,1,
id0186,id0437,crop,down8k,0.329431,0.428603,0.011626,1,
id0186,id0441,crop,down8k,0.251657,0.332250,0.016057,1,
id0186,id0447,crop,down8k,0.375868,0.460358,0.005460,1,
id0186,id0460,crop,down8k,0.239512,0.415716,0.015421,1,
id0186,id0462,crop,down8k,0.250403,0.341722,0.010611,1,
id0186,id0465,crop,down8k,0.269132,0.367717,0.017351,1,
id0186,id0466,crop,down8k,0.327995,0.410134,0.005899,1,
id0186,id0468,crop,down8k,0.365582,0.491454,0.019504,1,
id0186,id0470,crop,down8k,0.270635,0.347293,0.016293,1,
id0186,id0476,crop,down8k,0.288363,0.332609,0.007015,1,
id0186,id0486,crop,down8k,0.324181,0.446545,0.011528,1,
id0186,id0491,crop,down8k,0.265703,0.324363,0.012218,1,
id0186,id0498,crop,down8k,0.342231,0.413216,0.015677,1,
id0197,id0199,crop,down8k,0.279553,0.348732,0.006428,1,
id0197,id0206,crop,down8k,0.477551,0.726241,0.016159,1,
id0197,id0207,crop,down8k,0.307771,0.485420,0.012268,1,
id0197,id0208,crop,down8k,0.299335,0.406200,0.008681,1,
id0197,id0212,crop,down8k,0.464887,0.500838,0.007129,1,
id0197,id0220,crop,down8k,0.317494,0.354201,0.010977,1,
id0197,id0222,crop,down8k,0.201158,0.253043,0.006792,1,
id0197,id0224,crop,down8k,0.319691,0.512635,0.013347,1,
id0197,id0233,crop,down8k,0.399826,0.400920,0.009719,1,
id0197,id0239,crop,down8k,0.437066,0.661876,0.020518,1,
id0197,id0242,crop,down8k,0.351783,0.436506,0.011777,1,
id0197,id0246,crop,down8k,0.373300,0.544320,0.017467,1,
id0197,id0258,crop,down8k,0.279571,0.393620,0.012523,1,
id0197,id0273,crop,down8k,0.339698,0.452229,0.013526,1,
id0197,id0275,crop,down8k,0.321618,0.391141,0.010541,1,
id0197,id0285,crop,down8k,0.331742,0.415093,0.009233,1,
id0197,id0290,crop,down8k,0.306106,0.359979,0.006989,1,
id0197,id0296,crop,down8k,0.288567,0.306909,0.009093,1,
id0197,id0299,crop,down8k,0.270154,0.369058,0.009714,1,
id0197,id0303,crop,down8k,0.371956,0.413064,0.009431,1,
id0197,id0319,crop,down8k,0.444687,0.508221,0.011373,1,
id0197,id0321,crop,down8k,0.246642,0.317856,0.005435,1,
id0197,id0326,crop,down8k,0.354605,0.398619,0.008121,1,
id0197,id0328,crop,down8k,0.338844,0.390592,0.009593,1,
id0197,id0330,crop,down8k,0.355093,0.473229,0.014370,1,
id0197,id0342,crop,down8k,0.361141,0.478525,0.014742,1,
id0197,id0346,crop,down8k,0.279342,0.473044,0.013098,1,
id0197,id0363,crop,down8k,0.424656,0.589663,0.015369,1,
id0197,id0367,crop,down8k,0.354479,0.415372,0.013923,1,
id0197,id0368,crop,down8k,0.271003,0.358135,0.009214,1,
id0197,id0369,crop,down8k,0.276224,0.299725,0.006629,1,
id0197,id0372,crop,down8k,0.334106,0.370663,0.012151,1,
id0197,id0373,crop,down8k,0.255968,0.331365,0.007639,1,
id0197,id0374,crop,down8k,0.429339,0.466343,0.010406,1,
id0197,id0378,crop,down8k,0.348384,0.495074,0.012549,1,
id0197,id0381,crop,down8k,0.262185,0.356183,0.008711,1,
id0197,id0382,crop,down8k,0.382828,0.532331,0.013746,1,
id0197,id0392,crop,down8k,0.288852,0.460864,0.014443,1,
id0197,id0396,crop,down8k,0.371714,0.533177,0.015212,1,
id0197,id0398,crop,down8k,0.411092,0.529760,0.011262,1,
id0197,id0399,crop,down8k,0.349533,0.377231,0.008404,1,
id0197,id0401,crop,down8k,0.391113,0.528462,0.015509,1,
id0197,id0402,crop,down8k,0.273649,0.421241,0.010152,1,
id0197,id0404,crop,down8k,0.326421,0.456469,0.012612,1,
id0197,id0411,crop,down8k,0.418663,0.607626,0.016557,1,
id0197,id0412,crop,down8k,0.325067,0.419984,0.014390,1,
id0197,id0418,crop,down8k,0.318032,0.425933,0.010979,1,
id0197,id0421,crop,down8k,0.324028,0.498915,0.013529,1,
id0197,id0422,crop,down8k,0.309368,0.437367,0.012016,1,
id0197,id0431,crop,down8k,0.336093,0.440098,0.009960,1,
id0197,id0437,crop,down8k,0.370639,0.508769,0.011704,1,
id0197,id0441,crop,down8k,0.334347,0.469964,0.015078,1,
id0197,id0447,crop,down8k,0.360699,0.347647,0.005307,1,
id0197,id0460,crop,down8k,0.312246,0.564157,0.013020,1,
id0197,id0462,crop,down8k,0.330795,0.381729,0.008164,1,
id0197,id0465,crop,down8k,0.352650,0.457209,0.014896,1,
id0197,id0466,crop,down8k,0.312978,0.284697,0.005132,1,
id0197,id0468,crop,down8k,0.457015,0.672617,0.017187,1,
id0197,id0470,crop,down8k,0.344886,0.448159,0.014276,1,
id0197,id0476,crop,down8k,0.256074,0.309060,0.006205,1,
id0197,id0486,crop,down8k,0.330816,0.503334,0.009021,1,
id0197,id0491,crop,down8k,0.306318,0.426275,0.011413,1,
id0197,id0498,crop,down8k,0.359109,0.490788,0.013840,1,
id0199,id0206,crop,down8k,0.593995,0.935545,0.027616,1,
id0199,id0207,crop,down8k,0.419706,0.679983,0.022316,1,
id0199,id0208,crop,down8k,0.336792,0.608534,0.015384,1,
id0199,id0212,crop,down8k,0.365931,0.583756,0.011802,1,
id0199,id0220,crop,down8k,0.370418,0.537466,0.019904,1,
id0199,id0222,crop,down8k,0.301849,0.496908,0.013904,1,
id0199,id0224,crop,down8k,0.373335,0.655430,0.021591,1,
id0199,id0233,crop,down8k,0.395373,0.524767,0.016899,1,
id0199,id0239,crop,down8k,0.510900,0.799149,0.032092,1,
id0199,id0242,crop,down8k,0.366010,0.602487,0.020349,1,
id0199,id0246,crop,down8k,0.481964,0.737998,0.029018,1,
id0199,id0258,crop,down8k,0.341162,0.582029,0.022161,1,
id0199,id0273,crop,down8k,0.352736,0.571619,0.022018,1,
id0199,id0275,crop,down8k,0.363987,0.572251,0.018781,1,
id0199,id0285,crop,down8k,0.326529,0.611686,0.017744,1,
id0199,id0290,crop,down8k,0.328036,0.442194,0.012631,1,
id0199,id0296,crop,down8k,0.326940,0.539259,0.017638,1,
id0199,id0299,crop,down8k,0.315998,0.545150,0.016662,1,
id0199,id0303,crop,down8k,0.357172,0.554102,0.016211,1,
id0199,id0319,crop,down8k,0.395406,0.630796,0.018450,1,
id0199,id0321,crop,down8k,0.309045,0.500220,0.011619,1,
id0199,id0326,crop,down8k,0.266222,0.564645,0.015529,1,
id0199,id0328,crop,down8k,0.264229,0.447319,0.016366,1,
id0199,id0330,crop,down8k,0.359778,0.559733,0.022953,1,
id0199,id0342,crop,down8k,0.333165,0.581276,0.023413,1,
id0199,id0346,crop,down8k,0.371580,0.662479,0.023302,1,
id0199,id0363,crop,down8k,0.438724,0.781711,0.025331,1,
id0199,id0367,crop,down8k,0.417961,0.597310,0.023338,1,
id0199,id0368,crop,down8k,0.252927,0.537133,0.016463,1,
id0199,id0369,crop,down8k,0.201038,0.371014,0.012877,1,
id0199,id0372,crop,down8k,0.344181,0.499409,0.020856,1,
id0199,id0373,crop,down8k,0.320420,0.454856,0.013603,1,
id0199,id0374,crop,down8k,0.477618,0.592214,0.018281,1,
id0199,id0378,crop,down8k,0.344834,0.610217,0.019590,1,
id0199,id0381,crop,down8k,0.328157,0.570460,0.016901,1,
id0199,id0382,crop,down8k,0.438408,0.723763,0.024207,1,
id0199,id0392,crop,down8k,0.406864,0.664442,0.025298,1,
id0199,id0396,crop,down8k,0.365509,0.672302,0.024914,1,
id0199,id0398,crop,down8k,0.342268,0.638920,0.019262,1,
id0199,id0399,crop,down8k,0.341952,0.514393,0.015366,1,
id0199,id0401,crop,down8k,0.384306,0.612528,0.024175,1,
id0199,id0402,crop,down8k,0.365419,0.604035,0.018521,1,
id0199,id0404,crop,down8k,0.413759,0.629628,0.021844,1,
id0199,id0411,crop,down8k,0.483217,0.761932,0.026660,1,
id0199,id0412,crop,down8k,0.323726,0.605481,0.025189,1,
id0199,id0418,crop,down8k,0.400766,0.611162,0.019741,1,
id0199,id0421,crop,down8k,0.396389,0.713273,0.024019,1,
id0199,id0422,crop,down8k,0.320755,0.593095,0.020228,1,
id0199,id0431,crop,down8k,0.290151,0.569099,0.017808,1,
id0199,id0437,crop,down8k,0.342172,0.541140,0.018881,1,
id0199,id0441,crop,down8k,0.367620,0.620185,0.024283,1,
id0199,id0447,crop,down8k,0.245628,0.380849,0.009832,1,
id0199,id0460,crop,down8k,0.364167,0.763673,0.022336,1,
id0199,id0462,crop,down8k,0.291581,0.580310,0.016747,1,
id0199,id0465,crop,down8k,0.358126,0.632376,0.025342,1,
id0199,id0466,crop,down8k,0.255558,0.390851,0.010184,1,
id0199,id0468,crop,down8k,0.493004,0.823409,0.027491,1,
id0199,id0470,crop,down8k,0.368983,0.583856,0.023572,1,
id0199,id0476,crop,down8k,0.244360,0.478090,0.012014,1,
id0199,id0486,crop,down8k,0.428304,0.698698,0.017450,1,
id0199,id0491,crop,down8k,0.336663,0.568138,0.019257,1,
id0199,id0498,crop,down8k,0.449407,0.694334,0.023490,1,
id0206,id0207,crop,down8k,0.325429,0.455226,0.008095,1,
id0206,id0208,crop,down8k,0.479824,0.592779,0.007593,1,
id0206,id0212,crop,down8k,0.643854,0.632213,0.004972,1,
id0206,id0220,crop,down8k,0.521351,0.517014,0.007314,1,
id0206,id0222,crop,down8k,0.424647,0.496113,0.004205,1,
id0206,id0224,crop,down8k,0.386198,0.494510,0.008137,1,
id0206,id0233,crop,down8k,0.601200,0.606597,0.007687,1,
id0206,id0239,crop,down8k,0.344455,0.431650,0.012558,1,
id0206,id0242,crop,down8k,0.498565,0.492291,0.008342,1,
id0206,id0246,crop,down8k,0.365506,0.433450,0.011939,1,
id0206,id0258,crop,down8k,0.470480,0.462544,0.007854,1,
id0206,id0273,crop,down8k,0.494502,0.554592,0.009576,1,
id0206,id0275,crop,down8k,0.526197,0.594171,0.008881,1,
id0206,id0285,crop,down8k,0.445615,0.418270,0.005494,1,
id0206,id0290,crop,down8k,0.605359,0.727160,0.006285,1,
id0206,id0296,crop,down8k,0.527380,0.568970,0.006262,1,
id0206,id0299,crop,down8k,0.425634,0.491457,0.006929,1,
id0206,id0303,crop,down8k,0.528420,0.568555,0.006335,1,
id0206,id0319,crop,down8k,0.521157,0.556561,0.007956,1,
id0206,id0321,crop,down8k,0.522977,0.578657,0.004115,1,
id0206,id0326,crop,down8k,0.499955,0.539893,0.004406,1,
id0206,id0328,crop,down8k,0.576923,0.636542,0.006990,1,
id0206,id0330,crop,down8k,0.511168,0.581110,0.009257,1,
id0206,id0342,crop,down8k,0.461135,0.501404,0.009328,1,
id0206,id0346,crop,down8k,0.320784,0.387522,0.007623,1,
id0206,id0363,crop,down8k,0.403964,0.453890,0.011007,1,
id0206,id0367,crop,down8k,0.356152,0.467665,0.009059,1,
id0206,id0368,crop,down8k,0.494471,0.536985,0.007081,1,
id0206,id0369,crop,down8k,0.585807,0.664202,0.004945,1,
id0206,id0372,crop,down8k,0.436451,0.575484,0.008095,1,
id0206,id0373,crop,down8k,0.522852,0.689091,0.006596,1,
id0206,id0374,crop,down8k,0.677221,0.754617,0.009760,1,
id0206,id0378,crop,down8k,0.466930,0.597591,0.009794,1,
id0206,id0381,crop,down8k,0.407769,0.515922,0.006603,1,
id0206,id0382,crop,down8k,0.395606,0.315707,0.007916,1,
id0206,id0392,crop,down8k,0.379692,0.411872,0.009281,1,
id0206,id0396,crop,down8k,0.462613,0.462454,0.010553,1,
id0206,id0398,crop,down8k,0.418322,0.438291,0.003998,1,
id0206,id0399,crop,down8k,0.571766,0.618464,0.007009,1,
id0206,id0401,crop,down8k,0.504895,0.577264,0.009772,1,
id0206,id0402,crop,down8k,0.345261,0.378389,0.006339,1,
id0206,id0404,crop,down8k,0.332890,0.367940,0.007215,1,
id0206,id0411,crop,down8k,0.478563,0.510697,0.011053,1,
id0206,id0412,crop,down8k,0.392556,0.412036,0.009101,1,
id0206,id0418,crop,down8k,0.363193,0.509664,0.005695,1,
id0206,id0421,crop,down8k,0.422741,0.453967,0.010088,1,
id0206,id0422,crop,down8k,0.395430,0.432057,0.007518,1,
id0206,id0431,crop,down8k,0.435475,0.451277,0.004607,1,
id0206,id0437,crop,down8k,0.589646,0.775070,0.009014,1,
id0206,id0441,crop,down8k,0.457943,0.515708,0.009838,1,
id0206,id0447,crop,down8k,0.694076,0.746925,0.005187,1,
id0206,id0460,crop,down8k,0.398669,0.503077,0.009862,1,
id0206,id0462,crop,down8k,0.499608,0.404463,0.004821,1,
id0206,id0465,crop,down8k,0.473635,0.444473,0.009152,1,
id0206,id0466,crop,down8k,0.624498,0.686021,0.004840,1,
id0206,id0468,crop,down8k,0.346580,0.348058,0.009467,1,
id0206,id0470,crop,down8k,0.360173,0.404188,0.007435,1,
id0206,id0476,crop,down8k,0.589597,0.630968,0.006011,1,
id0206,id0486,crop,down8k,0.494175,0.469377,0.006318,1,
id0206,id0491,crop,down8k,0.541140,0.677333,0.010141,1,
id0206,id0498,crop,down8k,0.486747,0.599329,0.011206,1,
id0207,id0208,crop,down8k,0.273306,0.384859,0.010680,1,
id0207,id0212,crop,down8k,0.512156,0.544311,0.008101,1,
id0207,id0220,crop,down8k,0.349998,0.326333,0.013986,1,
id0207,id0222,crop,down8k,0.266487,0.395472,0.009061,1,
id0207,id0224,crop,down8k,0.245721,0.452370,0.016248,1,
id0207,id0233,crop,down8k,0.382409,0.347870,0.012413,1,
id0207,id0239,crop,down8k,0.365914,0.582869,0.025047,1,
id0207,id0242,crop,down8k,0.285842,0.338178,0.014663,1,
id0207,id0246,crop,down8k,0.251739,0.418708,0.021953,1,
id0207,id0258,crop,down8k,0.284975,0.373190,0.015881,1,
id0207,id0273,crop,down8k,0.278422,0.381975,0.016556,1,
id0207,id0275,crop,down8k,0.346364,0.378856,0.013414,1,
id0207,id0285,crop,down8k,0.313824,0.442780,0.011916,1,
id0207,id0290,crop,down8k,0.379828,0.468140,0.008463,1,
id0207,id0296,crop,down8k,0.351428,0.444924,0.012300,1,
id0207,id0299,crop,down8k,0.262238,0.365611,0.012134,1,
id0207,id0303,crop,down8k,0.382100,0.500690,0.011237,1,
id0207,id0319,crop,down8k,0.409122,0.484202,0.013502,1,
id0207,id0321,crop,down8k,0.336854,0.407541,0.007239,1,
id0207,id0326,crop,down8k,0.404034,0.584885,0.010539,1,
id0207,id0328,crop,down8k,0.361331,0.471853,0.012100,1,
id0207,id0330,crop,down8k,0.358433,0.453250,0.017378,1,
id0207,id0342,crop,down8k,0.316851,0.438948,0.017870,1,
id0207,id0346,crop,down8k,0.199252,0.420764,0.016716,1,
id0207,id0363,crop,down8k,0.288943,0.457521,0.019186,1,
id0207,id0367,crop,down8k,0.258354,0.476372,0.017355,1,
id0207,id0368,crop,down8k,0.326485,0.390199,0.011755,1,
id0207,id0369,crop,down8k,0.395873,0.534367,0.008678,1,
id0207,id0372,crop,down8k,0.349396,0.522502,0.015252,1,
id0207,id0373,crop,down8k,0.295578,0.414238,0.009389,1,
id0207,id0374,crop,down8k,0.482490,0.434831,0.012949,1,
id0207,id0378,crop,down8k,0.280567,0.421176,0.014753,1,
id0207,id0381,crop,down8k,0.245983,0.393274,0.011713,1,
id0207,id0382,crop,down8k,0.323995,0.445341,0.018052,1,
id0207,id0392,crop,down8k,0.211089,0.356079,0.018360,1,
id0207,id0396,crop,down8k,0.277623,0.400077,0.019056,1,
id0207,id0398,crop,down8k,0.420879,0.627677,0.014134,1,
id0207,id0399,crop,down8k,0.350961,0.356305,0.010709,1,
id0207,id0401,crop,down8k,0.336760,0.452099,0.018183,1,
id0207,id0402,crop,down8k,0.226296,0.333247,0.013315,1,
id0207,id0404,crop,down8k,0.245999,0.386154,0.016052,1,
id0207,id0411,crop,down8k,0.379064,0.491707,0.020356,1,
id0207,id0412,crop,down8k,0.273647,0.467366,0.018250,1,
id0207,id0418,crop,down8k,0.306441,0.590667,0.014188,1,
id0207,id0421,crop,down8k,0.282977,0.389031,0.017388,1,
id0207,id0422,crop,down8k,0.233418,0.350868,0.014729,1,
id0207,id0431,crop,down8k,0.370972,0.541040,0.012573,1,
id0207,id0437,crop,down8k,0.409703,0.623797,0.014014,1,
id0207,id0441,crop,down8k,0.294992,0.431133,0.018094,1,
id0207,id0447,crop,down8k,0.506376,0.583045,0.006303,1,
id0207,id0460,crop,down8k,0.211183,0.444392,0.016267,1,
id0207,id0462,crop,down8k,0.341686,0.419351,0.011305,1,
id0207,id0465,crop,down8k,0.322444,0.427162,0.018796,1,
id0207,id0466,crop,down8k,0.446185,0.499651,0.006500,1,
id0207,id0468,crop,down8k,0.396046,0.588545,0.021533,1,
id0207,id0470,crop,down8k,0.315516,0.485551,0.017594,1,
id0207,id0476,crop,down8k,0.392807,0.403303,0.008038,1,
id0207,id0486,crop,down8k,0.335717,0.302114,0.012051,1,
id0207,id0491,crop,down8k,0.311022,0.456082,0.013722,1,
id0207,id0498,crop,down8k,0.304487,0.404472,0.017257,1,
id0208,id0212,crop,down8k,0.396225,0.468921,0.011519,1,
id0208,id0220,crop,down8k,0.269006,0.325021,0.018922,1,
id0208,id0222,crop,down8k,0.251992,0.359856,0.014185,1,
id0208,id0224,crop,down8k,0.298768,0.536104,0.022196,1,
id0208,id0233,crop,down8k,0.329124,0.308002,0.016573,1,
id0208,id0239,crop,down8k,0.464380,0.710471,0.032898,1,
id0208,id0242,crop,down8k,0.283075,0.407679,0.020018,1,
id0208,id0246,crop,down8k,0.338345,0.468211,0.028354,1,
id0208,id0258,crop,down8k,0.253159,0.425462,0.021627,1,
id0208,id0273,crop,down8k,0.264070,0.396442,0.021863,1,
id0208,id0275,crop,down8k,0.210063,0.288704,0.017362,1,
id0208,id0285,crop,down8k,0.309487,0.530752,0.017687,1,
id0208,id0290,crop,down8k,0.320910,0.407548,0.012183,1,
id0208,id0296,crop,down8k,0.256978,0.358154,0.016983,1,
id0208,id0299,crop,down8k,0.211177,0.334015,0.016751,1,
id0208,id0303,crop,down8k,0.276889,0.441287,0.015580,1,
id0208,id0319,crop,down8k,0.328135,0.427761,0.017690,1,
id0208,id0321,crop,down8k,0.240388,0.326394,0.010884,1,
id0208,id0326,crop,down8k,0.372345,0.596796,0.016040,1,
id0208,id0328,crop,down8k,0.293614,0.422709,0.016211,1,
id0208,id0330,crop,down8k,0.309624,0.496886,0.023237,1,
id0208,id0342,crop,down8k,0.317696,0.497994,0.023829,1,
id0208,id0346,crop,down8k,0.286940,0.522948,0.023336,1,
id0208,id0363,crop,down8k,0.326040,0.532566,0.025176,1,
id0208,id0367,crop,down8k,0.356853,0.497382,0.023825,1,
id0208,id0368,crop,down8k,0.225369,0.382786,0.016239,1,
id0208,id0369,crop,down8k,0.327012,0.479290,0.012736,1,
id0208,id0372,crop,down8k,0.348491,0.484634,0.020307,1,
id0208,id0373,crop,down8k,0.282830,0.372236,0.013164,1,
id0208,id0374,crop,down8k,0.355657,0.299639,0.016092,1,
id0208,id0378,crop,down8k,0.213849,0.377861,0.018886,1,
id0208,id0381,crop,down8k,0.262975,0.407010,0.016386,1,
id0208,id0382,crop,down8k,0.344591,0.503191,0.024584,1,
id0208,id0392,crop,down8k,0.284743,0.451072,0.024974,1,
id0208,id0396,crop,down8k,0.330114,0.538456,0.025094,1,
id0208,id0398,crop,down8k,0.445749,0.692976,0.021152,1,
id0208,id0399,crop,down8k,0.235965,0.260927,0.014361,1,
id0208,id0401,crop,down8k,0.321269,0.470565,0.024300,1,
id0208,id0402,crop,down8k,0.264744,0.391821,0.018780,1,
id0208,id0404,crop,down8k,0.324350,0.508837,0.022553,1,
id0208,id0411,crop,down8k,0.342174,0.503581,0.026000,1,
id0208,id0412,crop,down8k,0.296345,0.503740,0.024617,1,
id0208,id0418,crop,down8k,0.322377,0.575369,0.020384,1,
id0208,id0421,crop,down8k,0.219069,0.395256,0.022624,1,
id0208,id0422,crop,down8k,0.237856,0.449712,0.020713,1,
id0208,id0431,crop,down8k,0.345937,0.563070,0.018659,1,
id0208,id0437,crop,down8k,0.351815,0.557094,0.017667,1,
id0208,id0441,crop,down8k,0.260184,0.423970,0.023809,1,
id0208,id0447,crop,down8k,0.360722,0.445832,0.009049,1,
id0208,id0460,crop,down8k,0.185085,0.480708,0.021097,1,
id0208,id0462,crop,down8k,0.327168,0.488564,0.016681,1,
id0208,id0465,crop,down8k,0.287670,0.418831,0.024816,1,
id0208,id0466,crop,down8k,0.306432,0.409703,0.009685,1,
id0208,id0468,crop,down8k,0.430406,0.701744,0.029445,1,
id0208,id0470,crop,down8k,0.358062,0.556071,0.024327,1,
id0208,id0476,crop,down8k,0.242528,0.298354,0.011495,1,
id0208,id0486,crop,down8k,0.303470,0.384575,0.017192,1,
id0208,id0491,crop,down8k,0.210870,0.386621,0.017109,1,
id0208,id0498,crop,down8k,0.224473,0.305073,0.021919,1,
id0212,id0220,crop,down8k,0.317224,0.411319,0.006127,1,
id0212,id0222,crop,down8k,0.384811,0.429164,0.004978,1,
id0212,id0224,crop,down8k,0.486792,0.637265,0.008671,1,
id0212,id0233,crop,down8k,0.497529,0.523424,0.006063,1,
id0212,id0239,crop,down8k,0.566148,0.681171,0.012719,1,
id0212,id0242,crop,down8k,0.498312,0.569351,0.007595,1,
id0212,id0246,crop,down8k,0.469491,0.523993,0.010365,1,
id0212,id0258,crop,down8k,0.333507,0.461885,0.007202,1,
id0212,id0273,crop,down8k,0.408144,0.497428,0.008157,1,
id0212,id0275,crop,down8k,0.359840,0.439918,0.006446,1,
id0212,id0285,crop,down8k,0.451572,0.534479,0.005759,1,
id0212,id0290,crop,down8k,0.429023,0.549119,0.005086,1,
id0212,id0296,crop,down8k,0.355530,0.383357,0.005480,1,
id0212,id0299,crop,down8k,0.354071,0.429895,0.005809,1,
id0212,id0303,crop,down8k,0.351432,0.300560,0.004767,1,
id0212,id0319,crop,down8k,0.277795,0.361214,0.006015,1,
id0212,id0321,crop,down8k,0.415148,0.442953,0.004008,1,
id0212,id0326,crop,down8k,0.413478,0.482316,0.005075,1,
id0212,id0328,crop,down8k,0.403212,0.380848,0.004795,1,
id0212,id0330,crop,down8k,0.319007,0.453414,0.007893,1,
id0212,id0342,crop,down8k,0.397574,0.435982,0.007971,1,
id0212,id0346,crop,down8k,0.463472,0.589290,0.008380,1,
id0212,id0363,crop,down8k,0.520666,0.672106,0.010070,1,
id0212,id0367,crop,down8k,0.573459,0.529188,0.008764,1,
id0212,id0368,crop,down8k,0.366152,0.486697,0.006516,1,
id0212,id0369,crop,down8k,0.332282,0.385076,0.003680,1,
id0212,id0372,crop,down8k,0.446465,0.406737,0.006414,1,
id0212,id0373,crop,down8k,0.521926,0.584063,0.005947,1,
id0212,id0374,crop,down8k,0.413082,0.557805,0.006550,1,
id0212,id0378,crop,down8k,0.395226,0.510741,0.007362,1,
id0212,id0381,crop,down8k,0.445509,0.538363,0.006135,1,
id0212,id0382,crop,down8k,0.421256,0.500803,0.008095,1,
id0212,id0392,crop,down8k,0.477415,0.573800,0.009192,1,
id0212,id0396,crop,down8k,0.535752,0.640360,0.010254,1,
id0212,id0398,crop,down8k,0.412664,0.520203,0.006595,1,
id0212,id0399,crop,down8k,0.347193,0.386271,0.004838,1,
id0212,id0401,crop,down8k,0.355895,0.450311,0.008563,1,
id0212,id0402,crop,down8k,0.396278,0.485504,0.006378,1,
id0212,id0404,crop,down8k,0.451214,0.497046,0.007631,1,
id0212,id0411,crop,down8k,0.383117,0.525164,0.009237,1,
id0212,id0412,crop,down8k,0.404867,0.444504,0.008544,1,
id0212,id0418,crop,down8k,0.529365,0.544479,0.006571,1,
id0212,id0421,crop,down8k,0.393810,0.560920,0.008520,1,
id0212,id0422,crop,down8k,0.423740,0.547031,0.007642,1,
id0212,id0431,crop,down8k,0.371749,0.368246,0.005511,1,
id0212,id0437,crop,down8k,0.403965,0.466795,0.005364,1,
id0212,id0441,crop,down8k,0.331351,0.396693,0.008280,1,
id0212,id0447,crop,down8k,0.352362,0.346478,0.003799,1,
id0212,id0460,crop,down8k,0.403997,0.663480,0.008246,1,
id0212,id0462,crop,down8k,0.391265,0.476325,0.005239,1,
id0212,id0465,crop,down8k,0.312425,0.410195,0.008520,1,
id0212,id0466,crop,down8k,0.308301,0.390635,0.003525,1,
id0212,id0468,crop,down8k,0.494855,0.644543,0.010663,1,
id0212,id0470,crop,down8k,0.433512,0.481203,0.008283,1,
id0212,id0476,crop,down8k,0.363185,0.481477,0.005067,1,
id0212,id0486,crop,down8k,0.487437,0.639243,0.006881,1,
id0212,id0491,crop,down8k,0.382901,0.522869,0.006604,1,
id0212,id0498,crop,down8k,0.406059,0.579912,0.009160,1,
id0220,id0222,crop,down8k,0.267547,0.334925,0.005336,1,
id0220,id0224,crop,down8k,0.369747,0.482941,0.010655,1,
id0220,id0233,crop,down8k,0.387139,0.327737,0.007270,1,
id0220,id0239,crop,down8k,0.482724,0.599690,0.016943,1,
id0220,id0242,crop,down8k,0.382248,0.391707,0.009521,1,
id0220,id0246,crop,down8k,0.355109,0.369994,0.013798,1,
id0220,id0258,crop,down8k,0.203282,0.314315,0.009360,1,
id0220,id0273,crop,down8k,0.270872,0.322706,0.010053,1,
id0220,id0275,crop,down8k,0.216635,0.281120,0.007886,1,
id0220,id0285,crop,down8k,0.368549,0.457571,0.007204,1,
id0220,id0290,crop,down8k,0.322151,0.406057,0.004922,1,
id0220,id0296,crop,down8k,0.233337,0.315291,0.006942,1,
id0220,id0299,crop,down8k,0.249975,0.288108,0.006960,1,
id0220,id0303,crop,down8k,0.291015,0.339821,0.005665,1,
id0220,id0319,crop,down8k,0.264420,0.351084,0.007552,1,
id0220,id0321,crop,down8k,0.305151,0.309575,0.003906,1,
id0220,id0326,crop,down8k,0.413000,0.551999,0.006259,1,
id0220,id0328,crop,down8k,0.342344,0.354317,0.006402,1,
id0220,id0330,crop,down8k,0.221762,0.364274,0.010198,1,
id0220,id0342,crop,down8k,0.309856,0.370565,0.010777,1,
id0220,id0346,crop,down8k,0.328602,0.458218,0.011022,1,
id0220,id0363,crop,down8k,0.407879,0.515118,0.012759,1,
id0220,id0367,crop,down8k,0.469948,0.447053,0.011390,1,
id0220,id0368,crop,down8k,0.295894,0.374629,0.007439,1,
id0220,id0369,crop,down8k,0.296397,0.427320,0.004307,1,
id0220,id0372,crop,down8k,0.395667,0.416635,0.008746,1,
id0220,id0373,crop,down8k,0.373557,0.399488,0.005951,1,
id0220,id0374,crop,down8k,0.300964,0.325728,0.007617,1,
id0220,id0378,crop,down8k,0.333050,0.367979,0.008831,1,
id0220,id0381,crop,down8k,0.351371,0.401564,0.007261,1,
id0220,id0382,crop,down8k,0.306040,0.418009,0.011065,1,
id0220,id0392,crop,down8k,0.332249,0.373792,0.011958,1,
id0220,id0396,crop,down8k,0.394294,0.481970,0.013135,1,
id0220,id0398,crop,down8k,0.388347,0.579399,0.008595,1,
id0220,id0399,crop,down8k,0.247782,0.236213,0.005688,1,
id0220,id0401,crop,down8k,0.292796,0.356128,0.011020,1,
id0220,id0402,crop,down8k,0.278562,0.322032,0.008071,1,
id0220,id0404,crop,down8k,0.314830,0.396195,0.010230,1,
id0220,id0411,crop,down8k,0.245632,0.394658,0.012410,1,
id0220,id0412,crop,down8k,0.343553,0.424645,0.011433,1,
id0220,id0418,crop,down8k,0.412742,0.527797,0.008668,1,
id0220,id0421,crop,down8k,0.305159,0.393400,0.011096,1,
id0220,id0422,crop,down8k,0.293885,0.389007,0.009595,1,
id0220,id0431,crop,down8k,0.335661,0.453582,0.007172,1,
id0220,id0437,crop,down8k,0.400322,0.493739,0.007175,1,
id0220,id0441,crop,down8k,0.225377,0.310450,0.010935,1,
id0220,id0447,crop,down8k,0.372195,0.440371,0.003189,1,
id0220,id0460,crop,down8k,0.269943,0.483346,0.010565,1,
id0220,id0462,crop,down8k,0.293259,0.419735,0.006564,1,
id0220,id0465,crop,down8k,0.214501,0.324858,0.011566,1,
id0220,id0466,crop,down8k,0.277247,0.382241,0.003469,1,
id0220,id0468,crop,down8k,0.389025,0.590432,0.014255,1,
id0220,id0470,crop,down8k,0.322153,0.442713,0.011177,1,
id0220,id0476,crop,down8k,0.285236,0.351484,0.004780,1,
id0220,id0486,crop,down8k,0.295640,0.384098,0.007847,1,
id0220,id0491,crop,down8k,0.295143,0.366319,0.007994,1,
id0220,id0498,crop,down8k,0.273421,0.342620,0.010977,1,
id0222,id0224,crop,down8k,0.277499,0.508514,0.022686,1,
id0222,id0233,crop,down8k,0.420331,0.361349,0.017858,1,
id0222,id0239,crop,down8k,0.406942,0.644013,0.032263,1,
id0222,id0242,crop,down8k,0.379093,0.407796,0.020878,1,
id0222,id0246,crop,down8k,0.303261,0.437581,0.028438,1,
id0222,id0258,crop,down8k,0.229935,0.362094,0.021792,1,
id0222,id0273,crop,down8k,0.318235,0.405603,0.022828,1,
id0222,id0275,crop,down8k,0.267182,0.327599,0.018645,1,
id0222,id0285,crop,down8k,0.333911,0.459182,0.017434,1,
id0222,id0290,crop,down8k,0.293668,0.418296,0.013394,1,
id0222,id0296,crop,down8k,0.246892,0.305168,0.017274,1,
id0222,id0299,crop,down8k,0.211306,0.316566,0.017148,1,
id0222,id0303,crop,down8k,0.345667,0.395007,0.016056,1,
id0222,id0319,crop,down8k,0.349153,0.438610,0.018695,1,
id0222,id0321,crop,down8k,0.256050,0.265450,0.011382,1,
id0222,id0326,crop,down8k,0.318836,0.505128,0.015299,1,
id0222,id0328,crop,down8k,0.370995,0.407025,0.017321,1,
id0222,id0330,crop,down8k,0.291790,0.472798,0.023415,1,
id0222,id0342,crop,down8k,0.334356,0.452273,0.024088,1,
id0222,id0346,crop,down8k,0.251098,0.454517,0.023127,1,
id0222,id0363,crop,down8k,0.403082,0.542679,0.025683,1,
id0222,id0367,crop,down8k,0.336502,0.437184,0.023548,1,
id0222,id0368,crop,down8k,0.257729,0.385307,0.017105,1,
id0222,id0369,crop,down8k,0.289632,0.417993,0.012990,1,
id0222,id0372,crop,down8k,0.276945,0.428251,0.020905,1,
id0222,id0373,crop,down8k,0.310415,0.398998,0.014685,1,
id0222,id0374,crop,down8k,0.373407,0.399424,0.018768,1,
id0222,id0378,crop,down8k,0.301345,0.440306,0.020623,1,
id0222,id0381,crop,down8k,0.216114,0.393889,0.017014,1,
id0222,id0382,crop,down8k,0.307332,0.428078,0.023708,1,
id0222,id0392,crop,down8k,0.290747,0.397555,0.024872,1,
id0222,id0396,crop,down8k,0.403493,0.518418,0.025985,1,
id0222,id0398,crop,down8k,0.368818,0.560163,0.019263,1,
id0222,id0399,crop,down8k,0.332202,0.303566,0.015593,1,
id0222,id0401,crop,down8k,0.324403,0.442330,0.024531,1,
id0222,id0402,crop,down8k,0.207216,0.354628,0.018777,1,
id0222,id0404,crop,down8k,0.255132,0.427796,0.022040,1,
id0222,id0411,crop,down8k,0.359934,0.491003,0.026540,1,
id0222,id0412,crop,down8k,0.258415,0.421952,0.024299,1,
id0222,id0418,crop,down8k,0.275313,0.484854,0.019454,1,
id0222,id0421,crop,down8k,0.300215,0.412426,0.023411,1,
id0222,id0422,crop,down8k,0.269156,0.419938,0.021041,1,
id0222,id0431,crop,down8k,0.298100,0.447685,0.017235,1,
id0222,id0437,crop,down8k,0.368334,0.555541,0.019413,1,
id0222,id0441,crop,down8k,0.273585,0.396007,0.024049,1,
id0222,id0447,crop,down8k,0.385851,0.429234,0.009934,1,
id0222,id0460,crop,down8k,0.255521,0.514609,0.022679,1,
id0222,id0462,crop,down8k,0.330883,0.406051,0.016449,1,
id0222,id0465,crop,down8k,0.270638,0.362414,0.024923,1,
id0222,id0466,crop,down8k,0.309087,0.383332,0.010348,1,
id0222,id0468,crop,down8k,0.402107,0.621018,0.027990,1,
id0222,id0470,crop,down8k,0.277360,0.452504,0.023748,1,
id0222,id0476,crop,down8k,0.278529,0.338821,0.012235,1,
id0222,id0486,crop,down8k,0.333042,0.380223,0.017743,1,
id0222,id0491,crop,down8k,0.289282,0.445106,0.019500,1,
id0222,id0498,crop,down8k,0.280249,0.389187,0.023486,1,
id0224,id0233,crop,down8k,0.409726,0.308520,0.014610,1,
id0224,id0239,crop,down8k,0.296494,0.485955,0.027450,1,
id0224,id0242,crop,down8k,0.310919,0.344049,0.017679,1,
id0224,id0246,crop,down8k,0.321781,0.454602,0.025584,1,
id0224,id0258,crop,down8k,0.260001,0.304312,0.018439,1,
id0224,id0273,crop,down8k,0.281081,0.284355,0.018792,1,
id0224,id0275,crop,down8k,0.377411,0.430441,0.016603,1,
id0224,id0285,crop,down8k,0.351827,0.425910,0.014342,1,
id0224,id0290,crop,down8k,0.341670,0.346270,0.010360,1,
id0224,id0296,crop,down8k,0.402240,0.466617,0.015278,1,
id0224,id0299,crop,down8k,0.290507,0.356076,0.014513,1,
id0224,id0303,crop,down8k,0.395051,0.437534,0.012820,1,
id0224,id0319,crop,down8k,0.422388,0.496584,0.016128,1,
id0224,id0321,crop,down8k,0.338503,0.361805,0.009402,1,
id0224,id0326,crop,down8k,0.414867,0.552368,0.012744,1,
id0224,id0328,crop,down8k,0.326790,0.342934,0.014030,1,
id0224,id0330,crop,down8k,0.294890,0.359714,0.019649,1,
id0224,id0342,crop,down8k,0.280797,0.371664,0.020007,1,
id0224,id0346,crop,down8k,0.231811,0.370587,0.019590,1,
id0224,id0363,crop,down8k,0.378075,0.488476,0.022498,1,
id0224,id0367,crop,down8k,0.259738,0.395016,0.020389,1,
id0224,id0368,crop,down8k,0.322235,0.387082,0.014097,1,
id0224,id0369,crop,down8k,0.368751,0.417470,0.010539,1,
id0224,id0372,crop,down8k,0.297345,0.420437,0.017552,1,
id0224,id0373,crop,down8k,0.276766,0.353965,0.011311,1,
id0224,id0374,crop,down8k,0.489732,0.420583,0.015537,1,
id0224,id0378,crop,down8k,0.274956,0.373849,0.017180,1,
id0224,id0381,crop,down8k,0.247226,0.411391,0.014687,1,
id0224,id0382,crop,down8k,0.383398,0.474815,0.021091,1,
id0224,id0392,crop,down8k,0.243752,0.320976,0.021342,1,
id0224,id0396,crop,down8k,0.325529,0.425576,0.022115,1,
id0224,id0398,crop,down8k,0.389461,0.521038,0.015186,1,
id0224,id0399,crop,down8k,0.383566,0.397876,0.013502,1,
id0224,id0401,crop,down8k,0.331790,0.364288,0.020779,1,
id0224,id0402,crop,down8k,0.259157,0.337048,0.015967,1,
id0224,id0404,crop,down8k,0.248582,0.393839,0.018384,1,
id0224,id0411,crop,down8k,0.397241,0.492379,0.022522,1,
id0224,id0412,crop,down8k,0.317291,0.451375,0.021719,1,
id0224,id0418,crop,down8k,0.302429,0.480659,0.016602,1,
id0224,id0421,crop,down8k,0.352378,0.456201,0.021290,1,
id0224,id0422,crop,down8k,0.224414,0.298224,0.017257,1,
id0224,id0431,crop,down8k,0.356571,0.495829,0.014733,1,
id0224,id0437,crop,down8k,0.342101,0.462588,0.015796,1,
id0224,id0441,crop,down8k,0.288350,0.411801,0.020971,1,
id0224,id0447,crop,down8k,0.493221,0.525151,0.008002,1,
id0224,id0460,crop,down8k,0.270864,0.457386,0.019149,1,
id0224,id0462,crop,down8k,0.400732,0.440007,0.013792,1,
id0224,id0465,crop,down8k,0.331814,0.397376,0.021809,1,
id0224,id0466,crop,down8k,0.447942,0.463626,0.008560,1,
id0224,id0468,crop,down8k,0.412785,0.540848,0.023330,1,
id0224,id0470,crop,down8k,0.253377,0.377086,0.019332,1,
id0224,id0476,crop,down8k,0.380866,0.395772,0.010637,1,
id0224,id0486,crop,down8k,0.393943,0.427140,0.014807,1,
id0224,id0491,crop,down8k,0.306934,0.376339,0.016162,1,
id0224,id0498,crop,down8k,0.335386,0.437472,0.020938,1,
id0233,id0239,crop,down8k,0.589202,0.777652,0.038759,1,
id0233,id0242,crop,down8k,0.292918,0.498479,0.025544,1,
id0233,id0246,crop,down8k,0.473883,0.612000,0.034608,1,
id0233,id0258,crop,down8k,0.344233,0.509105,0.026857,1,
id0233,id0273,crop,down8k,0.263323,0.430989,0.026616,1,
id0233,id0275,crop,down8k,0.383285,0.428476,0.022220,1,
id0233,id0285,crop,down8k,0.375625,0.601190,0.021862,1,
id0233,id0290,crop,down8k,0.358314,0.316704,0.015462,1,
id0233,id0296,crop,down8k,0.405793,0.499922,0.021729,1,
id0233,id0299,crop,down8k,0.351210,0.431049,0.021373,1,
id0233,id0303,crop,down8k,0.368592,0.513420,0.019208,1,
id0233,id0319,crop,down8k,0.510307,0.557809,0.023031,1,
id0233,id0321,crop,down8k,0.321539,0.375936,0.014376,1,
id0233,id0326,crop,down8k,0.459129,0.645790,0.019897,1,
id0233,id0328,crop,down8k,0.267806,0.420066,0.020543,1,
id0233,id0330,crop,down8k,0.442767,0.514016,0.028883,1,
id0233,id0342,crop,down8k,0.389362,0.539897,0.029009,1,
id0233,id0346,crop,down8k,0.404756,0.595600,0.028460,1,
id0233,id0363,crop,down8k,0.348888,0.654314,0.030839,1,
id0233,id0367,crop,down8k,0.465502,0.577879,0.029047,1,
id0233,id0368,crop,down8k,0.380624,0.467015,0.020560,1,
id0233,id0369,crop,down8k,0.357021,0.434321,0.015964,1,
id0233,id0372,crop,down8k,0.533140,0.534879,0.024703,1,
id0233,id0373,crop,down8k,0.322755,0.353785,0.016994,1,
id0233,id0374,crop,down8k,0.423150,0.348787,0.020671,1,
id0233,id0378,crop,down8k,0.366356,0.462296,0.023919,1,
id0233,id0381,crop,down8k,0.433288,0.517528,0.021218,1,
id0233,id0382,crop,down8k,0.440125,0.627880,0.029873,1,
id0233,id0392,crop,down8k,0.352552,0.543193,0.030360,1,
id0233,id0396,crop,down8k,0.343587,0.614265,0.030261,1,
id0233,id0398,crop,down8k,0.544466,0.714863,0.024693,1,
id0233,id0399,crop,down8k,0.250842,0.356206,0.018998,1,
id0233,id0401,crop,down8k,0.400259,0.513144,0.029980,1,
id0233,id0402,crop,down8k,0.439202,0.507328,0.023890,1,
id0233,id0404,crop,down8k,0.474932,0.590692,0.027435,1,
id0233,id0411,crop,down8k,0.438135,0.616069,0.031565,1,
id0233,id0412,crop,down8k,0.433227,0.606914,0.029618,1,
id0233,id0418,crop,down8k,0.503456,0.649551,0.025081,1,
id0233,id0421,crop,down8k,0.363147,0.569095,0.028824,1,
id0233,id0422,crop,down8k,0.338883,0.505848,0.025694,1,
id0233,id0431,crop,down8k,0.446269,0.628711,0.022866,1,
id0233,id0437,crop,down8k,0.450290,0.519248,0.022038,1,
id0233,id0441,crop,down8k,0.388212,0.543522,0.029874,1,
id0233,id0447,crop,down8k,0.354559,0.430293,0.011669,1,
id0233,id0460,crop,down8k,0.330338,0.607265,0.026047,1,
id0233,id0462,crop,down8k,0.371103,0.571363,0.020644,1,
id0233,id0465,crop,down8k,0.406432,0.547712,0.030692,1,
id0233,id0466,crop,down8k,0.395817,0.411540,0.013199,1,
id0233,id0468,crop,down8k,0.534347,0.773204,0.034071,1,
id0233,id0470,crop,down8k,0.500596,0.591802,0.028852,1,
id0233,id0476,crop,down8k,0.339367,0.394604,0.015993,1,
id0233,id0486,crop,down8k,0.312496,0.500065,0.021643,1,
id0233,id0491,crop,down8k,0.337080,0.444405,0.021550,1,
id0233,id0498,crop,down8k,0.391276,0.487727,0.028168,1,
id0239,id0242,crop,down8k,0.468902,0.439636,0.009151,1,
id0239,id0246,crop,down8k,0.315654,0.446461,0.014186,1,
id0239,id0258,crop,down8k,0.403488,0.362382,0.008783,1,
id0239,id0273,crop,down8k,0.452858,0.418050,0.010158,1,
id0239,id0275,crop,down8k,0.477709,0.588270,0.009404,1,
id0239,id0285,crop,down8k,0.429462,0.393407,0.006442,1,
id0239,id0290,crop,down8k,0.515034,0.583497,0.005571,1,
id0239,id0296,crop,down8k,0.510041,0.601050,0.007665,1,
id0239,id0299,crop,down8k,0.390365,0.484681,0.007767,1,
id0239,id0303,crop,down8k,0.507133,0.496194,0.005715,1,
id0239,id0319,crop,down8k,0.431160,0.560785,0.008265,1,
id0239,id0321,crop,down8k,0.501893,0.583651,0.004677,1,
id0239,id0326,crop,down8k,0.502365,0.544414,0.006073,1,
id0239,id0328,crop,down8k,0.473615,0.448775,0.006503,1,
id0239,id0330,crop,down8k,0.396990,0.411093,0.009982,1,
id0239,id0342,crop,down8k,0.358061,0.361464,0.010301,1,
id0239,id0346,crop,down8k,0.312854,0.329129,0.010059,1,
id0239,id0363,crop,down8k,0.462757,0.486688,0.013093,1,
id0239,id0367,crop,down8k,0.291682,0.373248,0.011040,1,
id0239,id0368,crop,down8k,0.454218,0.507615,0.007916,1,
id0239,id0369,crop,down8k,0.504639,0.532366,0.004846,1,
id0239,id0372,crop,down8k,0.305565,0.431103,0.008787,1,
id0239,id0373,crop,down8k,0.478993,0.600768,0.006462,1,
id0239,id0374,crop,down8k,0.651392,0.683569,0.008659,1,
id0239,id0378,crop,down8k,0.393233,0.487120,0.009331,1,
id0239,id0381,crop,down8k,0.358618,0.505589,0.008105,1,
id0239,id0382,crop,down8k,0.408636,0.469177,0.010897,1,
id0239,id0392,crop,down8k,0.370298,0.375586,0.011230,1,
id0239,id0396,crop,down8k,0.426997,0.438751,0.012986,1,
id0239,id0398,crop,down8k,0.412790,0.443691,0.006654,1,
id0239,id0399,crop,down8k,0.543328,0.596753,0.007150,1,
id0239,id0401,crop,down8k,0.426509,0.410534,0.010427,1,
id0239,id0402,crop,down8k,0.288367,0.410529,0.008186,1,
id0239,id0404,crop,down8k,0.288712,0.399357,0.009312,1,
id0239,id0411,crop,down8k,0.429896,0.540357,0.011512,1,
id0239,id0412,crop,down8k,0.339404,0.424839,0.011398,1,
id0239,id0418,crop,down8k,0.349154,0.464194,0.008242,1,
id0239,id0421,crop,down8k,0.405241,0.509609,0.011856,1,
id0239,id0422,crop,down8k,0.355077,0.367533,0.009198,1,
id0239,id0431,crop,down8k,0.394355,0.481100,0.006634,1,
id0239,id0437,crop,down8k,0.432743,0.497816,0.007178,1,
id0239,id0441,crop,down8k,0.383917,0.435381,0.010864,1,
id0239,id0447,crop,down8k,0.646356,0.684995,0.004321,1,
id0239,id0460,crop,down8k,0.387875,0.502988,0.010650,1,
id0239,id0462,crop,down8k,0.484251,0.466611,0.006560,1,
id0239,id0465,crop,down8k,0.443853,0.446366,0.011094,1,
id0239,id0466,crop,down8k,0.564435,0.627930,0.004441,1,
id0239,id0468,crop,down8k,0.341460,0.408211,0.012124,1,
id0239,id0470,crop,down8k,0.276756,0.326066,0.009545,1,
id0239,id0476,crop,down8k,0.551087,0.594493,0.006219,1,
id0239,id0486,crop,down8k,0.528643,0.619466,0.008282,1,
id0239,id0491,crop,down8k,0.471070,0.498301,0.008759,1,
id0239,id0498,crop,down8k,0.469018,0.608932,0.012173,1,
id0242,id0246,crop,down8k,0.404702,0.470895,0.023158,1,
id0242,id0258,crop,down8k,0.308529,0.343457,0.016434,1,
id0242,id0273,crop,down8k,0.289782,0.331047,0.016875,1,
id0242,id0275,crop,down8k,0.390679,0.388328,0.013939,1,
id0242,id0285,crop,down8k,0.254317,0.388995,0.012550,1,
id0242,id0290,crop,down8k,0.407891,0.345425,0.008306,1,
id0242,id0296,crop,down8k,0.410910,0.442246,0.012969,1,
id0242,id0299,crop,down8k,0.319387,0.367493,0.012706,1,
id0242,id0303,crop,down8k,0.356661,0.467694,0.011754,1,
id0242,id0319,crop,down8k,0.464741,0.495029,0.014265,1,
id0242,id0321,crop,down8k,0.365004,0.397113,0.008015,1,
id0242,id0326,crop,down8k,0.401243,0.492020,0.011503,1,
id0242,id0328,crop,down8k,0.245624,0.325874,0.011533,1,
id0242,id0330,crop,down8k,0.396913,0.434698,0.018182,1,
id0242,id0342,crop,down8k,0.323656,0.433223,0.018750,1,
id0242,id0346,crop,down8k,0.302419,0.369506,0.017619,1,
id0242,id0363,crop,down8k,0.283750,0.448622,0.019844,1,
id0242,id0367,crop,down8k,0.335460,0.368922,0.018077,1,
id0242,id0368,crop,down8k,0.332835,0.315060,0.012060,1,
id0242,id0369,crop,down8k,0.359819,0.399218,0.009161,1,
id0242,id0372,crop,down8k,0.461654,0.382850,0.015663,1,
id0242,id0373,crop,down8k,0.247632,0.297858,0.008943,1,
id0242,id0374,crop,down8k,0.510435,0.436711,0.012363,1,
id0242,id0378,crop,down8k,0.276264,0.317263,0.014133,1,
id0242,id0381,crop,down8k,0.361402,0.313478,0.012385,1,
id0242,id0382,crop,down8k,0.411291,0.506403,0.019397,1,
id0242,id0392,crop,down8k,0.250182,0.367003,0.019071,1,
id0242,id0396,crop,down8k,0.245091,0.366309,0.019396,1,
id0242,id0398,crop,down8k,0.486689,0.602360,0.015809,1,
id0242,id0399,crop,down8k,0.297542,0.370319,0.011193,1,
id0242,id0401,crop,down8k,0.361365,0.435239,0.018695,1,
id0242,id0402,crop,down8k,0.348024,0.349483,0.014168,1,
id0242,id0404,crop,down8k,0.396943,0.440648,0.017475,1,
id0242,id0411,crop,down8k,0.418032,0.589900,0.021105,1,
id0242,id0412,crop,down8k,0.368041,0.410294,0.019376,1,
id0242,id0418,crop,down8k,0.421574,0.481203,0.015353,1,
id0242,id0421,crop,down8k,0.276965,0.381988,0.017808,1,
id0242,id0422,crop,down8k,0.266938,0.325905,0.015440,1,
id0242,id0431,crop,down8k,0.383572,0.530529,0.014290,1,
id0242,id0437,crop,down8k,0.396758,0.456216,0.013320,1,
id0242,id0441,crop,down8k,0.340187,0.435005,0.018869,1,
id0242,id0447,crop,down8k,0.409536,0.485548,0.006592,1,
id0242,id0460,crop,down8k,0.286010,0.408468,0.016374,1,
id0242,id0462,crop,down8k,0.338925,0.398993,0.012319,1,
id0242,id0465,crop,down8k,0.374121,0.442364,0.019705,1,
id0242,id0466,crop,down8k,0.404746,0.439456,0.007046,1,
id0242,id0468,crop,down8k,0.480385,0.630481,0.022738,1,
id0242,id0470,crop,down8k,0.413583,0.450171,0.018726,1,
id0242,id0476,crop,down8k,0.324870,0.275233,0.007937,1,
id0242,id0486,crop,down8k,0.332722,0.446604,0.012774,1,
id0242,id0491,crop,down8k,0.321024,0.317138,0.013032,1,
id0242,id0498,crop,down8k,0.373284,0.410432,0.017129,1,
id0246,id0258,crop,down8k,0.298299,0.322370,0.009478,1,
id0246,id0273,crop,down8k,0.320576,0.319712,0.010188,1,
id0246,id0275,crop,down8k,0.332442,0.349147,0.007857,1,
id0246,id0285,crop,down8k,0.372854,0.474628,0.007460,1,
id0246,id0290,crop,down8k,0.427600,0.514494,0.004936,1,
id0246,id0296,crop,down8k,0.363989,0.448831,0.007195,1,
id0246,id0299,crop,down8k,0.264699,0.324486,0.007387,1,
id0246,id0303,crop,down8k,0.394235,0.391167,0.005239,1,
id0246,id0319,crop,down8k,0.334364,0.406657,0.007344,1,
id0246,id0321,crop,down8k,0.406469,0.428611,0.003759,1,
id0246,id0326,crop,down8k,0.452308,0.620165,0.006570,1,
id0246,id0328,crop,down8k,0.408351,0.431014,0.006603,1,
id0246,id0330,crop,down8k,0.326388,0.407783,0.010612,1,
id0246,id0342,crop,down8k,0.312557,0.356924,0.010947,1,
id0246,id0346,crop,down8k,0.272059,0.391738,0.011260,1,
id0246,id0363,crop,down8k,0.352645,0.421936,0.013344,1,
id0246,id0367,crop,down8k,0.316452,0.413748,0.011730,1,
id0246,id0368,crop,down8k,0.381364,0.436717,0.007743,1,
id0246,id0369,crop,down8k,0.440472,0.559489,0.004627,1,
id0246,id0372,crop,down8k,0.330282,0.458818,0.008693,1,
id0246,id0373,crop,down8k,0.407588,0.534362,0.006217,1,
id0246,id0374,crop,down8k,0.475000,0.433673,0.007150,1,
id0246,id0378,crop,down8k,0.303793,0.351014,0.008738,1,
id0246,id0381,crop,down8k,0.317463,0.464411,0.007807,1,
id0246,id0382,crop,down8k,0.276400,0.345382,0.011832,1,
id0246,id0392,crop,down8k,0.287487,0.305669,0.012197,1,
id0246,id0396,crop,down8k,0.414381,0.485106,0.013922,1,
id0246,id0398,crop,down8k,0.423078,0.602716,0.009004,1,
id0246,id0399,crop,down8k,0.395805,0.380138,0.005878,1,
id0246,id0401,crop,down8k,0.292219,0.299725,0.010825,1,
id0246,id0402,crop,down8k,0.217821,0.322959,0.008610,1,
id0246,id0404,crop,down8k,0.233532,0.400691,0.010577,1,
id0246,id0411,crop,down8k,0.295615,0.307814,0.012219,1,
id0246,id0412,crop,down8k,0.294173,0.446221,0.011743,1,
id0246,id0418,crop,down8k,0.353160,0.537159,0.009014,1,
id0246,id0421,crop,down8k,0.287141,0.330928,0.011440,1,
id0246,id0422,crop,down8k,0.335111,0.391110,0.010170,1,
id0246,id0431,crop,down8k,0.368271,0.508494,0.007378,1,
id0246,id0437,crop,down8k,0.393309,0.512678,0.006652,1,
id0246,id0441,crop,down8k,0.251896,0.270576,0.010979,1,
id0246,id0447,crop,down8k,0.557835,0.606727,0.002903,1,
id0246,id0460,crop,down8k,0.270471,0.401496,0.010399,1,
id0246,id0462,crop,down8k,0.400380,0.486847,0.007110,1,
id0246,id0465,crop,down8k,0.306742,0.289885,0.011490,1,
id0246,id0466,crop,down8k,0.469095,0.559862,0.003547,1,
id0246,id0468,crop,down8k,0.349240,0.484656,0.015099,1,
id0246,id0470,crop,down8k,0.314922,0.431251,0.011172,1,
id0246,id0476,crop,down8k,0.471874,0.497304,0.005385,1,
id0246,id0486,crop,down8k,0.421057,0.422169,0.008490,1,
id0246,id0491,crop,down8k,0.332013,0.397140,0.007640,1,
id0246,id0498,crop,down8k,0.298545,0.347959,0.011305,1,
id0258,id0273,crop,down8k,0.231813,0.280351,0.011897,1,
id0258,id0275,crop,down8k,0.261157,0.384812,0.009687,1,
id0258,id0285,crop,down8k,0.317975,0.445834,0.008375,1,
id0258,id0290,crop,down8k,0.278653,0.374174,0.005723,1,
id0258,id0296,crop,down8k,0.276316,0.396505,0.008213,1,
id0258,id0299,crop,down8k,0.248307,0.342829,0.008832,1,
id0258,id0303,crop,down8k,0.312777,0.374016,0.007001,1,
id0258,id0319,crop,down8k,0.328000,0.450151,0.009616,1,
id0258,id0321,crop,down8k,0.256379,0.309033,0.004579,1,
id0258,id0326,crop,down8k,0.396761,0.570944,0.007571,1,
id0258,id0328,crop,down8k,0.264936,0.315605,0.007548,1,
id0258,id0330,crop,down8k,0.231432,0.361262,0.012498,1,
id0258,id0342,crop,down8k,0.294021,0.372982,0.013131,1,
id0258,id0346,crop,down8k,0.266297,0.395339,0.012614,1,
id0258,id0363,crop,down8k,0.389533,0.514856,0.015051,1,
id0258,id0367,crop,down8k,0.396161,0.417736,0.013467,1,
id0258,id0368,crop,down8k,0.289823,0.404478,0.008837,1,
id0258,id0369,crop,down8k,0.283052,0.425402,0.005342,1,
id0258,id0372,crop,down8k,0.363590,0.409563,0.010283,1,
id0258,id0373,crop,down8k,0.323282,0.391973,0.006800,1,
id0258,id0374,crop,down8k,0.317611,0.348184,0.008812,1,
id0258,id0378,crop,down8k,0.285009,0.355848,0.010311,1,
id0258,id0381,crop,down8k,0.284611,0.420648,0.008650,1,
id0258,id0382,crop,down8k,0.267576,0.434331,0.013048,1,
id0258,id0392,crop,down8k,0.227425,0.287672,0.013421,1,
id0258,id0396,crop,down8k,0.371685,0.470959,0.015106,1,
id0258,id0398,crop,down8k,0.376812,0.552222,0.009982,1,
id0258,id0399,crop,down8k,0.239231,0.323385,0.007219,1,
id0258,id0401,crop,down8k,0.231799,0.306955,0.013124,1,
id0258,id0402,crop,down8k,0.244482,0.335463,0.009813,1,
id0258,id0404,crop,down8k,0.268839,0.404751,0.011949,1,
id0258,id0411,crop,down8k,0.260324,0.434465,0.014561,1,
id0258,id0412,crop,down8k,0.278338,0.423387,0.013288,1,
id0258,id0418,crop,down8k,0.361750,0.495869,0.010105,1,
id0258,id0421,crop,down8k,0.290087,0.411268,0.013038,1,
id0258,id0422,crop,down8k,0.263324,0.369206,0.011477,1,
id0258,id0431,crop,down8k,0.321940,0.478402,0.008754,1,
id0258,id0437,crop,down8k,0.324317,0.442410,0.008419,1,
id0258,id0441,crop,down8k,0.209575,0.337206,0.013078,1,
id0258,id0447,crop,down8k,0.372273,0.504009,0.003747,1,
id0258,id0460,crop,down8k,0.244783,0.474678,0.012141,1,
id0258,id0462,crop,down8k,0.305833,0.447829,0.007949,1,
id0258,id0465,crop,down8k,0.199790,0.326869,0.013497,1,
id0258,id0466,crop,down8k,0.322732,0.462616,0.004470,1,
id0258,id0468,crop,down8k,0.386700,0.558705,0.016213,1,
id0258,id0470,crop,down8k,0.298473,0.400606,0.012877,1,
id0258,id0476,crop,down8k,0.281349,0.386187,0.005778,1,
id0258,id0486,crop,down8k,0.292073,0.411398,0.009333,1,
id0258,id0491,crop,down8k,0.234404,0.347102,0.009219,1,
id0258,id0498,crop,down8k,0.228826,0.354244,0.012761,1,
id0273,id0275,crop,down8k,0.299147,0.380946,0.010720,1,
id0273,id0285,crop,down8k,0.362369,0.511577,0.010147,1,
id0273,id0290,crop,down8k,0.301152,0.314663,0.006349,1,
id0273,id0296,crop,down8k,0.315346,0.449323,0.010045,1,
id0273,id0299,crop,down8k,0.262451,0.346134,0.009799,1,
id0273,id0303,crop,down8k,0.289955,0.386843,0.007676,1,
id0273,id0319,crop,down8k,0.366790,0.448070,0.010655,1,
id0273,id0321,crop,down8k,0.270378,0.321982,0.005531,1,
id0273,id0326,crop,down8k,0.440685,0.607658,0.008790,1,
id0273,id0328,crop,down8k,0.233629,0.305697,0.009050,1,
id0273,id0330,crop,down8k,0.256668,0.327482,0.014049,1,
id0273,id0342,crop,down8k,0.258605,0.364867,0.014123,1,
id0273,id0346,crop,down8k,0.305843,0.463248,0.014558,1,
id0273,id0363,crop,down8k,0.332391,0.548932,0.016488,1,
id0273,id0367,crop,down8k,0.369326,0.471104,0.014878,1,
id0273,id0368,crop,down8k,0.318571,0.415496,0.009759,1,
id0273,id0369,crop,down8k,0.323096,0.407828,0.006194,1,
id0273,id0372,crop,down8k,0.378896,0.440426,0.011367,1,
id0273,id0373,crop,down8k,0.306545,0.370650,0.007634,1,
id0273,id0374,crop,down8k,0.372780,0.302898,0.009568,1,
id0273,id0378,crop,down8k,0.268403,0.347528,0.011520,1,
id0273,id0381,crop,down8k,0.328386,0.462046,0.010088,1,
id0273,id0382,crop,down8k,0.348569,0.504887,0.015451,1,
id0273,id0392,crop,down8k,0.254253,0.390638,0.015717,1,
id0273,id0396,crop,down8k,0.327324,0.508687,0.016344,1,
id0273,id0398,crop,down8k,0.429466,0.602161,0.011560,1,
id0273,id0399,crop,down8k,0.215019,0.292918,0.008278,1,
id0273,id0401,crop,down8k,0.252559,0.312751,0.014946,1,
id0273,id0402,crop,down8k,0.293559,0.382688,0.011353,1,
id0273,id0404,crop,down8k,0.313348,0.443179,0.013755,1,
id0273,id0411,crop,down8k,0.323295,0.464783,0.016350,1,
id0273,id0412,crop,down8k,0.342873,0.497087,0.015121,1,
id0273,id0418,crop,down8k,0.406482,0.564563,0.012204,1,
id0273,id0421,crop,down8k,0.313345,0.482950,0.015058,1,
id0273,id0422,crop,down8k,0.252837,0.384352,0.012706,1,
id0273,id0431,crop,down8k,0.377170,0.521297,0.010318,1,
id0273,id0437,crop,down8k,0.330768,0.414111,0.009670,1,
id0273,id0441,crop,down8k,0.225170,0.383897,0.015109,1,
id0273,id0447,crop,down8k,0.395035,0.469722,0.004159,1,
id0273,id0460,crop,down8k,0.244181,0.509191,0.013201,1,
id0273,id0462,crop,down8k,0.346478,0.501203,0.009328,1,
id0273,id0465,crop,down8k,0.249298,0.387596,0.015560,1,
id0273,id0466,crop,down8k,0.381269,0.430639,0.005194,1,
id0273,id0468,crop,down8k,0.434959,0.618347,0.018243,1,
id0273,id0470,crop,down8k,0.337876,0.448626,0.014173,1,
id0273,id0476,crop,down8k,0.323489,0.397766,0.007102,1,
id0273,id0486,crop,down8k,0.293219,0.444856,0.010543,1,
id0273,id0491,crop,down8k,0.246439,0.345435,0.010156,1,
id0273,id0498,crop,down8k,0.286220,0.411037,0.014755,1,
id0275,id0285,crop,down8k,0.364741,0.560696,0.018281,1,
id0275,id0290,crop,down8k,0.352355,0.434706,0.012894,1,
id0275,id0296,crop,down8k,0.202739,0.384407,0.017652,1,
id0275,id0299,crop,down8k,0.232467,0.335105,0.017336,1,
id0275,id0303,crop,down8k,0.301787,0.419755,0.015491,1,
id0275,id0319,crop,down8k,0.297327,0.415288,0.018154,1,
id0275,id0321,crop,down8k,0.303362,0.362949,0.011699,1,
id0275,id0326,crop,down8k,0.407756,0.630914,0.016684,1,
id0275,id0328,crop,down8k,0.359255,0.439002,0.016991,1,
id0275,id0330,crop,down8k,0.280316,0.481487,0.023488,1,
id0275,id0342,crop,down8k,0.331808,0.477805,0.024234,1,
id0275,id0346,crop,down8k,0.326083,0.559674,0.024323,1,
id0275,id0363,crop,down8k,0.376451,0.575516,0.026225,1,
id0275,id0367,crop,down8k,0.441308,0.534551,0.024484,1,
id0275,id0368,crop,down8k,0.232321,0.423726,0.017051,1,
id0275,id0369,crop,down8k,0.342958,0.496880,0.013144,1,
id0275,id0372,crop,down8k,0.383092,0.514301,0.020810,1,
id0275,id0373,crop,down8k,0.385213,0.446413,0.014483,1,
id0275,id0374,crop,down8k,0.299525,0.310707,0.017030,1,
id0275,id0378,crop,down8k,0.312319,0.419765,0.019936,1,
id0275,id0381,crop,down8k,0.331110,0.477590,0.017537,1,
id0275,id0382,crop,down8k,0.299797,0.497196,0.025258,1,
id0275,id0392,crop,down8k,0.331916,0.480139,0.025759,1,
id0275,id0396,crop,down8k,0.391581,0.587032,0.026675,1,
id0275,id0398,crop,down8k,0.445963,0.699678,0.021524,1,
id0275,id0399,crop,down8k,0.249857,0.256091,0.015110,1,
id0275,id0401,crop,down8k,0.292745,0.439366,0.024605,1,
id0275,id0402,crop,down8k,0.279811,0.418026,0.019678,1,
id0275,id0404,crop,down8k,0.310427,0.514215,0.023185,1,
id0275,id0411,crop,down8k,0.279378,0.452258,0.026128,1,
id0275,id0412,crop,down8k,0.314411,0.541374,0.025293,1,
id0275,id0418,crop,down8k,0.415975,0.629842,0.021115,1,
id0275,id0421,crop,down8k,0.238905,0.431526,0.023635,1,
id0275,id0422,crop,down8k,0.295647,0.481361,0.021754,1,
id0275,id0431,crop,down8k,0.342008,0.559335,0.018728,1,
id0275,id0437,crop,down8k,0.407298,0.549427,0.017994,1,
id0275,id0441,crop,down8k,0.210404,0.394910,0.024034,1,
id0275,id0447,crop,down8k,0.364442,0.448874,0.009177,1,
id0275,id0460,crop,down8k,0.235663,0.534083,0.022180,1,
id0275,id0462,crop,down8k,0.333086,0.524698,0.017565,1,
id0275,id0465,crop,down8k,0.250042,0.427594,0.025427,1,
id0275,id0466,crop,down8k,0.268624,0.410209,0.009955,1,
id0275,id0468,crop,down8k,0.385019,0.690488,0.029848,1,
id0275,id0470,crop,down8k,0.359535,0.566957,0.024840,1,
id0275,id0476,crop,down8k,0.276828,0.386711,0.012395,1,
id0275,id0486,crop,down8k,0.312783,0.419762,0.018593,1,
id0275,id0491,crop,down8k,0.267146,0.422945,0.017758,1,
id0275,id0498,crop,down8k,0.248654,0.362749,0.023165,1,
id0285,id0290,crop,down8k,0.443652,0.455441,0.010622,1,
id0285,id0296,crop,down8k,0.353664,0.387998,0.014617,1,
id0285,id0299,crop,down8k,0.257728,0.348944,0.014786,1,
id0285,id0303,crop,down8k,0.337943,0.400008,0.012858,1,
id0285,id0319,crop,down8k,0.403351,0.456526,0.016047,1,
id0285,id0321,crop,down8k,0.398127,0.440914,0.009187,1,
id0285,id0326,crop,down8k,0.242273,0.326894,0.012631,1,
id0285,id0328,crop,down8k,0.295606,0.377361,0.014006,1,
id0285,id0330,crop,down8k,0.382928,0.426129,0.020281,1,
id0285,id0342,crop,down8k,0.300980,0.397919,0.020885,1,
id0285,id0346,crop,down8k,0.263856,0.368370,0.019648,1,
id0285,id0363,crop,down8k,0.290510,0.473186,0.022839,1,
id0285,id0367,crop,down8k,0.342876,0.341041,0.020709,1,
id0285,id0368,crop,down8k,0.274321,0.335337,0.014424,1,
id0285,id0369,crop,down8k,0.309684,0.352882,0.010548,1,
id0285,id0372,crop,down8k,0.396522,0.347749,0.017642,1,
id0285,id0373,crop,down8k,0.341387,0.420086,0.011735,1,
id0285,id0374,crop,down8k,0.532681,0.568007,0.015316,1,
id0285,id0378,crop,down8k,0.329954,0.452462,0.017399,1,
id0285,id0381,crop,down8k,0.353207,0.334572,0.014571,1,
id0285,id0382,crop,down8k,0.292904,0.418976,0.020802,1,
id0285,id0392,crop,down8k,0.306277,0.389990,0.021383,1,
id0285,id0396,crop,down8k,0.288873,0.411578,0.022766,1,
id0285,id0398,crop,down8k,0.341358,0.430257,0.015800,1,
id0285,id0399,crop,down8k,0.337527,0.425557,0.013239,1,
id0285,id0401,crop,down8k,0.386731,0.482116,0.021227,1,
id0285,id0402,crop,down8k,0.292235,0.334105,0.016253,1,
id0285,id0404,crop,down8k,0.321526,0.373825,0.018965,1,
id0285,id0411,crop,down8k,0.368649,0.541690,0.022575,1,
id0285,id0412,crop,down8k,0.264675,0.321999,0.021385,1,
id0285,id0418,crop,down8k,0.384730,0.417942,0.016830,1,
id0285,id0421,crop,down8k,0.273898,0.405573,0.020654,1,
id0285,id0422,crop,down8k,0.256971,0.340746,0.018048,1,
id0285,id0431,crop,down8k,0.248543,0.374679,0.014745,1,
id0285,id0437,crop,down8k,0.432496,0.507930,0.015472,1,
id0285,id0441,crop,down8k,0.342752,0.413242,0.020968,1,
id0285,id0447,crop,down8k,0.373626,0.435697,0.007588,1,
id0285,id0460,crop,down8k,0.304065,0.488230,0.019236,1,
id0285,id0462,crop,down8k,0.210380,0.262297,0.013446,1,
id0285,id0465,crop,down8k,0.366802,0.432168,0.021561,1,
id0285,id0466,crop,down8k,0.343235,0.377534,0.008322,1,
id0285,id0468,crop,down8k,0.352832,0.510304,0.024109,1,
id0285,id0470,crop,down8k,0.327451,0.368840,0.020118,1,
id0285,id0476,crop,down8k,0.314912,0.353573,0.010396,1,
id0285,id0486,crop,down8k,0.329879,0.478324,0.014920,1,
id0285,id0491,crop,down8k,0.371136,0.424738,0.015873,1,
id0285,id0498,crop,down8k,0.405850,0.496177,0.020476,1,
id0290,id0296,crop,down8k,0.357030,0.556524,0.017822,1,
id0290,id0299,crop,down8k,0.340688,0.590294,0.017986,1,
id0290,id0303,crop,down8k,0.403237,0.598180,0.016016,1,
id0290,id0319,crop,down8k,0.431939,0.701229,0.019903,1,
id0290,id0321,crop,down8k,0.240474,0.467218,0.011778,1,
id0290,id0326,crop,down8k,0.466616,0.646952,0.016388,1,
id0290,id0328,crop,down8k,0.329607,0.482747,0.017106,1,
id0290,id0330,crop,down8k,0.342469,0.644493,0.024525,1,
id0290,id0342,crop,down8k,0.432360,0.674313,0.024803,1,
id0290,id0346,crop,down8k,0.363302,0.719612,0.023713,1,
id0290,id0363,crop,down8k,0.520436,0.840249,0.026264,1,
id0290,id0367,crop,down8k,0.449165,0.671906,0.024518,1,
id0290,id0368,crop,down8k,0.360186,0.592713,0.017295,1,
id0290,id0369,crop,down8k,0.278684,0.393689,0.012664,1,
id0290,id0372,crop,down8k,0.372519,0.561144,0.020508,1,
id0290,id0373,crop,down8k,0.279919,0.436475,0.014132,1,
id0290,id0374,crop,down8k,0.335530,0.529890,0.017050,1,
id0290,id0378,crop,down8k,0.350746,0.645859,0.020693,1,
id0290,id0381,crop,down8k,0.309657,0.616787,0.017405,1,
id0290,id0382,crop,down8k,0.437539,0.780866,0.024854,1,
id0290,id0392,crop,down8k,0.357400,0.696223,0.025298,1,
id0290,id0396,crop,down8k,0.435790,0.752811,0.025713,1,
id0290,id0398,crop,down8k,0.473025,0.744263,0.020757,1,
id0290,id0399,crop,down8k,0.325328,0.517430,0.015900,1,
id0290,id0401,crop,down8k,0.380977,0.659751,0.025942,1,
id0290,id0402,crop,down8k,0.353114,0.673253,0.019936,1,
id0290,id0404,crop,down8k,0.401799,0.711915,0.022980,1,
id0290,id0411,crop,down8k,0.454415,0.813900,0.026907,1,
id0290,id0412,crop,down8k,0.384081,0.681028,0.024749,1,
id0290,id0418,crop,down8k,0.418386,0.681813,0.021040,1,
id0290,id0421,crop,down8k,0.415887,0.750993,0.024040,1,
id0290,id0422,crop,down8k,0.359744,0.664913,0.021799,1,
id0290,id0431,crop,down8k,0.442211,0.673390,0.019214,1,
id0290,id0437,crop,down8k,0.323014,0.554651,0.018534,1,
id0290,id0441,crop,down8k,0.373585,0.683730,0.025463,1,
id0290,id0447,crop,down8k,0.368772,0.413953,0.009918,1,
id0290,id0460,crop,down8k,0.348798,0.793370,0.021930,1,
id0290,id0462,crop,down8k,0.412165,0.640062,0.016547,1,
id0290,id0465,crop,down8k,0.343024,0.682814,0.025765,1,
id0290,id0466,crop,down8k,0.354236,0.424499,0.010716,1,
id0290,id0468,crop,down8k,0.547049,0.919681,0.028896,1,
id0290,id0470,crop,down8k,0.413950,0.675133,0.024529,1,
id0290,id0476,crop,down8k,0.298053,0.488101,0.013260,1,
id0290,id0486,crop,down8k,0.399321,0.700036,0.017863,1,
id0290,id0491,crop,down8k,0.247423,0.565625,0.017973,1,
id0290,id0498,crop,down8k,0.367581,0.690369,0.023754,1,
id0296,id0299,crop,down8k,0.248687,0.355769,0.022342,1,
id0296,id0303,crop,down8k,0.292395,0.396860,0.020482,1,
id0296,id0319,crop,down8k,0.311218,0.419441,0.022467,1,
id0296,id0321,crop,down8k,0.295442,0.327020,0.015260,1,
id0296,id0326,crop,down8k,0.357400,0.580816,0.020830,1,
id0296,id0328,crop,down8k,0.351220,0.428233,0.022165,1,
id0296,id0330,crop,down8k,0.295239,0.484194,0.028466,1,
id0296,id0342,crop,down8k,0.341788,0.478332,0.029641,1,
id0296,id0346,crop,down8k,0.350640,0.499450,0.029152,1,
id0296,id0363,crop,down8k,0.410270,0.534482,0.031733,1,
id0296,id0367,crop,down8k,0.440692,0.475408,0.029888,1,
id0296,id0368,crop,down8k,0.268197,0.425022,0.022089,1,
id0296,id0369,crop,down8k,0.307488,0.486351,0.017762,1,
id0296,id0372,crop,down8k,0.365584,0.466112,0.026572,1,
id0296,id0373,crop,down8k,0.392328,0.461381,0.019781,1,
id0296,id0374,crop,down8k,0.341296,0.380099,0.023234,1,
id0296,id0378,crop,down8k,0.337826,0.406566,0.025096,1,
id0296,id0381,crop,down8k,0.342767,0.437700,0.022064,1,
id0296,id0382,crop,down8k,0.300191,0.471045,0.029628,1,
id0296,id0392,crop,down8k,0.356678,0.431604,0.031073,1,
id0296,id0396,crop,down8k,0.404600,0.576819,0.032388,1,
id0296,id0398,crop,down8k,0.392750,0.645975,0.025256,1,
id0296,id0399,crop,down8k,0.269093,0.320740,0.019571,1,
id0296,id0401,crop,down8k,0.325979,0.436884,0.029469,1,
id0296,id0402,crop,down8k,0.298617,0.406227,0.024012,1,
id0296,id0404,crop,down8k,0.320859,0.484280,0.027598,1,
id0296,id0411,crop,down8k,0.325366,0.480419,0.032098,1,
id0296,id0412,crop,down8k,0.305064,0.482013,0.030169,1,
id0296,id0418,crop,down8k,0.403287,0.529026,0.025226,1,
id0296,id0421,crop,down8k,0.307827,0.410275,0.028720,1,
id0296,id0422,crop,down8k,0.330843,0.458129,0.026639,1,
id0296,id0431,crop,down8k,0.351692,0.525986,0.022442,1,
id0296,id0437,crop,down8k,0.414372,0.524435,0.023619,1,
id0296,id0441,crop,down8k,0.250521,0.379624,0.028935,1,
id0296,id0447,crop,down8k,0.340236,0.483470,0.013584,1,
id0296,id0460,crop,down8k,0.278515,0.482641,0.028004,1,
id0296,id0462,crop,down8k,0.287394,0.490773,0.022182,1,
id0296,id0465,crop,down8k,0.243564,0.372713,0.030323,1,
id0296,id0466,crop,down8k,0.257540,0.441195,0.014224,1,
id0296,id0468,crop,down8k,0.411323,0.657839,0.034947,1,
id0296,id0470,crop,down8k,0.358291,0.521490,0.030041,1,
id0296,id0476,crop,down8k,0.279067,0.369469,0.016428,1,
id0296,id0486,crop,down8k,0.314362,0.458039,0.023413,1,
id0296,id0491,crop,down8k,0.318018,0.413962,0.024302,1,
id0296,id0498,crop,down8k,0.292693,0.351579,0.028693,1,
id0299,id0303,crop,down8k,0.277142,0.291808,0.012019,1,
id0299,id0319,crop,down8k,0.291391,0.341664,0.014896,1,
id0299,id0321,crop,down8k,0.287071,0.294291,0.008979,1,
id0299,id0326,crop,down8k,0.289032,0.465768,0.012753,1,
id0299,id0328,crop,down8k,0.296224,0.327545,0.013983,1,
id0299,id0330,crop,down8k,0.258421,0.371502,0.019588,1,
id0299,id0342,crop,down8k,0.225743,0.356661,0.019988,1,
id0299,id0346,crop,down8k,0.243815,0.445759,0.020367,1,
id0299,id0363,crop,down8k,0.284739,0.489999,0.022219,1,
id0299,id0367,crop,down8k,0.307523,0.387305,0.020317,1,
id0299,id0368,crop,down8k,0.214987,0.317476,0.014042,1,
id0299,id0369,crop,down8k,0.259987,0.349689,0.010157,1,
id0299,id0372,crop,down8k,0.281277,0.355152,0.017126,1,
id0299,id0373,crop,down8k,0.298633,0.368230,0.011503,1,
id0299,id0374,crop,down8k,0.404127,0.347814,0.014421,1,
id0299,id0378,crop,down8k,0.241994,0.359841,0.016433,1,
id0299,id0381,crop,down8k,0.262077,0.368163,0.014695,1,
id0299,id0382,crop,down8k,0.261935,0.409571,0.021311,1,
id0299,id0392,crop,down8k,0.290532,0.394356,0.022010,1,
id0299,id0396,crop,down8k,0.323315,0.503173,0.022720,1,
id0299,id0398,crop,down8k,0.351841,0.543032,0.016549,1,
id0299,id0399,crop,down8k,0.271371,0.235513,0.012482,1,
id0299,id0401,crop,down8k,0.282552,0.377445,0.020594,1,
id0299,id0402,crop,down8k,0.205729,0.320918,0.016214,1,
id0299,id0404,crop,down8k,0.239470,0.401328,0.019150,1,
id0299,id0411,crop,down8k,0.259597,0.404261,0.022223,1,
id0299,id0412,crop,down8k,0.235409,0.404268,0.021269,1,
id0299,id0418,crop,down8k,0.293853,0.471134,0.016970,1,
id0299,id0421,crop,down8k,0.217300,0.377711,0.020642,1,
id0299,id0422,crop,down8k,0.221051,0.365698,0.017814,1,
id0299,id0431,crop,down8k,0.251377,0.417667,0.014845,1,
id0299,id0437,crop,down8k,0.356666,0.448476,0.014930,1,
id0299,id0441,crop,down8k,0.208310,0.308684,0.020674,1,
id0299,id0447,crop,down8k,0.375486,0.341985,0.006932,1,
id0299,id0460,crop,down8k,0.191329,0.470708,0.018746,1,
id0299,id0462,crop,down8k,0.272024,0.388565,0.014077,1,
id0299,id0465,crop,down8k,0.278565,0.334557,0.021670,1,
id0299,id0466,crop,down8k,0.274704,0.286977,0.007820,1,
id0299,id0468,crop,down8k,0.325174,0.574284,0.024855,1,
id0299,id0470,crop,down8k,0.273330,0.419763,0.020126,1,
id0299,id0476,crop,down8k,0.281345,0.297825,0.010314,1,
id0299,id0486,crop,down8k,0.311976,0.409266,0.015087,1,
id0299,id0491,crop,down8k,0.258975,0.340309,0.015212,1,
id0299,id0498,crop,down8k,0.277710,0.350012,0.020183,1,
id0303,id0319,crop,down8k,0.333783,0.331383,0.013766,1,
id0303,id0321,crop,down8k,0.314556,0.344103,0.008598,1,
id0303,id0326,crop,down8k,0.356380,0.502544,0.012533,1,
id0303,id0328,crop,down8k,0.294444,0.298715,0.012813,1,
id0303,id0330,crop,down8k,0.303555,0.335872,0.018111,1,
id0303,id0342,crop,down8k,0.291822,0.335711,0.018892,1,
id0303,id0346,crop,down8k,0.372944,0.485221,0.020004,1,
id0303,id0363,crop,down8k,0.366574,0.563321,0.022092,1,
id0303,id0367,crop,down8k,0.427870,0.447046,0.020264,1,
id0303,id0368,crop,down8k,0.288597,0.413548,0.014563,1,
id0303,id0369,crop,down8k,0.319468,0.360017,0.009785,1,
id0303,id0372,crop,down8k,0.389885,0.371603,0.015974,1,
id0303,id0373,crop,down8k,0.391884,0.493541,0.012578,1,
id0303,id0374,crop,down8k,0.431839,0.428776,0.014525,1,
id0303,id0378,crop,down8k,0.298396,0.385143,0.015839,1,
id0303,id0381,crop,down8k,0.393643,0.465553,0.014722,1,
id0303,id0382,crop,down8k,0.374654,0.442229,0.019662,1,
id0303,id0392,crop,down8k,0.342034,0.443615,0.021034,1,
id0303,id0396,crop,down8k,0.399195,0.573082,0.022701,1,
id0303,id0398,crop,down8k,0.417749,0.514354,0.015180,1,
id0303,id0399,crop,down8k,0.252985,0.295379,0.011891,1,
id0303,id0401,crop,down8k,0.324923,0.317686,0.019001,1,
id0303,id0402,crop,down8k,0.339459,0.384753,0.015958,1,
id0303,id0404,crop,down8k,0.363532,0.431262,0.018257,1,
id0303,id0411,crop,down8k,0.337777,0.422588,0.020657,1,
id0303,id0412,crop,down8k,0.354851,0.423526,0.019757,1,
id0303,id0418,crop,down8k,0.413716,0.500527,0.016259,1,
id0303,id0421,crop,down8k,0.300911,0.458970,0.019905,1,
id0303,id0422,crop,down8k,0.316261,0.438422,0.017942,1,
id0303,id0431,crop,down8k,0.281837,0.388665,0.013374,1,
id0303,id0437,crop,down8k,0.364532,0.373578,0.013117,1,
id0303,id0441,crop,down8k,0.259329,0.296574,0.018958,1,
id0303,id0447,crop,down8k,0.307803,0.375723,0.006707,1,
id0303,id0460,crop,down8k,0.326023,0.547885,0.018955,1,
id0303,id0462,crop,down8k,0.339708,0.459347,0.013729,1,
id0303,id0465,crop,down8k,0.309077,0.323921,0.019862,1,
id0303,id0466,crop,down8k,0.300962,0.379634,0.008148,1,
id0303,id0468,crop,down8k,0.395582,0.570023,0.023261,1,
id0303,id0470,crop,down8k,0.376945,0.418481,0.019013,1,
id0303,id0476,crop,down8k,0.312311,0.405471,0.010595,1,
id0303,id0486,crop,down8k,0.390507,0.537194,0.015840,1,
id0303,id0491,crop,down8k,0.310261,0.396100,0.014973,1,
id0303,id0498,crop,down8k,0.359843,0.445337,0.019785,1,
id0319,id0321,crop,down8k,0.407739,0.475665,0.004580,1,
id0319,id0326,crop,down8k,0.395357,0.563239,0.007091,1,
id0319,id0328,crop,down8k,0.413922,0.447721,0.006676,1,
id0319,id0330,crop,down8k,0.276872,0.410489,0.010430,1,
id0319,id0342,crop,down8k,0.330047,0.375465,0.010857,1,
id0319,id0346,crop,down8k,0.387830,0.539204,0.012390,1,
id0319,id0363,crop,down8k,0.427745,0.527771,0.013293,1,
id0319,id0367,crop,down8k,0.465456,0.521482,0.012499,1,
id0319,id0368,crop,down8k,0.337215,0.462663,0.008389,1,
id0319,id0369,crop,down8k,0.354007,0.533002,0.005117,1,
id0319,id0372,crop,down8k,0.352848,0.475579,0.009001,1,
id0319,id0373,crop,down8k,0.482736,0.613201,0.007067,1,
id0319,id0374,crop,down8k,0.442941,0.531441,0.007899,1,
id0319,id0378,crop,down8k,0.322198,0.427640,0.008743,1,
id0319,id0381,crop,down8k,0.357664,0.502710,0.008197,1,
id0319,id0382,crop,down8k,0.331552,0.375516,0.011910,1,
id0319,id0392,crop,down8k,0.430548,0.497445,0.013127,1,
id0319,id0396,crop,down8k,0.441490,0.543393,0.013996,1,
id0319,id0398,crop,down8k,0.364952,0.560363,0.009492,1,
id0319,id0399,crop,down8k,0.345903,0.345576,0.005912,1,
id0319,id0401,crop,down8k,0.346127,0.403074,0.011256,1,
id0319,id0402,crop,down8k,0.273239,0.372985,0.009050,1,
id0319,id0404,crop,down8k,0.307969,0.409939,0.010800,1,
id0319,id0411,crop,down8k,0.305891,0.348662,0.012261,1,
id0319,id0412,crop,down8k,0.314316,0.425555,0.012066,1,
id0319,id0418,crop,down8k,0.426953,0.588935,0.009712,1,
id0319,id0421,crop,down8k,0.325239,0.425040,0.011773,1,
id0319,id0422,crop,down8k,0.325309,0.465608,0.010413,1,
id0319,id0431,crop,down8k,0.318871,0.400898,0.007793,1,
id0319,id0437,crop,down8k,0.423191,0.566675,0.006714,1,
id0319,id0441,crop,down8k,0.265412,0.308778,0.010957,1,
id0319,id0447,crop,down8k,0.409884,0.501610,0.003284,1,
id0319,id0460,crop,down8k,0.294302,0.525968,0.010775,1,
id0319,id0462,crop,down8k,0.334840,0.450131,0.007721,1,
id0319,id0465,crop,down8k,0.271479,0.332728,0.011748,1,
id0319,id0466,crop,down8k,0.322221,0.482965,0.003987,1,
id0319,id0468,crop,down8k,0.376413,0.531606,0.015164,1,
id0319,id0470,crop,down8k,0.319552,0.479078,0.011673,1,
id0319,id0476,crop,down8k,0.380351,0.487588,0.005783,1,
id0319,id0486,crop,down8k,0.449569,0.508844,0.009435,1,
id0319,id0491,crop,down8k,0.368333,0.508099,0.008070,1,
id0319,id0498,crop,down8k,0.367319,0.468095,0.011693,1,
id0321,id0326,crop,down8k,0.423003,0.595924,0.013565,1,
id0321,id0328,crop,down8k,0.304802,0.393951,0.014366,1,
id0321,id0330,crop,down8k,0.355449,0.527796,0.021265,1,
id0321,id0342,crop,down8k,0.388202,0.525681,0.021215,1,
id0321,id0346,crop,down8k,0.347467,0.552739,0.020617,1,
id0321,id0363,crop,down8k,0.456856,0.664557,0.022842,1,
id0321,id0367,crop,down8k,0.430016,0.536599,0.021068,1,
id0321,id0368,crop,down8k,0.311532,0.477684,0.014748,1,
id0321,id0369,crop,down8k,0.302517,0.396125,0.010612,1,
id0321,id0372,crop,down8k,0.363331,0.456622,0.017511,1,
id0321,id0373,crop,down8k,0.292954,0.402982,0.012183,1,
id0321,id0374,crop,down8k,0.342143,0.384270,0.015237,1,
id0321,id0378,crop,down8k,0.317455,0.475138,0.017642,1,
id0321,id0381,crop,down8k,0.297181,0.483907,0.014530,1,
id0321,id0382,crop,down8k,0.376441,0.592705,0.021376,1,
id0321,id0392,crop,down8k,0.306567,0.518821,0.022256,1,
id0321,id0396,crop,down8k,0.407204,0.622294,0.022225,1,
id0321,id0398,crop,down8k,0.439474,0.656086,0.017669,1,
id0321,id0399,crop,down8k,0.266040,0.350718,0.013105,1,
id0321,id0401,crop,down8k,0.347909,0.487138,0.022015,1,
id0321,id0402,crop,down8k,0.312151,0.494495,0.016814,1,
id0321,id0404,crop,down8k,0.350908,0.549247,0.019555,1,
id0321,id0411,crop,down8k,0.395667,0.626361,0.024149,1,
id0321,id0412,crop,down8k,0.325181,0.533136,0.021045,1,
id0321,id0418,crop,down8k,0.344246,0.538209,0.017348,1,
id0321,id0421,crop,down8k,0.335926,0.563671,0.020723,1,
id0321,id0422,crop,down8k,0.323898,0.533890,0.018714,1,
id0321,id0431,crop,down8k,0.380116,0.545288,0.015591,1,
id0321,id0437,crop,down8k,0.354109,0.494720,0.016055,1,
id0321,id0441,crop,down8k,0.328977,0.503803,0.021890,1,
id0321,id0447,crop,down8k,0.330557,0.413863,0.007873,1,
id0321,id0460,crop,down8k,0.303301,0.603303,0.019101,1,
id0321,id0462,crop,down8k,0.374892,0.542470,0.014159,1,
id0321,id0465,crop,down8k,0.313161,0.455630,0.022058,1,
id0321,id0466,crop,down8k,0.342075,0.411269,0.008616,1,
id0321,id0468,crop,down8k,0.485337,0.770970,0.026178,1,
id0321,id0470,crop,down8k,0.375209,0.528439,0.020953,1,
id0321,id0476,crop,down8k,0.263298,0.409035,0.010822,1,
id0321,id0486,crop,down8k,0.309606,0.536116,0.015598,1,
id0321,id0491,crop,down8k,0.268454,0.462797,0.016268,1,
id0321,id0498,crop,down8k,0.316486,0.506915,0.020978,1,
id0326,id0328,crop,down8k,0.377632,0.490276,0.021836,1,
id0326,id0330,crop,down8k,0.418216,0.570188,0.028811,1,
id0326,id0342,crop,down8k,0.355142,0.546225,0.029339,1,
id0326,id0346,crop,down8k,0.365976,0.602878,0.028758,1,
id0326,id0363,crop,down8k,0.366558,0.696695,0.031630,1,
id0326,id0367,crop,down8k,0.384413,0.537893,0.029315,1,
id0326,id0368,crop,down8k,0.271800,0.471694,0.021584,1,
id0326,id0369,crop,down8k,0.270679,0.359694,0.016948,1,
id0326,id0372,crop,down8k,0.365913,0.459098,0.026122,1,
id0326,id0373,crop,down8k,0.407007,0.527597,0.018724,1,
id0326,id0374,crop,down8k,0.577327,0.656677,0.024020,1,
id0326,id0378,crop,down8k,0.368324,0.615965,0.025612,1,
id0326,id0381,crop,down8k,0.344318,0.503993,0.021974,1,
id0326,id0382,crop,down8k,0.376705,0.568039,0.029402,1,
id0326,id0392,crop,down8k,0.432039,0.619357,0.031035,1,
id0326,id0396,crop,down8k,0.397663,0.639508,0.031646,1,
id0326,id0398,crop,down8k,0.322376,0.491318,0.022596,1,
id0326,id0399,crop,down8k,0.410277,0.481600,0.020388,1,
id0326,id0401,crop,down8k,0.455033,0.620537,0.030483,1,
id0326,id0402,crop,down8k,0.334037,0.526625,0.023949,1,
id0326,id0404,crop,down8k,0.365503,0.526245,0.026828,1,
id0326,id0411,crop,down8k,0.466823,0.675001,0.031993,1,
id0326,id0412,crop,down8k,0.290672,0.463846,0.030243,1,
id0326,id0418,crop,down8k,0.369137,0.532855,0.024350,1,
id0326,id0421,crop,down8k,0.372173,0.613009,0.029989,1,
id0326,id0422,crop,down8k,0.332177,0.550542,0.026065,1,
id0326,id0431,crop,down8k,0.240278,0.402775,0.021514,1,
id0326,id0437,crop,down8k,0.452002,0.610329,0.023979,1,
id0326,id0441,crop,down8k,0.397708,0.558029,0.029915,1,
id0326,id0447,crop,down8k,0.323934,0.325718,0.012856,1,
id0326,id0460,crop,down8k,0.357179,0.711493,0.028168,1,
id0326,id0462,crop,down8k,0.250464,0.412541,0.020617,1,
id0326,id0465,crop,down8k,0.415202,0.552594,0.030860,1,
id0326,id0466,crop,down8k,0.310854,0.343916,0.013846,1,
id0326,id0468,crop,down8k,0.407540,0.694313,0.032863,1,
id0326,id0470,crop,down8k,0.365509,0.514193,0.028519,1,
id0326,id0476,crop,down8k,0.327154,0.451688,0.016764,1,
id0326,id0486,crop,down8k,0.439296,0.621646,0.022607,1,
id0326,id0491,crop,down8k,0.438021,0.611677,0.024692,1,
id0326,id0498,crop,down8k,0.476795,0.658556,0.029902,1,
id0328,id0330,crop,down8k,0.322535,0.400623,0.019745,1,
id0328,id0342,crop,down8k,0.281492,0.420076,0.020097,1,
id0328,id0346,crop,down8k,0.344374,0.492683,0.020411,1,
id0328,id0363,crop,down8k,0.367638,0.613098,0.022623,1,
id0328,id0367,crop,down8k,0.381502,0.440681,0.020677,1,
id0328,id0368,crop,down8k,0.312911,0.447281,0.014197,1,
id0328,id0369,crop,down8k,0.249979,0.327951,0.010147,1,
id0328,id0372,crop,down8k,0.376371,0.344120,0.016897,1,
id0328,id0373,crop,down8k,0.281678,0.420595,0.011069,1,
id0328,id0374,crop,down8k,0.447384,0.445850,0.013711,1,
id0328,id0378,crop,down8k,0.276565,0.371564,0.015775,1,
id0328,id0381,crop,down8k,0.360409,0.486821,0.014948,1,
id0328,id0382,crop,down8k,0.403268,0.599865,0.021765,1,
id0328,id0392,crop,down8k,0.319820,0.486437,0.021828,1,
id0328,id0396,crop,down8k,0.299634,0.577048,0.022557,1,
id0328,id0398,crop,down8k,0.415648,0.603853,0.017249,1,
id0328,id0399,crop,down8k,0.233608,0.411647,0.012592,1,
id0328,id0401,crop,down8k,0.283959,0.370575,0.020203,1,
id0328,id0402,crop,down8k,0.356381,0.485046,0.016700,1,
id0328,id0404,crop,down8k,0.386884,0.539144,0.019531,1,
id0328,id0411,crop,down8k,0.395953,0.608351,0.022664,1,
id0328,id0412,crop,down8k,0.321731,0.497077,0.021676,1,
id0328,id0418,crop,down8k,0.430385,0.495211,0.017667,1,
id0328,id0421,crop,down8k,0.350255,0.548287,0.021012,1,
id0328,id0422,crop,down8k,0.289057,0.467440,0.018054,1,
id0328,id0431,crop,down8k,0.333081,0.530795,0.015726,1,
id0328,id0437,crop,down8k,0.290098,0.211308,0.013632,1,
id0328,id0441,crop,down8k,0.302854,0.428451,0.020715,1,
id0328,id0447,crop,down8k,0.310737,0.417850,0.007017,1,
id0328,id0460,crop,down8k,0.328287,0.563761,0.018658,1,
id0328,id0462,crop,down8k,0.309158,0.544906,0.014480,1,
id0328,id0465,crop,down8k,0.324432,0.453008,0.021632,1,
id0328,id0466,crop,down8k,0.335037,0.432245,0.008284,1,
id0328,id0468,crop,down8k,0.477004,0.692410,0.025252,1,
id0328,id0470,crop,down8k,0.373068,0.467031,0.020395,1,
id0328,id0476,crop,down8k,0.281686,0.409517,0.010280,1,
id0328,id0486,crop,down8k,0.368877,0.646743,0.015727,1,
id0328,id0491,crop,down8k,0.268788,0.320141,0.014260,1,
id0328,id0498,crop,down8k,0.392076,0.520140,0.020130,1,
id0330,id0342,crop,down8k,0.232973,0.297423,0.009265,1,
id0330,id0346,crop,down8k,0.326657,0.516467,0.010384,1,
id0330,id0363,crop,down8k,0.420534,0.598143,0.012214,1,
id0330,id0367,crop,down8k,0.407424,0.503906,0.010796,1,
id0330,id0368,crop,down8k,0.331181,0.463232,0.007555,1,
id0330,id0369,crop,down8k,0.297370,0.404106,0.004013,1,
id0330,id0372,crop,down8k,0.319068,0.435637,0.007683,1,
id0330,id0373,crop,down8k,0.407759,0.488645,0.006437,1,
id0330,id0374,crop,down8k,0.390597,0.434776,0.007137,1,
id0330,id0378,crop,down8k,0.304272,0.439681,0.008494,1,
id0330,id0381,crop,down8k,0.340109,0.504685,0.007447,1,
id0330,id0382,crop,down8k,0.356874,0.526535,0.010310,1,
id0330,id0392,crop,down8k,0.328691,0.470827,0.011155,1,
id0330,id0396,crop,down8k,0.429811,0.555952,0.012899,1,
id0330,id0398,crop,down8k,0.360275,0.553397,0.007479,1,
id0330,id0399,crop,down8k,0.308936,0.342633,0.005577,1,
id0330,id0401,crop,down8k,0.261059,0.328339,0.009848,1,
id0330,id0402,crop,down8k,0.273692,0.429446,0.007829,1,
id0330,id0404,crop,down8k,0.265464,0.410673,0.009006,1,
id0330,id0411,crop,down8k,0.288563,0.453199,0.010543,1,
id0330,id0412,crop,down8k,0.334360,0.490944,0.010595,1,
id0330,id0418,crop,down8k,0.398158,0.577839,0.008276,1,
id0330,id0421,crop,down8k,0.342846,0.549515,0.010821,1,
id0330,id0422,crop,down8k,0.271975,0.418421,0.009011,1,
id0330,id0431,crop,down8k,0.322271,0.453632,0.006433,1,
id0330,id0437,crop,down8k,0.307730,0.410344,0.005869,1,
id0330,id0441,crop,down8k,0.195143,0.348105,0.009841,1,
id0330,id0447,crop,down8k,0.420334,0.458632,0.003356,1,
id0330,id0460,crop,down8k,0.310165,0.591251,0.009839,1,
id0330,id0462,crop,down8k,0.369629,0.498406,0.006445,1,
id0330,id0465,crop,down8k,0.232647,0.393786,0.010361,1,
id0330,id0466,crop,down8k,0.331813,0.395110,0.003405,1,
id0330,id0468,crop,down8k,0.393437,0.598142,0.012550,1,
id0330,id0470,crop,down8k,0.285121,0.437391,0.009753,1,
id0330,id0476,crop,down8k,0.347893,0.462564,0.005592,1,
id0330,id0486,crop,down8k,0.420132,0.561867,0.008198,1,
id0330,id0491,crop,down8k,0.286580,0.414359,0.007358,1,
id0330,id0498,crop,down8k,0.320551,0.518755,0.010967,1,
id0342,id0346,crop,down8k,0.276333,0.461315,0.015815,1,
id0342,id0363,crop,down8k,0.301401,0.546118,0.017597,1,
id0342,id0367,crop,down8k,0.312452,0.438055,0.015691,1,
id0342,id0368,crop,down8k,0.294670,0.431209,0.011041,1,
id0342,id0369,crop,down8k,0.316160,0.387194,0.007365,1,
id0342,id0372,crop,down8k,0.330193,0.382802,0.012869,1,
id0342,id0373,crop,down8k,0.382927,0.500683,0.009211,1,
id0342,id0374,crop,down8k,0.516839,0.482315,0.011624,1,
id0342,id0378,crop,down8k,0.290480,0.412340,0.012342,1,
id0342,id0381,crop,down8k,0.346875,0.476254,0.011627,1,
id0342,id0382,crop,down8k,0.331366,0.458294,0.016231,1,
id0342,id0392,crop,down8k,0.297494,0.440405,0.017231,1,
id0342,id0396,crop,down8k,0.306749,0.515241,0.018215,1,
id0342,id0398,crop,down8k,0.340221,0.491197,0.011522,1,
id0342,id0399,crop,down8k,0.319991,0.348177,0.009164,1,
id0342,id0401,crop,down8k,0.277139,0.289657,0.014574,1,
id0342,id0402,crop,down8k,0.283805,0.381119,0.012120,1,
id0342,id0404,crop,down8k,0.266655,0.370565,0.014117,1,
id0342,id0411,crop,down8k,0.309387,0.417735,0.016400,1,
id0342,id0412,crop,down8k,0.309444,0.434703,0.016758,1,
id0342,id0418,crop,down8k,0.384567,0.525172,0.012859,1,
id0342,id0421,crop,down8k,0.306102,0.497624,0.016683,1,
id0342,id0422,crop,down8k,0.203653,0.377796,0.013264,1,
id0342,id0431,crop,down8k,0.252889,0.388687,0.010289,1,
id0342,id0437,crop,down8k,0.341223,0.396473,0.010268,1,
id0342,id0441,crop,down8k,0.213583,0.299284,0.014967,1,
id0342,id0447,crop,down8k,0.422758,0.439880,0.005178,1,
id0342,id0460,crop,down8k,0.271319,0.554307,0.015008,1,
id0342,id0462,crop,down8k,0.306693,0.451000,0.010712,1,
id0342,id0465,crop,down8k,0.288142,0.348637,0.016390,1,
id0342,id0466,crop,down8k,0.356388,0.390761,0.005708,1,
id0342,id0468,crop,down8k,0.336417,0.528492,0.018577,1,
id0342,id0470,crop,down8k,0.248571,0.374669,0.014795,1,
id0342,id0476,crop,down8k,0.374314,0.458356,0.008147,1,
id0342,id0486,crop,down8k,0.384077,0.547862,0.012283,1,
id0342,id0491,crop,down8k,0.349160,0.419520,0.011950,1,
id0342,id0498,crop,down8k,0.375161,0.516357,0.016373,1,
id0346,id0363,crop,down8k,0.316403,0.424671,0.017325,1,
id0346,id0367,crop,down8k,0.256252,0.335532,0.015193,1,
id0346,id0368,crop,down8k,0.294868,0.371549,0.010343,1,
id0346,id0369,crop,down8k,0.353427,0.433074,0.006907,1,
id0346,id0372,crop,down8k,0.318903,0.386189,0.012822,1,
id0346,id0373,crop,down8k,0.306943,0.417535,0.008068,1,
id0346,id0374,crop,down8k,0.483211,0.479632,0.011352,1,
id0346,id0378,crop,down8k,0.309723,0.392773,0.013451,1,
id0346,id0381,crop,down8k,0.264761,0.362688,0.010273,1,
id0346,id0382,crop,down8k,0.295496,0.360853,0.015395,1,
id0346,id0392,crop,down8k,0.234055,0.269304,0.015919,1,
id0346,id0396,crop,down8k,0.295619,0.362225,0.016785,1,
id0346,id0398,crop,down8k,0.353234,0.478875,0.011067,1,
id0346,id0399,crop,down8k,0.356888,0.386319,0.009621,1,
id0346,id0401,crop,down8k,0.310402,0.352622,0.015988,1,
id0346,id0402,crop,down8k,0.216638,0.269533,0.011511,1,
id0346,id0404,crop,down8k,0.242733,0.316067,0.013852,1,
id0346,id0411,crop,down8k,0.350019,0.465498,0.017749,1,
id0346,id0412,crop,down8k,0.261003,0.364562,0.015983,1,
id0346,id0418,crop,down8k,0.309785,0.444858,0.012060,1,
id0346,id0421,crop,down8k,0.268256,0.369308,0.015702,1,
id0346,id0422,crop,down8k,0.190227,0.280169,0.012856,1,
id0346,id0431,crop,down8k,0.295257,0.430384,0.010556,1,
id0346,id0437,crop,down8k,0.393996,0.504220,0.011623,1,
id0346,id0441,crop,down8k,0.285192,0.360127,0.016148,1,
id0346,id0447,crop,down8k,0.482238,0.546702,0.005644,1,
id0346,id0460,crop,down8k,0.246573,0.412081,0.014295,1,
id0346,id0462,crop,down8k,0.321531,0.347109,0.008970,1,
id0346,id0465,crop,down8k,0.287571,0.327007,0.016059,1,
id0346,id0466,crop,down8k,0.404390,0.473640,0.005620,1,
id0346,id0468,crop,down8k,0.343245,0.479405,0.018489,1,
id0346,id0470,crop,down8k,0.255571,0.326419,0.014701,1,
id0346,id0476,crop,down8k,0.377751,0.414822,0.007480,1,
id0346,id0486,crop,down8k,0.320555,0.374852,0.010375,1,
id0346,id0491,crop,down8k,0.324709,0.410243,0.011844,1,
id0346,id0498,crop,down8k,0.325334,0.437422,0.015850,1,
id0363,id0367,crop,down8k,0.326670,0.293178,0.009205,1,
id0363,id0368,crop,down8k,0.323885,0.206906,0.005320,1,
id0363,id0369,crop,down8k,0.430454,0.428396,0.004049,1,
id0363,id0372,crop,down8k,0.451468,0.358771,0.007991,1,
id0363,id0373,crop,down8k,0.383348,0.371349,0.003927,1,
id0363,id0374,crop,down8k,0.566471,0.482140,0.006622,1,
id0363,id0378,crop,down8k,0.319935,0.285841,0.006889,1,
id0363,id0381,crop,down8k,0.388863,0.225919,0.005626,1,
id0363,id0382,crop,down8k,0.358069,0.383155,0.010177,1,
id0363,id0392,crop,down8k,0.317842,0.352902,0.010458,1,
id0363,id0396,crop,down8k,0.279469,0.322552,0.010631,1,
id0363,id0398,crop,down8k,0.475361,0.528786,0.007803,1,
id0363,id0399,crop,down8k,0.363578,0.342423,0.004931,1,
id0363,id0401,crop,down8k,0.409478,0.433709,0.009824,1,
id0363,id0402,crop,down8k,0.334026,0.237552,0.006456,1,
id0363,id0404,crop,down8k,0.340849,0.314048,0.008566,1,
id0363,id0411,crop,down8k,0.372674,0.468416,0.011157,1,
id0363,id0412,crop,down8k,0.351477,0.334997,0.010309,1,
id0363,id0418,crop,down8k,0.427077,0.419778,0.007147,1,
id0363,id0421,crop,down8k,0.264742,0.278107,0.009389,1,
id0363,id0422,crop,down8k,0.262706,0.225514,0.007288,1,
id0363,id0431,crop,down8k,0.358492,0.436336,0.006525,1,
id0363,id0437,crop,down8k,0.493949,0.512748,0.007217,1,
id0363,id0441,crop,down8k,0.342511,0.351076,0.009736,1,
id0363,id0447,crop,down8k,0.482377,0.472096,0.002628,1,
id0363,id0460,crop,down8k,0.261565,0.295988,0.008501,1,
id0363,id0462,crop,down8k,0.335670,0.304376,0.005682,1,
id0363,id0465,crop,down8k,0.403938,0.360274,0.010575,1,
id0363,id0466,crop,down8k,0.441681,0.401998,0.002869,1,
id0363,id0468,crop,down8k,0.362503,0.503825,0.012408,1,
id0363,id0470,crop,down8k,0.407080,0.384168,0.009747,1,
id0363,id0476,crop,down8k,0.410480,0.293702,0.003358,1,
id0363,id0486,crop,down8k,0.358021,0.394605,0.005862,1,
id0363,id0491,crop,down8k,0.395805,0.347850,0.006914,1,
id0363,id0498,crop,down8k,0.381126,0.377781,0.008855,1,
id0367,id0368,crop,down8k,0.366408,0.349684,0.007345,1,
id0367,id0369,crop,down8k,0.426351,0.317865,0.005440,1,
id0367,id0372,crop,down8k,0.284217,0.306216,0.010263,1,
id0367,id0373,crop,down8k,0.315371,0.400227,0.005791,1,
id0367,id0374,crop,down8k,0.628638,0.518823,0.009012,1,
id0367,id0378,crop,down8k,0.318378,0.435363,0.009379,1,
id0367,id0381,crop,down8k,0.295684,0.381729,0.007826,1,
id0367,id0382,crop,down8k,0.417932,0.459017,0.012321,1,
id0367,id0392,crop,down8k,0.301725,0.434311,0.012839,1,
id0367,id0396,crop,down8k,0.322883,0.477382,0.013476,1,
id0367,id0398,crop,down8k,0.416602,0.470273,0.009458,1,
id0367,id0399,crop,down8k,0.458551,0.399830,0.006800,1,
id0367,id0401,crop,down8k,0.408185,0.434931,0.011572,1,
id0367,id0402,crop,down8k,0.278348,0.367021,0.008314,1,
id0367,id0404,crop,down8k,0.294452,0.422774,0.011174,1,
id0367,id0411,crop,down8k,0.461591,0.531776,0.013912,1,
id0367,id0412,crop,down8k,0.311972,0.375390,0.012890,1,
id0367,id0418,crop,down8k,0.283030,0.406882,0.009042,1,
id0367,id0421,crop,down8k,0.356864,0.446401,0.011733,1,
id0367,id0422,crop,down8k,0.273158,0.360527,0.009347,1,
id0367,id0431,crop,down8k,0.348589,0.394745,0.008086,1,
id0367,id0437,crop,down8k,0.370097,0.452678,0.009084,1,
id0367,id0441,crop,down8k,0.359278,0.388353,0.011933,1,
id0367,id0447,crop,down8k,0.550887,0.374420,0.004094,1,
id0367,id0460,crop,down8k,0.304741,0.526207,0.011380,1,
id0367,id0462,crop,down8k,0.415099,0.371354,0.007624,1,
id0367,id0465,crop,down8k,0.436692,0.413126,0.012928,1,
id0367,id0466,crop,down8k,0.488193,0.327562,0.003942,1,
id0367,id0468,crop,down8k,0.406067,0.559995,0.014682,1,
id0367,id0470,crop,down8k,0.283134,0.378264,0.012056,1,
id0367,id0476,crop,down8k,0.453345,0.347866,0.004512,1,
id0367,id0486,crop,down8k,0.473376,0.516574,0.007893,1,
id0367,id0491,crop,down8k,0.393893,0.406192,0.009508,1,
id0367,id0498,crop,down8k,0.442060,0.485749,0.011404,1,
id0368,id0369,crop,down8k,0.278135,0.355864,0.016472,1,
id0368,id0372,crop,down8k,0.339419,0.426954,0.025369,1,
id0368,id0373,crop,down8k,0.323270,0.356549,0.017307,1,
id0368,id0374,crop,down8k,0.424353,0.427087,0.021909,1,
id0368,id0378,crop,down8k,0.273512,0.425622,0.024543,1,
id0368,id0381,crop,down8k,0.279138,0.373093,0.020634,1,
id0368,id0382,crop,down8k,0.349536,0.469755,0.029682,1,
id0368,id0392,crop,down8k,0.328979,0.454200,0.030242,1,
id0368,id0396,crop,down8k,0.319289,0.512781,0.030299,1,
id0368,id0398,crop,down8k,0.367813,0.551408,0.024016,1,
id0368,id0399,crop,down8k,0.305552,0.292438,0.019419,1,
id0368,id0401,crop,down8k,0.363195,0.479652,0.030007,1,
id0368,id0402,crop,down8k,0.264642,0.367652,0.023241,1,
id0368,id0404,crop,down8k,0.313792,0.439838,0.026688,1,
id0368,id0411,crop,down8k,0.383470,0.527595,0.031661,1,
id0368,id0412,crop,down8k,0.277275,0.431090,0.030027,1,
id0368,id0418,crop,down8k,0.360971,0.526399,0.024746,1,
id0368,id0421,crop,down8k,0.246977,0.429320,0.028487,1,
id0368,id0422,crop,down8k,0.244065,0.405380,0.025109,1,
id0368,id0431,crop,down8k,0.277444,0.442593,0.022267,1,
id0368,id0437,crop,down8k,0.395894,0.529815,0.023211,1,
id0368,id0441,crop,down8k,0.288680,0.427959,0.029289,1,
id0368,id0447,crop,down8k,0.305555,0.328896,0.012372,1,
id0368,id0460,crop,down8k,0.239035,0.534845,0.026470,1,
id0368,id0462,crop,down8k,0.245476,0.377485,0.020274,1,
id0368,id0465,crop,down8k,0.316165,0.440075,0.030552,1,
id0368,id0466,crop,down8k,0.255650,0.308137,0.012938,1,
id0368,id0468,crop,down8k,0.377307,0.627730,0.033391,1,
id0368,id0470,crop,down8k,0.327615,0.474865,0.028625,1,
id0368,id0476,crop,down8k,0.221592,0.282610,0.015341,1,
id0368,id0486,crop,down8k,0.329100,0.416012,0.021655,1,
id0368,id0491,crop,down8k,0.302179,0.428806,0.022576,1,
id0368,id0498,crop,down8k,0.312178,0.427184,0.028276,1,
id0369,id0372,crop,down8k,0.347727,0.451875,0.027441,1,
id0369,id0373,crop,down8k,0.308865,0.445651,0.020610,1,
id0369,id0374,crop,down8k,0.439228,0.494544,0.023981,1,
id0369,id0378,crop,down8k,0.319610,0.563743,0.027393,1,
id0369,id0381,crop,down8k,0.330092,0.556720,0.024395,1,
id0369,id0382,crop,down8k,0.376796,0.645015,0.032518,1,
id0369,id0392,crop,down8k,0.380153,0.593808,0.033620,1,
id0369,id0396,crop,down8k,0.375339,0.681606,0.034312,1,
id0369,id0398,crop,down8k,0.333605,0.593149,0.026524,1,
id0369,id0399,crop,down8k,0.293778,0.424235,0.021941,1,
id0369,id0401,crop,down8k,0.372611,0.526006,0.033257,1,
id0369,id0402,crop,down8k,0.333655,0.559155,0.027013,1,
id0369,id0404,crop,down8k,0.370975,0.590273,0.029913,1,
id0369,id0411,crop,down8k,0.405657,0.670836,0.034272,1,
id0369,id0412,crop,down8k,0.302253,0.557348,0.032604,1,
id0369,id0418,crop,down8k,0.396910,0.577532,0.027819,1,
id0369,id0421,crop,down8k,0.371761,0.659458,0.032518,1,
id0369,id0422,crop,down8k,0.304319,0.567320,0.029126,1,
id0369,id0431,crop,down8k,0.286435,0.515810,0.024972,1,
id0369,id0437,crop,down8k,0.320811,0.446090,0.024257,1,
id0369,id0441,crop,down8k,0.335377,0.551475,0.032647,1,
id0369,id0447,crop,down8k,0.259280,0.318619,0.014088,1,
id0369,id0460,crop,down8k,0.341006,0.719943,0.029765,1,
id0369,id0462,crop,down8k,0.254366,0.540892,0.023013,1,
id0369,id0465,crop,down8k,0.341972,0.547127,0.033427,1,
id0369,id0466,crop,down8k,0.216423,0.337033,0.015188,1,
id0369,id0468,crop,down8k,0.454635,0.768323,0.036744,1,
id0369,id0470,crop,down8k,0.359321,0.533735,0.031410,1,
id0369,id0476,crop,down8k,0.241311,0.450530,0.019124,1,
id0369,id0486,crop,down8k,0.383549,0.634737,0.025298,1,
id0369,id0491,crop,down8k,0.308094,0.506428,0.024719,1,
id0369,id0498,crop,down8k,0.420813,0.620465,0.032292,1,
id0372,id0373,crop,down8k,0.393890,0.415228,0.010589,1,
id0372,id0374,crop,down8k,0.553656,0.479841,0.013326,1,
id0372,id0378,crop,down8k,0.305931,0.369115,0.015137,1,
id0372,id0381,crop,down8k,0.251565,0.387170,0.013296,1,
id0372,id0382,crop,down8k,0.399647,0.454327,0.019252,1,
id0372,id0392,crop,down8k,0.391991,0.400126,0.019974,1,
id0372,id0396,crop,down8k,0.417764,0.479720,0.020637,1,
id0372,id0398,crop,down8k,0.346982,0.471415,0.014299,1,
id0372,id0399,crop,down8k,0.440006,0.379728,0.011333,1,
id0372,id0401,crop,down8k,0.382928,0.349362,0.018735,1,
id0372,id0402,crop,down8k,0.244836,0.364704,0.014762,1,
id0372,id0404,crop,down8k,0.270722,0.406989,0.016991,1,
id0372,id0411,crop,down8k,0.450043,0.510013,0.020406,1,
id0372,id0412,crop,down8k,0.258469,0.350623,0.019275,1,
id0372,id0418,crop,down8k,0.256923,0.350144,0.015269,1,
id0372,id0421,crop,down8k,0.398139,0.449093,0.019365,1,
id0372,id0422,crop,down8k,0.321812,0.381643,0.016351,1,
id0372,id0431,crop,down8k,0.318000,0.381151,0.012929,1,
id0372,id0437,crop,down8k,0.306321,0.341648,0.013025,1,
id0372,id0441,crop,down8k,0.332090,0.328160,0.018736,1,
id0372,id0447,crop,down8k,0.485227,0.389498,0.006020,1,
id0372,id0460,crop,down8k,0.336339,0.491104,0.017280,1,
id0372,id0462,crop,down8k,0.401520,0.403741,0.012448,1,
id0372,id0465,crop,down8k,0.363217,0.335080,0.019472,1,
id0372,id0466,crop,down8k,0.414976,0.367823,0.006919,1,
id0372,id0468,crop,down8k,0.400486,0.571300,0.022472,1,
id0372,id0470,crop,down8k,0.235245,0.327329,0.017707,1,
id0372,id0476,crop,down8k,0.412583,0.384071,0.009604,1,
id0372,id0486,crop,down8k,0.510439,0.554691,0.014112,1,
id0372,id0491,crop,down8k,0.354563,0.346357,0.013722,1,
id0372,id0498,crop,down8k,0.431900,0.482152,0.019183,1,
id0373,id0374,crop,down8k,0.469390,0.444407,0.014240,1,
id0373,id0378,crop,down8k,0.297376,0.515670,0.016499,1,
id0373,id0381,crop,down8k,0.277948,0.460640,0.013615,1,
id0373,id0382,crop,down8k,0.455828,0.689563,0.021355,1,
id0373,id0392,crop,down8k,0.301899,0.587044,0.021551,1,
id0373,id0396,crop,down8k,0.295011,0.600204,0.021128,1,
id0373,id0398,crop,down8k,0.479281,0.701770,0.018101,1,
id0373,id0399,crop,down8k,0.340529,0.420716,0.012693,1,
id0373,id0401,crop,down8k,0.412575,0.615817,0.022008,1,
id0373,id0402,crop,down8k,0.334375,0.536490,0.015779,1,
id0373,id0404,crop,down8k,0.399653,0.603491,0.019388,1,
id0373,id0411,crop,down8k,0.454953,0.720651,0.023596,1,
id0373,id0412,crop,down8k,0.368775,0.588460,0.021683,1,
id0373,id0418,crop,down8k,0.351211,0.610396,0.017521,1,
id0373,id0421,crop,down8k,0.342958,0.608469,0.019842,1,
id0373,id0422,crop,down8k,0.307924,0.524001,0.017345,1,
id0373,id0431,crop,down8k,0.406537,0.621866,0.016505,1,
id0373,id0437,crop,down8k,0.360031,0.561264,0.016432,1,
id0373,id0441,crop,down8k,0.376048,0.601823,0.021740,1,
id0373,id0447,crop,down8k,0.405099,0.386373,0.007967,1,
id0373,id0460,crop,down8k,0.300464,0.643467,0.018245,1,
id0373,id0462,crop,down8k,0.377932,0.532903,0.013659,1,
id0373,id0465,crop,down8k,0.415658,0.612885,0.022339,1,
id0373,id0466,crop,down8k,0.372974,0.365682,0.008401,1,
id0373,id0468,crop,down8k,0.529465,0.818517,0.024919,1,
id0373,id0470,crop,down8k,0.409604,0.609978,0.021190,1,
id0373,id0476,crop,down8k,0.290062,0.331909,0.009380,1,
id0373,id0486,crop,down8k,0.365975,0.558269,0.013763,1,
id0373,id0491,crop,down8k,0.265997,0.458924,0.015319,1,
id0373,id0498,crop,down8k,0.384710,0.543532,0.019113,1,
id0374,id0378,crop,down8k,0.466171,0.507405,0.008951,1,
id0374,id0381,crop,down8k,0.471812,0.568643,0.007512,1,
id0374,id0382,crop,down8k,0.449944,0.691503,0.012703,1,
id0374,id0392,crop,down8k,0.444586,0.573568,0.012548,1,
id0374,id0396,crop,down8k,0.554511,0.695971,0.012843,1,
id0374,id0398,crop,down8k,0.588294,0.829782,0.011853,1,
id0374,id0399,crop,down8k,0.314847,0.363788,0.005959,1,
id0374,id0401,crop,down8k,0.382946,0.528192,0.012435,1,
id0374,id0402,crop,down8k,0.446936,0.575514,0.009049,1,
id0374,id0404,crop,down8k,0.491666,0.654761,0.011934,1,
id0374,id0411,crop,down8k,0.402865,0.636734,0.014016,1,
id0374,id0412,crop,down8k,0.495529,0.672849,0.012371,1,
id0374,id0418,crop,down8k,0.560807,0.707605,0.010214,1,
id0374,id0421,crop,down8k,0.417540,0.600081,0.010920,1,
id0374,id0422,crop,down8k,0.469122,0.596864,0.010164,1,
id0374,id0431,crop,down8k,0.536374,0.710243,0.009782,1,
id0374,id0437,crop,down8k,0.482325,0.555648,0.007818,1,
id0374,id0441,crop,down8k,0.385741,0.539057,0.012497,1,
id0374,id0447,crop,down8k,0.436110,0.511363,0.003654,1,
id0374,id0460,crop,down8k,0.403737,0.657651,0.010036,1,
id0374,id0462,crop,down8k,0.487800,0.666057,0.007734,1,
id0374,id0465,crop,down8k,0.344692,0.558755,0.012883,1,
id0374,id0466,crop,down8k,0.391009,0.477672,0.003768,1,
id0374,id0468,crop,down8k,0.595522,0.868574,0.016493,1,
id0374,id0470,crop,down8k,0.527500,0.681054,0.013047,1,
id0374,id0476,crop,down8k,0.350434,0.430494,0.004586,1,
id0374,id0486,crop,down8k,0.376420,0.551645,0.007877,1,
id0374,id0491,crop,down8k,0.327227,0.435522,0.007352,1,
id0374,id0498,crop,down8k,0.293935,0.446838,0.010507,1,
id0378,id0381,crop,down8k,0.258883,0.432495,0.015852,1,
id0378,id0382,crop,down8k,0.375325,0.493530,0.023244,1,
id0378,id0392,crop,down8k,0.282779,0.407133,0.023389,1,
id0378,id0396,crop,down8k,0.341484,0.493547,0.023674,1,
id0378,id0398,crop,down8k,0.436635,0.640976,0.019042,1,
id0378,id0399,crop,down8k,0.299539,0.274630,0.013398,1,
id0378,id0401,crop,down8k,0.327158,0.340093,0.021947,1,
id0378,id0402,crop,down8k,0.239892,0.371957,0.017824,1,
id0378,id0404,crop,down8k,0.317791,0.475036,0.021042,1,
id0378,id0411,crop,down8k,0.368724,0.484971,0.023962,1,
id0378,id0412,crop,down8k,0.286274,0.478085,0.022671,1,
id0378,id0418,crop,down8k,0.318898,0.568604,0.018998,1,
id0378,id0421,crop,down8k,0.248029,0.415031,0.021851,1,
id0378,id0422,crop,down8k,0.260000,0.397815,0.019464,1,
id0378,id0431,crop,down8k,0.351046,0.540657,0.017107,1,
id0378,id0437,crop,down8k,0.271075,0.416244,0.015034,1,
id0378,id0441,crop,down8k,0.264786,0.384169,0.022131,1,
id0378,id0447,crop,down8k,0.404842,0.451757,0.007546,1,
id0378,id0460,crop,down8k,0.224651,0.458317,0.019807,1,
id0378,id0462,crop,down8k,0.355400,0.497970,0.015634,1,
id0378,id0465,crop,down8k,0.333051,0.395931,0.022998,1,
id0378,id0466,crop,down8k,0.375135,0.454664,0.009169,1,
id0378,id0468,crop,down8k,0.421750,0.636792,0.027010,1,
id0378,id0470,crop,down8k,0.348253,0.487611,0.022070,1,
id0378,id0476,crop,down8k,0.312932,0.350540,0.011073,1,
id0378,id0486,crop,down8k,0.404509,0.447865,0.016806,1,
id0378,id0491,crop,down8k,0.243114,0.324356,0.015330,1,
id0378,id0498,crop,down8k,0.296324,0.361773,0.020922,1,
id0381,id0382,crop,down8k,0.377482,0.502305,0.022556,1,
id0381,id0392,crop,down8k,0.304762,0.414788,0.022882,1,
id0381,id0396,crop,down8k,0.353904,0.410539,0.022656,1,
id0381,id0398,crop,down8k,0.401344,0.583500,0.018192,1,
id0381,id0399,crop,down8k,0.365413,0.333852,0.013736,1,
id0381,id0401,crop,down8k,0.380073,0.502451,0.023141,1,
id0381,id0402,crop,down8k,0.189996,0.349252,0.016953,1,
id0381,id0404,crop,down8k,0.256773,0.409111,0.019715,1,
id0381,id0411,crop,down8k,0.421998,0.591853,0.024921,1,
id0381,id0412,crop,down8k,0.272537,0.386241,0.022647,1,
id0381,id0418,crop,down8k,0.252667,0.431461,0.018092,1,
id0381,id0421,crop,down8k,0.305261,0.388003,0.021524,1,
id0381,id0422,crop,down8k,0.257963,0.350730,0.018503,1,
id0381,id0431,crop,down8k,0.335173,0.479018,0.016520,1,
id0381,id0437,crop,down8k,0.337790,0.510296,0.017591,1,
id0381,id0441,crop,down8k,0.304663,0.434652,0.022609,1,
id0381,id0447,crop,down8k,0.441186,0.405254,0.008439,1,
id0381,id0460,crop,down8k,0.237167,0.428434,0.019580,1,
id0381,id0462,crop,down8k,0.358762,0.340555,0.014511,1,
id0381,id0465,crop,down8k,0.346624,0.429903,0.023316,1,
id0381,id0466,crop,down8k,0.371010,0.334171,0.008685,1,
id0381,id0468,crop,down8k,0.427909,0.655740,0.026441,1,
id0381,id0470,crop,down8k,0.305041,0.452611,0.021761,1,
id0381,id0476,crop,down8k,0.317799,0.228036,0.010600,1,
id0381,id0486,crop,down8k,0.403657,0.440749,0.015300,1,
id0381,id0491,crop,down8k,0.270061,0.355508,0.016741,1,
id0381,id0498,crop,down8k,0.328005,0.421753,0.021333,1,
id0382,id0392,crop,down8k,0.336285,0.353923,0.008320,1,
id0382,id0396,crop,down8k,0.391719,0.467082,0.009973,1,
id0382,id0398,crop,down8k,0.328842,0.471977,0.005098,1,
id0382,id0399,crop,down8k,0.330464,0.397643,0.004207,1,
id0382,id0401,crop,down8k,0.314808,0.396685,0.008054,1,
id0382,id0402,crop,down8k,0.265893,0.281031,0.005702,1,
id0382,id0404,crop,down8k,0.239586,0.349903,0.007003,1,
id0382,id0411,crop,down8k,0.245869,0.310276,0.009024,1,
id0382,id0412,crop,down8k,0.233227,0.354515,0.007620,1,
id0382,id0418,crop,down8k,0.404473,0.505522,0.005528,1,
id0382,id0421,crop,down8k,0.306134,0.336478,0.008214,1,
id0382,id0422,crop,down8k,0.308426,0.400194,0.007218,1,
id0382,id0431,crop,down8k,0.314524,0.375586,0.004272,1,
id0382,id0437,crop,down8k,0.490222,0.612863,0.005066,1,
id0382,id0441,crop,down8k,0.295433,0.329280,0.008118,1,
id0382,id0447,crop,down8k,0.458357,0.564399,0.002385,1,
id0382,id0460,crop,down8k,0.283278,0.457984,0.007762,1,
id0382,id0462,crop,down8k,0.270189,0.376338,0.004145,1,
id0382,id0465,crop,down8k,0.279857,0.285049,0.007925,1,
id0382,id0466,crop,down8k,0.386882,0.534443,0.002925,1,
id0382,id0468,crop,down8k,0.248895,0.395824,0.009849,1,
id0382,id0470,crop,down8k,0.304610,0.380738,0.007472,1,
id0382,id0476,crop,down8k,0.405574,0.500674,0.004233,1,
id0382,id0486,crop,down8k,0.283578,0.370852,0.005591,1,
id0382,id0491,crop,down8k,0.396245,0.522185,0.006467,1,
id0382,id0498,crop,down8k,0.334916,0.421086,0.008822,1,
id0392,id0396,crop,down8k,0.318582,0.430608,0.014909,1,
id0392,id0398,crop,down8k,0.445610,0.534896,0.010013,1,
id0392,id0399,crop,down8k,0.311636,0.344022,0.007547,1,
id0392,id0401,crop,down8k,0.307914,0.346005,0.013147,1,
id0392,id0402,crop,down8k,0.263153,0.307181,0.009493,1,
id0392,id0404,crop,down8k,0.296270,0.393253,0.011944,1,
id0392,id0411,crop,down8k,0.348857,0.457570,0.015051,1,
id0392,id0412,crop,down8k,0.325721,0.405387,0.013644,1,
id0392,id0418,crop,down8k,0.370062,0.475671,0.010031,1,
id0392,id0421,crop,down8k,0.259913,0.378803,0.013039,1,
id0392,id0422,crop,down8k,0.252434,0.334300,0.011072,1,
id0392,id0431,crop,down8k,0.349446,0.470786,0.008758,1,
id0392,id0437,crop,down8k,0.364464,0.472211,0.009521,1,
id0392,id0441,crop,down8k,0.263996,0.354526,0.013224,1,
id0392,id0447,crop,down8k,0.452529,0.502222,0.004106,1,
id0392,id0460,crop,down8k,0.258632,0.455336,0.012476,1,
id0392,id0462,crop,down8k,0.380229,0.411176,0.008159,1,
id0392,id0465,crop,down8k,0.301825,0.353895,0.013911,1,
id0392,id0466,crop,down8k,0.416769,0.453103,0.004608,1,
id0392,id0468,crop,down8k,0.404677,0.536724,0.015946,1,
id0392,id0470,crop,down8k,0.330755,0.389105,0.012937,1,
id0392,id0476,crop,down8k,0.357637,0.357711,0.005454,1,
id0392,id0486,crop,down8k,0.313447,0.383901,0.008925,1,
id0392,id0491,crop,down8k,0.267808,0.357965,0.009976,1,
id0392,id0498,crop,down8k,0.292905,0.360601,0.012843,1,
id0396,id0398,crop,down8k,0.434064,0.534577,0.007636,1,
id0396,id0399,crop,down8k,0.368911,0.478347,0.005054,1,
id0396,id0401,crop,down8k,0.420079,0.518952,0.010107,1,
id0396,id0402,crop,down8k,0.331562,0.357032,0.006221,1,
id0396,id0404,crop,down8k,0.341950,0.373731,0.008180,1,
id0396,id0411,crop,down8k,0.431370,0.646545,0.011864,1,
id0396,id0412,crop,down8k,0.334044,0.361725,0.009771,1,
id0396,id0418,crop,down8k,0.423745,0.427477,0.007277,1,
id0396,id0421,crop,down8k,0.322661,0.436186,0.009002,1,
id0396,id0422,crop,down8k,0.230366,0.301687,0.006629,1,
id0396,id0431,crop,down8k,0.359612,0.491573,0.006873,1,
id0396,id0437,crop,down8k,0.474152,0.539600,0.007079,1,
id0396,id0441,crop,down8k,0.372539,0.488445,0.010299,1,
id0396,id0447,crop,down8k,0.448912,0.551848,0.002945,1,
id0396,id0460,crop,down8k,0.270844,0.392043,0.007451,1,
id0396,id0462,crop,down8k,0.277450,0.339309,0.004938,1,
id0396,id0465,crop,down8k,0.403751,0.482018,0.010300,1,
id0396,id0466,crop,down8k,0.406411,0.488346,0.002960,1,
id0396,id0468,crop,down8k,0.421676,0.585982,0.012221,1,
id0396,id0470,crop,down8k,0.354499,0.395024,0.009097,1,
id0396,id0476,crop,down8k,0.378272,0.388105,0.003320,1,
id0396,id0486,crop,down8k,0.328229,0.515107,0.005054,1,
id0396,id0491,crop,down8k,0.391823,0.425133,0.006356,1,
id0396,id0498,crop,down8k,0.437012,0.546214,0.008933,1,
id0398,id0399,crop,down8k,0.457229,0.574250,0.008097,1,
id0398,id0401,crop,down8k,0.417295,0.532487,0.011476,1,
id0398,id0402,crop,down8k,0.327117,0.455547,0.008718,1,
id0398,id0404,crop,down8k,0.322935,0.423274,0.009604,1,
id0398,id0411,crop,down8k,0.423926,0.549067,0.012536,1,
id0398,id0412,crop,down8k,0.298256,0.393413,0.011218,1,
id0398,id0418,crop,down8k,0.373546,0.436712,0.007764,1,
id0398,id0421,crop,down8k,0.453945,0.606220,0.012872,1,
id0398,id0422,crop,down8k,0.348143,0.506605,0.010379,1,
id0398,id0431,crop,down8k,0.260728,0.249535,0.005899,1,
id0398,id0437,crop,down8k,0.478185,0.616209,0.008989,1,
id0398,id0441,crop,down8k,0.391508,0.492600,0.011629,1,
id0398,id0447,crop,down8k,0.459389,0.528494,0.005388,1,
id0398,id0460,crop,down8k,0.406621,0.672027,0.012223,1,
id0398,id0462,crop,down8k,0.295371,0.403969,0.006752,1,
id0398,id0465,crop,down8k,0.342753,0.446071,0.011215,1,
id0398,id0466,crop,down8k,0.393692,0.521827,0.005922,1,
id0398,id0468,crop,down8k,0.313317,0.452679,0.011894,1,
id0398,id0470,crop,down8k,0.262555,0.326818,0.009495,1,
id0398,id0476,crop,down8k,0.430725,0.603648,0.007886,1,
id0398,id0486,crop,down8k,0.462028,0.634400,0.009195,1,
id0398,id0491,crop,down8k,0.489895,0.654664,0.011403,1,
id0398,id0498,crop,down8k,0.516975,0.688439,0.013872,1,
id0399,id0401,crop,down8k,0.277777,0.414559,0.016522,1,
id0399,id0402,crop,down8k,0.334493,0.432744,0.012780,1,
id0399,id0404,crop,down8k,0.383984,0.510818,0.015745,1,
id0399,id0411,crop,down8k,0.317708,0.497742,0.018502,1,
id0399,id0412,crop,down8k,0.342022,0.519347,0.016999,1,
id0399,id0418,crop,down8k,0.453455,0.628193,0.013862,1,
id0399,id0421,crop,down8k,0.285345,0.464747,0.015984,1,
id0399,id0422,crop,down8k,0.297708,0.487219,0.014424,1,
id0399,id0431,crop,down8k,0.367184,0.545118,0.012250,1,
id0399,id0437,crop,down8k,0.366427,0.509056,0.010895,1,
id0399,id0441,crop,down8k,0.260331,0.402650,0.016366,1,
id0399,id0447,crop,down8k,0.282595,0.416261,0.004925,1,
id0399,id0460,crop,down8k,0.273197,0.561699,0.014909,1,
id0399,id0462,crop,down8k,0.309046,0.524541,0.011132,1,
id0399,id0465,crop,down8k,0.269685,0.421496,0.017383,1,
id0399,id0466,crop,down8k,0.293099,0.410815,0.005768,1,
id0399,id0468,crop,down8k,0.457013,0.711903,0.021322,1,
id0399,id0470,crop,down8k,0.411378,0.557978,0.017122,1,
id0399,id0476,crop,down8k,0.261795,0.366854,0.007202,1,
id0399,id0486,crop,down8k,0.275961,0.459621,0.012065,1,
id0399,id0491,crop,down8k,0.256791,0.415848,0.011323,1,
id0399,id0498,crop,down8k,0.287418,0.388855,0.015440,1,
id0401,id0402,crop,down8k,0.321851,0.426184,0.008107,1,
id0401,id0404,crop,down8k,0.329277,0.474067,0.010448,1,
id0401,id0411,crop,down8k,0.270475,0.458479,0.011400,1,
id0401,id0412,crop,down8k,0.315868,0.506365,0.011155,1,
id0401,id0418,crop,down8k,0.434160,0.555496,0.008467,1,
id0401,id0421,crop,down8k,0.338303,0.491207,0.010915,1,
id0401,id0422,crop,down8k,0.306677,0.433521,0.009299,1,
id0401,id0431,crop,down8k,0.353495,0.538055,0.006834,1,
id0401,id0437,crop,down8k,0.344696,0.372269,0.005575,1,
id0401,id0441,crop,down8k,0.197266,0.337631,0.009879,1,
id0401,id0447,crop,down8k,0.432471,0.593394,0.003180,1,
id0401,id0460,crop,down8k,0.310484,0.519505,0.010496,1,
id0401,id0462,crop,down8k,0.401666,0.574742,0.007382,1,
id0401,id0465,crop,down8k,0.195767,0.358400,0.010699,1,
id0401,id0466,crop,down8k,0.401225,0.575718,0.003832,1,
id0401,id0468,crop,down8k,0.422057,0.570855,0.013700,1,
id0401,id0470,crop,down8k,0.332081,0.439119,0.010517,1,
id0401,id0476,crop,down8k,0.391364,0.528368,0.005048,1,
id0401,id0486,crop,down8k,0.385273,0.582869,0.008606,1,
id0401,id0491,crop,down8k,0.305484,0.395035,0.007503,1,
id0401,id0498,crop,down8k,0.300450,0.477122,0.010644,1,
id0402,id0404,crop,down8k,0.183373,0.304246,0.013481,1,
id0402,id0411,crop,down8k,0.303578,0.383037,0.016947,1,
id0402,id0412,crop,down8k,0.214635,0.321801,0.015545,1,
id0402,id0418,crop,down8k,0.254257,0.450506,0.011789,1,
id0402,id0421,crop,down8k,0.241344,0.309789,0.015025,1,
id0402,id0422,crop,down8k,0.238289,0.296194,0.012764,1,
id0402,id0431,crop,down8k,0.281636,0.368907,0.010170,1,
id0402,id0437,crop,down8k,0.368647,0.514060,0.010812,1,
id0402,id0441,crop,down8k,0.235409,0.302888,0.015367,1,
id0402,id0447,crop,down8k,0.453887,0.443708,0.004495,1,
id0402,id0460,crop,down8k,0.200218,0.400010,0.013651,1,
id0402,id0462,crop,down8k,0.295920,0.296771,0.009005,1,
id0402,id0465,crop,down8k,0.275577,0.285714,0.015763,1,
id0402,id0466,crop,down8k,0.365052,0.388183,0.004976,1,
id0402,id0468,crop,down8k,0.305624,0.481647,0.018507,1,
id0402,id0470,crop,down8k,0.223321,0.350471,0.014555,1,
id0402,id0476,crop,down8k,0.337777,0.336261,0.006710,1,
id0402,id0486,crop,down8k,0.348275,0.322131,0.010253,1,
id0402,id0491,crop,down8k,0.297275,0.386677,0.011180,1,
id0402,id0498,crop,down8k,0.289693,0.362280,0.015047,1,
id0404,id0411,crop,down8k,0.309587,0.357679,0.019153,1,
id0404,id0412,crop,down8k,0.218146,0.409260,0.017832,1,
id0404,id0418,crop,down8k,0.301484,0.555231,0.014063,1,
id0404,id0421,crop,down8k,0.319044,0.428284,0.018462,1,
id0404,id0422,crop,down8k,0.229009,0.344043,0.015656,1,
id0404,id0431,crop,down8k,0.283628,0.389409,0.011550,1,
id0404,id0437,crop,down8k,0.410840,0.595458,0.013476,1,
id0404,id0441,crop,down8k,0.250451,0.352239,0.017871,1,
id0404,id0447,crop,down8k,0.503725,0.552964,0.006572,1,
id0404,id0460,crop,down8k,0.243574,0.491368,0.016824,1,
id0404,id0462,crop,down8k,0.311853,0.377987,0.011340,1,
id0404,id0465,crop,down8k,0.284854,0.336127,0.018224,1,
id0404,id0466,crop,down8k,0.409648,0.475457,0.006965,1,
id0404,id0468,crop,down8k,0.274039,0.442281,0.020453,1,
id0404,id0470,crop,down8k,0.198381,0.377162,0.016375,1,
id0404,id0476,crop,down8k,0.416856,0.486223,0.010038,1,
id0404,id0486,crop,down8k,0.364966,0.369714,0.013531,1,
id0404,id0491,crop,down8k,0.366881,0.511350,0.014503,1,
id0404,id0498,crop,down8k,0.354615,0.480062,0.019163,1,
id0411,id0412,crop,down8k,0.349532,0.496137,0.007106,1,
id0411,id0418,crop,down8k,0.438750,0.614495,0.005585,1,
id0411,id0421,crop,down8k,0.295364,0.406067,0.007253,1,
id0411,id0422,crop,down8k,0.332680,0.457293,0.006812,1,
id0411,id0431,crop,down8k,0.357571,0.496072,0.004233,1,
id0411,id0437,crop,down8k,0.456442,0.575562,0.003420,1,
id0411,id0441,crop,down8k,0.214827,0.286855,0.006446,1,
id0411,id0447,crop,down8k,0.490217,0.601190,0.002589,1,
id0411,id0460,crop,down8k,0.296883,0.508346,0.006843,1,
id0411,id0462,crop,down8k,0.377575,0.524295,0.004701,1,
id0411,id0465,crop,down8k,0.280850,0.327793,0.006765,1,
id0411,id0466,crop,down8k,0.384575,0.552164,0.002995,1,
id0411,id0468,crop,down8k,0.322885,0.481438,0.009020,1,
id0411,id0470,crop,down8k,0.353529,0.481848,0.006779,1,
id0411,id0476,crop,down8k,0.420208,0.541373,0.004564,1,
id0411,id0486,crop,down8k,0.324308,0.450700,0.006174,1,
id0411,id0491,crop,down8k,0.356798,0.479835,0.005060,1,
id0411,id0498,crop,down8k,0.308693,0.383809,0.007428,1,
id0412,id0418,crop,down8k,0.286749,0.450887,0.014680,1,
id0412,id0421,crop,down8k,0.302943,0.379097,0.018440,1,
id0412,id0422,crop,down8k,0.253256,0.357097,0.016244,1,
id0412,id0431,crop,down8k,0.261738,0.319829,0.012494,1,
id0412,id0437,crop,down8k,0.386717,0.508538,0.013092,1,
id0412,id0441,crop,down8k,0.300312,0.352455,0.018465,1,
id0412,id0447,crop,down8k,0.408681,0.435922,0.005954,1,
id0412,id0460,crop,down8k,0.263142,0.484902,0.017407,1,
id0412,id0462,crop,down8k,0.258951,0.307914,0.011938,1,
id0412,id0465,crop,down8k,0.302869,0.322409,0.019174,1,
id0412,id0466,crop,down8k,0.359976,0.430596,0.007069,1,
id0412,id0468,crop,down8k,0.308968,0.468244,0.022007,1,
id0412,id0470,crop,down8k,0.257752,0.331813,0.017901,1,
id0412,id0476,crop,down8k,0.347668,0.396447,0.009048,1,
id0412,id0486,crop,down8k,0.368430,0.415371,0.013660,1,
id0412,id0491,crop,down8k,0.339943,0.458434,0.013998,1,
id0412,id0498,crop,down8k,0.364585,0.453080,0.018595,1,
id0418,id0421,crop,down8k,0.369229,0.492857,0.025914,1,
id0418,id0422,crop,down8k,0.322775,0.445815,0.022579,1,
id0418,id0431,crop,down8k,0.344582,0.355608,0.017643,1,
id0418,id0437,crop,down8k,0.390005,0.552615,0.020137,1,
id0418,id0441,crop,down8k,0.367867,0.442048,0.025375,1,
id0418,id0447,crop,down8k,0.516494,0.441539,0.010639,1,
id0418,id0460,crop,down8k,0.307640,0.559387,0.024642,1,
id0418,id0462,crop,down8k,0.410867,0.393163,0.017493,1,
id0418,id0465,crop,down8k,0.422876,0.384471,0.026105,1,
id0418,id0466,crop,down8k,0.453255,0.421823,0.011412,1,
id0418,id0468,crop,down8k,0.391486,0.546542,0.028788,1,
id0418,id0470,crop,down8k,0.307819,0.356245,0.024262,1,
id0418,id0476,crop,down8k,0.403558,0.442961,0.014198,1,
id0418,id0486,crop,down8k,0.470327,0.523055,0.019570,1,
id0418,id0491,crop,down8k,0.373128,0.520122,0.021301,1,
id0418,id0498,crop,down8k,0.401312,0.522002,0.026025,1,
id0421,id0422,crop,down8k,0.257735,0.399395,0.012354,1,
id0421,id0431,crop,down8k,0.330757,0.494431,0.010607,1,
id0421,id0437,crop,down8k,0.395903,0.558495,0.009822,1,
id0421,id0441,crop,down8k,0.256471,0.357376,0.014732,1,
id0421,id0447,crop,down8k,0.407444,0.468691,0.004047,1,
id0421,id0460,crop,down8k,0.201648,0.431603,0.012558,1,
id0421,id0462,crop,down8k,0.326840,0.402692,0.009045,1,
id0421,id0465,crop,down8k,0.329783,0.375541,0.015213,1,
id0421,id0466,crop,down8k,0.346490,0.436022,0.004605,1,
id0421,id0468,crop,down8k,0.360513,0.586978,0.018851,1,
id0421,id0470,crop,down8k,0.382815,0.500175,0.014818,1,
id0421,id0476,crop,down8k,0.297387,0.321458,0.005831,1,
id0421,id0486,crop,down8k,0.305494,0.335303,0.009657,1,
id0421,id0491,crop,down8k,0.275356,0.395638,0.009625,1,
id0421,id0498,crop,down8k,0.234395,0.291256,0.013391,1,
id0422,id0431,crop,down8k,0.263494,0.393241,0.012701,1,
id0422,id0437,crop,down8k,0.369047,0.521825,0.013584,1,
id0422,id0441,crop,down8k,0.248051,0.387255,0.018302,1,
id0422,id0447,crop,down8k,0.406360,0.430627,0.006375,1,
id0422,id0460,crop,down8k,0.194269,0.511993,0.016766,1,
id0422,id0462,crop,down8k,0.272742,0.337362,0.011522,1,
id0422,id0465,crop,down8k,0.287564,0.392998,0.019166,1,
id0422,id0466,crop,down8k,0.334963,0.351798,0.006480,1,
id0422,id0468,crop,down8k,0.315886,0.518150,0.020990,1,
id0422,id0470,crop,down8k,0.241271,0.383010,0.017527,1,
id0422,id0476,crop,down8k,0.306629,0.359103,0.008588,1,
id0422,id0486,crop,down8k,0.307596,0.398943,0.012648,1,
id0422,id0491,crop,down8k,0.304982,0.443504,0.013939,1,
id0422,id0498,crop,down8k,0.327702,0.466602,0.018127,1,
id0431,id0437,crop,down8k,0.406171,0.517372,0.013824,1,
id0431,id0441,crop,down8k,0.298886,0.418489,0.018585,1,
id0431,id0447,crop,down8k,0.341002,0.393499,0.006698,1,
id0431,id0460,crop,down8k,0.330717,0.636150,0.018533,1,
id0431,id0462,crop,down8k,0.266161,0.395845,0.012489,1,
id0431,id0465,crop,down8k,0.326847,0.399996,0.019083,1,
id0431,id0466,crop,down8k,0.284583,0.410117,0.007853,1,
id0431,id0468,crop,down8k,0.305890,0.534734,0.021299,1,
id0431,id0470,crop,down8k,0.247632,0.351594,0.017043,1,
id0431,id0476,crop,down8k,0.337154,0.513683,0.010593,1,
id0431,id0486,crop,down8k,0.418949,0.615362,0.014991,1,
id0431,id0491,crop,down8k,0.386687,0.567505,0.015631,1,
id0431,id0498,crop,down8k,0.434914,0.626510,0.020347,1,
id0437,id0441,crop,down8k,0.336689,0.546130,0.026727,1,
id0437,id0447,crop,down8k,0.415288,0.518225,0.010885,1,
id0437,id0460,crop,down8k,0.383953,0.712870,0.025116,1,
id0437,id0462,crop,down8k,0.470101,0.708402,0.020430,1,
id0437,id0465,crop,down8k,0.394984,0.582995,0.027755,1,
id0437,id0466,crop,down8k,0.405369,0.538522,0.012534,1,
id0437,id0468,crop,down8k,0.537403,0.824041,0.032568,1,
id0437,id0470,crop,down8k,0.411726,0.612582,0.026981,1,
id0437,id0476,crop,down8k,0.370798,0.566309,0.015974,1,
id0437,id0486,crop,down8k,0.534355,0.774217,0.022753,1,
id0437,id0491,crop,down8k,0.259729,0.451111,0.019228,1,
id0437,id0498,crop,down8k,0.409972,0.646573,0.026948,1,
id0441,id0447,crop,down8k,0.405120,0.507810,0.005503,1,
id0441,id0460,crop,down8k,0.215857,0.514325,0.016039,1,
id0441,id0462,crop,down8k,0.343782,0.517146,0.011937,1,
id0441,id0465,crop,down8k,0.198906,0.312826,0.017026,1,
id0441,id0466,crop,down8k,0.325193,0.474297,0.006326,1,
id0441,id0468,crop,down8k,0.351042,0.560622,0.020479,1,
id0441,id0470,crop,down8k,0.280436,0.463390,0.016283,1,
id0441,id0476,crop,down8k,0.339167,0.448436,0.008503,1,
id0441,id0486,crop,down8k,0.358541,0.499950,0.013436,1,
id0441,id0491,crop,down8k,0.262593,0.377899,0.012204,1,
id0441,id0498,crop,down8k,0.261249,0.378142,0.016647,1,
id0447,id0460,crop,down8k,0.417431,0.710545,0.032349,1,
id0447,id0462,crop,down8k,0.315803,0.557685,0.025912,1,
id0447,id0465,crop,down8k,0.407628,0.564806,0.035569,1,
id0447,id0466,crop,down8k,0.235278,0.349343,0.016863,1,
id0447,id0468,crop,down8k,0.545201,0.791742,0.039235,1,
id0447,id0470,crop,down8k,0.484035,0.587713,0.034247,1,
id0447,id0476,crop,down8k,0.232137,0.423897,0.019327,1,
id0447,id0486,crop,down8k,0.426920,0.661779,0.027521,1,
id0447,id0491,crop,down8k,0.362332,0.541981,0.027395,1,
id0447,id0498,crop,down8k,0.457734,0.604366,0.033339,1,
id0460,id0462,crop,down8k,0.293692,0.360766,0.010219,1,
id0460,id0465,crop,down8k,0.279804,0.367179,0.016961,1,
id0460,id0466,crop,down8k,0.331595,0.428203,0.005296,1,
id0460,id0468,crop,down8k,0.351528,0.563305,0.019900,1,
id0460,id0470,crop,down8k,0.302722,0.459020,0.015921,1,
id0460,id0476,crop,down8k,0.304470,0.310126,0.006817,1,
id0460,id0486,crop,down8k,0.296735,0.306855,0.010869,1,
id0460,id0491,crop,down8k,0.258366,0.385571,0.011227,1,
id0460,id0498,crop,down8k,0.238959,0.330334,0.015219,1,
id0462,id0465,crop,down8k,0.320385,0.416180,0.030696,1,
id0462,id0466,crop,down8k,0.267492,0.359060,0.013550,1,
id0462,id0468,crop,down8k,0.355113,0.541708,0.033846,1,
id0462,id0470,crop,down8k,0.322122,0.397260,0.028637,1,
id0462,id0476,crop,down8k,0.285703,0.372028,0.016749,1,
id0462,id0486,crop,down8k,0.295444,0.418391,0.022356,1,
id0462,id0491,crop,down8k,0.396071,0.494795,0.023731,1,
id0462,id0498,crop,down8k,0.418402,0.508621,0.029791,1,
id0465,id0466,crop,down8k,0.345851,0.488757,0.002542,1,
id0465,id0468,crop,down8k,0.385231,0.542284,0.010410,1,
id0465,id0470,crop,down8k,0.280135,0.402367,0.007494,1,
id0465,id0476,crop,down8k,0.349491,0.450605,0.003658,1,
id0465,id0486,crop,down8k,0.331163,0.460896,0.005625,1,
id0465,id0491,crop,down8k,0.311850,0.414503,0.005960,1,
id0465,id0498,crop,down8k,0.281236,0.389237,0.008214,1,
id0466,id0468,crop,down8k,0.455653,0.758145,0.037048,1,
id0466,id0470,crop,down8k,0.403579,0.563605,0.031915,1,
id0466,id0476,crop,down8k,0.228243,0.385714,0.018517,1,
id0466,id0486,crop,down8k,0.395492,0.581072,0.025444,1,
id0466,id0491,crop,down8k,0.306731,0.490455,0.025194,1,
id0466,id0498,crop,down8k,0.399153,0.554477,0.031697,1,
id0468,id0470,crop,down8k,0.301538,0.380385,0.005272,1,
id0468,id0476,crop,down8k,0.478503,0.643844,0.004817,1,
id0468,id0486,crop,down8k,0.422627,0.537966,0.005228,1,
id0468,id0491,crop,down8k,0.488188,0.660680,0.006913,1,
id0468,id0498,crop,down8k,0.444195,0.606667,0.008053,1,
id0470,id0476,crop,down8k,0.419072,0.536332,0.006496,1,
id0470,id0486,crop,down8k,0.415587,0.512273,0.009042,1,
id0470,id0491,crop,down8k,0.400990,0.539880,0.010729,1,
id0470,id0498,crop,down8k,0.419937,0.561446,0.013645,1,
id0476,id0486,crop,down8k,0.332094,0.507168,0.022920,1,
id0476,id0491,crop,down8k,0.255288,0.430969,0.023821,1,
id0476,id0498,crop,down8k,0.325334,0.436454,0.028400,1,
id0486,id0491,crop,down8k,0.387684,0.514169,0.009246,1,
id0486,id0498,crop,down8k,0.318965,0.378467,0.012098,1,
id0491,id0498,crop,down8k,0.263266,0.383708,0.025418,1,
