F,wbse,within_mean,between_mean,n_subjects
1,2.1007938993053346,7.44402291311444,21.821515087791933,99
