F,wbse,within_mean,within_std,within_cv,between_mean,n_subjects
1,0.9042635617511344,0.12679017305808948,0.044390728931516646,2.8562309317716714,0.1667824562556561,99
3,1.6351592126666161,0.07411483992411247,0.024802803080693315,2.9881638653094016,0.12896352473772082,99
5,1.9977112220660218,0.05413589576397513,0.017196922498334297,3.1479990544365575,0.11908473506104776,99
10,2.1990937749251507,0.03852836815711828,0.011930965785715494,3.2292748842886527,0.11112626107546728,99
15,2.3308499252052175,0.03269689363215883,0.011350792857417311,2.8805823560415567,0.10968595888673804,99
