F,mean_landmark_error,n_subjects
1,0.0021703909895632147,99
3,0.00211997158906592,99
5,0.0020990307480831583,99
10,0.0020910577240988455,99
15,0.0020959516726950095,99
