F,wbse,within_mean,between_mean,n_subjects
1,1.2629553700788372,0.09116872019188993,0.1423487846535104,99
3,1.6308132528448658,0.054584724614962096,0.11759978906741946,99
5,1.8068661407220428,0.04189398555287767,0.11107059139306644,99
10,2.043863948697707,0.02961707001117747,0.10783305426910764,99
15,2.1422239010156474,0.02437769458521052,0.10591001059997963,99
