F,mean_landmark_error,n_subjects
1,0.002088264250698924,99
3,0.0020022803112107433,99
5,0.0019907624784150117,99
10,0.0019832346901021767,99
15,0.001979314093816112,99
