F,wbse,within_mean,between_mean,n_subjects
1,0.8756446571980765,0.1436322406593873,0.20633978115687174,99
3,1.3763103562105625,0.08536674943862434,0.1687849780546952,99
5,1.5848673217094607,0.06543982712756878,0.15947932809463305,99
10,1.945328645457906,0.04499684565991698,0.1498113561439033,99
15,1.996862271374148,0.03806435106854794,0.14811634544697075,99
