F,wbse,within_mean,within_std,within_cv,between_mean,n_subjects
1,1.9393232763000783,168.07679945757474,53.20046226760055,3.1593108836562624,451.34416077467233,99
