F,mean_landmark_error,n_subjects
1,0.0022928450071490283,99
2,0.002291133745497138,99
3,0.0022915567227407515,99
