F,wbse,within_mean,between_mean,n_subjects
1,0.3763226125984841,0.10009141179856568,0.12405713705925918,99
3,0.7481011805761535,0.059348173443083005,0.09622738973230915,99
5,0.9388319138849858,0.045542169924829894,0.08776492072017372,99
10,1.1426946201681956,0.033129720673072516,0.0796199418671461,99
15,1.2562625040037307,0.026991830290336204,0.07672727161912783,99
