F,mean_landmark_error,n_subjects
1,0.0026698039956436458,99
3,0.0026719678969725704,99
5,0.002669720793354585,99
10,0.002669381120620169,99
15,0.002668670408024118,99
