step,epoch,loss
1,1,0.11670037
2,1,0.11875582
3,1,0.09844079
4,1,0.09499153
5,1,0.07137468
6,1,0.08059335
7,1,0.11583693
8,1,0.10568216
9,1,0.06637645
10,1,0.09736943
11,1,0.06484026
12,1,0.09588997
13,1,0.09170371
14,1,0.07879790
15,1,0.07045390
16,1,0.04864646
17,1,0.08716827
18,1,0.07783104
19,1,0.07597668
20,1,0.07651635
21,1,0.06724944
22,1,0.05361940
23,1,0.05571189
24,1,0.08826856
25,1,0.12092368
26,1,0.07860009
27,1,0.08837330
28,1,0.06788303
29,1,0.06849323
30,1,0.05832059
31,1,0.08597263
32,1,0.13117331
33,1,0.11397178
34,1,0.05550883
35,1,0.09430600
36,1,0.09830847
37,1,0.05353502
38,1,0.06737507
39,1,0.11479104
40,1,0.06491583
41,1,0.05637903
42,1,0.07602105
43,1,0.06055022
44,1,0.06408584
45,1,0.12180412
46,1,0.04049699
47,1,0.08384847
48,1,0.08352114
49,1,0.09739927
50,1,0.07278945
51,1,0.10882884
52,1,0.07192622
53,1,0.06372591
54,1,0.08272287
55,1,0.08336039
56,1,0.06483842
57,1,0.07892000
58,1,0.09195174
59,1,0.10008420
60,1,0.07601872
61,1,0.10864734
62,1,0.06863367
63,1,0.10589185
64,1,0.05586729
65,1,0.09042294
66,1,0.06884687
67,1,0.09307674
68,1,0.08677743
69,1,0.11424376
70,1,0.08839719
71,1,0.05206184
72,1,0.05215598
73,1,0.06153081
74,1,0.18498437
75,1,0.06185122
76,1,0.04865665
77,1,0.05130646
78,1,0.05243985
79,1,0.05767195
80,1,0.13015412
81,1,0.12523608
82,1,0.05751400
83,1,0.07420005
84,1,0.07388517
85,1,0.07759885
86,1,0.06918545
87,1,0.08295780
88,1,0.05722318
89,1,0.05783942
90,1,0.08286419
91,1,0.07298094
92,1,0.05559846
93,1,0.06330398
94,1,0.05977527
95,1,0.06239441
96,1,0.06694884
97,1,0.06031145
98,1,0.06537598
99,1,0.10660201
100,1,0.07429802
101,1,0.09691282
102,1,0.09632083
103,1,0.09796020
104,1,0.14129433
105,1,0.05406184
106,1,0.11369261
107,1,0.04511341
108,1,0.16380335
109,1,0.05865036
110,1,0.05449903
111,1,0.05508634
112,1,0.15848382
113,1,0.05002863
114,1,0.04597764
115,1,0.05019372
116,1,0.06031613
117,1,0.09598546
118,1,0.04902888
119,1,0.10747703
120,1,0.10812278
121,1,0.10538655
122,1,0.05692426
123,1,0.04540144
124,1,0.06638780
125,1,0.05945738
126,1,0.06497759
127,1,0.08536924
128,1,0.09897934
129,1,0.06613318
130,1,0.06782360
131,1,0.07721512
132,1,0.05652652
133,1,0.06734121
134,1,0.04571212
135,1,0.06651364
136,1,0.04740380
137,1,0.08753819
138,1,0.05319912
139,1,0.07681046
140,1,0.06150993
141,1,0.06654346
142,1,0.05959721
143,1,0.16074349
144,1,0.05071452
145,1,0.06663840
146,1,0.07173305
147,1,0.07919496
148,1,0.05423843
149,1,0.04414714
150,1,0.04542011
151,1,0.06445670
152,1,0.08279067
153,1,0.03085891
154,1,0.05995946
155,1,0.11725354
156,1,0.04585551
157,1,0.05085031
158,1,0.04895050
159,1,0.02417212
160,1,0.08330164
161,1,0.05227096
162,1,0.06538144
163,1,0.05219972
164,1,0.09684489
165,1,0.10422176
166,1,0.04749145
167,1,0.06012432
168,1,0.04274025
169,1,0.04026799
170,1,0.04273510
171,1,0.08482974
172,1,0.12527144
173,1,0.07262474
174,1,0.03179602
175,1,0.03138021
176,1,0.12499675
177,1,0.03971677
178,1,0.04133358
179,1,0.06674534
180,1,0.04590800
181,1,0.10384439
182,1,0.04703203
183,1,0.07795751
184,1,0.11545490
185,1,0.04447269
186,1,0.04221344
187,1,0.03786658
188,1,0.04406347
189,1,0.03946872
190,1,0.10394798
191,1,0.04036547
192,1,0.05999798
193,1,0.02694504
194,1,0.03944173
195,1,0.06746399
196,1,0.04692322
197,1,0.09397414
198,1,0.10751565
199,1,0.05842176
200,1,0.08714625
201,1,0.06749389
202,1,0.05137212
203,1,0.06389441
204,1,0.05639543
205,1,0.04371937
206,1,0.05309248
207,1,0.03794701
208,1,0.10489374
209,1,0.04271369
210,1,0.07713185
211,1,0.03680323
212,1,0.04284474
213,1,0.04980287
214,1,0.05313750
215,1,0.06062504
216,1,0.03130004
217,1,0.02185988
218,1,0.08584181
219,1,0.05588557
220,1,0.12829168
221,1,0.02739709
222,1,0.06854821
223,1,0.06077083
224,1,0.04961709
225,1,0.08154259
226,1,0.04827635
227,1,0.08300984
228,1,0.13085735
229,1,0.08287151
230,1,0.03213677
231,1,0.10215414
232,1,0.04023007
233,1,0.02908934
234,1,0.05972754
235,1,0.03885198
236,1,0.07772680
237,1,0.04864898
238,1,0.08060891
239,1,0.05505501
240,1,0.10201410
241,1,0.14736424
242,1,0.05871249
243,1,0.15250787
244,1,0.02841187
245,1,0.08058833
246,1,0.05722945
247,1,0.04178761
248,1,0.07473713
249,1,0.04649994
250,1,0.04455640
251,1,0.03400465
252,1,0.04854874
253,1,0.04343449
254,1,0.05376351
255,1,0.03834396
256,1,0.05456457
257,1,0.03927391
258,1,0.07593460
259,1,0.07357079
260,1,0.03510704
261,1,0.02113347
262,1,0.14819705
263,1,0.04763791
264,1,0.06595425
265,1,0.03899095
266,1,0.05335931
267,1,0.02997802
268,1,0.08718879
269,1,0.09231561
270,1,0.05888090
271,1,0.08313499
272,1,0.03721935
273,1,0.04429355
274,1,0.06184452
275,1,0.03429734
276,1,0.08342022
277,1,0.05523694
278,1,0.03437156
279,1,0.06209236
280,1,0.03644463
281,1,0.04658885
282,1,0.08786466
283,1,0.01896511
284,1,0.08113530
285,1,0.02715212
286,1,0.06486576
287,1,0.03785157
288,1,0.02961592
289,1,0.04330838
290,1,0.09844790
291,1,0.03088051
292,1,0.10513823
293,1,0.04845241
294,2,0.02355467
295,2,0.05537817
296,2,0.07841770
297,2,0.06936660
298,2,0.02787235
299,2,0.04304000
300,2,0.04385246
301,2,0.02842303
302,2,0.03116634
303,2,0.03287034
304,2,0.02900911
305,2,0.11134314
306,2,0.03303015
307,2,0.08434086
308,2,0.02735266
309,2,0.03284789
310,2,0.09334239
311,2,0.03534517
312,2,0.02755463
313,2,0.08082315
314,2,0.04123729
315,2,0.10787454
316,2,0.03456515
317,2,0.02368608
318,2,0.02084754
319,2,0.03342229
320,2,0.04658362
321,2,0.04902599
322,2,0.03502097
323,2,0.02273736
324,2,0.03048570
325,2,0.08774568
326,2,0.12521178
327,2,0.03002810
328,2,0.05909057
329,2,0.03585566
330,2,0.06341609
331,2,0.03500662
332,2,0.07484934
333,2,0.05980974
334,2,0.03804274
335,2,0.04585088
336,2,0.09038553
337,2,0.02433726
338,2,0.02735279
339,2,0.03432376
340,2,0.03201430
341,2,0.11445852
342,2,0.05613323
343,2,0.02700616
344,2,0.05931124
345,2,0.03271059
346,2,0.11008495
347,2,0.03569873
348,2,0.08711592
349,2,0.02344369
350,2,0.01817287
351,2,0.05414864
352,2,0.05515587
353,2,0.02758811
354,2,0.02509501
355,2,0.03742025
356,2,0.06458427
357,2,0.02888316
358,2,0.03553858
359,2,0.05338642
360,2,0.04225107
361,2,0.03622385
362,2,0.05263888
363,2,0.02951094
364,2,0.02913628
365,2,0.01263339
366,2,0.01960107
367,2,0.09908585
368,2,0.02625726
369,2,0.02237624
370,2,0.10567454
371,2,0.03886090
372,2,0.02835260
373,2,0.07693914
374,2,0.02983522
375,2,0.03704656
376,2,0.09508393
377,2,0.04687699
378,2,0.06935623
379,2,0.02188437
380,2,0.04973950
381,2,0.10599540
382,2,0.03478188
383,2,0.02078401
384,2,0.02963514
385,2,0.05433736
386,2,0.03385708
387,2,0.02184445
388,2,0.05990438
389,2,0.03144202
390,2,0.06966984
391,2,0.08699098
392,2,0.02976119
393,2,0.02906201
394,2,0.11350659
395,2,0.09375198
396,2,0.04587562
397,2,0.02273584
398,2,0.02717072
399,2,0.04085303
400,2,0.06766316
401,2,0.03079104
402,2,0.03176683
403,2,0.03600482
404,2,0.05628752
405,2,0.05631452
406,2,0.04427312
407,2,0.06083234
408,2,0.09636747
409,2,0.02220626
410,2,0.03295161
411,2,0.05199197
412,2,0.04144492
413,2,0.05941028
414,2,0.02497914
415,2,0.09392978
416,2,0.01624619
417,2,0.03116842
418,2,0.09302010
419,2,0.03843199
420,2,0.06318700
421,2,0.07161161
422,2,0.02784247
423,2,0.06380041
424,2,0.03580805
425,2,0.09229929
426,2,0.03689132
427,2,0.05343353
428,2,0.10485007
429,2,0.05404750
430,2,0.02497548
431,2,0.02639149
432,2,0.04589088
433,2,0.02991625
434,2,0.03794704
435,2,0.10506817
436,2,0.07325872
437,2,0.15060283
438,2,0.06283753
439,2,0.13084906
440,2,0.04654381
441,2,0.03622244
442,2,0.05562666
443,2,0.03960569
444,2,0.03207363
445,2,0.02807110
446,2,0.05672024
447,2,0.06296420
448,2,0.01685570
449,2,0.02445405
450,2,0.08300138
451,2,0.05719043
452,2,0.04275841
453,2,0.07130811
454,2,0.04937360
455,2,0.06097040
456,2,0.05219974
457,2,0.03345560
458,2,0.03959214
459,2,0.02667460
460,2,0.06075210
461,2,0.03324859
462,2,0.08324488
463,2,0.06686868
464,2,0.07622916
465,2,0.07982446
466,2,0.04405925
467,2,0.06170256
468,2,0.02526447
469,2,0.07361405
470,2,0.03902943
471,2,0.02859607
472,2,0.03978293
473,2,0.02233486
474,2,0.01964714
475,2,0.06581208
476,2,0.03909754
477,2,0.01976681
478,2,0.02887235
479,2,0.03963881
480,2,0.01236502
481,2,0.01821516
482,2,0.03706105
483,2,0.02955422
484,2,0.07366520
485,2,0.01764967
486,2,0.06808084
487,2,0.01907767
488,2,0.02512456
489,2,0.10658319
490,2,0.09913565
491,2,0.06262443
492,2,0.03218528
493,2,0.05225205
494,2,0.04399203
495,2,0.01645053
496,2,0.01498129
497,2,0.06592018
498,2,0.03026197
499,2,0.09288456
500,2,0.04320103
501,2,0.04465549
502,2,0.03951455
503,2,0.03179864
504,2,0.03251547
505,2,0.01279766
506,2,0.03286614
507,2,0.02266119
508,2,0.08951277
509,2,0.06181790
510,2,0.03012155
511,2,0.03870344
512,2,0.02607205
513,2,0.02852170
514,2,0.02578865
515,2,0.02304988
516,2,0.01272855
517,2,0.02298301
518,2,0.01730757
519,2,0.05760303
520,2,0.04777301
521,2,0.04629707
522,2,0.05955419
523,2,0.02040321
524,2,0.02636312
525,2,0.02361313
526,2,0.03417939
527,2,0.01806956
528,2,0.05664045
529,2,0.01616899
530,2,0.02384338
531,2,0.01305814
532,2,0.03187473
533,2,0.08750225
534,2,0.04080010
535,2,0.03199732
536,2,0.07584821
537,2,0.11733799
538,2,0.04420694
539,2,0.02728365
540,2,0.02183449
541,2,0.02213214
542,2,0.04448212
543,2,0.07236711
544,2,0.07697589
545,2,0.01859065
546,2,0.02909908
547,2,0.01815258
548,2,0.03386766
549,2,0.09290549
550,2,0.03343279
551,2,0.06109106
552,2,0.03636828
553,2,0.03619601
554,2,0.02260980
555,2,0.06686155
556,2,0.03251529
557,2,0.03441969
558,2,0.04814366
559,2,0.01683117
560,2,0.08218022
561,2,0.03372302
562,2,0.05345028
563,2,0.01408840
564,2,0.03801361
565,2,0.02804929
566,2,0.03442304
567,2,0.03134129
568,2,0.03159644
569,2,0.06028427
570,2,0.04020238
571,2,0.01351224
572,2,0.05949230
573,2,0.01143179
574,2,0.03774514
575,2,0.02621359
576,2,0.01862348
577,2,0.03220068
578,2,0.02543869
579,2,0.03909075
580,2,0.10739144
581,2,0.08721011
582,2,0.09601036
583,2,0.03957401
584,2,0.04231895
585,2,0.01152628
586,2,0.02954189
587,3,0.05268336
588,3,0.01565018
589,3,0.07597135
590,3,0.02037882
591,3,0.05464068
592,3,0.02880956
593,3,0.02839043
594,3,0.05860415
595,3,0.02116141
596,3,0.04334917
597,3,0.04319127
598,3,0.02614607
599,3,0.01705442
600,3,0.02819095
601,3,0.03943635
602,3,0.05251400
603,3,0.01610670
604,3,0.02885177
605,3,0.06925073
606,3,0.05455970
607,3,0.09201826
608,3,0.01687014
609,3,0.02220266
610,3,0.03200135
611,3,0.09325735
612,3,0.07250440
613,3,0.09599419
614,3,0.03655148
615,3,0.04108239
616,3,0.02500337
617,3,0.02185771
618,3,0.02971966
619,3,0.06145511
620,3,0.04297101
621,3,0.05405229
622,3,0.08203010
623,3,0.03141001
624,3,0.03304639
625,3,0.02867080
626,3,0.08257520
627,3,0.01612347
628,3,0.01649777
629,3,0.03833518
630,3,0.07640537
631,3,0.01841110
632,3,0.03743796
633,3,0.01667782
634,3,0.06192569
635,3,0.02395596
636,3,0.02363190
637,3,0.01957599
638,3,0.02067050
639,3,0.04481000
640,3,0.02839628
641,3,0.02925845
642,3,0.02858303
643,3,0.02363297
644,3,0.04305822
645,3,0.01789974
646,3,0.07579157
647,3,0.04183862
648,3,0.02319117
649,3,0.08180140
650,3,0.02448823
651,3,0.02417357
652,3,0.03895732
653,3,0.05281921
654,3,0.02532926
655,3,0.07977509
656,3,0.05319227
657,3,0.06634905
658,3,0.02512024
659,3,0.07949789
660,3,0.03502560
661,3,0.07796200
662,3,0.02427798
663,3,0.02238214
664,3,0.05090155
665,3,0.09837958
666,3,0.02466617
667,3,0.07697152
668,3,0.04095174
669,3,0.04401951
670,3,0.02407069
671,3,0.01444757
672,3,0.02664095
673,3,0.02571354
674,3,0.02399149
675,3,0.10158398
676,3,0.02072068
677,3,0.02146675
678,3,0.02751853
679,3,0.04129952
680,3,0.02251632
681,3,0.07551888
682,3,0.03356568
683,3,0.01910571
684,3,0.06920621
685,3,0.04031143
686,3,0.02819869
687,3,0.02219705
688,3,0.02652540
689,3,0.01456295
690,3,0.03933411
691,3,0.03157222
692,3,0.08545654
693,3,0.01714909
694,3,0.10922413
695,3,0.07599798
696,3,0.03629172
697,3,0.04389657
698,3,0.02205111
699,3,0.01587577
700,3,0.02073869
701,3,0.01613816
702,3,0.10256024
703,3,0.06818258
704,3,0.05006344
705,3,0.11052643
706,3,0.04295891
707,3,0.03067311
708,3,0.02956928
709,3,0.01754152
710,3,0.05844811
711,3,0.01593066
712,3,0.04397653
713,3,0.03345756
714,3,0.01159951
715,3,0.03425426
716,3,0.02206071
717,3,0.03353847
718,3,0.05737059
719,3,0.04002199
720,3,0.03538103
721,3,0.05350857
722,3,0.02461168
723,3,0.01614870
724,3,0.03436757
725,3,0.01928493
726,3,0.02570083
727,3,0.02162440
728,3,0.04060806
729,3,0.03414020
730,3,0.06646151
731,3,0.02850560
732,3,0.02990655
733,3,0.05995407
734,3,0.01332414
735,3,0.01961960
736,3,0.03277465
737,3,0.02389018
738,3,0.01911728
739,3,0.02189688
740,3,0.02822182
741,3,0.02297182
742,3,0.01336912
743,3,0.07963372
744,3,0.02341211
745,3,0.08740395
746,3,0.01281965
747,3,0.01562776
748,3,0.01844181
749,3,0.02733464
750,3,0.02337417
751,3,0.03011620
752,3,0.02395474
753,3,0.03608281
754,3,0.02155385
755,3,0.01818158
756,3,0.01949830
757,3,0.01639691
758,3,0.03106973
759,3,0.01395055
760,3,0.03216117
761,3,0.09524334
762,3,0.01241601
763,3,0.02423666
764,3,0.02504213
765,3,0.02732414
766,3,0.01380694
767,3,0.02972541
768,3,0.01562455
769,3,0.01958941
770,3,0.02256933
771,3,0.02799025
772,3,0.08864359
773,3,0.01857124
774,3,0.01290557
775,3,0.02517324
776,3,0.02804453
777,3,0.02764555
778,3,0.01665935
779,3,0.03579416
780,3,0.02271436
781,3,0.07178428
782,3,0.08006432
783,3,0.03731528
784,3,0.02789067
785,3,0.10593920
786,3,0.02815973
787,3,0.02591981
788,3,0.02287351
789,3,0.03151643
790,3,0.06748023
791,3,0.02429081
792,3,0.01968595
793,3,0.03653628
794,3,0.02559377
795,3,0.02317473
796,3,0.07122778
797,3,0.07903346
798,3,0.01694082
799,3,0.02039652
800,3,0.07242996
801,3,0.02381777
802,3,0.06781756
803,3,0.02369041
804,3,0.02628233
805,3,0.04133709
806,3,0.01256828
807,3,0.01673898
808,3,0.01724073
809,3,0.01881562
810,3,0.06243453
811,3,0.07228363
812,3,0.01632481
813,3,0.01699920
814,3,0.02808382
815,3,0.07620071
816,3,0.05088773
817,3,0.02535119
818,3,0.03784946
819,3,0.02309267
820,3,0.01508800
821,3,0.02424364
822,3,0.01983824
823,3,0.06607652
824,3,0.08980322
825,3,0.02412049
826,3,0.03758698
827,3,0.04430964
828,3,0.06529537
829,3,0.02055725
830,3,0.01576322
831,3,0.01299611
832,3,0.02696352
833,3,0.04138197
834,3,0.02605293
835,3,0.02074301
836,3,0.01131648
837,3,0.03781973
838,3,0.01630319
839,3,0.03825340
840,3,0.01644214
841,3,0.02476705
842,3,0.07857206
843,3,0.01122217
844,3,0.02108755
845,3,0.04125948
846,3,0.02383082
847,3,0.02964313
848,3,0.03103272
849,3,0.01113152
850,3,0.01943072
851,3,0.02383532
852,3,0.02962861
853,3,0.02721074
854,3,0.01975196
855,3,0.04338803
856,3,0.02876795
857,3,0.02983545
858,3,0.01710564
859,3,0.01264424
860,3,0.02411467
861,3,0.03680639
862,3,0.01716972
863,3,0.01175896
864,3,0.03069994
865,3,0.03547660
866,3,0.07021337
867,3,0.01422861
868,3,0.03946534
869,3,0.01227266
870,3,0.02936358
871,3,0.03892942
872,3,0.05162065
873,3,0.02309491
874,3,0.05457564
875,3,0.09839983
876,3,0.02478758
877,3,0.04164504
878,3,0.04525107
879,3,0.01878063
880,4,0.06721357
881,4,0.00899538
882,4,0.01151129
883,4,0.03160033
884,4,0.05920499
885,4,0.05068792
886,4,0.03844288
887,4,0.08080266
888,4,0.00961805
889,4,0.03817615
890,4,0.08624457
891,4,0.02366973
892,4,0.07434567
893,4,0.04509148
894,4,0.04655531
895,4,0.02771371
896,4,0.06300654
897,4,0.02366777
898,4,0.03700178
899,4,0.01875566
900,4,0.02168810
901,4,0.01308072
902,4,0.02128202
903,4,0.06135011
904,4,0.02190536
905,4,0.01723319
906,4,0.02333120
907,4,0.02214762
908,4,0.03873194
909,4,0.04115645
910,4,0.01352881
911,4,0.01894612
912,4,0.02038322
913,4,0.02921018
914,4,0.01908341
915,4,0.02302638
916,4,0.02000903
917,4,0.05018640
918,4,0.01629905
919,4,0.01651131
920,4,0.03704242
921,4,0.02783285
922,4,0.02941581
923,4,0.05032621
924,4,0.02714567
925,4,0.02658492
926,4,0.02971011
927,4,0.04033988
928,4,0.01543587
929,4,0.02397701
930,4,0.01697274
931,4,0.01598590
932,4,0.02453430
933,4,0.09762821
934,4,0.02573275
935,4,0.02881092
936,4,0.01142523
937,4,0.03698345
938,4,0.01770538
939,4,0.05297561
940,4,0.05351261
941,4,0.09044854
942,4,0.01374576
943,4,0.09188770
944,4,0.04377194
945,4,0.03435919
946,4,0.02548011
947,4,0.08241318
948,4,0.01830502
949,4,0.06065771
950,4,0.04375032
951,4,0.01859946
952,4,0.02233023
953,4,0.02181836
954,4,0.01483737
955,4,0.08604312
956,4,0.03018048
957,4,0.01805178
958,4,0.02751907
959,4,0.06272102
960,4,0.01882870
961,4,0.01336915
962,4,0.03440000
963,4,0.06973214
964,4,0.08125483
965,4,0.01697297
966,4,0.01819717
967,4,0.01403132
968,4,0.06440229
969,4,0.02047747
970,4,0.10010254
971,4,0.02962402
972,4,0.08162567
973,4,0.02294907
974,4,0.01984334
975,4,0.01829180
976,4,0.02608587
977,4,0.01656889
978,4,0.05919975
979,4,0.01553805
980,4,0.02527401
981,4,0.05434990
982,4,0.04227444
983,4,0.05897102
984,4,0.05568796
985,4,0.05583550
986,4,0.02262616
987,4,0.02592333
988,4,0.02360940
989,4,0.02461513
990,4,0.03189944
991,4,0.03438065
992,4,0.02989822
993,4,0.03977114
994,4,0.02442603
995,4,0.02022741
996,4,0.02210885
997,4,0.01818409
998,4,0.01142633
999,4,0.02851178
1000,4,0.01560348
1001,4,0.01289370
1002,4,0.05039042
1003,4,0.05682578
1004,4,0.02789278
1005,4,0.00744847
1006,4,0.01953459
1007,4,0.01261393
1008,4,0.01513556
1009,4,0.01286363
1010,4,0.00868822
1011,4,0.07724749
1012,4,0.03809893
1013,4,0.05442872
1014,4,0.02079474
1015,4,0.01856080
1016,4,0.02679010
1017,4,0.02947264
1018,4,0.01787745
1019,4,0.01006609
1020,4,0.03013645
1021,4,0.01331489
1022,4,0.01731336
1023,4,0.01268553
1024,4,0.09038103
1025,4,0.05952719
1026,4,0.02965261
1027,4,0.02013127
1028,4,0.01424517
1029,4,0.01338223
1030,4,0.03551431
1031,4,0.03091443
1032,4,0.00977012
1033,4,0.01179686
1034,4,0.05733163
1035,4,0.01639846
1036,4,0.01923523
1037,4,0.01084686
1038,4,0.02478687
1039,4,0.01596779
1040,4,0.04901256
1041,4,0.02052813
1042,4,0.01076408
1043,4,0.02327304
1044,4,0.01733859
1045,4,0.01899667
1046,4,0.01935426
1047,4,0.05725195
1048,4,0.05010509
1049,4,0.01890753
1050,4,0.01220718
1051,4,0.01284163
1052,4,0.01048264
1053,4,0.01766845
1054,4,0.05020153
1055,4,0.01352350
1056,4,0.04814338
1057,4,0.01745349
1058,4,0.01231537
1059,4,0.01262875
1060,4,0.01641066
1061,4,0.01954768
1062,4,0.03130068
1063,4,0.00882558
1064,4,0.02966791
1065,4,0.03234870
1066,4,0.12952976
1067,4,0.02193504
1068,4,0.02866711
1069,4,0.01239526
1070,4,0.01765769
1071,4,0.01995217
1072,4,0.03051490
1073,4,0.01285190
1074,4,0.02739272
1075,4,0.02328407
1076,4,0.01840721
1077,4,0.05072178
1078,4,0.01108881
1079,4,0.06461684
1080,4,0.11182855
1081,4,0.09592896
1082,4,0.02998952
1083,4,0.02233698
1084,4,0.01152581
1085,4,0.07311543
1086,4,0.05970950
1087,4,0.04308183
1088,4,0.02802380
1089,4,0.01959426
1090,4,0.01959860
1091,4,0.02526746
1092,4,0.04252668
1093,4,0.01867035
1094,4,0.03460526
1095,4,0.03020531
1096,4,0.04152632
1097,4,0.01711561
1098,4,0.05824156
1099,4,0.05373101
1100,4,0.01810228
1101,4,0.05637136
1102,4,0.07239513
1103,4,0.05829000
1104,4,0.08905507
1105,4,0.06020876
1106,4,0.03837123
1107,4,0.02473554
1108,4,0.02153580
1109,4,0.02668271
1110,4,0.02848100
1111,4,0.04391012
1112,4,0.05177176
1113,4,0.01382448
1114,4,0.03458261
1115,4,0.02016511
1116,4,0.03368017
1117,4,0.01463202
1118,4,0.04096815
1119,4,0.02194597
1120,4,0.02626123
1121,4,0.03401677
1122,4,0.02386567
1123,4,0.01331120
1124,4,0.03985662
1125,4,0.01729512
1126,4,0.04837325
1127,4,0.01844809
1128,4,0.04028304
1129,4,0.02604232
1130,4,0.02790637
1131,4,0.01476493
1132,4,0.01793761
1133,4,0.04766132
1134,4,0.08016834
1135,4,0.02681915
1136,4,0.01321199
1137,4,0.01709757
1138,4,0.01718131
1139,4,0.02592488
1140,4,0.02694140
1141,4,0.07801486
1142,4,0.03146950
1143,4,0.01722705
1144,4,0.01248048
1145,4,0.03813043
1146,4,0.08898202
1147,4,0.01273683
1148,4,0.01537940
1149,4,0.01678142
1150,4,0.01725594
1151,4,0.02137968
1152,4,0.03986228
1153,4,0.01293571
1154,4,0.02798204
1155,4,0.02553069
1156,4,0.02141763
1157,4,0.01590667
1158,4,0.03928715
1159,4,0.05866808
1160,4,0.02061868
1161,4,0.01437050
1162,4,0.01670136
1163,4,0.01281402
1164,4,0.03898373
1165,4,0.01655728
1166,4,0.02399662
1167,4,0.03695866
1168,4,0.01331058
1169,4,0.01655027
1170,4,0.01958013
1171,4,0.02908974
1172,4,0.01317416
1173,5,0.01953813
1174,5,0.01337517
1175,5,0.04288081
1176,5,0.01494465
1177,5,0.01392289
1178,5,0.01414129
1179,5,0.01701390
1180,5,0.03657326
1181,5,0.03424408
1182,5,0.08137155
1183,5,0.01802442
1184,5,0.01330172
1185,5,0.01477404
1186,5,0.02150536
1187,5,0.01854047
1188,5,0.01276596
1189,5,0.01640520
1190,5,0.01755443
1191,5,0.02421325
1192,5,0.02607040
1193,5,0.01780945
1194,5,0.03044401
1195,5,0.01197860
1196,5,0.05416852
1197,5,0.03672057
1198,5,0.00771695
1199,5,0.01054916
1200,5,0.02347332
1201,5,0.01676442
1202,5,0.04719235
1203,5,0.04654846
1204,5,0.02509005
1205,5,0.03203483
1206,5,0.02014197
1207,5,0.01311377
1208,5,0.08000149
1209,5,0.01613759
1210,5,0.01920684
1211,5,0.02400022
1212,5,0.01741395
1213,5,0.01928483
1214,5,0.02213608
1215,5,0.05858905
1216,5,0.02833125
1217,5,0.01411514
1218,5,0.01527791
1219,5,0.04189078
1220,5,0.02381045
1221,5,0.01481507
1222,5,0.02811631
1223,5,0.01432723
1224,5,0.01093998
1225,5,0.01576502
1226,5,0.01739542
1227,5,0.01646736
1228,5,0.02456795
1229,5,0.00847041
1230,5,0.01927817
1231,5,0.05256545
1232,5,0.07781257
1233,5,0.04577230
1234,5,0.00977532
1235,5,0.00755664
1236,5,0.02445654
1237,5,0.00970438
1238,5,0.01294945
1239,5,0.01165481
1240,5,0.01089590
1241,5,0.02587438
1242,5,0.01941624
1243,5,0.01880824
1244,5,0.01530165
1245,5,0.04779090
1246,5,0.07524630
1247,5,0.01987016
1248,5,0.02048524
1249,5,0.00850562
1250,5,0.00806076
1251,5,0.04574543
1252,5,0.04780721
1253,5,0.05977708
1254,5,0.00675860
1255,5,0.01468253
1256,5,0.00790771
1257,5,0.01594905
1258,5,0.01931982
1259,5,0.00747233
1260,5,0.02933854
1261,5,0.03960859
1262,5,0.05719101
1263,5,0.01851089
1264,5,0.06642780
1265,5,0.01488579
1266,5,0.05860107
1267,5,0.01118169
1268,5,0.03943405
1269,5,0.01473275
1270,5,0.07531728
1271,5,0.01653576
1272,5,0.01472524
1273,5,0.01108889
1274,5,0.01282240
1275,5,0.03597509
1276,5,0.01858541
1277,5,0.04678822
1278,5,0.01989497
1279,5,0.01854222
1280,5,0.04982227
1281,5,0.06591492
1282,5,0.01791918
1283,5,0.04574957
1284,5,0.02292527
1285,5,0.03812269
1286,5,0.05053431
1287,5,0.01917521
1288,5,0.01790693
1289,5,0.03434206
1290,5,0.04784505
1291,5,0.08347527
1292,5,0.02661830
1293,5,0.03776363
1294,5,0.03979918
1295,5,0.02751453
1296,5,0.02075187
1297,5,0.01455101
1298,5,0.02031290
1299,5,0.05940126
1300,5,0.04791253
1301,5,0.01094924
1302,5,0.01230583
1303,5,0.01627934
1304,5,0.01280410
1305,5,0.01857950
1306,5,0.03671113
1307,5,0.04224806
1308,5,0.01856946
1309,5,0.01655572
1310,5,0.05707447
1311,5,0.03516776
1312,5,0.02768037
1313,5,0.01840369
1314,5,0.04729273
1315,5,0.02531553
1316,5,0.06694527
1317,5,0.03772622
1318,5,0.01056714
1319,5,0.03521233
1320,5,0.01554850
1321,5,0.01654009
1322,5,0.06193532
1323,5,0.02202291
1324,5,0.06547008
1325,5,0.02176080
1326,5,0.01634026
1327,5,0.03320909
1328,5,0.02454600
1329,5,0.02478798
1330,5,0.03719201
1331,5,0.02465130
1332,5,0.02040457
1333,5,0.03476060
1334,5,0.03456247
1335,5,0.03285957
1336,5,0.02388051
1337,5,0.00948998
1338,5,0.01182827
1339,5,0.05951514
1340,5,0.03518163
1341,5,0.01904501
1342,5,0.01410904
1343,5,0.01685398
1344,5,0.06427277
1345,5,0.04551936
1346,5,0.02287192
1347,5,0.04713304
1348,5,0.02469832
1349,5,0.02761255
1350,5,0.01750421
1351,5,0.00993499
1352,5,0.00718550
1353,5,0.03110016
1354,5,0.02930928
1355,5,0.02665428
1356,5,0.06988288
1357,5,0.01815193
1358,5,0.03519613
1359,5,0.05048068
1360,5,0.02114782
1361,5,0.01608673
1362,5,0.02887599
1363,5,0.09651826
1364,5,0.01075640
1365,5,0.01153465
1366,5,0.05280270
1367,5,0.01574502
1368,5,0.01351384
1369,5,0.03593041
1370,5,0.05630257
1371,5,0.02143166
1372,5,0.00841192
1373,5,0.07400054
1374,5,0.00986431
1375,5,0.03708130
1376,5,0.10101981
1377,5,0.01792600
1378,5,0.02247059
1379,5,0.02560537
1380,5,0.02402071
1381,5,0.07920981
1382,5,0.00905891
1383,5,0.03215088
1384,5,0.01818723
1385,5,0.01925058
1386,5,0.01528979
1387,5,0.01436481
1388,5,0.06355407
1389,5,0.04881177
1390,5,0.01466249
1391,5,0.06258439
1392,5,0.03929022
1393,5,0.02196427
1394,5,0.02001317
1395,5,0.06519717
1396,5,0.01531500
1397,5,0.00937388
1398,5,0.02725798
1399,5,0.03389114
1400,5,0.00905808
1401,5,0.03242778
1402,5,0.00674976
1403,5,0.10012211
1404,5,0.03116052
1405,5,0.01347476
1406,5,0.04207674
1407,5,0.01328805
1408,5,0.01943475
1409,5,0.01721330
1410,5,0.01078190
1411,5,0.04325499
1412,5,0.01005613
1413,5,0.03426661
1414,5,0.03366895
1415,5,0.03229271
1416,5,0.01129398
1417,5,0.04120486
1418,5,0.01312350
1419,5,0.01852870
1420,5,0.01531370
1421,5,0.01568966
1422,5,0.04524414
1423,5,0.01660377
1424,5,0.10380170
1425,5,0.09146997
1426,5,0.02433240
1427,5,0.01277206
1428,5,0.07438881
1429,5,0.01685000
1430,5,0.02132117
1431,5,0.03849187
1432,5,0.01805799
1433,5,0.01959514
1434,5,0.10827102
1435,5,0.01937688
1436,5,0.01974116
1437,5,0.01678873
1438,5,0.02897430
1439,5,0.05203460
1440,5,0.02082029
1441,5,0.02081093
1442,5,0.01273426
1443,5,0.07806422
1444,5,0.01480762
1445,5,0.01676885
1446,5,0.05905523
1447,5,0.02794148
1448,5,0.05059008
1449,5,0.06705742
1450,5,0.03868240
1451,5,0.01077418
1452,5,0.01584527
1453,5,0.01874839
1454,5,0.02266304
1455,5,0.01539760
1456,5,0.04356017
1457,5,0.02408215
1458,5,0.00714253
1459,5,0.02804205
1460,5,0.02003577
1461,5,0.00839714
1462,5,0.03449263
1463,5,0.01419914
1464,5,0.03971829
1465,5,0.01691925
1466,6,0.06253327
1467,6,0.01294612
1468,6,0.01397646
1469,6,0.04838327
1470,6,0.02268361
1471,6,0.01815577
1472,6,0.02048456
1473,6,0.02246356
1474,6,0.01628288
1475,6,0.01595132
1476,6,0.03812697
1477,6,0.02080567
1478,6,0.02318282
1479,6,0.01938386
1480,6,0.02435891
1481,6,0.03842632
1482,6,0.04011767
1483,6,0.02594983
1484,6,0.01509921
1485,6,0.05890562
1486,6,0.01899475
1487,6,0.01981097
1488,6,0.02285028
1489,6,0.04799366
1490,6,0.02625519
1491,6,0.01691094
1492,6,0.01330645
1493,6,0.01922704
1494,6,0.06087194
1495,6,0.02583957
1496,6,0.03338623
1497,6,0.02962643
1498,6,0.04301443
1499,6,0.01528966
1500,6,0.04109415
1501,6,0.02122249
1502,6,0.05485579
1503,6,0.10154621
1504,6,0.02284608
1505,6,0.01852152
1506,6,0.03720875
1507,6,0.01611878
1508,6,0.04578690
1509,6,0.02545555
1510,6,0.01155504
1511,6,0.01381424
1512,6,0.06986921
1513,6,0.05665391
1514,6,0.04780144
1515,6,0.04456862
1516,6,0.01748867
1517,6,0.01374482
1518,6,0.01639690
1519,6,0.01280210
1520,6,0.04448340
1521,6,0.02686496
1522,6,0.01391246
1523,6,0.05024940
1524,6,0.01181601
1525,6,0.01934277
1526,6,0.01326065
1527,6,0.01021250
1528,6,0.02188277
1529,6,0.01039909
1530,6,0.00809693
1531,6,0.02004367
1532,6,0.01158598
1533,6,0.07065217
1534,6,0.04880237
1535,6,0.01714931
1536,6,0.02561701
1537,6,0.01874239
1538,6,0.02378944
1539,6,0.01810632
1540,6,0.03307338
1541,6,0.02423849
1542,6,0.07743025
1543,6,0.02763019
1544,6,0.01406257
1545,6,0.05044213
1546,6,0.00601923
1547,6,0.03576791
1548,6,0.06377716
1549,6,0.01472443
1550,6,0.01068638
1551,6,0.07495572
1552,6,0.01110890
1553,6,0.01634919
1554,6,0.07549402
1555,6,0.04227929
1556,6,0.01720605
1557,6,0.02232144
1558,6,0.02041188
1559,6,0.03032585
1560,6,0.02406663
1561,6,0.01269746
1562,6,0.01372690
1563,6,0.06175529
1564,6,0.06707202
1565,6,0.01190505
1566,6,0.03780099
1567,6,0.06555147
1568,6,0.04464163
1569,6,0.01968345
1570,6,0.02979728
1571,6,0.07801703
1572,6,0.04387684
1573,6,0.05681008
1574,6,0.00614763
1575,6,0.05285011
1576,6,0.02047551
1577,6,0.04996313
1578,6,0.04295919
1579,6,0.02146737
1580,6,0.02106589
1581,6,0.01156230
1582,6,0.04520572
1583,6,0.01364099
1584,6,0.04833640
1585,6,0.01595611
1586,6,0.01209006
1587,6,0.02538957
1588,6,0.01311169
1589,6,0.00992880
1590,6,0.02111800
1591,6,0.01102300
1592,6,0.01473273
1593,6,0.02572780
1594,6,0.06594368
1595,6,0.02095883
1596,6,0.01343398
1597,6,0.01469166
1598,6,0.01558631
1599,6,0.02263471
1600,6,0.03569793
1601,6,0.01344339
1602,6,0.01439679
1603,6,0.02721456
1604,6,0.02059742
1605,6,0.03539243
1606,6,0.05386662
1607,6,0.02680681
1608,6,0.01724122
1609,6,0.02273487
1610,6,0.01493601
1611,6,0.04331429
1612,6,0.00585424
1613,6,0.03754438
1614,6,0.01427879
1615,6,0.02265161
1616,6,0.03952449
1617,6,0.07093612
1618,6,0.01043698
1619,6,0.03314411
1620,6,0.08181672
1621,6,0.03737956
1622,6,0.06773742
1623,6,0.06397961
1624,6,0.03326236
1625,6,0.10527772
1626,6,0.00963764
1627,6,0.01513830
1628,6,0.02094756
1629,6,0.07738221
1630,6,0.04066663
1631,6,0.01958809
1632,6,0.01956265
1633,6,0.01019740
1634,6,0.10341597
1635,6,0.00923400
1636,6,0.01502399
1637,6,0.01790835
1638,6,0.03164481
1639,6,0.01118240
1640,6,0.02645076
1641,6,0.01409295
1642,6,0.01344102
1643,6,0.00812537
1644,6,0.02147431
1645,6,0.03212185
1646,6,0.02789008
1647,6,0.05277289
1648,6,0.01186938
1649,6,0.01675954
1650,6,0.09729051
1651,6,0.03013021
1652,6,0.06039405
1653,6,0.01639140
1654,6,0.01475284
1655,6,0.01544190
1656,6,0.01170934
1657,6,0.05995677
1658,6,0.01673589
1659,6,0.01832573
1660,6,0.01439556
1661,6,0.05196752
1662,6,0.01359322
1663,6,0.02256459
1664,6,0.01156916
1665,6,0.01049892
1666,6,0.01897267
1667,6,0.01050908
1668,6,0.02929267
1669,6,0.03890346
1670,6,0.02138421
1671,6,0.02145268
1672,6,0.01294920
1673,6,0.00821283
1674,6,0.01714847
1675,6,0.02737669
1676,6,0.01929290
1677,6,0.02057093
1678,6,0.01922030
1679,6,0.09347407
1680,6,0.00876110
1681,6,0.01477607
1682,6,0.01206323
1683,6,0.01884294
1684,6,0.01317914
1685,6,0.01838768
1686,6,0.06323676
1687,6,0.01230902
1688,6,0.06544204
1689,6,0.02882898
1690,6,0.01238761
1691,6,0.01502880
1692,6,0.02621078
1693,6,0.02113055
1694,6,0.01731430
1695,6,0.01470167
1696,6,0.01724268
1697,6,0.05802068
1698,6,0.00874241
1699,6,0.02105645
1700,6,0.03409955
1701,6,0.01862756
1702,6,0.01429109
1703,6,0.01987373
1704,6,0.02252321
1705,6,0.01404554
1706,6,0.01491197
1707,6,0.01683841
1708,6,0.02295472
1709,6,0.00790883
1710,6,0.02532325
1711,6,0.01475377
1712,6,0.01828502
1713,6,0.00797343
1714,6,0.04974057
1715,6,0.08452843
1716,6,0.00990294
1717,6,0.01089183
1718,6,0.01419371
1719,6,0.01269863
1720,6,0.02762807
1721,6,0.02367212
1722,6,0.03009273
1723,6,0.02326982
1724,6,0.01562248
1725,6,0.02187941
1726,6,0.02235202
1727,6,0.04559663
1728,6,0.02253466
1729,6,0.01145920
1730,6,0.01408363
1731,6,0.06666110
1732,6,0.03058229
1733,6,0.02373869
1734,6,0.03189312
1735,6,0.03249409
1736,6,0.01241903
1737,6,0.02621267
1738,6,0.01001329
1739,6,0.02039725
1740,6,0.04342944
1741,6,0.04974282
1742,6,0.03259737
1743,6,0.02151515
1744,6,0.01549120
1745,6,0.05682627
1746,6,0.01130999
1747,6,0.02369642
1748,6,0.01204402
1749,6,0.08688250
1750,6,0.01113612
1751,6,0.01451537
1752,6,0.09252419
1753,6,0.01317234
1754,6,0.01443774
1755,6,0.04870150
1756,6,0.01316211
1757,6,0.01603019
1758,6,0.06682266
1759,7,0.03560334
1760,7,0.01416152
1761,7,0.02284180
1762,7,0.01058360
1763,7,0.05600587
1764,7,0.02047628
1765,7,0.03647132
1766,7,0.01617020
1767,7,0.01919358
1768,7,0.00802129
1769,7,0.01781652
1770,7,0.05306205
1771,7,0.05982423
1772,7,0.01478779
1773,7,0.01217242
1774,7,0.00690003
1775,7,0.06501678
1776,7,0.05249488
1777,7,0.01862303
1778,7,0.06545345
1779,7,0.01021316
1780,7,0.04634716
1781,7,0.01590578
1782,7,0.03040809
1783,7,0.01326547
1784,7,0.01529869
1785,7,0.01064199
1786,7,0.04727975
1787,7,0.01807600
1788,7,0.02597981
1789,7,0.02874447
1790,7,0.01830041
1791,7,0.01065280
1792,7,0.00876310
1793,7,0.04837650
1794,7,0.02133833
1795,7,0.02413378
1796,7,0.01238674
1797,7,0.01921921
1798,7,0.04641525
1799,7,0.01381507
1800,7,0.02738428
1801,7,0.01959502
1802,7,0.06405967
1803,7,0.01142212
1804,7,0.01106049
1805,7,0.00969673
1806,7,0.04949994
1807,7,0.01202865
1808,7,0.01469071
1809,7,0.01233819
1810,7,0.02405036
1811,7,0.01022268
1812,7,0.01355151
1813,7,0.01181832
1814,7,0.05557704
1815,7,0.01307974
1816,7,0.01651465
1817,7,0.01843483
1818,7,0.01985384
1819,7,0.01538207
1820,7,0.01014937
1821,7,0.05841799
1822,7,0.04166533
1823,7,0.00956322
1824,7,0.01870820
1825,7,0.01792216
1826,7,0.01378331
1827,7,0.03304697
1828,7,0.01667763
1829,7,0.05707254
1830,7,0.01298477
1831,7,0.01395950
1832,7,0.02014846
1833,7,0.01384356
1834,7,0.01967252
1835,7,0.00741060
1836,7,0.03268884
1837,7,0.02680944
1838,7,0.00878899
1839,7,0.01963586
1840,7,0.01758078
1841,7,0.01545806
1842,7,0.01945204
1843,7,0.01829373
1844,7,0.01913310
1845,7,0.03157433
1846,7,0.01379375
1847,7,0.06295648
1848,7,0.02343515
1849,7,0.01744859
1850,7,0.02935637
1851,7,0.10787578
1852,7,0.03205087
1853,7,0.04161310
1854,7,0.01431988
1855,7,0.01681618
1856,7,0.01917866
1857,7,0.01243151
1858,7,0.02970847
1859,7,0.02687996
1860,7,0.02738920
1861,7,0.02286480
1862,7,0.01480928
1863,7,0.03676823
1864,7,0.02376073
1865,7,0.01533578
1866,7,0.10034630
1867,7,0.02117253
1868,7,0.03616805
1869,7,0.02860783
1870,7,0.04857394
1871,7,0.01266707
1872,7,0.00993126
1873,7,0.04242435
1874,7,0.01962454
1875,7,0.00908251
1876,7,0.07636736
1877,7,0.08940078
1878,7,0.01279282
1879,7,0.02192499
1880,7,0.01575407
1881,7,0.02108177
1882,7,0.02203406
1883,7,0.05172089
1884,7,0.01946931
1885,7,0.04021932
1886,7,0.02455412
1887,7,0.01675970
1888,7,0.03069456
1889,7,0.02282013
1890,7,0.01562549
1891,7,0.04248555
1892,7,0.01204753
1893,7,0.01293475
1894,7,0.01518944
1895,7,0.01876186
1896,7,0.01602120
1897,7,0.01942108
1898,7,0.02145901
1899,7,0.03797458
1900,7,0.03488870
1901,7,0.03541305
1902,7,0.01829601
1903,7,0.01032434
1904,7,0.04728913
1905,7,0.02247306
1906,7,0.03500560
1907,7,0.04217828
1908,7,0.01276380
1909,7,0.01793562
1910,7,0.01711597
1911,7,0.02096790
1912,7,0.01572617
1913,7,0.01962566
1914,7,0.00808291
1915,7,0.01520585
1916,7,0.01095325
1917,7,0.01912953
1918,7,0.04700002
1919,7,0.01217118
1920,7,0.01444112
1921,7,0.02113032
1922,7,0.02056676
1923,7,0.01475955
1924,7,0.01319874
1925,7,0.01592676
1926,7,0.02068027
1927,7,0.01763648
1928,7,0.02794261
1929,7,0.02314075
1930,7,0.01074290
1931,7,0.05701388
1932,7,0.11790995
1933,7,0.03208318
1934,7,0.03823860
1935,7,0.05271920
1936,7,0.01560411
1937,7,0.02773377
1938,7,0.01770688
1939,7,0.02507511
1940,7,0.01455574
1941,7,0.01760243
1942,7,0.03709119
1943,7,0.06022783
1944,7,0.02187757
1945,7,0.02773115
1946,7,0.03863496
1947,7,0.01741284
1948,7,0.02921878
1949,7,0.01532021
1950,7,0.00711070
1951,7,0.00853108
1952,7,0.01917601
1953,7,0.01366094
1954,7,0.00976288
1955,7,0.02613399
1956,7,0.06237471
1957,7,0.01559673
1958,7,0.01708766
1959,7,0.01083902
1960,7,0.08552979
1961,7,0.01247742
1962,7,0.02700350
1963,7,0.01773030
1964,7,0.03045868
1965,7,0.06752904
1966,7,0.10071102
1967,7,0.04739057
1968,7,0.01357515
1969,7,0.02662624
1970,7,0.07764006
1971,7,0.01251631
1972,7,0.01395953
1973,7,0.01550548
1974,7,0.04371515
1975,7,0.04112807
1976,7,0.01680320
1977,7,0.01677205
1978,7,0.01487023
1979,7,0.01769647
1980,7,0.01025178
1981,7,0.01125021
1982,7,0.02117254
1983,7,0.01034777
1984,7,0.06934465
1985,7,0.04493077
1986,7,0.01186667
1987,7,0.02856824
1988,7,0.04681041
1989,7,0.05839580
1990,7,0.02092566
1991,7,0.02516666
1992,7,0.01410175
1993,7,0.02290266
1994,7,0.02319356
1995,7,0.00888473
1996,7,0.01525579
1997,7,0.01870805
1998,7,0.01371944
1999,7,0.02008403
2000,7,0.01252139
2001,7,0.03725647
2002,7,0.00624616
2003,7,0.02762996
2004,7,0.03163766
2005,7,0.03378949
2006,7,0.01134358
2007,7,0.01515536
2008,7,0.01158763
2009,7,0.01377902
2010,7,0.04238567
2011,7,0.01209362
2012,7,0.02197439
2013,7,0.04025419
2014,7,0.04150958
2015,7,0.02475129
2016,7,0.01879433
2017,7,0.01680658
2018,7,0.02032358
2019,7,0.03837125
2020,7,0.03130898
2021,7,0.06696876
2022,7,0.03208261
2023,7,0.03415403
2024,7,0.00880827
2025,7,0.08047342
2026,7,0.01153548
2027,7,0.02434695
2028,7,0.07110521
2029,7,0.01883800
2030,7,0.01556012
2031,7,0.01867665
2032,7,0.02535542
2033,7,0.01628388
2034,7,0.04428444
2035,7,0.02483798
2036,7,0.01108867
2037,7,0.03803596
2038,7,0.01620030
2039,7,0.00902942
2040,7,0.04172860
2041,7,0.01818622
2042,7,0.07774378
2043,7,0.03683891
2044,7,0.03209897
2045,7,0.01911243
2046,7,0.01970545
2047,7,0.03759975
2048,7,0.02642178
2049,7,0.03984136
2050,7,0.05505337
2051,7,0.01771503
2052,8,0.00934805
2053,8,0.02887367
2054,8,0.00629449
2055,8,0.01498446
2056,8,0.02627283
2057,8,0.00501763
2058,8,0.01375777
2059,8,0.01588028
2060,8,0.01594783
2061,8,0.03193710
2062,8,0.03041189
2063,8,0.06096075
2064,8,0.02531482
2065,8,0.04917210
2066,8,0.01993171
2067,8,0.05019675
2068,8,0.02133046
2069,8,0.00929690
2070,8,0.01711778
2071,8,0.05380659
2072,8,0.01549213
2073,8,0.04489652
2074,8,0.02287527
2075,8,0.02275832
2076,8,0.02870391
2077,8,0.02733571
2078,8,0.01721014
2079,8,0.03182508
2080,8,0.01869461
2081,8,0.01538012
2082,8,0.05048912
2083,8,0.01738725
2084,8,0.01655283
2085,8,0.01123903
2086,8,0.03275090
2087,8,0.00973354
2088,8,0.08862750
2089,8,0.01416345
2090,8,0.01486215
2091,8,0.05614303
2092,8,0.05637852
2093,8,0.01213736
2094,8,0.02841407
2095,8,0.02698928
2096,8,0.01305802
2097,8,0.01978338
2098,8,0.02522192
2099,8,0.01862695
2100,8,0.01439386
2101,8,0.00686663
2102,8,0.02351435
2103,8,0.03328649
2104,8,0.04471985
2105,8,0.01145394
2106,8,0.01632461
2107,8,0.01852675
2108,8,0.07795733
2109,8,0.02448914
2110,8,0.03196198
2111,8,0.02798430
2112,8,0.02014400
2113,8,0.01273600
2114,8,0.02114905
2115,8,0.00701398
2116,8,0.01874591
2117,8,0.01710934
2118,8,0.00987238
2119,8,0.01568889
2120,8,0.02823186
2121,8,0.01482144
2122,8,0.01226908
2123,8,0.04711886
2124,8,0.02297032
2125,8,0.07004172
2126,8,0.01568502
2127,8,0.01365609
2128,8,0.01346791
2129,8,0.01498617
2130,8,0.05631854
2131,8,0.06233645
2132,8,0.02736459
2133,8,0.04318476
2134,8,0.03010033
2135,8,0.01952498
2136,8,0.00858274
2137,8,0.02497494
2138,8,0.03280848
2139,8,0.05816749
2140,8,0.02773750
2141,8,0.05392588
2142,8,0.02078937
2143,8,0.01360466
2144,8,0.07891262
2145,8,0.03847443
2146,8,0.00877022
2147,8,0.00986093
2148,8,0.01199878
2149,8,0.04065610
2150,8,0.01461580
2151,8,0.03630918
2152,8,0.05474354
2153,8,0.01411736
2154,8,0.01742738
2155,8,0.01144895
2156,8,0.01098354
2157,8,0.01572500
2158,8,0.09535357
2159,8,0.01388912
2160,8,0.01146875
2161,8,0.01291074
2162,8,0.01375619
2163,8,0.01594507
2164,8,0.01094062
2165,8,0.01689327
2166,8,0.00900635
2167,8,0.02680172
2168,8,0.02780759
2169,8,0.09833948
2170,8,0.00671595
2171,8,0.01308668
2172,8,0.01781188
2173,8,0.02347922
2174,8,0.01834610
2175,8,0.01406757
2176,8,0.02231441
2177,8,0.01650001
2178,8,0.06868731
2179,8,0.00949258
2180,8,0.03299773
2181,8,0.00464560
2182,8,0.01674244
2183,8,0.02146389
2184,8,0.00932938
2185,8,0.01058837
2186,8,0.00591195
2187,8,0.01694753
2188,8,0.01953811
2189,8,0.00866637
2190,8,0.04156932
2191,8,0.04393826
2192,8,0.06160669
2193,8,0.04679412
2194,8,0.00847597
2195,8,0.01128868
2196,8,0.05603310
2197,8,0.01206265
2198,8,0.00822634
2199,8,0.02038565
2200,8,0.01449203
2201,8,0.03586221
2202,8,0.01572243
2203,8,0.02685411
2204,8,0.01235132
2205,8,0.06046625
2206,8,0.04622529
2207,8,0.01383856
2208,8,0.01765812
2209,8,0.03684928
2210,8,0.01143788
2211,8,0.02147061
2212,8,0.01674470
2213,8,0.02314593
2214,8,0.06259345
2215,8,0.02086260
2216,8,0.06114988
2217,8,0.01059006
2218,8,0.05626997
2219,8,0.01114753
2220,8,0.02966313
2221,8,0.01844991
2222,8,0.01643332
2223,8,0.01328666
2224,8,0.03408748
2225,8,0.01100093
2226,8,0.01031185
2227,8,0.01463784
2228,8,0.00550796
2229,8,0.03889281
2230,8,0.01320852
2231,8,0.02441423
2232,8,0.01961888
2233,8,0.01502273
2234,8,0.04555359
2235,8,0.02418190
2236,8,0.02382365
2237,8,0.01129623
2238,8,0.06442533
2239,8,0.06731335
2240,8,0.02182618
2241,8,0.01211439
2242,8,0.03013656
2243,8,0.01260567
2244,8,0.01580917
2245,8,0.00867702
2246,8,0.02300796
2247,8,0.03769673
2248,8,0.03146825
2249,8,0.02294942
2250,8,0.03135452
2251,8,0.02913370
2252,8,0.01394244
2253,8,0.02088207
2254,8,0.01318171
2255,8,0.03563299
2256,8,0.02138741
2257,8,0.02180516
2258,8,0.06315050
2259,8,0.05871158
2260,8,0.01036032
2261,8,0.01592646
2262,8,0.03107454
2263,8,0.01519314
2264,8,0.01515990
2265,8,0.02272662
2266,8,0.07019447
2267,8,0.04538880
2268,8,0.01033007
2269,8,0.01968176
2270,8,0.02199473
2271,8,0.04863858
2272,8,0.01592284
2273,8,0.01657684
2274,8,0.01452909
2275,8,0.01720816
2276,8,0.01431779
2277,8,0.02126153
2278,8,0.02078716
2279,8,0.01511263
2280,8,0.02085142
2281,8,0.03602073
2282,8,0.02181484
2283,8,0.04401963
2284,8,0.02759586
2285,8,0.00797896
2286,8,0.00862398
2287,8,0.02922510
2288,8,0.01314292
2289,8,0.00713607
2290,8,0.01049709
2291,8,0.06138836
2292,8,0.01014289
2293,8,0.01913046
2294,8,0.03799955
2295,8,0.03982412
2296,8,0.01378584
2297,8,0.00963372
2298,8,0.02583562
2299,8,0.02049108
2300,8,0.03378665
2301,8,0.01069579
2302,8,0.02705971
2303,8,0.08987906
2304,8,0.01185036
2305,8,0.08252487
2306,8,0.00846391
2307,8,0.01216045
2308,8,0.02182834
2309,8,0.01715954
2310,8,0.01597278
2311,8,0.02730472
2312,8,0.03994202
2313,8,0.02527321
2314,8,0.00619314
2315,8,0.04481858
2316,8,0.01420065
2317,8,0.02897875
2318,8,0.02578633
2319,8,0.02117014
2320,8,0.00913033
2321,8,0.01485923
2322,8,0.02199774
2323,8,0.00798079
2324,8,0.01092317
2325,8,0.04717291
2326,8,0.02368229
2327,8,0.01240340
2328,8,0.01335746
2329,8,0.03787819
2330,8,0.01264907
2331,8,0.01422091
2332,8,0.03038812
2333,8,0.02315224
2334,8,0.04714468
2335,8,0.01628514
2336,8,0.01254349
2337,8,0.05370032
2338,8,0.02065016
2339,8,0.00963810
2340,8,0.01605612
2341,8,0.03322455
2342,8,0.06042168
2343,8,0.02568156
2344,8,0.01884940
2345,9,0.01527293
2346,9,0.02399442
2347,9,0.00753280
2348,9,0.03703659
2349,9,0.01533327
2350,9,0.01059756
2351,9,0.01420385
2352,9,0.02743692
2353,9,0.01141103
2354,9,0.02714808
2355,9,0.00737048
2356,9,0.07060413
2357,9,0.01252423
2358,9,0.01017501
2359,9,0.01004808
2360,9,0.05497057
2361,9,0.00373162
2362,9,0.04611684
2363,9,0.01582915
2364,9,0.01414730
2365,9,0.06296480
2366,9,0.04419551
2367,9,0.01508038
2368,9,0.00678559
2369,9,0.01615214
2370,9,0.01344446
2371,9,0.03478323
2372,9,0.01008093
2373,9,0.02529454
2374,9,0.01732088
2375,9,0.00995830
2376,9,0.01681502
2377,9,0.01917486
2378,9,0.01854811
2379,9,0.00854547
2380,9,0.04969184
2381,9,0.01791386
2382,9,0.03059645
2383,9,0.02603404
2384,9,0.02894527
2385,9,0.00647183
2386,9,0.03864638
2387,9,0.01003974
2388,9,0.01746298
2389,9,0.01555275
2390,9,0.03910382
2391,9,0.01028002
2392,9,0.01156614
2393,9,0.02806655
2394,9,0.03534183
2395,9,0.05196638
2396,9,0.01666399
2397,9,0.01622846
2398,9,0.04294014
2399,9,0.07741348
2400,9,0.01119054
2401,9,0.01797115
2402,9,0.02754563
2403,9,0.03349886
2404,9,0.01074144
2405,9,0.01469846
2406,9,0.06487077
2407,9,0.01171103
2408,9,0.04721238
2409,9,0.01729053
2410,9,0.01555641
2411,9,0.00388937
2412,9,0.03825158
2413,9,0.00591168
2414,9,0.05754727
2415,9,0.01908564
2416,9,0.07713164
2417,9,0.01398586
2418,9,0.01982163
2419,9,0.01168056
2420,9,0.02469938
2421,9,0.02603105
2422,9,0.04404069
2423,9,0.00716190
2424,9,0.00969786
2425,9,0.01035674
2426,9,0.04244063
2427,9,0.00880312
2428,9,0.01058989
2429,9,0.01468429
2430,9,0.02667962
2431,9,0.03188442
2432,9,0.01597865
2433,9,0.04332143
2434,9,0.02075273
2435,9,0.01020196
2436,9,0.07469209
2437,9,0.01612221
2438,9,0.03008862
2439,9,0.03004889
2440,9,0.00468180
2441,9,0.04566988
2442,9,0.01130394
2443,9,0.02160998
2444,9,0.11203302
2445,9,0.02739972
2446,9,0.01188678
2447,9,0.01793422
2448,9,0.04584675
2449,9,0.01341559
2450,9,0.03872161
2451,9,0.05952941
2452,9,0.01442972
2453,9,0.02103647
2454,9,0.02216923
2455,9,0.02040984
2456,9,0.01639579
2457,9,0.00669046
2458,9,0.01746738
2459,9,0.02114182
2460,9,0.01791533
2461,9,0.10510622
2462,9,0.01540855
2463,9,0.00892037
2464,9,0.01954477
2465,9,0.01040106
2466,9,0.01567523
2467,9,0.01168765
2468,9,0.03190196
2469,9,0.01244251
2470,9,0.02300156
2471,9,0.01328236
2472,9,0.00599745
2473,9,0.03005462
2474,9,0.01605351
2475,9,0.03711268
2476,9,0.01527104
2477,9,0.01743093
2478,9,0.01354347
2479,9,0.01044152
2480,9,0.05685471
2481,9,0.01594267
2482,9,0.01507356
2483,9,0.11247873
2484,9,0.01569666
2485,9,0.02341566
2486,9,0.01037973
2487,9,0.00804826
2488,9,0.00959422
2489,9,0.03804529
2490,9,0.01139389
2491,9,0.00961728
2492,9,0.01886239
2493,9,0.01022104
2494,9,0.03793158
2495,9,0.01171948
2496,9,0.01994819
2497,9,0.01299717
2498,9,0.01850024
2499,9,0.01380905
2500,9,0.02299950
2501,9,0.00722297
2502,9,0.02782471
2503,9,0.00787411
2504,9,0.06122551
2505,9,0.02400346
2506,9,0.01394471
2507,9,0.01192328
2508,9,0.00775149
2509,9,0.01323940
2510,9,0.04715810
2511,9,0.01876647
2512,9,0.00866254
2513,9,0.03191176
2514,9,0.01507253
2515,9,0.01690886
2516,9,0.01072727
2517,9,0.02854127
2518,9,0.01184706
2519,9,0.01705767
2520,9,0.01718857
2521,9,0.01376833
2522,9,0.01651442
2523,9,0.00742012
2524,9,0.04355997
2525,9,0.01961685
2526,9,0.01546845
2527,9,0.01447086
2528,9,0.03305936
2529,9,0.02275356
2530,9,0.03126930
2531,9,0.01158005
2532,9,0.00989952
2533,9,0.08054142
2534,9,0.06246644
2535,9,0.01046466
2536,9,0.01196394
2537,9,0.07128679
2538,9,0.01746351
2539,9,0.02460791
2540,9,0.01376551
2541,9,0.01461566
2542,9,0.04105328
2543,9,0.01251488
2544,9,0.01899226
2545,9,0.04935111
2546,9,0.01649169
2547,9,0.09448720
2548,9,0.02216780
2549,9,0.02405964
2550,9,0.01061410
2551,9,0.00795823
2552,9,0.02759300
2553,9,0.01915637
2554,9,0.10508329
2555,9,0.04465617
2556,9,0.01915540
2557,9,0.00905396
2558,9,0.03761574
2559,9,0.01761979
2560,9,0.01002966
2561,9,0.02270667
2562,9,0.01048163
2563,9,0.02186466
2564,9,0.01498512
2565,9,0.03638111
2566,9,0.04700596
2567,9,0.01620365
2568,9,0.01192614
2569,9,0.02034095
2570,9,0.01201493
2571,9,0.02502754
2572,9,0.01232931
2573,9,0.03198275
2574,9,0.01052016
2575,9,0.04299506
2576,9,0.02981379
2577,9,0.01478998
2578,9,0.01369476
2579,9,0.01475021
2580,9,0.01645882
2581,9,0.01154265
2582,9,0.01062469
2583,9,0.00939257
2584,9,0.01589615
2585,9,0.04385016
2586,9,0.01807824
2587,9,0.04120129
2588,9,0.02159290
2589,9,0.02382923
2590,9,0.06982906
2591,9,0.00884338
2592,9,0.02079093
2593,9,0.01441023
2594,9,0.05586124
2595,9,0.00966700
2596,9,0.00514026
2597,9,0.04358361
2598,9,0.03200225
2599,9,0.06939101
2600,9,0.01238833
2601,9,0.01078979
2602,9,0.01531257
2603,9,0.05385372
2604,9,0.02207162
2605,9,0.04704353
2606,9,0.07316849
2607,9,0.01673517
2608,9,0.01142340
2609,9,0.01522590
2610,9,0.03385125
2611,9,0.01143934
2612,9,0.01305818
2613,9,0.03707646
2614,9,0.01582136
2615,9,0.05895146
2616,9,0.01223940
2617,9,0.00833912
2618,9,0.03234122
2619,9,0.01789967
2620,9,0.02062876
2621,9,0.01656787
2622,9,0.04665790
2623,9,0.01356825
2624,9,0.03167241
2625,9,0.01397974
2626,9,0.00996537
2627,9,0.09528501
2628,9,0.01444444
2629,9,0.01399513
2630,9,0.05755433
2631,9,0.02981597
2632,9,0.01040650
2633,9,0.01443957
2634,9,0.01392907
2635,9,0.02547046
2636,9,0.01477634
2637,9,0.00765730
2638,10,0.01757244
2639,10,0.01237846
2640,10,0.01124328
2641,10,0.02523452
2642,10,0.01126806
2643,10,0.03631284
2644,10,0.01016133
2645,10,0.02191051
2646,10,0.01679129
2647,10,0.01477642
2648,10,0.00812652
2649,10,0.00848261
2650,10,0.01243786
2651,10,0.00857327
2652,10,0.01713012
2653,10,0.01076403
2654,10,0.01649304
2655,10,0.01340692
2656,10,0.03435289
2657,10,0.01254269
2658,10,0.07040244
2659,10,0.05379879
2660,10,0.01120072
2661,10,0.01322056
2662,10,0.01396075
2663,10,0.03666369
2664,10,0.04567420
2665,10,0.01179222
2666,10,0.06161389
2667,10,0.01254485
2668,10,0.01669960
2669,10,0.00617097
2670,10,0.07335909
2671,10,0.04822633
2672,10,0.03536032
2673,10,0.02222915
2674,10,0.01562287
2675,10,0.00715413
2676,10,0.01194905
2677,10,0.06146804
2678,10,0.03438411
2679,10,0.04195911
2680,10,0.04908738
2681,10,0.01462163
2682,10,0.02315551
2683,10,0.01561458
2684,10,0.01491448
2685,10,0.02415070
2686,10,0.01228451
2687,10,0.00870809
2688,10,0.01830585
2689,10,0.01252877
2690,10,0.00868563
2691,10,0.07716656
2692,10,0.02563890
2693,10,0.06273947
2694,10,0.00997919
2695,10,0.01726833
2696,10,0.01851526
2697,10,0.02040808
2698,10,0.00852100
2699,10,0.01857513
2700,10,0.07994758
2701,10,0.03281332
2702,10,0.00763400
2703,10,0.04728301
2704,10,0.00828033
2705,10,0.01312779
2706,10,0.01777882
2707,10,0.02643104
2708,10,0.05428825
2709,10,0.01553135
2710,10,0.00974890
2711,10,0.04650158
2712,10,0.01868171
2713,10,0.03233578
2714,10,0.02125019
2715,10,0.03928936
2716,10,0.01799200
2717,10,0.03406708
2718,10,0.04631054
2719,10,0.03071900
2720,10,0.07156390
2721,10,0.01467937
2722,10,0.01402794
2723,10,0.00564877
2724,10,0.01187986
2725,10,0.06443142
2726,10,0.06121648
2727,10,0.01578898
2728,10,0.04550756
2729,10,0.02738181
2730,10,0.01829025
2731,10,0.01226482
2732,10,0.01832342
2733,10,0.02121534
2734,10,0.06028604
2735,10,0.06370630
2736,10,0.01195131
2737,10,0.01710949
2738,10,0.02764057
2739,10,0.01013022
2740,10,0.04644527
2741,10,0.03273410
2742,10,0.01600153
2743,10,0.01476927
2744,10,0.01464154
2745,10,0.04179795
2746,10,0.03039451
2747,10,0.01924735
2748,10,0.01439769
2749,10,0.05034434
2750,10,0.01106832
2751,10,0.01357298
2752,10,0.02088744
2753,10,0.04048065
2754,10,0.00830814
2755,10,0.02235472
2756,10,0.01082105
2757,10,0.04580882
2758,10,0.02281179
2759,10,0.01304080
2760,10,0.04766858
2761,10,0.02046794
2762,10,0.02334181
2763,10,0.01059875
2764,10,0.02344701
2765,10,0.04169479
2766,10,0.01634613
2767,10,0.02944778
2768,10,0.01792206
2769,10,0.05721448
2770,10,0.01365649
2771,10,0.01168849
2772,10,0.01764495
2773,10,0.03439305
2774,10,0.00904999
2775,10,0.00999119
2776,10,0.01402558
2777,10,0.03380560
2778,10,0.01260599
2779,10,0.06386926
2780,10,0.02160849
2781,10,0.01766241
2782,10,0.01888869
2783,10,0.04372885
2784,10,0.01730786
2785,10,0.02163759
2786,10,0.02139598
2787,10,0.01121563
2788,10,0.02443999
2789,10,0.01283920
2790,10,0.01173480
2791,10,0.00756468
2792,10,0.02959543
2793,10,0.01489835
2794,10,0.01010729
2795,10,0.00644535
2796,10,0.01477122
2797,10,0.03773159
2798,10,0.00907923
2799,10,0.03303347
2800,10,0.00882264
2801,10,0.01768060
2802,10,0.02023047
2803,10,0.01022573
2804,10,0.01902612
2805,10,0.00720951
2806,10,0.01566666
2807,10,0.01461020
2808,10,0.01802376
2809,10,0.02256469
2810,10,0.03000385
2811,10,0.02649287
2812,10,0.01586805
2813,10,0.01887508
2814,10,0.01293678
2815,10,0.01376371
2816,10,0.03364003
2817,10,0.02943210
2818,10,0.00557454
2819,10,0.01297832
2820,10,0.02060097
2821,10,0.01749601
2822,10,0.00892793
2823,10,0.01213324
2824,10,0.01275196
2825,10,0.00721786
2826,10,0.01133416
2827,10,0.01593086
2828,10,0.04995859
2829,10,0.01739822
2830,10,0.01188867
2831,10,0.01802002
2832,10,0.07157405
2833,10,0.01230213
2834,10,0.01397292
2835,10,0.01956141
2836,10,0.06369621
2837,10,0.04089424
2838,10,0.03947510
2839,10,0.02456998
2840,10,0.07553260
2841,10,0.00793786
2842,10,0.02749787
2843,10,0.00983495
2844,10,0.04244523
2845,10,0.01266250
2846,10,0.01054632
2847,10,0.01227131
2848,10,0.01972195
2849,10,0.04403301
2850,10,0.01711013
2851,10,0.01418403
2852,10,0.01152367
2853,10,0.00767774
2854,10,0.02809719
2855,10,0.00917918
2856,10,0.04413389
2857,10,0.01677624
2858,10,0.04299054
2859,10,0.01380940
2860,10,0.03860639
2861,10,0.01140967
2862,10,0.01786477
2863,10,0.01767503
2864,10,0.02650591
2865,10,0.00744791
2866,10,0.01880416
2867,10,0.04585797
2868,10,0.06254350
2869,10,0.01571194
2870,10,0.00712595
2871,10,0.00963914
2872,10,0.01994264
2873,10,0.01797575
2874,10,0.02191935
2875,10,0.01336452
2876,10,0.01491081
2877,10,0.01935480
2878,10,0.01151178
2879,10,0.01233377
2880,10,0.01139423
2881,10,0.00858478
2882,10,0.01334623
2883,10,0.03074333
2884,10,0.00939861
2885,10,0.01160624
2886,10,0.01989712
2887,10,0.01768444
2888,10,0.00898954
2889,10,0.01199982
2890,10,0.05691808
2891,10,0.01225608
2892,10,0.01583026
2893,10,0.02305458
2894,10,0.00925618
2895,10,0.04652180
2896,10,0.01359606
2897,10,0.01170120
2898,10,0.03838221
2899,10,0.02423219
2900,10,0.01690819
2901,10,0.01394047
2902,10,0.01078903
2903,10,0.00986788
2904,10,0.00872017
2905,10,0.05824859
2906,10,0.01103148
2907,10,0.02253445
2908,10,0.03002873
2909,10,0.01972303
2910,10,0.01400954
2911,10,0.01644330
2912,10,0.01453692
2913,10,0.01549006
2914,10,0.00894993
2915,10,0.02544787
2916,10,0.01970390
2917,10,0.05518500
2918,10,0.00963079
2919,10,0.01389619
2920,10,0.01503235
2921,10,0.01848203
2922,10,0.05470900
2923,10,0.02001674
2924,10,0.01640145
2925,10,0.02465923
2926,10,0.00878896
2927,10,0.01683346
2928,10,0.01590255
2929,10,0.03009410
2930,10,0.01720614
2931,11,0.01035072
2932,11,0.00731972
2933,11,0.01887359
2934,11,0.00735311
2935,11,0.01989493
2936,11,0.00983079
2937,11,0.04653890
2938,11,0.02007030
2939,11,0.00832443
2940,11,0.00859371
2941,11,0.01103235
2942,11,0.00611677
2943,11,0.01108178
2944,11,0.01250687
2945,11,0.01872789
2946,11,0.01192385
2947,11,0.01452642
2948,11,0.01767283
2949,11,0.00761740
2950,11,0.05576082
2951,11,0.01108139
2952,11,0.02569948
2953,11,0.00953318
2954,11,0.00848737
2955,11,0.01597145
2956,11,0.01592474
2957,11,0.00910167
2958,11,0.01500026
2959,11,0.02122142
2960,11,0.06593163
2961,11,0.03467425
2962,11,0.00924443
2963,11,0.01020813
2964,11,0.01298599
2965,11,0.02227423
2966,11,0.01174194
2967,11,0.00919110
2968,11,0.06092455
2969,11,0.01393488
2970,11,0.01528674
2971,11,0.01541134
2972,11,0.01621585
2973,11,0.02110242
2974,11,0.03624427
2975,11,0.01194137
2976,11,0.01155187
2977,11,0.01080419
2978,11,0.01337891
2979,11,0.03160233
2980,11,0.00920358
2981,11,0.05507473
2982,11,0.02467320
2983,11,0.01089563
2984,11,0.00762328
2985,11,0.00699229
2986,11,0.03626291
2987,11,0.06568268
2988,11,0.01944244
2989,11,0.01456305
2990,11,0.02580485
2991,11,0.00970141
2992,11,0.00963436
2993,11,0.03540212
2994,11,0.00943456
2995,11,0.03203976
2996,11,0.02205023
2997,11,0.03255155
2998,11,0.02960432
2999,11,0.03629858
3000,11,0.02413248
3001,11,0.01071749
3002,11,0.03082709
3003,11,0.04160508
3004,11,0.01761702
3005,11,0.01213423
3006,11,0.01950857
3007,11,0.01770357
3008,11,0.01703190
3009,11,0.01957192
3010,11,0.00930875
3011,11,0.01034982
3012,11,0.07487731
3013,11,0.01400506
3014,11,0.01479548
3015,11,0.03379831
3016,11,0.01916794
3017,11,0.00830390
3018,11,0.00913796
3019,11,0.02621054
3020,11,0.01741079
3021,11,0.04327611
3022,11,0.03220397
3023,11,0.01791040
3024,11,0.04260324
3025,11,0.02197842
3026,11,0.02151906
3027,11,0.04323692
3028,11,0.01287793
3029,11,0.02762228
3030,11,0.00739510
3031,11,0.00912087
3032,11,0.02993814
3033,11,0.01791714
3034,11,0.01122157
3035,11,0.01006383
3036,11,0.01172692
3037,11,0.01221998
3038,11,0.01655143
3039,11,0.01296613
3040,11,0.01269307
3041,11,0.02161965
3042,11,0.00538245
3043,11,0.05721008
3044,11,0.05500524
3045,11,0.05418529
3046,11,0.03284807
3047,11,0.01354088
3048,11,0.01079919
3049,11,0.01589480
3050,11,0.01372177
3051,11,0.01236495
3052,11,0.01650270
3053,11,0.01720799
3054,11,0.04043974
3055,11,0.01705644
3056,11,0.00649747
3057,11,0.01784549
3058,11,0.01411332
3059,11,0.01343589
3060,11,0.04718612
3061,11,0.00925477
3062,11,0.01635131
3063,11,0.06064254
3064,11,0.03363844
3065,11,0.01506423
3066,11,0.03706672
3067,11,0.01278446
3068,11,0.03038352
3069,11,0.00715063
3070,11,0.01042213
3071,11,0.00517628
3072,11,0.01473300
3073,11,0.00848400
3074,11,0.01275616
3075,11,0.00844357
3076,11,0.01471911
3077,11,0.00677929
3078,11,0.00326694
3079,11,0.03568279
3080,11,0.00892123
3081,11,0.00615363
3082,11,0.02277657
3083,11,0.01098084
3084,11,0.01737966
3085,11,0.04445563
3086,11,0.00984855
3087,11,0.02532721
3088,11,0.00983485
3089,11,0.01049636
3090,11,0.01343062
3091,11,0.01191656
3092,11,0.03291471
3093,11,0.01135486
3094,11,0.02746924
3095,11,0.01432711
3096,11,0.00742430
3097,11,0.01171857
3098,11,0.01536232
3099,11,0.05534292
3100,11,0.02421240
3101,11,0.02160670
3102,11,0.01366441
3103,11,0.00733370
3104,11,0.01303367
3105,11,0.02705806
3106,11,0.01367588
3107,11,0.06169272
3108,11,0.02616918
3109,11,0.03875780
3110,11,0.03148855
3111,11,0.01943645
3112,11,0.03622631
3113,11,0.02523031
3114,11,0.05723239
3115,11,0.01493707
3116,11,0.01775875
3117,11,0.04834616
3118,11,0.03234537
3119,11,0.00883077
3120,11,0.05857432
3121,11,0.04911778
3122,11,0.02744079
3123,11,0.00871156
3124,11,0.03186300
3125,11,0.02671243
3126,11,0.01827513
3127,11,0.02882130
3128,11,0.02122545
3129,11,0.01556994
3130,11,0.09125818
3131,11,0.01641821
3132,11,0.02102429
3133,11,0.01012835
3134,11,0.02283887
3135,11,0.01528712
3136,11,0.00964596
3137,11,0.02443170
3138,11,0.05466652
3139,11,0.00975553
3140,11,0.01897750
3141,11,0.01652357
3142,11,0.01642523
3143,11,0.02364466
3144,11,0.01145565
3145,11,0.01646224
3146,11,0.00695707
3147,11,0.01148893
3148,11,0.01202140
3149,11,0.01331841
3150,11,0.01341249
3151,11,0.01780481
3152,11,0.01662583
3153,11,0.02558325
3154,11,0.03335082
3155,11,0.02128903
3156,11,0.01151859
3157,11,0.01594583
3158,11,0.03475932
3159,11,0.02393580
3160,11,0.02751692
3161,11,0.05139760
3162,11,0.01647921
3163,11,0.02556884
3164,11,0.07971160
3165,11,0.01115017
3166,11,0.01349627
3167,11,0.00545957
3168,11,0.01606387
3169,11,0.00992227
3170,11,0.05124864
3171,11,0.02812563
3172,11,0.04837803
3173,11,0.03640788
3174,11,0.01318403
3175,11,0.01647916
3176,11,0.03693216
3177,11,0.01115779
3178,11,0.01240733
3179,11,0.01450105
3180,11,0.02266717
3181,11,0.02298019
3182,11,0.01564492
3183,11,0.05041715
3184,11,0.01027469
3185,11,0.02393777
3186,11,0.01322920
3187,11,0.02343526
3188,11,0.02167293
3189,11,0.00821991
3190,11,0.01262268
3191,11,0.01019953
3192,11,0.01212397
3193,11,0.00810337
3194,11,0.01346297
3195,11,0.03623935
3196,11,0.06728498
3197,11,0.01061083
3198,11,0.01105920
3199,11,0.01222836
3200,11,0.01031132
3201,11,0.02438250
3202,11,0.01090667
3203,11,0.01437193
3204,11,0.02151885
3205,11,0.04765341
3206,11,0.05628876
3207,11,0.03089995
3208,11,0.00912096
3209,11,0.01967529
3210,11,0.01670173
3211,11,0.00846708
3212,11,0.01567637
3213,11,0.03686592
3214,11,0.01783712
3215,11,0.03645019
3216,11,0.02802555
3217,11,0.00991075
3218,11,0.01347150
3219,11,0.04519717
3220,11,0.04301670
3221,11,0.01225159
3222,11,0.03210507
3223,11,0.00673206
3224,12,0.01452643
3225,12,0.01829105
3226,12,0.00717439
3227,12,0.01730295
3228,12,0.01593462
3229,12,0.01077775
3230,12,0.02131260
3231,12,0.05017783
3232,12,0.02516340
3233,12,0.02577518
3234,12,0.01323512
3235,12,0.04571021
3236,12,0.00695165
3237,12,0.04643509
3238,12,0.04512608
3239,12,0.05479096
3240,12,0.00609662
3241,12,0.02120435
3242,12,0.01096800
3243,12,0.01820950
3244,12,0.05811164
3245,12,0.01280300
3246,12,0.01371840
3247,12,0.02333894
3248,12,0.02089062
3249,12,0.01253219
3250,12,0.00921221
3251,12,0.03636895
3252,12,0.00660727
3253,12,0.01838850
3254,12,0.02888856
3255,12,0.02285588
3256,12,0.01703785
3257,12,0.04194850
3258,12,0.02520584
3259,12,0.01594017
3260,12,0.00740405
3261,12,0.00840699
3262,12,0.03572606
3263,12,0.00989088
3264,12,0.02280568
3265,12,0.01534905
3266,12,0.01263952
3267,12,0.01167960
3268,12,0.04657032
3269,12,0.01219723
3270,12,0.03585130
3271,12,0.05955626
3272,12,0.04253278
3273,12,0.04643520
3274,12,0.01784590
3275,12,0.00837895
3276,12,0.00965657
3277,12,0.00959631
3278,12,0.02669189
3279,12,0.05999320
3280,12,0.02915077
3281,12,0.03381466
3282,12,0.01503656
3283,12,0.02327294
3284,12,0.01417445
3285,12,0.01677516
3286,12,0.01330307
3287,12,0.06553662
3288,12,0.01660626
3289,12,0.01008481
3290,12,0.01019530
3291,12,0.01542086
3292,12,0.00711815
3293,12,0.02194097
3294,12,0.01433318
3295,12,0.00765168
3296,12,0.01419731
3297,12,0.00841362
3298,12,0.00852050
3299,12,0.02337061
3300,12,0.01598974
3301,12,0.01213637
3302,12,0.01998105
3303,12,0.01558259
3304,12,0.01040399
3305,12,0.01021174
3306,12,0.02228229
3307,12,0.06327663
3308,12,0.01264423
3309,12,0.01110303
3310,12,0.00765462
3311,12,0.03329319
3312,12,0.11193963
3313,12,0.01918395
3314,12,0.05616078
3315,12,0.01074940
3316,12,0.01052042
3317,12,0.02197067
3318,12,0.04343305
3319,12,0.01398936
3320,12,0.04716430
3321,12,0.02897114
3322,12,0.01289884
3323,12,0.01559760
3324,12,0.08443530
3325,12,0.00523417
3326,12,0.04816447
3327,12,0.01784850
3328,12,0.01459493
3329,12,0.05360464
3330,12,0.00828709
3331,12,0.01685978
3332,12,0.01254678
3333,12,0.01582092
3334,12,0.01010402
3335,12,0.01842731
3336,12,0.01462485
3337,12,0.03596690
3338,12,0.03297591
3339,12,0.00865188
3340,12,0.01252865
3341,12,0.01426840
3342,12,0.03556370
3343,12,0.01111012
3344,12,0.03279486
3345,12,0.02774222
3346,12,0.01367903
3347,12,0.02880748
3348,12,0.02527564
3349,12,0.01636139
3350,12,0.02145555
3351,12,0.01606152
3352,12,0.02346507
3353,12,0.01483181
3354,12,0.01469863
3355,12,0.01258312
3356,12,0.00761956
3357,12,0.00729898
3358,12,0.01312373
3359,12,0.01767151
3360,12,0.02863067
3361,12,0.01501768
3362,12,0.00832815
3363,12,0.06570038
3364,12,0.00900307
3365,12,0.01227202
3366,12,0.01169174
3367,12,0.04254131
3368,12,0.01214819
3369,12,0.03493063
3370,12,0.02024357
3371,12,0.00462539
3372,12,0.00727840
3373,12,0.01547978
3374,12,0.01561291
3375,12,0.02333786
3376,12,0.02523267
3377,12,0.01185189
3378,12,0.05157518
3379,12,0.01469684
3380,12,0.02864218
3381,12,0.02749724
3382,12,0.01633990
3383,12,0.00787072
3384,12,0.01625039
3385,12,0.01601236
3386,12,0.01150757
3387,12,0.01090539
3388,12,0.01765198
3389,12,0.00837284
3390,12,0.01197262
3391,12,0.04556511
3392,12,0.01299781
3393,12,0.01113459
3394,12,0.01124463
3395,12,0.01575598
3396,12,0.00915375
3397,12,0.00991901
3398,12,0.00641824
3399,12,0.00756971
3400,12,0.00808967
3401,12,0.04373414
3402,12,0.02219849
3403,12,0.01134475
3404,12,0.02582291
3405,12,0.01309143
3406,12,0.02014591
3407,12,0.00603396
3408,12,0.01411371
3409,12,0.04043444
3410,12,0.01777575
3411,12,0.02249340
3412,12,0.00706899
3413,12,0.01798108
3414,12,0.00615070
3415,12,0.01107848
3416,12,0.00715508
3417,12,0.01270273
3418,12,0.01638518
3419,12,0.01699062
3420,12,0.00588994
3421,12,0.01389593
3422,12,0.01741671
3423,12,0.01600900
3424,12,0.02139564
3425,12,0.02729345
3426,12,0.01530074
3427,12,0.01123780
3428,12,0.00392878
3429,12,0.06702628
3430,12,0.08880828
3431,12,0.00767662
3432,12,0.02858016
3433,12,0.04241107
3434,12,0.01140272
3435,12,0.03203673
3436,12,0.04151100
3437,12,0.01599367
3438,12,0.01426816
3439,12,0.01658261
3440,12,0.00890577
3441,12,0.04881309
3442,12,0.04915283
3443,12,0.02085242
3444,12,0.01862188
3445,12,0.01971507
3446,12,0.00750148
3447,12,0.03217767
3448,12,0.01110832
3449,12,0.02987289
3450,12,0.01530257
3451,12,0.01481810
3452,12,0.01257741
3453,12,0.00916632
3454,12,0.01836855
3455,12,0.01305563
3456,12,0.01188189
3457,12,0.03213052
3458,12,0.00865898
3459,12,0.00983430
3460,12,0.00777284
3461,12,0.04083807
3462,12,0.02972218
3463,12,0.01870843
3464,12,0.03606431
3465,12,0.02244478
3466,12,0.01127888
3467,12,0.03004543
3468,12,0.06999913
3469,12,0.00947221
3470,12,0.01572644
3471,12,0.01653933
3472,12,0.01657978
3473,12,0.03873099
3474,12,0.05945772
3475,12,0.00765480
3476,12,0.06655842
3477,12,0.01338296
3478,12,0.00832159
3479,12,0.05123352
3480,12,0.01245801
3481,12,0.01972205
3482,12,0.01633819
3483,12,0.00864106
3484,12,0.01582997
3485,12,0.02310186
3486,12,0.00742490
3487,12,0.01158285
3488,12,0.03344020
3489,12,0.03657955
3490,12,0.05278634
3491,12,0.01881937
3492,12,0.01680943
3493,12,0.02794619
3494,12,0.03628481
3495,12,0.02756191
3496,12,0.04364950
3497,12,0.02837422
3498,12,0.01215983
3499,12,0.01178028
3500,12,0.01978920
3501,12,0.02272231
3502,12,0.01134088
3503,12,0.00805331
3504,12,0.01715913
3505,12,0.01513142
3506,12,0.01112177
3507,12,0.02317065
3508,12,0.03364293
3509,12,0.00963416
3510,12,0.02642291
3511,12,0.01268840
3512,12,0.04071089
3513,12,0.01497993
3514,12,0.00790826
3515,12,0.01608165
3516,12,0.00953143
3517,13,0.02519826
3518,13,0.04494828
3519,13,0.01670416
3520,13,0.01931461
3521,13,0.00730668
3522,13,0.01157029
3523,13,0.00758125
3524,13,0.01685085
3525,13,0.03085721
3526,13,0.00819726
3527,13,0.01796156
3528,13,0.00692644
3529,13,0.06291284
3530,13,0.00830732
3531,13,0.02335382
3532,13,0.01426089
3533,13,0.01023032
3534,13,0.00817051
3535,13,0.01310378
3536,13,0.03043800
3537,13,0.01409364
3538,13,0.01506000
3539,13,0.01442679
3540,13,0.03925879
3541,13,0.00879761
3542,13,0.00677760
3543,13,0.01186337
3544,13,0.01951524
3545,13,0.01344466
3546,13,0.05387809
3547,13,0.00985152
3548,13,0.01897895
3549,13,0.07520736
3550,13,0.01814609
3551,13,0.04881136
3552,13,0.01297355
3553,13,0.00945770
3554,13,0.00767682
3555,13,0.01347428
3556,13,0.00934367
3557,13,0.03670302
3558,13,0.01033401
3559,13,0.03426970
3560,13,0.03939237
3561,13,0.01127638
3562,13,0.01379939
3563,13,0.02456800
3564,13,0.01076292
3565,13,0.00682476
3566,13,0.00627143
3567,13,0.01752094
3568,13,0.01121994
3569,13,0.01141057
3570,13,0.01175352
3571,13,0.01235255
3572,13,0.03536392
3573,13,0.01025028
3574,13,0.01753056
3575,13,0.01927747
3576,13,0.01273024
3577,13,0.01007015
3578,13,0.00478569
3579,13,0.06300350
3580,13,0.01320424
3581,13,0.00587996
3582,13,0.01229262
3583,13,0.01445360
3584,13,0.01311584
3585,13,0.00753628
3586,13,0.00922291
3587,13,0.02903013
3588,13,0.02834613
3589,13,0.00527380
3590,13,0.06551074
3591,13,0.05037322
3592,13,0.01211424
3593,13,0.03379824
3594,13,0.01452097
3595,13,0.06627323
3596,13,0.01086279
3597,13,0.00900101
3598,13,0.01387923
3599,13,0.00612627
3600,13,0.00634544
3601,13,0.01866479
3602,13,0.01034508
3603,13,0.05611000
3604,13,0.00813704
3605,13,0.00628533
3606,13,0.03068664
3607,13,0.02740816
3608,13,0.01652024
3609,13,0.05239910
3610,13,0.08458043
3611,13,0.02971839
3612,13,0.00966886
3613,13,0.01229743
3614,13,0.01487627
3615,13,0.03708942
3616,13,0.01080944
3617,13,0.01435379
3618,13,0.01648842
3619,13,0.03241791
3620,13,0.02233804
3621,13,0.01059586
3622,13,0.04256807
3623,13,0.02141301
3624,13,0.01312253
3625,13,0.01195053
3626,13,0.03095601
3627,13,0.02302653
3628,13,0.01777895
3629,13,0.01485464
3630,13,0.00838618
3631,13,0.00918079
3632,13,0.00851483
3633,13,0.01726984
3634,13,0.01768090
3635,13,0.00918071
3636,13,0.03836761
3637,13,0.01167778
3638,13,0.01656167
3639,13,0.01264249
3640,13,0.05551805
3641,13,0.03830298
3642,13,0.01017737
3643,13,0.01092851
3644,13,0.03722272
3645,13,0.01748377
3646,13,0.02501523
3647,13,0.02055418
3648,13,0.00771803
3649,13,0.00951999
3650,13,0.01783591
3651,13,0.01202123
3652,13,0.01821769
3653,13,0.00631617
3654,13,0.06143377
3655,13,0.01607553
3656,13,0.00842856
3657,13,0.00758529
3658,13,0.00483106
3659,13,0.01071018
3660,13,0.02769409
3661,13,0.01355833
3662,13,0.01705131
3663,13,0.01181411
3664,13,0.02700233
3665,13,0.01374174
3666,13,0.01383167
3667,13,0.01759261
3668,13,0.02042422
3669,13,0.03759588
3670,13,0.06004902
3671,13,0.01729246
3672,13,0.04159641
3673,13,0.01564410
3674,13,0.04977405
3675,13,0.03449623
3676,13,0.01018891
3677,13,0.01841812
3678,13,0.03518199
3679,13,0.01062525
3680,13,0.01390342
3681,13,0.00618378
3682,13,0.04891591
3683,13,0.05514349
3684,13,0.01189579
3685,13,0.00752069
3686,13,0.02232497
3687,13,0.01733789
3688,13,0.02053967
3689,13,0.02277296
3690,13,0.01376381
3691,13,0.01149378
3692,13,0.04502752
3693,13,0.00909045
3694,13,0.00758127
3695,13,0.00822386
3696,13,0.02805089
3697,13,0.00807726
3698,13,0.03124682
3699,13,0.00684078
3700,13,0.00856664
3701,13,0.01584733
3702,13,0.01493380
3703,13,0.01012356
3704,13,0.00608211
3705,13,0.00823156
3706,13,0.06109072
3707,13,0.01348529
3708,13,0.01154831
3709,13,0.04581582
3710,13,0.01681512
3711,13,0.01049474
3712,13,0.03741665
3713,13,0.00705133
3714,13,0.01225866
3715,13,0.00582947
3716,13,0.01288667
3717,13,0.00453472
3718,13,0.04961633
3719,13,0.01586575
3720,13,0.01445099
3721,13,0.01765343
3722,13,0.01157548
3723,13,0.03783920
3724,13,0.00920374
3725,13,0.01285243
3726,13,0.00973141
3727,13,0.01005348
3728,13,0.01194709
3729,13,0.03396552
3730,13,0.00587683
3731,13,0.02378428
3732,13,0.05882885
3733,13,0.02775227
3734,13,0.03639003
3735,13,0.04064445
3736,13,0.01030268
3737,13,0.04206018
3738,13,0.03054138
3739,13,0.00604598
3740,13,0.04362480
3741,13,0.00870936
3742,13,0.02516153
3743,13,0.01186284
3744,13,0.01953502
3745,13,0.00799710
3746,13,0.02499386
3747,13,0.01213362
3748,13,0.02175267
3749,13,0.00681396
3750,13,0.01570691
3751,13,0.02319151
3752,13,0.03208124
3753,13,0.01185158
3754,13,0.00721789
3755,13,0.01804508
3756,13,0.00377849
3757,13,0.02691909
3758,13,0.00551888
3759,13,0.00764650
3760,13,0.04750134
3761,13,0.01879309
3762,13,0.08720262
3763,13,0.01363432
3764,13,0.02908418
3765,13,0.00756818
3766,13,0.01074575
3767,13,0.01035014
3768,13,0.00836101
3769,13,0.01468094
3770,13,0.04637774
3771,13,0.01799061
3772,13,0.01824479
3773,13,0.02606581
3774,13,0.01924210
3775,13,0.04710848
3776,13,0.00733047
3777,13,0.01422108
3778,13,0.01238410
3779,13,0.00933691
3780,13,0.03967548
3781,13,0.02137665
3782,13,0.01096777
3783,13,0.01065859
3784,13,0.01161801
3785,13,0.00914691
3786,13,0.02395464
3787,13,0.01485063
3788,13,0.04742842
3789,13,0.01001423
3790,13,0.02783600
3791,13,0.01440335
3792,13,0.02589813
3793,13,0.05002830
3794,13,0.01275521
3795,13,0.01295947
3796,13,0.02317353
3797,13,0.02529841
3798,13,0.00512795
3799,13,0.06291229
3800,13,0.11424258
3801,13,0.02876633
3802,13,0.05027083
3803,13,0.01978402
3804,13,0.01806641
3805,13,0.01196090
3806,13,0.01609882
3807,13,0.01520762
3808,13,0.00892992
3809,13,0.01999735
3810,14,0.02449667
3811,14,0.00618507
3812,14,0.01214416
3813,14,0.01294737
3814,14,0.01875835
3815,14,0.00891295
3816,14,0.01410318
3817,14,0.01154397
3818,14,0.01876845
3819,14,0.01679153
3820,14,0.04174475
3821,14,0.02463433
3822,14,0.01411960
3823,14,0.01379058
3824,14,0.03706489
3825,14,0.01055827
3826,14,0.01302836
3827,14,0.01115400
3828,14,0.05245147
3829,14,0.01012751
3830,14,0.00986343
3831,14,0.02108425
3832,14,0.01219524
3833,14,0.00820410
3834,14,0.02582308
3835,14,0.00848042
3836,14,0.00533760
3837,14,0.01315311
3838,14,0.01340610
3839,14,0.00610232
3840,14,0.05957828
3841,14,0.01241967
3842,14,0.01574716
3843,14,0.00890903
3844,14,0.01253696
3845,14,0.01132680
3846,14,0.08298199
3847,14,0.04746746
3848,14,0.00732504
3849,14,0.00720015
3850,14,0.03726970
3851,14,0.01882767
3852,14,0.05061844
3853,14,0.01275282
3854,14,0.01400671
3855,14,0.04356717
3856,14,0.01308363
3857,14,0.01103764
3858,14,0.04339092
3859,14,0.00741346
3860,14,0.01018164
3861,14,0.01785352
3862,14,0.01241922
3863,14,0.01439374
3864,14,0.01837365
3865,14,0.01548696
3866,14,0.00792700
3867,14,0.03077631
3868,14,0.01068532
3869,14,0.01987820
3870,14,0.01525784
3871,14,0.00803577
3872,14,0.01057494
3873,14,0.02422163
3874,14,0.00915103
3875,14,0.01403676
3876,14,0.01168392
3877,14,0.01453833
3878,14,0.00954107
3879,14,0.00996648
3880,14,0.03592249
3881,14,0.00781171
3882,14,0.00853009
3883,14,0.01683211
3884,14,0.02308271
3885,14,0.02313188
3886,14,0.02230042
3887,14,0.01320264
3888,14,0.01565209
3889,14,0.04205147
3890,14,0.01702485
3891,14,0.00496211
3892,14,0.00412159
3893,14,0.01190120
3894,14,0.00718185
3895,14,0.00515515
3896,14,0.02286315
3897,14,0.01442316
3898,14,0.01267872
3899,14,0.01196884
3900,14,0.02148008
3901,14,0.01638269
3902,14,0.02491342
3903,14,0.00805378
3904,14,0.01637098
3905,14,0.01345206
3906,14,0.02503256
3907,14,0.01944837
3908,14,0.01982568
3909,14,0.02404775
3910,14,0.01227459
3911,14,0.02687809
3912,14,0.02679173
3913,14,0.01257749
3914,14,0.01341107
3915,14,0.08958816
3916,14,0.01795996
3917,14,0.01077810
3918,14,0.02583247
3919,14,0.00928262
3920,14,0.00831365
3921,14,0.05926404
3922,14,0.01589797
3923,14,0.05021568
3924,14,0.02989616
3925,14,0.01280615
3926,14,0.01889073
3927,14,0.00882718
3928,14,0.01098143
3929,14,0.07733822
3930,14,0.03692873
3931,14,0.05792773
3932,14,0.04145439
3933,14,0.00914065
3934,14,0.04030212
3935,14,0.02153355
3936,14,0.04095619
3937,14,0.01962603
3938,14,0.04705925
3939,14,0.00853624
3940,14,0.01993979
3941,14,0.01239212
3942,14,0.03464321
3943,14,0.07484267
3944,14,0.01438666
3945,14,0.03525020
3946,14,0.01059381
3947,14,0.01261186
3948,14,0.00981912
3949,14,0.01177389
3950,14,0.00838705
3951,14,0.04330910
3952,14,0.01485933
3953,14,0.01212408
3954,14,0.01757952
3955,14,0.04027899
3956,14,0.02023560
3957,14,0.02795399
3958,14,0.04873590
3959,14,0.04822237
3960,14,0.00816274
3961,14,0.02490999
3962,14,0.01466768
3963,14,0.00987778
3964,14,0.01413802
3965,14,0.02658872
3966,14,0.04173300
3967,14,0.00818034
3968,14,0.00538990
3969,14,0.02529339
3970,14,0.03842460
3971,14,0.01793949
3972,14,0.01952080
3973,14,0.04952380
3974,14,0.01157802
3975,14,0.04082795
3976,14,0.01242348
3977,14,0.01281618
3978,14,0.00837678
3979,14,0.03579617
3980,14,0.02523831
3981,14,0.01809163
3982,14,0.01814578
3983,14,0.01931154
3984,14,0.01483141
3985,14,0.01321097
3986,14,0.01100815
3987,14,0.03958851
3988,14,0.07874504
3989,14,0.00971326
3990,14,0.01263600
3991,14,0.01508124
3992,14,0.00770057
3993,14,0.00435952
3994,14,0.01353551
3995,14,0.00903453
3996,14,0.08095295
3997,14,0.02552819
3998,14,0.02122547
3999,14,0.06415369
4000,14,0.01973362
4001,14,0.00894955
4002,14,0.04188957
4003,14,0.02361733
4004,14,0.02934782
4005,14,0.03221671
4006,14,0.00669236
4007,14,0.01004899
4008,14,0.00956766
4009,14,0.01280110
4010,14,0.01268741
4011,14,0.05796212
4012,14,0.01232185
4013,14,0.01128495
4014,14,0.00988863
4015,14,0.01469504
4016,14,0.01169328
4017,14,0.00433378
4018,14,0.04284115
4019,14,0.01607185
4020,14,0.01014325
4021,14,0.01790666
4022,14,0.00965321
4023,14,0.02515665
4024,14,0.05866631
4025,14,0.01477272
4026,14,0.04692942
4027,14,0.01551069
4028,14,0.00772761
4029,14,0.01260212
4030,14,0.01158578
4031,14,0.03486677
4032,14,0.00773122
4033,14,0.01006947
4034,14,0.02947251
4035,14,0.01320994
4036,14,0.01262025
4037,14,0.03786872
4038,14,0.00801106
4039,14,0.04420786
4040,14,0.05327105
4041,14,0.03188438
4042,14,0.00592771
4043,14,0.01791422
4044,14,0.01410088
4045,14,0.03654466
4046,14,0.06909836
4047,14,0.01485951
4048,14,0.01303858
4049,14,0.01457477
4050,14,0.01881696
4051,14,0.01370995
4052,14,0.05665918
4053,14,0.01091658
4054,14,0.01321272
4055,14,0.00970113
4056,14,0.00420864
4057,14,0.04902329
4058,14,0.06217541
4059,14,0.00692529
4060,14,0.01219776
4061,14,0.01210569
4062,14,0.02288954
4063,14,0.00426939
4064,14,0.00987043
4065,14,0.01271004
4066,14,0.01438796
4067,14,0.02874766
4068,14,0.01200663
4069,14,0.01378148
4070,14,0.01957580
4071,14,0.01681155
4072,14,0.01384232
4073,14,0.02585508
4074,14,0.01997547
4075,14,0.02421919
4076,14,0.00995303
4077,14,0.00957411
4078,14,0.01011020
4079,14,0.01406147
4080,14,0.01278390
4081,14,0.01106281
4082,14,0.01088768
4083,14,0.03757780
4084,14,0.01233405
4085,14,0.00639950
4086,14,0.03084390
4087,14,0.01160548
4088,14,0.06854716
4089,14,0.00635062
4090,14,0.04304671
4091,14,0.00538062
4092,14,0.03088124
4093,14,0.01030616
4094,14,0.04601666
4095,14,0.00879501
4096,14,0.02127177
4097,14,0.01508110
4098,14,0.01152233
4099,14,0.01480074
4100,14,0.01606350
4101,14,0.01197577
4102,14,0.02468734
4103,15,0.02079306
4104,15,0.03907094
4105,15,0.04536001
4106,15,0.00511468
4107,15,0.01136724
4108,15,0.00827873
4109,15,0.01764455
4110,15,0.00907181
4111,15,0.02517460
4112,15,0.01177573
4113,15,0.01285155
4114,15,0.01293102
4115,15,0.01700747
4116,15,0.01374753
4117,15,0.01157036
4118,15,0.01019858
4119,15,0.02099180
4120,15,0.01234293
4121,15,0.03420921
4122,15,0.01507898
4123,15,0.01102095
4124,15,0.00991342
4125,15,0.02232875
4126,15,0.04390996
4127,15,0.01627921
4128,15,0.02175124
4129,15,0.02069845
4130,15,0.00722295
4131,15,0.01226602
4132,15,0.02851965
4133,15,0.03253835
4134,15,0.04752486
4135,15,0.02491762
4136,15,0.02285262
4137,15,0.08857312
4138,15,0.01181465
4139,15,0.01407959
4140,15,0.04156552
4141,15,0.02664627
4142,15,0.00614030
4143,15,0.01931370
4144,15,0.01600040
4145,15,0.02458261
4146,15,0.02579297
4147,15,0.01020360
4148,15,0.02389806
4149,15,0.01249264
4150,15,0.01594771
4151,15,0.02393625
4152,15,0.02607108
4153,15,0.02862700
4154,15,0.01623912
4155,15,0.01310383
4156,15,0.00850755
4157,15,0.03117307
4158,15,0.01255800
4159,15,0.05318412
4160,15,0.00686160
4161,15,0.01083154
4162,15,0.01150826
4163,15,0.01170605
4164,15,0.00552231
4165,15,0.01148134
4166,15,0.03053595
4167,15,0.06174848
4168,15,0.01342702
4169,15,0.06286353
4170,15,0.01536239
4171,15,0.00653689
4172,15,0.02287229
4173,15,0.01237055
4174,15,0.01006371
4175,15,0.04252684
4176,15,0.00396593
4177,15,0.01026499
4178,15,0.01973539
4179,15,0.00814393
4180,15,0.01723594
4181,15,0.02068350
4182,15,0.00808106
4183,15,0.01419708
4184,15,0.01041528
4185,15,0.01245624
4186,15,0.01916414
4187,15,0.01452850
4188,15,0.04832752
4189,15,0.00801978
4190,15,0.00919027
4191,15,0.01708104
4192,15,0.00906556
4193,15,0.01892385
4194,15,0.00827650
4195,15,0.05637721
4196,15,0.01967997
4197,15,0.05851179
4198,15,0.01101298
4199,15,0.00995998
4200,15,0.01443855
4201,15,0.00962220
4202,15,0.03040693
4203,15,0.00768491
4204,15,0.00982798
4205,15,0.02461345
4206,15,0.03613677
4207,15,0.01204309
4208,15,0.00644553
4209,15,0.02630738
4210,15,0.01038580
4211,15,0.02669799
4212,15,0.01533235
4213,15,0.01830582
4214,15,0.00874483
4215,15,0.00669239
4216,15,0.02240186
4217,15,0.02577763
4218,15,0.03073807
4219,15,0.00404307
4220,15,0.07617832
4221,15,0.01867146
4222,15,0.05010659
4223,15,0.01386440
4224,15,0.00775463
4225,15,0.01251643
4226,15,0.00712557
4227,15,0.01260766
4228,15,0.01514909
4229,15,0.00927091
4230,15,0.04003289
4231,15,0.01310868
4232,15,0.01372388
4233,15,0.01733986
4234,15,0.01049518
4235,15,0.00914934
4236,15,0.01265995
4237,15,0.00515405
4238,15,0.01087818
4239,15,0.00841320
4240,15,0.00968727
4241,15,0.00901624
4242,15,0.01726122
4243,15,0.00638929
4244,15,0.01161284
4245,15,0.01030553
4246,15,0.03692959
4247,15,0.01021591
4248,15,0.02032990
4249,15,0.01965273
4250,15,0.00780730
4251,15,0.05007719
4252,15,0.00614407
4253,15,0.01122472
4254,15,0.02155817
4255,15,0.04624110
4256,15,0.01138900
4257,15,0.01212117
4258,15,0.04936790
4259,15,0.04751975
4260,15,0.02625229
4261,15,0.01207371
4262,15,0.01767341
4263,15,0.02609820
4264,15,0.00841453
4265,15,0.03827289
4266,15,0.00670185
4267,15,0.00544054
4268,15,0.05027935
4269,15,0.04002351
4270,15,0.03391127
4271,15,0.00769152
4272,15,0.06162317
4273,15,0.00642668
4274,15,0.00668913
4275,15,0.06547377
4276,15,0.01104127
4277,15,0.02238158
4278,15,0.10177893
4279,15,0.01266785
4280,15,0.00749030
4281,15,0.00872005
4282,15,0.00784914
4283,15,0.01544874
4284,15,0.00752172
4285,15,0.00967421
4286,15,0.02774148
4287,15,0.02525627
4288,15,0.01244206
4289,15,0.01597154
4290,15,0.03958330
4291,15,0.01437145
4292,15,0.02063328
4293,15,0.05638225
4294,15,0.01965047
4295,15,0.01718110
4296,15,0.00904985
4297,15,0.00955024
4298,15,0.00825744
4299,15,0.00841972
4300,15,0.02677919
4301,15,0.03635838
4302,15,0.01923275
4303,15,0.00778762
4304,15,0.01253313
4305,15,0.01509594
4306,15,0.01108693
4307,15,0.01452705
4308,15,0.02340469
4309,15,0.01346374
4310,15,0.00597754
4311,15,0.01679029
4312,15,0.00769533
4313,15,0.00924036
4314,15,0.04376224
4315,15,0.01797356
4316,15,0.01718564
4317,15,0.01210243
4318,15,0.01998544
4319,15,0.03681873
4320,15,0.04059653
4321,15,0.05464875
4322,15,0.01428932
4323,15,0.01144289
4324,15,0.01306532
4325,15,0.01307462
4326,15,0.02615266
4327,15,0.07772584
4328,15,0.00782451
4329,15,0.01048005
4330,15,0.01769217
4331,15,0.00801122
4332,15,0.02161690
4333,15,0.01101490
4334,15,0.01500803
4335,15,0.00523449
4336,15,0.00992566
4337,15,0.02692646
4338,15,0.07223401
4339,15,0.01839822
4340,15,0.00820370
4341,15,0.02267814
4342,15,0.01233702
4343,15,0.02235610
4344,15,0.01441791
4345,15,0.02736181
4346,15,0.01415809
4347,15,0.00578665
4348,15,0.00886691
4349,15,0.01070920
4350,15,0.00707270
4351,15,0.01320677
4352,15,0.02179838
4353,15,0.02594078
4354,15,0.01167257
4355,15,0.01541535
4356,15,0.00805676
4357,15,0.01138064
4358,15,0.02316450
4359,15,0.00582255
4360,15,0.00802029
4361,15,0.01024500
4362,15,0.00914097
4363,15,0.00825146
4364,15,0.02316698
4365,15,0.02642852
4366,15,0.04183592
4367,15,0.01766111
4368,15,0.00979303
4369,15,0.01162666
4370,15,0.00747999
4371,15,0.00620801
4372,15,0.05774794
4373,15,0.00977683
4374,15,0.01251990
4375,15,0.02682914
4376,15,0.00983736
4377,15,0.05486776
4378,15,0.04847152
4379,15,0.00854543
4380,15,0.05017718
4381,15,0.01124229
4382,15,0.03770436
4383,15,0.02289170
4384,15,0.03147041
4385,15,0.02625842
4386,15,0.01618878
4387,15,0.02218982
4388,15,0.01658265
4389,15,0.02067777
4390,15,0.00951872
4391,15,0.01176548
4392,15,0.00750308
4393,15,0.02759051
4394,15,0.01030421
4395,15,0.03509711
4396,16,0.01499746
4397,16,0.03215738
4398,16,0.01204982
4399,16,0.00933248
4400,16,0.03312228
4401,16,0.01464651
4402,16,0.01058914
4403,16,0.02754104
4404,16,0.00786862
4405,16,0.00864554
4406,16,0.01247625
4407,16,0.01433444
4408,16,0.01057889
4409,16,0.00895484
4410,16,0.01435030
4411,16,0.09463640
4412,16,0.03974199
4413,16,0.07010615
4414,16,0.01146337
4415,16,0.02489395
4416,16,0.02002228
4417,16,0.00880247
4418,16,0.03111257
4419,16,0.02412374
4420,16,0.00866793
4421,16,0.05875773
4422,16,0.02687623
4423,16,0.05765313
4424,16,0.03256050
4425,16,0.02858156
4426,16,0.00724440
4427,16,0.02006095
4428,16,0.02712013
4429,16,0.00638245
4430,16,0.01682460
4431,16,0.01488489
4432,16,0.01258500
4433,16,0.02257332
4434,16,0.00582874
4435,16,0.01031431
4436,16,0.07732773
4437,16,0.04209457
4438,16,0.01213090
4439,16,0.00768829
4440,16,0.00775336
4441,16,0.00946551
4442,16,0.03523244
4443,16,0.00794323
4444,16,0.01688140
4445,16,0.01523041
4446,16,0.01707021
4447,16,0.00922136
4448,16,0.01319391
4449,16,0.02703592
4450,16,0.02149193
4451,16,0.01351021
4452,16,0.05438722
4453,16,0.03064723
4454,16,0.01162187
4455,16,0.01083610
4456,16,0.01554280
4457,16,0.02337640
4458,16,0.01222863
4459,16,0.01465111
4460,16,0.01784999
4461,16,0.01179703
4462,16,0.01507272
4463,16,0.00609994
4464,16,0.01959958
4465,16,0.04854622
4466,16,0.00527860
4467,16,0.02406941
4468,16,0.01444668
4469,16,0.04649309
4470,16,0.02028147
4471,16,0.01594142
4472,16,0.00749399
4473,16,0.02023474
4474,16,0.01280165
4475,16,0.00905922
4476,16,0.03035471
4477,16,0.00971754
4478,16,0.01009000
4479,16,0.01119500
4480,16,0.03710292
4481,16,0.00988473
4482,16,0.04887275
4483,16,0.06154015
4484,16,0.01753405
4485,16,0.00723773
4486,16,0.03448223
4487,16,0.01185341
4488,16,0.02302998
4489,16,0.04065309
4490,16,0.00828002
4491,16,0.00911950
4492,16,0.01066005
4493,16,0.01220490
4494,16,0.00868138
4495,16,0.00856445
4496,16,0.00957954
4497,16,0.01596873
4498,16,0.03026351
4499,16,0.01463122
4500,16,0.04521101
4501,16,0.00974098
4502,16,0.01498580
4503,16,0.04545321
4504,16,0.00793610
4505,16,0.01667405
4506,16,0.02533089
4507,16,0.09064899
4508,16,0.00520603
4509,16,0.04192804
4510,16,0.00623172
4511,16,0.01078952
4512,16,0.01274251
4513,16,0.03048047
4514,16,0.02225181
4515,16,0.02203076
4516,16,0.04141074
4517,16,0.00358372
4518,16,0.01503707
4519,16,0.01897872
4520,16,0.02047341
4521,16,0.01332347
4522,16,0.01569584
4523,16,0.01302842
4524,16,0.05195232
4525,16,0.04236243
4526,16,0.04686160
4527,16,0.01440734
4528,16,0.02522894
4529,16,0.00811979
4530,16,0.00760463
4531,16,0.01809613
4532,16,0.01579917
4533,16,0.03071284
4534,16,0.01170661
4535,16,0.01599172
4536,16,0.03523598
4537,16,0.00932393
4538,16,0.01193530
4539,16,0.01806675
4540,16,0.01394862
4541,16,0.00525072
4542,16,0.00626483
4543,16,0.02853018
4544,16,0.01349244
4545,16,0.01003398
4546,16,0.01121720
4547,16,0.00728052
4548,16,0.00839594
4549,16,0.03117983
4550,16,0.01241069
4551,16,0.01810745
4552,16,0.01064672
4553,16,0.02315895
4554,16,0.00628396
4555,16,0.00533674
4556,16,0.00865560
4557,16,0.02408928
4558,16,0.01106370
4559,16,0.02228606
4560,16,0.00478501
4561,16,0.00752537
4562,16,0.04329645
4563,16,0.00832860
4564,16,0.00431276
4565,16,0.00909869
4566,16,0.04898848
4567,16,0.01303480
4568,16,0.00986747
4569,16,0.01184934
4570,16,0.03110266
4571,16,0.00750749
4572,16,0.05596330
4573,16,0.03098388
4574,16,0.01065351
4575,16,0.01808537
4576,16,0.00432771
4577,16,0.00679310
4578,16,0.00865803
4579,16,0.00975243
4580,16,0.01960363
4581,16,0.01231947
4582,16,0.01312277
4583,16,0.02035533
4584,16,0.04870787
4585,16,0.01560770
4586,16,0.01574588
4587,16,0.00923272
4588,16,0.01491724
4589,16,0.01267544
4590,16,0.00835552
4591,16,0.00909667
4592,16,0.00920149
4593,16,0.00776306
4594,16,0.01760172
4595,16,0.01183306
4596,16,0.00741309
4597,16,0.00735789
4598,16,0.01047563
4599,16,0.00920529
4600,16,0.00613238
4601,16,0.01216248
4602,16,0.00852839
4603,16,0.01755222
4604,16,0.00793088
4605,16,0.00888215
4606,16,0.01819015
4607,16,0.01116457
4608,16,0.00735386
4609,16,0.04560084
4610,16,0.01044735
4611,16,0.02030486
4612,16,0.03161921
4613,16,0.00755016
4614,16,0.00853941
4615,16,0.01355089
4616,16,0.01250930
4617,16,0.00896874
4618,16,0.04048698
4619,16,0.01922069
4620,16,0.00623159
4621,16,0.01160745
4622,16,0.00911006
4623,16,0.01406584
4624,16,0.00910878
4625,16,0.00662768
4626,16,0.00757056
4627,16,0.00975288
4628,16,0.02356198
4629,16,0.03559485
4630,16,0.00946982
4631,16,0.00454792
4632,16,0.01371201
4633,16,0.01183515
4634,16,0.00615091
4635,16,0.07081006
4636,16,0.04297407
4637,16,0.01462996
4638,16,0.00643282
4639,16,0.00875812
4640,16,0.01451972
4641,16,0.01610463
4642,16,0.01589451
4643,16,0.03358522
4644,16,0.01305433
4645,16,0.04840690
4646,16,0.04636144
4647,16,0.01343343
4648,16,0.01058555
4649,16,0.01322496
4650,16,0.01338470
4651,16,0.07861616
4652,16,0.01400356
4653,16,0.01095727
4654,16,0.00840934
4655,16,0.01763313
4656,16,0.04118788
4657,16,0.01056473
4658,16,0.03752436
4659,16,0.01409675
4660,16,0.03178461
4661,16,0.00750603
4662,16,0.02587198
4663,16,0.00995356
4664,16,0.07991689
4665,16,0.03648930
4666,16,0.00797423
4667,16,0.01620850
4668,16,0.02675392
4669,16,0.00872313
4670,16,0.02604302
4671,16,0.00726317
4672,16,0.01042630
4673,16,0.01125292
4674,16,0.01050733
4675,16,0.01080768
4676,16,0.00998051
4677,16,0.03013373
4678,16,0.02224623
4679,16,0.00761547
4680,16,0.05689199
4681,16,0.02865642
4682,16,0.01180581
4683,16,0.01709455
4684,16,0.01487593
4685,16,0.01042952
4686,16,0.00970710
4687,16,0.01229894
4688,16,0.01443003
4689,17,0.01225146
4690,17,0.03100896
4691,17,0.01556959
4692,17,0.01997923
4693,17,0.01483013
4694,17,0.00889791
4695,17,0.01087448
4696,17,0.00749893
4697,17,0.01426155
4698,17,0.01325830
4699,17,0.01433374
4700,17,0.00839320
4701,17,0.04412669
4702,17,0.01219470
4703,17,0.01509107
4704,17,0.04032402
4705,17,0.01102288
4706,17,0.01726645
4707,17,0.01227278
4708,17,0.01672074
4709,17,0.05282443
4710,17,0.00750230
4711,17,0.03672646
4712,17,0.01505350
4713,17,0.00880178
4714,17,0.01749239
4715,17,0.01394364
4716,17,0.01218542
4717,17,0.00898359
4718,17,0.05316849
4719,17,0.00735293
4720,17,0.02601698
4721,17,0.02410097
4722,17,0.02377545
4723,17,0.01961264
4724,17,0.02755867
4725,17,0.02144893
4726,17,0.01110931
4727,17,0.01429718
4728,17,0.00933153
4729,17,0.00592434
4730,17,0.03981791
4731,17,0.01013900
4732,17,0.02923391
4733,17,0.00703026
4734,17,0.01063132
4735,17,0.00597971
4736,17,0.00672220
4737,17,0.00841520
4738,17,0.00313993
4739,17,0.00966136
4740,17,0.01399981
4741,17,0.00897879
4742,17,0.02357000
4743,17,0.00882753
4744,17,0.01026782
4745,17,0.05054211
4746,17,0.01428892
4747,17,0.02774721
4748,17,0.01807897
4749,17,0.00944249
4750,17,0.02137069
4751,17,0.00975690
4752,17,0.01166212
4753,17,0.00772430
4754,17,0.00866546
4755,17,0.00918117
4756,17,0.07300545
4757,17,0.00833601
4758,17,0.00849740
4759,17,0.01133945
4760,17,0.04342663
4761,17,0.00940579
4762,17,0.03454159
4763,17,0.02083655
4764,17,0.00538781
4765,17,0.03168632
4766,17,0.01275960
4767,17,0.01160537
4768,17,0.01566015
4769,17,0.00457491
4770,17,0.00975147
4771,17,0.04034453
4772,17,0.02942551
4773,17,0.00872104
4774,17,0.05109653
4775,17,0.02332143
4776,17,0.03028823
4777,17,0.00565098
4778,17,0.01327076
4779,17,0.02438266
4780,17,0.06079265
4781,17,0.00385108
4782,17,0.05504686
4783,17,0.05931048
4784,17,0.01722585
4785,17,0.01436902
4786,17,0.00937069
4787,17,0.01229542
4788,17,0.07586922
4789,17,0.02268536
4790,17,0.01343426
4791,17,0.00678691
4792,17,0.01657152
4793,17,0.01196192
4794,17,0.01824727
4795,17,0.01615646
4796,17,0.03357000
4797,17,0.00734375
4798,17,0.01557826
4799,17,0.00989213
4800,17,0.08510258
4801,17,0.01371536
4802,17,0.01017939
4803,17,0.01405199
4804,17,0.00547833
4805,17,0.03158428
4806,17,0.00431871
4807,17,0.00759682
4808,17,0.01188137
4809,17,0.01519799
4810,17,0.01364782
4811,17,0.00606065
4812,17,0.01513740
4813,17,0.02226481
4814,17,0.01519881
4815,17,0.01289998
4816,17,0.00948548
4817,17,0.01261720
4818,17,0.01064230
4819,17,0.00709983
4820,17,0.01499762
4821,17,0.01410786
4822,17,0.00971440
4823,17,0.00694119
4824,17,0.01927290
4825,17,0.00463346
4826,17,0.01795010
4827,17,0.01092681
4828,17,0.00720477
4829,17,0.02939749
4830,17,0.01806596
4831,17,0.02834435
4832,17,0.01818540
4833,17,0.00653382
4834,17,0.02163024
4835,17,0.01246240
4836,17,0.01314055
4837,17,0.04847020
4838,17,0.01225711
4839,17,0.02194928
4840,17,0.00466521
4841,17,0.02734906
4842,17,0.00640774
4843,17,0.01651226
4844,17,0.07510423
4845,17,0.00738303
4846,17,0.01850169
4847,17,0.00730700
4848,17,0.01010221
4849,17,0.00369495
4850,17,0.00965938
4851,17,0.03680365
4852,17,0.00541162
4853,17,0.01470836
4854,17,0.00858612
4855,17,0.00841706
4856,17,0.01043116
4857,17,0.01217546
4858,17,0.01412820
4859,17,0.02268603
4860,17,0.02525229
4861,17,0.00673792
4862,17,0.00598111
4863,17,0.00872334
4864,17,0.01016994
4865,17,0.01279589
4866,17,0.01072182
4867,17,0.02871254
4868,17,0.02462556
4869,17,0.01619672
4870,17,0.02789427
4871,17,0.00921055
4872,17,0.02114893
4873,17,0.01777751
4874,17,0.01745563
4875,17,0.02858401
4876,17,0.03865930
4877,17,0.01310176
4878,17,0.00531554
4879,17,0.04500911
4880,17,0.03737190
4881,17,0.01943183
4882,17,0.08183113
4883,17,0.00554680
4884,17,0.01396403
4885,17,0.01296449
4886,17,0.02093806
4887,17,0.01667872
4888,17,0.00910329
4889,17,0.00835062
4890,17,0.07556888
4891,17,0.01360983
4892,17,0.02600385
4893,17,0.01124397
4894,17,0.04004801
4895,17,0.01605112
4896,17,0.03805985
4897,17,0.00814182
4898,17,0.01512289
4899,17,0.01054542
4900,17,0.00854617
4901,17,0.01331914
4902,17,0.07411814
4903,17,0.01377241
4904,17,0.01398058
4905,17,0.01597749
4906,17,0.01254969
4907,17,0.00628975
4908,17,0.01324987
4909,17,0.00736883
4910,17,0.01190425
4911,17,0.03215710
4912,17,0.01216157
4913,17,0.00570909
4914,17,0.01147397
4915,17,0.02757978
4916,17,0.00858430
4917,17,0.07096721
4918,17,0.01013471
4919,17,0.01252152
4920,17,0.00542885
4921,17,0.04025333
4922,17,0.02510114
4923,17,0.01017794
4924,17,0.00703302
4925,17,0.01120702
4926,17,0.03299398
4927,17,0.01232518
4928,17,0.03132710
4929,17,0.01758552
4930,17,0.03238028
4931,17,0.01087821
4932,17,0.02380896
4933,17,0.03683015
4934,17,0.00827469
4935,17,0.00744116
4936,17,0.01170895
4937,17,0.04797149
4938,17,0.01698400
4939,17,0.00515415
4940,17,0.01677540
4941,17,0.00790625
4942,17,0.00803293
4943,17,0.04381099
4944,17,0.01080039
4945,17,0.04907360
4946,17,0.02126470
4947,17,0.01276576
4948,17,0.01140341
4949,17,0.00716269
4950,17,0.04974436
4951,17,0.03780683
4952,17,0.02456792
4953,17,0.01216551
4954,17,0.00509994
4955,17,0.00997454
4956,17,0.00574430
4957,17,0.03788159
4958,17,0.01170069
4959,17,0.01744394
4960,17,0.02179382
4961,17,0.00779702
4962,17,0.01531197
4963,17,0.01390149
4964,17,0.02673391
4965,17,0.03525767
4966,17,0.01293927
4967,17,0.01111726
4968,17,0.01624433
4969,17,0.00817254
4970,17,0.03975772
4971,17,0.01957469
4972,17,0.01932854
4973,17,0.00952286
4974,17,0.04911325
4975,17,0.01155172
4976,17,0.00508546
4977,17,0.00497126
4978,17,0.01845825
4979,17,0.03049050
4980,17,0.00685615
4981,17,0.04985042
4982,18,0.00766943
4983,18,0.00945039
4984,18,0.00984077
4985,18,0.02121318
4986,18,0.01392776
4987,18,0.01106463
4988,18,0.09472148
4989,18,0.00881016
4990,18,0.01365466
4991,18,0.01016597
4992,18,0.00824123
4993,18,0.01426033
4994,18,0.00970092
4995,18,0.00817249
4996,18,0.01247521
4997,18,0.06514212
4998,18,0.01332870
4999,18,0.05725931
5000,18,0.01089035
5001,18,0.01666418
5002,18,0.00490735
5003,18,0.00809360
5004,18,0.01019556
5005,18,0.03043749
5006,18,0.06102340
5007,18,0.00380720
5008,18,0.01386826
5009,18,0.04880496
5010,18,0.01021959
5011,18,0.01209214
5012,18,0.01246759
5013,18,0.00968179
5014,18,0.01177999
5015,18,0.01168841
5016,18,0.01743620
5017,18,0.01015286
5018,18,0.06636389
5019,18,0.01591015
5020,18,0.01757387
5021,18,0.00686881
5022,18,0.00631835
5023,18,0.01399430
5024,18,0.02538506
5025,18,0.01909666
5026,18,0.01194217
5027,18,0.03361052
5028,18,0.02101262
5029,18,0.01141148
5030,18,0.01641839
5031,18,0.01410490
5032,18,0.01073298
5033,18,0.02669755
5034,18,0.01920754
5035,18,0.01095402
5036,18,0.00898848
5037,18,0.00507241
5038,18,0.01747023
5039,18,0.01087453
5040,18,0.00900367
5041,18,0.00599715
5042,18,0.01019783
5043,18,0.00350198
5044,18,0.01772123
5045,18,0.03142494
5046,18,0.01619872
5047,18,0.03737190
5048,18,0.03373324
5049,18,0.01981500
5050,18,0.00683295
5051,18,0.02428255
5052,18,0.01761180
5053,18,0.01454759
5054,18,0.04299827
5055,18,0.05438243
5056,18,0.03500193
5057,18,0.00924830
5058,18,0.00537663
5059,18,0.04294766
5060,18,0.03863129
5061,18,0.03093881
5062,18,0.01049836
5063,18,0.01521918
5064,18,0.00930438
5065,18,0.02296031
5066,18,0.03203934
5067,18,0.00970811
5068,18,0.00669278
5069,18,0.01309295
5070,18,0.00906757
5071,18,0.01423074
5072,18,0.01580722
5073,18,0.03631432
5074,18,0.01615024
5075,18,0.01373462
5076,18,0.01981247
5077,18,0.02262820
5078,18,0.01468319
5079,18,0.01788287
5080,18,0.01043764
5081,18,0.01447081
5082,18,0.01459952
5083,18,0.01197938
5084,18,0.07985953
5085,18,0.01583918
5086,18,0.01503322
5087,18,0.02175430
5088,18,0.00507421
5089,18,0.01452364
5090,18,0.01023304
5091,18,0.01165299
5092,18,0.00663296
5093,18,0.01251777
5094,18,0.02487704
5095,18,0.01359997
5096,18,0.01224939
5097,18,0.00598943
5098,18,0.00717248
5099,18,0.01250229
5100,18,0.05363324
5101,18,0.02210261
5102,18,0.01497504
5103,18,0.01327334
5104,18,0.02710468
5105,18,0.00738105
5106,18,0.01814288
5107,18,0.01323590
5108,18,0.01564961
5109,18,0.03574971
5110,18,0.00688638
5111,18,0.02175490
5112,18,0.00686655
5113,18,0.01777313
5114,18,0.01494835
5115,18,0.01008811
5116,18,0.01914039
5117,18,0.00758968
5118,18,0.01601610
5119,18,0.01715560
5120,18,0.01222406
5121,18,0.01047343
5122,18,0.01279319
5123,18,0.01005619
5124,18,0.02002116
5125,18,0.01347781
5126,18,0.00647136
5127,18,0.01305734
5128,18,0.00807733
5129,18,0.01083187
5130,18,0.05255076
5131,18,0.00897594
5132,18,0.01578119
5133,18,0.01067392
5134,18,0.01148867
5135,18,0.04242414
5136,18,0.01196357
5137,18,0.00580745
5138,18,0.00600030
5139,18,0.02286131
5140,18,0.01372780
5141,18,0.01274658
5142,18,0.01238970
5143,18,0.04217573
5144,18,0.05048403
5145,18,0.00678237
5146,18,0.05286233
5147,18,0.01679157
5148,18,0.00821565
5149,18,0.00992293
5150,18,0.00917939
5151,18,0.00566631
5152,18,0.03224098
5153,18,0.01204633
5154,18,0.00654510
5155,18,0.01446761
5156,18,0.01150013
5157,18,0.00922651
5158,18,0.04844964
5159,18,0.01032958
5160,18,0.02210205
5161,18,0.05174054
5162,18,0.02229284
5163,18,0.00823965
5164,18,0.04214609
5165,18,0.00954198
5166,18,0.00959476
5167,18,0.04920318
5168,18,0.04004295
5169,18,0.01761160
5170,18,0.02662403
5171,18,0.00995616
5172,18,0.02722990
5173,18,0.05506934
5174,18,0.03761998
5175,18,0.07335664
5176,18,0.03374783
5177,18,0.03360660
5178,18,0.01110985
5179,18,0.01278955
5180,18,0.03778381
5181,18,0.01498841
5182,18,0.01822812
5183,18,0.00988764
5184,18,0.01927215
5185,18,0.01672195
5186,18,0.00968696
5187,18,0.01297825
5188,18,0.02155180
5189,18,0.01887427
5190,18,0.01932648
5191,18,0.01605142
5192,18,0.02471052
5193,18,0.00949813
5194,18,0.01358973
5195,18,0.02785807
5196,18,0.01298745
5197,18,0.00583470
5198,18,0.01254564
5199,18,0.00573752
5200,18,0.00791317
5201,18,0.01295894
5202,18,0.00438768
5203,18,0.00842908
5204,18,0.00853186
5205,18,0.01132016
5206,18,0.00450743
5207,18,0.01668301
5208,18,0.01301006
5209,18,0.00998362
5210,18,0.00458298
5211,18,0.04508255
5212,18,0.00933667
5213,18,0.00853245
5214,18,0.04076462
5215,18,0.00617673
5216,18,0.04917404
5217,18,0.02081616
5218,18,0.04093565
5219,18,0.01336830
5220,18,0.05892641
5221,18,0.05746184
5222,18,0.00696965
5223,18,0.00884044
5224,18,0.00952891
5225,18,0.01098274
5226,18,0.00775521
5227,18,0.00955524
5228,18,0.01507993
5229,18,0.01469782
5230,18,0.00949844
5231,18,0.01158405
5232,18,0.01514140
5233,18,0.00578385
5234,18,0.01311128
5235,18,0.00998867
5236,18,0.01447129
5237,18,0.00710584
5238,18,0.00753782
5239,18,0.00964399
5240,18,0.03049969
5241,18,0.03598367
5242,18,0.01439408
5243,18,0.00704830
5244,18,0.01176571
5245,18,0.01277494
5246,18,0.00922610
5247,18,0.02321149
5248,18,0.01017861
5249,18,0.06460724
5250,18,0.01293585
5251,18,0.01136303
5252,18,0.01151782
5253,18,0.00973346
5254,18,0.00527223
5255,18,0.04587236
5256,18,0.03917092
5257,18,0.01033896
5258,18,0.00398049
5259,18,0.00792345
5260,18,0.01552796
5261,18,0.00833778
5262,18,0.01390851
5263,18,0.02231379
5264,18,0.00631544
5265,18,0.01471486
5266,18,0.02276462
5267,18,0.02990318
5268,18,0.01868945
5269,18,0.01342679
5270,18,0.02792227
5271,18,0.01337772
5272,18,0.03639663
5273,18,0.01884418
5274,18,0.01599108
5275,19,0.01586367
5276,19,0.01906856
5277,19,0.04451121
5278,19,0.00788505
5279,19,0.03264794
5280,19,0.01226587
5281,19,0.01359827
5282,19,0.01051728
5283,19,0.01084567
5284,19,0.01766419
5285,19,0.01785573
5286,19,0.01339183
5287,19,0.07448895
5288,19,0.00939064
5289,19,0.00784714
5290,19,0.01632504
5291,19,0.04621615
5292,19,0.02060135
5293,19,0.07080691
5294,19,0.00998603
5295,19,0.09467418
5296,19,0.01396247
5297,19,0.00732741
5298,19,0.02050298
5299,19,0.00965817
5300,19,0.00812826
5301,19,0.01128572
5302,19,0.01201227
5303,19,0.01780995
5304,19,0.07490380
5305,19,0.04732619
5306,19,0.01418461
5307,19,0.00453150
5308,19,0.01927626
5309,19,0.00953988
5310,19,0.01227704
5311,19,0.01324175
5312,19,0.00918871
5313,19,0.00989711
5314,19,0.03149744
5315,19,0.00927578
5316,19,0.00822082
5317,19,0.04103532
5318,19,0.00784400
5319,19,0.00886011
5320,19,0.00869835
5321,19,0.00671585
5322,19,0.01435505
5323,19,0.00671427
5324,19,0.01921937
5325,19,0.01232669
5326,19,0.01297741
5327,19,0.01406401
5328,19,0.01043270
5329,19,0.01668868
5330,19,0.00931504
5331,19,0.03709025
5332,19,0.00533139
5333,19,0.00933532
5334,19,0.01461007
5335,19,0.00669943
5336,19,0.03581944
5337,19,0.00580551
5338,19,0.00836985
5339,19,0.02717153
5340,19,0.01489874
5341,19,0.00933482
5342,19,0.02028891
5343,19,0.04360021
5344,19,0.01197520
5345,19,0.07749867
5346,19,0.00770239
5347,19,0.01256458
5348,19,0.00756717
5349,19,0.01606753
5350,19,0.02842468
5351,19,0.02328462
5352,19,0.00851099
5353,19,0.01093124
5354,19,0.05715184
5355,19,0.01955290
5356,19,0.01156665
5357,19,0.01039076
5358,19,0.01677317
5359,19,0.03851980
5360,19,0.01153757
5361,19,0.00614205
5362,19,0.00837278
5363,19,0.01079488
5364,19,0.02826216
5365,19,0.01138984
5366,19,0.01328356
5367,19,0.02642843
5368,19,0.03389401
5369,19,0.01869661
5370,19,0.01087120
5371,19,0.01342013
5372,19,0.01624486
5373,19,0.05118618
5374,19,0.01415192
5375,19,0.01678140
5376,19,0.01233256
5377,19,0.01133270
5378,19,0.02980986
5379,19,0.05296535
5380,19,0.00644651
5381,19,0.01172719
5382,19,0.00571113
5383,19,0.02099287
5384,19,0.01213526
5385,19,0.01803703
5386,19,0.08319056
5387,19,0.00771853
5388,19,0.00963136
5389,19,0.01602818
5390,19,0.02126058
5391,19,0.03731361
5392,19,0.01580154
5393,19,0.01904266
5394,19,0.00577463
5395,19,0.03521780
5396,19,0.01306174
5397,19,0.02187942
5398,19,0.01615273
5399,19,0.01936880
5400,19,0.04756222
5401,19,0.01799730
5402,19,0.01407628
5403,19,0.03997621
5404,19,0.00704549
5405,19,0.01841972
5406,19,0.00687311
5407,19,0.01736452
5408,19,0.01038175
5409,19,0.00969245
5410,19,0.03505464
5411,19,0.03472455
5412,19,0.01934652
5413,19,0.07176948
5414,19,0.00955534
5415,19,0.02925155
5416,19,0.02621444
5417,19,0.01031504
5418,19,0.01226573
5419,19,0.00547996
5420,19,0.02478816
5421,19,0.05406304
5422,19,0.01344571
5423,19,0.01151833
5424,19,0.01193847
5425,19,0.02478065
5426,19,0.00929442
5427,19,0.01309492
5428,19,0.00759132
5429,19,0.01614553
5430,19,0.01647912
5431,19,0.01500949
5432,19,0.01999369
5433,19,0.00380743
5434,19,0.01413823
5435,19,0.03928231
5436,19,0.01365406
5437,19,0.01437350
5438,19,0.01538056
5439,19,0.01038430
5440,19,0.02388990
5441,19,0.00701691
5442,19,0.01672566
5443,19,0.00841308
5444,19,0.01692920
5445,19,0.03480608
5446,19,0.01783568
5447,19,0.01715257
5448,19,0.02545550
5449,19,0.01278407
5450,19,0.02132518
5451,19,0.03746888
5452,19,0.01540533
5453,19,0.01022725
5454,19,0.01049840
5455,19,0.01280969
5456,19,0.01307490
5457,19,0.00671002
5458,19,0.01858496
5459,19,0.05562042
5460,19,0.01959571
5461,19,0.04134819
5462,19,0.01054801
5463,19,0.01423355
5464,19,0.03181590
5465,19,0.01735739
5466,19,0.01439200
5467,19,0.00968914
5468,19,0.01013764
5469,19,0.01712517
5470,19,0.01963816
5471,19,0.02273929
5472,19,0.00914008
5473,19,0.01980159
5474,19,0.00953463
5475,19,0.00866923
5476,19,0.00747136
5477,19,0.01569871
5478,19,0.01363873
5479,19,0.00765881
5480,19,0.01935237
5481,19,0.01374069
5482,19,0.00668480
5483,19,0.00644795
5484,19,0.03670368
5485,19,0.00592216
5486,19,0.00803869
5487,19,0.00917775
5488,19,0.01296478
5489,19,0.02039063
5490,19,0.01736755
5491,19,0.03690992
5492,19,0.00603616
5493,19,0.02547858
5494,19,0.00995656
5495,19,0.01454326
5496,19,0.00464134
5497,19,0.01683468
5498,19,0.01027227
5499,19,0.00577792
5500,19,0.02892464
5501,19,0.00615863
5502,19,0.02680135
5503,19,0.03854433
5504,19,0.01684755
5505,19,0.01889975
5506,19,0.02242170
5507,19,0.01417189
5508,19,0.01607314
5509,19,0.01615117
5510,19,0.01660365
5511,19,0.01468695
5512,19,0.00959730
5513,19,0.02719351
5514,19,0.00947842
5515,19,0.01947622
5516,19,0.01219917
5517,19,0.04112830
5518,19,0.00485222
5519,19,0.00980087
5520,19,0.00878727
5521,19,0.01158898
5522,19,0.02031839
5523,19,0.01599471
5524,19,0.01189836
5525,19,0.08864950
5526,19,0.03244866
5527,19,0.02391158
5528,19,0.00605426
5529,19,0.01919125
5530,19,0.01684285
5531,19,0.02455401
5532,19,0.01871997
5533,19,0.00849619
5534,19,0.01722207
5535,19,0.01239206
5536,19,0.01184539
5537,19,0.00741095
5538,19,0.04311938
5539,19,0.01216019
5540,19,0.01635804
5541,19,0.01311733
5542,19,0.06338726
5543,19,0.01185125
5544,19,0.00857495
5545,19,0.01249621
5546,19,0.00465019
5547,19,0.04745107
5548,19,0.00865289
5549,19,0.01877265
5550,19,0.02100378
5551,19,0.00953665
5552,19,0.00891660
5553,19,0.02781795
5554,19,0.00826964
5555,19,0.04152221
5556,19,0.01969207
5557,19,0.00870827
5558,19,0.00692632
5559,19,0.00434803
5560,19,0.01099611
5561,19,0.00548842
5562,19,0.00955825
5563,19,0.03891866
5564,19,0.00712453
5565,19,0.00931639
5566,19,0.01324911
5567,19,0.00699235
5568,20,0.03565756
5569,20,0.00775371
5570,20,0.00480440
5571,20,0.03128627
5572,20,0.02624772
5573,20,0.02757650
5574,20,0.00667562
5575,20,0.01117605
5576,20,0.01280114
5577,20,0.01028335
5578,20,0.00581445
5579,20,0.01102656
5580,20,0.01148603
5581,20,0.01323234
5582,20,0.00825425
5583,20,0.01665362
5584,20,0.01197519
5585,20,0.01175214
5586,20,0.01356617
5587,20,0.01385710
5588,20,0.01267478
5589,20,0.01535798
5590,20,0.00811233
5591,20,0.05515150
5592,20,0.00769511
5593,20,0.02287400
5594,20,0.01469908
5595,20,0.01117742
5596,20,0.01160810
5597,20,0.01476490
5598,20,0.05001986
5599,20,0.03905304
5600,20,0.01306199
5601,20,0.02072174
5602,20,0.00620975
5603,20,0.01411279
5604,20,0.00764781
5605,20,0.00873475
5606,20,0.00765034
5607,20,0.01096959
5608,20,0.00763320
5609,20,0.03127555
5610,20,0.00979637
5611,20,0.00514126
5612,20,0.01566491
5613,20,0.05176173
5614,20,0.01584777
5615,20,0.01149207
5616,20,0.01278983
5617,20,0.00396700
5618,20,0.00721089
5619,20,0.10307570
5620,20,0.01741663
5621,20,0.02682157
5622,20,0.01877803
5623,20,0.02491352
5624,20,0.01059052
5625,20,0.01092202
5626,20,0.01533115
5627,20,0.01894357
5628,20,0.01713089
5629,20,0.01672493
5630,20,0.01197662
5631,20,0.00710955
5632,20,0.00591243
5633,20,0.02533503
5634,20,0.02307155
5635,20,0.01111643
5636,20,0.00621077
5637,20,0.00615888
5638,20,0.04607585
5639,20,0.00828763
5640,20,0.01020158
5641,20,0.00625131
5642,20,0.00980868
5643,20,0.02134656
5644,20,0.01155004
5645,20,0.01304931
5646,20,0.02053407
5647,20,0.05238375
5648,20,0.00703069
5649,20,0.00829249
5650,20,0.01048719
5651,20,0.00697155
5652,20,0.01571439
5653,20,0.02822700
5654,20,0.01601580
5655,20,0.02093626
5656,20,0.01396112
5657,20,0.01157223
5658,20,0.03892470
5659,20,0.01878790
5660,20,0.00566156
5661,20,0.01557928
5662,20,0.01217376
5663,20,0.01280649
5664,20,0.03174680
5665,20,0.01865682
5666,20,0.00831855
5667,20,0.00874242
5668,20,0.00685807
5669,20,0.00485050
5670,20,0.00821412
5671,20,0.00908347
5672,20,0.00926451
5673,20,0.02743411
5674,20,0.00830788
5675,20,0.03296914
5676,20,0.02636356
5677,20,0.01293676
5678,20,0.02133836
5679,20,0.01354988
5680,20,0.00977996
5681,20,0.03696462
5682,20,0.01220283
5683,20,0.01617164
5684,20,0.00915977
5685,20,0.01401470
5686,20,0.00945430
5687,20,0.01110871
5688,20,0.02343912
5689,20,0.01172994
5690,20,0.03076818
5691,20,0.01078323
5692,20,0.01741485
5693,20,0.06371647
5694,20,0.02542039
5695,20,0.02752712
5696,20,0.01001335
5697,20,0.01284477
5698,20,0.00765164
5699,20,0.03945434
5700,20,0.01172243
5701,20,0.01423825
5702,20,0.01628475
5703,20,0.01098690
5704,20,0.01664600
5705,20,0.01233591
5706,20,0.01149172
5707,20,0.01332254
5708,20,0.01126395
5709,20,0.02097467
5710,20,0.02570458
5711,20,0.00832929
5712,20,0.01211478
5713,20,0.01096184
5714,20,0.00697327
5715,20,0.01874694
5716,20,0.01271408
5717,20,0.02219135
5718,20,0.01733293
5719,20,0.01256431
5720,20,0.01122770
5721,20,0.00749482
5722,20,0.01755626
5723,20,0.03073395
5724,20,0.02196322
5725,20,0.02958065
5726,20,0.00615983
5727,20,0.02565499
5728,20,0.00973181
5729,20,0.01094271
5730,20,0.01638385
5731,20,0.01133136
5732,20,0.01286434
5733,20,0.02411210
5734,20,0.01051052
5735,20,0.01192235
5736,20,0.00981622
5737,20,0.02013012
5738,20,0.00768338
5739,20,0.01037089
5740,20,0.01937504
5741,20,0.00376405
5742,20,0.06106305
5743,20,0.00799536
5744,20,0.02407170
5745,20,0.05632047
5746,20,0.01054127
5747,20,0.04065961
5748,20,0.01561997
5749,20,0.01296367
5750,20,0.01334252
5751,20,0.01329769
5752,20,0.01570190
5753,20,0.02985747
5754,20,0.04933358
5755,20,0.00559287
5756,20,0.02364781
5757,20,0.00527708
5758,20,0.02373503
5759,20,0.02086070
5760,20,0.01648252
5761,20,0.00900209
5762,20,0.03896214
5763,20,0.01005697
5764,20,0.00760086
5765,20,0.04874830
5766,20,0.00964140
5767,20,0.01059137
5768,20,0.00816250
5769,20,0.02401800
5770,20,0.02042431
5771,20,0.04300318
5772,20,0.00423647
5773,20,0.00705484
5774,20,0.01257757
5775,20,0.04086018
5776,20,0.00798374
5777,20,0.01120118
5778,20,0.02663569
5779,20,0.01557121
5780,20,0.01516807
5781,20,0.06330625
5782,20,0.00579896
5783,20,0.00955412
5784,20,0.01530387
5785,20,0.01251915
5786,20,0.01421900
5787,20,0.03482854
5788,20,0.01275441
5789,20,0.01599612
5790,20,0.00623420
5791,20,0.01426179
5792,20,0.00568734
5793,20,0.00754456
5794,20,0.00896124
5795,20,0.01486200
5796,20,0.01030909
5797,20,0.01032995
5798,20,0.00973235
5799,20,0.00907643
5800,20,0.00466135
5801,20,0.04532085
5802,20,0.00811864
5803,20,0.00741892
5804,20,0.00581244
5805,20,0.01973323
5806,20,0.00786692
5807,20,0.01281272
5808,20,0.00734638
5809,20,0.01044738
5810,20,0.06030139
5811,20,0.05203265
5812,20,0.04008514
5813,20,0.01221994
5814,20,0.01730320
5815,20,0.01069287
5816,20,0.01098494
5817,20,0.05204495
5818,20,0.01690027
5819,20,0.02188810
5820,20,0.05947775
5821,20,0.01103847
5822,20,0.00859805
5823,20,0.00808732
5824,20,0.04246241
5825,20,0.01357916
5826,20,0.05579205
5827,20,0.02234874
5828,20,0.01684066
5829,20,0.01832376
5830,20,0.01283565
5831,20,0.02388313
5832,20,0.00625260
5833,20,0.00871114
5834,20,0.01507465
5835,20,0.01478356
5836,20,0.06012279
5837,20,0.02415400
5838,20,0.02770894
5839,20,0.00705621
5840,20,0.02414968
5841,20,0.01221663
5842,20,0.01028499
5843,20,0.01078889
5844,20,0.02392809
5845,20,0.00811614
5846,20,0.00851454
5847,20,0.01433336
5848,20,0.01037710
5849,20,0.02191415
5850,20,0.00708315
5851,20,0.02655564
5852,20,0.00694636
5853,20,0.01199388
5854,20,0.00759699
5855,20,0.01606949
5856,20,0.04118711
5857,20,0.00760372
5858,20,0.01594470
5859,20,0.01847095
5860,20,0.01352509
5861,21,0.03467419
5862,21,0.03711463
5863,21,0.00657055
5864,21,0.02616639
5865,21,0.00588567
5866,21,0.02718392
5867,21,0.00642390
5868,21,0.02409500
5869,21,0.00825948
5870,21,0.00731628
5871,21,0.05702567
5872,21,0.01289374
5873,21,0.04561370
5874,21,0.01976804
5875,21,0.01424247
5876,21,0.00774396
5877,21,0.00694418
5878,21,0.00981843
5879,21,0.00956298
5880,21,0.00896818
5881,21,0.00614114
5882,21,0.01336904
5883,21,0.01459956
5884,21,0.00730605
5885,21,0.01122661
5886,21,0.00867482
5887,21,0.00631430
5888,21,0.00676554
5889,21,0.01759342
5890,21,0.00841868
5891,21,0.01156626
5892,21,0.00616128
5893,21,0.01972080
5894,21,0.00826049
5895,21,0.07394541
5896,21,0.00788005
5897,21,0.00645293
5898,21,0.00932108
5899,21,0.00608694
5900,21,0.01122052
5901,21,0.01112795
5902,21,0.00566121
5903,21,0.03828089
5904,21,0.01663869
5905,21,0.02406642
5906,21,0.00615285
5907,21,0.00711693
5908,21,0.01661974
5909,21,0.01068158
5910,21,0.01501384
5911,21,0.01544431
5912,21,0.02903522
5913,21,0.02537018
5914,21,0.01157511
5915,21,0.01114598
5916,21,0.01153068
5917,21,0.02829017
5918,21,0.00704838
5919,21,0.00615600
5920,21,0.00614691
5921,21,0.00705941
5922,21,0.01886139
5923,21,0.02514876
5924,21,0.01376774
5925,21,0.00591912
5926,21,0.00748799
5927,21,0.00835488
5928,21,0.00706732
5929,21,0.01892590
5930,21,0.00981598
5931,21,0.01004444
5932,21,0.01024958
5933,21,0.00909407
5934,21,0.00778358
5935,21,0.01168310
5936,21,0.00472974
5937,21,0.01021655
5938,21,0.00753556
5939,21,0.00996175
5940,21,0.00455288
5941,21,0.04472821
5942,21,0.01414022
5943,21,0.00930237
5944,21,0.02511641
5945,21,0.00406286
5946,21,0.01902051
5947,21,0.00719550
5948,21,0.00829614
5949,21,0.00475356
5950,21,0.02219333
5951,21,0.06771169
5952,21,0.00896407
5953,21,0.00913904
5954,21,0.01302090
5955,21,0.02898718
5956,21,0.02137237
5957,21,0.00656538
5958,21,0.01373457
5959,21,0.02277262
5960,21,0.01607379
5961,21,0.03213182
5962,21,0.00954776
5963,21,0.02546242
5964,21,0.01020696
5965,21,0.00861550
5966,21,0.01611198
5967,21,0.06139259
5968,21,0.01377103
5969,21,0.00795188
5970,21,0.04635873
5971,21,0.03172607
5972,21,0.02397864
5973,21,0.03188475
5974,21,0.05632665
5975,21,0.01591004
5976,21,0.02198484
5977,21,0.02052041
5978,21,0.02446317
5979,21,0.01365357
5980,21,0.02902056
5981,21,0.01411261
5982,21,0.00495106
5983,21,0.00837538
5984,21,0.01288649
5985,21,0.01549877
5986,21,0.00753883
5987,21,0.01013277
5988,21,0.00778857
5989,21,0.03727742
5990,21,0.01108525
5991,21,0.01238843
5992,21,0.03537904
5993,21,0.01237441
5994,21,0.01116701
5995,21,0.00919961
5996,21,0.01556059
5997,21,0.00641784
5998,21,0.03269884
5999,21,0.00500140
6000,21,0.00940682
6001,21,0.00768414
6002,21,0.01759117
6003,21,0.01208308
6004,21,0.00581740
6005,21,0.01373350
6006,21,0.00881201
6007,21,0.02000631
6008,21,0.03837241
6009,21,0.01160142
6010,21,0.01422753
6011,21,0.00773322
6012,21,0.00745721
6013,21,0.00907229
6014,21,0.07013701
6015,21,0.01275732
6016,21,0.02058770
6017,21,0.00536963
6018,21,0.02031451
6019,21,0.01375091
6020,21,0.00995544
6021,21,0.07377342
6022,21,0.03718128
6023,21,0.01044551
6024,21,0.02177873
6025,21,0.03416149
6026,21,0.00931266
6027,21,0.01807166
6028,21,0.01196668
6029,21,0.00634286
6030,21,0.00780332
6031,21,0.00881441
6032,21,0.00709813
6033,21,0.01033018
6034,21,0.02198114
6035,21,0.00693748
6036,21,0.00789454
6037,21,0.00622891
6038,21,0.01761191
6039,21,0.00994452
6040,21,0.00613975
6041,21,0.01115953
6042,21,0.01207338
6043,21,0.02749209
6044,21,0.01321704
6045,21,0.00484220
6046,21,0.01528024
6047,21,0.01296933
6048,21,0.02062941
6049,21,0.01332325
6050,21,0.00792117
6051,21,0.01156733
6052,21,0.00629302
6053,21,0.00469260
6054,21,0.00959596
6055,21,0.00664790
6056,21,0.01756496
6057,21,0.03376317
6058,21,0.01000054
6059,21,0.03521568
6060,21,0.00525850
6061,21,0.01309773
6062,21,0.01297886
6063,21,0.00683206
6064,21,0.00824702
6065,21,0.02603018
6066,21,0.00950868
6067,21,0.00549907
6068,21,0.01381053
6069,21,0.02587529
6070,21,0.02812480
6071,21,0.00982721
6072,21,0.00654954
6073,21,0.00937064
6074,21,0.00610475
6075,21,0.05924419
6076,21,0.03843533
6077,21,0.01051289
6078,21,0.00376819
6079,21,0.05812828
6080,21,0.01323869
6081,21,0.01106517
6082,21,0.05878304
6083,21,0.05744708
6084,21,0.01957669
6085,21,0.01176165
6086,21,0.03276598
6087,21,0.01649176
6088,21,0.00911632
6089,21,0.03893914
6090,21,0.00993363
6091,21,0.01071006
6092,21,0.01868604
6093,21,0.07080184
6094,21,0.01829572
6095,21,0.01640578
6096,21,0.01039727
6097,21,0.01203186
6098,21,0.00998969
6099,21,0.02294336
6100,21,0.01273142
6101,21,0.01253140
6102,21,0.00626236
6103,21,0.04797564
6104,21,0.01168553
6105,21,0.00640601
6106,21,0.02978951
6107,21,0.05683298
6108,21,0.01173382
6109,21,0.01088777
6110,21,0.01065519
6111,21,0.02911759
6112,21,0.02964202
6113,21,0.00720235
6114,21,0.01398932
6115,21,0.01014105
6116,21,0.04191690
6117,21,0.00763495
6118,21,0.01169794
6119,21,0.00633701
6120,21,0.01538119
6121,21,0.00928560
6122,21,0.04360234
6123,21,0.05016343
6124,21,0.01783274
6125,21,0.01392998
6126,21,0.00880255
6127,21,0.01523028
6128,21,0.03092344
6129,21,0.01859628
6130,21,0.06047396
6131,21,0.01961191
6132,21,0.00819830
6133,21,0.00518380
6134,21,0.00922191
6135,21,0.02753302
6136,21,0.04207123
6137,21,0.00860035
6138,21,0.00969217
6139,21,0.00522539
6140,21,0.01073379
6141,21,0.00645736
6142,21,0.01868586
6143,21,0.01158087
6144,21,0.01999863
6145,21,0.01515449
6146,21,0.01725817
6147,21,0.00978776
6148,21,0.02322112
6149,21,0.00875730
6150,21,0.00710300
6151,21,0.01269037
6152,21,0.01131461
6153,21,0.02106346
6154,22,0.06654934
6155,22,0.01142723
6156,22,0.05365932
6157,22,0.01407322
6158,22,0.00888691
6159,22,0.01149565
6160,22,0.00648703
6161,22,0.05598525
6162,22,0.01302369
6163,22,0.01579791
6164,22,0.01149386
6165,22,0.00780450
6166,22,0.01642059
6167,22,0.03730926
6168,22,0.04056467
6169,22,0.05547438
6170,22,0.04509915
6171,22,0.00585375
6172,22,0.01317657
6173,22,0.01310567
6174,22,0.02278272
6175,22,0.00541514
6176,22,0.01022600
6177,22,0.01398881
6178,22,0.01455282
6179,22,0.01530675
6180,22,0.00551966
6181,22,0.00978341
6182,22,0.01644083
6183,22,0.01099250
6184,22,0.00794924
6185,22,0.00693745
6186,22,0.05258443
6187,22,0.01064347
6188,22,0.00588528
6189,22,0.01410538
6190,22,0.02247429
6191,22,0.01839172
6192,22,0.01338533
6193,22,0.02002494
6194,22,0.02700696
6195,22,0.01206125
6196,22,0.01439368
6197,22,0.00481147
6198,22,0.01456156
6199,22,0.00982770
6200,22,0.03799002
6201,22,0.02960438
6202,22,0.01890274
6203,22,0.00855916
6204,22,0.01975784
6205,22,0.01080882
6206,22,0.01975447
6207,22,0.01720374
6208,22,0.01488522
6209,22,0.03641911
6210,22,0.01010361
6211,22,0.00703256
6212,22,0.01176478
6213,22,0.00674434
6214,22,0.02199358
6215,22,0.09624470
6216,22,0.00736352
6217,22,0.00486004
6218,22,0.00607532
6219,22,0.01642291
6220,22,0.02949968
6221,22,0.00558806
6222,22,0.00651277
6223,22,0.01096318
6224,22,0.00777445
6225,22,0.01605846
6226,22,0.01438513
6227,22,0.02545905
6228,22,0.00930899
6229,22,0.03501855
6230,22,0.02270362
6231,22,0.00560744
6232,22,0.03686063
6233,22,0.01687044
6234,22,0.01033201
6235,22,0.00732350
6236,22,0.00966023
6237,22,0.00562031
6238,22,0.00792944
6239,22,0.01072910
6240,22,0.01696240
6241,22,0.00846239
6242,22,0.01166371
6243,22,0.00955968
6244,22,0.01049435
6245,22,0.01655950
6246,22,0.01201324
6247,22,0.01362786
6248,22,0.03810300
6249,22,0.00623592
6250,22,0.01080541
6251,22,0.00674576
6252,22,0.06089671
6253,22,0.02747479
6254,22,0.02637205
6255,22,0.01494143
6256,22,0.00507629
6257,22,0.01380906
6258,22,0.00647783
6259,22,0.00568020
6260,22,0.01835800
6261,22,0.00574519
6262,22,0.00602232
6263,22,0.01032708
6264,22,0.03372718
6265,22,0.00384382
6266,22,0.01130085
6267,22,0.02582835
6268,22,0.00702031
6269,22,0.05066425
6270,22,0.03047096
6271,22,0.01070772
6272,22,0.00983124
6273,22,0.00809987
6274,22,0.05894265
6275,22,0.00470547
6276,22,0.00882367
6277,22,0.04131281
6278,22,0.01586581
6279,22,0.00763883
6280,22,0.01220555
6281,22,0.01978418
6282,22,0.04270543
6283,22,0.01792124
6284,22,0.00889375
6285,22,0.02446244
6286,22,0.02388040
6287,22,0.00443210
6288,22,0.03702959
6289,22,0.00984403
6290,22,0.01248635
6291,22,0.00770610
6292,22,0.01662265
6293,22,0.00918489
6294,22,0.00911367
6295,22,0.01272734
6296,22,0.01573001
6297,22,0.00646129
6298,22,0.00638037
6299,22,0.01486060
6300,22,0.02625214
6301,22,0.01482854
6302,22,0.00638308
6303,22,0.00636706
6304,22,0.00385955
6305,22,0.00952456
6306,22,0.03231145
6307,22,0.01876710
6308,22,0.00738263
6309,22,0.01460379
6310,22,0.00908849
6311,22,0.01177591
6312,22,0.00908111
6313,22,0.00505757
6314,22,0.00836950
6315,22,0.04196442
6316,22,0.01489534
6317,22,0.00746329
6318,22,0.01360906
6319,22,0.00365028
6320,22,0.01731879
6321,22,0.00838133
6322,22,0.02328962
6323,22,0.00700977
6324,22,0.00746026
6325,22,0.00831185
6326,22,0.00857709
6327,22,0.00470744
6328,22,0.00578285
6329,22,0.03347946
6330,22,0.01431759
6331,22,0.01438071
6332,22,0.00665267
6333,22,0.00872550
6334,22,0.01114587
6335,22,0.03699673
6336,22,0.00378438
6337,22,0.01714603
6338,22,0.03986285
6339,22,0.00803957
6340,22,0.04820719
6341,22,0.01092779
6342,22,0.00280789
6343,22,0.01492902
6344,22,0.01543200
6345,22,0.01067135
6346,22,0.00564402
6347,22,0.00730199
6348,22,0.00868153
6349,22,0.01480044
6350,22,0.00778282
6351,22,0.01000860
6352,22,0.01120138
6353,22,0.01025013
6354,22,0.01292282
6355,22,0.03542498
6356,22,0.00602194
6357,22,0.01663591
6358,22,0.03546678
6359,22,0.01831585
6360,22,0.01558631
6361,22,0.00825692
6362,22,0.01956243
6363,22,0.01712365
6364,22,0.03260424
6365,22,0.02002672
6366,22,0.02633565
6367,22,0.01095376
6368,22,0.00951938
6369,22,0.06254344
6370,22,0.01332290
6371,22,0.00746724
6372,22,0.04137667
6373,22,0.00753922
6374,22,0.01333551
6375,22,0.01026151
6376,22,0.01153543
6377,22,0.01496588
6378,22,0.03381694
6379,22,0.00814654
6380,22,0.03372614
6381,22,0.00511597
6382,22,0.01335676
6383,22,0.01152499
6384,22,0.00582774
6385,22,0.00371760
6386,22,0.01616572
6387,22,0.01236094
6388,22,0.00972992
6389,22,0.01027725
6390,22,0.00892010
6391,22,0.06087257
6392,22,0.00531768
6393,22,0.01459356
6394,22,0.01045060
6395,22,0.01007761
6396,22,0.00630014
6397,22,0.00676218
6398,22,0.01047431
6399,22,0.01267940
6400,22,0.00656886
6401,22,0.04578957
6402,22,0.01013016
6403,22,0.02782931
6404,22,0.00900323
6405,22,0.00626638
6406,22,0.01594712
6407,22,0.01611852
6408,22,0.01363780
6409,22,0.01149383
6410,22,0.00858219
6411,22,0.00947198
6412,22,0.01412247
6413,22,0.00638325
6414,22,0.04816119
6415,22,0.01207075
6416,22,0.01383912
6417,22,0.00643588
6418,22,0.01856126
6419,22,0.02608807
6420,22,0.01847919
6421,22,0.00740315
6422,22,0.00817368
6423,22,0.00487367
6424,22,0.02783261
6425,22,0.01010479
6426,22,0.01605549
6427,22,0.01142150
6428,22,0.04111612
6429,22,0.06999477
6430,22,0.01002955
6431,22,0.00404803
6432,22,0.02382605
6433,22,0.01053963
6434,22,0.00883708
6435,22,0.01925403
6436,22,0.00695588
6437,22,0.01084513
6438,22,0.03888816
6439,22,0.00825863
6440,22,0.00935688
6441,22,0.01313900
6442,22,0.01105660
6443,22,0.00722815
6444,22,0.00648216
6445,22,0.00930479
6446,22,0.00955205
6447,23,0.04346003
6448,23,0.00733644
6449,23,0.01233436
6450,23,0.01990346
6451,23,0.01346111
6452,23,0.00873555
6453,23,0.00837026
6454,23,0.01980729
6455,23,0.00661610
6456,23,0.05383398
6457,23,0.00676534
6458,23,0.01933671
6459,23,0.00972608
6460,23,0.00793479
6461,23,0.00902498
6462,23,0.00559543
6463,23,0.00555223
6464,23,0.00991420
6465,23,0.01226974
6466,23,0.01447672
6467,23,0.04830902
6468,23,0.01065260
6469,23,0.02060370
6470,23,0.01695875
6471,23,0.00977619
6472,23,0.01000435
6473,23,0.00603669
6474,23,0.00960648
6475,23,0.01714221
6476,23,0.00854068
6477,23,0.06438525
6478,23,0.01411301
6479,23,0.02718552
6480,23,0.00824302
6481,23,0.02669204
6482,23,0.04822278
6483,23,0.01979319
6484,23,0.00543178
6485,23,0.00672974
6486,23,0.00625711
6487,23,0.08156966
6488,23,0.00373043
6489,23,0.00968070
6490,23,0.00707428
6491,23,0.00555554
6492,23,0.01434364
6493,23,0.00602173
6494,23,0.03184181
6495,23,0.00406562
6496,23,0.00920295
6497,23,0.03170880
6498,23,0.00786891
6499,23,0.01058842
6500,23,0.01285002
6501,23,0.00851160
6502,23,0.02601120
6503,23,0.05306461
6504,23,0.00905835
6505,23,0.01175623
6506,23,0.01557931
6507,23,0.01091049
6508,23,0.00610868
6509,23,0.00595086
6510,23,0.01851565
6511,23,0.00698136
6512,23,0.00857871
6513,23,0.00849616
6514,23,0.03252741
6515,23,0.00631815
6516,23,0.00733332
6517,23,0.01085138
6518,23,0.01205467
6519,23,0.00890869
6520,23,0.02671266
6521,23,0.00724321
6522,23,0.00915608
6523,23,0.00717929
6524,23,0.00835384
6525,23,0.00816849
6526,23,0.02711323
6527,23,0.00777272
6528,23,0.01209574
6529,23,0.01469934
6530,23,0.00925383
6531,23,0.02999107
6532,23,0.00722929
6533,23,0.01237408
6534,23,0.02378245
6535,23,0.07502706
6536,23,0.00997404
6537,23,0.00574991
6538,23,0.00616609
6539,23,0.01558115
6540,23,0.00901981
6541,23,0.01261806
6542,23,0.00590109
6543,23,0.03501763
6544,23,0.00825104
6545,23,0.01999214
6546,23,0.01312028
6547,23,0.02764845
6548,23,0.00936955
6549,23,0.02116467
6550,23,0.01117026
6551,23,0.01245215
6552,23,0.02663331
6553,23,0.02058862
6554,23,0.01798993
6555,23,0.01521159
6556,23,0.00754086
6557,23,0.01763811
6558,23,0.01426867
6559,23,0.01609707
6560,23,0.01288255
6561,23,0.01862354
6562,23,0.01704037
6563,23,0.00729629
6564,23,0.01737291
6565,23,0.02722265
6566,23,0.00725940
6567,23,0.00551134
6568,23,0.00964360
6569,23,0.00742322
6570,23,0.00706030
6571,23,0.01030130
6572,23,0.00823106
6573,23,0.01220435
6574,23,0.00644642
6575,23,0.00782495
6576,23,0.01502278
6577,23,0.00713441
6578,23,0.00750141
6579,23,0.01350718
6580,23,0.01867533
6581,23,0.01719744
6582,23,0.00777197
6583,23,0.01139533
6584,23,0.01555119
6585,23,0.06384883
6586,23,0.00717329
6587,23,0.00657005
6588,23,0.01360787
6589,23,0.01456947
6590,23,0.02326982
6591,23,0.00619275
6592,23,0.01485882
6593,23,0.00516513
6594,23,0.00871557
6595,23,0.00549825
6596,23,0.01888771
6597,23,0.02206525
6598,23,0.00794928
6599,23,0.00947690
6600,23,0.03843891
6601,23,0.04456940
6602,23,0.03926848
6603,23,0.02500097
6604,23,0.01320029
6605,23,0.02610296
6606,23,0.01405178
6607,23,0.01006357
6608,23,0.00864061
6609,23,0.01128738
6610,23,0.00940677
6611,23,0.00874413
6612,23,0.00864141
6613,23,0.01284985
6614,23,0.01108291
6615,23,0.07988866
6616,23,0.02756657
6617,23,0.00620786
6618,23,0.00954685
6619,23,0.00668020
6620,23,0.02399250
6621,23,0.01706410
6622,23,0.00828781
6623,23,0.00599175
6624,23,0.03343718
6625,23,0.01238635
6626,23,0.00779446
6627,23,0.01399591
6628,23,0.00761292
6629,23,0.00626497
6630,23,0.01163914
6631,23,0.01008532
6632,23,0.04331614
6633,23,0.00504836
6634,23,0.00691208
6635,23,0.01032452
6636,23,0.00605638
6637,23,0.02162267
6638,23,0.00762844
6639,23,0.01039451
6640,23,0.00472633
6641,23,0.00807122
6642,23,0.00840343
6643,23,0.02781871
6644,23,0.02602916
6645,23,0.03003871
6646,23,0.00663376
6647,23,0.00852533
6648,23,0.00773796
6649,23,0.04193315
6650,23,0.00651266
6651,23,0.02036517
6652,23,0.01530382
6653,23,0.00508177
6654,23,0.00873560
6655,23,0.01241483
6656,23,0.05328824
6657,23,0.01499020
6658,23,0.01605702
6659,23,0.00716594
6660,23,0.01211312
6661,23,0.01686458
6662,23,0.00942081
6663,23,0.01714135
6664,23,0.01744689
6665,23,0.00505316
6666,23,0.01470489
6667,23,0.03975808
6668,23,0.00770205
6669,23,0.01421863
6670,23,0.04402018
6671,23,0.00752053
6672,23,0.00878127
6673,23,0.00804810
6674,23,0.04646103
6675,23,0.01155988
6676,23,0.03100149
6677,23,0.00787396
6678,23,0.01495898
6679,23,0.03701153
6680,23,0.00784591
6681,23,0.00986364
6682,23,0.01677347
6683,23,0.05189316
6684,23,0.00890095
6685,23,0.00587631
6686,23,0.03287029
6687,23,0.01546316
6688,23,0.00508760
6689,23,0.05146324
6690,23,0.00604815
6691,23,0.00792558
6692,23,0.07897715
6693,23,0.03556412
6694,23,0.00873873
6695,23,0.03064837
6696,23,0.01067562
6697,23,0.00665761
6698,23,0.00521922
6699,23,0.03512009
6700,23,0.01498354
6701,23,0.00746516
6702,23,0.01337687
6703,23,0.03150503
6704,23,0.02693544
6705,23,0.00870202
6706,23,0.04654249
6707,23,0.00543452
6708,23,0.00773629
6709,23,0.00444925
6710,23,0.01302811
6711,23,0.01342106
6712,23,0.01396500
6713,23,0.00692577
6714,23,0.02874414
6715,23,0.00730098
6716,23,0.01680752
6717,23,0.00735545
6718,23,0.01288483
6719,23,0.03121373
6720,23,0.01435576
6721,23,0.00894090
6722,23,0.01988924
6723,23,0.01197936
6724,23,0.03781580
6725,23,0.00639705
6726,23,0.01852563
6727,23,0.00531476
6728,23,0.01351855
6729,23,0.04426419
6730,23,0.01289622
6731,23,0.03214139
6732,23,0.00473277
6733,23,0.00780834
6734,23,0.03514515
6735,23,0.00757014
6736,23,0.05222359
6737,23,0.01023884
6738,23,0.00770218
6739,23,0.01107211
6740,24,0.01758887
6741,24,0.01413992
6742,24,0.00946133
6743,24,0.01245917
6744,24,0.00889669
6745,24,0.03105346
6746,24,0.00757432
6747,24,0.02193505
6748,24,0.00736698
6749,24,0.02022731
6750,24,0.01242425
6751,24,0.01174531
6752,24,0.02178075
6753,24,0.00835878
6754,24,0.01668389
6755,24,0.00838436
6756,24,0.00786615
6757,24,0.02158972
6758,24,0.01830149
6759,24,0.00592529
6760,24,0.02590428
6761,24,0.01019587
6762,24,0.00658377
6763,24,0.01765003
6764,24,0.00933287
6765,24,0.00509006
6766,24,0.01053505
6767,24,0.00834133
6768,24,0.00509817
6769,24,0.00865314
6770,24,0.03773490
6771,24,0.00311165
6772,24,0.00857057
6773,24,0.02391563
6774,24,0.01672071
6775,24,0.01682977
6776,24,0.01375875
6777,24,0.01757629
6778,24,0.01421344
6779,24,0.01426313
6780,24,0.01117671
6781,24,0.01600224
6782,24,0.00821871
6783,24,0.01125712
6784,24,0.01293262
6785,24,0.01965204
6786,24,0.02832953
6787,24,0.00690978
6788,24,0.02917418
6789,24,0.00683425
6790,24,0.00460121
6791,24,0.00706868
6792,24,0.00748564
6793,24,0.00804989
6794,24,0.03933518
6795,24,0.00523467
6796,24,0.00495587
6797,24,0.02116673
6798,24,0.01539313
6799,24,0.00654216
6800,24,0.02074716
6801,24,0.01005775
6802,24,0.00776520
6803,24,0.02279150
6804,24,0.03682668
6805,24,0.00969179
6806,24,0.00821168
6807,24,0.01136871
6808,24,0.00893133
6809,24,0.02978637
6810,24,0.00779982
6811,24,0.01041858
6812,24,0.01361659
6813,24,0.00735614
6814,24,0.04622094
6815,24,0.00674785
6816,24,0.04271636
6817,24,0.00579793
6818,24,0.00628969
6819,24,0.00615794
6820,24,0.01588951
6821,24,0.01360210
6822,24,0.00928681
6823,24,0.00673390
6824,24,0.00691449
6825,24,0.02560651
6826,24,0.03156686
6827,24,0.01891435
6828,24,0.01188375
6829,24,0.00615785
6830,24,0.00975089
6831,24,0.00909529
6832,24,0.00711655
6833,24,0.00588276
6834,24,0.01256163
6835,24,0.01976711
6836,24,0.00858729
6837,24,0.00829545
6838,24,0.01179485
6839,24,0.00901154
6840,24,0.00610218
6841,24,0.00617926
6842,24,0.00524781
6843,24,0.02019365
6844,24,0.02551638
6845,24,0.02758369
6846,24,0.02685478
6847,24,0.05195060
6848,24,0.02199448
6849,24,0.00935973
6850,24,0.02846804
6851,24,0.00892808
6852,24,0.01026106
6853,24,0.00470040
6854,24,0.01295852
6855,24,0.04663025
6856,24,0.00846873
6857,24,0.07301698
6858,24,0.00692228
6859,24,0.00984083
6860,24,0.00554782
6861,24,0.02560998
6862,24,0.00711823
6863,24,0.00811914
6864,24,0.03122642
6865,24,0.00999743
6866,24,0.00456218
6867,24,0.00997934
6868,24,0.01910963
6869,24,0.01994153
6870,24,0.01420864
6871,24,0.03259600
6872,24,0.00691780
6873,24,0.00434111
6874,24,0.01494417
6875,24,0.03747344
6876,24,0.01162673
6877,24,0.02657393
6878,24,0.00701018
6879,24,0.02223553
6880,24,0.02332859
6881,24,0.00551600
6882,24,0.01681863
6883,24,0.02234315
6884,24,0.04610325
6885,24,0.01016245
6886,24,0.00634896
6887,24,0.04382081
6888,24,0.00838117
6889,24,0.01156439
6890,24,0.02001846
6891,24,0.01054148
6892,24,0.03348310
6893,24,0.00804188
6894,24,0.00476428
6895,24,0.04691327
6896,24,0.00797322
6897,24,0.00247381
6898,24,0.00965963
6899,24,0.02408508
6900,24,0.00646729
6901,24,0.00566741
6902,24,0.01290033
6903,24,0.00842991
6904,24,0.01148384
6905,24,0.01105227
6906,24,0.01618162
6907,24,0.00838914
6908,24,0.01908576
6909,24,0.06274763
6910,24,0.01999064
6911,24,0.01063713
6912,24,0.00517976
6913,24,0.00959213
6914,24,0.02539661
6915,24,0.00645967
6916,24,0.03035283
6917,24,0.00988538
6918,24,0.01070889
6919,24,0.07823627
6920,24,0.00659155
6921,24,0.01035440
6922,24,0.00457331
6923,24,0.00810353
6924,24,0.01154288
6925,24,0.03607950
6926,24,0.00958058
6927,24,0.00989665
6928,24,0.00645065
6929,24,0.00994579
6930,24,0.01159100
6931,24,0.00619284
6932,24,0.01910837
6933,24,0.00736534
6934,24,0.03315407
6935,24,0.00475014
6936,24,0.01173385
6937,24,0.03971219
6938,24,0.01010297
6939,24,0.01322667
6940,24,0.00811787
6941,24,0.01134065
6942,24,0.01131088
6943,24,0.04032245
6944,24,0.01448701
6945,24,0.07067481
6946,24,0.00821720
6947,24,0.03054497
6948,24,0.00512208
6949,24,0.00589251
6950,24,0.00921752
6951,24,0.01197242
6952,24,0.01650653
6953,24,0.00839775
6954,24,0.01237972
6955,24,0.01747717
6956,24,0.01911853
6957,24,0.00661344
6958,24,0.01257100
6959,24,0.02947175
6960,24,0.03734890
6961,24,0.02094442
6962,24,0.01053527
6963,24,0.01208820
6964,24,0.02961895
6965,24,0.01274207
6966,24,0.03086331
6967,24,0.03891465
6968,24,0.00409239
6969,24,0.05970681
6970,24,0.02393762
6971,24,0.05689245
6972,24,0.01362820
6973,24,0.01251295
6974,24,0.08602689
6975,24,0.00973810
6976,24,0.00811042
6977,24,0.00721174
6978,24,0.00860862
6979,24,0.00741657
6980,24,0.00820801
6981,24,0.00821016
6982,24,0.01084722
6983,24,0.01130798
6984,24,0.03255161
6985,24,0.01003766
6986,24,0.03438607
6987,24,0.01299879
6988,24,0.06455570
6989,24,0.02340874
6990,24,0.03705141
6991,24,0.01113045
6992,24,0.02032900
6993,24,0.00771300
6994,24,0.00824141
6995,24,0.02691893
6996,24,0.01283273
6997,24,0.00785295
6998,24,0.01878998
6999,24,0.02005357
7000,24,0.01384050
7001,24,0.00934784
7002,24,0.00935077
7003,24,0.01664974
7004,24,0.01177968
7005,24,0.01773075
7006,24,0.00998607
7007,24,0.01040176
7008,24,0.00781133
7009,24,0.01582647
7010,24,0.01264555
7011,24,0.01532292
7012,24,0.01164159
7013,24,0.01051109
7014,24,0.01058721
7015,24,0.03886243
7016,24,0.01318621
7017,24,0.03952364
7018,24,0.01720694
7019,24,0.01505973
7020,24,0.01383694
7021,24,0.00864059
7022,24,0.00628491
7023,24,0.00665350
7024,24,0.00980663
7025,24,0.00857512
7026,24,0.01508522
7027,24,0.00665684
7028,24,0.02010874
7029,24,0.02727721
7030,24,0.01291590
7031,24,0.01158959
7032,24,0.02092037
7033,25,0.01394882
7034,25,0.04627625
7035,25,0.01286693
7036,25,0.03512733
7037,25,0.00619099
7038,25,0.01156099
7039,25,0.01158269
7040,25,0.01183821
7041,25,0.04710175
7042,25,0.01615593
7043,25,0.01440600
7044,25,0.00735194
7045,25,0.01159602
7046,25,0.00894201
7047,25,0.00968119
7048,25,0.01223480
7049,25,0.01452798
7050,25,0.01301032
7051,25,0.01399378
7052,25,0.00493525
7053,25,0.02385383
7054,25,0.01519895
7055,25,0.01706751
7056,25,0.00887153
7057,25,0.08627912
7058,25,0.02339735
7059,25,0.01143078
7060,25,0.00565858
7061,25,0.01296845
7062,25,0.01095106
7063,25,0.00646017
7064,25,0.00793092
7065,25,0.01373305
7066,25,0.02091589
7067,25,0.01460476
7068,25,0.02542910
7069,25,0.00892789
7070,25,0.00498129
7071,25,0.00942186
7072,25,0.03478874
7073,25,0.01087416
7074,25,0.04945661
7075,25,0.00874683
7076,25,0.05877377
7077,25,0.01519366
7078,25,0.02813950
7079,25,0.01228892
7080,25,0.02440501
7081,25,0.00575070
7082,25,0.00849480
7083,25,0.00668820
7084,25,0.00732863
7085,25,0.00496844
7086,25,0.00474567
7087,25,0.00766845
7088,25,0.00889102
7089,25,0.01163293
7090,25,0.00959846
7091,25,0.03669478
7092,25,0.00818103
7093,25,0.01205285
7094,25,0.02510539
7095,25,0.00576016
7096,25,0.01028234
7097,25,0.01413586
7098,25,0.01099227
7099,25,0.01254815
7100,25,0.00736403
7101,25,0.01915913
7102,25,0.00609916
7103,25,0.00936479
7104,25,0.01013325
7105,25,0.01803781
7106,25,0.04658387
7107,25,0.03027234
7108,25,0.00818672
7109,25,0.03687248
7110,25,0.02129343
7111,25,0.00890932
7112,25,0.06348184
7113,25,0.00232227
7114,25,0.00660627
7115,25,0.00744169
7116,25,0.01506263
7117,25,0.00742008
7118,25,0.04281479
7119,25,0.00909891
7120,25,0.00812300
7121,25,0.01189064
7122,25,0.03129444
7123,25,0.02035439
7124,25,0.00734207
7125,25,0.00522370
7126,25,0.00947139
7127,25,0.00828623
7128,25,0.00549962
7129,25,0.00576945
7130,25,0.01375749
7131,25,0.00914018
7132,25,0.00670904
7133,25,0.00702317
7134,25,0.01148918
7135,25,0.00977569
7136,25,0.02536692
7137,25,0.00532462
7138,25,0.00781744
7139,25,0.00740910
7140,25,0.00799060
7141,25,0.01373763
7142,25,0.05371761
7143,25,0.00577504
7144,25,0.02769672
7145,25,0.01694296
7146,25,0.02210024
7147,25,0.03021211
7148,25,0.00929509
7149,25,0.04450215
7150,25,0.00973767
7151,25,0.00878634
7152,25,0.01336390
7153,25,0.01797865
7154,25,0.01536385
7155,25,0.01110560
7156,25,0.02504168
7157,25,0.01258239
7158,25,0.00991342
7159,25,0.00601101
7160,25,0.00279182
7161,25,0.03072982
7162,25,0.01197356
7163,25,0.01389757
7164,25,0.02458788
7165,25,0.01092920
7166,25,0.00714072
7167,25,0.03389880
7168,25,0.00866921
7169,25,0.00559484
7170,25,0.01136155
7171,25,0.02342867
7172,25,0.01086807
7173,25,0.00611399
7174,25,0.00823340
7175,25,0.05304530
7176,25,0.00614846
7177,25,0.01886323
7178,25,0.01021189
7179,25,0.00546084
7180,25,0.00517488
7181,25,0.01485628
7182,25,0.00848138
7183,25,0.01187133
7184,25,0.01012953
7185,25,0.01014300
7186,25,0.01046026
7187,25,0.01077498
7188,25,0.01528347
7189,25,0.00740160
7190,25,0.00886086
7191,25,0.01229255
7192,25,0.00647155
7193,25,0.04338194
7194,25,0.01446042
7195,25,0.00916454
7196,25,0.02010528
7197,25,0.00713683
7198,25,0.00783459
7199,25,0.00596621
7200,25,0.01944982
7201,25,0.02646982
7202,25,0.00987645
7203,25,0.00571327
7204,25,0.03089596
7205,25,0.01141979
7206,25,0.05474092
7207,25,0.00887939
7208,25,0.01093052
7209,25,0.01265271
7210,25,0.01271347
7211,25,0.01366411
7212,25,0.00603741
7213,25,0.03005849
7214,25,0.03408775
7215,25,0.00830551
7216,25,0.01294393
7217,25,0.00646071
7218,25,0.03359829
7219,25,0.01305515
7220,25,0.00665761
7221,25,0.05965287
7222,25,0.00863015
7223,25,0.00779807
7224,25,0.01382501
7225,25,0.01083263
7226,25,0.02294620
7227,25,0.02339366
7228,25,0.03037821
7229,25,0.02074933
7230,25,0.00868558
7231,25,0.00951293
7232,25,0.00699443
7233,25,0.03431978
7234,25,0.01952526
7235,25,0.01307986
7236,25,0.01460403
7237,25,0.03860131
7238,25,0.01750967
7239,25,0.00797161
7240,25,0.00736233
7241,25,0.01523755
7242,25,0.01319093
7243,25,0.01609120
7244,25,0.00722373
7245,25,0.00763589
7246,25,0.01945521
7247,25,0.00771204
7248,25,0.01835857
7249,25,0.00602518
7250,25,0.00968782
7251,25,0.00380905
7252,25,0.03755848
7253,25,0.02740917
7254,25,0.02814452
7255,25,0.00902645
7256,25,0.00470522
7257,25,0.01180414
7258,25,0.00867002
7259,25,0.01568946
7260,25,0.02048595
7261,25,0.03983686
7262,25,0.01215210
7263,25,0.01149881
7264,25,0.04493518
7265,25,0.02585000
7266,25,0.00878246
7267,25,0.02559905
7268,25,0.00606177
7269,25,0.00704909
7270,25,0.01887781
7271,25,0.07203554
7272,25,0.00661724
7273,25,0.03872759
7274,25,0.01106825
7275,25,0.00879683
7276,25,0.01568143
7277,25,0.01720634
7278,25,0.01123417
7279,25,0.00620315
7280,25,0.01029892
7281,25,0.01482725
7282,25,0.01196736
7283,25,0.01094868
7284,25,0.08922410
7285,25,0.00607176
7286,25,0.01134122
7287,25,0.02209806
7288,25,0.03265177
7289,25,0.01712653
7290,25,0.06039308
7291,25,0.01118944
7292,25,0.00901449
7293,25,0.00912328
7294,25,0.02540436
7295,25,0.00734272
7296,25,0.01240841
7297,25,0.01071749
7298,25,0.01089295
7299,25,0.02096775
7300,25,0.00815818
7301,25,0.00692521
7302,25,0.01205240
7303,25,0.01143297
7304,25,0.01111848
7305,25,0.00802424
7306,25,0.00508618
7307,25,0.01022766
7308,25,0.00572919
7309,25,0.01193819
7310,25,0.04329319
7311,25,0.00981270
7312,25,0.00733493
7313,25,0.00552808
7314,25,0.00819937
7315,25,0.00777259
7316,25,0.03006125
7317,25,0.01334048
7318,25,0.00596527
7319,25,0.01243430
7320,25,0.02247241
7321,25,0.02027149
7322,25,0.00928178
7323,25,0.02058149
7324,25,0.00733263
7325,25,0.02091849
7326,26,0.02711480
7327,26,0.04902418
7328,26,0.02992997
7329,26,0.00655632
7330,26,0.02611299
7331,26,0.01461387
7332,26,0.01138226
7333,26,0.01290104
7334,26,0.00630230
7335,26,0.01003647
7336,26,0.00670702
7337,26,0.00647449
7338,26,0.00361980
7339,26,0.01191860
7340,26,0.01155833
7341,26,0.01734840
7342,26,0.00469642
7343,26,0.01121937
7344,26,0.04455474
7345,26,0.00508553
7346,26,0.01400568
7347,26,0.01197056
7348,26,0.01500696
7349,26,0.01373797
7350,26,0.00723672
7351,26,0.07577038
7352,26,0.01563763
7353,26,0.01385870
7354,26,0.00878457
7355,26,0.06116970
7356,26,0.04408465
7357,26,0.05194916
7358,26,0.00968778
7359,26,0.01325476
7360,26,0.03801441
7361,26,0.00816730
7362,26,0.01051159
7363,26,0.00906083
7364,26,0.00384715
7365,26,0.00558811
7366,26,0.01138060
7367,26,0.02489305
7368,26,0.01790553
7369,26,0.01037518
7370,26,0.00695262
7371,26,0.00520557
7372,26,0.00842272
7373,26,0.00491348
7374,26,0.00419197
7375,26,0.00869035
7376,26,0.06749322
7377,26,0.00701653
7378,26,0.00718541
7379,26,0.06450026
7380,26,0.01109905
7381,26,0.01467857
7382,26,0.04965939
7383,26,0.02132454
7384,26,0.00984109
7385,26,0.01422093
7386,26,0.02538026
7387,26,0.00674547
7388,26,0.00589014
7389,26,0.00767828
7390,26,0.01664501
7391,26,0.01116680
7392,26,0.00525314
7393,26,0.00844750
7394,26,0.02445662
7395,26,0.00729529
7396,26,0.00970386
7397,26,0.00770599
7398,26,0.01748061
7399,26,0.00705436
7400,26,0.00799919
7401,26,0.01457740
7402,26,0.00748248
7403,26,0.00774172
7404,26,0.00819913
7405,26,0.01568700
7406,26,0.05307899
7407,26,0.00508872
7408,26,0.00598230
7409,26,0.00452829
7410,26,0.00640650
7411,26,0.00771940
7412,26,0.00788621
7413,26,0.00463255
7414,26,0.02306594
7415,26,0.03842625
7416,26,0.00724236
7417,26,0.00936291
7418,26,0.01363426
7419,26,0.01114647
7420,26,0.00663342
7421,26,0.01160015
7422,26,0.01089481
7423,26,0.02170227
7424,26,0.03429790
7425,26,0.00485688
7426,26,0.00666903
7427,26,0.00715657
7428,26,0.00910746
7429,26,0.03517200
7430,26,0.00732654
7431,26,0.00563720
7432,26,0.00858880
7433,26,0.00761271
7434,26,0.02219849
7435,26,0.00826821
7436,26,0.01083592
7437,26,0.01554702
7438,26,0.07020890
7439,26,0.00847996
7440,26,0.01288701
7441,26,0.00436516
7442,26,0.04394667
7443,26,0.00881413
7444,26,0.00768962
7445,26,0.01225772
7446,26,0.01353653
7447,26,0.00394375
7448,26,0.01270975
7449,26,0.00962828
7450,26,0.03080055
7451,26,0.01170386
7452,26,0.00731295
7453,26,0.00990146
7454,26,0.01215448
7455,26,0.01469304
7456,26,0.00692425
7457,26,0.00275292
7458,26,0.00787424
7459,26,0.02160184
7460,26,0.00793960
7461,26,0.01945346
7462,26,0.01033302
7463,26,0.01348927
7464,26,0.00998777
7465,26,0.03121593
7466,26,0.01348434
7467,26,0.01219573
7468,26,0.01388439
7469,26,0.00536394
7470,26,0.00780397
7471,26,0.01626630
7472,26,0.03013549
7473,26,0.01340803
7474,26,0.01480936
7475,26,0.00999996
7476,26,0.01009495
7477,26,0.00686591
7478,26,0.01381004
7479,26,0.01162368
7480,26,0.00437975
7481,26,0.00947465
7482,26,0.02866705
7483,26,0.04032924
7484,26,0.00907335
7485,26,0.00593066
7486,26,0.01194438
7487,26,0.00707136
7488,26,0.00588007
7489,26,0.00462333
7490,26,0.00765051
7491,26,0.03392290
7492,26,0.01308291
7493,26,0.04390949
7494,26,0.00799377
7495,26,0.03138885
7496,26,0.00575753
7497,26,0.00592229
7498,26,0.05990921
7499,26,0.04706435
7500,26,0.00786073
7501,26,0.01548254
7502,26,0.02250447
7503,26,0.01712758
7504,26,0.03642575
7505,26,0.01319617
7506,26,0.04537832
7507,26,0.00978321
7508,26,0.02466327
7509,26,0.03039833
7510,26,0.01295631
7511,26,0.00389309
7512,26,0.00679512
7513,26,0.01433549
7514,26,0.01135623
7515,26,0.00534692
7516,26,0.00571468
7517,26,0.02661107
7518,26,0.01950922
7519,26,0.01387978
7520,26,0.02983652
7521,26,0.00992598
7522,26,0.03118201
7523,26,0.00738319
7524,26,0.02961794
7525,26,0.00952421
7526,26,0.00461330
7527,26,0.01419351
7528,26,0.00317964
7529,26,0.00618517
7530,26,0.00911338
7531,26,0.00679709
7532,26,0.01795145
7533,26,0.01233037
7534,26,0.02097173
7535,26,0.00800415
7536,26,0.00469168
7537,26,0.01728480
7538,26,0.02846189
7539,26,0.00824812
7540,26,0.01309120
7541,26,0.00956830
7542,26,0.02944559
7543,26,0.00862357
7544,26,0.04741512
7545,26,0.00824760
7546,26,0.00749650
7547,26,0.00789894
7548,26,0.01700447
7549,26,0.00576440
7550,26,0.03426465
7551,26,0.01008749
7552,26,0.01333882
7553,26,0.01733288
7554,26,0.01094474
7555,26,0.00690855
7556,26,0.05744525
7557,26,0.01059713
7558,26,0.01189767
7559,26,0.00748944
7560,26,0.00585143
7561,26,0.00616449
7562,26,0.00846673
7563,26,0.00898075
7564,26,0.01619503
7565,26,0.05277283
7566,26,0.00943579
7567,26,0.01697929
7568,26,0.00482994
7569,26,0.00781965
7570,26,0.02109136
7571,26,0.00826023
7572,26,0.00961541
7573,26,0.00549705
7574,26,0.01225693
7575,26,0.00521102
7576,26,0.00823894
7577,26,0.00794810
7578,26,0.09697084
7579,26,0.00453183
7580,26,0.02032985
7581,26,0.01017958
7582,26,0.01105739
7583,26,0.02021911
7584,26,0.06412233
7585,26,0.00772416
7586,26,0.03268909
7587,26,0.00892585
7588,26,0.01003363
7589,26,0.00410660
7590,26,0.06154527
7591,26,0.00661339
7592,26,0.00824352
7593,26,0.02190787
7594,26,0.01022621
7595,26,0.02963397
7596,26,0.01491459
7597,26,0.01722439
7598,26,0.01260384
7599,26,0.00888992
7600,26,0.00683538
7601,26,0.01085199
7602,26,0.01639912
7603,26,0.01088906
7604,26,0.01432284
7605,26,0.00463212
7606,26,0.07618372
7607,26,0.00733640
7608,26,0.00393000
7609,26,0.00935295
7610,26,0.02943468
7611,26,0.04028551
7612,26,0.00751305
7613,26,0.01048590
7614,26,0.00430751
7615,26,0.01231162
7616,26,0.07875361
7617,26,0.01060684
7618,26,0.03765231
7619,27,0.01120565
7620,27,0.01492450
7621,27,0.01422918
7622,27,0.01487136
7623,27,0.00819445
7624,27,0.00470043
7625,27,0.00732855
7626,27,0.01345364
7627,27,0.03221479
7628,27,0.03937284
7629,27,0.00723103
7630,27,0.01284083
7631,27,0.02526422
7632,27,0.01061401
7633,27,0.01188356
7634,27,0.01029157
7635,27,0.01210738
7636,27,0.04843361
7637,27,0.01574126
7638,27,0.01019258
7639,27,0.00487365
7640,27,0.01342408
7641,27,0.03232082
7642,27,0.01449607
7643,27,0.03287926
7644,27,0.00553673
7645,27,0.01801647
7646,27,0.00442177
7647,27,0.01039993
7648,27,0.01061243
7649,27,0.01032430
7650,27,0.00607464
7651,27,0.04149905
7652,27,0.04758633
7653,27,0.00576649
7654,27,0.00790911
7655,27,0.01162974
7656,27,0.01569981
7657,27,0.00498627
7658,27,0.00874461
7659,27,0.00554135
7660,27,0.04039311
7661,27,0.03144336
7662,27,0.00857609
7663,27,0.01202780
7664,27,0.07489005
7665,27,0.00620078
7666,27,0.03343266
7667,27,0.01093922
7668,27,0.01222399
7669,27,0.01342374
7670,27,0.00677290
7671,27,0.05686922
7672,27,0.01135403
7673,27,0.00794813
7674,27,0.01119199
7675,27,0.00459586
7676,27,0.00480391
7677,27,0.00486927
7678,27,0.01333298
7679,27,0.01175847
7680,27,0.00581744
7681,27,0.00736216
7682,27,0.00923320
7683,27,0.00854591
7684,27,0.01483287
7685,27,0.01180971
7686,27,0.00568130
7687,27,0.01183366
7688,27,0.01920357
7689,27,0.00732039
7690,27,0.00654162
7691,27,0.00900701
7692,27,0.02563182
7693,27,0.01064268
7694,27,0.01404617
7695,27,0.00505756
7696,27,0.01373688
7697,27,0.00458758
7698,27,0.00876898
7699,27,0.04296234
7700,27,0.00556654
7701,27,0.00592094
7702,27,0.02950277
7703,27,0.01081164
7704,27,0.01141158
7705,27,0.00350519
7706,27,0.02931438
7707,27,0.00562520
7708,27,0.00528436
7709,27,0.02563199
7710,27,0.00785203
7711,27,0.01193766
7712,27,0.00830162
7713,27,0.00707475
7714,27,0.03151242
7715,27,0.01631610
7716,27,0.04336997
7717,27,0.00619336
7718,27,0.05031672
7719,27,0.06303091
7720,27,0.00790970
7721,27,0.01408810
7722,27,0.01021555
7723,27,0.01493735
7724,27,0.01006575
7725,27,0.01087824
7726,27,0.03074610
7727,27,0.00656922
7728,27,0.01941386
7729,27,0.02296206
7730,27,0.00992482
7731,27,0.01189753
7732,27,0.02771683
7733,27,0.06282726
7734,27,0.02003356
7735,27,0.01051427
7736,27,0.00588671
7737,27,0.00695522
7738,27,0.01223370
7739,27,0.00510867
7740,27,0.01705953
7741,27,0.00773751
7742,27,0.01677569
7743,27,0.01471770
7744,27,0.01892613
7745,27,0.00475983
7746,27,0.01206210
7747,27,0.05065307
7748,27,0.01070720
7749,27,0.02577945
7750,27,0.00776187
7751,27,0.00807885
7752,27,0.01433459
7753,27,0.00708826
7754,27,0.00511535
7755,27,0.01571756
7756,27,0.00332094
7757,27,0.01162405
7758,27,0.03408248
7759,27,0.02372107
7760,27,0.00675911
7761,27,0.00451073
7762,27,0.00729450
7763,27,0.00787210
7764,27,0.01686880
7765,27,0.00715915
7766,27,0.00580604
7767,27,0.03403896
7768,27,0.01289368
7769,27,0.09080233
7770,27,0.00585934
7771,27,0.00624049
7772,27,0.02963792
7773,27,0.00778839
7774,27,0.01263004
7775,27,0.00608110
7776,27,0.01192949
7777,27,0.03767537
7778,27,0.03923607
7779,27,0.02128282
7780,27,0.01552947
7781,27,0.01480248
7782,27,0.01443353
7783,27,0.01518086
7784,27,0.00742385
7785,27,0.01004460
7786,27,0.01336423
7787,27,0.01385517
7788,27,0.00805380
7789,27,0.01089103
7790,27,0.04040892
7791,27,0.01175041
7792,27,0.02686807
7793,27,0.04535266
7794,27,0.01114546
7795,27,0.01961343
7796,27,0.01658271
7797,27,0.00527893
7798,27,0.02592104
7799,27,0.01024621
7800,27,0.02739867
7801,27,0.02861446
7802,27,0.04717623
7803,27,0.01053110
7804,27,0.01051393
7805,27,0.00726303
7806,27,0.00886413
7807,27,0.01816147
7808,27,0.02147559
7809,27,0.00802887
7810,27,0.00691980
7811,27,0.03800872
7812,27,0.01553464
7813,27,0.01236298
7814,27,0.00992392
7815,27,0.01068318
7816,27,0.02306924
7817,27,0.03783157
7818,27,0.00850552
7819,27,0.00509674
7820,27,0.00702388
7821,27,0.01750569
7822,27,0.01034766
7823,27,0.00878910
7824,27,0.00564998
7825,27,0.01286383
7826,27,0.00946273
7827,27,0.07101986
7828,27,0.00493599
7829,27,0.01033040
7830,27,0.00894429
7831,27,0.01372030
7832,27,0.02127678
7833,27,0.00627803
7834,27,0.01541796
7835,27,0.00687823
7836,27,0.01506292
7837,27,0.01299430
7838,27,0.00494511
7839,27,0.01338307
7840,27,0.00804401
7841,27,0.01219289
7842,27,0.01299091
7843,27,0.00675116
7844,27,0.01225468
7845,27,0.01302803
7846,27,0.02290610
7847,27,0.01347993
7848,27,0.01140629
7849,27,0.00695499
7850,27,0.01603085
7851,27,0.00932406
7852,27,0.01886444
7853,27,0.01540399
7854,27,0.01833708
7855,27,0.00821157
7856,27,0.01270708
7857,27,0.03256724
7858,27,0.00398756
7859,27,0.01551835
7860,27,0.00824815
7861,27,0.00645682
7862,27,0.02369325
7863,27,0.00843871
7864,27,0.00751100
7865,27,0.01012116
7866,27,0.00849644
7867,27,0.00697086
7868,27,0.00694946
7869,27,0.01097215
7870,27,0.02708647
7871,27,0.01696545
7872,27,0.01149052
7873,27,0.00780855
7874,27,0.00579904
7875,27,0.00914009
7876,27,0.01551603
7877,27,0.01328063
7878,27,0.00818199
7879,27,0.00641069
7880,27,0.00766343
7881,27,0.01892457
7882,27,0.01152242
7883,27,0.05628677
7884,27,0.02876826
7885,27,0.01014431
7886,27,0.01655698
7887,27,0.03226870
7888,27,0.03468530
7889,27,0.00667069
7890,27,0.02909477
7891,27,0.00640748
7892,27,0.00964395
7893,27,0.01160880
7894,27,0.04862863
7895,27,0.00802854
7896,27,0.00566211
7897,27,0.00795942
7898,27,0.02069489
7899,27,0.00519297
7900,27,0.00539142
7901,27,0.00600682
7902,27,0.00638525
7903,27,0.02278998
7904,27,0.00713683
7905,27,0.01512220
7906,27,0.01248598
7907,27,0.01187222
7908,27,0.00852368
7909,27,0.04554877
7910,27,0.01250921
7911,27,0.03399714
7912,28,0.01378813
7913,28,0.00639945
7914,28,0.02093891
7915,28,0.04210057
7916,28,0.04544326
7917,28,0.00972322
7918,28,0.00817567
7919,28,0.01273827
7920,28,0.04677714
7921,28,0.01487104
7922,28,0.02900437
7923,28,0.01804585
7924,28,0.00929774
7925,28,0.01709311
7926,28,0.02546409
7927,28,0.00346096
7928,28,0.00410629
7929,28,0.00564885
7930,28,0.00461640
7931,28,0.02828014
7932,28,0.00997030
7933,28,0.00842950
7934,28,0.00810394
7935,28,0.03180424
7936,28,0.00516681
7937,28,0.00623795
7938,28,0.00483803
7939,28,0.02450012
7940,28,0.00684135
7941,28,0.01032917
7942,28,0.00653925
7943,28,0.00790580
7944,28,0.00852381
7945,28,0.00702840
7946,28,0.01732144
7947,28,0.01236867
7948,28,0.01210130
7949,28,0.01830096
7950,28,0.01083162
7951,28,0.00765126
7952,28,0.01068397
7953,28,0.01017198
7954,28,0.00643099
7955,28,0.01801704
7956,28,0.00898229
7957,28,0.00764230
7958,28,0.00583299
7959,28,0.01521863
7960,28,0.00802104
7961,28,0.00486637
7962,28,0.00795776
7963,28,0.01910530
7964,28,0.00957289
7965,28,0.00975635
7966,28,0.00689225
7967,28,0.01184363
7968,28,0.00611396
7969,28,0.02224068
7970,28,0.00938724
7971,28,0.01056426
7972,28,0.01181780
7973,28,0.01191986
7974,28,0.01671861
7975,28,0.00979623
7976,28,0.00843559
7977,28,0.01290841
7978,28,0.01100457
7979,28,0.00958916
7980,28,0.02531128
7981,28,0.06286010
7982,28,0.02559935
7983,28,0.00943457
7984,28,0.01483510
7985,28,0.00915887
7986,28,0.01286308
7987,28,0.00990994
7988,28,0.00844357
7989,28,0.00661506
7990,28,0.01302800
7991,28,0.00347531
7992,28,0.00585062
7993,28,0.01373672
7994,28,0.00834217
7995,28,0.01111472
7996,28,0.03165277
7997,28,0.00629859
7998,28,0.00527827
7999,28,0.00933712
8000,28,0.00940173
8001,28,0.03905816
8002,28,0.01812145
8003,28,0.02492171
8004,28,0.01268198
8005,28,0.00556457
8006,28,0.01978529
8007,28,0.02045245
8008,28,0.03643399
8009,28,0.00806064
8010,28,0.00461837
8011,28,0.01110618
8012,28,0.01880412
8013,28,0.00880854
8014,28,0.01377334
8015,28,0.00644786
8016,28,0.00787004
8017,28,0.02257434
8018,28,0.04133985
8019,28,0.03328911
8020,28,0.01040565
8021,28,0.03384081
8022,28,0.00930814
8023,28,0.00751508
8024,28,0.03565653
8025,28,0.04252174
8026,28,0.00631064
8027,28,0.01390606
8028,28,0.01031353
8029,28,0.04464572
8030,28,0.02499668
8031,28,0.00736358
8032,28,0.01812238
8033,28,0.00682372
8034,28,0.01977572
8035,28,0.01287040
8036,28,0.00952573
8037,28,0.01797095
8038,28,0.03020124
8039,28,0.00791732
8040,28,0.00582094
8041,28,0.03762173
8042,28,0.00493816
8043,28,0.00692694
8044,28,0.04267262
8045,28,0.02482094
8046,28,0.01219031
8047,28,0.02807320
8048,28,0.01954127
8049,28,0.00832543
8050,28,0.01874026
8051,28,0.01091769
8052,28,0.00656021
8053,28,0.00585577
8054,28,0.00774064
8055,28,0.01955590
8056,28,0.01284914
8057,28,0.02650252
8058,28,0.01792911
8059,28,0.05158196
8060,28,0.01434637
8061,28,0.00920618
8062,28,0.00431063
8063,28,0.01523263
8064,28,0.01755805
8065,28,0.01323808
8066,28,0.02844596
8067,28,0.00854126
8068,28,0.01072914
8069,28,0.02643750
8070,28,0.00752439
8071,28,0.01526220
8072,28,0.04553080
8073,28,0.00782516
8074,28,0.03450701
8075,28,0.00817136
8076,28,0.00823881
8077,28,0.02779421
8078,28,0.02221788
8079,28,0.00993178
8080,28,0.00506373
8081,28,0.01464354
8082,28,0.01238936
8083,28,0.00983904
8084,28,0.00623802
8085,28,0.01119720
8086,28,0.00962981
8087,28,0.04395945
8088,28,0.01615107
8089,28,0.01706197
8090,28,0.00973803
8091,28,0.03968007
8092,28,0.01151026
8093,28,0.01714885
8094,28,0.01164123
8095,28,0.00796213
8096,28,0.00869513
8097,28,0.00775043
8098,28,0.01213405
8099,28,0.01071848
8100,28,0.00930930
8101,28,0.00871278
8102,28,0.04502990
8103,28,0.06595823
8104,28,0.00737051
8105,28,0.01216440
8106,28,0.01748393
8107,28,0.00826538
8108,28,0.02830796
8109,28,0.00749893
8110,28,0.01107941
8111,28,0.01080156
8112,28,0.01470215
8113,28,0.00941792
8114,28,0.01255273
8115,28,0.00755338
8116,28,0.01670321
8117,28,0.00679281
8118,28,0.00424347
8119,28,0.00983158
8120,28,0.00990375
8121,28,0.00472531
8122,28,0.00847977
8123,28,0.01116403
8124,28,0.01109244
8125,28,0.00905638
8126,28,0.01049729
8127,28,0.01091698
8128,28,0.01012958
8129,28,0.01098771
8130,28,0.01080939
8131,28,0.01241932
8132,28,0.00720161
8133,28,0.03921517
8134,28,0.01268080
8135,28,0.00806341
8136,28,0.00582301
8137,28,0.00839081
8138,28,0.01077997
8139,28,0.01248324
8140,28,0.00558087
8141,28,0.00948189
8142,28,0.01883658
8143,28,0.02185358
8144,28,0.01308339
8145,28,0.03157363
8146,28,0.00939105
8147,28,0.00360511
8148,28,0.00725019
8149,28,0.00513042
8150,28,0.01919398
8151,28,0.00474855
8152,28,0.02295882
8153,28,0.03067312
8154,28,0.00375832
8155,28,0.00762620
8156,28,0.00872957
8157,28,0.03550195
8158,28,0.03140678
8159,28,0.00437607
8160,28,0.00744731
8161,28,0.00317568
8162,28,0.00689807
8163,28,0.00592049
8164,28,0.00740589
8165,28,0.00607948
8166,28,0.01591544
8167,28,0.00680485
8168,28,0.00781741
8169,28,0.00871926
8170,28,0.00666580
8171,28,0.01494095
8172,28,0.01578678
8173,28,0.00790903
8174,28,0.00593991
8175,28,0.01475984
8176,28,0.00790537
8177,28,0.06200377
8178,28,0.01257270
8179,28,0.00990018
8180,28,0.05008069
8181,28,0.02191820
8182,28,0.01246016
8183,28,0.00993810
8184,28,0.00692340
8185,28,0.01752392
8186,28,0.00544670
8187,28,0.00847849
8188,28,0.00787197
8189,28,0.00518476
8190,28,0.00449732
8191,28,0.01197147
8192,28,0.00644456
8193,28,0.05934631
8194,28,0.00472026
8195,28,0.00925568
8196,28,0.03897612
8197,28,0.00900392
8198,28,0.00974746
8199,28,0.03084127
8200,28,0.02579925
8201,28,0.00373220
8202,28,0.01415062
8203,28,0.00390749
8204,28,0.00403367
8205,29,0.01188637
8206,29,0.00560330
8207,29,0.01203491
8208,29,0.00544424
8209,29,0.01872622
8210,29,0.00475761
8211,29,0.02365180
8212,29,0.00724681
8213,29,0.04719009
8214,29,0.00661265
8215,29,0.00777744
8216,29,0.00527896
8217,29,0.01052332
8218,29,0.01982022
8219,29,0.00549733
8220,29,0.00625014
8221,29,0.01226299
8222,29,0.02328667
8223,29,0.04566821
8224,29,0.01306914
8225,29,0.03276900
8226,29,0.00870521
8227,29,0.03914243
8228,29,0.00704719
8229,29,0.01784460
8230,29,0.01449283
8231,29,0.00821394
8232,29,0.01090713
8233,29,0.00708198
8234,29,0.00795601
8235,29,0.00766435
8236,29,0.01097964
8237,29,0.01434062
8238,29,0.00785241
8239,29,0.01026386
8240,29,0.02493347
8241,29,0.01335193
8242,29,0.05144987
8243,29,0.00687151
8244,29,0.00511896
8245,29,0.02178699
8246,29,0.01172039
8247,29,0.01778765
8248,29,0.01001224
8249,29,0.01353760
8250,29,0.01302726
8251,29,0.01193005
8252,29,0.00828438
8253,29,0.01393391
8254,29,0.02042018
8255,29,0.01100426
8256,29,0.00687222
8257,29,0.00992191
8258,29,0.02859498
8259,29,0.00448472
8260,29,0.00459369
8261,29,0.00667752
8262,29,0.00799357
8263,29,0.00728392
8264,29,0.00274050
8265,29,0.02134252
8266,29,0.00653328
8267,29,0.01227867
8268,29,0.00707217
8269,29,0.04192228
8270,29,0.01325376
8271,29,0.01340521
8272,29,0.04452490
8273,29,0.02854582
8274,29,0.00621092
8275,29,0.00528134
8276,29,0.01279430
8277,29,0.00832482
8278,29,0.00777708
8279,29,0.00623975
8280,29,0.00522613
8281,29,0.00454682
8282,29,0.00741141
8283,29,0.00496953
8284,29,0.00448336
8285,29,0.00914068
8286,29,0.02571118
8287,29,0.01870686
8288,29,0.00730072
8289,29,0.01234617
8290,29,0.00608431
8291,29,0.00742960
8292,29,0.01113244
8293,29,0.00559507
8294,29,0.00801919
8295,29,0.01581667
8296,29,0.00240430
8297,29,0.01025766
8298,29,0.00887426
8299,29,0.01024616
8300,29,0.00951904
8301,29,0.03321684
8302,29,0.00460092
8303,29,0.00944868
8304,29,0.00845643
8305,29,0.00462291
8306,29,0.00337459
8307,29,0.00406046
8308,29,0.01510876
8309,29,0.00426392
8310,29,0.04945500
8311,29,0.00641118
8312,29,0.02656972
8313,29,0.00416425
8314,29,0.01217579
8315,29,0.07077046
8316,29,0.03240141
8317,29,0.00537296
8318,29,0.00621380
8319,29,0.00509655
8320,29,0.01027631
8321,29,0.00756756
8322,29,0.01385835
8323,29,0.04327136
8324,29,0.00683339
8325,29,0.04192356
8326,29,0.00476653
8327,29,0.02830819
8328,29,0.00831406
8329,29,0.01107051
8330,29,0.00528518
8331,29,0.00561434
8332,29,0.01037107
8333,29,0.02752919
8334,29,0.01814931
8335,29,0.00880941
8336,29,0.01292836
8337,29,0.00666595
8338,29,0.00496197
8339,29,0.01418938
8340,29,0.01040331
8341,29,0.00638104
8342,29,0.02928709
8343,29,0.00863377
8344,29,0.01300256
8345,29,0.01885116
8346,29,0.00640207
8347,29,0.03234093
8348,29,0.00923345
8349,29,0.01338351
8350,29,0.01001061
8351,29,0.01161738
8352,29,0.00705668
8353,29,0.01216866
8354,29,0.00728907
8355,29,0.00940923
8356,29,0.00753514
8357,29,0.01987592
8358,29,0.00744188
8359,29,0.00555101
8360,29,0.01879048
8361,29,0.01361810
8362,29,0.00690249
8363,29,0.03294127
8364,29,0.02529722
8365,29,0.00441798
8366,29,0.02279028
8367,29,0.00945831
8368,29,0.00428080
8369,29,0.03420512
8370,29,0.01198447
8371,29,0.04243219
8372,29,0.00878863
8373,29,0.03199584
8374,29,0.00996663
8375,29,0.00680349
8376,29,0.00670221
8377,29,0.01062811
8378,29,0.01265661
8379,29,0.00906406
8380,29,0.00459416
8381,29,0.01359533
8382,29,0.01400010
8383,29,0.00929098
8384,29,0.00607942
8385,29,0.00486868
8386,29,0.00714588
8387,29,0.00679291
8388,29,0.00795048
8389,29,0.00648764
8390,29,0.02350227
8391,29,0.04813251
8392,29,0.03076581
8393,29,0.04936613
8394,29,0.00618318
8395,29,0.00711066
8396,29,0.01846891
8397,29,0.00861964
8398,29,0.02525054
8399,29,0.00850763
8400,29,0.00573683
8401,29,0.01022564
8402,29,0.01417492
8403,29,0.00701007
8404,29,0.03896680
8405,29,0.00952167
8406,29,0.01191072
8407,29,0.00668865
8408,29,0.01248082
8409,29,0.00485233
8410,29,0.01772756
8411,29,0.01370607
8412,29,0.00509577
8413,29,0.01415684
8414,29,0.04074280
8415,29,0.00563322
8416,29,0.01052627
8417,29,0.01095796
8418,29,0.00785041
8419,29,0.00724112
8420,29,0.03145821
8421,29,0.01360415
8422,29,0.00548862
8423,29,0.00663750
8424,29,0.00424399
8425,29,0.01087224
8426,29,0.01192437
8427,29,0.00623490
8428,29,0.02728705
8429,29,0.00846989
8430,29,0.00971972
8431,29,0.00604543
8432,29,0.01507337
8433,29,0.00802887
8434,29,0.00877950
8435,29,0.00788339
8436,29,0.00805660
8437,29,0.03071772
8438,29,0.01118515
8439,29,0.02597387
8440,29,0.01536969
8441,29,0.01432995
8442,29,0.00649722
8443,29,0.04724912
8444,29,0.02767489
8445,29,0.00484230
8446,29,0.02248126
8447,29,0.01577188
8448,29,0.01889763
8449,29,0.01112767
8450,29,0.01009952
8451,29,0.01004439
8452,29,0.00538278
8453,29,0.04298793
8454,29,0.01618178
8455,29,0.00733685
8456,29,0.01155976
8457,29,0.04208078
8458,29,0.01333324
8459,29,0.06375329
8460,29,0.02568948
8461,29,0.01066621
8462,29,0.01932587
8463,29,0.04166135
8464,29,0.01640564
8465,29,0.01073334
8466,29,0.03041713
8467,29,0.00889580
8468,29,0.01337635
8469,29,0.04120914
8470,29,0.00654958
8471,29,0.00888763
8472,29,0.01101845
8473,29,0.06859890
8474,29,0.00956462
8475,29,0.00795482
8476,29,0.00778369
8477,29,0.02828775
8478,29,0.06954372
8479,29,0.00809422
8480,29,0.07124630
8481,29,0.00933051
8482,29,0.05620788
8483,29,0.03747232
8484,29,0.00485665
8485,29,0.00677547
8486,29,0.01532652
8487,29,0.00638099
8488,29,0.01562780
8489,29,0.04829489
8490,29,0.03007771
8491,29,0.01043340
8492,29,0.01463071
8493,29,0.00433952
8494,29,0.00892046
8495,29,0.00771864
8496,29,0.02858450
8497,29,0.01088644
8498,30,0.01483399
8499,30,0.02367184
8500,30,0.00644309
8501,30,0.00999796
8502,30,0.04339783
8503,30,0.01783536
8504,30,0.00522459
8505,30,0.08240756
8506,30,0.01405474
8507,30,0.00537505
8508,30,0.00713106
8509,30,0.03998859
8510,30,0.00471603
8511,30,0.01481847
8512,30,0.02794223
8513,30,0.01060520
8514,30,0.02219581
8515,30,0.02412600
8516,30,0.00803466
8517,30,0.00462056
8518,30,0.00614388
8519,30,0.00557590
8520,30,0.01133319
8521,30,0.00746377
8522,30,0.02381497
8523,30,0.02684345
8524,30,0.01190314
8525,30,0.00722699
8526,30,0.00400885
8527,30,0.03266659
8528,30,0.03394580
8529,30,0.00701761
8530,30,0.01335317
8531,30,0.01477553
8532,30,0.01579183
8533,30,0.00841911
8534,30,0.01799912
8535,30,0.00609746
8536,30,0.00840941
8537,30,0.00512125
8538,30,0.01076593
8539,30,0.01836627
8540,30,0.01690532
8541,30,0.01124940
8542,30,0.00754077
8543,30,0.01032152
8544,30,0.00550949
8545,30,0.01314121
8546,30,0.00746766
8547,30,0.04895672
8548,30,0.00476167
8549,30,0.00553283
8550,30,0.00216425
8551,30,0.01083651
8552,30,0.00887296
8553,30,0.00367934
8554,30,0.01649841
8555,30,0.01608667
8556,30,0.04990498
8557,30,0.01755759
8558,30,0.06107866
8559,30,0.00769923
8560,30,0.00484468
8561,30,0.00644042
8562,30,0.00949248
8563,30,0.01101831
8564,30,0.01689272
8565,30,0.01135968
8566,30,0.00462298
8567,30,0.00610302
8568,30,0.01473930
8569,30,0.00776335
8570,30,0.00840401
8571,30,0.00570519
8572,30,0.00694779
8573,30,0.00429535
8574,30,0.00694274
8575,30,0.01275075
8576,30,0.04152595
8577,30,0.05209355
8578,30,0.02101071
8579,30,0.02320613
8580,30,0.02886880
8581,30,0.00612221
8582,30,0.00864153
8583,30,0.01252880
8584,30,0.00629781
8585,30,0.00892801
8586,30,0.01372711
8587,30,0.01875807
8588,30,0.01252326
8589,30,0.00961401
8590,30,0.00706874
8591,30,0.00545081
8592,30,0.01043617
8593,30,0.00619488
8594,30,0.01057735
8595,30,0.00894074
8596,30,0.00569737
8597,30,0.00486388
8598,30,0.00702174
8599,30,0.01021285
8600,30,0.00798634
8601,30,0.04037024
8602,30,0.04085278
8603,30,0.00944713
8604,30,0.02571383
8605,30,0.00972348
8606,30,0.01154751
8607,30,0.01418687
8608,30,0.03748970
8609,30,0.02446683
8610,30,0.00567832
8611,30,0.01328210
8612,30,0.00787460
8613,30,0.01641853
8614,30,0.07948334
8615,30,0.01801430
8616,30,0.00803044
8617,30,0.00574400
8618,30,0.01364350
8619,30,0.04071435
8620,30,0.00721853
8621,30,0.00927910
8622,30,0.01229480
8623,30,0.01735797
8624,30,0.01046481
8625,30,0.01515544
8626,30,0.00711489
8627,30,0.00888207
8628,30,0.00907351
8629,30,0.03095108
8630,30,0.00579265
8631,30,0.01222710
8632,30,0.00810176
8633,30,0.01160572
8634,30,0.01744996
8635,30,0.00896201
8636,30,0.01142412
8637,30,0.00475436
8638,30,0.01533175
8639,30,0.00644838
8640,30,0.01491403
8641,30,0.02055136
8642,30,0.01348874
8643,30,0.01308199
8644,30,0.01788756
8645,30,0.00901874
8646,30,0.02020238
8647,30,0.00515702
8648,30,0.02990331
8649,30,0.00831144
8650,30,0.00626247
8651,30,0.00851893
8652,30,0.01313784
8653,30,0.07936006
8654,30,0.01330505
8655,30,0.05523029
8656,30,0.01462821
8657,30,0.01120907
8658,30,0.03446983
8659,30,0.00922025
8660,30,0.03830891
8661,30,0.01003492
8662,30,0.03606515
8663,30,0.00913025
8664,30,0.01454890
8665,30,0.01234854
8666,30,0.00818906
8667,30,0.00465203
8668,30,0.00729649
8669,30,0.01434880
8670,30,0.00922972
8671,30,0.00745012
8672,30,0.01048201
8673,30,0.02351980
8674,30,0.06623007
8675,30,0.01034238
8676,30,0.01489422
8677,30,0.00495531
8678,30,0.01147648
8679,30,0.02462166
8680,30,0.00906115
8681,30,0.00948195
8682,30,0.01987698
8683,30,0.01196680
8684,30,0.00622009
8685,30,0.02075355
8686,30,0.02927135
8687,30,0.01431790
8688,30,0.01031841
8689,30,0.00839565
8690,30,0.00409814
8691,30,0.00563678
8692,30,0.00600871
8693,30,0.01001048
8694,30,0.01193128
8695,30,0.03471656
8696,30,0.00992834
8697,30,0.01769213
8698,30,0.00669617
8699,30,0.00890329
8700,30,0.01510364
8701,30,0.00542843
8702,30,0.00539844
8703,30,0.00995227
8704,30,0.00861160
8705,30,0.01444066
8706,30,0.00514042
8707,30,0.02565761
8708,30,0.00438765
8709,30,0.00991023
8710,30,0.02802073
8711,30,0.02233089
8712,30,0.00723864
8713,30,0.00649194
8714,30,0.01064737
8715,30,0.04365553
8716,30,0.00568176
8717,30,0.01177158
8718,30,0.00459614
8719,30,0.02054108
8720,30,0.04547064
8721,30,0.00577430
8722,30,0.01027108
8723,30,0.00696521
8724,30,0.00823701
8725,30,0.00744044
8726,30,0.00717072
8727,30,0.04111379
8728,30,0.00976033
8729,30,0.00755221
8730,30,0.00635172
8731,30,0.01680499
8732,30,0.00669145
8733,30,0.00544269
8734,30,0.02427747
8735,30,0.00964725
8736,30,0.07822753
8737,30,0.02391536
8738,30,0.01764703
8739,30,0.02634911
8740,30,0.02542347
8741,30,0.00682211
8742,30,0.00775786
8743,30,0.03035590
8744,30,0.01328901
8745,30,0.00866188
8746,30,0.01403891
8747,30,0.01548215
8748,30,0.04181609
8749,30,0.00689456
8750,30,0.00512863
8751,30,0.00567498
8752,30,0.01068485
8753,30,0.00838673
8754,30,0.01358800
8755,30,0.00839660
8756,30,0.00851373
8757,30,0.02145665
8758,30,0.00723322
8759,30,0.01063534
8760,30,0.00773211
8761,30,0.01885148
8762,30,0.01195254
8763,30,0.00498843
8764,30,0.00489379
8765,30,0.01096352
8766,30,0.05269100
8767,30,0.00779563
8768,30,0.00892626
8769,30,0.05595330
8770,30,0.01335303
8771,30,0.00771613
8772,30,0.00772881
8773,30,0.00665527
8774,30,0.03828479
8775,30,0.00558849
8776,30,0.00770353
8777,30,0.00707338
8778,30,0.01129522
8779,30,0.00599067
8780,30,0.03079229
8781,30,0.02651377
8782,30,0.00576074
8783,30,0.00868002
8784,30,0.00545726
8785,30,0.01026577
8786,30,0.00744318
8787,30,0.02662941
8788,30,0.02117517
8789,30,0.00358663
8790,30,0.00704271
8791,31,0.00842030
8792,31,0.07984304
8793,31,0.00473807
8794,31,0.00995564
8795,31,0.00744711
8796,31,0.01090898
8797,31,0.01160729
8798,31,0.01149654
8799,31,0.01301424
8800,31,0.03237660
8801,31,0.01181252
8802,31,0.00566724
8803,31,0.01771614
8804,31,0.01089181
8805,31,0.02644598
8806,31,0.02614349
8807,31,0.01199585
8808,31,0.01393661
8809,31,0.00627294
8810,31,0.00967764
8811,31,0.00655165
8812,31,0.01551206
8813,31,0.00502600
8814,31,0.01415707
8815,31,0.00917673
8816,31,0.01430078
8817,31,0.00727783
8818,31,0.00963573
8819,31,0.00613376
8820,31,0.05480725
8821,31,0.02862669
8822,31,0.00543634
8823,31,0.00812180
8824,31,0.00530516
8825,31,0.08000130
8826,31,0.02085225
8827,31,0.00818247
8828,31,0.00922158
8829,31,0.01124438
8830,31,0.00680041
8831,31,0.01594870
8832,31,0.01029520
8833,31,0.00813190
8834,31,0.00746788
8835,31,0.01625078
8836,31,0.01274865
8837,31,0.04674786
8838,31,0.02273655
8839,31,0.03100715
8840,31,0.00812392
8841,31,0.00766510
8842,31,0.04329832
8843,31,0.00798246
8844,31,0.00450811
8845,31,0.06506766
8846,31,0.01429589
8847,31,0.00901824
8848,31,0.00677530
8849,31,0.02545692
8850,31,0.03780723
8851,31,0.01407556
8852,31,0.01635270
8853,31,0.00505271
8854,31,0.01123116
8855,31,0.01661231
8856,31,0.01234830
8857,31,0.00569232
8858,31,0.00885907
8859,31,0.01198286
8860,31,0.04555947
8861,31,0.00682186
8862,31,0.01027748
8863,31,0.01364761
8864,31,0.01562658
8865,31,0.00754463
8866,31,0.00603394
8867,31,0.02139199
8868,31,0.00308570
8869,31,0.01283842
8870,31,0.03884713
8871,31,0.00698373
8872,31,0.01732559
8873,31,0.03683304
8874,31,0.00655016
8875,31,0.02260125
8876,31,0.00576530
8877,31,0.00842907
8878,31,0.02853060
8879,31,0.03047874
8880,31,0.03567231
8881,31,0.01544872
8882,31,0.01578715
8883,31,0.03225473
8884,31,0.01501601
8885,31,0.05100026
8886,31,0.01169146
8887,31,0.01678454
8888,31,0.00707821
8889,31,0.00759636
8890,31,0.02390405
8891,31,0.00946150
8892,31,0.01200792
8893,31,0.00333642
8894,31,0.00969189
8895,31,0.00457693
8896,31,0.00355405
8897,31,0.03778732
8898,31,0.00482263
8899,31,0.00599979
8900,31,0.01383899
8901,31,0.01261121
8902,31,0.01271820
8903,31,0.01132869
8904,31,0.00847666
8905,31,0.00904165
8906,31,0.00776125
8907,31,0.00537272
8908,31,0.01333870
8909,31,0.00397918
8910,31,0.00660349
8911,31,0.00757538
8912,31,0.01431381
8913,31,0.02569603
8914,31,0.00476373
8915,31,0.03931559
8916,31,0.00422171
8917,31,0.07712755
8918,31,0.01268282
8919,31,0.01178322
8920,31,0.02429389
8921,31,0.01295560
8922,31,0.01315116
8923,31,0.00710128
8924,31,0.01353283
8925,31,0.01328785
8926,31,0.03755204
8927,31,0.01733109
8928,31,0.00617197
8929,31,0.02057402
8930,31,0.03052607
8931,31,0.00801787
8932,31,0.01224639
8933,31,0.01189937
8934,31,0.00756057
8935,31,0.00649043
8936,31,0.02605047
8937,31,0.01280443
8938,31,0.01522191
8939,31,0.01050993
8940,31,0.00660416
8941,31,0.05277193
8942,31,0.05351791
8943,31,0.01913242
8944,31,0.11633568
8945,31,0.02071380
8946,31,0.00762120
8947,31,0.00788653
8948,31,0.01695042
8949,31,0.00612525
8950,31,0.03128324
8951,31,0.00798252
8952,31,0.01357008
8953,31,0.01214992
8954,31,0.04412417
8955,31,0.01861772
8956,31,0.01127955
8957,31,0.00531769
8958,31,0.01178807
8959,31,0.01265708
8960,31,0.01198095
8961,31,0.00622121
8962,31,0.01567957
8963,31,0.03598585
8964,31,0.01395013
8965,31,0.01977301
8966,31,0.00593813
8967,31,0.00455922
8968,31,0.01773313
8969,31,0.02051395
8970,31,0.01256459
8971,31,0.01861769
8972,31,0.00442587
8973,31,0.00909094
8974,31,0.01077343
8975,31,0.01536578
8976,31,0.00383283
8977,31,0.00790799
8978,31,0.00683009
8979,31,0.01785310
8980,31,0.01171753
8981,31,0.00982032
8982,31,0.01312323
8983,31,0.00678282
8984,31,0.01616598
8985,31,0.00781243
8986,31,0.00875353
8987,31,0.00429456
8988,31,0.01096819
8989,31,0.01917586
8990,31,0.00755763
8991,31,0.03891555
8992,31,0.00429954
8993,31,0.02271956
8994,31,0.00527189
8995,31,0.06308880
8996,31,0.01851054
8997,31,0.03921327
8998,31,0.03374864
8999,31,0.01953566
9000,31,0.00968251
9001,31,0.01449394
9002,31,0.00968937
9003,31,0.01006279
9004,31,0.00484565
9005,31,0.04763728
9006,31,0.00601272
9007,31,0.00996685
9008,31,0.00592342
9009,31,0.01407433
9010,31,0.00511097
9011,31,0.01078602
9012,31,0.03128090
9013,31,0.01470824
9014,31,0.00685275
9015,31,0.00551002
9016,31,0.04677342
9017,31,0.00601465
9018,31,0.01215243
9019,31,0.00995228
9020,31,0.01719163
9021,31,0.00732351
9022,31,0.00829499
9023,31,0.00835093
9024,31,0.00770342
9025,31,0.01384226
9026,31,0.00909599
9027,31,0.01161650
9028,31,0.00901333
9029,31,0.00535092
9030,31,0.00798579
9031,31,0.00655348
9032,31,0.01428737
9033,31,0.04688501
9034,31,0.00248256
9035,31,0.02740873
9036,31,0.02806297
9037,31,0.01882102
9038,31,0.00689244
9039,31,0.02334956
9040,31,0.02338235
9041,31,0.01824048
9042,31,0.00948615
9043,31,0.02297501
9044,31,0.00747261
9045,31,0.00797674
9046,31,0.01327660
9047,31,0.01633317
9048,31,0.00724640
9049,31,0.00676737
9050,31,0.01156858
9051,31,0.01202713
9052,31,0.04076970
9053,31,0.01603824
9054,31,0.00623960
9055,31,0.00527423
9056,31,0.00670863
9057,31,0.01722464
9058,31,0.01660625
9059,31,0.00959109
9060,31,0.00705836
9061,31,0.01024863
9062,31,0.00924431
9063,31,0.00978247
9064,31,0.04250027
9065,31,0.00962824
9066,31,0.00769787
9067,31,0.02142876
9068,31,0.00428586
9069,31,0.00662221
9070,31,0.00625276
9071,31,0.00574179
9072,31,0.00504397
9073,31,0.00947253
9074,31,0.04171270
9075,31,0.00642729
9076,31,0.01519222
9077,31,0.02480016
9078,31,0.00561968
9079,31,0.02019832
9080,31,0.00802329
9081,31,0.00973572
9082,31,0.01252842
9083,31,0.00707439
9084,32,0.01176567
9085,32,0.01344593
9086,32,0.01292993
9087,32,0.00505232
9088,32,0.01173307
9089,32,0.00847657
9090,32,0.00538192
9091,32,0.00699619
9092,32,0.01439077
9093,32,0.00643495
9094,32,0.00908848
9095,32,0.02618782
9096,32,0.07674760
9097,32,0.00541744
9098,32,0.00902693
9099,32,0.01652437
9100,32,0.00862395
9101,32,0.00459982
9102,32,0.00408805
9103,32,0.00903349
9104,32,0.02550129
9105,32,0.00567447
9106,32,0.09623224
9107,32,0.02080693
9108,32,0.02294372
9109,32,0.00810423
9110,32,0.01292227
9111,32,0.01166992
9112,32,0.00747343
9113,32,0.01331758
9114,32,0.00507954
9115,32,0.01079894
9116,32,0.03440092
9117,32,0.03022160
9118,32,0.02097233
9119,32,0.00884380
9120,32,0.00781640
9121,32,0.01223097
9122,32,0.01305887
9123,32,0.01156424
9124,32,0.01198204
9125,32,0.00801052
9126,32,0.01080485
9127,32,0.00494436
9128,32,0.01258604
9129,32,0.02431439
9130,32,0.00784798
9131,32,0.00789429
9132,32,0.00623953
9133,32,0.00794764
9134,32,0.01004374
9135,32,0.03345094
9136,32,0.00673290
9137,32,0.01518676
9138,32,0.00549287
9139,32,0.00252925
9140,32,0.03935542
9141,32,0.01294187
9142,32,0.01371586
9143,32,0.00724948
9144,32,0.01574172
9145,32,0.00560266
9146,32,0.02673739
9147,32,0.00573903
9148,32,0.00866777
9149,32,0.05511760
9150,32,0.00771849
9151,32,0.04212366
9152,32,0.00808132
9153,32,0.01012948
9154,32,0.01280478
9155,32,0.01668822
9156,32,0.01056616
9157,32,0.00974588
9158,32,0.01002538
9159,32,0.00487782
9160,32,0.00502235
9161,32,0.03304185
9162,32,0.02454714
9163,32,0.00604142
9164,32,0.00390102
9165,32,0.00868327
9166,32,0.00554275
9167,32,0.00644902
9168,32,0.01226918
9169,32,0.01571316
9170,32,0.00590266
9171,32,0.02914648
9172,32,0.00767668
9173,32,0.02292079
9174,32,0.00577946
9175,32,0.01445947
9176,32,0.00763077
9177,32,0.00724137
9178,32,0.00543763
9179,32,0.00617289
9180,32,0.00995828
9181,32,0.00954801
9182,32,0.02237208
9183,32,0.00817877
9184,32,0.00997494
9185,32,0.00849153
9186,32,0.06049744
9187,32,0.05503364
9188,32,0.01075185
9189,32,0.00795690
9190,32,0.00725604
9191,32,0.00486635
9192,32,0.03572699
9193,32,0.02218731
9194,32,0.05047491
9195,32,0.00439009
9196,32,0.02099045
9197,32,0.03652464
9198,32,0.00425449
9199,32,0.01510650
9200,32,0.00583188
9201,32,0.02559919
9202,32,0.00702000
9203,32,0.01404236
9204,32,0.00975347
9205,32,0.01276221
9206,32,0.01399702
9207,32,0.00991642
9208,32,0.00846031
9209,32,0.00860806
9210,32,0.01939783
9211,32,0.00782329
9212,32,0.00970399
9213,32,0.01121665
9214,32,0.01120897
9215,32,0.00833853
9216,32,0.01054618
9217,32,0.00873406
9218,32,0.00909727
9219,32,0.09557720
9220,32,0.01468869
9221,32,0.00744724
9222,32,0.02169413
9223,32,0.00554920
9224,32,0.02147382
9225,32,0.00384449
9226,32,0.01275003
9227,32,0.02019925
9228,32,0.00870295
9229,32,0.00486944
9230,32,0.00668088
9231,32,0.01148751
9232,32,0.00818755
9233,32,0.00600446
9234,32,0.00561979
9235,32,0.00947752
9236,32,0.01367849
9237,32,0.00684769
9238,32,0.00801465
9239,32,0.02049703
9240,32,0.01566697
9241,32,0.00571671
9242,32,0.02689687
9243,32,0.00484734
9244,32,0.01021446
9245,32,0.04727089
9246,32,0.01982747
9247,32,0.00671076
9248,32,0.01210156
9249,32,0.01367931
9250,32,0.00758678
9251,32,0.05674326
9252,32,0.01182737
9253,32,0.04381393
9254,32,0.03278999
9255,32,0.07862195
9256,32,0.01256972
9257,32,0.00920670
9258,32,0.00614662
9259,32,0.01930110
9260,32,0.00535769
9261,32,0.01160435
9262,32,0.00704724
9263,32,0.02340421
9264,32,0.00597102
9265,32,0.02541804
9266,32,0.00967526
9267,32,0.00699489
9268,32,0.02755909
9269,32,0.00981776
9270,32,0.02138407
9271,32,0.00599185
9272,32,0.00817131
9273,32,0.00575785
9274,32,0.01301847
9275,32,0.00563198
9276,32,0.00633016
9277,32,0.00795567
9278,32,0.00379809
9279,32,0.00996746
9280,32,0.08646646
9281,32,0.00916597
9282,32,0.00814189
9283,32,0.01497808
9284,32,0.01099358
9285,32,0.01303938
9286,32,0.02023179
9287,32,0.01710420
9288,32,0.01039075
9289,32,0.00381555
9290,32,0.00931715
9291,32,0.00712564
9292,32,0.00420303
9293,32,0.02004247
9294,32,0.02194097
9295,32,0.00610456
9296,32,0.00764144
9297,32,0.03247963
9298,32,0.01057516
9299,32,0.00842751
9300,32,0.01145604
9301,32,0.01274928
9302,32,0.00896844
9303,32,0.00711442
9304,32,0.01125706
9305,32,0.00673587
9306,32,0.00719411
9307,32,0.00456973
9308,32,0.00644745
9309,32,0.01157389
9310,32,0.00847929
9311,32,0.00750324
9312,32,0.01126122
9313,32,0.00657661
9314,32,0.00628531
9315,32,0.02801676
9316,32,0.03108265
9317,32,0.01320167
9318,32,0.00626565
9319,32,0.00830916
9320,32,0.04765673
9321,32,0.00987825
9322,32,0.01283030
9323,32,0.01800269
9324,32,0.01041287
9325,32,0.01645864
9326,32,0.02250132
9327,32,0.01012181
9328,32,0.00590110
9329,32,0.00736621
9330,32,0.00628185
9331,32,0.04192542
9332,32,0.04696817
9333,32,0.01234105
9334,32,0.01489748
9335,32,0.03962903
9336,32,0.02621632
9337,32,0.01117841
9338,32,0.00387369
9339,32,0.02514714
9340,32,0.00906912
9341,32,0.00803047
9342,32,0.02516469
9343,32,0.00659826
9344,32,0.01371241
9345,32,0.00776914
9346,32,0.00412465
9347,32,0.00805498
9348,32,0.03508443
9349,32,0.00905256
9350,32,0.01018972
9351,32,0.00354849
9352,32,0.02528505
9353,32,0.00333728
9354,32,0.00901204
9355,32,0.01123219
9356,32,0.00964843
9357,32,0.02014655
9358,32,0.00454614
9359,32,0.00603417
9360,32,0.00912207
9361,32,0.01434372
9362,32,0.00640891
9363,32,0.00576193
9364,32,0.05270079
9365,32,0.01036314
9366,32,0.01890091
9367,32,0.00448035
9368,32,0.00903390
9369,32,0.00637729
9370,32,0.05181404
9371,32,0.03863551
9372,32,0.02853804
9373,32,0.00864819
9374,32,0.00890093
9375,32,0.01644091
9376,32,0.00945442
9377,33,0.01607956
9378,33,0.03708794
9379,33,0.00827087
9380,33,0.00808944
9381,33,0.00544535
9382,33,0.00886730
9383,33,0.00599614
9384,33,0.00756806
9385,33,0.00853833
9386,33,0.02948013
9387,33,0.00728297
9388,33,0.00771900
9389,33,0.00741027
9390,33,0.00518577
9391,33,0.01194121
9392,33,0.00511250
9393,33,0.02000598
9394,33,0.05920294
9395,33,0.00587201
9396,33,0.00219306
9397,33,0.01307559
9398,33,0.01759277
9399,33,0.01748700
9400,33,0.01325938
9401,33,0.00928423
9402,33,0.01254299
9403,33,0.00463134
9404,33,0.06438708
9405,33,0.03761305
9406,33,0.04870475
9407,33,0.00791527
9408,33,0.01086914
9409,33,0.00684172
9410,33,0.01005201
9411,33,0.00399079
9412,33,0.00834008
9413,33,0.02114497
9414,33,0.00422104
9415,33,0.01485486
9416,33,0.00425589
9417,33,0.02200747
9418,33,0.00654920
9419,33,0.01379560
9420,33,0.00883468
9421,33,0.04401723
9422,33,0.00933300
9423,33,0.00890949
9424,33,0.00773433
9425,33,0.01055432
9426,33,0.00699494
9427,33,0.00864750
9428,33,0.00912709
9429,33,0.02556191
9430,33,0.00437938
9431,33,0.00988132
9432,33,0.00513595
9433,33,0.00712409
9434,33,0.01125571
9435,33,0.01028845
9436,33,0.03007791
9437,33,0.00594130
9438,33,0.00788028
9439,33,0.02634643
9440,33,0.01460437
9441,33,0.01284285
9442,33,0.00520448
9443,33,0.01280906
9444,33,0.02316922
9445,33,0.01564126
9446,33,0.00818630
9447,33,0.00599741
9448,33,0.00417381
9449,33,0.03307911
9450,33,0.00308634
9451,33,0.02831556
9452,33,0.04837620
9453,33,0.00846958
9454,33,0.06575381
9455,33,0.00399777
9456,33,0.00476583
9457,33,0.00490723
9458,33,0.01312270
9459,33,0.01098406
9460,33,0.00887973
9461,33,0.08086728
9462,33,0.01304170
9463,33,0.00518203
9464,33,0.00452951
9465,33,0.00858788
9466,33,0.00692802
9467,33,0.01009168
9468,33,0.03121480
9469,33,0.00748699
9470,33,0.00593339
9471,33,0.01016142
9472,33,0.00556168
9473,33,0.00946586
9474,33,0.00527171
9475,33,0.00870582
9476,33,0.01005474
9477,33,0.00655262
9478,33,0.09632622
9479,33,0.00964479
9480,33,0.02115719
9481,33,0.00772190
9482,33,0.00807937
9483,33,0.00583548
9484,33,0.01274922
9485,33,0.00755244
9486,33,0.03684118
9487,33,0.00643783
9488,33,0.01480664
9489,33,0.01646808
9490,33,0.02826749
9491,33,0.01830923
9492,33,0.01745314
9493,33,0.01320180
9494,33,0.00885292
9495,33,0.01795860
9496,33,0.07886767
9497,33,0.00573567
9498,33,0.00941340
9499,33,0.01724542
9500,33,0.00636650
9501,33,0.05195559
9502,33,0.00659550
9503,33,0.01523995
9504,33,0.01733966
9505,33,0.00613534
9506,33,0.04066976
9507,33,0.01557396
9508,33,0.02110624
9509,33,0.00679310
9510,33,0.06588611
9511,33,0.02211525
9512,33,0.00894470
9513,33,0.00594318
9514,33,0.00898627
9515,33,0.01411138
9516,33,0.04285112
9517,33,0.01206492
9518,33,0.07703307
9519,33,0.00432526
9520,33,0.07555544
9521,33,0.02462635
9522,33,0.01703111
9523,33,0.00445304
9524,33,0.01463756
9525,33,0.01169078
9526,33,0.00965689
9527,33,0.00412162
9528,33,0.02968316
9529,33,0.01815124
9530,33,0.00705124
9531,33,0.01747006
9532,33,0.00763369
9533,33,0.00462336
9534,33,0.03427521
9535,33,0.01178479
9536,33,0.00811978
9537,33,0.05191988
9538,33,0.00952781
9539,33,0.00863346
9540,33,0.01209155
9541,33,0.03697790
9542,33,0.01098081
9543,33,0.00656854
9544,33,0.01163827
9545,33,0.00838880
9546,33,0.00962558
9547,33,0.01195603
9548,33,0.00980794
9549,33,0.01084324
9550,33,0.00618658
9551,33,0.00660140
9552,33,0.00518323
9553,33,0.00748252
9554,33,0.00842545
9555,33,0.05615077
9556,33,0.00448352
9557,33,0.01216942
9558,33,0.00908641
9559,33,0.02756281
9560,33,0.02461304
9561,33,0.00678317
9562,33,0.01546973
9563,33,0.04064213
9564,33,0.00472772
9565,33,0.01064385
9566,33,0.00528738
9567,33,0.00463738
9568,33,0.01829395
9569,33,0.01512552
9570,33,0.02716059
9571,33,0.00546053
9572,33,0.00630184
9573,33,0.00487147
9574,33,0.00541145
9575,33,0.00893295
9576,33,0.01178727
9577,33,0.00665068
9578,33,0.00877337
9579,33,0.00769611
9580,33,0.00784991
9581,33,0.01033055
9582,33,0.00622387
9583,33,0.01297556
9584,33,0.00870054
9585,33,0.00617805
9586,33,0.00707907
9587,33,0.02915013
9588,33,0.00979578
9589,33,0.01438477
9590,33,0.01477173
9591,33,0.00949905
9592,33,0.04743741
9593,33,0.01014659
9594,33,0.02103241
9595,33,0.02726246
9596,33,0.01261831
9597,33,0.00660227
9598,33,0.03481043
9599,33,0.03638319
9600,33,0.00994121
9601,33,0.00790444
9602,33,0.00616252
9603,33,0.01822732
9604,33,0.01158291
9605,33,0.00501694
9606,33,0.00902515
9607,33,0.00719436
9608,33,0.01033233
9609,33,0.01553839
9610,33,0.00779494
9611,33,0.01482111
9612,33,0.01313694
9613,33,0.00679375
9614,33,0.00828065
9615,33,0.03360672
9616,33,0.01151577
9617,33,0.02388819
9618,33,0.02477920
9619,33,0.00772867
9620,33,0.00930797
9621,33,0.01496282
9622,33,0.00574400
9623,33,0.00412045
9624,33,0.00770683
9625,33,0.01079960
9626,33,0.00609414
9627,33,0.04449295
9628,33,0.01021536
9629,33,0.01014464
9630,33,0.00773205
9631,33,0.00571542
9632,33,0.00807858
9633,33,0.01258369
9634,33,0.02537446
9635,33,0.01641282
9636,33,0.00798197
9637,33,0.01088612
9638,33,0.00856548
9639,33,0.00458526
9640,33,0.01441373
9641,33,0.00338533
9642,33,0.01235805
9643,33,0.00705412
9644,33,0.01499137
9645,33,0.00701024
9646,33,0.01503027
9647,33,0.00723459
9648,33,0.00642241
9649,33,0.00523778
9650,33,0.00624616
9651,33,0.00408195
9652,33,0.00498210
9653,33,0.00777114
9654,33,0.03545341
9655,33,0.00734936
9656,33,0.01063404
9657,33,0.00528473
9658,33,0.00433727
9659,33,0.01298171
9660,33,0.01192641
9661,33,0.01828864
9662,33,0.00619186
9663,33,0.00794544
9664,33,0.03121012
9665,33,0.05175079
9666,33,0.03588539
9667,33,0.02162739
9668,33,0.01659185
9669,33,0.00669861
9670,34,0.00574789
9671,34,0.00768264
9672,34,0.00511519
9673,34,0.02022257
9674,34,0.00746629
9675,34,0.00647056
9676,34,0.00954161
9677,34,0.02014859
9678,34,0.00721484
9679,34,0.03397642
9680,34,0.00817718
9681,34,0.00922925
9682,34,0.00503637
9683,34,0.00880274
9684,34,0.00913056
9685,34,0.00944515
9686,34,0.00794749
9687,34,0.01393094
9688,34,0.06269319
9689,34,0.00873777
9690,34,0.00535633
9691,34,0.01100612
9692,34,0.00398290
9693,34,0.00441753
9694,34,0.00574087
9695,34,0.00760216
9696,34,0.00810693
9697,34,0.01440650
9698,34,0.01373146
9699,34,0.01742655
9700,34,0.00659600
9701,34,0.01351515
9702,34,0.00447231
9703,34,0.00731676
9704,34,0.06117814
9705,34,0.03331285
9706,34,0.06137680
9707,34,0.01913999
9708,34,0.00769715
9709,34,0.01450581
9710,34,0.01431902
9711,34,0.00583406
9712,34,0.02195597
9713,34,0.00861835
9714,34,0.01383943
9715,34,0.02453397
9716,34,0.00546358
9717,34,0.01603548
9718,34,0.01185555
9719,34,0.00559863
9720,34,0.00673650
9721,34,0.00940169
9722,34,0.04172992
9723,34,0.01419201
9724,34,0.07437299
9725,34,0.01052456
9726,34,0.01138164
9727,34,0.01019390
9728,34,0.02413156
9729,34,0.00958427
9730,34,0.00977463
9731,34,0.01458938
9732,34,0.00807969
9733,34,0.00570172
9734,34,0.01766303
9735,34,0.02984805
9736,34,0.00994481
9737,34,0.02931764
9738,34,0.00596797
9739,34,0.00826880
9740,34,0.00885937
9741,34,0.00994181
9742,34,0.00801095
9743,34,0.01243044
9744,34,0.01074558
9745,34,0.03584523
9746,34,0.00876375
9747,34,0.01015556
9748,34,0.00835855
9749,34,0.00787191
9750,34,0.00854591
9751,34,0.01025187
9752,34,0.01501568
9753,34,0.04748596
9754,34,0.00522251
9755,34,0.00820334
9756,34,0.03770381
9757,34,0.01036167
9758,34,0.00757493
9759,34,0.03268234
9760,34,0.00659659
9761,34,0.00492896
9762,34,0.00711683
9763,34,0.00701981
9764,34,0.00825167
9765,34,0.02284860
9766,34,0.00694436
9767,34,0.01781960
9768,34,0.00986208
9769,34,0.02417322
9770,34,0.01028689
9771,34,0.01277068
9772,34,0.02107258
9773,34,0.01803235
9774,34,0.00809308
9775,34,0.00844962
9776,34,0.00914123
9777,34,0.01802903
9778,34,0.02619449
9779,34,0.00691134
9780,34,0.02127452
9781,34,0.00845899
9782,34,0.01264546
9783,34,0.00547842
9784,34,0.00541602
9785,34,0.00817123
9786,34,0.01248266
9787,34,0.00693691
9788,34,0.02505371
9789,34,0.04791430
9790,34,0.01007716
9791,34,0.01249061
9792,34,0.01087058
9793,34,0.00555079
9794,34,0.01203448
9795,34,0.01410835
9796,34,0.02217809
9797,34,0.04925450
9798,34,0.01758098
9799,34,0.01120577
9800,34,0.00999722
9801,34,0.00792617
9802,34,0.00682737
9803,34,0.00855353
9804,34,0.03016980
9805,34,0.00359187
9806,34,0.01855735
9807,34,0.01104990
9808,34,0.00678980
9809,34,0.00629588
9810,34,0.01373564
9811,34,0.00625209
9812,34,0.03588469
9813,34,0.02526469
9814,34,0.01495716
9815,34,0.01535030
9816,34,0.00768685
9817,34,0.05771017
9818,34,0.00875805
9819,34,0.03850293
9820,34,0.00967762
9821,34,0.01181958
9822,34,0.00509841
9823,34,0.01598885
9824,34,0.00804395
9825,34,0.01825582
9826,34,0.02372404
9827,34,0.01320624
9828,34,0.01042820
9829,34,0.00584273
9830,34,0.00639370
9831,34,0.01022597
9832,34,0.00601734
9833,34,0.00860974
9834,34,0.02119798
9835,34,0.00672513
9836,34,0.01535396
9837,34,0.00790070
9838,34,0.01002667
9839,34,0.00703245
9840,34,0.03275552
9841,34,0.00833616
9842,34,0.01542321
9843,34,0.00774159
9844,34,0.01427233
9845,34,0.01114111
9846,34,0.00628692
9847,34,0.01120681
9848,34,0.00422534
9849,34,0.01238507
9850,34,0.01318719
9851,34,0.01382182
9852,34,0.00691321
9853,34,0.00754609
9854,34,0.00474494
9855,34,0.00548239
9856,34,0.01096627
9857,34,0.03192465
9858,34,0.00823248
9859,34,0.00528798
9860,34,0.00631273
9861,34,0.04480118
9862,34,0.00654469
9863,34,0.00548964
9864,34,0.00343279
9865,34,0.01507066
9866,34,0.00752345
9867,34,0.00605782
9868,34,0.00910968
9869,34,0.00911960
9870,34,0.01049801
9871,34,0.03801927
9872,34,0.01343521
9873,34,0.00683964
9874,34,0.00379848
9875,34,0.01561334
9876,34,0.00666995
9877,34,0.01311325
9878,34,0.03248357
9879,34,0.03696026
9880,34,0.00496677
9881,34,0.02565018
9882,34,0.00709798
9883,34,0.00850516
9884,34,0.01363936
9885,34,0.00329422
9886,34,0.00546862
9887,34,0.01970674
9888,34,0.02086070
9889,34,0.00819703
9890,34,0.00932415
9891,34,0.00657329
9892,34,0.01822098
9893,34,0.01983897
9894,34,0.01648929
9895,34,0.00369497
9896,34,0.01642830
9897,34,0.03912376
9898,34,0.05021809
9899,34,0.02960297
9900,34,0.00857472
9901,34,0.00674434
9902,34,0.00878280
9903,34,0.00722659
9904,34,0.01345481
9905,34,0.00698957
9906,34,0.03152882
9907,34,0.03737866
9908,34,0.01353055
9909,34,0.00855141
9910,34,0.00455865
9911,34,0.00842864
9912,34,0.01440168
9913,34,0.00733403
9914,34,0.00745083
9915,34,0.01533786
9916,34,0.02619741
9917,34,0.00830763
9918,34,0.01818460
9919,34,0.00481730
9920,34,0.01156279
9921,34,0.03115179
9922,34,0.00428804
9923,34,0.06562907
9924,34,0.00632375
9925,34,0.00787736
9926,34,0.02356916
9927,34,0.00807958
9928,34,0.04254440
9929,34,0.01083435
9930,34,0.01783529
9931,34,0.00807924
9932,34,0.01215878
9933,34,0.01543453
9934,34,0.01378829
9935,34,0.00964278
9936,34,0.01516485
9937,34,0.00579414
9938,34,0.02723713
9939,34,0.01225241
9940,34,0.00785629
9941,34,0.00512702
9942,34,0.01709297
9943,34,0.01103187
9944,34,0.00629579
9945,34,0.00546676
9946,34,0.00737667
9947,34,0.00581415
9948,34,0.01108864
9949,34,0.04922010
9950,34,0.00740459
9951,34,0.03617211
9952,34,0.03665632
9953,34,0.00951363
9954,34,0.00998952
9955,34,0.00612695
9956,34,0.01416714
9957,34,0.00851241
9958,34,0.00817041
9959,34,0.00580725
9960,34,0.04044525
9961,34,0.00740534
9962,34,0.00825614
9963,35,0.00732305
9964,35,0.00760238
9965,35,0.06513654
9966,35,0.01076428
9967,35,0.01041156
9968,35,0.00568076
9969,35,0.00973236
9970,35,0.00352348
9971,35,0.01265214
9972,35,0.00698918
9973,35,0.00998591
9974,35,0.00867212
9975,35,0.00813944
9976,35,0.02647076
9977,35,0.01108566
9978,35,0.00629132
9979,35,0.02665516
9980,35,0.00818021
9981,35,0.02154397
9982,35,0.00935927
9983,35,0.02610274
9984,35,0.00755226
9985,35,0.01006685
9986,35,0.00426503
9987,35,0.00282346
9988,35,0.00557169
9989,35,0.00967157
9990,35,0.01212281
9991,35,0.01209390
9992,35,0.01773243
9993,35,0.01982247
9994,35,0.01433427
9995,35,0.00632167
9996,35,0.00963859
9997,35,0.00814199
9998,35,0.00415370
9999,35,0.01027107
10000,35,0.00715324
10001,35,0.01047929
10002,35,0.01134250
10003,35,0.00863294
10004,35,0.03346884
10005,35,0.00535542
10006,35,0.00414674
10007,35,0.01463771
10008,35,0.02430787
10009,35,0.00623450
10010,35,0.00672681
10011,35,0.03404811
10012,35,0.03103439
10013,35,0.01720752
10014,35,0.00458379
10015,35,0.01100900
10016,35,0.00985659
10017,35,0.02547160
10018,35,0.00579644
10019,35,0.01153629
10020,35,0.01614395
10021,35,0.00818095
10022,35,0.02864054
10023,35,0.00552726
10024,35,0.02545705
10025,35,0.01562451
10026,35,0.01207214
10027,35,0.01255942
10028,35,0.00791412
10029,35,0.00852009
10030,35,0.01113535
10031,35,0.00995516
10032,35,0.01517456
10033,35,0.01409802
10034,35,0.01080133
10035,35,0.00904629
10036,35,0.02365953
10037,35,0.00578813
10038,35,0.03155242
10039,35,0.01653489
10040,35,0.00945198
10041,35,0.01266328
10042,35,0.03133571
10043,35,0.00565451
10044,35,0.00821229
10045,35,0.00689706
10046,35,0.01732117
10047,35,0.01954666
10048,35,0.01143084
10049,35,0.01701946
10050,35,0.00819721
10051,35,0.00581249
10052,35,0.00848306
10053,35,0.01171858
10054,35,0.00536586
10055,35,0.01312783
10056,35,0.03810785
10057,35,0.00670231
10058,35,0.00506242
10059,35,0.00494365
10060,35,0.00644784
10061,35,0.02403544
10062,35,0.04480795
10063,35,0.00893723
10064,35,0.01744870
10065,35,0.01474937
10066,35,0.04298942
10067,35,0.00478225
10068,35,0.00416666
10069,35,0.01836836
10070,35,0.00832436
10071,35,0.01249718
10072,35,0.00774946
10073,35,0.00636052
10074,35,0.00751121
10075,35,0.00843979
10076,35,0.00765288
10077,35,0.03267875
10078,35,0.02129557
10079,35,0.00792033
10080,35,0.00933552
10081,35,0.00492114
10082,35,0.00471619
10083,35,0.04287780
10084,35,0.00695321
10085,35,0.03320835
10086,35,0.05015941
10087,35,0.02308734
10088,35,0.01434444
10089,35,0.00846170
10090,35,0.00884203
10091,35,0.00643683
10092,35,0.00738255
10093,35,0.00660037
10094,35,0.00537995
10095,35,0.02613371
10096,35,0.00709632
10097,35,0.01033763
10098,35,0.00985156
10099,35,0.02347253
10100,35,0.00716406
10101,35,0.01346780
10102,35,0.00564994
10103,35,0.01919294
10104,35,0.00555428
10105,35,0.00704066
10106,35,0.00754370
10107,35,0.00847881
10108,35,0.03829950
10109,35,0.00815964
10110,35,0.00609282
10111,35,0.01081355
10112,35,0.00915166
10113,35,0.00924253
10114,35,0.00833188
10115,35,0.01631425
10116,35,0.01166250
10117,35,0.00756356
10118,35,0.07851774
10119,35,0.04021065
10120,35,0.01994478
10121,35,0.01777118
10122,35,0.01095361
10123,35,0.01581015
10124,35,0.00951732
10125,35,0.00963345
10126,35,0.00741378
10127,35,0.00720255
10128,35,0.04469309
10129,35,0.01480107
10130,35,0.05271125
10131,35,0.00636579
10132,35,0.00814855
10133,35,0.00656054
10134,35,0.00680273
10135,35,0.01584567
10136,35,0.02114718
10137,35,0.00761066
10138,35,0.00751890
10139,35,0.00981134
10140,35,0.02320967
10141,35,0.00833497
10142,35,0.00431436
10143,35,0.01204907
10144,35,0.00475623
10145,35,0.00882853
10146,35,0.00862172
10147,35,0.01324405
10148,35,0.00905289
10149,35,0.02045522
10150,35,0.00675966
10151,35,0.02412036
10152,35,0.02950441
10153,35,0.01027420
10154,35,0.01214003
10155,35,0.01379841
10156,35,0.00534970
10157,35,0.00569724
10158,35,0.00667187
10159,35,0.00873973
10160,35,0.00698378
10161,35,0.00926972
10162,35,0.01004859
10163,35,0.00573528
10164,35,0.01139150
10165,35,0.00868540
10166,35,0.00601074
10167,35,0.01050364
10168,35,0.03273737
10169,35,0.00871046
10170,35,0.00639398
10171,35,0.00594526
10172,35,0.00749386
10173,35,0.00401187
10174,35,0.00745931
10175,35,0.02006636
10176,35,0.00484284
10177,35,0.00737182
10178,35,0.01175297
10179,35,0.00493788
10180,35,0.00681072
10181,35,0.03133897
10182,35,0.00534507
10183,35,0.00552800
10184,35,0.01931811
10185,35,0.00357230
10186,35,0.00602045
10187,35,0.00819601
10188,35,0.00537709
10189,35,0.00890587
10190,35,0.01336883
10191,35,0.01978820
10192,35,0.01272855
10193,35,0.00846235
10194,35,0.00864289
10195,35,0.08858186
10196,35,0.01047505
10197,35,0.00758800
10198,35,0.00876704
10199,35,0.01013498
10200,35,0.02091843
10201,35,0.00661895
10202,35,0.00413960
10203,35,0.01468811
10204,35,0.07122465
10205,35,0.01368080
10206,35,0.00560168
10207,35,0.02675455
10208,35,0.04594334
10209,35,0.00907685
10210,35,0.00499282
10211,35,0.00586593
10212,35,0.01894890
10213,35,0.02293116
10214,35,0.00631839
10215,35,0.00926353
10216,35,0.03468634
10217,35,0.00283600
10218,35,0.00724454
10219,35,0.02316476
10220,35,0.00603041
10221,35,0.00976445
10222,35,0.09956806
10223,35,0.00620876
10224,35,0.02376048
10225,35,0.01932789
10226,35,0.00481027
10227,35,0.03615684
10228,35,0.02910217
10229,35,0.00656789
10230,35,0.05967988
10231,35,0.07643345
10232,35,0.02789458
10233,35,0.00429886
10234,35,0.01032801
10235,35,0.04185937
10236,35,0.01063086
10237,35,0.05194170
10238,35,0.01686158
10239,35,0.01653641
10240,35,0.02578663
10241,35,0.00811096
10242,35,0.01180083
10243,35,0.00733829
10244,35,0.01268827
10245,35,0.01026602
10246,35,0.04319528
10247,35,0.00632774
10248,35,0.00879838
10249,35,0.00551212
10250,35,0.01300809
10251,35,0.00906362
10252,35,0.00912185
10253,35,0.01205807
10254,35,0.00684291
10255,35,0.00664100
10256,36,0.00643097
10257,36,0.00500512
10258,36,0.02111941
10259,36,0.01047383
10260,36,0.01004000
10261,36,0.01215471
10262,36,0.02112529
10263,36,0.00880085
10264,36,0.00256362
10265,36,0.02134188
10266,36,0.00891729
10267,36,0.05579535
10268,36,0.00466880
10269,36,0.01190966
10270,36,0.01097553
10271,36,0.02022243
10272,36,0.00984859
10273,36,0.01076013
10274,36,0.00984578
10275,36,0.01402499
10276,36,0.02500738
10277,36,0.03534601
10278,36,0.00566595
10279,36,0.00352684
10280,36,0.00473647
10281,36,0.01170910
10282,36,0.04724259
10283,36,0.02560744
10284,36,0.01205723
10285,36,0.01070943
10286,36,0.00726611
10287,36,0.00933350
10288,36,0.00652108
10289,36,0.00950359
10290,36,0.00626868
10291,36,0.01018880
10292,36,0.02012586
10293,36,0.02389638
10294,36,0.05332235
10295,36,0.01052940
10296,36,0.01560360
10297,36,0.00551543
10298,36,0.06830864
10299,36,0.01109957
10300,36,0.00773522
10301,36,0.01803315
10302,36,0.00709041
10303,36,0.01044284
10304,36,0.00799628
10305,36,0.00786258
10306,36,0.04685469
10307,36,0.07657114
10308,36,0.00917890
10309,36,0.00533254
10310,36,0.02326335
10311,36,0.01105965
10312,36,0.00935077
10313,36,0.00771382
10314,36,0.01364748
10315,36,0.02220273
10316,36,0.01608259
10317,36,0.03580727
10318,36,0.02331364
10319,36,0.02061866
10320,36,0.02469328
10321,36,0.00841852
10322,36,0.00464356
10323,36,0.03450492
10324,36,0.01495579
10325,36,0.00812178
10326,36,0.00981815
10327,36,0.03701870
10328,36,0.00684408
10329,36,0.00510991
10330,36,0.02794129
10331,36,0.01206285
10332,36,0.00677591
10333,36,0.00566657
10334,36,0.02691880
10335,36,0.00527008
10336,36,0.01602647
10337,36,0.00569446
10338,36,0.05756806
10339,36,0.01759987
10340,36,0.00857115
10341,36,0.03104242
10342,36,0.02568613
10343,36,0.00531318
10344,36,0.01397395
10345,36,0.00468114
10346,36,0.00627663
10347,36,0.00587968
10348,36,0.00653869
10349,36,0.00810168
10350,36,0.03971164
10351,36,0.00936530
10352,36,0.01981794
10353,36,0.00866501
10354,36,0.00580883
10355,36,0.00400551
10356,36,0.00668707
10357,36,0.00773221
10358,36,0.00754223
10359,36,0.00599908
10360,36,0.00762531
10361,36,0.01145612
10362,36,0.00904342
10363,36,0.00883610
10364,36,0.01057800
10365,36,0.00395514
10366,36,0.03695773
10367,36,0.01186483
10368,36,0.03904699
10369,36,0.00464340
10370,36,0.01340010
10371,36,0.00776816
10372,36,0.00668846
10373,36,0.01180532
10374,36,0.00986790
10375,36,0.01714089
10376,36,0.01326954
10377,36,0.01363428
10378,36,0.00891679
10379,36,0.00894155
10380,36,0.01221049
10381,36,0.01377511
10382,36,0.01889157
10383,36,0.00484385
10384,36,0.00803750
10385,36,0.01639870
10386,36,0.00660862
10387,36,0.02469273
10388,36,0.00715423
10389,36,0.01319137
10390,36,0.00446171
10391,36,0.01549032
10392,36,0.00701540
10393,36,0.00642779
10394,36,0.00949911
10395,36,0.01185883
10396,36,0.03327942
10397,36,0.05073549
10398,36,0.00490628
10399,36,0.07422185
10400,36,0.01057215
10401,36,0.02182403
10402,36,0.04361035
10403,36,0.00557982
10404,36,0.00895783
10405,36,0.00516495
10406,36,0.00938683
10407,36,0.00348882
10408,36,0.02443122
10409,36,0.01141590
10410,36,0.00827190
10411,36,0.01054683
10412,36,0.03817477
10413,36,0.00663417
10414,36,0.03167957
10415,36,0.00955987
10416,36,0.00577232
10417,36,0.01901273
10418,36,0.01191944
10419,36,0.00932669
10420,36,0.01935008
10421,36,0.00570071
10422,36,0.00548883
10423,36,0.00603996
10424,36,0.00628897
10425,36,0.02387219
10426,36,0.00647345
10427,36,0.00922453
10428,36,0.00181759
10429,36,0.00630309
10430,36,0.00443205
10431,36,0.00835337
10432,36,0.01044164
10433,36,0.01705102
10434,36,0.02476858
10435,36,0.00513199
10436,36,0.01150092
10437,36,0.00654168
10438,36,0.00972143
10439,36,0.01214552
10440,36,0.00796517
10441,36,0.01426871
10442,36,0.01200158
10443,36,0.00645138
10444,36,0.00588236
10445,36,0.01587266
10446,36,0.00502439
10447,36,0.00541326
10448,36,0.00375561
10449,36,0.01328018
10450,36,0.00899559
10451,36,0.02265612
10452,36,0.00935434
10453,36,0.00872573
10454,36,0.01260522
10455,36,0.01824067
10456,36,0.00626975
10457,36,0.01332310
10458,36,0.02246759
10459,36,0.00682857
10460,36,0.01171271
10461,36,0.01726486
10462,36,0.00697418
10463,36,0.01553443
10464,36,0.01255890
10465,36,0.01243956
10466,36,0.03624305
10467,36,0.02246844
10468,36,0.00701364
10469,36,0.00856697
10470,36,0.01204446
10471,36,0.01171830
10472,36,0.02811026
10473,36,0.00752990
10474,36,0.00562041
10475,36,0.01373023
10476,36,0.01079015
10477,36,0.01350856
10478,36,0.00568690
10479,36,0.01662388
10480,36,0.00722753
10481,36,0.01396698
10482,36,0.01227088
10483,36,0.00817911
10484,36,0.01049325
10485,36,0.00427053
10486,36,0.00600999
10487,36,0.00416187
10488,36,0.00535891
10489,36,0.00819576
10490,36,0.01038470
10491,36,0.00904840
10492,36,0.01023390
10493,36,0.00496284
10494,36,0.00658528
10495,36,0.00918788
10496,36,0.00470714
10497,36,0.00972860
10498,36,0.00428075
10499,36,0.01492206
10500,36,0.00806847
10501,36,0.01167006
10502,36,0.00613226
10503,36,0.01586332
10504,36,0.00793755
10505,36,0.00944601
10506,36,0.00553749
10507,36,0.01106527
10508,36,0.00630618
10509,36,0.00579575
10510,36,0.02308186
10511,36,0.00422961
10512,36,0.00555870
10513,36,0.00723031
10514,36,0.03053921
10515,36,0.00697549
10516,36,0.03966853
10517,36,0.01024539
10518,36,0.01741148
10519,36,0.00633112
10520,36,0.03835870
10521,36,0.02915899
10522,36,0.00946753
10523,36,0.03187943
10524,36,0.00928709
10525,36,0.00802166
10526,36,0.00879836
10527,36,0.01662678
10528,36,0.03320149
10529,36,0.01148906
10530,36,0.01232961
10531,36,0.00491358
10532,36,0.00647241
10533,36,0.02014614
10534,36,0.00687842
10535,36,0.00708893
10536,36,0.00685727
10537,36,0.01021686
10538,36,0.01436306
10539,36,0.00553941
10540,36,0.00612767
10541,36,0.02551406
10542,36,0.00277007
10543,36,0.00681544
10544,36,0.00995867
10545,36,0.01271173
10546,36,0.00578412
10547,36,0.04203155
10548,36,0.00908650
10549,37,0.06095147
10550,37,0.00620884
10551,37,0.01310573
10552,37,0.01127731
10553,37,0.00872991
10554,37,0.01136794
10555,37,0.09699158
10556,37,0.00657907
10557,37,0.01233956
10558,37,0.00905785
10559,37,0.03220436
10560,37,0.01114695
10561,37,0.00818903
10562,37,0.00318794
10563,37,0.01193874
10564,37,0.00979825
10565,37,0.00764243
10566,37,0.07133163
10567,37,0.00992408
10568,37,0.00933690
10569,37,0.04146935
10570,37,0.01800013
10571,37,0.00376700
10572,37,0.00754566
10573,37,0.00867645
10574,37,0.00617367
10575,37,0.00655313
10576,37,0.02467323
10577,37,0.00505365
10578,37,0.00924666
10579,37,0.01025825
10580,37,0.00991313
10581,37,0.00973828
10582,37,0.01619516
10583,37,0.00530365
10584,37,0.01604468
10585,37,0.00893983
10586,37,0.00942252
10587,37,0.00541122
10588,37,0.00883046
10589,37,0.07887950
10590,37,0.00359310
10591,37,0.01507756
10592,37,0.00654141
10593,37,0.00476521
10594,37,0.01025350
10595,37,0.01117920
10596,37,0.02096997
10597,37,0.00566554
10598,37,0.02759612
10599,37,0.02347353
10600,37,0.00853389
10601,37,0.01061113
10602,37,0.02098390
10603,37,0.00878443
10604,37,0.02441778
10605,37,0.01652859
10606,37,0.00952731
10607,37,0.02878122
10608,37,0.01241662
10609,37,0.00631755
10610,37,0.01006255
10611,37,0.00835857
10612,37,0.00481586
10613,37,0.00697337
10614,37,0.01047318
10615,37,0.01938883
10616,37,0.00800588
10617,37,0.01102977
10618,37,0.02217237
10619,37,0.00604034
10620,37,0.01655843
10621,37,0.00638332
10622,37,0.00912288
10623,37,0.00660908
10624,37,0.00860250
10625,37,0.01465844
10626,37,0.01069975
10627,37,0.00865475
10628,37,0.00449412
10629,37,0.00798601
10630,37,0.00514434
10631,37,0.00419651
10632,37,0.00815809
10633,37,0.01684092
10634,37,0.01139618
10635,37,0.00693240
10636,37,0.03914557
10637,37,0.01440833
10638,37,0.02804658
10639,37,0.05012245
10640,37,0.01597491
10641,37,0.01045566
10642,37,0.01006260
10643,37,0.01159204
10644,37,0.01279251
10645,37,0.00510495
10646,37,0.00531626
10647,37,0.01819312
10648,37,0.00497476
10649,37,0.01256584
10650,37,0.04585854
10651,37,0.00792585
10652,37,0.02678111
10653,37,0.00423235
10654,37,0.00429622
10655,37,0.01062836
10656,37,0.03855000
10657,37,0.00608770
10658,37,0.00993707
10659,37,0.00984382
10660,37,0.02200407
10661,37,0.01488208
10662,37,0.01084547
10663,37,0.00762164
10664,37,0.00719817
10665,37,0.01137751
10666,37,0.00554382
10667,37,0.07341903
10668,37,0.00979513
10669,37,0.00368710
10670,37,0.03682488
10671,37,0.03436109
10672,37,0.00912805
10673,37,0.00631124
10674,37,0.00907521
10675,37,0.00654709
10676,37,0.00949042
10677,37,0.01304768
10678,37,0.00886445
10679,37,0.00663544
10680,37,0.00448729
10681,37,0.00592723
10682,37,0.00921324
10683,37,0.01412977
10684,37,0.00399070
10685,37,0.00609837
10686,37,0.00782344
10687,37,0.01031809
10688,37,0.02808434
10689,37,0.00853686
10690,37,0.00608653
10691,37,0.01583232
10692,37,0.00514080
10693,37,0.01161393
10694,37,0.00961596
10695,37,0.03106740
10696,37,0.00791154
10697,37,0.02003570
10698,37,0.00679194
10699,37,0.00816563
10700,37,0.00981639
10701,37,0.00766297
10702,37,0.00752825
10703,37,0.04987747
10704,37,0.01043684
10705,37,0.01299734
10706,37,0.00725548
10707,37,0.00947649
10708,37,0.00792822
10709,37,0.01972259
10710,37,0.01688968
10711,37,0.00581076
10712,37,0.00767536
10713,37,0.02175294
10714,37,0.03715581
10715,37,0.01061643
10716,37,0.00522981
10717,37,0.02245598
10718,37,0.01591922
10719,37,0.00555175
10720,37,0.03549009
10721,37,0.01232514
10722,37,0.00669758
10723,37,0.01104361
10724,37,0.00548249
10725,37,0.00859317
10726,37,0.00941439
10727,37,0.01372731
10728,37,0.03133483
10729,37,0.01679778
10730,37,0.03714700
10731,37,0.00428246
10732,37,0.06309401
10733,37,0.00619224
10734,37,0.00531214
10735,37,0.03301363
10736,37,0.00802100
10737,37,0.03776402
10738,37,0.01104919
10739,37,0.00859327
10740,37,0.03758692
10741,37,0.02102727
10742,37,0.00977581
10743,37,0.00760983
10744,37,0.00753520
10745,37,0.01299319
10746,37,0.01014209
10747,37,0.00480984
10748,37,0.01476905
10749,37,0.02070975
10750,37,0.03532102
10751,37,0.01301408
10752,37,0.01123455
10753,37,0.07807384
10754,37,0.00374092
10755,37,0.00693276
10756,37,0.04101907
10757,37,0.00496263
10758,37,0.00435580
10759,37,0.00847138
10760,37,0.01030358
10761,37,0.00688391
10762,37,0.02052673
10763,37,0.00760738
10764,37,0.01108679
10765,37,0.00754654
10766,37,0.00701091
10767,37,0.00280971
10768,37,0.01833752
10769,37,0.02406360
10770,37,0.00438337
10771,37,0.02666613
10772,37,0.02019623
10773,37,0.00720914
10774,37,0.06111706
10775,37,0.00472658
10776,37,0.00807720
10777,37,0.01466826
10778,37,0.01744000
10779,37,0.01300308
10780,37,0.02776791
10781,37,0.06563079
10782,37,0.00880338
10783,37,0.01075980
10784,37,0.00838071
10785,37,0.00683787
10786,37,0.01177175
10787,37,0.00702800
10788,37,0.01646992
10789,37,0.00526343
10790,37,0.00997943
10791,37,0.01422911
10792,37,0.00477564
10793,37,0.02132230
10794,37,0.01362140
10795,37,0.00689895
10796,37,0.05125746
10797,37,0.00619970
10798,37,0.04482668
10799,37,0.01147653
10800,37,0.06579715
10801,37,0.01106293
10802,37,0.02831763
10803,37,0.00549816
10804,37,0.01850371
10805,37,0.00798071
10806,37,0.01007355
10807,37,0.00900747
10808,37,0.01068026
10809,37,0.02529597
10810,37,0.02485837
10811,37,0.00866228
10812,37,0.02680150
10813,37,0.01472396
10814,37,0.00824894
10815,37,0.02254911
10816,37,0.00508928
10817,37,0.00692200
10818,37,0.01875951
10819,37,0.02815206
10820,37,0.01398914
10821,37,0.00801708
10822,37,0.00331507
10823,37,0.00836109
10824,37,0.00864680
10825,37,0.00781205
10826,37,0.01051698
10827,37,0.01196407
10828,37,0.01215695
10829,37,0.00423142
10830,37,0.00717957
10831,37,0.07415808
10832,37,0.01403993
10833,37,0.01264344
10834,37,0.01894459
10835,37,0.00576095
10836,37,0.01472103
10837,37,0.00782057
10838,37,0.00660461
10839,37,0.01407360
10840,37,0.00820516
10841,37,0.01354748
10842,38,0.00828915
10843,38,0.00555562
10844,38,0.01539771
10845,38,0.03249010
10846,38,0.00992221
10847,38,0.02552396
10848,38,0.01155953
10849,38,0.01853843
10850,38,0.00673154
10851,38,0.00546073
10852,38,0.01754896
10853,38,0.02077837
10854,38,0.03120764
10855,38,0.01430149
10856,38,0.01360381
10857,38,0.01066130
10858,38,0.01086543
10859,38,0.00619233
10860,38,0.00670560
10861,38,0.01067155
10862,38,0.00959060
10863,38,0.06467994
10864,38,0.00489549
10865,38,0.00649020
10866,38,0.00741000
10867,38,0.00570704
10868,38,0.00844141
10869,38,0.00448013
10870,38,0.00603084
10871,38,0.00826179
10872,38,0.01121036
10873,38,0.02025651
10874,38,0.00730614
10875,38,0.01110141
10876,38,0.01100626
10877,38,0.03253442
10878,38,0.01278139
10879,38,0.01094402
10880,38,0.00629487
10881,38,0.00909654
10882,38,0.01026399
10883,38,0.01509097
10884,38,0.06318939
10885,38,0.00949492
10886,38,0.00761101
10887,38,0.00837443
10888,38,0.00502319
10889,38,0.02002450
10890,38,0.00714235
10891,38,0.01250983
10892,38,0.00627947
10893,38,0.00926850
10894,38,0.00961865
10895,38,0.01040953
10896,38,0.01044219
10897,38,0.02207481
10898,38,0.02769510
10899,38,0.01372437
10900,38,0.01168761
10901,38,0.01300134
10902,38,0.02758027
10903,38,0.03611998
10904,38,0.00991495
10905,38,0.03257760
10906,38,0.00810842
10907,38,0.01353610
10908,38,0.01345319
10909,38,0.01670085
10910,38,0.00454401
10911,38,0.02182918
10912,38,0.00417531
10913,38,0.00435383
10914,38,0.00808335
10915,38,0.01251863
10916,38,0.05089647
10917,38,0.01268186
10918,38,0.03100706
10919,38,0.00569900
10920,38,0.02370510
10921,38,0.00776909
10922,38,0.01101183
10923,38,0.00948266
10924,38,0.00662347
10925,38,0.01182487
10926,38,0.03139187
10927,38,0.00819183
10928,38,0.01203298
10929,38,0.00580801
10930,38,0.00757866
10931,38,0.00609683
10932,38,0.03440505
10933,38,0.02008618
10934,38,0.00816001
10935,38,0.00796891
10936,38,0.04533656
10937,38,0.04303018
10938,38,0.03832716
10939,38,0.00642495
10940,38,0.00895085
10941,38,0.05328532
10942,38,0.00737949
10943,38,0.00644500
10944,38,0.00485503
10945,38,0.00416643
10946,38,0.01009948
10947,38,0.01783801
10948,38,0.01353099
10949,38,0.01728462
10950,38,0.01877690
10951,38,0.01067728
10952,38,0.01115179
10953,38,0.05408524
10954,38,0.01709343
10955,38,0.02686337
10956,38,0.00919826
10957,38,0.00616723
10958,38,0.01256657
10959,38,0.00525245
10960,38,0.01530562
10961,38,0.00742524
10962,38,0.02199606
10963,38,0.00576114
10964,38,0.00968428
10965,38,0.00609347
10966,38,0.00796161
10967,38,0.07380792
10968,38,0.00504418
10969,38,0.01397041
10970,38,0.00820095
10971,38,0.04398019
10972,38,0.00731020
10973,38,0.00323887
10974,38,0.00775077
10975,38,0.02897874
10976,38,0.00714328
10977,38,0.00358800
10978,38,0.00669083
10979,38,0.00491388
10980,38,0.01322956
10981,38,0.01102395
10982,38,0.00749442
10983,38,0.01050349
10984,38,0.00692135
10985,38,0.00982752
10986,38,0.01029459
10987,38,0.01475654
10988,38,0.01087910
10989,38,0.04833340
10990,38,0.00558620
10991,38,0.03001069
10992,38,0.01147804
10993,38,0.00897077
10994,38,0.00366694
10995,38,0.00915681
10996,38,0.00897026
10997,38,0.02258152
10998,38,0.00496326
10999,38,0.00856249
11000,38,0.02900888
11001,38,0.01057871
11002,38,0.01213563
11003,38,0.02563484
11004,38,0.01363520
11005,38,0.00819496
11006,38,0.00724013
11007,38,0.00562547
11008,38,0.02993765
11009,38,0.01233637
11010,38,0.00659545
11011,38,0.00616134
11012,38,0.01041260
11013,38,0.01208575
11014,38,0.00808404
11015,38,0.00835719
11016,38,0.01023601
11017,38,0.00619105
11018,38,0.00889873
11019,38,0.00839334
11020,38,0.00600235
11021,38,0.04901877
11022,38,0.00814100
11023,38,0.00618878
11024,38,0.00986460
11025,38,0.01205957
11026,38,0.00957758
11027,38,0.02151650
11028,38,0.00656793
11029,38,0.01118410
11030,38,0.02258907
11031,38,0.00628333
11032,38,0.05141478
11033,38,0.00555443
11034,38,0.01087089
11035,38,0.02132247
11036,38,0.04293831
11037,38,0.00645483
11038,38,0.00482588
11039,38,0.00454085
11040,38,0.00886729
11041,38,0.00495011
11042,38,0.00738060
11043,38,0.00893411
11044,38,0.00557943
11045,38,0.01810620
11046,38,0.00815406
11047,38,0.01907787
11048,38,0.00947074
11049,38,0.05780392
11050,38,0.00577474
11051,38,0.01206458
11052,38,0.00892395
11053,38,0.01458372
11054,38,0.00669324
11055,38,0.01293976
11056,38,0.00451586
11057,38,0.00636867
11058,38,0.01266227
11059,38,0.03297433
11060,38,0.00457064
11061,38,0.03159985
11062,38,0.01181931
11063,38,0.01218773
11064,38,0.01953207
11065,38,0.01015074
11066,38,0.00689033
11067,38,0.00808254
11068,38,0.00549075
11069,38,0.01855869
11070,38,0.02912440
11071,38,0.00792042
11072,38,0.00538937
11073,38,0.00914416
11074,38,0.01449656
11075,38,0.00796171
11076,38,0.00738125
11077,38,0.00595718
11078,38,0.00400294
11079,38,0.08342423
11080,38,0.02576939
11081,38,0.01392030
11082,38,0.00827806
11083,38,0.00726664
11084,38,0.00610894
11085,38,0.01060405
11086,38,0.01796241
11087,38,0.01470686
11088,38,0.02910957
11089,38,0.01259551
11090,38,0.00223040
11091,38,0.00334349
11092,38,0.00886541
11093,38,0.03484644
11094,38,0.00993221
11095,38,0.00553350
11096,38,0.01363868
11097,38,0.00778369
11098,38,0.01308451
11099,38,0.00897252
11100,38,0.02028240
11101,38,0.02386676
11102,38,0.01670328
11103,38,0.00564245
11104,38,0.00443448
11105,38,0.02406773
11106,38,0.00587109
11107,38,0.00960778
11108,38,0.00447249
11109,38,0.00483320
11110,38,0.00462878
11111,38,0.02828638
11112,38,0.00810733
11113,38,0.01605262
11114,38,0.03338048
11115,38,0.00618239
11116,38,0.01062528
11117,38,0.01601092
11118,38,0.00598973
11119,38,0.00437780
11120,38,0.02221933
11121,38,0.00894486
11122,38,0.00715976
11123,38,0.00619348
11124,38,0.01505913
11125,38,0.01062489
11126,38,0.02534834
11127,38,0.00541537
11128,38,0.01004914
11129,38,0.00510077
11130,38,0.01936486
11131,38,0.00967969
11132,38,0.00822211
11133,38,0.01101908
11134,38,0.01322199
11135,39,0.00391138
11136,39,0.01192798
11137,39,0.00730980
11138,39,0.00670407
11139,39,0.00743898
11140,39,0.01636903
11141,39,0.01352714
11142,39,0.01122394
11143,39,0.01424733
11144,39,0.02127336
11145,39,0.01299152
11146,39,0.00784183
11147,39,0.00937261
11148,39,0.01472990
11149,39,0.01040251
11150,39,0.00971432
11151,39,0.01058609
11152,39,0.00507871
11153,39,0.00888150
11154,39,0.01127277
11155,39,0.00714514
11156,39,0.01020749
11157,39,0.02906016
11158,39,0.00950681
11159,39,0.02272093
11160,39,0.00850604
11161,39,0.00591931
11162,39,0.00692758
11163,39,0.04774838
11164,39,0.00451761
11165,39,0.01915648
11166,39,0.01744745
11167,39,0.00705682
11168,39,0.00435414
11169,39,0.01644971
11170,39,0.00879989
11171,39,0.04621372
11172,39,0.00935920
11173,39,0.01764084
11174,39,0.01482010
11175,39,0.01300282
11176,39,0.01551264
11177,39,0.01673952
11178,39,0.00744125
11179,39,0.00351227
11180,39,0.08254190
11181,39,0.00416224
11182,39,0.01182899
11183,39,0.01425713
11184,39,0.02116615
11185,39,0.00933349
11186,39,0.01600925
11187,39,0.00994926
11188,39,0.00583600
11189,39,0.04205728
11190,39,0.01130240
11191,39,0.01601679
11192,39,0.04056419
11193,39,0.01334375
11194,39,0.00408739
11195,39,0.02220823
11196,39,0.01102080
11197,39,0.01385168
11198,39,0.00580363
11199,39,0.01185192
11200,39,0.01010212
11201,39,0.01896025
11202,39,0.01052028
11203,39,0.00715588
11204,39,0.00461557
11205,39,0.01083867
11206,39,0.01000243
11207,39,0.00517636
11208,39,0.02523505
11209,39,0.00780716
11210,39,0.00983192
11211,39,0.01056044
11212,39,0.00469442
11213,39,0.03424959
11214,39,0.00807822
11215,39,0.00789797
11216,39,0.01494487
11217,39,0.00575181
11218,39,0.02104321
11219,39,0.05460418
11220,39,0.00489771
11221,39,0.00352945
11222,39,0.01472661
11223,39,0.02318252
11224,39,0.02835236
11225,39,0.00663569
11226,39,0.00681484
11227,39,0.01034803
11228,39,0.00654254
11229,39,0.00936733
11230,39,0.01197933
11231,39,0.00685763
11232,39,0.00736194
11233,39,0.01093053
11234,39,0.04451637
11235,39,0.01488205
11236,39,0.05602586
11237,39,0.00622358
11238,39,0.00769919
11239,39,0.00502525
11240,39,0.00518639
11241,39,0.00432203
11242,39,0.00742752
11243,39,0.02167654
11244,39,0.00902854
11245,39,0.02794950
11246,39,0.00342640
11247,39,0.03334214
11248,39,0.00766123
11249,39,0.04357446
11250,39,0.00664062
11251,39,0.00864449
11252,39,0.01084627
11253,39,0.01552632
11254,39,0.00497933
11255,39,0.01221559
11256,39,0.03574864
11257,39,0.02009990
11258,39,0.00621440
11259,39,0.00835947
11260,39,0.00699470
11261,39,0.01516036
11262,39,0.01114122
11263,39,0.00634677
11264,39,0.02587570
11265,39,0.00758054
11266,39,0.01072943
11267,39,0.01444648
11268,39,0.03388086
11269,39,0.00445898
11270,39,0.00960567
11271,39,0.01620140
11272,39,0.01966159
11273,39,0.01081128
11274,39,0.00838314
11275,39,0.00631741
11276,39,0.01391942
11277,39,0.01316374
11278,39,0.00864433
11279,39,0.00760663
11280,39,0.01795541
11281,39,0.00518143
11282,39,0.00926419
11283,39,0.01157027
11284,39,0.00367043
11285,39,0.00619523
11286,39,0.00672118
11287,39,0.02206889
11288,39,0.00717530
11289,39,0.00792578
11290,39,0.00297329
11291,39,0.01053728
11292,39,0.01130665
11293,39,0.00502006
11294,39,0.00584327
11295,39,0.01782548
11296,39,0.00650981
11297,39,0.01082851
11298,39,0.00648281
11299,39,0.00710005
11300,39,0.01181051
11301,39,0.00626854
11302,39,0.00288738
11303,39,0.00763707
11304,39,0.00620162
11305,39,0.02225513
11306,39,0.01201048
11307,39,0.00810517
11308,39,0.00782651
11309,39,0.01554396
11310,39,0.00801820
11311,39,0.00475311
11312,39,0.01272644
11313,39,0.01260639
11314,39,0.00739561
11315,39,0.01195346
11316,39,0.01521077
11317,39,0.00882848
11318,39,0.01870427
11319,39,0.01471347
11320,39,0.00614104
11321,39,0.00658600
11322,39,0.02235143
11323,39,0.01233469
11324,39,0.01324337
11325,39,0.00617948
11326,39,0.00480062
11327,39,0.00437897
11328,39,0.00641777
11329,39,0.00661274
11330,39,0.08967521
11331,39,0.00699775
11332,39,0.00523311
11333,39,0.06105404
11334,39,0.00714230
11335,39,0.04428431
11336,39,0.00342865
11337,39,0.05577308
11338,39,0.02816224
11339,39,0.01775781
11340,39,0.00517925
11341,39,0.00713468
11342,39,0.01098901
11343,39,0.01416018
11344,39,0.01640005
11345,39,0.00864589
11346,39,0.02122830
11347,39,0.02763692
11348,39,0.03541770
11349,39,0.01994438
11350,39,0.01085317
11351,39,0.00346177
11352,39,0.00576065
11353,39,0.05590565
11354,39,0.08400893
11355,39,0.00978290
11356,39,0.00898949
11357,39,0.00769186
11358,39,0.00812398
11359,39,0.01057417
11360,39,0.00474493
11361,39,0.00737268
11362,39,0.02630242
11363,39,0.01030450
11364,39,0.00476865
11365,39,0.00824171
11366,39,0.03480380
11367,39,0.02592136
11368,39,0.00555249
11369,39,0.00876134
11370,39,0.00502287
11371,39,0.04350305
11372,39,0.01417606
11373,39,0.00740037
11374,39,0.04027016
11375,39,0.01746128
11376,39,0.00956582
11377,39,0.00453601
11378,39,0.01381968
11379,39,0.01615496
11380,39,0.02602626
11381,39,0.00732838
11382,39,0.00945674
11383,39,0.00951147
11384,39,0.00679516
11385,39,0.00641078
11386,39,0.00947487
11387,39,0.01118167
11388,39,0.00427198
11389,39,0.00455377
11390,39,0.00586695
11391,39,0.02711001
11392,39,0.00447803
11393,39,0.00392240
11394,39,0.01498427
11395,39,0.00535011
11396,39,0.01015021
11397,39,0.01270874
11398,39,0.01872391
11399,39,0.01178849
11400,39,0.02758531
11401,39,0.02374587
11402,39,0.00661361
11403,39,0.00668936
11404,39,0.00506155
11405,39,0.00455909
11406,39,0.00586212
11407,39,0.07256414
11408,39,0.00816216
11409,39,0.00797111
11410,39,0.01052592
11411,39,0.04834018
11412,39,0.01111583
11413,39,0.01018104
11414,39,0.00702492
11415,39,0.04688573
11416,39,0.01661211
11417,39,0.03353231
11418,39,0.00917076
11419,39,0.03431460
11420,39,0.00284191
11421,39,0.00860952
11422,39,0.02484985
11423,39,0.00786155
11424,39,0.00881184
11425,39,0.00922789
11426,39,0.02199374
11427,39,0.01045438
11428,40,0.01055866
11429,40,0.01027876
11430,40,0.00711981
11431,40,0.00942961
11432,40,0.00857967
11433,40,0.05539535
11434,40,0.00968052
11435,40,0.01319173
11436,40,0.05595969
11437,40,0.00499313
11438,40,0.00538974
11439,40,0.06308107
11440,40,0.02074538
11441,40,0.01420728
11442,40,0.01318130
11443,40,0.01327507
11444,40,0.02216477
11445,40,0.00772896
11446,40,0.03952183
11447,40,0.00946560
11448,40,0.02499764
11449,40,0.00738657
11450,40,0.01369771
11451,40,0.00770706
11452,40,0.02342756
11453,40,0.00911859
11454,40,0.03550087
11455,40,0.01437489
11456,40,0.01583651
11457,40,0.02123331
11458,40,0.05883624
11459,40,0.01294355
11460,40,0.01188573
11461,40,0.00671069
11462,40,0.02316245
11463,40,0.01290513
11464,40,0.01119194
11465,40,0.03190400
11466,40,0.02488972
11467,40,0.03518766
11468,40,0.00484888
11469,40,0.01871626
11470,40,0.00530271
11471,40,0.01630247
11472,40,0.01584131
11473,40,0.00616814
11474,40,0.00751924
11475,40,0.01227881
11476,40,0.05954174
11477,40,0.01808524
11478,40,0.01321798
11479,40,0.00749757
11480,40,0.00637239
11481,40,0.00558288
11482,40,0.01468666
11483,40,0.00804970
11484,40,0.01313645
11485,40,0.02427014
11486,40,0.03650343
11487,40,0.00547559
11488,40,0.01500809
11489,40,0.00451395
11490,40,0.00479748
11491,40,0.05270612
11492,40,0.00609424
11493,40,0.01151918
11494,40,0.01435091
11495,40,0.01292355
11496,40,0.00917936
11497,40,0.01071568
11498,40,0.01653844
11499,40,0.02178693
11500,40,0.01660548
11501,40,0.00711172
11502,40,0.01099316
11503,40,0.00673573
11504,40,0.00320821
11505,40,0.00785954
11506,40,0.00976813
11507,40,0.00912906
11508,40,0.00928107
11509,40,0.00876650
11510,40,0.00928588
11511,40,0.00715666
11512,40,0.01465059
11513,40,0.02779231
11514,40,0.00523895
11515,40,0.00406137
11516,40,0.05914220
11517,40,0.02714940
11518,40,0.02916049
11519,40,0.01242936
11520,40,0.00565974
11521,40,0.00886669
11522,40,0.00866673
11523,40,0.01171021
11524,40,0.01449676
11525,40,0.01479998
11526,40,0.00411905
11527,40,0.00587318
11528,40,0.00579166
11529,40,0.00247249
11530,40,0.00618923
11531,40,0.00437213
11532,40,0.00478030
11533,40,0.01840048
11534,40,0.00466397
11535,40,0.00527963
11536,40,0.00594645
11537,40,0.01260031
11538,40,0.00778641
11539,40,0.01030726
11540,40,0.02586210
11541,40,0.00826174
11542,40,0.00645136
11543,40,0.01015980
11544,40,0.00865395
11545,40,0.00855915
11546,40,0.00746675
11547,40,0.00480108
11548,40,0.00478064
11549,40,0.00847317
11550,40,0.01245702
11551,40,0.04257255
11552,40,0.03155761
11553,40,0.00527691
11554,40,0.01163986
11555,40,0.00955932
11556,40,0.00747765
11557,40,0.00586564
11558,40,0.00988537
11559,40,0.00616721
11560,40,0.01450287
11561,40,0.00793426
11562,40,0.00638144
11563,40,0.02450504
11564,40,0.02523999
11565,40,0.00572890
11566,40,0.00667082
11567,40,0.00779058
11568,40,0.00906118
11569,40,0.05469996
11570,40,0.01425634
11571,40,0.00926389
11572,40,0.00776375
11573,40,0.01842247
11574,40,0.00362356
11575,40,0.00457205
11576,40,0.00816322
11577,40,0.01246255
11578,40,0.01558053
11579,40,0.04151443
11580,40,0.04530072
11581,40,0.01404737
11582,40,0.00624221
11583,40,0.01061861
11584,40,0.01775005
11585,40,0.01401228
11586,40,0.00610194
11587,40,0.06202590
11588,40,0.04904849
11589,40,0.01144139
11590,40,0.01128169
11591,40,0.00881654
11592,40,0.00694765
11593,40,0.00619500
11594,40,0.02395767
11595,40,0.00467113
11596,40,0.00761916
11597,40,0.02969038
11598,40,0.00910987
11599,40,0.01288284
11600,40,0.01311224
11601,40,0.00951178
11602,40,0.00603464
11603,40,0.00549869
11604,40,0.01990171
11605,40,0.01019987
11606,40,0.00699551
11607,40,0.02543576
11608,40,0.00957880
11609,40,0.02537711
11610,40,0.00756312
11611,40,0.00822443
11612,40,0.01430655
11613,40,0.01209413
11614,40,0.00722460
11615,40,0.02726671
11616,40,0.00558568
11617,40,0.00581979
11618,40,0.00998133
11619,40,0.01701352
11620,40,0.01252071
11621,40,0.00603521
11622,40,0.01848091
11623,40,0.00912334
11624,40,0.00421644
11625,40,0.01041354
11626,40,0.00816066
11627,40,0.00649838
11628,40,0.01793658
11629,40,0.01509887
11630,40,0.03327847
11631,40,0.03255353
11632,40,0.02237934
11633,40,0.00466797
11634,40,0.03446800
11635,40,0.00803331
11636,40,0.01318570
11637,40,0.02419257
11638,40,0.00812440
11639,40,0.00480003
11640,40,0.02397373
11641,40,0.00775047
11642,40,0.00498665
11643,40,0.01267843
11644,40,0.00535708
11645,40,0.01181059
11646,40,0.02340616
11647,40,0.00310646
11648,40,0.00607339
11649,40,0.00835002
11650,40,0.00547805
11651,40,0.00747289
11652,40,0.00533423
11653,40,0.02078743
11654,40,0.04113782
11655,40,0.00841269
11656,40,0.00469022
11657,40,0.01320931
11658,40,0.01019858
11659,40,0.00532845
11660,40,0.01190186
11661,40,0.03051726
11662,40,0.03314210
11663,40,0.00691848
11664,40,0.00824429
11665,40,0.00918542
11666,40,0.04708828
11667,40,0.01120358
11668,40,0.02286237
11669,40,0.02396623
11670,40,0.04246325
11671,40,0.00663933
11672,40,0.00487759
11673,40,0.01591534
11674,40,0.00764493
11675,40,0.00504996
11676,40,0.01087543
11677,40,0.00428602
11678,40,0.01164515
11679,40,0.01366368
11680,40,0.03741090
11681,40,0.00476074
11682,40,0.00937276
11683,40,0.01756233
11684,40,0.01416659
11685,40,0.00651427
11686,40,0.03671253
11687,40,0.01521959
11688,40,0.01049729
11689,40,0.01399647
11690,40,0.00917762
11691,40,0.01100138
11692,40,0.00611506
11693,40,0.00911972
11694,40,0.00290442
11695,40,0.00569268
11696,40,0.00792949
11697,40,0.00569098
11698,40,0.00482369
11699,40,0.01214402
11700,40,0.00690433
11701,40,0.00663990
11702,40,0.00807122
11703,40,0.01829340
11704,40,0.01704453
11705,40,0.06161494
11706,40,0.00674496
11707,40,0.01183503
11708,40,0.00873310
11709,40,0.00751730
11710,40,0.00897558
11711,40,0.00793340
11712,40,0.01236514
11713,40,0.02949576
11714,40,0.00854399
11715,40,0.01523838
11716,40,0.00470959
11717,40,0.05702950
11718,40,0.00915832
11719,40,0.00990054
11720,40,0.00882833
11721,41,0.01104289
11722,41,0.00935888
11723,41,0.04655267
11724,41,0.02446636
11725,41,0.00656820
11726,41,0.00804027
11727,41,0.03926913
11728,41,0.01282320
11729,41,0.00429959
11730,41,0.00693980
11731,41,0.01095350
11732,41,0.02818196
11733,41,0.01737643
11734,41,0.05546884
11735,41,0.00869132
11736,41,0.00720965
11737,41,0.03639815
11738,41,0.00755258
11739,41,0.09864489
11740,41,0.00480527
11741,41,0.00474555
11742,41,0.01023003
11743,41,0.01315852
11744,41,0.02155158
11745,41,0.00724417
11746,41,0.01176407
11747,41,0.01164084
11748,41,0.01214638
11749,41,0.01918640
11750,41,0.04931198
11751,41,0.01687803
11752,41,0.01824355
11753,41,0.00614672
11754,41,0.00914712
11755,41,0.02009447
11756,41,0.01174829
11757,41,0.00845193
11758,41,0.00444562
11759,41,0.00619115
11760,41,0.00962679
11761,41,0.01327923
11762,41,0.00741019
11763,41,0.01548705
11764,41,0.00538443
11765,41,0.00780080
11766,41,0.00860156
11767,41,0.01632689
11768,41,0.00635694
11769,41,0.00647659
11770,41,0.00623940
11771,41,0.00677167
11772,41,0.01278975
11773,41,0.00975102
11774,41,0.00841648
11775,41,0.00406181
11776,41,0.01286796
11777,41,0.00988123
11778,41,0.00360040
11779,41,0.00918597
11780,41,0.01931453
11781,41,0.00984921
11782,41,0.00611021
11783,41,0.00672529
11784,41,0.00520830
11785,41,0.00516304
11786,41,0.00816438
11787,41,0.00559009
11788,41,0.00687742
11789,41,0.01054189
11790,41,0.00707749
11791,41,0.00577963
11792,41,0.01634554
11793,41,0.00367017
11794,41,0.00414820
11795,41,0.00472391
11796,41,0.01187631
11797,41,0.00902621
11798,41,0.02783524
11799,41,0.00918937
11800,41,0.01368567
11801,41,0.00861253
11802,41,0.00791657
11803,41,0.00638176
11804,41,0.00611287
11805,41,0.04080580
11806,41,0.00762249
11807,41,0.00691535
11808,41,0.00760703
11809,41,0.02286849
11810,41,0.00496647
11811,41,0.00486063
11812,41,0.00389697
11813,41,0.00626108
11814,41,0.00246501
11815,41,0.00847191
11816,41,0.00412009
11817,41,0.00240228
11818,41,0.01433932
11819,41,0.01066204
11820,41,0.03386463
11821,41,0.00565633
11822,41,0.00832960
11823,41,0.00967061
11824,41,0.04055680
11825,41,0.02508358
11826,41,0.00919779
11827,41,0.00716944
11828,41,0.01046090
11829,41,0.00525358
11830,41,0.01378547
11831,41,0.00773811
11832,41,0.01107115
11833,41,0.00713519
11834,41,0.00740883
11835,41,0.02093510
11836,41,0.01904272
11837,41,0.03756095
11838,41,0.00718178
11839,41,0.00795037
11840,41,0.00367680
11841,41,0.01042861
11842,41,0.02027142
11843,41,0.00632947
11844,41,0.02188145
11845,41,0.03054134
11846,41,0.02564218
11847,41,0.02691471
11848,41,0.00699638
11849,41,0.01907789
11850,41,0.02466606
11851,41,0.01176458
11852,41,0.00684926
11853,41,0.00750255
11854,41,0.00415704
11855,41,0.01691824
11856,41,0.00995912
11857,41,0.00873980
11858,41,0.01690206
11859,41,0.00419642
11860,41,0.01141588
11861,41,0.00420838
11862,41,0.05152783
11863,41,0.01978132
11864,41,0.03180885
11865,41,0.02065790
11866,41,0.00934960
11867,41,0.03548405
11868,41,0.00599159
11869,41,0.00821607
11870,41,0.01051799
11871,41,0.00680303
11872,41,0.00592266
11873,41,0.00635208
11874,41,0.00651552
11875,41,0.01106661
11876,41,0.00523958
11877,41,0.04794187
11878,41,0.02591341
11879,41,0.00659806
11880,41,0.00584290
11881,41,0.00966629
11882,41,0.03587548
11883,41,0.01275056
11884,41,0.01305870
11885,41,0.02574608
11886,41,0.01156602
11887,41,0.00553536
11888,41,0.01092494
11889,41,0.00230288
11890,41,0.00928899
11891,41,0.00576087
11892,41,0.02988537
11893,41,0.01431236
11894,41,0.01046668
11895,41,0.03555899
11896,41,0.00311029
11897,41,0.00979162
11898,41,0.01512622
11899,41,0.03172787
11900,41,0.02163319
11901,41,0.01156773
11902,41,0.01126758
11903,41,0.01849296
11904,41,0.04056088
11905,41,0.01433979
11906,41,0.00881349
11907,41,0.01700913
11908,41,0.02739250
11909,41,0.01569087
11910,41,0.00597322
11911,41,0.01011845
11912,41,0.01015481
11913,41,0.02764069
11914,41,0.01201902
11915,41,0.01096405
11916,41,0.02173902
11917,41,0.00857485
11918,41,0.01333108
11919,41,0.03319536
11920,41,0.00610178
11921,41,0.00625644
11922,41,0.01015712
11923,41,0.02607800
11924,41,0.00631022
11925,41,0.02771546
11926,41,0.00643610
11927,41,0.00634030
11928,41,0.00982394
11929,41,0.00878463
11930,41,0.00866991
11931,41,0.01036047
11932,41,0.00647708
11933,41,0.00830918
11934,41,0.00541471
11935,41,0.00925136
11936,41,0.00516941
11937,41,0.00902337
11938,41,0.00975000
11939,41,0.04984757
11940,41,0.00597363
11941,41,0.02766483
11942,41,0.00551884
11943,41,0.02879596
11944,41,0.00238384
11945,41,0.00845706
11946,41,0.00919767
11947,41,0.00637855
11948,41,0.01042457
11949,41,0.04452670
11950,41,0.00695975
11951,41,0.00372140
11952,41,0.00390779
11953,41,0.00434806
11954,41,0.00391860
11955,41,0.02538338
11956,41,0.00561944
11957,41,0.00771235
11958,41,0.00569001
11959,41,0.01776567
11960,41,0.01436831
11961,41,0.00896070
11962,41,0.01261791
11963,41,0.00386787
11964,41,0.06140532
11965,41,0.04551599
11966,41,0.00645799
11967,41,0.00973005
11968,41,0.01325149
11969,41,0.01679813
11970,41,0.00910626
11971,41,0.02291812
11972,41,0.02818114
11973,41,0.00373883
11974,41,0.07235477
11975,41,0.00854141
11976,41,0.02025444
11977,41,0.00691952
11978,41,0.00647962
11979,41,0.00811502
11980,41,0.03415755
11981,41,0.01101405
11982,41,0.03033115
11983,41,0.00828126
11984,41,0.01470453
11985,41,0.00771641
11986,41,0.01203841
11987,41,0.00809150
11988,41,0.02814712
11989,41,0.00384218
11990,41,0.02207766
11991,41,0.00722957
11992,41,0.02508854
11993,41,0.01325867
11994,41,0.03817242
11995,41,0.00686867
11996,41,0.02337582
11997,41,0.01046807
11998,41,0.01912464
11999,41,0.01403650
12000,41,0.00311216
12001,41,0.00494325
12002,41,0.00672632
12003,41,0.02588390
12004,41,0.00303606
12005,41,0.02519440
12006,41,0.00756609
12007,41,0.00823955
12008,41,0.01862196
12009,41,0.01423443
12010,41,0.00834779
12011,41,0.01507030
12012,41,0.01254535
12013,41,0.00680863
12014,42,0.01837101
12015,42,0.00530556
12016,42,0.00605831
12017,42,0.00828600
12018,42,0.00274887
12019,42,0.00432140
12020,42,0.00508834
12021,42,0.00755660
12022,42,0.01413079
12023,42,0.01978255
12024,42,0.00862791
12025,42,0.00691609
12026,42,0.00728481
12027,42,0.00522670
12028,42,0.00376537
12029,42,0.01030526
12030,42,0.00628773
12031,42,0.04593324
12032,42,0.01654190
12033,42,0.00648293
12034,42,0.00413577
12035,42,0.02591992
12036,42,0.00948835
12037,42,0.01241276
12038,42,0.00478778
12039,42,0.00638705
12040,42,0.00401842
12041,42,0.00636082
12042,42,0.01004019
12043,42,0.03122950
12044,42,0.00356917
12045,42,0.02782093
12046,42,0.01369129
12047,42,0.00443157
12048,42,0.02284546
12049,42,0.01465813
12050,42,0.01238410
12051,42,0.02260367
12052,42,0.01074116
12053,42,0.00776336
12054,42,0.01796792
12055,42,0.00620882
12056,42,0.00585362
12057,42,0.00639714
12058,42,0.01106728
12059,42,0.01084973
12060,42,0.00943246
12061,42,0.01537807
12062,42,0.00554114
12063,42,0.01282826
12064,42,0.00558371
12065,42,0.00949024
12066,42,0.00577099
12067,42,0.00456177
12068,42,0.02857878
12069,42,0.00589448
12070,42,0.00511572
12071,42,0.05111668
12072,42,0.02592379
12073,42,0.01641064
12074,42,0.00647060
12075,42,0.02982196
12076,42,0.00897584
12077,42,0.00662357
12078,42,0.01436725
12079,42,0.00652424
12080,42,0.00734140
12081,42,0.01616327
12082,42,0.00761600
12083,42,0.05811858
12084,42,0.00625792
12085,42,0.00615974
12086,42,0.00519110
12087,42,0.00599994
12088,42,0.00980457
12089,42,0.02369086
12090,42,0.01902702
12091,42,0.02754704
12092,42,0.01435283
12093,42,0.00555999
12094,42,0.01034436
12095,42,0.01890614
12096,42,0.01488784
12097,42,0.02619641
12098,42,0.00379236
12099,42,0.00501631
12100,42,0.00924256
12101,42,0.02637203
12102,42,0.00909958
12103,42,0.01375044
12104,42,0.04012408
12105,42,0.00621394
12106,42,0.00849284
12107,42,0.00893842
12108,42,0.02060737
12109,42,0.00795584
12110,42,0.00727330
12111,42,0.01162451
12112,42,0.02244453
12113,42,0.01154830
12114,42,0.00560326
12115,42,0.00724565
12116,42,0.00419030
12117,42,0.00514266
12118,42,0.00390881
12119,42,0.00783623
12120,42,0.01026910
12121,42,0.00777917
12122,42,0.00717980
12123,42,0.03154292
12124,42,0.08061589
12125,42,0.02095331
12126,42,0.01230686
12127,42,0.00407603
12128,42,0.00553379
12129,42,0.00357587
12130,42,0.02695645
12131,42,0.01014788
12132,42,0.00641674
12133,42,0.02325181
12134,42,0.00932865
12135,42,0.00476852
12136,42,0.00800300
12137,42,0.00571307
12138,42,0.01454140
12139,42,0.00575653
12140,42,0.01922780
12141,42,0.00884271
12142,42,0.00478292
12143,42,0.03019376
12144,42,0.00930717
12145,42,0.00332928
12146,42,0.01830460
12147,42,0.01143438
12148,42,0.01491924
12149,42,0.00992783
12150,42,0.00745750
12151,42,0.01141800
12152,42,0.00763479
12153,42,0.00680985
12154,42,0.00428608
12155,42,0.00376848
12156,42,0.00807304
12157,42,0.00963464
12158,42,0.01128566
12159,42,0.01163198
12160,42,0.00962835
12161,42,0.00503322
12162,42,0.01041155
12163,42,0.01004288
12164,42,0.02899172
12165,42,0.00443855
12166,42,0.00550493
12167,42,0.00678686
12168,42,0.00856305
12169,42,0.06134132
12170,42,0.00452770
12171,42,0.00927073
12172,42,0.00718974
12173,42,0.00741705
12174,42,0.00909293
12175,42,0.00761100
12176,42,0.00694036
12177,42,0.02255012
12178,42,0.01054661
12179,42,0.00827948
12180,42,0.00333580
12181,42,0.00532674
12182,42,0.00799027
12183,42,0.00509271
12184,42,0.00631176
12185,42,0.05232121
12186,42,0.01878201
12187,42,0.01056882
12188,42,0.00765594
12189,42,0.03621181
12190,42,0.01001424
12191,42,0.00780213
12192,42,0.00780846
12193,42,0.01016418
12194,42,0.00998841
12195,42,0.00857009
12196,42,0.00687016
12197,42,0.04584448
12198,42,0.00349312
12199,42,0.00940250
12200,42,0.00783954
12201,42,0.00613636
12202,42,0.00806701
12203,42,0.00576115
12204,42,0.00830888
12205,42,0.00857003
12206,42,0.00661876
12207,42,0.01549871
12208,42,0.03160113
12209,42,0.00717692
12210,42,0.00676082
12211,42,0.02968601
12212,42,0.00422616
12213,42,0.00826833
12214,42,0.01011523
12215,42,0.00799527
12216,42,0.01802491
12217,42,0.00375293
12218,42,0.02532921
12219,42,0.01169436
12220,42,0.00581700
12221,42,0.01022224
12222,42,0.00706055
12223,42,0.03563006
12224,42,0.01370026
12225,42,0.03905183
12226,42,0.00754760
12227,42,0.04381951
12228,42,0.00596621
12229,42,0.01070446
12230,42,0.00478173
12231,42,0.01025768
12232,42,0.01916277
12233,42,0.00863706
12234,42,0.02289981
12235,42,0.00460252
12236,42,0.01198985
12237,42,0.01832614
12238,42,0.07795949
12239,42,0.00804898
12240,42,0.00994095
12241,42,0.00633293
12242,42,0.00699879
12243,42,0.02976060
12244,42,0.01130891
12245,42,0.00492822
12246,42,0.05390464
12247,42,0.00747047
12248,42,0.03608986
12249,42,0.00706188
12250,42,0.00928812
12251,42,0.04815947
12252,42,0.03232418
12253,42,0.00488549
12254,42,0.03713788
12255,42,0.00582561
12256,42,0.01504937
12257,42,0.01399898
12258,42,0.00895502
12259,42,0.00505761
12260,42,0.00569425
12261,42,0.01506445
12262,42,0.00798703
12263,42,0.03539667
12264,42,0.00644606
12265,42,0.00333158
12266,42,0.02366773
12267,42,0.03423734
12268,42,0.01615094
12269,42,0.03209092
12270,42,0.00714017
12271,42,0.02868125
12272,42,0.00607424
12273,42,0.00695304
12274,42,0.00848370
12275,42,0.01048832
12276,42,0.00703739
12277,42,0.00955760
12278,42,0.00695777
12279,42,0.00803708
12280,42,0.02863989
12281,42,0.00772634
12282,42,0.01196452
12283,42,0.00477874
12284,42,0.00587579
12285,42,0.02171708
12286,42,0.00649536
12287,42,0.01069126
12288,42,0.00259144
12289,42,0.02199888
12290,42,0.01039766
12291,42,0.02216605
12292,42,0.00906803
12293,42,0.01740852
12294,42,0.01509835
12295,42,0.01340038
12296,42,0.01164856
12297,42,0.01155437
12298,42,0.01658002
12299,42,0.00568492
12300,42,0.00753102
12301,42,0.00422159
12302,42,0.03145058
12303,42,0.00698784
12304,42,0.00568881
12305,42,0.02308451
12306,42,0.00974886
12307,43,0.01455883
12308,43,0.00712016
12309,43,0.01091712
12310,43,0.00682238
12311,43,0.05326155
12312,43,0.02438925
12313,43,0.00555523
12314,43,0.00589844
12315,43,0.02501201
12316,43,0.03255321
12317,43,0.00384043
12318,43,0.00329380
12319,43,0.01495625
12320,43,0.02093625
12321,43,0.01744762
12322,43,0.00934794
12323,43,0.00698785
12324,43,0.00608202
12325,43,0.03357885
12326,43,0.00438253
12327,43,0.00741307
12328,43,0.00455111
12329,43,0.01258645
12330,43,0.00953313
12331,43,0.02803107
12332,43,0.00768713
12333,43,0.00729428
12334,43,0.01369269
12335,43,0.00688939
12336,43,0.00365585
12337,43,0.00591990
12338,43,0.00853499
12339,43,0.00778962
12340,43,0.00686548
12341,43,0.01223153
12342,43,0.01241489
12343,43,0.00744408
12344,43,0.01072694
12345,43,0.02931718
12346,43,0.00531204
12347,43,0.01603844
12348,43,0.00371296
12349,43,0.01801324
12350,43,0.06129381
12351,43,0.00529419
12352,43,0.07839359
12353,43,0.00904150
12354,43,0.01437596
12355,43,0.00398987
12356,43,0.00742126
12357,43,0.00688740
12358,43,0.00582360
12359,43,0.01024583
12360,43,0.01496275
12361,43,0.00389192
12362,43,0.00710291
12363,43,0.02585270
12364,43,0.00831966
12365,43,0.00868221
12366,43,0.01293692
12367,43,0.00644012
12368,43,0.02558263
12369,43,0.00779728
12370,43,0.00540642
12371,43,0.01783485
12372,43,0.01387861
12373,43,0.00540242
12374,43,0.01203370
12375,43,0.00917548
12376,43,0.00738535
12377,43,0.00769804
12378,43,0.00656067
12379,43,0.00624912
12380,43,0.00878240
12381,43,0.02052766
12382,43,0.02708331
12383,43,0.01327517
12384,43,0.00461729
12385,43,0.00880480
12386,43,0.01204287
12387,43,0.00445382
12388,43,0.00823561
12389,43,0.00664401
12390,43,0.01019789
12391,43,0.01309956
12392,43,0.00423523
12393,43,0.02130300
12394,43,0.02240761
12395,43,0.03381125
12396,43,0.00734478
12397,43,0.00792630
12398,43,0.00941337
12399,43,0.00724869
12400,43,0.00976031
12401,43,0.01915314
12402,43,0.00590152
12403,43,0.00418547
12404,43,0.00820404
12405,43,0.00707498
12406,43,0.00828859
12407,43,0.00577863
12408,43,0.00557495
12409,43,0.01359674
12410,43,0.00709608
12411,43,0.02616411
12412,43,0.07725450
12413,43,0.00532779
12414,43,0.00287127
12415,43,0.01028740
12416,43,0.01022525
12417,43,0.00825360
12418,43,0.03707012
12419,43,0.00628863
12420,43,0.00855343
12421,43,0.04852655
12422,43,0.00903808
12423,43,0.00547391
12424,43,0.01837651
12425,43,0.03202188
12426,43,0.01995847
12427,43,0.00780223
12428,43,0.00399700
12429,43,0.00999674
12430,43,0.00606768
12431,43,0.00496414
12432,43,0.04555854
12433,43,0.00398614
12434,43,0.00585284
12435,43,0.04851388
12436,43,0.01066860
12437,43,0.00656487
12438,43,0.00377984
12439,43,0.01191424
12440,43,0.00992996
12441,43,0.00533066
12442,43,0.00963242
12443,43,0.01427320
12444,43,0.00436257
12445,43,0.02174847
12446,43,0.01617261
12447,43,0.00429920
12448,43,0.02295976
12449,43,0.00980681
12450,43,0.03477417
12451,43,0.06256549
12452,43,0.01441967
12453,43,0.01087652
12454,43,0.01364400
12455,43,0.00457760
12456,43,0.01658384
12457,43,0.01231368
12458,43,0.00516472
12459,43,0.00548152
12460,43,0.00793482
12461,43,0.00805424
12462,43,0.00967493
12463,43,0.01321007
12464,43,0.01092607
12465,43,0.00643426
12466,43,0.00824369
12467,43,0.00940255
12468,43,0.01736329
12469,43,0.00788569
12470,43,0.01677410
12471,43,0.00496026
12472,43,0.00522989
12473,43,0.00718196
12474,43,0.02427296
12475,43,0.01034148
12476,43,0.00689264
12477,43,0.03029794
12478,43,0.00897446
12479,43,0.00824266
12480,43,0.00959237
12481,43,0.00573065
12482,43,0.02461834
12483,43,0.00855692
12484,43,0.00433955
12485,43,0.00875203
12486,43,0.01133174
12487,43,0.01414261
12488,43,0.02598372
12489,43,0.01025878
12490,43,0.00661349
12491,43,0.00916801
12492,43,0.01032871
12493,43,0.01462512
12494,43,0.00765005
12495,43,0.03738565
12496,43,0.00856911
12497,43,0.00914606
12498,43,0.00688509
12499,43,0.00465499
12500,43,0.00886014
12501,43,0.00810086
12502,43,0.01067246
12503,43,0.00842806
12504,43,0.00610926
12505,43,0.01026682
12506,43,0.03375935
12507,43,0.00458920
12508,43,0.00627006
12509,43,0.03598134
12510,43,0.01131861
12511,43,0.00757980
12512,43,0.01032892
12513,43,0.00918850
12514,43,0.01222484
12515,43,0.02180981
12516,43,0.02630632
12517,43,0.01290387
12518,43,0.00415301
12519,43,0.00769531
12520,43,0.04535456
12521,43,0.00770237
12522,43,0.00657897
12523,43,0.00867342
12524,43,0.01870149
12525,43,0.05354522
12526,43,0.01102458
12527,43,0.00473357
12528,43,0.01181129
12529,43,0.01743354
12530,43,0.00698424
12531,43,0.00288924
12532,43,0.00681234
12533,43,0.00412574
12534,43,0.00471761
12535,43,0.02574258
12536,43,0.00700944
12537,43,0.04854820
12538,43,0.00836593
12539,43,0.00814955
12540,43,0.04194757
12541,43,0.01177958
12542,43,0.00581395
12543,43,0.02749456
12544,43,0.00711209
12545,43,0.00631764
12546,43,0.00314863
12547,43,0.01020492
12548,43,0.00891082
12549,43,0.00761910
12550,43,0.00676911
12551,43,0.01211677
12552,43,0.00711889
12553,43,0.00796172
12554,43,0.03292654
12555,43,0.01034795
12556,43,0.00560638
12557,43,0.00957038
12558,43,0.00886288
12559,43,0.00647709
12560,43,0.00570484
12561,43,0.00490978
12562,43,0.00644372
12563,43,0.00868221
12564,43,0.01231085
12565,43,0.00248017
12566,43,0.00954885
12567,43,0.03940533
12568,43,0.01260028
12569,43,0.02620911
12570,43,0.01746857
12571,43,0.00750201
12572,43,0.05940304
12573,43,0.00863993
12574,43,0.00375832
12575,43,0.01271038
12576,43,0.00927372
12577,43,0.01922902
12578,43,0.01705727
12579,43,0.00603834
12580,43,0.00658497
12581,43,0.01325996
12582,43,0.01201295
12583,43,0.01161944
12584,43,0.00844296
12585,43,0.01167185
12586,43,0.00730823
12587,43,0.00542700
12588,43,0.03471005
12589,43,0.03451708
12590,43,0.01819859
12591,43,0.02055166
12592,43,0.02070698
12593,43,0.00535353
12594,43,0.00783527
12595,43,0.03456784
12596,43,0.03746601
12597,43,0.00713872
12598,43,0.00882281
12599,43,0.00900767
12600,44,0.00447521
12601,44,0.01039198
12602,44,0.01037566
12603,44,0.01181788
12604,44,0.01541067
12605,44,0.00919302
12606,44,0.00687666
12607,44,0.00537962
12608,44,0.00459149
12609,44,0.00620808
12610,44,0.01058713
12611,44,0.00783214
12612,44,0.00797343
12613,44,0.00500706
12614,44,0.00751313
12615,44,0.00408556
12616,44,0.00522903
12617,44,0.01766372
12618,44,0.00722464
12619,44,0.00749848
12620,44,0.00888226
12621,44,0.00490228
12622,44,0.00713048
12623,44,0.00468378
12624,44,0.00432779
12625,44,0.01611720
12626,44,0.00579759
12627,44,0.00826908
12628,44,0.01663055
12629,44,0.00785064
12630,44,0.01178524
12631,44,0.03665345
12632,44,0.00681742
12633,44,0.00441508
12634,44,0.00580827
12635,44,0.05760475
12636,44,0.01920133
12637,44,0.03800508
12638,44,0.00977086
12639,44,0.00784688
12640,44,0.00716862
12641,44,0.00332510
12642,44,0.00872064
12643,44,0.03896496
12644,44,0.02061718
12645,44,0.03021784
12646,44,0.00465249
12647,44,0.00857311
12648,44,0.01444841
12649,44,0.01018546
12650,44,0.00377302
12651,44,0.01572189
12652,44,0.01005705
12653,44,0.00739811
12654,44,0.00269485
12655,44,0.01799870
12656,44,0.00683565
12657,44,0.00843250
12658,44,0.00872691
12659,44,0.00834716
12660,44,0.00582711
12661,44,0.00986950
12662,44,0.00572541
12663,44,0.00292827
12664,44,0.02797638
12665,44,0.02170871
12666,44,0.00693621
12667,44,0.00745170
12668,44,0.01562388
12669,44,0.00743825
12670,44,0.01164958
12671,44,0.03257854
12672,44,0.00740872
12673,44,0.00810361
12674,44,0.00925160
12675,44,0.00455655
12676,44,0.00656222
12677,44,0.03070792
12678,44,0.00714922
12679,44,0.00906190
12680,44,0.02589641
12681,44,0.01785502
12682,44,0.00369258
12683,44,0.00696934
12684,44,0.00644359
12685,44,0.00512674
12686,44,0.00721898
12687,44,0.00655442
12688,44,0.00495061
12689,44,0.00809561
12690,44,0.01452274
12691,44,0.00943836
12692,44,0.02802574
12693,44,0.00859250
12694,44,0.00550760
12695,44,0.01657276
12696,44,0.01049715
12697,44,0.00948727
12698,44,0.00501250
12699,44,0.00480942
12700,44,0.03912922
12701,44,0.01017203
12702,44,0.00628119
12703,44,0.00878463
12704,44,0.02257205
12705,44,0.01028504
12706,44,0.01731654
12707,44,0.01335637
12708,44,0.00593649
12709,44,0.00954126
12710,44,0.00602583
12711,44,0.07026976
12712,44,0.00863661
12713,44,0.03044614
12714,44,0.02567229
12715,44,0.01015267
12716,44,0.00878305
12717,44,0.01787829
12718,44,0.02463848
12719,44,0.03427245
12720,44,0.00511989
12721,44,0.01454144
12722,44,0.00589908
12723,44,0.01156907
12724,44,0.00784817
12725,44,0.01859489
12726,44,0.01875860
12727,44,0.06815997
12728,44,0.00504261
12729,44,0.01003988
12730,44,0.00880667
12731,44,0.01236851
12732,44,0.02087999
12733,44,0.00767552
12734,44,0.00546710
12735,44,0.06281446
12736,44,0.01658405
12737,44,0.01056468
12738,44,0.00529860
12739,44,0.03882070
12740,44,0.00980678
12741,44,0.05233129
12742,44,0.01882573
12743,44,0.00736030
12744,44,0.00944989
12745,44,0.00653133
12746,44,0.02102177
12747,44,0.00789560
12748,44,0.00634772
12749,44,0.01687949
12750,44,0.00754403
12751,44,0.00892255
12752,44,0.02140757
12753,44,0.01790670
12754,44,0.00601198
12755,44,0.01618135
12756,44,0.01536208
12757,44,0.04700580
12758,44,0.01331748
12759,44,0.00686398
12760,44,0.03149502
12761,44,0.00778432
12762,44,0.00697424
12763,44,0.01169580
12764,44,0.01100263
12765,44,0.01847992
12766,44,0.02608474
12767,44,0.02944185
12768,44,0.00402683
12769,44,0.00697544
12770,44,0.00864949
12771,44,0.00956079
12772,44,0.00720360
12773,44,0.02938173
12774,44,0.01215037
12775,44,0.02239748
12776,44,0.00873535
12777,44,0.00501797
12778,44,0.00927696
12779,44,0.03445257
12780,44,0.00839928
12781,44,0.03091872
12782,44,0.01203432
12783,44,0.00502785
12784,44,0.01943222
12785,44,0.01901411
12786,44,0.00823597
12787,44,0.00551506
12788,44,0.00431807
12789,44,0.00294980
12790,44,0.00722549
12791,44,0.00918109
12792,44,0.01346565
12793,44,0.00421619
12794,44,0.00749025
12795,44,0.00554298
12796,44,0.01276715
12797,44,0.04222256
12798,44,0.00500071
12799,44,0.00275103
12800,44,0.00779804
12801,44,0.01347512
12802,44,0.00997094
12803,44,0.00621319
12804,44,0.03280374
12805,44,0.01441748
12806,44,0.02964903
12807,44,0.00548032
12808,44,0.02633936
12809,44,0.01049577
12810,44,0.00910274
12811,44,0.03061313
12812,44,0.01209100
12813,44,0.00972474
12814,44,0.00789315
12815,44,0.00561090
12816,44,0.03014135
12817,44,0.01112111
12818,44,0.00448586
12819,44,0.01360580
12820,44,0.00566607
12821,44,0.00606929
12822,44,0.00961351
12823,44,0.01623082
12824,44,0.00822147
12825,44,0.00852993
12826,44,0.00976438
12827,44,0.00690947
12828,44,0.00530179
12829,44,0.00375526
12830,44,0.00941016
12831,44,0.00552035
12832,44,0.00435577
12833,44,0.02287478
12834,44,0.00773646
12835,44,0.00826393
12836,44,0.00683437
12837,44,0.01147133
12838,44,0.01206383
12839,44,0.05664569
12840,44,0.00746750
12841,44,0.01624814
12842,44,0.00553110
12843,44,0.00543414
12844,44,0.00492955
12845,44,0.00577681
12846,44,0.03282408
12847,44,0.00682939
12848,44,0.00880354
12849,44,0.00525055
12850,44,0.01068001
12851,44,0.00802913
12852,44,0.00651156
12853,44,0.00572117
12854,44,0.01166049
12855,44,0.03001982
12856,44,0.01336254
12857,44,0.00655544
12858,44,0.01574696
12859,44,0.01102164
12860,44,0.01940062
12861,44,0.01549925
12862,44,0.01756595
12863,44,0.00648584
12864,44,0.01738914
12865,44,0.01118630
12866,44,0.02272949
12867,44,0.01757014
12868,44,0.06793012
12869,44,0.00668438
12870,44,0.01104723
12871,44,0.01031545
12872,44,0.01070450
12873,44,0.02829119
12874,44,0.00484749
12875,44,0.01056942
12876,44,0.00427761
12877,44,0.02775852
12878,44,0.02629506
12879,44,0.00917850
12880,44,0.00584071
12881,44,0.04870198
12882,44,0.00436914
12883,44,0.01065531
12884,44,0.04369376
12885,44,0.00462534
12886,44,0.00404543
12887,44,0.00585092
12888,44,0.00503884
12889,44,0.00765638
12890,44,0.00862559
12891,44,0.00601008
12892,44,0.00592459
12893,45,0.00809452
12894,45,0.01109892
12895,45,0.00883436
12896,45,0.06771494
12897,45,0.00748397
12898,45,0.00583961
12899,45,0.03986625
12900,45,0.00816298
12901,45,0.02358721
12902,45,0.01185292
12903,45,0.04438468
12904,45,0.00963319
12905,45,0.00608131
12906,45,0.00862172
12907,45,0.01029736
12908,45,0.00740907
12909,45,0.00677643
12910,45,0.00366727
12911,45,0.01121457
12912,45,0.01533834
12913,45,0.00854722
12914,45,0.00539476
12915,45,0.00808476
12916,45,0.00493215
12917,45,0.01530700
12918,45,0.05129092
12919,45,0.00497913
12920,45,0.00990032
12921,45,0.00417295
12922,45,0.02053684
12923,45,0.00906106
12924,45,0.00759653
12925,45,0.00397387
12926,45,0.01440417
12927,45,0.00775631
12928,45,0.01105416
12929,45,0.01419480
12930,45,0.00796614
12931,45,0.00334137
12932,45,0.00541649
12933,45,0.00944794
12934,45,0.00270672
12935,45,0.01183441
12936,45,0.00480894
12937,45,0.00331392
12938,45,0.03589866
12939,45,0.00608438
12940,45,0.00828880
12941,45,0.00642179
12942,45,0.02371522
12943,45,0.02451880
12944,45,0.01236029
12945,45,0.00875220
12946,45,0.00567339
12947,45,0.01004464
12948,45,0.00651423
12949,45,0.02624173
12950,45,0.00401513
12951,45,0.00475649
12952,45,0.02725195
12953,45,0.02894153
12954,45,0.00637370
12955,45,0.01763551
12956,45,0.00627898
12957,45,0.02273682
12958,45,0.01481451
12959,45,0.00613098
12960,45,0.00512872
12961,45,0.00600704
12962,45,0.00560034
12963,45,0.01825164
12964,45,0.00283946
12965,45,0.00909906
12966,45,0.00671299
12967,45,0.01383649
12968,45,0.00375994
12969,45,0.00911529
12970,45,0.00807247
12971,45,0.00867376
12972,45,0.00559268
12973,45,0.03509822
12974,45,0.01214184
12975,45,0.00879456
12976,45,0.00409410
12977,45,0.00870272
12978,45,0.01385203
12979,45,0.02030892
12980,45,0.00459924
12981,45,0.02096166
12982,45,0.01017080
12983,45,0.03222784
12984,45,0.00441656
12985,45,0.02694901
12986,45,0.01100106
12987,45,0.00727820
12988,45,0.01815175
12989,45,0.00761032
12990,45,0.01208019
12991,45,0.00575157
12992,45,0.02332329
12993,45,0.01208539
12994,45,0.00569993
12995,45,0.00379665
12996,45,0.00590106
12997,45,0.00597784
12998,45,0.00584225
12999,45,0.01547480
13000,45,0.00639246
13001,45,0.00898396
13002,45,0.03895991
13003,45,0.00689714
13004,45,0.00676608
13005,45,0.00493539
13006,45,0.00342142
13007,45,0.00607394
13008,45,0.01720074
13009,45,0.00685171
13010,45,0.01487268
13011,45,0.01206169
13012,45,0.00524903
13013,45,0.00616564
13014,45,0.02953292
13015,45,0.01057009
13016,45,0.00678360
13017,45,0.00985931
13018,45,0.00394142
13019,45,0.00847055
13020,45,0.00471187
13021,45,0.03368125
13022,45,0.02436128
13023,45,0.00905148
13024,45,0.00612642
13025,45,0.00898561
13026,45,0.00311401
13027,45,0.00274377
13028,45,0.02229417
13029,45,0.00945316
13030,45,0.00561529
13031,45,0.01789822
13032,45,0.00661883
13033,45,0.00669803
13034,45,0.01278885
13035,45,0.00843476
13036,45,0.02361465
13037,45,0.00939741
13038,45,0.02539246
13039,45,0.00564751
13040,45,0.00416833
13041,45,0.00719631
13042,45,0.01164666
13043,45,0.00650255
13044,45,0.00285132
13045,45,0.04619399
13046,45,0.00565416
13047,45,0.01356354
13048,45,0.00655206
13049,45,0.01365000
13050,45,0.00509117
13051,45,0.05081607
13052,45,0.01640442
13053,45,0.01042378
13054,45,0.02587876
13055,45,0.01858163
13056,45,0.01058940
13057,45,0.01725444
13058,45,0.00531568
13059,45,0.00299563
13060,45,0.01390380
13061,45,0.00779235
13062,45,0.00805638
13063,45,0.02075268
13064,45,0.00838861
13065,45,0.00649850
13066,45,0.00758948
13067,45,0.00708809
13068,45,0.00860619
13069,45,0.00479118
13070,45,0.01001104
13071,45,0.00921761
13072,45,0.01205198
13073,45,0.00550184
13074,45,0.01003118
13075,45,0.00346969
13076,45,0.00756104
13077,45,0.00599793
13078,45,0.00414880
13079,45,0.03496603
13080,45,0.00618613
13081,45,0.00397736
13082,45,0.01578157
13083,45,0.01317551
13084,45,0.05439071
13085,45,0.00971246
13086,45,0.03108411
13087,45,0.00691722
13088,45,0.00452439
13089,45,0.02367246
13090,45,0.04523007
13091,45,0.02107889
13092,45,0.01110129
13093,45,0.01424046
13094,45,0.01559408
13095,45,0.00936520
13096,45,0.01569471
13097,45,0.01079681
13098,45,0.04552808
13099,45,0.02190799
13100,45,0.01055226
13101,45,0.02145934
13102,45,0.00763761
13103,45,0.01250631
13104,45,0.02172563
13105,45,0.01883477
13106,45,0.00449897
13107,45,0.00704760
13108,45,0.01621961
13109,45,0.00685710
13110,45,0.00771716
13111,45,0.00668543
13112,45,0.01316061
13113,45,0.01911693
13114,45,0.00716541
13115,45,0.00752045
13116,45,0.02880418
13117,45,0.01132546
13118,45,0.00675173
13119,45,0.00502226
13120,45,0.01723988
13121,45,0.00898633
13122,45,0.00987302
13123,45,0.05211866
13124,45,0.01435630
13125,45,0.04321998
13126,45,0.04714794
13127,45,0.01849462
13128,45,0.01866018
13129,45,0.01447711
13130,45,0.02653937
13131,45,0.00784055
13132,45,0.02006714
13133,45,0.01852992
13134,45,0.00513825
13135,45,0.01096385
13136,45,0.01785410
13137,45,0.01156212
13138,45,0.00887467
13139,45,0.00732835
13140,45,0.00561416
13141,45,0.00573158
13142,45,0.01355468
13143,45,0.00702093
13144,45,0.00785060
13145,45,0.00321844
13146,45,0.03431572
13147,45,0.00443491
13148,45,0.01259308
13149,45,0.00907600
13150,45,0.00996388
13151,45,0.00477189
13152,45,0.08004600
13153,45,0.00548842
13154,45,0.00741313
13155,45,0.00704918
13156,45,0.00356474
13157,45,0.04241147
13158,45,0.01456600
13159,45,0.01459125
13160,45,0.01326885
13161,45,0.01136039
13162,45,0.00333515
13163,45,0.00485415
13164,45,0.00511358
13165,45,0.01095864
13166,45,0.00885468
13167,45,0.04591300
13168,45,0.03361048
13169,45,0.00576042
13170,45,0.01342885
13171,45,0.03398456
13172,45,0.03111818
13173,45,0.04781482
13174,45,0.02423318
13175,45,0.01032810
13176,45,0.02124694
13177,45,0.00386395
13178,45,0.00800552
13179,45,0.01639860
13180,45,0.00581879
13181,45,0.00515417
13182,45,0.01475912
13183,45,0.00581745
13184,45,0.00777744
13185,45,0.00497840
13186,46,0.00807072
13187,46,0.01462362
13188,46,0.00923539
13189,46,0.01405354
13190,46,0.00868456
13191,46,0.00771812
13192,46,0.00598807
13193,46,0.00283912
13194,46,0.01952861
13195,46,0.01225660
13196,46,0.00766077
13197,46,0.00992966
13198,46,0.00573773
13199,46,0.00689003
13200,46,0.00548709
13201,46,0.00581740
13202,46,0.00331368
13203,46,0.02096980
13204,46,0.01055034
13205,46,0.00376888
13206,46,0.01783322
13207,46,0.00507235
13208,46,0.00609269
13209,46,0.02486142
13210,46,0.00554116
13211,46,0.00230454
13212,46,0.00812622
13213,46,0.00835370
13214,46,0.00530391
13215,46,0.00716859
13216,46,0.00954487
13217,46,0.00413192
13218,46,0.00714681
13219,46,0.00495294
13220,46,0.04068640
13221,46,0.00771975
13222,46,0.01100280
13223,46,0.02043099
13224,46,0.00436543
13225,46,0.00497498
13226,46,0.00524484
13227,46,0.00320065
13228,46,0.01996685
13229,46,0.00731339
13230,46,0.00704309
13231,46,0.00610771
13232,46,0.00918711
13233,46,0.00374838
13234,46,0.00682536
13235,46,0.01267086
13236,46,0.05101461
13237,46,0.02911284
13238,46,0.00838019
13239,46,0.01567066
13240,46,0.00571681
13241,46,0.02445690
13242,46,0.01556932
13243,46,0.00592981
13244,46,0.00678761
13245,46,0.00740902
13246,46,0.00592980
13247,46,0.00589888
13248,46,0.00691016
13249,46,0.02987719
13250,46,0.01334148
13251,46,0.00961941
13252,46,0.00656892
13253,46,0.00381127
13254,46,0.00497071
13255,46,0.00857776
13256,46,0.01412447
13257,46,0.00540893
13258,46,0.00985412
13259,46,0.00927787
13260,46,0.00333096
13261,46,0.00765919
13262,46,0.03250757
13263,46,0.00646135
13264,46,0.00441563
13265,46,0.00926987
13266,46,0.02052597
13267,46,0.01981786
13268,46,0.01373362
13269,46,0.00613966
13270,46,0.00661389
13271,46,0.00603346
13272,46,0.01083120
13273,46,0.01225080
13274,46,0.00612557
13275,46,0.00780450
13276,46,0.00743090
13277,46,0.00800753
13278,46,0.00566978
13279,46,0.01808541
13280,46,0.00730659
13281,46,0.01449939
13282,46,0.02926343
13283,46,0.02866169
13284,46,0.00468086
13285,46,0.03956516
13286,46,0.01720910
13287,46,0.01693545
13288,46,0.01417978
13289,46,0.00523139
13290,46,0.01133543
13291,46,0.00677425
13292,46,0.01718922
13293,46,0.00760862
13294,46,0.00430826
13295,46,0.01460630
13296,46,0.05359775
13297,46,0.01354523
13298,46,0.00406854
13299,46,0.00945129
13300,46,0.00521289
13301,46,0.00799766
13302,46,0.01857601
13303,46,0.02398979
13304,46,0.00691072
13305,46,0.00797680
13306,46,0.01617567
13307,46,0.00993992
13308,46,0.01158289
13309,46,0.02352900
13310,46,0.01387157
13311,46,0.00401320
13312,46,0.02568766
13313,46,0.01908841
13314,46,0.02339343
13315,46,0.00598830
13316,46,0.01208253
13317,46,0.02496487
13318,46,0.00562400
13319,46,0.02557170
13320,46,0.00784086
13321,46,0.01063870
13322,46,0.01517577
13323,46,0.00914035
13324,46,0.00466384
13325,46,0.00755182
13326,46,0.01592886
13327,46,0.00719721
13328,46,0.00744241
13329,46,0.02967876
13330,46,0.00966059
13331,46,0.00442248
13332,46,0.00949025
13333,46,0.00650578
13334,46,0.00870549
13335,46,0.00432916
13336,46,0.04334350
13337,46,0.00409294
13338,46,0.00728065
13339,46,0.00636384
13340,46,0.00547126
13341,46,0.00994897
13342,46,0.00652101
13343,46,0.00528332
13344,46,0.00591386
13345,46,0.00620589
13346,46,0.00723718
13347,46,0.00336607
13348,46,0.01681738
13349,46,0.02246349
13350,46,0.00783180
13351,46,0.02224461
13352,46,0.00783641
13353,46,0.00806617
13354,46,0.00888533
13355,46,0.03968110
13356,46,0.00557380
13357,46,0.00477970
13358,46,0.02042270
13359,46,0.00860143
13360,46,0.00682769
13361,46,0.01008627
13362,46,0.03414588
13363,46,0.02531170
13364,46,0.01763331
13365,46,0.02253662
13366,46,0.00556455
13367,46,0.00750847
13368,46,0.00429562
13369,46,0.00288961
13370,46,0.00386040
13371,46,0.00831786
13372,46,0.00659371
13373,46,0.01051102
13374,46,0.07097754
13375,46,0.00570954
13376,46,0.01206829
13377,46,0.00673759
13378,46,0.03155993
13379,46,0.01565416
13380,46,0.01569480
13381,46,0.00794532
13382,46,0.00473569
13383,46,0.02240310
13384,46,0.01531211
13385,46,0.00586721
13386,46,0.03468340
13387,46,0.00590625
13388,46,0.02720666
13389,46,0.01025792
13390,46,0.01014808
13391,46,0.01157058
13392,46,0.00570689
13393,46,0.00829504
13394,46,0.01362839
13395,46,0.00601842
13396,46,0.00655811
13397,46,0.00494160
13398,46,0.00710075
13399,46,0.05118594
13400,46,0.04818076
13401,46,0.01636954
13402,46,0.00836692
13403,46,0.06437042
13404,46,0.00896047
13405,46,0.00533567
13406,46,0.00716376
13407,46,0.01497849
13408,46,0.01293405
13409,46,0.02579834
13410,46,0.04053848
13411,46,0.00662201
13412,46,0.00737308
13413,46,0.01981199
13414,46,0.01489677
13415,46,0.01676035
13416,46,0.03258016
13417,46,0.01086920
13418,46,0.00794185
13419,46,0.00838277
13420,46,0.03659276
13421,46,0.02343673
13422,46,0.00394520
13423,46,0.01178962
13424,46,0.01508365
13425,46,0.01495407
13426,46,0.00959350
13427,46,0.02039940
13428,46,0.00966972
13429,46,0.01043650
13430,46,0.01619524
13431,46,0.01832585
13432,46,0.00635418
13433,46,0.00800113
13434,46,0.00578587
13435,46,0.01254464
13436,46,0.00770050
13437,46,0.00829880
13438,46,0.00524918
13439,46,0.03030814
13440,46,0.00877813
13441,46,0.03261572
13442,46,0.00975561
13443,46,0.00827122
13444,46,0.01964242
13445,46,0.02933643
13446,46,0.02568897
13447,46,0.00735405
13448,46,0.02313316
13449,46,0.00705141
13450,46,0.01778048
13451,46,0.01136475
13452,46,0.00820197
13453,46,0.00584821
13454,46,0.01185342
13455,46,0.01355787
13456,46,0.00689088
13457,46,0.01588640
13458,46,0.01336860
13459,46,0.03231527
13460,46,0.00559982
13461,46,0.00346367
13462,46,0.00635157
13463,46,0.02342821
13464,46,0.00979473
13465,46,0.00418406
13466,46,0.00535549
13467,46,0.00754501
13468,46,0.00592770
13469,46,0.00325965
13470,46,0.00443653
13471,46,0.01527045
13472,46,0.00389055
13473,46,0.00564780
13474,46,0.01580562
13475,46,0.00768435
13476,46,0.00504297
13477,46,0.04016018
13478,46,0.02774013
13479,47,0.01082949
13480,47,0.01241567
13481,47,0.00664409
13482,47,0.00759659
13483,47,0.00691555
13484,47,0.01336031
13485,47,0.07108758
13486,47,0.00944655
13487,47,0.01651804
13488,47,0.02044073
13489,47,0.00584894
13490,47,0.01164973
13491,47,0.04264544
13492,47,0.00749789
13493,47,0.00944083
13494,47,0.03441023
13495,47,0.00382273
13496,47,0.00333007
13497,47,0.00642316
13498,47,0.00497252
13499,47,0.01248263
13500,47,0.00755649
13501,47,0.00770438
13502,47,0.00738875
13503,47,0.00546133
13504,47,0.00325706
13505,47,0.00461599
13506,47,0.01195308
13507,47,0.04132391
13508,47,0.01531085
13509,47,0.00461017
13510,47,0.02010879
13511,47,0.00493647
13512,47,0.00741942
13513,47,0.00397938
13514,47,0.00820962
13515,47,0.00805116
13516,47,0.03214959
13517,47,0.00766918
13518,47,0.00585791
13519,47,0.00747588
13520,47,0.00832470
13521,47,0.00851488
13522,47,0.04558995
13523,47,0.02181934
13524,47,0.00952684
13525,47,0.00679044
13526,47,0.00610411
13527,47,0.01782121
13528,47,0.01124892
13529,47,0.00488152
13530,47,0.01848960
13531,47,0.00975202
13532,47,0.00322523
13533,47,0.00927758
13534,47,0.00482243
13535,47,0.00527546
13536,47,0.00656843
13537,47,0.04613438
13538,47,0.01273133
13539,47,0.01456533
13540,47,0.00538072
13541,47,0.02903357
13542,47,0.00782785
13543,47,0.00670707
13544,47,0.01947629
13545,47,0.00622105
13546,47,0.00590882
13547,47,0.00859485
13548,47,0.00626175
13549,47,0.01310221
13550,47,0.01389100
13551,47,0.00656524
13552,47,0.03225900
13553,47,0.01194455
13554,47,0.01270368
13555,47,0.00605120
13556,47,0.00847468
13557,47,0.00786010
13558,47,0.02343067
13559,47,0.03644352
13560,47,0.02618150
13561,47,0.00995564
13562,47,0.00524336
13563,47,0.00922093
13564,47,0.00811936
13565,47,0.03939251
13566,47,0.00555091
13567,47,0.00619749
13568,47,0.01559673
13569,47,0.00479641
13570,47,0.00660389
13571,47,0.01579976
13572,47,0.00826134
13573,47,0.00796634
13574,47,0.01174208
13575,47,0.00498598
13576,47,0.03294791
13577,47,0.03112343
13578,47,0.00550782
13579,47,0.00395701
13580,47,0.00646387
13581,47,0.00214219
13582,47,0.00496114
13583,47,0.01634651
13584,47,0.00357845
13585,47,0.00235772
13586,47,0.00836915
13587,47,0.09156332
13588,47,0.00610479
13589,47,0.07104172
13590,47,0.00898825
13591,47,0.00629525
13592,47,0.00649179
13593,47,0.00863787
13594,47,0.00810894
13595,47,0.00564984
13596,47,0.00377894
13597,47,0.02620306
13598,47,0.00447860
13599,47,0.00510673
13600,47,0.03089037
13601,47,0.02519329
13602,47,0.03539837
13603,47,0.00713767
13604,47,0.01585475
13605,47,0.00554426
13606,47,0.00542401
13607,47,0.00739896
13608,47,0.00719711
13609,47,0.01201326
13610,47,0.01433597
13611,47,0.00547693
13612,47,0.01525498
13613,47,0.01396636
13614,47,0.00918719
13615,47,0.00614252
13616,47,0.01494579
13617,47,0.00400513
13618,47,0.00846917
13619,47,0.00499232
13620,47,0.01447071
13621,47,0.02040785
13622,47,0.02378804
13623,47,0.02054250
13624,47,0.00902572
13625,47,0.01444515
13626,47,0.00582043
13627,47,0.00616281
13628,47,0.01680292
13629,47,0.00841610
13630,47,0.00733182
13631,47,0.00609393
13632,47,0.03337112
13633,47,0.00474027
13634,47,0.01023265
13635,47,0.01047823
13636,47,0.01644439
13637,47,0.00551147
13638,47,0.03420207
13639,47,0.00630453
13640,47,0.00677465
13641,47,0.00671840
13642,47,0.02410290
13643,47,0.01520535
13644,47,0.02372489
13645,47,0.00479908
13646,47,0.00842278
13647,47,0.00534701
13648,47,0.01612300
13649,47,0.00805092
13650,47,0.02452289
13651,47,0.00247476
13652,47,0.01910347
13653,47,0.00451119
13654,47,0.01073844
13655,47,0.00477300
13656,47,0.00942276
13657,47,0.01280240
13658,47,0.00529678
13659,47,0.01146659
13660,47,0.00663759
13661,47,0.00727572
13662,47,0.01036643
13663,47,0.00579361
13664,47,0.01436387
13665,47,0.01716751
13666,47,0.01114791
13667,47,0.00776024
13668,47,0.00995783
13669,47,0.00691275
13670,47,0.00824445
13671,47,0.01336743
13672,47,0.01003517
13673,47,0.00955804
13674,47,0.00331387
13675,47,0.00646621
13676,47,0.06867137
13677,47,0.00622291
13678,47,0.00877962
13679,47,0.03444701
13680,47,0.00911801
13681,47,0.00494669
13682,47,0.01894276
13683,47,0.03116628
13684,47,0.00255852
13685,47,0.00282788
13686,47,0.00891642
13687,47,0.01016142
13688,47,0.03189889
13689,47,0.01101549
13690,47,0.01091383
13691,47,0.00752166
13692,47,0.00960580
13693,47,0.00730044
13694,47,0.00993470
13695,47,0.01036100
13696,47,0.00836320
13697,47,0.00593572
13698,47,0.03229537
13699,47,0.00959993
13700,47,0.02885862
13701,47,0.02211615
13702,47,0.04808641
13703,47,0.00714095
13704,47,0.00662056
13705,47,0.00480218
13706,47,0.01600150
13707,47,0.00521492
13708,47,0.00999851
13709,47,0.02392088
13710,47,0.01842457
13711,47,0.00656170
13712,47,0.00319436
13713,47,0.01434813
13714,47,0.00505152
13715,47,0.01576841
13716,47,0.01231932
13717,47,0.00651592
13718,47,0.00998391
13719,47,0.01062869
13720,47,0.00647737
13721,47,0.00594609
13722,47,0.00605905
13723,47,0.00565317
13724,47,0.01676101
13725,47,0.01222473
13726,47,0.00887227
13727,47,0.03705777
13728,47,0.00860782
13729,47,0.01245783
13730,47,0.02677603
13731,47,0.02428592
13732,47,0.00419642
13733,47,0.03150240
13734,47,0.01538124
13735,47,0.00768877
13736,47,0.00557133
13737,47,0.01042332
13738,47,0.01124841
13739,47,0.01934868
13740,47,0.03061793
13741,47,0.05325792
13742,47,0.00582086
13743,47,0.00798962
13744,47,0.00760506
13745,47,0.00533496
13746,47,0.00713075
13747,47,0.05270252
13748,47,0.04099389
13749,47,0.01730436
13750,47,0.00885087
13751,47,0.00974076
13752,47,0.01472261
13753,47,0.05363799
13754,47,0.02030722
13755,47,0.01120431
13756,47,0.01249463
13757,47,0.00269002
13758,47,0.01027330
13759,47,0.02070718
13760,47,0.00913854
13761,47,0.00668345
13762,47,0.00732860
13763,47,0.01014352
13764,47,0.00854633
13765,47,0.01731193
13766,47,0.00426221
13767,47,0.01010328
13768,47,0.00794635
13769,47,0.01251954
13770,47,0.01634145
13771,47,0.00785534
13772,48,0.01090119
13773,48,0.01069224
13774,48,0.02421400
13775,48,0.00554902
13776,48,0.00870350
13777,48,0.01622121
13778,48,0.01581822
13779,48,0.00413005
13780,48,0.02076484
13781,48,0.01002325
13782,48,0.00625956
13783,48,0.00654381
13784,48,0.00490553
13785,48,0.01500017
13786,48,0.00500776
13787,48,0.01858470
13788,48,0.00406651
13789,48,0.00319102
13790,48,0.00806157
13791,48,0.00338246
13792,48,0.01278872
13793,48,0.00654298
13794,48,0.03284803
13795,48,0.01031133
13796,48,0.00607060
13797,48,0.00604048
13798,48,0.00558230
13799,48,0.00316254
13800,48,0.00573284
13801,48,0.00741690
13802,48,0.00517274
13803,48,0.00586816
13804,48,0.00906469
13805,48,0.00418587
13806,48,0.00721321
13807,48,0.05132690
13808,48,0.00720807
13809,48,0.01683300
13810,48,0.01209891
13811,48,0.02397125
13812,48,0.00422073
13813,48,0.01980576
13814,48,0.00383147
13815,48,0.03757315
13816,48,0.00528156
13817,48,0.00393019
13818,48,0.01052074
13819,48,0.00850946
13820,48,0.00623208
13821,48,0.01202692
13822,48,0.00570181
13823,48,0.03709786
13824,48,0.01606387
13825,48,0.01127145
13826,48,0.01022230
13827,48,0.00229577
13828,48,0.00495420
13829,48,0.01264201
13830,48,0.01565038
13831,48,0.00890764
13832,48,0.00457287
13833,48,0.00596500
13834,48,0.03551103
13835,48,0.00870363
13836,48,0.03837999
13837,48,0.02268785
13838,48,0.01950003
13839,48,0.04405525
13840,48,0.00540694
13841,48,0.00993870
13842,48,0.01330802
13843,48,0.00931509
13844,48,0.00595258
13845,48,0.01226879
13846,48,0.00896923
13847,48,0.01032929
13848,48,0.00476668
13849,48,0.01330178
13850,48,0.00722893
13851,48,0.00730434
13852,48,0.02090725
13853,48,0.01137146
13854,48,0.01706314
13855,48,0.00662985
13856,48,0.03431176
13857,48,0.00429948
13858,48,0.00567416
13859,48,0.00528037
13860,48,0.02557889
13861,48,0.00942050
13862,48,0.00496527
13863,48,0.00515214
13864,48,0.00417560
13865,48,0.00623874
13866,48,0.00471819
13867,48,0.04133302
13868,48,0.00931547
13869,48,0.00887132
13870,48,0.00924170
13871,48,0.00602441
13872,48,0.00975048
13873,48,0.00536830
13874,48,0.01724620
13875,48,0.01194387
13876,48,0.00896314
13877,48,0.00687221
13878,48,0.01377234
13879,48,0.00436467
13880,48,0.00654043
13881,48,0.00467621
13882,48,0.00571537
13883,48,0.00561502
13884,48,0.01212527
13885,48,0.03127699
13886,48,0.00492749
13887,48,0.00872324
13888,48,0.00895386
13889,48,0.00939438
13890,48,0.00355615
13891,48,0.01128930
13892,48,0.01062179
13893,48,0.00845796
13894,48,0.01489469
13895,48,0.03015023
13896,48,0.01615019
13897,48,0.00625429
13898,48,0.03578362
13899,48,0.00710794
13900,48,0.01174531
13901,48,0.05957782
13902,48,0.00715560
13903,48,0.00915714
13904,48,0.00653349
13905,48,0.04163107
13906,48,0.00595918
13907,48,0.00733959
13908,48,0.01414932
13909,48,0.00342713
13910,48,0.01088480
13911,48,0.00618892
13912,48,0.01727688
13913,48,0.02576816
13914,48,0.00581059
13915,48,0.02396332
13916,48,0.01349291
13917,48,0.00598861
13918,48,0.00698584
13919,48,0.00820051
13920,48,0.00674093
13921,48,0.00799691
13922,48,0.00729646
13923,48,0.00385142
13924,48,0.01267443
13925,48,0.00774379
13926,48,0.01276968
13927,48,0.00420624
13928,48,0.00549720
13929,48,0.01030836
13930,48,0.00905696
13931,48,0.02088955
13932,48,0.02497444
13933,48,0.00889231
13934,48,0.00730594
13935,48,0.00902401
13936,48,0.08404787
13937,48,0.00449105
13938,48,0.00367534
13939,48,0.01974942
13940,48,0.00780480
13941,48,0.00415900
13942,48,0.00546347
13943,48,0.00378213
13944,48,0.00738077
13945,48,0.00706023
13946,48,0.00957330
13947,48,0.01207543
13948,48,0.02345931
13949,48,0.00422848
13950,48,0.00673083
13951,48,0.00718069
13952,48,0.00648305
13953,48,0.02764740
13954,48,0.00608057
13955,48,0.03295019
13956,48,0.00361567
13957,48,0.01340994
13958,48,0.01055243
13959,48,0.00432388
13960,48,0.01682943
13961,48,0.00873150
13962,48,0.01160136
13963,48,0.00535341
13964,48,0.00622848
13965,48,0.00715404
13966,48,0.01446697
13967,48,0.00643529
13968,48,0.00513286
13969,48,0.00660872
13970,48,0.00599086
13971,48,0.00775921
13972,48,0.01122325
13973,48,0.00500364
13974,48,0.00643312
13975,48,0.00703852
13976,48,0.00597756
13977,48,0.00314134
13978,48,0.00734059
13979,48,0.00742490
13980,48,0.06706566
13981,48,0.03353103
13982,48,0.01058564
13983,48,0.00544400
13984,48,0.01887180
13985,48,0.02084443
13986,48,0.01167710
13987,48,0.01726706
13988,48,0.00616409
13989,48,0.03673315
13990,48,0.00649858
13991,48,0.00771925
13992,48,0.02758380
13993,48,0.00970367
13994,48,0.00597149
13995,48,0.02017152
13996,48,0.00654129
13997,48,0.01700710
13998,48,0.00802105
13999,48,0.03365201
14000,48,0.00809372
14001,48,0.01096994
14002,48,0.00883790
14003,48,0.00789242
14004,48,0.00506347
14005,48,0.00238603
14006,48,0.03108202
14007,48,0.00663614
14008,48,0.03464849
14009,48,0.04177111
14010,48,0.01091900
14011,48,0.00881751
14012,48,0.01287108
14013,48,0.00745624
14014,48,0.00590261
14015,48,0.00646898
14016,48,0.00852331
14017,48,0.03255093
14018,48,0.00693681
14019,48,0.11557177
14020,48,0.00427513
14021,48,0.02899129
14022,48,0.00618744
14023,48,0.00561719
14024,48,0.00594099
14025,48,0.00857530
14026,48,0.00290104
14027,48,0.01656125
14028,48,0.00919368
14029,48,0.02421956
14030,48,0.00701056
14031,48,0.01167677
14032,48,0.00696591
14033,48,0.01597627
14034,48,0.00792587
14035,48,0.00776824
14036,48,0.00665594
14037,48,0.02753527
14038,48,0.00462985
14039,48,0.01253685
14040,48,0.00624214
14041,48,0.01006839
14042,48,0.02039690
14043,48,0.00317935
14044,48,0.00624263
14045,48,0.02123506
14046,48,0.00805118
14047,48,0.00597939
14048,48,0.04555906
14049,48,0.02245574
14050,48,0.00335470
14051,48,0.00523283
14052,48,0.02892892
14053,48,0.02495002
14054,48,0.03993994
14055,48,0.00681778
14056,48,0.01288404
14057,48,0.00992100
14058,48,0.00557762
14059,48,0.00342092
14060,48,0.03135008
14061,48,0.00386355
14062,48,0.01022708
14063,48,0.00585940
14064,48,0.00655681
14065,49,0.00915576
14066,49,0.00482676
14067,49,0.00650183
14068,49,0.00671787
14069,49,0.02235312
14070,49,0.04426238
14071,49,0.00568745
14072,49,0.02254909
14073,49,0.01209902
14074,49,0.00951021
14075,49,0.00799395
14076,49,0.02539951
14077,49,0.01253684
14078,49,0.00679626
14079,49,0.00885367
14080,49,0.00693135
14081,49,0.01696539
14082,49,0.00328290
14083,49,0.00904802
14084,49,0.00463805
14085,49,0.02645621
14086,49,0.01276836
14087,49,0.00709452
14088,49,0.00752005
14089,49,0.00499757
14090,49,0.00579239
14091,49,0.00733958
14092,49,0.01109631
14093,49,0.01220475
14094,49,0.00588370
14095,49,0.01915998
14096,49,0.00635362
14097,49,0.00921855
14098,49,0.00602566
14099,49,0.01032356
14100,49,0.00711143
14101,49,0.00483294
14102,49,0.01019905
14103,49,0.00725798
14104,49,0.00716944
14105,49,0.02066525
14106,49,0.00656285
14107,49,0.00559216
14108,49,0.00571593
14109,49,0.05736160
14110,49,0.00756382
14111,49,0.01178038
14112,49,0.01560482
14113,49,0.02931189
14114,49,0.00458369
14115,49,0.01051883
14116,49,0.01021855
14117,49,0.00880910
14118,49,0.00509907
14119,49,0.01655911
14120,49,0.01569700
14121,49,0.01216068
14122,49,0.01201088
14123,49,0.02142335
14124,49,0.00727777
14125,49,0.00994677
14126,49,0.01260548
14127,49,0.01891508
14128,49,0.00787131
14129,49,0.00571849
14130,49,0.01537069
14131,49,0.01138262
14132,49,0.00660173
14133,49,0.00807652
14134,49,0.00491900
14135,49,0.00462044
14136,49,0.00863529
14137,49,0.01811802
14138,49,0.00313097
14139,49,0.00892651
14140,49,0.00714584
14141,49,0.02469529
14142,49,0.00942862
14143,49,0.01515508
14144,49,0.00389803
14145,49,0.00579367
14146,49,0.00806489
14147,49,0.01089163
14148,49,0.00749249
14149,49,0.01051627
14150,49,0.00803510
14151,49,0.01009377
14152,49,0.00422150
14153,49,0.00688971
14154,49,0.00596549
14155,49,0.00673470
14156,49,0.06137396
14157,49,0.00559866
14158,49,0.00773919
14159,49,0.01563228
14160,49,0.02327313
14161,49,0.00402958
14162,49,0.00506953
14163,49,0.00593430
14164,49,0.00559914
14165,49,0.00798075
14166,49,0.00467363
14167,49,0.00648303
14168,49,0.00933089
14169,49,0.00611018
14170,49,0.00812145
14171,49,0.03460526
14172,49,0.02754429
14173,49,0.03164217
14174,49,0.01430595
14175,49,0.01011898
14176,49,0.00488529
14177,49,0.00288300
14178,49,0.00526949
14179,49,0.00895053
14180,49,0.00936214
14181,49,0.00460950
14182,49,0.00725584
14183,49,0.01014189
14184,49,0.01586728
14185,49,0.00925242
14186,49,0.00711604
14187,49,0.00365998
14188,49,0.03981740
14189,49,0.03995988
14190,49,0.01242191
14191,49,0.00801222
14192,49,0.01001548
14193,49,0.00561526
14194,49,0.00853578
14195,49,0.01216799
14196,49,0.02405631
14197,49,0.00711460
14198,49,0.00490938
14199,49,0.00708325
14200,49,0.00207574
14201,49,0.00896729
14202,49,0.01877101
14203,49,0.00753738
14204,49,0.00772027
14205,49,0.01821312
14206,49,0.00299942
14207,49,0.00998683
14208,49,0.02082304
14209,49,0.01443574
14210,49,0.00436818
14211,49,0.00626227
14212,49,0.00795226
14213,49,0.00901477
14214,49,0.02428197
14215,49,0.01441260
14216,49,0.00890564
14217,49,0.00822699
14218,49,0.03533781
14219,49,0.00400046
14220,49,0.00498183
14221,49,0.01234537
14222,49,0.00743029
14223,49,0.03812966
14224,49,0.00960810
14225,49,0.01451240
14226,49,0.00591684
14227,49,0.00540541
14228,49,0.01028619
14229,49,0.01540298
14230,49,0.00775837
14231,49,0.00448363
14232,49,0.00768659
14233,49,0.02021619
14234,49,0.01032191
14235,49,0.00544851
14236,49,0.00674688
14237,49,0.01086325
14238,49,0.01586356
14239,49,0.00760987
14240,49,0.00649849
14241,49,0.00923036
14242,49,0.01825185
14243,49,0.00524895
14244,49,0.01095027
14245,49,0.03858168
14246,49,0.01410025
14247,49,0.01463764
14248,49,0.02868678
14249,49,0.00968497
14250,49,0.01097656
14251,49,0.00573297
14252,49,0.15506895
14253,49,0.00488366
14254,49,0.00836723
14255,49,0.00597123
14256,49,0.00821253
14257,49,0.00635471
14258,49,0.00747154
14259,49,0.00368783
14260,49,0.00876685
14261,49,0.01138019
14262,49,0.00348864
14263,49,0.00822053
14264,49,0.00786776
14265,49,0.02070476
14266,49,0.00484086
14267,49,0.00579379
14268,49,0.01334928
14269,49,0.03856891
14270,49,0.02948720
14271,49,0.00297294
14272,49,0.01718693
14273,49,0.01410850
14274,49,0.01442316
14275,49,0.01340937
14276,49,0.00968410
14277,49,0.00442592
14278,49,0.01102927
14279,49,0.01161527
14280,49,0.02026112
14281,49,0.02446434
14282,49,0.02597520
14283,49,0.00641542
14284,49,0.01993806
14285,49,0.01154829
14286,49,0.02371531
14287,49,0.01312135
14288,49,0.00504657
14289,49,0.00253854
14290,49,0.00615304
14291,49,0.00845706
14292,49,0.01047608
14293,49,0.00405164
14294,49,0.00449414
14295,49,0.00366138
14296,49,0.00748391
14297,49,0.04904229
14298,49,0.00508341
14299,49,0.00769799
14300,49,0.00874028
14301,49,0.00680693
14302,49,0.00805525
14303,49,0.00700498
14304,49,0.00427779
14305,49,0.00846742
14306,49,0.00996535
14307,49,0.01308206
14308,49,0.00827048
14309,49,0.02511489
14310,49,0.00844149
14311,49,0.00342177
14312,49,0.00763352
14313,49,0.00785027
14314,49,0.00990379
14315,49,0.00560417
14316,49,0.00606653
14317,49,0.00652849
14318,49,0.00608066
14319,49,0.02725261
14320,49,0.00611000
14321,49,0.04534468
14322,49,0.02228602
14323,49,0.01413774
14324,49,0.00651225
14325,49,0.01429588
14326,49,0.00729053
14327,49,0.02188802
14328,49,0.00960207
14329,49,0.00532510
14330,49,0.04813088
14331,49,0.01087755
14332,49,0.01099982
14333,49,0.04755430
14334,49,0.00938280
14335,49,0.00588398
14336,49,0.00765458
14337,49,0.00653276
14338,49,0.03005482
14339,49,0.01240718
14340,49,0.02957889
14341,49,0.01160936
14342,49,0.02702637
14343,49,0.00672320
14344,49,0.01081912
14345,49,0.00600950
14346,49,0.00907624
14347,49,0.00842280
14348,49,0.00690790
14349,49,0.00535960
14350,49,0.01034597
14351,49,0.00816603
14352,49,0.00532457
14353,49,0.04008466
14354,49,0.01186554
14355,49,0.00689080
14356,49,0.02157194
14357,49,0.01089710
14358,50,0.01308359
14359,50,0.00633544
14360,50,0.00398135
14361,50,0.04922595
14362,50,0.00499856
14363,50,0.01573845
14364,50,0.00313571
14365,50,0.00485585
14366,50,0.00723136
14367,50,0.00806255
14368,50,0.03116311
14369,50,0.03018478
14370,50,0.00780010
14371,50,0.01142391
14372,50,0.01160651
14373,50,0.05288468
14374,50,0.00802818
14375,50,0.00458036
14376,50,0.01020243
14377,50,0.01330688
14378,50,0.00369392
14379,50,0.03127491
14380,50,0.00560473
14381,50,0.00598103
14382,50,0.00652687
14383,50,0.00576757
14384,50,0.00917465
14385,50,0.00217307
14386,50,0.00483414
14387,50,0.00603370
14388,50,0.09057140
14389,50,0.02691941
14390,50,0.00590300
14391,50,0.00414967
14392,50,0.01916368
14393,50,0.01725484
14394,50,0.00426299
14395,50,0.00614200
14396,50,0.00933390
14397,50,0.01786281
14398,50,0.01358429
14399,50,0.01698897
14400,50,0.00857482
14401,50,0.00884128
14402,50,0.00491629
14403,50,0.00410182
14404,50,0.02064566
14405,50,0.02453008
14406,50,0.00386071
14407,50,0.00553698
14408,50,0.00967245
14409,50,0.00551624
14410,50,0.01537534
14411,50,0.00614713
14412,50,0.00771340
14413,50,0.00659989
14414,50,0.02759142
14415,50,0.01096809
14416,50,0.00650135
14417,50,0.02980037
14418,50,0.00995517
14419,50,0.03715141
14420,50,0.01639335
14421,50,0.03085960
14422,50,0.00522216
14423,50,0.03184052
14424,50,0.02586065
14425,50,0.01431570
14426,50,0.00975645
14427,50,0.00539222
14428,50,0.00446197
14429,50,0.00712327
14430,50,0.01279715
14431,50,0.00582635
14432,50,0.03307379
14433,50,0.01826996
14434,50,0.00283831
14435,50,0.01957614
14436,50,0.01461251
14437,50,0.00630484
14438,50,0.00515447
14439,50,0.01803768
14440,50,0.01752257
14441,50,0.00340042
14442,50,0.00355556
14443,50,0.00797737
14444,50,0.01572833
14445,50,0.02127848
14446,50,0.00463957
14447,50,0.00800613
14448,50,0.00461435
14449,50,0.01700843
14450,50,0.01227401
14451,50,0.00910411
14452,50,0.01015935
14453,50,0.00724005
14454,50,0.01707321
14455,50,0.01038458
14456,50,0.00651116
14457,50,0.00900061
14458,50,0.03213544
14459,50,0.00708949
14460,50,0.00841390
14461,50,0.01011181
14462,50,0.00536375
14463,50,0.00590136
14464,50,0.01052383
14465,50,0.00346491
14466,50,0.00590485
14467,50,0.00916214
14468,50,0.00444336
14469,50,0.00418442
14470,50,0.00745736
14471,50,0.01427777
14472,50,0.00925753
14473,50,0.00818047
14474,50,0.00994852
14475,50,0.00882599
14476,50,0.06121520
14477,50,0.01729004
14478,50,0.00476868
14479,50,0.00666924
14480,50,0.00718409
14481,50,0.02118864
14482,50,0.01298036
14483,50,0.01810556
14484,50,0.00596642
14485,50,0.02145286
14486,50,0.01059421
14487,50,0.00900538
14488,50,0.00706416
14489,50,0.00777338
14490,50,0.02578172
14491,50,0.00678958
14492,50,0.00512674
14493,50,0.01382772
14494,50,0.00620117
14495,50,0.00946321
14496,50,0.05229918
14497,50,0.07360575
14498,50,0.00586187
14499,50,0.00661047
14500,50,0.01320227
14501,50,0.01138452
14502,50,0.00401745
14503,50,0.03048811
14504,50,0.01416009
14505,50,0.00608002
14506,50,0.00603224
14507,50,0.00668084
14508,50,0.00975195
14509,50,0.00663765
14510,50,0.01143656
14511,50,0.02410145
14512,50,0.00826203
14513,50,0.01493240
14514,50,0.01042501
14515,50,0.02093305
14516,50,0.00981895
14517,50,0.02002780
14518,50,0.01471458
14519,50,0.01142050
14520,50,0.00488737
14521,50,0.00967449
14522,50,0.01269300
14523,50,0.00557609
14524,50,0.01647334
14525,50,0.00441808
14526,50,0.00671855
14527,50,0.00554451
14528,50,0.00800703
14529,50,0.00711162
14530,50,0.00924993
14531,50,0.01581285
14532,50,0.01005524
14533,50,0.00693660
14534,50,0.01006716
14535,50,0.00518311
14536,50,0.00419865
14537,50,0.00549630
14538,50,0.01445612
14539,50,0.00595094
14540,50,0.00844976
14541,50,0.00967471
14542,50,0.03067056
14543,50,0.00830493
14544,50,0.00444348
14545,50,0.00731043
14546,50,0.03306533
14547,50,0.00423747
14548,50,0.00338496
14549,50,0.00413955
14550,50,0.00462273
14551,50,0.01612979
14552,50,0.00518350
14553,50,0.00361341
14554,50,0.00595375
14555,50,0.01356174
14556,50,0.02516230
14557,50,0.00493606
14558,50,0.00875992
14559,50,0.02121743
14560,50,0.02627067
14561,50,0.00533995
14562,50,0.00679962
14563,50,0.02124058
14564,50,0.00694987
14565,50,0.03569589
14566,50,0.02197595
14567,50,0.01141089
14568,50,0.02790779
14569,50,0.00923458
14570,50,0.02550209
14571,50,0.00469714
14572,50,0.01915187
14573,50,0.00457416
14574,50,0.00531147
14575,50,0.02255650
14576,50,0.00771159
14577,50,0.01226645
14578,50,0.03082691
14579,50,0.00640721
14580,50,0.00976750
14581,50,0.01350566
14582,50,0.02896344
14583,50,0.00942551
14584,50,0.00707831
14585,50,0.01795032
14586,50,0.00914840
14587,50,0.00984665
14588,50,0.00956742
14589,50,0.01693549
14590,50,0.00991833
14591,50,0.01011835
14592,50,0.00568754
14593,50,0.03051274
14594,50,0.02359125
14595,50,0.03072165
14596,50,0.00930071
14597,50,0.00864650
14598,50,0.04784423
14599,50,0.01045786
14600,50,0.01306269
14601,50,0.05512797
14602,50,0.00740517
14603,50,0.00465015
14604,50,0.00969008
14605,50,0.01144385
14606,50,0.01254784
14607,50,0.00690869
14608,50,0.00655651
14609,50,0.00662047
14610,50,0.00556825
14611,50,0.00439429
14612,50,0.01330307
14613,50,0.00611808
14614,50,0.01745005
14615,50,0.00565704
14616,50,0.05193361
14617,50,0.00855167
14618,50,0.02631200
14619,50,0.00509323
14620,50,0.00558359
14621,50,0.01035493
14622,50,0.00850061
14623,50,0.02460017
14624,50,0.00379524
14625,50,0.01573534
14626,50,0.01288451
14627,50,0.01471004
14628,50,0.02164939
14629,50,0.00633021
14630,50,0.03052031
14631,50,0.01922617
14632,50,0.00909607
14633,50,0.00525814
14634,50,0.04130119
14635,50,0.00977334
14636,50,0.00607059
14637,50,0.01657082
14638,50,0.01421845
14639,50,0.01707462
14640,50,0.01123529
14641,50,0.01055370
14642,50,0.01127872
14643,50,0.00468097
14644,50,0.01668355
14645,50,0.00425628
14646,50,0.01519391
14647,50,0.04032753
14648,50,0.01466296
14649,50,0.01062364
14650,50,0.00792005
14651,51,0.00307096
14652,51,0.00808210
14653,51,0.04000900
14654,51,0.01091820
14655,51,0.01006609
14656,51,0.00443751
14657,51,0.00694013
14658,51,0.00738103
14659,51,0.01158665
14660,51,0.02321722
14661,51,0.00664054
14662,51,0.01556672
14663,51,0.01389090
14664,51,0.01894348
14665,51,0.00794298
14666,51,0.02213509
14667,51,0.00229169
14668,51,0.00571292
14669,51,0.00616691
14670,51,0.00547672
14671,51,0.01387902
14672,51,0.00616193
14673,51,0.00577335
14674,51,0.01114735
14675,51,0.03345620
14676,51,0.00628689
14677,51,0.00479470
14678,51,0.04439247
14679,51,0.00694709
14680,51,0.07006488
14681,51,0.00517113
14682,51,0.01083489
14683,51,0.00545833
14684,51,0.00528077
14685,51,0.00708607
14686,51,0.00871762
14687,51,0.01231639
14688,51,0.00883103
14689,51,0.00922000
14690,51,0.00463096
14691,51,0.00594470
14692,51,0.00705485
14693,51,0.00772315
14694,51,0.01923914
14695,51,0.00824517
14696,51,0.02038587
14697,51,0.01426100
14698,51,0.01127329
14699,51,0.00685881
14700,51,0.02745234
14701,51,0.01487176
14702,51,0.02165251
14703,51,0.01203337
14704,51,0.02229887
14705,51,0.01014959
14706,51,0.00279422
14707,51,0.00978871
14708,51,0.00586623
14709,51,0.00518389
14710,51,0.00534873
14711,51,0.00884078
14712,51,0.00822111
14713,51,0.01122981
14714,51,0.00375992
14715,51,0.00566211
14716,51,0.02216517
14717,51,0.00613942
14718,51,0.00506151
14719,51,0.01460552
14720,51,0.02078774
14721,51,0.00559606
14722,51,0.02197317
14723,51,0.00961596
14724,51,0.02668786
14725,51,0.01474321
14726,51,0.00541765
14727,51,0.02655640
14728,51,0.00696416
14729,51,0.00478587
14730,51,0.00680202
14731,51,0.02292785
14732,51,0.00853677
14733,51,0.00761059
14734,51,0.00462260
14735,51,0.00804038
14736,51,0.00547792
14737,51,0.00342847
14738,51,0.01378680
14739,51,0.00888135
14740,51,0.02845294
14741,51,0.00553367
14742,51,0.01469019
14743,51,0.00846718
14744,51,0.01515826
14745,51,0.02997106
14746,51,0.01974492
14747,51,0.00795232
14748,51,0.00551826
14749,51,0.01264653
14750,51,0.00974876
14751,51,0.00733105
14752,51,0.01422824
14753,51,0.00727261
14754,51,0.01491898
14755,51,0.00885578
14756,51,0.00973608
14757,51,0.00825468
14758,51,0.01079158
14759,51,0.00768215
14760,51,0.00568348
14761,51,0.01941141
14762,51,0.00657655
14763,51,0.01506073
14764,51,0.04720874
14765,51,0.00662178
14766,51,0.00802229
14767,51,0.02314864
14768,51,0.00855961
14769,51,0.01026561
14770,51,0.00683219
14771,51,0.01769462
14772,51,0.00349749
14773,51,0.03372520
14774,51,0.00818154
14775,51,0.04141039
14776,51,0.01066792
14777,51,0.03326853
14778,51,0.02964039
14779,51,0.01101558
14780,51,0.05082183
14781,51,0.00581739
14782,51,0.04166327
14783,51,0.00356481
14784,51,0.00595192
14785,51,0.01702710
14786,51,0.00731757
14787,51,0.00337439
14788,51,0.00721812
14789,51,0.01165541
14790,51,0.12562115
14791,51,0.01373830
14792,51,0.00645512
14793,51,0.00729699
14794,51,0.00592777
14795,51,0.00683559
14796,51,0.00727928
14797,51,0.02396603
14798,51,0.00442430
14799,51,0.01524756
14800,51,0.01002123
14801,51,0.02101855
14802,51,0.02662807
14803,51,0.00572655
14804,51,0.00924069
14805,51,0.00711653
14806,51,0.00895418
14807,51,0.00732186
14808,51,0.01612725
14809,51,0.01979707
14810,51,0.01025737
14811,51,0.00914907
14812,51,0.00603822
14813,51,0.00439046
14814,51,0.03122148
14815,51,0.00895729
14816,51,0.00504002
14817,51,0.02298059
14818,51,0.01037319
14819,51,0.05472293
14820,51,0.00601964
14821,51,0.00518041
14822,51,0.00663850
14823,51,0.00714939
14824,51,0.02159072
14825,51,0.00909268
14826,51,0.00489222
14827,51,0.01184230
14828,51,0.00435605
14829,51,0.02226724
14830,51,0.00384193
14831,51,0.01131207
14832,51,0.00850663
14833,51,0.01266307
14834,51,0.01221739
14835,51,0.00937996
14836,51,0.00718306
14837,51,0.00340305
14838,51,0.00957609
14839,51,0.00579318
14840,51,0.01384110
14841,51,0.02230228
14842,51,0.00542576
14843,51,0.00451757
14844,51,0.00551975
14845,51,0.00811392
14846,51,0.01181303
14847,51,0.00536264
14848,51,0.02915176
14849,51,0.04436360
14850,51,0.00872057
14851,51,0.01324492
14852,51,0.00641714
14853,51,0.01298953
14854,51,0.01786228
14855,51,0.00680808
14856,51,0.01261308
14857,51,0.02471608
14858,51,0.00605168
14859,51,0.00685574
14860,51,0.00466709
14861,51,0.00952886
14862,51,0.01214162
14863,51,0.01160077
14864,51,0.00558332
14865,51,0.01485753
14866,51,0.06795003
14867,51,0.01029587
14868,51,0.00644558
14869,51,0.00771518
14870,51,0.02646162
14871,51,0.01137592
14872,51,0.00362168
14873,51,0.01127157
14874,51,0.00740489
14875,51,0.00790568
14876,51,0.04448102
14877,51,0.00718252
14878,51,0.00790382
14879,51,0.00938726
14880,51,0.00675744
14881,51,0.00454181
14882,51,0.05519768
14883,51,0.02022572
14884,51,0.01261821
14885,51,0.03276964
14886,51,0.00446524
14887,51,0.00617046
14888,51,0.00592292
14889,51,0.01289257
14890,51,0.00823995
14891,51,0.00696237
14892,51,0.01539123
14893,51,0.00550811
14894,51,0.03712457
14895,51,0.02449387
14896,51,0.06813908
14897,51,0.00861545
14898,51,0.00638921
14899,51,0.01770726
14900,51,0.00669970
14901,51,0.00681585
14902,51,0.00730737
14903,51,0.00874958
14904,51,0.03706473
14905,51,0.00359077
14906,51,0.00505431
14907,51,0.00838943
14908,51,0.03486117
14909,51,0.01875399
14910,51,0.00571918
14911,51,0.00762075
14912,51,0.01037731
14913,51,0.00356815
14914,51,0.00753917
14915,51,0.00614294
14916,51,0.01531379
14917,51,0.02199104
14918,51,0.00440780
14919,51,0.03516920
14920,51,0.01053374
14921,51,0.00372954
14922,51,0.01149884
14923,51,0.01567402
14924,51,0.00458771
14925,51,0.01129429
14926,51,0.01619343
14927,51,0.00516986
14928,51,0.02951413
14929,51,0.01070604
14930,51,0.01674566
14931,51,0.01287791
14932,51,0.00618997
14933,51,0.00570621
14934,51,0.00979154
14935,51,0.00718030
14936,51,0.00554963
14937,51,0.01391492
14938,51,0.00700853
14939,51,0.00530217
14940,51,0.01814587
14941,51,0.00371617
14942,51,0.00822416
14943,51,0.01428466
14944,52,0.04004225
14945,52,0.00606631
14946,52,0.00777437
14947,52,0.00616019
14948,52,0.00474568
14949,52,0.00445577
14950,52,0.00647738
14951,52,0.01088749
14952,52,0.00907386
14953,52,0.00757053
14954,52,0.01428024
14955,52,0.00460204
14956,52,0.00795273
14957,52,0.06797861
14958,52,0.00474905
14959,52,0.00583150
14960,52,0.01064247
14961,52,0.00587859
14962,52,0.00404104
14963,52,0.00474972
14964,52,0.01026285
14965,52,0.03240272
14966,52,0.04792236
14967,52,0.00768794
14968,52,0.00586026
14969,52,0.01597490
14970,52,0.02732120
14971,52,0.00877543
14972,52,0.02209842
14973,52,0.00423204
14974,52,0.02616365
14975,52,0.00881798
14976,52,0.01394577
14977,52,0.00629981
14978,52,0.00699283
14979,52,0.00520373
14980,52,0.01003822
14981,52,0.01506008
14982,52,0.02672148
14983,52,0.01118846
14984,52,0.02942561
14985,52,0.02641960
14986,52,0.00615490
14987,52,0.00648766
14988,52,0.01542679
14989,52,0.00631667
14990,52,0.00627461
14991,52,0.00245014
14992,52,0.01715613
14993,52,0.00784407
14994,52,0.01723778
14995,52,0.00564871
14996,52,0.00737317
14997,52,0.02302900
14998,52,0.00704756
14999,52,0.00977915
15000,52,0.00524010
15001,52,0.00471684
15002,52,0.00436967
15003,52,0.00552273
15004,52,0.01125897
15005,52,0.01205983
15006,52,0.00695844
15007,52,0.01289129
15008,52,0.03587489
15009,52,0.00739834
15010,52,0.00731931
15011,52,0.00844547
15012,52,0.00808438
15013,52,0.00850031
15014,52,0.00995080
15015,52,0.02686682
15016,52,0.03168024
15017,52,0.00619038
15018,52,0.01750105
15019,52,0.02974363
15020,52,0.00634013
15021,52,0.01542447
15022,52,0.01489920
15023,52,0.00503706
15024,52,0.01978557
15025,52,0.00855292
15026,52,0.01027931
15027,52,0.02540308
15028,52,0.02315019
15029,52,0.01204373
15030,52,0.01455840
15031,52,0.01033102
15032,52,0.01341136
15033,52,0.01129650
15034,52,0.03085402
15035,52,0.03333284
15036,52,0.02844220
15037,52,0.01088793
15038,52,0.00735471
15039,52,0.00769341
15040,52,0.00684282
15041,52,0.02451178
15042,52,0.00842560
15043,52,0.00881474
15044,52,0.02172505
15045,52,0.01231686
15046,52,0.00647864
15047,52,0.00508450
15048,52,0.02651800
15049,52,0.01736039
15050,52,0.00474303
15051,52,0.00787132
15052,52,0.01274091
15053,52,0.02404284
15054,52,0.00542349
15055,52,0.01737292
15056,52,0.00932647
15057,52,0.00708291
15058,52,0.00965307
15059,52,0.00520770
15060,52,0.00976665
15061,52,0.01806434
15062,52,0.00835960
15063,52,0.01273589
15064,52,0.00354308
15065,52,0.01081128
15066,52,0.00466851
15067,52,0.05975075
15068,52,0.01449462
15069,52,0.00960130
15070,52,0.00704831
15071,52,0.02247495
15072,52,0.00361417
15073,52,0.00993813
15074,52,0.00464911
15075,52,0.01009821
15076,52,0.00327628
15077,52,0.01587839
15078,52,0.00398448
15079,52,0.00379556
15080,52,0.02264486
15081,52,0.01018931
15082,52,0.00619866
15083,52,0.00523631
15084,52,0.01540121
15085,52,0.00929323
15086,52,0.00606655
15087,52,0.00444622
15088,52,0.01061149
15089,52,0.01081439
15090,52,0.02444634
15091,52,0.00605510
15092,52,0.00553834
15093,52,0.00562167
15094,52,0.00706219
15095,52,0.00342053
15096,52,0.00557705
15097,52,0.02008892
15098,52,0.00649127
15099,52,0.00339540
15100,52,0.00686630
15101,52,0.00780144
15102,52,0.00577021
15103,52,0.00678782
15104,52,0.02989214
15105,52,0.01772342
15106,52,0.00742187
15107,52,0.00750526
15108,52,0.00672249
15109,52,0.00469912
15110,52,0.00803618
15111,52,0.01280700
15112,52,0.00417066
15113,52,0.01360041
15114,52,0.00465402
15115,52,0.02357645
15116,52,0.00551261
15117,52,0.04634221
15118,52,0.00583938
15119,52,0.00709993
15120,52,0.01640693
15121,52,0.01027541
15122,52,0.01186855
15123,52,0.00872045
15124,52,0.00467845
15125,52,0.00813022
15126,52,0.00491511
15127,52,0.04019023
15128,52,0.01199357
15129,52,0.00927689
15130,52,0.00423938
15131,52,0.03590678
15132,52,0.01295636
15133,52,0.00484650
15134,52,0.00941995
15135,52,0.01865670
15136,52,0.00972409
15137,52,0.00616967
15138,52,0.00938739
15139,52,0.00684589
15140,52,0.00779650
15141,52,0.00485006
15142,52,0.01157076
15143,52,0.00754200
15144,52,0.01209602
15145,52,0.00538093
15146,52,0.00465678
15147,52,0.00433223
15148,52,0.02322226
15149,52,0.00673319
15150,52,0.04325009
15151,52,0.00579918
15152,52,0.00611337
15153,52,0.04105949
15154,52,0.03343440
15155,52,0.00853093
15156,52,0.01215188
15157,52,0.01013603
15158,52,0.01423474
15159,52,0.00744404
15160,52,0.00708371
15161,52,0.03465130
15162,52,0.00805921
15163,52,0.01271292
15164,52,0.01207039
15165,52,0.02826050
15166,52,0.01048419
15167,52,0.00628343
15168,52,0.00262513
15169,52,0.01699448
15170,52,0.00607988
15171,52,0.01430118
15172,52,0.00363596
15173,52,0.00474280
15174,52,0.01736707
15175,52,0.00623679
15176,52,0.03318559
15177,52,0.04293865
15178,52,0.00340090
15179,52,0.01786659
15180,52,0.00721485
15181,52,0.00615157
15182,52,0.00708330
15183,52,0.00516065
15184,52,0.00859224
15185,52,0.00494632
15186,52,0.00409472
15187,52,0.00517376
15188,52,0.02660553
15189,52,0.00727179
15190,52,0.00863154
15191,52,0.03555180
15192,52,0.01683522
15193,52,0.00957411
15194,52,0.05915875
15195,52,0.00527924
15196,52,0.00697538
15197,52,0.01077741
15198,52,0.02335700
15199,52,0.02690396
15200,52,0.01798842
15201,52,0.00800979
15202,52,0.00728611
15203,52,0.00314535
15204,52,0.00330924
15205,52,0.00527440
15206,52,0.00756654
15207,52,0.00774090
15208,52,0.00612290
15209,52,0.00335547
15210,52,0.00725273
15211,52,0.01863886
15212,52,0.00746707
15213,52,0.00690234
15214,52,0.02515120
15215,52,0.01130222
15216,52,0.02459297
15217,52,0.02544617
15218,52,0.00904253
15219,52,0.01381207
15220,52,0.00471151
15221,52,0.02093190
15222,52,0.01315800
15223,52,0.00691184
15224,52,0.00667407
15225,52,0.00955917
15226,52,0.00419492
15227,52,0.01135746
15228,52,0.00918051
15229,52,0.01166139
15230,52,0.00569002
15231,52,0.00695290
15232,52,0.00189265
15233,52,0.02386135
15234,52,0.01011619
15235,52,0.01564589
15236,52,0.01343355
15237,53,0.00527901
15238,53,0.00561660
15239,53,0.02202486
15240,53,0.00262223
15241,53,0.05338635
15242,53,0.00745530
15243,53,0.00650800
15244,53,0.00485903
15245,53,0.02749314
15246,53,0.00784331
15247,53,0.00910111
15248,53,0.01227032
15249,53,0.00521352
15250,53,0.00774852
15251,53,0.00870642
15252,53,0.00238643
15253,53,0.00614788
15254,53,0.01601519
15255,53,0.01703570
15256,53,0.00442217
15257,53,0.00844146
15258,53,0.00486358
15259,53,0.00613706
15260,53,0.00780341
15261,53,0.00438071
15262,53,0.02139062
15263,53,0.00695646
15264,53,0.01096009
15265,53,0.04732621
15266,53,0.00588007
15267,53,0.00593279
15268,53,0.00544035
15269,53,0.01984694
15270,53,0.01435864
15271,53,0.00454564
15272,53,0.00741075
15273,53,0.01422426
15274,53,0.01000743
15275,53,0.00622318
15276,53,0.01029294
15277,53,0.01057098
15278,53,0.01010850
15279,53,0.04836575
15280,53,0.02926589
15281,53,0.00674644
15282,53,0.00476639
15283,53,0.01337661
15284,53,0.00683319
15285,53,0.01540948
15286,53,0.01071135
15287,53,0.00399590
15288,53,0.00482855
15289,53,0.00664604
15290,53,0.00460041
15291,53,0.00733864
15292,53,0.01261147
15293,53,0.00861701
15294,53,0.00536925
15295,53,0.00765770
15296,53,0.00907824
15297,53,0.00517006
15298,53,0.00750878
15299,53,0.00632394
15300,53,0.01274598
15301,53,0.00720964
15302,53,0.01127920
15303,53,0.00804792
15304,53,0.00376733
15305,53,0.01836166
15306,53,0.03400119
15307,53,0.01009057
15308,53,0.00676535
15309,53,0.04019295
15310,53,0.00801677
15311,53,0.00492948
15312,53,0.01410628
15313,53,0.00668002
15314,53,0.09789376
15315,53,0.00742996
15316,53,0.00875972
15317,53,0.02036765
15318,53,0.00551611
15319,53,0.00937024
15320,53,0.00443856
15321,53,0.01333397
15322,53,0.00946528
15323,53,0.00741761
15324,53,0.00897822
15325,53,0.00696321
15326,53,0.00757814
15327,53,0.00666160
15328,53,0.01005028
15329,53,0.00632126
15330,53,0.00871723
15331,53,0.01467928
15332,53,0.00814868
15333,53,0.01583724
15334,53,0.03058198
15335,53,0.00875714
15336,53,0.01053273
15337,53,0.00342926
15338,53,0.00374113
15339,53,0.00828500
15340,53,0.00493077
15341,53,0.01261244
15342,53,0.01041224
15343,53,0.01858625
15344,53,0.00892847
15345,53,0.00651832
15346,53,0.00369146
15347,53,0.00910078
15348,53,0.07904086
15349,53,0.01374287
15350,53,0.00615739
15351,53,0.00936552
15352,53,0.01124477
15353,53,0.01396129
15354,53,0.00665463
15355,53,0.00542326
15356,53,0.00603552
15357,53,0.00980800
15358,53,0.01131731
15359,53,0.00299278
15360,53,0.00839818
15361,53,0.01922665
15362,53,0.02128419
15363,53,0.01593479
15364,53,0.00657844
15365,53,0.00510261
15366,53,0.03708429
15367,53,0.01746253
15368,53,0.02811781
15369,53,0.00690288
15370,53,0.00684869
15371,53,0.01051302
15372,53,0.01524551
15373,53,0.01567864
15374,53,0.01123901
15375,53,0.03061846
15376,53,0.01339459
15377,53,0.01065204
15378,53,0.04300179
15379,53,0.00599009
15380,53,0.01478295
15381,53,0.01031867
15382,53,0.00666750
15383,53,0.00603949
15384,53,0.00636817
15385,53,0.00667397
15386,53,0.00535022
15387,53,0.00924670
15388,53,0.00371047
15389,53,0.02936340
15390,53,0.00615503
15391,53,0.00474276
15392,53,0.00588788
15393,53,0.00503171
15394,53,0.03845267
15395,53,0.00903894
15396,53,0.01834757
15397,53,0.00820918
15398,53,0.01184702
15399,53,0.00917999
15400,53,0.01521453
15401,53,0.02173150
15402,53,0.00819551
15403,53,0.01617588
15404,53,0.00479982
15405,53,0.06683342
15406,53,0.02636203
15407,53,0.00785750
15408,53,0.01144604
15409,53,0.00887189
15410,53,0.00280448
15411,53,0.00649938
15412,53,0.00749953
15413,53,0.02131018
15414,53,0.00546406
15415,53,0.00632760
15416,53,0.00674225
15417,53,0.01372040
15418,53,0.00924073
15419,53,0.00433791
15420,53,0.01300864
15421,53,0.04334401
15422,53,0.00921292
15423,53,0.00386448
15424,53,0.01361650
15425,53,0.01115040
15426,53,0.03662654
15427,53,0.09135211
15428,53,0.01777279
15429,53,0.00834083
15430,53,0.02137250
15431,53,0.01065687
15432,53,0.00788273
15433,53,0.00535342
15434,53,0.00539221
15435,53,0.01654128
15436,53,0.01717038
15437,53,0.00690191
15438,53,0.00813039
15439,53,0.00490100
15440,53,0.00623008
15441,53,0.01043030
15442,53,0.01930517
15443,53,0.01047547
15444,53,0.00257540
15445,53,0.00507618
15446,53,0.01654204
15447,53,0.00922225
15448,53,0.00698180
15449,53,0.04793187
15450,53,0.02532175
15451,53,0.00693219
15452,53,0.00579096
15453,53,0.01916187
15454,53,0.00636352
15455,53,0.00543699
15456,53,0.00587432
15457,53,0.02976599
15458,53,0.00958046
15459,53,0.01370773
15460,53,0.00751712
15461,53,0.00850286
15462,53,0.01583578
15463,53,0.01260642
15464,53,0.00329698
15465,53,0.00540289
15466,53,0.00672649
15467,53,0.08043687
15468,53,0.00577118
15469,53,0.00812084
15470,53,0.00746286
15471,53,0.00451482
15472,53,0.00519519
15473,53,0.01395509
15474,53,0.00676966
15475,53,0.01046859
15476,53,0.01666635
15477,53,0.06848557
15478,53,0.00840521
15479,53,0.01506816
15480,53,0.01127808
15481,53,0.00634796
15482,53,0.00795288
15483,53,0.00358290
15484,53,0.00644166
15485,53,0.01035238
15486,53,0.00704480
15487,53,0.00824592
15488,53,0.01987445
15489,53,0.03647520
15490,53,0.02057921
15491,53,0.00567119
15492,53,0.03888192
15493,53,0.01782163
15494,53,0.01492899
15495,53,0.00593051
15496,53,0.01109600
15497,53,0.01162413
15498,53,0.04325993
15499,53,0.00709461
15500,53,0.00723046
15501,53,0.02418693
15502,53,0.00632095
15503,53,0.01023572
15504,53,0.01834896
15505,53,0.04794165
15506,53,0.01243132
15507,53,0.00616059
15508,53,0.00498606
15509,53,0.01279678
15510,53,0.00664934
15511,53,0.01488063
15512,53,0.00324978
15513,53,0.01736105
15514,53,0.01063593
15515,53,0.00691898
15516,53,0.00661194
15517,53,0.01858406
15518,53,0.01102561
15519,53,0.00519458
15520,53,0.00462619
15521,53,0.05220526
15522,53,0.01444071
15523,53,0.00503993
15524,53,0.01056566
15525,53,0.01159841
15526,53,0.00388097
15527,53,0.00967597
15528,53,0.01225478
15529,53,0.00667037
15530,54,0.00514013
15531,54,0.00279376
15532,54,0.00744268
15533,54,0.00487976
15534,54,0.02053829
15535,54,0.00611605
15536,54,0.00914447
15537,54,0.00664629
15538,54,0.00634332
15539,54,0.04556700
15540,54,0.00781048
15541,54,0.00349036
15542,54,0.01023174
15543,54,0.00784722
15544,54,0.00559559
15545,54,0.01076842
15546,54,0.03211470
15547,54,0.00536735
15548,54,0.01406357
15549,54,0.00902941
15550,54,0.00813246
15551,54,0.00422992
15552,54,0.00420093
15553,54,0.00619805
15554,54,0.00478384
15555,54,0.00610875
15556,54,0.00983982
15557,54,0.00300973
15558,54,0.02095065
15559,54,0.00616457
15560,54,0.00312017
15561,54,0.00776187
15562,54,0.00676088
15563,54,0.03361333
15564,54,0.00926924
15565,54,0.00307293
15566,54,0.01268274
15567,54,0.00894419
15568,54,0.00756239
15569,54,0.00667252
15570,54,0.00794634
15571,54,0.01108629
15572,54,0.00679329
15573,54,0.04879091
15574,54,0.00673559
15575,54,0.00619515
15576,54,0.02523731
15577,54,0.00511971
15578,54,0.02953034
15579,54,0.01749689
15580,54,0.01726330
15581,54,0.01075440
15582,54,0.00916814
15583,54,0.03456510
15584,54,0.01581152
15585,54,0.00330116
15586,54,0.00782834
15587,54,0.00533896
15588,54,0.00959323
15589,54,0.01105153
15590,54,0.00474034
15591,54,0.01060690
15592,54,0.00458491
15593,54,0.00919765
15594,54,0.03067941
15595,54,0.00557989
15596,54,0.00378012
15597,54,0.00665933
15598,54,0.02076294
15599,54,0.00811689
15600,54,0.03084663
15601,54,0.00661668
15602,54,0.01795411
15603,54,0.00507245
15604,54,0.00670994
15605,54,0.01508502
15606,54,0.05274787
15607,54,0.01177082
15608,54,0.00671069
15609,54,0.01592628
15610,54,0.01264868
15611,54,0.01747833
15612,54,0.02322204
15613,54,0.00940220
15614,54,0.00799011
15615,54,0.01179936
15616,54,0.03856821
15617,54,0.00886149
15618,54,0.00523524
15619,54,0.03900678
15620,54,0.00366068
15621,54,0.02458690
15622,54,0.00996349
15623,54,0.00547969
15624,54,0.00764180
15625,54,0.00644938
15626,54,0.02300978
15627,54,0.00344264
15628,54,0.03233836
15629,54,0.00375086
15630,54,0.00829762
15631,54,0.00521663
15632,54,0.02093188
15633,54,0.00643856
15634,54,0.00543601
15635,54,0.02941646
15636,54,0.00381075
15637,54,0.00600611
15638,54,0.01010436
15639,54,0.00578623
15640,54,0.00987771
15641,54,0.00863040
15642,54,0.00698993
15643,54,0.00261743
15644,54,0.04164036
15645,54,0.00421372
15646,54,0.00781782
15647,54,0.00610615
15648,54,0.00385929
15649,54,0.00860029
15650,54,0.01985548
15651,54,0.03471592
15652,54,0.01064163
15653,54,0.00616583
15654,54,0.02825191
15655,54,0.01200992
15656,54,0.02453286
15657,54,0.01460753
15658,54,0.00641091
15659,54,0.05435725
15660,54,0.00568517
15661,54,0.01121996
15662,54,0.04710837
15663,54,0.00917699
15664,54,0.00862037
15665,54,0.01458167
15666,54,0.00754480
15667,54,0.00588342
15668,54,0.00783763
15669,54,0.00434213
15670,54,0.01189135
15671,54,0.01203426
15672,54,0.00413775
15673,54,0.00404306
15674,54,0.00477154
15675,54,0.02039797
15676,54,0.04930145
15677,54,0.01069123
15678,54,0.03049264
15679,54,0.00831999
15680,54,0.01317924
15681,54,0.01001415
15682,54,0.01324555
15683,54,0.01507285
15684,54,0.00772349
15685,54,0.00952298
15686,54,0.00292099
15687,54,0.00886524
15688,54,0.00606736
15689,54,0.00836958
15690,54,0.00373613
15691,54,0.10357821
15692,54,0.00684055
15693,54,0.00608383
15694,54,0.00943454
15695,54,0.02145341
15696,54,0.02280282
15697,54,0.00529056
15698,54,0.01168707
15699,54,0.01046326
15700,54,0.02823313
15701,54,0.00326515
15702,54,0.00462831
15703,54,0.00440281
15704,54,0.05700392
15705,54,0.00819961
15706,54,0.01286482
15707,54,0.00561487
15708,54,0.01683765
15709,54,0.00898741
15710,54,0.01228005
15711,54,0.01378035
15712,54,0.01369858
15713,54,0.00421345
15714,54,0.01762257
15715,54,0.02099337
15716,54,0.01842351
15717,54,0.02441575
15718,54,0.02454192
15719,54,0.00759945
15720,54,0.02080418
15721,54,0.03575143
15722,54,0.00925371
15723,54,0.00908025
15724,54,0.03544833
15725,54,0.02970648
15726,54,0.01613337
15727,54,0.02365285
15728,54,0.02776772
15729,54,0.00488614
15730,54,0.00746582
15731,54,0.00607620
15732,54,0.00856283
15733,54,0.00559709
15734,54,0.02784124
15735,54,0.01072699
15736,54,0.01556914
15737,54,0.00705975
15738,54,0.00786906
15739,54,0.00944383
15740,54,0.04928526
15741,54,0.00595839
15742,54,0.00804503
15743,54,0.00642340
15744,54,0.01097308
15745,54,0.00845471
15746,54,0.01023223
15747,54,0.00356933
15748,54,0.01807556
15749,54,0.00473883
15750,54,0.00985678
15751,54,0.00676808
15752,54,0.01175812
15753,54,0.00698179
15754,54,0.02816838
15755,54,0.02120136
15756,54,0.00882493
15757,54,0.00530578
15758,54,0.01101354
15759,54,0.03049047
15760,54,0.03453457
15761,54,0.02346380
15762,54,0.00395390
15763,54,0.00688743
15764,54,0.01162179
15765,54,0.00485159
15766,54,0.00728379
15767,54,0.00746435
15768,54,0.00953165
15769,54,0.01133402
15770,54,0.00708835
15771,54,0.03185217
15772,54,0.00785945
15773,54,0.01088002
15774,54,0.01024117
15775,54,0.00527069
15776,54,0.01943645
15777,54,0.00576755
15778,54,0.02979547
15779,54,0.01116646
15780,54,0.00698364
15781,54,0.00427318
15782,54,0.01254583
15783,54,0.00634041
15784,54,0.01114930
15785,54,0.03371889
15786,54,0.00592192
15787,54,0.02503684
15788,54,0.00698619
15789,54,0.00416962
15790,54,0.03274441
15791,54,0.01117621
15792,54,0.00653982
15793,54,0.01275947
15794,54,0.00558994
15795,54,0.00566260
15796,54,0.03172927
15797,54,0.01030075
15798,54,0.01022033
15799,54,0.00624739
15800,54,0.02345767
15801,54,0.00467768
15802,54,0.00892371
15803,54,0.00530660
15804,54,0.00497502
15805,54,0.02282091
15806,54,0.00685102
15807,54,0.01353897
15808,54,0.01196069
15809,54,0.00511693
15810,54,0.00631327
15811,54,0.00943827
15812,54,0.01073897
15813,54,0.00381840
15814,54,0.00802615
15815,54,0.00391367
15816,54,0.01369251
15817,54,0.00464968
15818,54,0.00550742
15819,54,0.00920649
15820,54,0.00416494
15821,54,0.00378822
15822,54,0.01324417
15823,55,0.00552436
15824,55,0.00677231
15825,55,0.00840864
15826,55,0.00707306
15827,55,0.00976956
15828,55,0.00769581
15829,55,0.03221463
15830,55,0.00969068
15831,55,0.00360570
15832,55,0.00287561
15833,55,0.01137270
15834,55,0.01551547
15835,55,0.02319930
15836,55,0.02429225
15837,55,0.02538054
15838,55,0.01735865
15839,55,0.02264882
15840,55,0.04309356
15841,55,0.00615552
15842,55,0.01002299
15843,55,0.01419938
15844,55,0.00385597
15845,55,0.04854985
15846,55,0.00911917
15847,55,0.00544893
15848,55,0.01325852
15849,55,0.00515843
15850,55,0.00718713
15851,55,0.01045241
15852,55,0.01423160
15853,55,0.00330185
15854,55,0.02744029
15855,55,0.00717464
15856,55,0.02500557
15857,55,0.03031760
15858,55,0.02022469
15859,55,0.00613048
15860,55,0.03063023
15861,55,0.00789579
15862,55,0.00703829
15863,55,0.03858707
15864,55,0.00905948
15865,55,0.00694742
15866,55,0.01613953
15867,55,0.01302046
15868,55,0.03147696
15869,55,0.00828471
15870,55,0.01776160
15871,55,0.00834272
15872,55,0.05005992
15873,55,0.00474785
15874,55,0.00608810
15875,55,0.02028603
15876,55,0.03695168
15877,55,0.00745867
15878,55,0.01900600
15879,55,0.00920215
15880,55,0.00608755
15881,55,0.03027460
15882,55,0.03780925
15883,55,0.00900019
15884,55,0.00478578
15885,55,0.01140686
15886,55,0.01175173
15887,55,0.01713807
15888,55,0.01802251
15889,55,0.01225386
15890,55,0.00745197
15891,55,0.01172779
15892,55,0.00610716
15893,55,0.00851507
15894,55,0.00766754
15895,55,0.00939785
15896,55,0.00956461
15897,55,0.02032586
15898,55,0.00820139
15899,55,0.01322550
15900,55,0.08541070
15901,55,0.00836602
15902,55,0.00428749
15903,55,0.00986334
15904,55,0.01664580
15905,55,0.02908856
15906,55,0.00945402
15907,55,0.01004848
15908,55,0.01506994
15909,55,0.00857923
15910,55,0.03467448
15911,55,0.00665027
15912,55,0.00597597
15913,55,0.00998552
15914,55,0.00844539
15915,55,0.02347105
15916,55,0.00828413
15917,55,0.00414823
15918,55,0.00348991
15919,55,0.00382957
15920,55,0.00844548
15921,55,0.00901790
15922,55,0.00607309
15923,55,0.00497822
15924,55,0.02173903
15925,55,0.01633490
15926,55,0.00657455
15927,55,0.01522781
15928,55,0.01862598
15929,55,0.01030318
15930,55,0.03600031
15931,55,0.00306369
15932,55,0.00632699
15933,55,0.01987586
15934,55,0.01070290
15935,55,0.01096751
15936,55,0.00638448
15937,55,0.00558890
15938,55,0.01465288
15939,55,0.00784615
15940,55,0.00443703
15941,55,0.01036073
15942,55,0.00844216
15943,55,0.01070441
15944,55,0.01146817
15945,55,0.01173561
15946,55,0.00720845
15947,55,0.01666501
15948,55,0.00632859
15949,55,0.00683876
15950,55,0.00565602
15951,55,0.00601297
15952,55,0.01353862
15953,55,0.00917771
15954,55,0.01048526
15955,55,0.01073375
15956,55,0.00696858
15957,55,0.00449888
15958,55,0.02717431
15959,55,0.01232551
15960,55,0.00642367
15961,55,0.00697092
15962,55,0.01278497
15963,55,0.01436176
15964,55,0.01005402
15965,55,0.01060151
15966,55,0.00414979
15967,55,0.01073992
15968,55,0.00844987
15969,55,0.00811642
15970,55,0.00405066
15971,55,0.00447402
15972,55,0.00892741
15973,55,0.00629785
15974,55,0.02456062
15975,55,0.04230889
15976,55,0.00811390
15977,55,0.02903473
15978,55,0.00493439
15979,55,0.01792319
15980,55,0.00356142
15981,55,0.00994298
15982,55,0.01050639
15983,55,0.01156045
15984,55,0.01914531
15985,55,0.00721371
15986,55,0.01624819
15987,55,0.00421168
15988,55,0.00590334
15989,55,0.00446255
15990,55,0.01077153
15991,55,0.00841693
15992,55,0.00405527
15993,55,0.02362700
15994,55,0.01179781
15995,55,0.00979144
15996,55,0.01504815
15997,55,0.02405473
15998,55,0.00693962
15999,55,0.02222776
16000,55,0.02803942
16001,55,0.00993166
16002,55,0.00638008
16003,55,0.00598652
16004,55,0.03390271
16005,55,0.00442783
16006,55,0.00662892
16007,55,0.02539390
16008,55,0.02215517
16009,55,0.01621899
16010,55,0.05183860
16011,55,0.01310032
16012,55,0.00625272
16013,55,0.00803512
16014,55,0.00695854
16015,55,0.00319603
16016,55,0.00967381
16017,55,0.00759640
16018,55,0.00404319
16019,55,0.01162506
16020,55,0.00483557
16021,55,0.00387674
16022,55,0.01303366
16023,55,0.00759461
16024,55,0.00458361
16025,55,0.00640601
16026,55,0.00583698
16027,55,0.00998963
16028,55,0.00351320
16029,55,0.01423523
16030,55,0.00809691
16031,55,0.00607210
16032,55,0.00817589
16033,55,0.02865290
16034,55,0.00325885
16035,55,0.03334424
16036,55,0.00429215
16037,55,0.04442965
16038,55,0.01123990
16039,55,0.01043003
16040,55,0.01760252
16041,55,0.00563729
16042,55,0.00439686
16043,55,0.01506194
16044,55,0.00695394
16045,55,0.00773219
16046,55,0.00683902
16047,55,0.00753123
16048,55,0.01488547
16049,55,0.00755666
16050,55,0.02610145
16051,55,0.02488568
16052,55,0.01855420
16053,55,0.00347530
16054,55,0.00549341
16055,55,0.01196556
16056,55,0.00979157
16057,55,0.01061667
16058,55,0.00776794
16059,55,0.02137102
16060,55,0.00417870
16061,55,0.00624166
16062,55,0.00509093
16063,55,0.00949086
16064,55,0.00664863
16065,55,0.00489970
16066,55,0.00350158
16067,55,0.00825528
16068,55,0.00431790
16069,55,0.00624419
16070,55,0.01935386
16071,55,0.00472489
16072,55,0.00415369
16073,55,0.01133930
16074,55,0.00919295
16075,55,0.00603287
16076,55,0.00575920
16077,55,0.00456883
16078,55,0.00301614
16079,55,0.00398940
16080,55,0.03696604
16081,55,0.00814025
16082,55,0.01838708
16083,55,0.00520795
16084,55,0.00916974
16085,55,0.00710779
16086,55,0.00587492
16087,55,0.00654998
16088,55,0.00232966
16089,55,0.02178014
16090,55,0.00444422
16091,55,0.00416915
16092,55,0.01370628
16093,55,0.01032305
16094,55,0.01032173
16095,55,0.00608118
16096,55,0.00639769
16097,55,0.00570529
16098,55,0.00794426
16099,55,0.03547853
16100,55,0.02185569
16101,55,0.01125136
16102,55,0.00767692
16103,55,0.00440681
16104,55,0.00666304
16105,55,0.00392886
16106,55,0.02891535
16107,55,0.00696798
16108,55,0.01182512
16109,55,0.00467278
16110,55,0.02498528
16111,55,0.03875142
16112,55,0.00318030
16113,55,0.00715593
16114,55,0.02330067
16115,55,0.00596831
16116,56,0.00581446
16117,56,0.04585769
16118,56,0.03040651
16119,56,0.02009772
16120,56,0.00685190
16121,56,0.00640867
16122,56,0.01573255
16123,56,0.00773213
16124,56,0.01853300
16125,56,0.00849207
16126,56,0.01414340
16127,56,0.01903633
16128,56,0.00899978
16129,56,0.00374051
16130,56,0.04241930
16131,56,0.00692087
16132,56,0.00591516
16133,56,0.00902731
16134,56,0.01211294
16135,56,0.00661538
16136,56,0.00475032
16137,56,0.01489338
16138,56,0.01043276
16139,56,0.00884525
16140,56,0.00851972
16141,56,0.01347250
16142,56,0.00937412
16143,56,0.03516170
16144,56,0.01453803
16145,56,0.01211791
16146,56,0.02273319
16147,56,0.00952817
16148,56,0.01207593
16149,56,0.00758373
16150,56,0.00733907
16151,56,0.00439417
16152,56,0.00828042
16153,56,0.00971033
16154,56,0.00191215
16155,56,0.01556840
16156,56,0.00882995
16157,56,0.00672694
16158,56,0.00464159
16159,56,0.01478229
16160,56,0.00447583
16161,56,0.01186126
16162,56,0.01148576
16163,56,0.02805158
16164,56,0.00525795
16165,56,0.00731446
16166,56,0.04440157
16167,56,0.01099106
16168,56,0.02252972
16169,56,0.00403649
16170,56,0.00596119
16171,56,0.01093501
16172,56,0.00852453
16173,56,0.02885198
16174,56,0.00698237
16175,56,0.00784368
16176,56,0.00326868
16177,56,0.00752969
16178,56,0.00776703
16179,56,0.00860542
16180,56,0.00738221
16181,56,0.00987551
16182,56,0.00578164
16183,56,0.03481285
16184,56,0.00998126
16185,56,0.01386988
16186,56,0.00356540
16187,56,0.00539963
16188,56,0.00856904
16189,56,0.01220714
16190,56,0.00612700
16191,56,0.01950706
16192,56,0.00997717
16193,56,0.01199177
16194,56,0.02987737
16195,56,0.00768923
16196,56,0.00806383
16197,56,0.00304886
16198,56,0.00531974
16199,56,0.00451172
16200,56,0.01033017
16201,56,0.02011592
16202,56,0.01135363
16203,56,0.02105060
16204,56,0.01399871
16205,56,0.00960424
16206,56,0.01110397
16207,56,0.02446809
16208,56,0.02211644
16209,56,0.00617918
16210,56,0.01585722
16211,56,0.00637180
16212,56,0.01145622
16213,56,0.00818849
16214,56,0.02511114
16215,56,0.02377178
16216,56,0.00616513
16217,56,0.01326987
16218,56,0.00386109
16219,56,0.01626888
16220,56,0.01532228
16221,56,0.00826885
16222,56,0.00443344
16223,56,0.00579808
16224,56,0.00918073
16225,56,0.02549391
16226,56,0.00407600
16227,56,0.00562159
16228,56,0.00339574
16229,56,0.00485939
16230,56,0.00768739
16231,56,0.00789673
16232,56,0.01393382
16233,56,0.02524129
16234,56,0.00408677
16235,56,0.05145952
16236,56,0.01180751
16237,56,0.00278547
16238,56,0.00794851
16239,56,0.00443116
16240,56,0.00733283
16241,56,0.02049213
16242,56,0.00592664
16243,56,0.00841830
16244,56,0.00731531
16245,56,0.00500417
16246,56,0.02597056
16247,56,0.01074051
16248,56,0.00750625
16249,56,0.00936429
16250,56,0.00865346
16251,56,0.00553215
16252,56,0.01122142
16253,56,0.00539680
16254,56,0.01487282
16255,56,0.03144554
16256,56,0.00616958
16257,56,0.01770232
16258,56,0.00674871
16259,56,0.00782453
16260,56,0.00997231
16261,56,0.00546813
16262,56,0.00686577
16263,56,0.02061073
16264,56,0.00754836
16265,56,0.00422757
16266,56,0.00716614
16267,56,0.02086953
16268,56,0.01064392
16269,56,0.00877371
16270,56,0.01186873
16271,56,0.00809891
16272,56,0.00511132
16273,56,0.01009146
16274,56,0.00647009
16275,56,0.00431566
16276,56,0.01323359
16277,56,0.00864926
16278,56,0.00439151
16279,56,0.04009212
16280,56,0.00510655
16281,56,0.01501362
16282,56,0.00732724
16283,56,0.00512787
16284,56,0.02588031
16285,56,0.00852232
16286,56,0.01933758
16287,56,0.00451386
16288,56,0.00773380
16289,56,0.01061983
16290,56,0.00515824
16291,56,0.00684539
16292,56,0.00547085
16293,56,0.03942150
16294,56,0.00722676
16295,56,0.00491753
16296,56,0.01442554
16297,56,0.01144370
16298,56,0.01395418
16299,56,0.01217148
16300,56,0.01922211
16301,56,0.01276919
16302,56,0.00459115
16303,56,0.01005012
16304,56,0.01998911
16305,56,0.03449846
16306,56,0.00708181
16307,56,0.00956610
16308,56,0.01452936
16309,56,0.01639666
16310,56,0.00853521
16311,56,0.04007947
16312,56,0.03698205
16313,56,0.00719065
16314,56,0.01154738
16315,56,0.00362898
16316,56,0.00461070
16317,56,0.02901890
16318,56,0.00723009
16319,56,0.00667508
16320,56,0.00833816
16321,56,0.00568922
16322,56,0.01270391
16323,56,0.00500883
16324,56,0.04024064
16325,56,0.05497455
16326,56,0.00732279
16327,56,0.00913378
16328,56,0.01011523
16329,56,0.00873756
16330,56,0.02821448
16331,56,0.00711677
16332,56,0.02498671
16333,56,0.00839591
16334,56,0.02377110
16335,56,0.03693007
16336,56,0.00666164
16337,56,0.04428515
16338,56,0.00879017
16339,56,0.01365299
16340,56,0.00656919
16341,56,0.05892301
16342,56,0.00664199
16343,56,0.02289122
16344,56,0.04384765
16345,56,0.00966317
16346,56,0.01585027
16347,56,0.00821751
16348,56,0.00849351
16349,56,0.02593942
16350,56,0.01188593
16351,56,0.01753871
16352,56,0.00524887
16353,56,0.01265801
16354,56,0.02117342
16355,56,0.00586961
16356,56,0.00785277
16357,56,0.00561897
16358,56,0.00871565
16359,56,0.00694357
16360,56,0.00770216
16361,56,0.02823850
16362,56,0.00470940
16363,56,0.01105217
16364,56,0.01061912
16365,56,0.00693868
16366,56,0.01147122
16367,56,0.00700245
16368,56,0.00515135
16369,56,0.00430571
16370,56,0.00404434
16371,56,0.00530344
16372,56,0.00606764
16373,56,0.01594312
16374,56,0.00736636
16375,56,0.00878281
16376,56,0.02929286
16377,56,0.02090092
16378,56,0.00675139
16379,56,0.00983331
16380,56,0.05126297
16381,56,0.00545585
16382,56,0.00369660
16383,56,0.00602304
16384,56,0.00389812
16385,56,0.00516729
16386,56,0.00807150
16387,56,0.00279206
16388,56,0.00403153
16389,56,0.00427240
16390,56,0.01108346
16391,56,0.00880451
16392,56,0.04149188
16393,56,0.00706720
16394,56,0.01366038
16395,56,0.00641971
16396,56,0.00413663
16397,56,0.00560193
16398,56,0.04414774
16399,56,0.01488729
16400,56,0.01582559
16401,56,0.01272379
16402,56,0.04765775
16403,56,0.00795069
16404,56,0.00274612
16405,56,0.00558258
16406,56,0.00766290
16407,56,0.00813175
16408,56,0.01269540
16409,57,0.00949562
16410,57,0.02128945
16411,57,0.02008139
16412,57,0.00515173
16413,57,0.00748816
16414,57,0.00576097
16415,57,0.00808591
16416,57,0.03238393
16417,57,0.00706595
16418,57,0.00412955
16419,57,0.00609422
16420,57,0.00565887
16421,57,0.03411542
16422,57,0.00806361
16423,57,0.01099586
16424,57,0.00826703
16425,57,0.00638793
16426,57,0.00658658
16427,57,0.00646189
16428,57,0.00501125
16429,57,0.04900309
16430,57,0.00307903
16431,57,0.00743272
16432,57,0.01865915
16433,57,0.00381652
16434,57,0.00573013
16435,57,0.00512817
16436,57,0.00329729
16437,57,0.01081374
16438,57,0.07479163
16439,57,0.02504756
16440,57,0.00867529
16441,57,0.01462210
16442,57,0.00841349
16443,57,0.00771810
16444,57,0.03099286
16445,57,0.00651409
16446,57,0.02233771
16447,57,0.00748494
16448,57,0.01000665
16449,57,0.00587136
16450,57,0.00488209
16451,57,0.00399983
16452,57,0.00494739
16453,57,0.00828299
16454,57,0.00569621
16455,57,0.02692580
16456,57,0.01010316
16457,57,0.00564791
16458,57,0.03733390
16459,57,0.02194393
16460,57,0.00725731
16461,57,0.00445055
16462,57,0.00611650
16463,57,0.00818585
16464,57,0.00553742
16465,57,0.01111551
16466,57,0.00808553
16467,57,0.00453999
16468,57,0.01524973
16469,57,0.01320108
16470,57,0.02221424
16471,57,0.00765262
16472,57,0.03229949
16473,57,0.00602099
16474,57,0.00689445
16475,57,0.00534586
16476,57,0.10349248
16477,57,0.00399171
16478,57,0.00769595
16479,57,0.00618283
16480,57,0.00956025
16481,57,0.02582315
16482,57,0.00435296
16483,57,0.00644146
16484,57,0.03581532
16485,57,0.00354307
16486,57,0.02080022
16487,57,0.00633796
16488,57,0.01637393
16489,57,0.01257707
16490,57,0.04716024
16491,57,0.01376318
16492,57,0.01936867
16493,57,0.00887407
16494,57,0.00584724
16495,57,0.02048652
16496,57,0.00757604
16497,57,0.00926656
16498,57,0.06685778
16499,57,0.00679043
16500,57,0.03490874
16501,57,0.01163639
16502,57,0.00749545
16503,57,0.02644990
16504,57,0.00487549
16505,57,0.00813670
16506,57,0.00917520
16507,57,0.01323176
16508,57,0.02235659
16509,57,0.00697067
16510,57,0.00361958
16511,57,0.01133534
16512,57,0.01749814
16513,57,0.00838306
16514,57,0.00933626
16515,57,0.00649455
16516,57,0.00601694
16517,57,0.00448594
16518,57,0.01598844
16519,57,0.00981440
16520,57,0.00324577
16521,57,0.00672127
16522,57,0.01170824
16523,57,0.00726757
16524,57,0.00612416
16525,57,0.00240126
16526,57,0.01579480
16527,57,0.01695634
16528,57,0.00834504
16529,57,0.01007091
16530,57,0.00543863
16531,57,0.01204634
16532,57,0.00382578
16533,57,0.00510807
16534,57,0.00690566
16535,57,0.01134141
16536,57,0.00346375
16537,57,0.02099266
16538,57,0.00395046
16539,57,0.00931540
16540,57,0.01122896
16541,57,0.00952871
16542,57,0.01457481
16543,57,0.00660712
16544,57,0.00853989
16545,57,0.00622365
16546,57,0.00737018
16547,57,0.00495789
16548,57,0.02142222
16549,57,0.00813518
16550,57,0.00625184
16551,57,0.02171800
16552,57,0.02280082
16553,57,0.01004645
16554,57,0.04123192
16555,57,0.03247339
16556,57,0.03771482
16557,57,0.00788768
16558,57,0.06466448
16559,57,0.00518008
16560,57,0.00522769
16561,57,0.00728415
16562,57,0.00795460
16563,57,0.00330813
16564,57,0.00521793
16565,57,0.00449422
16566,57,0.01641566
16567,57,0.01801728
16568,57,0.01924256
16569,57,0.01315230
16570,57,0.00272923
16571,57,0.00286835
16572,57,0.04373855
16573,57,0.01052495
16574,57,0.01008985
16575,57,0.00721400
16576,57,0.00651687
16577,57,0.00744403
16578,57,0.01884209
16579,57,0.00710994
16580,57,0.00324883
16581,57,0.00949615
16582,57,0.00770919
16583,57,0.05086970
16584,57,0.01296349
16585,57,0.00340928
16586,57,0.00664209
16587,57,0.00479274
16588,57,0.03011306
16589,57,0.00747179
16590,57,0.00455205
16591,57,0.01145377
16592,57,0.01341395
16593,57,0.02725694
16594,57,0.00639992
16595,57,0.00952954
16596,57,0.00625197
16597,57,0.03702819
16598,57,0.00693355
16599,57,0.00588501
16600,57,0.00465413
16601,57,0.00655186
16602,57,0.02039892
16603,57,0.01823251
16604,57,0.00683909
16605,57,0.01032995
16606,57,0.00779413
16607,57,0.00761014
16608,57,0.00631856
16609,57,0.01132382
16610,57,0.01864392
16611,57,0.01415448
16612,57,0.01171071
16613,57,0.01442181
16614,57,0.03027435
16615,57,0.00983001
16616,57,0.00820965
16617,57,0.04672654
16618,57,0.02483851
16619,57,0.00245736
16620,57,0.00771509
16621,57,0.01035106
16622,57,0.01209601
16623,57,0.00744128
16624,57,0.02115157
16625,57,0.02225844
16626,57,0.01561613
16627,57,0.01043099
16628,57,0.01605106
16629,57,0.00381890
16630,57,0.00746179
16631,57,0.01528845
16632,57,0.00357207
16633,57,0.00500242
16634,57,0.01484682
16635,57,0.00342486
16636,57,0.01717301
16637,57,0.01661950
16638,57,0.00342456
16639,57,0.00727360
16640,57,0.02559483
16641,57,0.00664767
16642,57,0.00617078
16643,57,0.01052372
16644,57,0.00422380
16645,57,0.00668426
16646,57,0.03066076
16647,57,0.00719034
16648,57,0.04260406
16649,57,0.02244252
16650,57,0.00743382
16651,57,0.01953171
16652,57,0.00788276
16653,57,0.01243725
16654,57,0.00733088
16655,57,0.00779972
16656,57,0.00545843
16657,57,0.01252750
16658,57,0.00500578
16659,57,0.00615278
16660,57,0.00615700
16661,57,0.01292853
16662,57,0.00692414
16663,57,0.00910151
16664,57,0.00674210
16665,57,0.03949985
16666,57,0.00866303
16667,57,0.00467658
16668,57,0.00838331
16669,57,0.00991375
16670,57,0.02369125
16671,57,0.00581117
16672,57,0.00765391
16673,57,0.01955595
16674,57,0.00736960
16675,57,0.00545244
16676,57,0.00268718
16677,57,0.00687241
16678,57,0.00236904
16679,57,0.00429565
16680,57,0.00497097
16681,57,0.02484538
16682,57,0.00495506
16683,57,0.02646236
16684,57,0.02409106
16685,57,0.00528656
16686,57,0.00405265
16687,57,0.00402034
16688,57,0.01221116
16689,57,0.00388566
16690,57,0.00789770
16691,57,0.00732920
16692,57,0.00804213
16693,57,0.00754089
16694,57,0.02010821
16695,57,0.00384560
16696,57,0.00943118
16697,57,0.02038291
16698,57,0.00657903
16699,57,0.06665857
16700,57,0.00303305
16701,57,0.00674377
16702,58,0.00338576
16703,58,0.01354274
16704,58,0.00826731
16705,58,0.01889960
16706,58,0.01905682
16707,58,0.00601304
16708,58,0.00865419
16709,58,0.00888144
16710,58,0.00488176
16711,58,0.00688329
16712,58,0.01080867
16713,58,0.00482531
16714,58,0.01362015
16715,58,0.00213830
16716,58,0.00366446
16717,58,0.00612785
16718,58,0.01286210
16719,58,0.00684170
16720,58,0.02282861
16721,58,0.00641133
16722,58,0.01933623
16723,58,0.00493681
16724,58,0.00976805
16725,58,0.00510281
16726,58,0.00518375
16727,58,0.02343063
16728,58,0.00524159
16729,58,0.00964450
16730,58,0.03076533
16731,58,0.00801557
16732,58,0.00732434
16733,58,0.01082221
16734,58,0.00926183
16735,58,0.05358097
16736,58,0.02856738
16737,58,0.00593870
16738,58,0.03886417
16739,58,0.00805773
16740,58,0.00460419
16741,58,0.02751535
16742,58,0.00766273
16743,58,0.01627432
16744,58,0.00795826
16745,58,0.00573172
16746,58,0.01010703
16747,58,0.01066321
16748,58,0.00610131
16749,58,0.02320307
16750,58,0.02429904
16751,58,0.01396245
16752,58,0.01585872
16753,58,0.00698668
16754,58,0.00428488
16755,58,0.05256783
16756,58,0.00499669
16757,58,0.00918042
16758,58,0.00641788
16759,58,0.01101917
16760,58,0.05852353
16761,58,0.00477531
16762,58,0.06452090
16763,58,0.00618366
16764,58,0.00348032
16765,58,0.06103818
16766,58,0.00866742
16767,58,0.00902264
16768,58,0.00892400
16769,58,0.00586706
16770,58,0.00664812
16771,58,0.00500217
16772,58,0.01002119
16773,58,0.00739365
16774,58,0.01237254
16775,58,0.00339488
16776,58,0.00285782
16777,58,0.00861461
16778,58,0.03087091
16779,58,0.00729712
16780,58,0.00657570
16781,58,0.00400422
16782,58,0.06213254
16783,58,0.01173541
16784,58,0.00486095
16785,58,0.01043067
16786,58,0.01428185
16787,58,0.01475546
16788,58,0.00630089
16789,58,0.00625486
16790,58,0.00675348
16791,58,0.00859118
16792,58,0.01793838
16793,58,0.00475231
16794,58,0.00759837
16795,58,0.02218119
16796,58,0.01093640
16797,58,0.01309875
16798,58,0.00767281
16799,58,0.01016870
16800,58,0.00515519
16801,58,0.00848829
16802,58,0.00872364
16803,58,0.03372976
16804,58,0.00421901
16805,58,0.04221303
16806,58,0.01123964
16807,58,0.00637671
16808,58,0.01274941
16809,58,0.01398259
16810,58,0.00689613
16811,58,0.02727095
16812,58,0.00929769
16813,58,0.03474213
16814,58,0.00743806
16815,58,0.02670682
16816,58,0.00609745
16817,58,0.02724735
16818,58,0.02681397
16819,58,0.01350349
16820,58,0.00734656
16821,58,0.00632776
16822,58,0.00483650
16823,58,0.00780407
16824,58,0.01115172
16825,58,0.00579294
16826,58,0.00667485
16827,58,0.00555404
16828,58,0.00410175
16829,58,0.00559079
16830,58,0.00776314
16831,58,0.00843020
16832,58,0.01376808
16833,58,0.01170083
16834,58,0.00715286
16835,58,0.01627019
16836,58,0.00724660
16837,58,0.00410258
16838,58,0.00903476
16839,58,0.00956815
16840,58,0.00601363
16841,58,0.00615840
16842,58,0.01066535
16843,58,0.00644445
16844,58,0.00473665
16845,58,0.00295283
16846,58,0.03573454
16847,58,0.00606558
16848,58,0.03030045
16849,58,0.04336267
16850,58,0.00710356
16851,58,0.00395172
16852,58,0.00967893
16853,58,0.00634368
16854,58,0.02957080
16855,58,0.00557141
16856,58,0.00453307
16857,58,0.00397575
16858,58,0.01927975
16859,58,0.00581474
16860,58,0.00665650
16861,58,0.00935525
16862,58,0.01208613
16863,58,0.00285005
16864,58,0.00745428
16865,58,0.02073770
16866,58,0.00859472
16867,58,0.00749415
16868,58,0.00943534
16869,58,0.00789123
16870,58,0.00957041
16871,58,0.00938390
16872,58,0.00619270
16873,58,0.01597603
16874,58,0.00409079
16875,58,0.00377899
16876,58,0.01781178
16877,58,0.00937752
16878,58,0.00602391
16879,58,0.01662538
16880,58,0.00526857
16881,58,0.01304343
16882,58,0.00288569
16883,58,0.00366999
16884,58,0.00715323
16885,58,0.00495653
16886,58,0.00626423
16887,58,0.00392239
16888,58,0.00508256
16889,58,0.03512524
16890,58,0.00557358
16891,58,0.01417941
16892,58,0.01229770
16893,58,0.04150910
16894,58,0.00535204
16895,58,0.00464168
16896,58,0.00789719
16897,58,0.00595522
16898,58,0.00458216
16899,58,0.00740437
16900,58,0.02280018
16901,58,0.00742844
16902,58,0.00781647
16903,58,0.02616231
16904,58,0.01007949
16905,58,0.01111282
16906,58,0.02194615
16907,58,0.00743669
16908,58,0.00504626
16909,58,0.01039483
16910,58,0.01121842
16911,58,0.02693236
16912,58,0.00696362
16913,58,0.00221697
16914,58,0.00396168
16915,58,0.01038750
16916,58,0.03944146
16917,58,0.00335390
16918,58,0.00582615
16919,58,0.01277604
16920,58,0.01218397
16921,58,0.00492582
16922,58,0.01353505
16923,58,0.00701544
16924,58,0.00663001
16925,58,0.00724298
16926,58,0.01584289
16927,58,0.00560616
16928,58,0.04642990
16929,58,0.02239767
16930,58,0.00500164
16931,58,0.00540860
16932,58,0.00621956
16933,58,0.03490472
16934,58,0.00757646
16935,58,0.00956056
16936,58,0.00907909
16937,58,0.02674397
16938,58,0.00366392
16939,58,0.01436109
16940,58,0.00678441
16941,58,0.01051169
16942,58,0.00828458
16943,58,0.03411699
16944,58,0.00345672
16945,58,0.00434683
16946,58,0.00629063
16947,58,0.00933939
16948,58,0.00698494
16949,58,0.00422845
16950,58,0.00316772
16951,58,0.01197713
16952,58,0.00491537
16953,58,0.00837486
16954,58,0.00513506
16955,58,0.00832000
16956,58,0.01177916
16957,58,0.01689263
16958,58,0.00464691
16959,58,0.02164714
16960,58,0.00759909
16961,58,0.01063719
16962,58,0.00510477
16963,58,0.00929817
16964,58,0.00544704
16965,58,0.00616482
16966,58,0.05087205
16967,58,0.00689353
16968,58,0.00490653
16969,58,0.00627786
16970,58,0.00433607
16971,58,0.00439033
16972,58,0.00945379
16973,58,0.00703204
16974,58,0.00869577
16975,58,0.02622432
16976,58,0.00468838
16977,58,0.00402966
16978,58,0.01578726
16979,58,0.00534166
16980,58,0.00684107
16981,58,0.02883278
16982,58,0.00518398
16983,58,0.01281088
16984,58,0.00335710
16985,58,0.02132072
16986,58,0.00436470
16987,58,0.00420902
16988,58,0.00655039
16989,58,0.00290821
16990,58,0.00858345
16991,58,0.00744560
16992,58,0.00731578
16993,58,0.01693051
16994,58,0.01574206
16995,59,0.00908628
16996,59,0.00701847
16997,59,0.00559092
16998,59,0.01705982
16999,59,0.00950497
17000,59,0.00428633
17001,59,0.00695009
17002,59,0.03300275
17003,59,0.10643543
17004,59,0.01008107
17005,59,0.00414202
17006,59,0.00588497
17007,59,0.00550028
17008,59,0.00457354
17009,59,0.02323906
17010,59,0.00653032
17011,59,0.01621387
17012,59,0.00754869
17013,59,0.00828289
17014,59,0.01123818
17015,59,0.03316224
17016,59,0.00768208
17017,59,0.00509867
17018,59,0.01495011
17019,59,0.01981618
17020,59,0.01395991
17021,59,0.00815425
17022,59,0.05418336
17023,59,0.00895534
17024,59,0.06068120
17025,59,0.00826920
17026,59,0.04870188
17027,59,0.01012237
17028,59,0.00812851
17029,59,0.02514942
17030,59,0.00914820
17031,59,0.00656665
17032,59,0.00414184
17033,59,0.00316182
17034,59,0.00286513
17035,59,0.00621037
17036,59,0.00904089
17037,59,0.00379048
17038,59,0.02322728
17039,59,0.00917441
17040,59,0.00967995
17041,59,0.00938558
17042,59,0.00452868
17043,59,0.01413135
17044,59,0.01377927
17045,59,0.00704580
17046,59,0.02092823
17047,59,0.01245530
17048,59,0.00610733
17049,59,0.05766593
17050,59,0.04445592
17051,59,0.01498333
17052,59,0.00883665
17053,59,0.00942031
17054,59,0.06358626
17055,59,0.02515488
17056,59,0.00658998
17057,59,0.01822990
17058,59,0.01540528
17059,59,0.01183264
17060,59,0.00311577
17061,59,0.00659284
17062,59,0.00883534
17063,59,0.00711316
17064,59,0.00411956
17065,59,0.02664360
17066,59,0.00683292
17067,59,0.02779380
17068,59,0.00923804
17069,59,0.00788581
17070,59,0.01211584
17071,59,0.00731803
17072,59,0.00587589
17073,59,0.01690564
17074,59,0.01253842
17075,59,0.00314824
17076,59,0.02299250
17077,59,0.03371378
17078,59,0.00661367
17079,59,0.00989414
17080,59,0.00856966
17081,59,0.00514749
17082,59,0.03085735
17083,59,0.01271434
17084,59,0.01455203
17085,59,0.00480287
17086,59,0.00421613
17087,59,0.02740087
17088,59,0.01463123
17089,59,0.00548067
17090,59,0.01056542
17091,59,0.00490435
17092,59,0.00959576
17093,59,0.00334336
17094,59,0.00831944
17095,59,0.01808071
17096,59,0.01087427
17097,59,0.01149538
17098,59,0.01707004
17099,59,0.01484861
17100,59,0.00561174
17101,59,0.00715055
17102,59,0.01678398
17103,59,0.00344353
17104,59,0.00732324
17105,59,0.00470224
17106,59,0.01218324
17107,59,0.03368923
17108,59,0.00567537
17109,59,0.00589788
17110,59,0.01056245
17111,59,0.01982411
17112,59,0.02790360
17113,59,0.00580365
17114,59,0.00647632
17115,59,0.00411384
17116,59,0.01179195
17117,59,0.00588104
17118,59,0.00955127
17119,59,0.00713503
17120,59,0.00404995
17121,59,0.01941918
17122,59,0.01357518
17123,59,0.04933174
17124,59,0.00933392
17125,59,0.00282992
17126,59,0.01121885
17127,59,0.00789432
17128,59,0.01119908
17129,59,0.00992948
17130,59,0.00807984
17131,59,0.00722286
17132,59,0.00586496
17133,59,0.01863499
17134,59,0.01537767
17135,59,0.05566435
17136,59,0.00796067
17137,59,0.00848134
17138,59,0.00673671
17139,59,0.00453699
17140,59,0.00919176
17141,59,0.01305759
17142,59,0.02490640
17143,59,0.01518772
17144,59,0.00640356
17145,59,0.00307327
17146,59,0.02210359
17147,59,0.00569503
17148,59,0.01029490
17149,59,0.01016567
17150,59,0.00596760
17151,59,0.00299979
17152,59,0.01034897
17153,59,0.00521304
17154,59,0.00676411
17155,59,0.00994122
17156,59,0.00300502
17157,59,0.01635104
17158,59,0.00850541
17159,59,0.00713734
17160,59,0.03665036
17161,59,0.00547974
17162,59,0.00928654
17163,59,0.01224955
17164,59,0.00662082
17165,59,0.01861503
17166,59,0.00444038
17167,59,0.00855805
17168,59,0.00641196
17169,59,0.02719638
17170,59,0.09047437
17171,59,0.01721287
17172,59,0.02006425
17173,59,0.01303896
17174,59,0.00441691
17175,59,0.01669561
17176,59,0.00524616
17177,59,0.01297168
17178,59,0.00995095
17179,59,0.01120316
17180,59,0.02268186
17181,59,0.00905661
17182,59,0.00813887
17183,59,0.00499368
17184,59,0.00564133
17185,59,0.00832060
17186,59,0.00498726
17187,59,0.00448732
17188,59,0.00751179
17189,59,0.00365822
17190,59,0.00336442
17191,59,0.00965943
17192,59,0.01116845
17193,59,0.00701590
17194,59,0.00962973
17195,59,0.01687983
17196,59,0.00493014
17197,59,0.01675802
17198,59,0.00821526
17199,59,0.00403419
17200,59,0.00976531
17201,59,0.03694778
17202,59,0.00860175
17203,59,0.01019240
17204,59,0.00643355
17205,59,0.01061633
17206,59,0.00451517
17207,59,0.00455858
17208,59,0.02216896
17209,59,0.00683848
17210,59,0.00608721
17211,59,0.00645846
17212,59,0.00372738
17213,59,0.00408339
17214,59,0.00801918
17215,59,0.00450040
17216,59,0.00509621
17217,59,0.02367637
17218,59,0.02362839
17219,59,0.02956800
17220,59,0.02287135
17221,59,0.02242034
17222,59,0.00527257
17223,59,0.00619854
17224,59,0.02409331
17225,59,0.00593958
17226,59,0.02065557
17227,59,0.00564949
17228,59,0.01328441
17229,59,0.01592822
17230,59,0.02924998
17231,59,0.00589010
17232,59,0.00501001
17233,59,0.00660643
17234,59,0.00292866
17235,59,0.00643976
17236,59,0.00882491
17237,59,0.01371326
17238,59,0.00544961
17239,59,0.00761431
17240,59,0.00424046
17241,59,0.01207848
17242,59,0.01881361
17243,59,0.00496018
17244,59,0.00699122
17245,59,0.01050811
17246,59,0.00387325
17247,59,0.01278181
17248,59,0.03220754
17249,59,0.00417492
17250,59,0.00584083
17251,59,0.02433354
17252,59,0.00693533
17253,59,0.00634391
17254,59,0.00438824
17255,59,0.00906112
17256,59,0.00639390
17257,59,0.05800156
17258,59,0.00462605
17259,59,0.00655455
17260,59,0.01205959
17261,59,0.00498905
17262,59,0.01587561
17263,59,0.00730741
17264,59,0.00356272
17265,59,0.02951337
17266,59,0.00330659
17267,59,0.00392949
17268,59,0.00706371
17269,59,0.00720937
17270,59,0.00532160
17271,59,0.02913952
17272,59,0.00648860
17273,59,0.02313192
17274,59,0.01507966
17275,59,0.00574953
17276,59,0.05463551
17277,59,0.02188371
17278,59,0.00579646
17279,59,0.00438780
17280,59,0.00795417
17281,59,0.00666792
17282,59,0.00345201
17283,59,0.02037996
17284,59,0.00592215
17285,59,0.03049044
17286,59,0.04498136
17287,59,0.01002989
17288,60,0.00322714
17289,60,0.02567706
17290,60,0.00851768
17291,60,0.05666018
17292,60,0.00883699
17293,60,0.00912144
17294,60,0.01476060
17295,60,0.00964020
17296,60,0.01050395
17297,60,0.00710351
17298,60,0.00915516
17299,60,0.01691650
17300,60,0.01279548
17301,60,0.01069013
17302,60,0.01001293
17303,60,0.00965166
17304,60,0.01117340
17305,60,0.00790452
17306,60,0.01487673
17307,60,0.00618684
17308,60,0.00866320
17309,60,0.02336879
17310,60,0.00760751
17311,60,0.00457439
17312,60,0.00475504
17313,60,0.01106744
17314,60,0.01041739
17315,60,0.01140044
17316,60,0.00306171
17317,60,0.00591051
17318,60,0.01138653
17319,60,0.01824306
17320,60,0.00871743
17321,60,0.00568522
17322,60,0.00551095
17323,60,0.03318535
17324,60,0.00531147
17325,60,0.00341008
17326,60,0.00513806
17327,60,0.00566115
17328,60,0.00440941
17329,60,0.00378041
17330,60,0.00180398
17331,60,0.02020180
17332,60,0.04593929
17333,60,0.03702064
17334,60,0.00683561
17335,60,0.00842557
17336,60,0.03612231
17337,60,0.00609975
17338,60,0.02356221
17339,60,0.00368734
17340,60,0.03457621
17341,60,0.00612968
17342,60,0.00735501
17343,60,0.00524464
17344,60,0.00611786
17345,60,0.03655764
17346,60,0.00380155
17347,60,0.00941500
17348,60,0.00585423
17349,60,0.00945962
17350,60,0.01689043
17351,60,0.01342660
17352,60,0.00638890
17353,60,0.00734195
17354,60,0.02452680
17355,60,0.00726978
17356,60,0.00462026
17357,60,0.00284879
17358,60,0.01108754
17359,60,0.00913022
17360,60,0.01624695
17361,60,0.00234525
17362,60,0.01191999
17363,60,0.01225637
17364,60,0.01462271
17365,60,0.00965197
17366,60,0.00558389
17367,60,0.02632369
17368,60,0.00693830
17369,60,0.00789861
17370,60,0.01160665
17371,60,0.00880077
17372,60,0.00693622
17373,60,0.01660308
17374,60,0.01104864
17375,60,0.00537960
17376,60,0.00525307
17377,60,0.03476259
17378,60,0.01089259
17379,60,0.00507086
17380,60,0.00559395
17381,60,0.01596817
17382,60,0.00604262
17383,60,0.02181814
17384,60,0.00374724
17385,60,0.00898555
17386,60,0.01262855
17387,60,0.01489888
17388,60,0.01577527
17389,60,0.01483633
17390,60,0.00309059
17391,60,0.02093892
17392,60,0.00683959
17393,60,0.00499624
17394,60,0.00253405
17395,60,0.00555326
17396,60,0.00316763
17397,60,0.03302124
17398,60,0.00905349
17399,60,0.00395065
17400,60,0.00825124
17401,60,0.00702389
17402,60,0.01032800
17403,60,0.00815242
17404,60,0.00611130
17405,60,0.00271847
17406,60,0.00496916
17407,60,0.00679313
17408,60,0.05299867
17409,60,0.05131159
17410,60,0.00612287
17411,60,0.01209348
17412,60,0.00495060
17413,60,0.00303748
17414,60,0.00646854
17415,60,0.00524472
17416,60,0.00874116
17417,60,0.00901960
17418,60,0.01262829
17419,60,0.00737387
17420,60,0.00745971
17421,60,0.00449836
17422,60,0.00930260
17423,60,0.00586417
17424,60,0.00572651
17425,60,0.00337687
17426,60,0.00534396
17427,60,0.02257803
17428,60,0.03798688
17429,60,0.00585911
17430,60,0.00612448
17431,60,0.06114319
17432,60,0.01213314
17433,60,0.00770151
17434,60,0.00849880
17435,60,0.00849975
17436,60,0.00719266
17437,60,0.01431187
17438,60,0.02907630
17439,60,0.00577381
17440,60,0.00957962
17441,60,0.00632419
17442,60,0.00914379
17443,60,0.01707817
17444,60,0.00623293
17445,60,0.01807232
17446,60,0.02529203
17447,60,0.02712259
17448,60,0.03734769
17449,60,0.01006784
17450,60,0.00863667
17451,60,0.01018424
17452,60,0.00840272
17453,60,0.01804596
17454,60,0.00465272
17455,60,0.00692811
17456,60,0.00518896
17457,60,0.01948236
17458,60,0.01110368
17459,60,0.00576517
17460,60,0.00779566
17461,60,0.01892587
17462,60,0.00709477
17463,60,0.02057003
17464,60,0.01127954
17465,60,0.02760621
17466,60,0.00910869
17467,60,0.00514778
17468,60,0.01917402
17469,60,0.03897993
17470,60,0.01044615
17471,60,0.00385617
17472,60,0.00651616
17473,60,0.00867968
17474,60,0.01476205
17475,60,0.00374632
17476,60,0.00587927
17477,60,0.00288390
17478,60,0.00729248
17479,60,0.00437800
17480,60,0.00481061
17481,60,0.02927394
17482,60,0.00335828
17483,60,0.01902690
17484,60,0.00909261
17485,60,0.00619122
17486,60,0.00637970
17487,60,0.00521538
17488,60,0.00980869
17489,60,0.00608123
17490,60,0.02328008
17491,60,0.00874507
17492,60,0.00257155
17493,60,0.00820833
17494,60,0.00742956
17495,60,0.01400832
17496,60,0.00285485
17497,60,0.00533977
17498,60,0.00542077
17499,60,0.00966401
17500,60,0.00737937
17501,60,0.02924249
17502,60,0.00680587
17503,60,0.00592075
17504,60,0.02056509
17505,60,0.01542749
17506,60,0.01777321
17507,60,0.01425247
17508,60,0.00175743
17509,60,0.00660070
17510,60,0.01812491
17511,60,0.00833034
17512,60,0.00369778
17513,60,0.01846500
17514,60,0.00873698
17515,60,0.00646218
17516,60,0.00644054
17517,60,0.00959003
17518,60,0.01069397
17519,60,0.07666168
17520,60,0.01525084
17521,60,0.00647464
17522,60,0.01786330
17523,60,0.00743530
17524,60,0.00675405
17525,60,0.01825757
17526,60,0.00522368
17527,60,0.00399737
17528,60,0.00828482
17529,60,0.00431729
17530,60,0.00463623
17531,60,0.05640299
17532,60,0.00543985
17533,60,0.00788953
17534,60,0.00780682
17535,60,0.01625337
17536,60,0.02943946
17537,60,0.00591519
17538,60,0.01244996
17539,60,0.00786061
17540,60,0.02041542
17541,60,0.00905209
17542,60,0.00418085
17543,60,0.00769187
17544,60,0.00599908
17545,60,0.01839385
17546,60,0.02404189
17547,60,0.00745116
17548,60,0.00979303
17549,60,0.00529308
17550,60,0.03195943
17551,60,0.00534796
17552,60,0.00401480
17553,60,0.00549418
17554,60,0.03378154
17555,60,0.00584017
17556,60,0.00589176
17557,60,0.00656196
17558,60,0.00708453
17559,60,0.02841705
17560,60,0.01618318
17561,60,0.00787458
17562,60,0.00742741
17563,60,0.00666832
17564,60,0.00501725
17565,60,0.00620711
17566,60,0.01522262
17567,60,0.00974242
17568,60,0.01867929
17569,60,0.00610455
17570,60,0.00833742
17571,60,0.01152363
17572,60,0.00788788
17573,60,0.00462948
17574,60,0.01164288
17575,60,0.03054434
17576,60,0.00751454
17577,60,0.03060289
17578,60,0.07428625
17579,60,0.00455144
17580,60,0.01743393
17581,61,0.00472762
17582,61,0.00850410
17583,61,0.00665398
17584,61,0.01202934
17585,61,0.01328176
17586,61,0.00576996
17587,61,0.00948683
17588,61,0.00489422
17589,61,0.03779625
17590,61,0.00541408
17591,61,0.00484293
17592,61,0.02363631
17593,61,0.00662685
17594,61,0.00800650
17595,61,0.00554345
17596,61,0.00457887
17597,61,0.00987465
17598,61,0.01075143
17599,61,0.02317572
17600,61,0.00595812
17601,61,0.01916203
17602,61,0.01711688
17603,61,0.01408029
17604,61,0.03046185
17605,61,0.00459047
17606,61,0.01119929
17607,61,0.01345729
17608,61,0.03785032
17609,61,0.01422290
17610,61,0.00764664
17611,61,0.03022444
17612,61,0.00481209
17613,61,0.00710817
17614,61,0.00456351
17615,61,0.02270865
17616,61,0.06376711
17617,61,0.00323715
17618,61,0.00652680
17619,61,0.01450757
17620,61,0.00484755
17621,61,0.00489815
17622,61,0.00538875
17623,61,0.01038440
17624,61,0.00729711
17625,61,0.02722949
17626,61,0.00507549
17627,61,0.00545559
17628,61,0.04495633
17629,61,0.04214865
17630,61,0.02139849
17631,61,0.02972265
17632,61,0.00917390
17633,61,0.03800144
17634,61,0.00481005
17635,61,0.00476718
17636,61,0.00926666
17637,61,0.00535579
17638,61,0.00779215
17639,61,0.00395743
17640,61,0.02164422
17641,61,0.00455581
17642,61,0.00722343
17643,61,0.00921673
17644,61,0.00443561
17645,61,0.04239828
17646,61,0.00395966
17647,61,0.03343437
17648,61,0.00710172
17649,61,0.00529118
17650,61,0.00328542
17651,61,0.00585685
17652,61,0.00328809
17653,61,0.00873202
17654,61,0.00957957
17655,61,0.02383476
17656,61,0.00436588
17657,61,0.00674985
17658,61,0.00670903
17659,61,0.00527097
17660,61,0.03021206
17661,61,0.00417042
17662,61,0.00825978
17663,61,0.00517265
17664,61,0.00485916
17665,61,0.00439116
17666,61,0.01185546
17667,61,0.00618544
17668,61,0.00665177
17669,61,0.00406050
17670,61,0.00362275
17671,61,0.00152091
17672,61,0.00483703
17673,61,0.00702992
17674,61,0.00626688
17675,61,0.00785627
17676,61,0.02518739
17677,61,0.01133622
17678,61,0.00954571
17679,61,0.01056411
17680,61,0.00972953
17681,61,0.02359032
17682,61,0.00498252
17683,61,0.00948653
17684,61,0.00613436
17685,61,0.01444647
17686,61,0.00668610
17687,61,0.00484647
17688,61,0.02562963
17689,61,0.03674639
17690,61,0.01013723
17691,61,0.03553838
17692,61,0.00481070
17693,61,0.00956792
17694,61,0.00611822
17695,61,0.00675537
17696,61,0.00693430
17697,61,0.03886342
17698,61,0.01204266
17699,61,0.00544812
17700,61,0.03018740
17701,61,0.00751581
17702,61,0.00418546
17703,61,0.01065127
17704,61,0.02269815
17705,61,0.00848366
17706,61,0.00782722
17707,61,0.00860337
17708,61,0.07094166
17709,61,0.01502814
17710,61,0.03494050
17711,61,0.00724343
17712,61,0.01083515
17713,61,0.00502493
17714,61,0.01651067
17715,61,0.00790767
17716,61,0.00734236
17717,61,0.02456581
17718,61,0.00756368
17719,61,0.00428895
17720,61,0.03097275
17721,61,0.00395139
17722,61,0.00386737
17723,61,0.00343369
17724,61,0.02002162
17725,61,0.00309496
17726,61,0.00349044
17727,61,0.00514345
17728,61,0.00554898
17729,61,0.00448085
17730,61,0.02131676
17731,61,0.00909355
17732,61,0.01750582
17733,61,0.01083522
17734,61,0.00521773
17735,61,0.00859974
17736,61,0.01071325
17737,61,0.06275633
17738,61,0.00798919
17739,61,0.02881452
17740,61,0.01331561
17741,61,0.00541417
17742,61,0.02607138
17743,61,0.00821956
17744,61,0.00805474
17745,61,0.00564190
17746,61,0.03690342
17747,61,0.00663986
17748,61,0.00506397
17749,61,0.00420884
17750,61,0.02541703
17751,61,0.00584467
17752,61,0.00241833
17753,61,0.00815398
17754,61,0.00756115
17755,61,0.02672049
17756,61,0.03986823
17757,61,0.02313015
17758,61,0.02002268
17759,61,0.01189009
17760,61,0.00365247
17761,61,0.00318057
17762,61,0.00942477
17763,61,0.01854934
17764,61,0.02183432
17765,61,0.02040855
17766,61,0.00485377
17767,61,0.00845098
17768,61,0.01018115
17769,61,0.00455214
17770,61,0.00617856
17771,61,0.00491794
17772,61,0.00560592
17773,61,0.02439237
17774,61,0.00441352
17775,61,0.00390967
17776,61,0.00508060
17777,61,0.01495832
17778,61,0.00388032
17779,61,0.00858033
17780,61,0.00521126
17781,61,0.02860112
17782,61,0.00395584
17783,61,0.03650747
17784,61,0.01144117
17785,61,0.00473073
17786,61,0.00685296
17787,61,0.01183220
17788,61,0.02300612
17789,61,0.00590750
17790,61,0.00700356
17791,61,0.00793680
17792,61,0.00448387
17793,61,0.00535393
17794,61,0.01068711
17795,61,0.00545751
17796,61,0.00727197
17797,61,0.00615482
17798,61,0.00495070
17799,61,0.01649023
17800,61,0.05120665
17801,61,0.00592904
17802,61,0.00516377
17803,61,0.01343838
17804,61,0.02806339
17805,61,0.01353450
17806,61,0.00937359
17807,61,0.00361241
17808,61,0.00679333
17809,61,0.00925296
17810,61,0.00491787
17811,61,0.02453226
17812,61,0.01754525
17813,61,0.01648675
17814,61,0.00662793
17815,61,0.00975072
17816,61,0.01120928
17817,61,0.01348829
17818,61,0.00477533
17819,61,0.00428772
17820,61,0.00532397
17821,61,0.00485335
17822,61,0.00811207
17823,61,0.00445827
17824,61,0.00669220
17825,61,0.00578648
17826,61,0.00460244
17827,61,0.00622309
17828,61,0.02977028
17829,61,0.00859461
17830,61,0.00903669
17831,61,0.02061131
17832,61,0.00974859
17833,61,0.00434633
17834,61,0.00479888
17835,61,0.00743386
17836,61,0.00454009
17837,61,0.00768671
17838,61,0.02635236
17839,61,0.00555605
17840,61,0.01112889
17841,61,0.00737374
17842,61,0.01178428
17843,61,0.01663264
17844,61,0.00566680
17845,61,0.00808722
17846,61,0.01620574
17847,61,0.00323148
17848,61,0.00729326
17849,61,0.01227878
17850,61,0.02135975
17851,61,0.00517945
17852,61,0.01263414
17853,61,0.00362444
17854,61,0.00645073
17855,61,0.00629815
17856,61,0.00807757
17857,61,0.00440724
17858,61,0.00763449
17859,61,0.03659839
17860,61,0.00597442
17861,61,0.00492983
17862,61,0.01848769
17863,61,0.00560046
17864,61,0.00467515
17865,61,0.01342060
17866,61,0.00905522
17867,61,0.00590775
17868,61,0.02078898
17869,61,0.00687492
17870,61,0.00588984
17871,61,0.00441708
17872,61,0.00624721
17873,61,0.01186346
17874,62,0.04559330
17875,62,0.00490861
17876,62,0.00789303
17877,62,0.00509847
17878,62,0.00694623
17879,62,0.00760414
17880,62,0.01068134
17881,62,0.00870300
17882,62,0.00844882
17883,62,0.00475143
17884,62,0.02182834
17885,62,0.00726813
17886,62,0.01679319
17887,62,0.01125339
17888,62,0.03550540
17889,62,0.01991319
17890,62,0.00886803
17891,62,0.01599832
17892,62,0.01598372
17893,62,0.00616604
17894,62,0.00640944
17895,62,0.00313865
17896,62,0.00451263
17897,62,0.00825331
17898,62,0.00789028
17899,62,0.00485972
17900,62,0.00815239
17901,62,0.00629197
17902,62,0.00919478
17903,62,0.00838907
17904,62,0.02449276
17905,62,0.00964194
17906,62,0.02263526
17907,62,0.01261340
17908,62,0.00474005
17909,62,0.06434911
17910,62,0.01277899
17911,62,0.03169746
17912,62,0.01707499
17913,62,0.00395909
17914,62,0.00591121
17915,62,0.02026403
17916,62,0.00862026
17917,62,0.02977594
17918,62,0.00788106
17919,62,0.01070115
17920,62,0.00963050
17921,62,0.00694718
17922,62,0.03867615
17923,62,0.02336904
17924,62,0.01031957
17925,62,0.00318877
17926,62,0.02504247
17927,62,0.01910779
17928,62,0.00533267
17929,62,0.01315860
17930,62,0.00756674
17931,62,0.00856572
17932,62,0.00510774
17933,62,0.00956438
17934,62,0.00533948
17935,62,0.00762094
17936,62,0.01659277
17937,62,0.04410375
17938,62,0.01062277
17939,62,0.00640998
17940,62,0.01797440
17941,62,0.01533422
17942,62,0.01483768
17943,62,0.00775497
17944,62,0.08510437
17945,62,0.00994398
17946,62,0.00724588
17947,62,0.01297996
17948,62,0.00790004
17949,62,0.01013814
17950,62,0.00369818
17951,62,0.00801811
17952,62,0.00672852
17953,62,0.00679234
17954,62,0.01023597
17955,62,0.00713125
17956,62,0.00498145
17957,62,0.01096512
17958,62,0.01585484
17959,62,0.04764239
17960,62,0.00695403
17961,62,0.00609627
17962,62,0.00485435
17963,62,0.00380164
17964,62,0.02266197
17965,62,0.02090185
17966,62,0.00489401
17967,62,0.00350966
17968,62,0.00504437
17969,62,0.00420961
17970,62,0.00734328
17971,62,0.00660828
17972,62,0.00831069
17973,62,0.00200218
17974,62,0.00721566
17975,62,0.00811263
17976,62,0.00656579
17977,62,0.00888383
17978,62,0.00802816
17979,62,0.01131503
17980,62,0.00488802
17981,62,0.00245969
17982,62,0.00935290
17983,62,0.00495451
17984,62,0.00772590
17985,62,0.00583309
17986,62,0.03724912
17987,62,0.00405734
17988,62,0.00433510
17989,62,0.00742886
17990,62,0.00805131
17991,62,0.00429575
17992,62,0.00527571
17993,62,0.00557564
17994,62,0.02183508
17995,62,0.00988637
17996,62,0.03153838
17997,62,0.00635702
17998,62,0.01631277
17999,62,0.00848928
18000,62,0.00607802
18001,62,0.00365633
18002,62,0.02018087
18003,62,0.00817741
18004,62,0.01217717
18005,62,0.00514532
18006,62,0.00961644
18007,62,0.00551083
18008,62,0.00653953
18009,62,0.02142831
18010,62,0.01939391
18011,62,0.00895889
18012,62,0.00521602
18013,62,0.00546101
18014,62,0.00270511
18015,62,0.02365897
18016,62,0.00976402
18017,62,0.00942420
18018,62,0.00790327
18019,62,0.00937123
18020,62,0.00516520
18021,62,0.00933555
18022,62,0.01988255
18023,62,0.01930797
18024,62,0.00927998
18025,62,0.00818984
18026,62,0.00523096
18027,62,0.00427564
18028,62,0.00428316
18029,62,0.01284999
18030,62,0.01261787
18031,62,0.01154888
18032,62,0.01744843
18033,62,0.01065291
18034,62,0.00700291
18035,62,0.01152450
18036,62,0.00795777
18037,62,0.00884432
18038,62,0.00725885
18039,62,0.02232991
18040,62,0.00797493
18041,62,0.00690275
18042,62,0.00688340
18043,62,0.00943256
18044,62,0.00780682
18045,62,0.00296487
18046,62,0.00579153
18047,62,0.00605620
18048,62,0.00503752
18049,62,0.00468340
18050,62,0.01204793
18051,62,0.00586034
18052,62,0.00467165
18053,62,0.03358536
18054,62,0.00726362
18055,62,0.01499268
18056,62,0.00561790
18057,62,0.00546997
18058,62,0.00939221
18059,62,0.00735390
18060,62,0.01956747
18061,62,0.01148013
18062,62,0.01062817
18063,62,0.00360943
18064,62,0.04433819
18065,62,0.02113565
18066,62,0.01117481
18067,62,0.03026856
18068,62,0.00502526
18069,62,0.00393273
18070,62,0.02882480
18071,62,0.02086754
18072,62,0.00621878
18073,62,0.00738194
18074,62,0.04141323
18075,62,0.00271295
18076,62,0.00737535
18077,62,0.02650200
18078,62,0.01850723
18079,62,0.03159731
18080,62,0.00929733
18081,62,0.00784259
18082,62,0.00434210
18083,62,0.00311823
18084,62,0.00831645
18085,62,0.01386451
18086,62,0.02762494
18087,62,0.01911125
18088,62,0.00514839
18089,62,0.00476845
18090,62,0.00556564
18091,62,0.00519173
18092,62,0.00941958
18093,62,0.01890429
18094,62,0.00632570
18095,62,0.00459754
18096,62,0.01668786
18097,62,0.00532856
18098,62,0.00749161
18099,62,0.01026885
18100,62,0.04256313
18101,62,0.00346664
18102,62,0.10754906
18103,62,0.03869876
18104,62,0.00640401
18105,62,0.00652718
18106,62,0.00507038
18107,62,0.00571396
18108,62,0.00455115
18109,62,0.00811804
18110,62,0.02664041
18111,62,0.00865668
18112,62,0.00381579
18113,62,0.00723430
18114,62,0.00687833
18115,62,0.00901186
18116,62,0.01717977
18117,62,0.00837149
18118,62,0.00570031
18119,62,0.00636968
18120,62,0.00309842
18121,62,0.00867145
18122,62,0.02366949
18123,62,0.00644879
18124,62,0.01221510
18125,62,0.00576403
18126,62,0.06834216
18127,62,0.00699697
18128,62,0.00595714
18129,62,0.03104400
18130,62,0.00440999
18131,62,0.01029030
18132,62,0.02104786
18133,62,0.01108009
18134,62,0.00898242
18135,62,0.00490398
18136,62,0.00760632
18137,62,0.00835228
18138,62,0.00791288
18139,62,0.03282575
18140,62,0.00816004
18141,62,0.00709842
18142,62,0.01079721
18143,62,0.00501388
18144,62,0.00453658
18145,62,0.00786503
18146,62,0.00753376
18147,62,0.00859514
18148,62,0.00434071
18149,62,0.00461633
18150,62,0.00518718
18151,62,0.00815757
18152,62,0.02210524
18153,62,0.00441594
18154,62,0.01445050
18155,62,0.00809378
18156,62,0.00669541
18157,62,0.00632322
18158,62,0.00918977
18159,62,0.00535943
18160,62,0.00597538
18161,62,0.00288860
18162,62,0.02757948
18163,62,0.00482192
18164,62,0.02342205
18165,62,0.00741463
18166,62,0.00461675
18167,63,0.00721561
18168,63,0.01403145
18169,63,0.00980831
18170,63,0.00358205
18171,63,0.00867706
18172,63,0.00680130
18173,63,0.00799896
18174,63,0.00693695
18175,63,0.00631695
18176,63,0.04797122
18177,63,0.00743798
18178,63,0.00515388
18179,63,0.01317876
18180,63,0.00718815
18181,63,0.00629927
18182,63,0.00404521
18183,63,0.00832353
18184,63,0.03910847
18185,63,0.01047526
18186,63,0.00823199
18187,63,0.00591747
18188,63,0.01743442
18189,63,0.03005973
18190,63,0.00757871
18191,63,0.00723710
18192,63,0.00529157
18193,63,0.00623635
18194,63,0.00513121
18195,63,0.02332402
18196,63,0.00625855
18197,63,0.00807984
18198,63,0.00870855
18199,63,0.01017348
18200,63,0.00560243
18201,63,0.00503519
18202,63,0.00971337
18203,63,0.00811587
18204,63,0.00218407
18205,63,0.00362775
18206,63,0.00485935
18207,63,0.00535528
18208,63,0.01507919
18209,63,0.00293685
18210,63,0.00518265
18211,63,0.00546205
18212,63,0.00527508
18213,63,0.00467826
18214,63,0.00667384
18215,63,0.00818449
18216,63,0.01473592
18217,63,0.00844502
18218,63,0.00416736
18219,63,0.00374011
18220,63,0.00399839
18221,63,0.00887293
18222,63,0.00387246
18223,63,0.00792156
18224,63,0.00369386
18225,63,0.00631344
18226,63,0.00481074
18227,63,0.00495129
18228,63,0.00193234
18229,63,0.00619556
18230,63,0.01278910
18231,63,0.06149412
18232,63,0.00635574
18233,63,0.01937081
18234,63,0.06677470
18235,63,0.01378248
18236,63,0.00359407
18237,63,0.00681892
18238,63,0.00681642
18239,63,0.00413451
18240,63,0.00578360
18241,63,0.03074853
18242,63,0.00368459
18243,63,0.02130460
18244,63,0.00341312
18245,63,0.01019258
18246,63,0.02019246
18247,63,0.00609063
18248,63,0.03176184
18249,63,0.00635809
18250,63,0.02327505
18251,63,0.01367010
18252,63,0.00978973
18253,63,0.00413292
18254,63,0.01159812
18255,63,0.01661233
18256,63,0.05460681
18257,63,0.00814935
18258,63,0.00547499
18259,63,0.01779089
18260,63,0.01690467
18261,63,0.00715121
18262,63,0.00815308
18263,63,0.00788391
18264,63,0.00600442
18265,63,0.01187205
18266,63,0.01078860
18267,63,0.00902899
18268,63,0.00691504
18269,63,0.00560377
18270,63,0.01883431
18271,63,0.05587132
18272,63,0.00322006
18273,63,0.04439066
18274,63,0.03133802
18275,63,0.00815454
18276,63,0.02391628
18277,63,0.03074407
18278,63,0.00947113
18279,63,0.06356666
18280,63,0.00826142
18281,63,0.00810846
18282,63,0.00435131
18283,63,0.00976805
18284,63,0.01104993
18285,63,0.00497404
18286,63,0.00482778
18287,63,0.00742884
18288,63,0.00442147
18289,63,0.00404395
18290,63,0.01369190
18291,63,0.00321663
18292,63,0.05139022
18293,63,0.01919213
18294,63,0.02542807
18295,63,0.00562218
18296,63,0.01089313
18297,63,0.00360023
18298,63,0.00333180
18299,63,0.00398753
18300,63,0.01495550
18301,63,0.01497492
18302,63,0.00503170
18303,63,0.00993064
18304,63,0.00999570
18305,63,0.01357497
18306,63,0.01137529
18307,63,0.01605023
18308,63,0.01328091
18309,63,0.00622988
18310,63,0.00606090
18311,63,0.00665688
18312,63,0.00544643
18313,63,0.00499326
18314,63,0.00619967
18315,63,0.03197130
18316,63,0.00835072
18317,63,0.00546891
18318,63,0.01481519
18319,63,0.01418291
18320,63,0.00604284
18321,63,0.00401116
18322,63,0.02675794
18323,63,0.02660033
18324,63,0.00608149
18325,63,0.02139901
18326,63,0.01025852
18327,63,0.01529895
18328,63,0.00458274
18329,63,0.00570595
18330,63,0.00675164
18331,63,0.00603580
18332,63,0.02331980
18333,63,0.05014260
18334,63,0.00621647
18335,63,0.01003484
18336,63,0.02422148
18337,63,0.00622932
18338,63,0.00338545
18339,63,0.00542426
18340,63,0.02985979
18341,63,0.00876546
18342,63,0.02321064
18343,63,0.00309350
18344,63,0.06356777
18345,63,0.00446208
18346,63,0.01008731
18347,63,0.01131812
18348,63,0.02977476
18349,63,0.00500642
18350,63,0.02529549
18351,63,0.01093958
18352,63,0.00636945
18353,63,0.02278692
18354,63,0.00717844
18355,63,0.00398230
18356,63,0.01011857
18357,63,0.00669812
18358,63,0.02086953
18359,63,0.00648769
18360,63,0.00765582
18361,63,0.00580310
18362,63,0.00689690
18363,63,0.00539276
18364,63,0.00713901
18365,63,0.00606568
18366,63,0.00828398
18367,63,0.01023716
18368,63,0.00572471
18369,63,0.01373956
18370,63,0.00608977
18371,63,0.02709019
18372,63,0.06488732
18373,63,0.00410968
18374,63,0.00768688
18375,63,0.00621608
18376,63,0.00307475
18377,63,0.00963857
18378,63,0.00648260
18379,63,0.01298962
18380,63,0.03344274
18381,63,0.00476250
18382,63,0.00225729
18383,63,0.01545203
18384,63,0.01228131
18385,63,0.01958506
18386,63,0.00771111
18387,63,0.00376576
18388,63,0.00678052
18389,63,0.00667417
18390,63,0.05339799
18391,63,0.04249809
18392,63,0.00485743
18393,63,0.01221920
18394,63,0.00368110
18395,63,0.00526990
18396,63,0.01019105
18397,63,0.00225284
18398,63,0.00460875
18399,63,0.00403583
18400,63,0.05420150
18401,63,0.00437913
18402,63,0.00643629
18403,63,0.00617369
18404,63,0.01129055
18405,63,0.00805779
18406,63,0.00497534
18407,63,0.03013589
18408,63,0.02126006
18409,63,0.01141242
18410,63,0.00521068
18411,63,0.00791207
18412,63,0.00979888
18413,63,0.00750877
18414,63,0.01024305
18415,63,0.03258833
18416,63,0.01120496
18417,63,0.00669153
18418,63,0.00519268
18419,63,0.01863343
18420,63,0.00586069
18421,63,0.00650712
18422,63,0.01327837
18423,63,0.00391960
18424,63,0.00581209
18425,63,0.00407895
18426,63,0.00426344
18427,63,0.03268406
18428,63,0.02406882
18429,63,0.01308147
18430,63,0.00493373
18431,63,0.01072796
18432,63,0.01787674
18433,63,0.01159881
18434,63,0.00817304
18435,63,0.00730397
18436,63,0.05049360
18437,63,0.02745620
18438,63,0.01859836
18439,63,0.00980691
18440,63,0.00417021
18441,63,0.00548647
18442,63,0.00352654
18443,63,0.00592295
18444,63,0.00647827
18445,63,0.00450657
18446,63,0.00705905
18447,63,0.00577992
18448,63,0.01223700
18449,63,0.04084645
18450,63,0.01725576
18451,63,0.00562316
18452,63,0.00377665
18453,63,0.00499818
18454,63,0.00799680
18455,63,0.00485397
18456,63,0.00638623
18457,63,0.00565968
18458,63,0.01128864
18459,63,0.00930207
18460,64,0.00333921
18461,64,0.02037521
18462,64,0.00581963
18463,64,0.01008181
18464,64,0.00756475
18465,64,0.00433780
18466,64,0.00688575
18467,64,0.01407956
18468,64,0.01170030
18469,64,0.00300836
18470,64,0.00713256
18471,64,0.06268656
18472,64,0.00944552
18473,64,0.00688630
18474,64,0.00782977
18475,64,0.00397137
18476,64,0.01191934
18477,64,0.01569650
18478,64,0.00506230
18479,64,0.00515861
18480,64,0.00906100
18481,64,0.00341822
18482,64,0.00804516
18483,64,0.00595070
18484,64,0.01079832
18485,64,0.01143160
18486,64,0.00389702
18487,64,0.00964000
18488,64,0.00333748
18489,64,0.02976514
18490,64,0.00431191
18491,64,0.00974614
18492,64,0.01961511
18493,64,0.00927579
18494,64,0.01037752
18495,64,0.00963709
18496,64,0.00601473
18497,64,0.00829696
18498,64,0.00322007
18499,64,0.00268497
18500,64,0.02166092
18501,64,0.00529928
18502,64,0.00641983
18503,64,0.00664254
18504,64,0.01452361
18505,64,0.00418380
18506,64,0.00355709
18507,64,0.00575854
18508,64,0.00682417
18509,64,0.00983443
18510,64,0.00535882
18511,64,0.00949358
18512,64,0.00816670
18513,64,0.00598650
18514,64,0.00782462
18515,64,0.02189773
18516,64,0.00485652
18517,64,0.00746118
18518,64,0.00543583
18519,64,0.01966404
18520,64,0.00715242
18521,64,0.00256123
18522,64,0.02678048
18523,64,0.00469821
18524,64,0.00301577
18525,64,0.00843644
18526,64,0.00875942
18527,64,0.00655473
18528,64,0.00767166
18529,64,0.00899707
18530,64,0.02396229
18531,64,0.01846625
18532,64,0.00618069
18533,64,0.03703167
18534,64,0.00631542
18535,64,0.01486974
18536,64,0.01101495
18537,64,0.00909747
18538,64,0.05099355
18539,64,0.00916493
18540,64,0.00590808
18541,64,0.00367804
18542,64,0.02994116
18543,64,0.00505502
18544,64,0.00778481
18545,64,0.00451929
18546,64,0.00672285
18547,64,0.00400954
18548,64,0.00406921
18549,64,0.00580826
18550,64,0.01856216
18551,64,0.00715548
18552,64,0.00622950
18553,64,0.00501482
18554,64,0.00359896
18555,64,0.00264062
18556,64,0.01117334
18557,64,0.00983388
18558,64,0.00574446
18559,64,0.02904006
18560,64,0.01029266
18561,64,0.02605931
18562,64,0.00878619
18563,64,0.00417324
18564,64,0.00278135
18565,64,0.00597257
18566,64,0.00899363
18567,64,0.01381581
18568,64,0.00829674
18569,64,0.01711931
18570,64,0.02257807
18571,64,0.00494089
18572,64,0.06093059
18573,64,0.01066202
18574,64,0.00635706
18575,64,0.01067655
18576,64,0.00916671
18577,64,0.00832831
18578,64,0.00700005
18579,64,0.00676618
18580,64,0.00408102
18581,64,0.01970353
18582,64,0.00877323
18583,64,0.04673851
18584,64,0.02610483
18585,64,0.01040070
18586,64,0.01236545
18587,64,0.00771543
18588,64,0.00773901
18589,64,0.00797444
18590,64,0.00534820
18591,64,0.02362236
18592,64,0.00641166
18593,64,0.05463786
18594,64,0.00629016
18595,64,0.00352622
18596,64,0.00412094
18597,64,0.00629018
18598,64,0.00678267
18599,64,0.00859312
18600,64,0.00989333
18601,64,0.00389784
18602,64,0.06811520
18603,64,0.00339136
18604,64,0.00773968
18605,64,0.01008479
18606,64,0.00817550
18607,64,0.00453352
18608,64,0.00868852
18609,64,0.00393641
18610,64,0.00352931
18611,64,0.00918157
18612,64,0.01681946
18613,64,0.03054896
18614,64,0.00870867
18615,64,0.01488836
18616,64,0.01170581
18617,64,0.01228327
18618,64,0.00714792
18619,64,0.03385620
18620,64,0.01333317
18621,64,0.00688956
18622,64,0.00668664
18623,64,0.00879347
18624,64,0.01398750
18625,64,0.03454679
18626,64,0.00691437
18627,64,0.01016586
18628,64,0.01046744
18629,64,0.02098771
18630,64,0.00843530
18631,64,0.01730384
18632,64,0.01133550
18633,64,0.01445742
18634,64,0.00864983
18635,64,0.00773248
18636,64,0.01311948
18637,64,0.00579516
18638,64,0.03021386
18639,64,0.00859045
18640,64,0.00637915
18641,64,0.00446908
18642,64,0.01053533
18643,64,0.01464823
18644,64,0.00380583
18645,64,0.02634503
18646,64,0.00329171
18647,64,0.00360058
18648,64,0.00630445
18649,64,0.00854737
18650,64,0.02067937
18651,64,0.01008563
18652,64,0.01500470
18653,64,0.02304701
18654,64,0.01528198
18655,64,0.00315359
18656,64,0.01119543
18657,64,0.01968227
18658,64,0.00638612
18659,64,0.02434817
18660,64,0.01156539
18661,64,0.00835085
18662,64,0.01948932
18663,64,0.02896241
18664,64,0.01159544
18665,64,0.02170094
18666,64,0.00503820
18667,64,0.00728541
18668,64,0.00665244
18669,64,0.00950693
18670,64,0.00699572
18671,64,0.00550356
18672,64,0.00749079
18673,64,0.00707404
18674,64,0.00856382
18675,64,0.00593874
18676,64,0.00928758
18677,64,0.00541500
18678,64,0.12178306
18679,64,0.03275158
18680,64,0.00603811
18681,64,0.00656127
18682,64,0.00632330
18683,64,0.01576899
18684,64,0.00871099
18685,64,0.00728050
18686,64,0.04043448
18687,64,0.00520651
18688,64,0.01967973
18689,64,0.01892428
18690,64,0.00764190
18691,64,0.01844250
18692,64,0.00380891
18693,64,0.02634419
18694,64,0.00368767
18695,64,0.00668970
18696,64,0.00928739
18697,64,0.00926568
18698,64,0.00374148
18699,64,0.02519873
18700,64,0.00195207
18701,64,0.01878836
18702,64,0.00564365
18703,64,0.00566171
18704,64,0.02378223
18705,64,0.00489747
18706,64,0.01582239
18707,64,0.00469689
18708,64,0.00348312
18709,64,0.00592956
18710,64,0.00645124
18711,64,0.02824251
18712,64,0.00815428
18713,64,0.00501518
18714,64,0.00339624
18715,64,0.00932999
18716,64,0.01284237
18717,64,0.00782024
18718,64,0.00345212
18719,64,0.00560320
18720,64,0.00729419
18721,64,0.02709691
18722,64,0.01058338
18723,64,0.01236623
18724,64,0.03294929
18725,64,0.01084698
18726,64,0.00576292
18727,64,0.00396602
18728,64,0.00546844
18729,64,0.00901213
18730,64,0.04578584
18731,64,0.01585569
18732,64,0.00375783
18733,64,0.00810209
18734,64,0.00367939
18735,64,0.02272579
18736,64,0.01142118
18737,64,0.00435750
18738,64,0.02295545
18739,64,0.00897551
18740,64,0.00760400
18741,64,0.00479267
18742,64,0.01611164
18743,64,0.01672826
18744,64,0.00460874
18745,64,0.00553658
18746,64,0.00972681
18747,64,0.02466635
18748,64,0.00426577
18749,64,0.00444479
18750,64,0.01537117
18751,64,0.00554720
18752,64,0.00199867
18753,65,0.00719280
18754,65,0.00421622
18755,65,0.00377288
18756,65,0.01386883
18757,65,0.02718193
18758,65,0.00517343
18759,65,0.00309292
18760,65,0.00833336
18761,65,0.00437918
18762,65,0.00803064
18763,65,0.00356144
18764,65,0.00550998
18765,65,0.00433245
18766,65,0.00876577
18767,65,0.00756196
18768,65,0.01464510
18769,65,0.01583095
18770,65,0.00362775
18771,65,0.00410991
18772,65,0.00212749
18773,65,0.00798577
18774,65,0.00383746
18775,65,0.01248801
18776,65,0.00405518
18777,65,0.01385075
18778,65,0.04225531
18779,65,0.01881142
18780,65,0.00760809
18781,65,0.00770629
18782,65,0.02173638
18783,65,0.01030547
18784,65,0.00437094
18785,65,0.01445405
18786,65,0.00391500
18787,65,0.02387585
18788,65,0.00839525
18789,65,0.02289339
18790,65,0.01300111
18791,65,0.01763434
18792,65,0.00922515
18793,65,0.01240480
18794,65,0.00929918
18795,65,0.00715641
18796,65,0.01276268
18797,65,0.00557518
18798,65,0.00415167
18799,65,0.01006132
18800,65,0.00426686
18801,65,0.00609119
18802,65,0.00361176
18803,65,0.01251366
18804,65,0.01407060
18805,65,0.00705512
18806,65,0.00562395
18807,65,0.01372233
18808,65,0.00732491
18809,65,0.02792437
18810,65,0.00878316
18811,65,0.00954918
18812,65,0.03518077
18813,65,0.00313438
18814,65,0.00691873
18815,65,0.00844918
18816,65,0.01244448
18817,65,0.00358132
18818,65,0.00233020
18819,65,0.00590776
18820,65,0.01368641
18821,65,0.00963543
18822,65,0.04702061
18823,65,0.00380263
18824,65,0.00377224
18825,65,0.01711759
18826,65,0.00958237
18827,65,0.01302080
18828,65,0.02338186
18829,65,0.00445718
18830,65,0.00861799
18831,65,0.00951600
18832,65,0.01272182
18833,65,0.02119059
18834,65,0.00594498
18835,65,0.00394929
18836,65,0.00508646
18837,65,0.00705557
18838,65,0.00574490
18839,65,0.00585980
18840,65,0.00454770
18841,65,0.00340532
18842,65,0.00640421
18843,65,0.00919039
18844,65,0.00365054
18845,65,0.00879143
18846,65,0.00446537
18847,65,0.00514377
18848,65,0.00489933
18849,65,0.00638251
18850,65,0.00233842
18851,65,0.02034135
18852,65,0.01023655
18853,65,0.01277673
18854,65,0.00705554
18855,65,0.01659605
18856,65,0.00835807
18857,65,0.00805888
18858,65,0.00361444
18859,65,0.00992416
18860,65,0.02564026
18861,65,0.00668439
18862,65,0.01061293
18863,65,0.00272443
18864,65,0.00612184
18865,65,0.00860498
18866,65,0.01763500
18867,65,0.00640693
18868,65,0.00589968
18869,65,0.03871910
18870,65,0.00749342
18871,65,0.00556785
18872,65,0.00848814
18873,65,0.00511108
18874,65,0.00249439
18875,65,0.00611554
18876,65,0.01046022
18877,65,0.00335260
18878,65,0.00940826
18879,65,0.00717224
18880,65,0.01155033
18881,65,0.03061165
18882,65,0.00884519
18883,65,0.00975429
18884,65,0.00752034
18885,65,0.02734095
18886,65,0.00767760
18887,65,0.00746813
18888,65,0.00925911
18889,65,0.00566386
18890,65,0.01555697
18891,65,0.00603689
18892,65,0.00935903
18893,65,0.00769235
18894,65,0.04499990
18895,65,0.00793631
18896,65,0.02098449
18897,65,0.00846402
18898,65,0.00590009
18899,65,0.01520226
18900,65,0.01396422
18901,65,0.01274373
18902,65,0.00946551
18903,65,0.00766009
18904,65,0.00897406
18905,65,0.00698216
18906,65,0.02645678
18907,65,0.00921000
18908,65,0.02621313
18909,65,0.00570235
18910,65,0.00925342
18911,65,0.00979957
18912,65,0.01127640
18913,65,0.00917467
18914,65,0.00705302
18915,65,0.00800367
18916,65,0.01040446
18917,65,0.00520274
18918,65,0.00567024
18919,65,0.03766201
18920,65,0.00631173
18921,65,0.00257376
18922,65,0.00372453
18923,65,0.01047250
18924,65,0.00461591
18925,65,0.01019877
18926,65,0.00968122
18927,65,0.00647956
18928,65,0.00706624
18929,65,0.03536526
18930,65,0.00857775
18931,65,0.00358521
18932,65,0.00790330
18933,65,0.00359847
18934,65,0.00635713
18935,65,0.00807414
18936,65,0.01960089
18937,65,0.00688534
18938,65,0.00321814
18939,65,0.01978204
18940,65,0.01720793
18941,65,0.00724220
18942,65,0.00660364
18943,65,0.03994676
18944,65,0.00358191
18945,65,0.03359821
18946,65,0.00639004
18947,65,0.00822933
18948,65,0.01539346
18949,65,0.00666463
18950,65,0.01434291
18951,65,0.01239801
18952,65,0.03576436
18953,65,0.02099219
18954,65,0.02303165
18955,65,0.00748717
18956,65,0.00360951
18957,65,0.01137380
18958,65,0.00888428
18959,65,0.04886475
18960,65,0.00341906
18961,65,0.05163901
18962,65,0.01936055
18963,65,0.00705357
18964,65,0.00425116
18965,65,0.00715689
18966,65,0.00578418
18967,65,0.00244595
18968,65,0.00487897
18969,65,0.01343879
18970,65,0.00981597
18971,65,0.02364400
18972,65,0.00550681
18973,65,0.03826240
18974,65,0.00595977
18975,65,0.00600771
18976,65,0.01891737
18977,65,0.00721511
18978,65,0.00335754
18979,65,0.00854163
18980,65,0.00591223
18981,65,0.00617673
18982,65,0.00310946
18983,65,0.00872234
18984,65,0.00666570
18985,65,0.00344277
18986,65,0.00468632
18987,65,0.05118759
18988,65,0.00553960
18989,65,0.00914467
18990,65,0.00791044
18991,65,0.01093561
18992,65,0.00677458
18993,65,0.01066748
18994,65,0.01053563
18995,65,0.02913784
18996,65,0.00507956
18997,65,0.00716850
18998,65,0.00807598
18999,65,0.01471466
19000,65,0.02062128
19001,65,0.00510440
19002,65,0.03605299
19003,65,0.00720312
19004,65,0.00901609
19005,65,0.01318566
19006,65,0.00429705
19007,65,0.00506848
19008,65,0.01301776
19009,65,0.00537182
19010,65,0.03228099
19011,65,0.01290488
19012,65,0.00287718
19013,65,0.00704728
19014,65,0.00500660
19015,65,0.00665746
19016,65,0.00250212
19017,65,0.00456411
19018,65,0.00572903
19019,65,0.00332707
19020,65,0.02825065
19021,65,0.03970397
19022,65,0.00549276
19023,65,0.00548173
19024,65,0.01430980
19025,65,0.01717603
19026,65,0.01192706
19027,65,0.00922709
19028,65,0.01756960
19029,65,0.03437791
19030,65,0.00600610
19031,65,0.00757461
19032,65,0.03034352
19033,65,0.00321584
19034,65,0.01219629
19035,65,0.00638441
19036,65,0.01285375
19037,65,0.00594739
19038,65,0.00975024
19039,65,0.00559662
19040,65,0.01038758
19041,65,0.01324811
19042,65,0.01958271
19043,65,0.00644941
19044,65,0.00481389
19045,65,0.02045650
19046,66,0.00876421
19047,66,0.00435554
19048,66,0.02417230
19049,66,0.02635507
19050,66,0.00426489
19051,66,0.01309183
19052,66,0.00928967
19053,66,0.00458191
19054,66,0.00545136
19055,66,0.01326660
19056,66,0.00693806
19057,66,0.00336675
19058,66,0.00316002
19059,66,0.00639623
19060,66,0.00733742
19061,66,0.00457064
19062,66,0.00636989
19063,66,0.00186991
19064,66,0.00836278
19065,66,0.00635372
19066,66,0.00667302
19067,66,0.00689138
19068,66,0.00291690
19069,66,0.01857070
19070,66,0.00700223
19071,66,0.01905827
19072,66,0.01813646
19073,66,0.00983971
19074,66,0.00802949
19075,66,0.01068952
19076,66,0.01039474
19077,66,0.01230125
19078,66,0.00429407
19079,66,0.00490558
19080,66,0.01008377
19081,66,0.00864864
19082,66,0.00787235
19083,66,0.02385232
19084,66,0.00978964
19085,66,0.01031983
19086,66,0.02164180
19087,66,0.00921678
19088,66,0.00941823
19089,66,0.03773718
19090,66,0.01508613
19091,66,0.00523931
19092,66,0.00981422
19093,66,0.00659981
19094,66,0.01511855
19095,66,0.00497827
19096,66,0.00915818
19097,66,0.00651909
19098,66,0.01197482
19099,66,0.02496590
19100,66,0.00523205
19101,66,0.00488908
19102,66,0.03722136
19103,66,0.01092256
19104,66,0.00531665
19105,66,0.00350501
19106,66,0.00557768
19107,66,0.01105482
19108,66,0.01917799
19109,66,0.00461340
19110,66,0.00443356
19111,66,0.00406238
19112,66,0.01048183
19113,66,0.01660011
19114,66,0.00347151
19115,66,0.00450886
19116,66,0.00341073
19117,66,0.01247531
19118,66,0.00568645
19119,66,0.01004394
19120,66,0.01008658
19121,66,0.04623172
19122,66,0.00948965
19123,66,0.00372564
19124,66,0.00692424
19125,66,0.00631047
19126,66,0.00702040
19127,66,0.01593920
19128,66,0.00894721
19129,66,0.04395350
19130,66,0.00318330
19131,66,0.02773160
19132,66,0.00337494
19133,66,0.02136881
19134,66,0.02719798
19135,66,0.00846048
19136,66,0.01142028
19137,66,0.01481761
19138,66,0.00578329
19139,66,0.01462482
19140,66,0.00629396
19141,66,0.01975182
19142,66,0.01136308
19143,66,0.01444890
19144,66,0.00636661
19145,66,0.02614871
19146,66,0.00641604
19147,66,0.00539583
19148,66,0.01697020
19149,66,0.00357036
19150,66,0.00814573
19151,66,0.02106358
19152,66,0.00183668
19153,66,0.00403279
19154,66,0.01238276
19155,66,0.00906633
19156,66,0.00941360
19157,66,0.00630973
19158,66,0.01883294
19159,66,0.00548182
19160,66,0.03451721
19161,66,0.00341325
19162,66,0.01670575
19163,66,0.00751381
19164,66,0.01020930
19165,66,0.01002545
19166,66,0.01296209
19167,66,0.01027390
19168,66,0.05392292
19169,66,0.00698869
19170,66,0.00631003
19171,66,0.00447402
19172,66,0.00375543
19173,66,0.00370504
19174,66,0.02935485
19175,66,0.04314845
19176,66,0.01004283
19177,66,0.01031248
19178,66,0.00390818
19179,66,0.03069491
19180,66,0.00987318
19181,66,0.00927204
19182,66,0.01157797
19183,66,0.01329154
19184,66,0.01189714
19185,66,0.01007227
19186,66,0.00328548
19187,66,0.01444439
19188,66,0.00443134
19189,66,0.02954709
19190,66,0.00307588
19191,66,0.00830162
19192,66,0.01679534
19193,66,0.02876511
19194,66,0.01023492
19195,66,0.00488250
19196,66,0.00703350
19197,66,0.00632056
19198,66,0.00854564
19199,66,0.00943354
19200,66,0.00861589
19201,66,0.00965949
19202,66,0.00517535
19203,66,0.00902779
19204,66,0.00583420
19205,66,0.00788523
19206,66,0.00465521
19207,66,0.00450529
19208,66,0.00813312
19209,66,0.00358383
19210,66,0.04229895
19211,66,0.02621490
19212,66,0.00487605
19213,66,0.00811324
19214,66,0.00981881
19215,66,0.00911410
19216,66,0.02279054
19217,66,0.00339450
19218,66,0.01489737
19219,66,0.00516327
19220,66,0.02865349
19221,66,0.00263574
19222,66,0.00776343
19223,66,0.00464521
19224,66,0.00387077
19225,66,0.00909362
19226,66,0.00449680
19227,66,0.00773883
19228,66,0.00278067
19229,66,0.01229707
19230,66,0.00689735
19231,66,0.03708567
19232,66,0.00848134
19233,66,0.00329232
19234,66,0.01415759
19235,66,0.00624807
19236,66,0.00890093
19237,66,0.00309000
19238,66,0.01082808
19239,66,0.00744496
19240,66,0.00322941
19241,66,0.02014810
19242,66,0.00240846
19243,66,0.06819811
19244,66,0.01854432
19245,66,0.00343167
19246,66,0.00769214
19247,66,0.00552445
19248,66,0.00663725
19249,66,0.00689952
19250,66,0.01406610
19251,66,0.02176663
19252,66,0.00346491
19253,66,0.00546332
19254,66,0.00808022
19255,66,0.00594702
19256,66,0.01694417
19257,66,0.00694800
19258,66,0.00526808
19259,66,0.01125983
19260,66,0.01572944
19261,66,0.00396000
19262,66,0.00759470
19263,66,0.01400135
19264,66,0.00338807
19265,66,0.01360601
19266,66,0.01320813
19267,66,0.00460374
19268,66,0.00645718
19269,66,0.00597532
19270,66,0.00892958
19271,66,0.01763518
19272,66,0.01634473
19273,66,0.02509936
19274,66,0.00301902
19275,66,0.00268571
19276,66,0.00575956
19277,66,0.00444357
19278,66,0.03174932
19279,66,0.00613134
19280,66,0.00403764
19281,66,0.01427844
19282,66,0.00490365
19283,66,0.00515930
19284,66,0.00387676
19285,66,0.00837677
19286,66,0.00562346
19287,66,0.01378667
19288,66,0.00697620
19289,66,0.00728967
19290,66,0.00711082
19291,66,0.01041224
19292,66,0.00538080
19293,66,0.00435537
19294,66,0.01185783
19295,66,0.00794270
19296,66,0.00592222
19297,66,0.00845354
19298,66,0.00736719
19299,66,0.01152212
19300,66,0.01339957
19301,66,0.07306627
19302,66,0.00697615
19303,66,0.02750652
19304,66,0.01912641
19305,66,0.00377919
19306,66,0.02071810
19307,66,0.01139005
19308,66,0.04042394
19309,66,0.02835621
19310,66,0.03065251
19311,66,0.00430987
19312,66,0.00807440
19313,66,0.01113490
19314,66,0.00574025
19315,66,0.00561738
19316,66,0.02276895
19317,66,0.00827701
19318,66,0.00504995
19319,66,0.00244297
19320,66,0.00526451
19321,66,0.00302693
19322,66,0.00958164
19323,66,0.03127337
19324,66,0.00739553
19325,66,0.00594995
19326,66,0.01405866
19327,66,0.04077241
19328,66,0.00458078
19329,66,0.00408640
19330,66,0.00475884
19331,66,0.00300813
19332,66,0.00831858
19333,66,0.00556249
19334,66,0.00699368
19335,66,0.07251383
19336,66,0.00794954
19337,66,0.01654054
19338,66,0.00804031
19339,67,0.00788708
19340,67,0.00748243
19341,67,0.00339474
19342,67,0.00983452
19343,67,0.00746924
19344,67,0.00495110
19345,67,0.00688942
19346,67,0.00825025
19347,67,0.00460269
19348,67,0.01464229
19349,67,0.00796871
19350,67,0.00631983
19351,67,0.01535949
19352,67,0.01458225
19353,67,0.02179460
19354,67,0.00728515
19355,67,0.01095773
19356,67,0.00282134
19357,67,0.00246310
19358,67,0.00694183
19359,67,0.00854905
19360,67,0.01021956
19361,67,0.00993192
19362,67,0.00371054
19363,67,0.01079802
19364,67,0.00524445
19365,67,0.00336538
19366,67,0.00288646
19367,67,0.03808382
19368,67,0.01457711
19369,67,0.00677975
19370,67,0.01135212
19371,67,0.03617838
19372,67,0.00627083
19373,67,0.00672889
19374,67,0.00312806
19375,67,0.00866449
19376,67,0.00989401
19377,67,0.00641093
19378,67,0.00872028
19379,67,0.00330572
19380,67,0.00356625
19381,67,0.01924841
19382,67,0.01089131
19383,67,0.00384898
19384,67,0.00660416
19385,67,0.00604423
19386,67,0.00518811
19387,67,0.02438391
19388,67,0.00257677
19389,67,0.01557575
19390,67,0.00293008
19391,67,0.00506572
19392,67,0.05685192
19393,67,0.02012612
19394,67,0.02718329
19395,67,0.01114095
19396,67,0.02065458
19397,67,0.00736242
19398,67,0.01790665
19399,67,0.01401793
19400,67,0.01501761
19401,67,0.00494703
19402,67,0.00553354
19403,67,0.02557881
19404,67,0.00846441
19405,67,0.00855853
19406,67,0.00849113
19407,67,0.01727927
19408,67,0.00873158
19409,67,0.00515480
19410,67,0.00868865
19411,67,0.00906710
19412,67,0.00504841
19413,67,0.00578449
19414,67,0.00793184
19415,67,0.00508362
19416,67,0.00742846
19417,67,0.00507861
19418,67,0.02899668
19419,67,0.04751066
19420,67,0.00423737
19421,67,0.01204338
19422,67,0.00650376
19423,67,0.00531978
19424,67,0.00773874
19425,67,0.00891137
19426,67,0.00887228
19427,67,0.00631201
19428,67,0.00550933
19429,67,0.00535523
19430,67,0.00809426
19431,67,0.01204781
19432,67,0.05914913
19433,67,0.00700826
19434,67,0.02022667
19435,67,0.00380043
19436,67,0.01411182
19437,67,0.06613610
19438,67,0.02544745
19439,67,0.00452859
19440,67,0.00344120
19441,67,0.00489059
19442,67,0.00666159
19443,67,0.01226861
19444,67,0.00430437
19445,67,0.00591465
19446,67,0.00788164
19447,67,0.01500575
19448,67,0.02663579
19449,67,0.00840362
19450,67,0.00918251
19451,67,0.01892072
19452,67,0.00519985
19453,67,0.00945536
19454,67,0.00370967
19455,67,0.00534801
19456,67,0.00700135
19457,67,0.00847567
19458,67,0.01281463
19459,67,0.00877474
19460,67,0.00559213
19461,67,0.02830612
19462,67,0.01094172
19463,67,0.01534111
19464,67,0.00710101
19465,67,0.00580073
19466,67,0.05143488
19467,67,0.03011114
19468,67,0.00754112
19469,67,0.00816681
19470,67,0.01263608
19471,67,0.00448869
19472,67,0.01073269
19473,67,0.01618877
19474,67,0.00987890
19475,67,0.02265811
19476,67,0.03029880
19477,67,0.01756176
19478,67,0.00567927
19479,67,0.00565746
19480,67,0.00596092
19481,67,0.03018827
19482,67,0.00483540
19483,67,0.04544723
19484,67,0.00662648
19485,67,0.00561016
19486,67,0.02195234
19487,67,0.00650970
19488,67,0.00429228
19489,67,0.01394602
19490,67,0.01672344
19491,67,0.01381293
19492,67,0.00690070
19493,67,0.00661759
19494,67,0.00617199
19495,67,0.00693132
19496,67,0.00529739
19497,67,0.00537669
19498,67,0.03008888
19499,67,0.00700612
19500,67,0.00724590
19501,67,0.00346250
19502,67,0.00513065
19503,67,0.00881158
19504,67,0.00315920
19505,67,0.00496703
19506,67,0.01366444
19507,67,0.00510233
19508,67,0.01312629
19509,67,0.00932342
19510,67,0.01355983
19511,67,0.00945232
19512,67,0.00562417
19513,67,0.00893643
19514,67,0.00389762
19515,67,0.00590330
19516,67,0.00644760
19517,67,0.01722820
19518,67,0.00409874
19519,67,0.00638248
19520,67,0.01251163
19521,67,0.01375451
19522,67,0.01797086
19523,67,0.00574791
19524,67,0.00500927
19525,67,0.00846227
19526,67,0.00492423
19527,67,0.00918352
19528,67,0.00877321
19529,67,0.00384852
19530,67,0.03002491
19531,67,0.00762006
19532,67,0.00481413
19533,67,0.00725293
19534,67,0.02721956
19535,67,0.00674113
19536,67,0.01180232
19537,67,0.00665597
19538,67,0.00935854
19539,67,0.05960051
19540,67,0.00456268
19541,67,0.00413730
19542,67,0.00794782
19543,67,0.00673114
19544,67,0.00391454
19545,67,0.00815208
19546,67,0.00825792
19547,67,0.03817981
19548,67,0.00795681
19549,67,0.03407602
19550,67,0.00546792
19551,67,0.00191270
19552,67,0.01019635
19553,67,0.02620426
19554,67,0.00860888
19555,67,0.00178940
19556,67,0.00691771
19557,67,0.00496903
19558,67,0.00643341
19559,67,0.00596602
19560,67,0.05323649
19561,67,0.05672493
19562,67,0.00557438
19563,67,0.00763313
19564,67,0.00417778
19565,67,0.01162471
19566,67,0.01077611
19567,67,0.02793818
19568,67,0.01370148
19569,67,0.00633912
19570,67,0.00434388
19571,67,0.00677230
19572,67,0.00856347
19573,67,0.00444659
19574,67,0.00404976
19575,67,0.00725536
19576,67,0.00327491
19577,67,0.04466243
19578,67,0.00871065
19579,67,0.01207502
19580,67,0.00380955
19581,67,0.03985669
19582,67,0.01797764
19583,67,0.00271068
19584,67,0.00519218
19585,67,0.02962908
19586,67,0.00409833
19587,67,0.00910560
19588,67,0.01330340
19589,67,0.02304278
19590,67,0.02697131
19591,67,0.01424062
19592,67,0.01391374
19593,67,0.01064660
19594,67,0.01475184
19595,67,0.01624097
19596,67,0.03112999
19597,67,0.00758914
19598,67,0.00530052
19599,67,0.00383501
19600,67,0.01073036
19601,67,0.00572455
19602,67,0.01392928
19603,67,0.00369616
19604,67,0.00689748
19605,67,0.00388333
19606,67,0.04975364
19607,67,0.02104910
19608,67,0.02462579
19609,67,0.04299596
19610,67,0.00385422
19611,67,0.00485080
19612,67,0.03944668
19613,67,0.01071389
19614,67,0.00333556
19615,67,0.00779974
19616,67,0.01629033
19617,67,0.00894873
19618,67,0.00346820
19619,67,0.01834931
19620,67,0.01892214
19621,67,0.02733434
19622,67,0.00818357
19623,67,0.01313004
19624,67,0.00647065
19625,67,0.00428598
19626,67,0.01127263
19627,67,0.00432666
19628,67,0.00403654
19629,67,0.00493850
19630,67,0.00339470
19631,67,0.01492896
19632,68,0.00543510
19633,68,0.00304609
19634,68,0.00392041
19635,68,0.00690038
19636,68,0.00390714
19637,68,0.05144001
19638,68,0.00848310
19639,68,0.00621191
19640,68,0.00597279
19641,68,0.01497331
19642,68,0.00486412
19643,68,0.00379924
19644,68,0.00872611
19645,68,0.02269495
19646,68,0.00470803
19647,68,0.01734675
19648,68,0.00632525
19649,68,0.00720047
19650,68,0.00888713
19651,68,0.01039747
19652,68,0.00564119
19653,68,0.00560767
19654,68,0.00845185
19655,68,0.03160628
19656,68,0.00427316
19657,68,0.02552980
19658,68,0.00753821
19659,68,0.00368472
19660,68,0.00426554
19661,68,0.00752545
19662,68,0.00396970
19663,68,0.02504622
19664,68,0.00733654
19665,68,0.00394407
19666,68,0.02526119
19667,68,0.03445805
19668,68,0.01686030
19669,68,0.00516216
19670,68,0.00676693
19671,68,0.00841807
19672,68,0.01267357
19673,68,0.00382418
19674,68,0.00496997
19675,68,0.00845888
19676,68,0.00737351
19677,68,0.00885396
19678,68,0.00339792
19679,68,0.00799664
19680,68,0.00805940
19681,68,0.02345486
19682,68,0.00335962
19683,68,0.01166728
19684,68,0.03190253
19685,68,0.00362939
19686,68,0.01107691
19687,68,0.00606649
19688,68,0.02388288
19689,68,0.00399068
19690,68,0.00562691
19691,68,0.00803642
19692,68,0.00866322
19693,68,0.01462481
19694,68,0.00667090
19695,68,0.00570002
19696,68,0.00227177
19697,68,0.00423513
19698,68,0.00871283
19699,68,0.01145623
19700,68,0.00846428
19701,68,0.00929443
19702,68,0.06664201
19703,68,0.03132599
19704,68,0.00608891
19705,68,0.01605297
19706,68,0.00671181
19707,68,0.00915715
19708,68,0.00416005
19709,68,0.00629132
19710,68,0.09187991
19711,68,0.00593505
19712,68,0.01623297
19713,68,0.00337743
19714,68,0.00947993
19715,68,0.00421201
19716,68,0.00317266
19717,68,0.01038140
19718,68,0.00919931
19719,68,0.08470988
19720,68,0.00564033
19721,68,0.01125034
19722,68,0.00441062
19723,68,0.00818027
19724,68,0.00586326
19725,68,0.01623125
19726,68,0.00724856
19727,68,0.00729996
19728,68,0.00922310
19729,68,0.01408687
19730,68,0.03704428
19731,68,0.00704191
19732,68,0.01475881
19733,68,0.00431431
19734,68,0.00492824
19735,68,0.03158116
19736,68,0.00492500
19737,68,0.00512043
19738,68,0.01215215
19739,68,0.01502930
19740,68,0.04169473
19741,68,0.01117228
19742,68,0.00952103
19743,68,0.00611936
19744,68,0.03382092
19745,68,0.00632574
19746,68,0.01599050
19747,68,0.00628304
19748,68,0.01286060
19749,68,0.04217768
19750,68,0.03008140
19751,68,0.01249527
19752,68,0.00565810
19753,68,0.01438346
19754,68,0.00875443
19755,68,0.01121255
19756,68,0.00386323
19757,68,0.01409359
19758,68,0.00672761
19759,68,0.01353556
19760,68,0.00553465
19761,68,0.00690502
19762,68,0.00847248
19763,68,0.00492201
19764,68,0.03939594
19765,68,0.02529869
19766,68,0.00513703
19767,68,0.00956407
19768,68,0.03109557
19769,68,0.00940503
19770,68,0.00782844
19771,68,0.02524191
19772,68,0.00365878
19773,68,0.00961749
19774,68,0.00411659
19775,68,0.00631832
19776,68,0.01771004
19777,68,0.00519869
19778,68,0.00809169
19779,68,0.00986810
19780,68,0.02945668
19781,68,0.01239778
19782,68,0.00458723
19783,68,0.01598058
19784,68,0.00458329
19785,68,0.01355943
19786,68,0.00358000
19787,68,0.01327312
19788,68,0.00338907
19789,68,0.00664195
19790,68,0.00603514
19791,68,0.01588976
19792,68,0.01018068
19793,68,0.00934059
19794,68,0.01732018
19795,68,0.03184226
19796,68,0.00635475
19797,68,0.03319337
19798,68,0.01496840
19799,68,0.01125831
19800,68,0.01087546
19801,68,0.00395613
19802,68,0.01030365
19803,68,0.00869608
19804,68,0.02807446
19805,68,0.00392076
19806,68,0.01298311
19807,68,0.01214874
19808,68,0.00781177
19809,68,0.00854492
19810,68,0.00378733
19811,68,0.00405300
19812,68,0.00481929
19813,68,0.01115138
19814,68,0.00690803
19815,68,0.00588032
19816,68,0.01078884
19817,68,0.00593745
19818,68,0.00683874
19819,68,0.01720337
19820,68,0.01399026
19821,68,0.00378281
19822,68,0.00480376
19823,68,0.00846411
19824,68,0.00544377
19825,68,0.00354445
19826,68,0.00600726
19827,68,0.00678977
19828,68,0.00601305
19829,68,0.00534627
19830,68,0.01506997
19831,68,0.00419905
19832,68,0.00853568
19833,68,0.00728400
19834,68,0.00653655
19835,68,0.00429917
19836,68,0.00557769
19837,68,0.00673082
19838,68,0.00859981
19839,68,0.00526004
19840,68,0.00285534
19841,68,0.00515452
19842,68,0.00771587
19843,68,0.00563435
19844,68,0.00958206
19845,68,0.00577540
19846,68,0.00633617
19847,68,0.00523879
19848,68,0.00801844
19849,68,0.00400332
19850,68,0.00583588
19851,68,0.00698437
19852,68,0.00511956
19853,68,0.00731004
19854,68,0.00397267
19855,68,0.00694263
19856,68,0.01706007
19857,68,0.00508516
19858,68,0.02092020
19859,68,0.03190002
19860,68,0.00331158
19861,68,0.00736315
19862,68,0.00389284
19863,68,0.00355725
19864,68,0.00555060
19865,68,0.00442581
19866,68,0.00562870
19867,68,0.01072018
19868,68,0.00699591
19869,68,0.00524042
19870,68,0.00582551
19871,68,0.00639648
19872,68,0.00605107
19873,68,0.02230090
19874,68,0.00367772
19875,68,0.00506120
19876,68,0.00838366
19877,68,0.00320114
19878,68,0.01936744
19879,68,0.00389691
19880,68,0.00865189
19881,68,0.00901376
19882,68,0.00568737
19883,68,0.05512873
19884,68,0.00885590
19885,68,0.04365645
19886,68,0.02150465
19887,68,0.00448133
19888,68,0.01290158
19889,68,0.00415131
19890,68,0.00664687
19891,68,0.00514845
19892,68,0.00656051
19893,68,0.00454001
19894,68,0.00990334
19895,68,0.00881246
19896,68,0.03555087
19897,68,0.01080996
19898,68,0.04760530
19899,68,0.03711828
19900,68,0.00353611
19901,68,0.00429488
19902,68,0.01356859
19903,68,0.00283194
19904,68,0.03856155
19905,68,0.00480479
19906,68,0.00241409
19907,68,0.00560170
19908,68,0.01106877
19909,68,0.03719669
19910,68,0.01450736
19911,68,0.00812008
19912,68,0.01642358
19913,68,0.00775491
19914,68,0.01875556
19915,68,0.00606112
19916,68,0.01408984
19917,68,0.00878228
19918,68,0.00475481
19919,68,0.00817186
19920,68,0.00480915
19921,68,0.04301985
19922,68,0.01473386
19923,68,0.03579536
19924,68,0.00676485
19925,69,0.01492164
19926,69,0.00802009
19927,69,0.00543768
19928,69,0.01338676
19929,69,0.00540229
19930,69,0.00595518
19931,69,0.02658546
19932,69,0.00654819
19933,69,0.00751875
19934,69,0.00509982
19935,69,0.01272768
19936,69,0.00643158
19937,69,0.01277739
19938,69,0.00204159
19939,69,0.01052696
19940,69,0.01508163
19941,69,0.00418598
19942,69,0.00730448
19943,69,0.05397223
19944,69,0.00715445
19945,69,0.00863334
19946,69,0.01788853
19947,69,0.04193179
19948,69,0.01341872
19949,69,0.00435203
19950,69,0.00883186
19951,69,0.04623236
19952,69,0.02599026
19953,69,0.01528723
19954,69,0.00875722
19955,69,0.00610362
19956,69,0.00961795
19957,69,0.00730281
19958,69,0.00702144
19959,69,0.01012507
19960,69,0.05142020
19961,69,0.00552821
19962,69,0.01249714
19963,69,0.00457383
19964,69,0.00435180
19965,69,0.01278745
19966,69,0.01680553
19967,69,0.00314347
19968,69,0.00851188
19969,69,0.01499614
19970,69,0.00252792
19971,69,0.00361058
19972,69,0.01135017
19973,69,0.00315751
19974,69,0.00568740
19975,69,0.01137460
19976,69,0.01031145
19977,69,0.00607173
19978,69,0.00663504
19979,69,0.01441044
19980,69,0.00326994
19981,69,0.00546658
19982,69,0.00423902
19983,69,0.00569083
19984,69,0.01552145
19985,69,0.00470435
19986,69,0.00495461
19987,69,0.01265179
19988,69,0.00392708
19989,69,0.00641590
19990,69,0.03396586
19991,69,0.01046988
19992,69,0.00442520
19993,69,0.01085152
19994,69,0.03517015
19995,69,0.00517886
19996,69,0.00686139
19997,69,0.02238371
19998,69,0.00514906
19999,69,0.04291755
20000,69,0.00783722
20001,69,0.00575643
20002,69,0.01009513
20003,69,0.00505039
20004,69,0.04598774
20005,69,0.02139574
20006,69,0.00476056
20007,69,0.00850998
20008,69,0.02629130
20009,69,0.03857252
20010,69,0.00553921
20011,69,0.00338403
20012,69,0.00904000
20013,69,0.00513686
20014,69,0.00937872
20015,69,0.00227047
20016,69,0.00594878
20017,69,0.01076097
20018,69,0.00313838
20019,69,0.00477133
20020,69,0.00853250
20021,69,0.00717394
20022,69,0.03027304
20023,69,0.00197886
20024,69,0.01110268
20025,69,0.00607370
20026,69,0.00708985
20027,69,0.00528238
20028,69,0.00943912
20029,69,0.01157152
20030,69,0.00856309
20031,69,0.00617419
20032,69,0.00654845
20033,69,0.00354794
20034,69,0.00617238
20035,69,0.00547391
20036,69,0.00636144
20037,69,0.02017681
20038,69,0.00644217
20039,69,0.01133392
20040,69,0.03423034
20041,69,0.00512266
20042,69,0.00464155
20043,69,0.05317460
20044,69,0.02442257
20045,69,0.02906878
20046,69,0.01390894
20047,69,0.01008973
20048,69,0.00706384
20049,69,0.00482675
20050,69,0.00688601
20051,69,0.00296608
20052,69,0.02524104
20053,69,0.00788138
20054,69,0.00418513
20055,69,0.00510107
20056,69,0.00821234
20057,69,0.00694091
20058,69,0.00993168
20059,69,0.00892526
20060,69,0.00621924
20061,69,0.00432824
20062,69,0.00848157
20063,69,0.00679084
20064,69,0.01781012
20065,69,0.02611988
20066,69,0.00597582
20067,69,0.00444098
20068,69,0.00542768
20069,69,0.00702809
20070,69,0.00401575
20071,69,0.01584028
20072,69,0.00676543
20073,69,0.01072142
20074,69,0.00916869
20075,69,0.00837101
20076,69,0.00777866
20077,69,0.00822636
20078,69,0.00767889
20079,69,0.02102878
20080,69,0.00603246
20081,69,0.00447938
20082,69,0.00511254
20083,69,0.00671381
20084,69,0.00473032
20085,69,0.00643295
20086,69,0.00589288
20087,69,0.00387502
20088,69,0.00751134
20089,69,0.01090920
20090,69,0.00740427
20091,69,0.00245794
20092,69,0.01308879
20093,69,0.00587971
20094,69,0.00616345
20095,69,0.00661226
20096,69,0.01231380
20097,69,0.00613525
20098,69,0.01831115
20099,69,0.00623500
20100,69,0.02643676
20101,69,0.00613344
20102,69,0.00703049
20103,69,0.01079198
20104,69,0.01487001
20105,69,0.01325320
20106,69,0.00910129
20107,69,0.00977913
20108,69,0.03534498
20109,69,0.00583088
20110,69,0.00949009
20111,69,0.00330380
20112,69,0.03028291
20113,69,0.01171988
20114,69,0.01614885
20115,69,0.01431828
20116,69,0.00612684
20117,69,0.00401406
20118,69,0.01927013
20119,69,0.00408839
20120,69,0.01004652
20121,69,0.00895855
20122,69,0.00478661
20123,69,0.00651882
20124,69,0.02460430
20125,69,0.01078037
20126,69,0.02255996
20127,69,0.02531564
20128,69,0.00779062
20129,69,0.02398273
20130,69,0.01026229
20131,69,0.00485362
20132,69,0.02097335
20133,69,0.01363058
20134,69,0.00612054
20135,69,0.01876043
20136,69,0.00738347
20137,69,0.00444726
20138,69,0.02337843
20139,69,0.02445891
20140,69,0.01386514
20141,69,0.02438690
20142,69,0.00772199
20143,69,0.03623301
20144,69,0.00397488
20145,69,0.01006992
20146,69,0.00224048
20147,69,0.05758315
20148,69,0.00718891
20149,69,0.00608931
20150,69,0.01401633
20151,69,0.00721446
20152,69,0.00422869
20153,69,0.01567513
20154,69,0.01018087
20155,69,0.00708415
20156,69,0.00481725
20157,69,0.02287428
20158,69,0.00752246
20159,69,0.02718066
20160,69,0.00217660
20161,69,0.00843852
20162,69,0.01003543
20163,69,0.03203012
20164,69,0.03008149
20165,69,0.01159236
20166,69,0.00790785
20167,69,0.00272587
20168,69,0.01329349
20169,69,0.00608684
20170,69,0.00256517
20171,69,0.06489951
20172,69,0.00444396
20173,69,0.00554599
20174,69,0.01296515
20175,69,0.00625896
20176,69,0.00685361
20177,69,0.00294000
20178,69,0.00898298
20179,69,0.00298939
20180,69,0.00624579
20181,69,0.05166246
20182,69,0.00710084
20183,69,0.00940394
20184,69,0.02116703
20185,69,0.00446798
20186,69,0.00710354
20187,69,0.00602067
20188,69,0.00499966
20189,69,0.01077390
20190,69,0.02198989
20191,69,0.01399147
20192,69,0.00456960
20193,69,0.00510283
20194,69,0.02686312
20195,69,0.00853940
20196,69,0.01064221
20197,69,0.00776637
20198,69,0.00606603
20199,69,0.00326644
20200,69,0.01434106
20201,69,0.00969511
20202,69,0.00200202
20203,69,0.01797117
20204,69,0.03438955
20205,69,0.00628924
20206,69,0.01110145
20207,69,0.00892888
20208,69,0.00829143
20209,69,0.00688301
20210,69,0.00544193
20211,69,0.00502575
20212,69,0.03662237
20213,69,0.00723941
20214,69,0.08522026
20215,69,0.00338092
20216,69,0.01726450
20217,69,0.00537673
20218,70,0.04490631
20219,70,0.01625483
20220,70,0.00638167
20221,70,0.02652093
20222,70,0.00326038
20223,70,0.00480914
20224,70,0.00448325
20225,70,0.00444411
20226,70,0.00607849
20227,70,0.01256225
20228,70,0.00830330
20229,70,0.00733207
20230,70,0.00493193
20231,70,0.00705405
20232,70,0.00524561
20233,70,0.01121294
20234,70,0.01507936
20235,70,0.00829832
20236,70,0.00600546
20237,70,0.00680028
20238,70,0.00568845
20239,70,0.00568231
20240,70,0.00989618
20241,70,0.01148112
20242,70,0.00767959
20243,70,0.00454399
20244,70,0.00494795
20245,70,0.01098959
20246,70,0.00504799
20247,70,0.02167495
20248,70,0.00331164
20249,70,0.00465239
20250,70,0.00316664
20251,70,0.00741035
20252,70,0.00614935
20253,70,0.00890706
20254,70,0.00592901
20255,70,0.00427083
20256,70,0.00261480
20257,70,0.01000135
20258,70,0.00253977
20259,70,0.01319652
20260,70,0.00767307
20261,70,0.01583350
20262,70,0.00383228
20263,70,0.00298153
20264,70,0.01415638
20265,70,0.00703304
20266,70,0.00368891
20267,70,0.00412838
20268,70,0.00456247
20269,70,0.02355730
20270,70,0.02306435
20271,70,0.01020591
20272,70,0.00690195
20273,70,0.00398718
20274,70,0.01701064
20275,70,0.02350024
20276,70,0.01410509
20277,70,0.00478636
20278,70,0.00352425
20279,70,0.01181324
20280,70,0.00226584
20281,70,0.00275194
20282,70,0.00688697
20283,70,0.01375614
20284,70,0.00208272
20285,70,0.00528357
20286,70,0.00485226
20287,70,0.02245712
20288,70,0.00749803
20289,70,0.02199452
20290,70,0.00512682
20291,70,0.00556357
20292,70,0.02836888
20293,70,0.01231885
20294,70,0.02434777
20295,70,0.00638854
20296,70,0.00510891
20297,70,0.01693873
20298,70,0.01156119
20299,70,0.01416085
20300,70,0.00614890
20301,70,0.02289582
20302,70,0.00375665
20303,70,0.00419973
20304,70,0.02486219
20305,70,0.00813680
20306,70,0.00671864
20307,70,0.01626973
20308,70,0.01021831
20309,70,0.00374065
20310,70,0.00933444
20311,70,0.02075040
20312,70,0.01620104
20313,70,0.00771220
20314,70,0.00296970
20315,70,0.00697811
20316,70,0.01319167
20317,70,0.01955962
20318,70,0.02842188
20319,70,0.01710579
20320,70,0.02301100
20321,70,0.05435130
20322,70,0.00711063
20323,70,0.05001607
20324,70,0.00900600
20325,70,0.00477242
20326,70,0.00391863
20327,70,0.00397784
20328,70,0.00588546
20329,70,0.01112851
20330,70,0.00311205
20331,70,0.00842035
20332,70,0.01366815
20333,70,0.01034440
20334,70,0.00506001
20335,70,0.01415999
20336,70,0.00471268
20337,70,0.00382482
20338,70,0.00595088
20339,70,0.01562638
20340,70,0.01217271
20341,70,0.00868759
20342,70,0.00765695
20343,70,0.01510797
20344,70,0.00522105
20345,70,0.00758206
20346,70,0.00834696
20347,70,0.01351177
20348,70,0.02694468
20349,70,0.00494171
20350,70,0.03040240
20351,70,0.03203664
20352,70,0.01246124
20353,70,0.03612418
20354,70,0.00964589
20355,70,0.00860835
20356,70,0.00597845
20357,70,0.04372701
20358,70,0.02269073
20359,70,0.00671029
20360,70,0.01532495
20361,70,0.00482340
20362,70,0.00898432
20363,70,0.00536016
20364,70,0.04611476
20365,70,0.02367828
20366,70,0.00490924
20367,70,0.06633532
20368,70,0.00988622
20369,70,0.04523702
20370,70,0.00318029
20371,70,0.00649185
20372,70,0.01799347
20373,70,0.05748370
20374,70,0.00667046
20375,70,0.00151055
20376,70,0.00595280
20377,70,0.02135072
20378,70,0.00704987
20379,70,0.02563997
20380,70,0.00581643
20381,70,0.00988468
20382,70,0.00315621
20383,70,0.00361660
20384,70,0.00556561
20385,70,0.00673135
20386,70,0.00661885
20387,70,0.00963630
20388,70,0.00454960
20389,70,0.00585750
20390,70,0.00347919
20391,70,0.00440427
20392,70,0.00382335
20393,70,0.00647138
20394,70,0.01774227
20395,70,0.00490890
20396,70,0.00871707
20397,70,0.00292481
20398,70,0.00406871
20399,70,0.01319111
20400,70,0.00345415
20401,70,0.00577110
20402,70,0.00191154
20403,70,0.01167136
20404,70,0.00746205
20405,70,0.03024302
20406,70,0.00457883
20407,70,0.00632904
20408,70,0.00858746
20409,70,0.00557517
20410,70,0.00615676
20411,70,0.04180116
20412,70,0.00348401
20413,70,0.01413115
20414,70,0.01503841
20415,70,0.00857763
20416,70,0.00406652
20417,70,0.01124746
20418,70,0.00531588
20419,70,0.01341308
20420,70,0.01431599
20421,70,0.00530243
20422,70,0.00420101
20423,70,0.00708479
20424,70,0.04077600
20425,70,0.01554092
20426,70,0.03777622
20427,70,0.00560681
20428,70,0.00366707
20429,70,0.00822158
20430,70,0.00894840
20431,70,0.04132544
20432,70,0.00407044
20433,70,0.01075785
20434,70,0.00450740
20435,70,0.00566887
20436,70,0.00550218
20437,70,0.01234540
20438,70,0.02610609
20439,70,0.00686386
20440,70,0.01297731
20441,70,0.01928804
20442,70,0.00629502
20443,70,0.00968462
20444,70,0.00578137
20445,70,0.00959706
20446,70,0.00454161
20447,70,0.00351018
20448,70,0.01214063
20449,70,0.00708958
20450,70,0.01339091
20451,70,0.02304567
20452,70,0.00263622
20453,70,0.00564244
20454,70,0.00502082
20455,70,0.00719251
20456,70,0.00414938
20457,70,0.00610818
20458,70,0.00424196
20459,70,0.00961883
20460,70,0.01030410
20461,70,0.00479668
20462,70,0.00660366
20463,70,0.01033009
20464,70,0.00444266
20465,70,0.02493922
20466,70,0.01214610
20467,70,0.00463642
20468,70,0.00272794
20469,70,0.01219846
20470,70,0.02226247
20471,70,0.00565746
20472,70,0.00451143
20473,70,0.00688573
20474,70,0.00259370
20475,70,0.00449435
20476,70,0.04263543
20477,70,0.00467372
20478,70,0.03656278
20479,70,0.00475785
20480,70,0.00885985
20481,70,0.00324112
20482,70,0.02900036
20483,70,0.00480229
20484,70,0.03519811
20485,70,0.00570486
20486,70,0.00292900
20487,70,0.00722135
20488,70,0.01277251
20489,70,0.04510204
20490,70,0.03050719
20491,70,0.00438834
20492,70,0.00788346
20493,70,0.01415055
20494,70,0.01574128
20495,70,0.01256829
20496,70,0.00299521
20497,70,0.00928467
20498,70,0.00489696
20499,70,0.00409446
20500,70,0.00506434
20501,70,0.00989745
20502,70,0.01159408
20503,70,0.00896527
20504,70,0.00946765
20505,70,0.00799004
20506,70,0.00891918
20507,70,0.02144148
20508,70,0.02374734
20509,70,0.02743507
20510,70,0.00610098
20511,71,0.00577768
20512,71,0.01017768
20513,71,0.00960843
20514,71,0.00912173
20515,71,0.02024787
20516,71,0.02425852
20517,71,0.00659582
20518,71,0.01153991
20519,71,0.01316383
20520,71,0.00293681
20521,71,0.02145397
20522,71,0.01174452
20523,71,0.00699732
20524,71,0.00486725
20525,71,0.00353819
20526,71,0.02240998
20527,71,0.00673582
20528,71,0.03447231
20529,71,0.01033462
20530,71,0.00762877
20531,71,0.01836994
20532,71,0.01602380
20533,71,0.00578284
20534,71,0.00860504
20535,71,0.00527404
20536,71,0.00556572
20537,71,0.00923240
20538,71,0.02762390
20539,71,0.00922636
20540,71,0.00733904
20541,71,0.00542668
20542,71,0.01081859
20543,71,0.00803456
20544,71,0.00306555
20545,71,0.00561524
20546,71,0.00899745
20547,71,0.00205042
20548,71,0.00345144
20549,71,0.00582060
20550,71,0.01008070
20551,71,0.00696683
20552,71,0.00510097
20553,71,0.00584421
20554,71,0.02101624
20555,71,0.02498795
20556,71,0.00636131
20557,71,0.02649133
20558,71,0.00625526
20559,71,0.00914227
20560,71,0.00614590
20561,71,0.00434716
20562,71,0.00667024
20563,71,0.01748853
20564,71,0.00538212
20565,71,0.01273794
20566,71,0.00880837
20567,71,0.00490177
20568,71,0.01242201
20569,71,0.00791600
20570,71,0.00454613
20571,71,0.00460660
20572,71,0.05530716
20573,71,0.00752225
20574,71,0.00819238
20575,71,0.00504793
20576,71,0.00466494
20577,71,0.02920254
20578,71,0.00616288
20579,71,0.01314995
20580,71,0.00810183
20581,71,0.00789749
20582,71,0.00545899
20583,71,0.00973882
20584,71,0.02012680
20585,71,0.00887658
20586,71,0.01917483
20587,71,0.00550401
20588,71,0.00387527
20589,71,0.00636659
20590,71,0.00563948
20591,71,0.00411403
20592,71,0.01386774
20593,71,0.00418208
20594,71,0.00760918
20595,71,0.02247227
20596,71,0.00785605
20597,71,0.03553070
20598,71,0.00808669
20599,71,0.00555012
20600,71,0.00426467
20601,71,0.00981078
20602,71,0.01000687
20603,71,0.00599630
20604,71,0.00649140
20605,71,0.00422990
20606,71,0.00994301
20607,71,0.04760061
20608,71,0.01996434
20609,71,0.00646288
20610,71,0.01364838
20611,71,0.01589188
20612,71,0.00701521
20613,71,0.00861053
20614,71,0.01430963
20615,71,0.01073300
20616,71,0.00535862
20617,71,0.00462553
20618,71,0.00246137
20619,71,0.03043337
20620,71,0.03289910
20621,71,0.00554312
20622,71,0.01830615
20623,71,0.00520081
20624,71,0.03432172
20625,71,0.01332674
20626,71,0.00303032
20627,71,0.00766890
20628,71,0.00687750
20629,71,0.03901416
20630,71,0.01826445
20631,71,0.00708823
20632,71,0.00802194
20633,71,0.01196353
20634,71,0.00279972
20635,71,0.01443051
20636,71,0.00373228
20637,71,0.00463182
20638,71,0.01947908
20639,71,0.00560827
20640,71,0.00531107
20641,71,0.02741539
20642,71,0.00713632
20643,71,0.00383384
20644,71,0.01152041
20645,71,0.00532510
20646,71,0.00592996
20647,71,0.00800706
20648,71,0.00402554
20649,71,0.00999141
20650,71,0.00486513
20651,71,0.01016992
20652,71,0.01215566
20653,71,0.00457616
20654,71,0.01361195
20655,71,0.00560435
20656,71,0.01130417
20657,71,0.00464300
20658,71,0.02011341
20659,71,0.00670153
20660,71,0.01629882
20661,71,0.02365630
20662,71,0.01334340
20663,71,0.01308279
20664,71,0.00677475
20665,71,0.01167870
20666,71,0.01732925
20667,71,0.00614306
20668,71,0.01448789
20669,71,0.00714139
20670,71,0.02054879
20671,71,0.01616671
20672,71,0.00448266
20673,71,0.00684509
20674,71,0.00799709
20675,71,0.00820782
20676,71,0.01116937
20677,71,0.03648452
20678,71,0.01403892
20679,71,0.00604567
20680,71,0.01213686
20681,71,0.00423302
20682,71,0.00705723
20683,71,0.00506849
20684,71,0.00649143
20685,71,0.01443330
20686,71,0.01466763
20687,71,0.03365156
20688,71,0.05475254
20689,71,0.00713775
20690,71,0.00621289
20691,71,0.01304666
20692,71,0.00676856
20693,71,0.00619405
20694,71,0.00698056
20695,71,0.00846756
20696,71,0.00511877
20697,71,0.00605547
20698,71,0.00561589
20699,71,0.00745778
20700,71,0.00556978
20701,71,0.00509538
20702,71,0.00308903
20703,71,0.00345528
20704,71,0.00535421
20705,71,0.00362462
20706,71,0.01031866
20707,71,0.00854620
20708,71,0.02226459
20709,71,0.01032022
20710,71,0.00587222
20711,71,0.00790639
20712,71,0.00881818
20713,71,0.01778573
20714,71,0.00903382
20715,71,0.05625470
20716,71,0.00697488
20717,71,0.00587163
20718,71,0.02623192
20719,71,0.01838437
20720,71,0.00357381
20721,71,0.01407497
20722,71,0.00433172
20723,71,0.01076429
20724,71,0.00407058
20725,71,0.00687771
20726,71,0.00819883
20727,71,0.00681095
20728,71,0.01521378
20729,71,0.00560903
20730,71,0.07566818
20731,71,0.00743606
20732,71,0.00519715
20733,71,0.02465375
20734,71,0.00595248
20735,71,0.00736653
20736,71,0.00645988
20737,71,0.00791305
20738,71,0.01236253
20739,71,0.01207544
20740,71,0.04197261
20741,71,0.00381402
20742,71,0.00618688
20743,71,0.00384240
20744,71,0.00264122
20745,71,0.02827226
20746,71,0.01183647
20747,71,0.00365277
20748,71,0.01266532
20749,71,0.00978292
20750,71,0.00341117
20751,71,0.00497832
20752,71,0.01906506
20753,71,0.00689901
20754,71,0.02716108
20755,71,0.00354699
20756,71,0.00821866
20757,71,0.00868434
20758,71,0.00775018
20759,71,0.00208890
20760,71,0.00477270
20761,71,0.00333106
20762,71,0.00494846
20763,71,0.00400221
20764,71,0.00216243
20765,71,0.01912585
20766,71,0.02064687
20767,71,0.01493776
20768,71,0.01383122
20769,71,0.04921702
20770,71,0.00963730
20771,71,0.00608863
20772,71,0.00846046
20773,71,0.00392012
20774,71,0.00644996
20775,71,0.00867968
20776,71,0.00860611
20777,71,0.00711498
20778,71,0.04093897
20779,71,0.00451472
20780,71,0.02250008
20781,71,0.00753222
20782,71,0.00757826
20783,71,0.02114598
20784,71,0.04134307
20785,71,0.00587302
20786,71,0.05273860
20787,71,0.00501820
20788,71,0.00461286
20789,71,0.02667845
20790,71,0.01797809
20791,71,0.00254703
20792,71,0.00532672
20793,71,0.01595735
20794,71,0.00519989
20795,71,0.01559807
20796,71,0.00749766
20797,71,0.02031014
20798,71,0.00786989
20799,71,0.01366421
20800,71,0.01280606
20801,71,0.00584872
20802,71,0.01214663
20803,71,0.00578349
20804,72,0.00643103
20805,72,0.00656658
20806,72,0.00597012
20807,72,0.00820188
20808,72,0.00616658
20809,72,0.00831018
20810,72,0.01299755
20811,72,0.01122547
20812,72,0.00793938
20813,72,0.00767967
20814,72,0.00888359
20815,72,0.00657549
20816,72,0.01114963
20817,72,0.00246610
20818,72,0.00471492
20819,72,0.00659516
20820,72,0.02292690
20821,72,0.01111399
20822,72,0.00743076
20823,72,0.01812763
20824,72,0.00900285
20825,72,0.00512972
20826,72,0.00453610
20827,72,0.04342397
20828,72,0.00969226
20829,72,0.00585387
20830,72,0.02280742
20831,72,0.00848658
20832,72,0.05111412
20833,72,0.00310227
20834,72,0.00835162
20835,72,0.00494354
20836,72,0.02399193
20837,72,0.00636805
20838,72,0.00747580
20839,72,0.00732756
20840,72,0.01880186
20841,72,0.00653596
20842,72,0.00425985
20843,72,0.00752045
20844,72,0.00925041
20845,72,0.02790817
20846,72,0.00751297
20847,72,0.00377322
20848,72,0.00531000
20849,72,0.00284077
20850,72,0.03338484
20851,72,0.00570972
20852,72,0.01551144
20853,72,0.00532758
20854,72,0.00437779
20855,72,0.02075352
20856,72,0.00656227
20857,72,0.01821724
20858,72,0.00589990
20859,72,0.00530888
20860,72,0.05207711
20861,72,0.07206536
20862,72,0.00640124
20863,72,0.00966728
20864,72,0.02851910
20865,72,0.06390359
20866,72,0.00710821
20867,72,0.01379843
20868,72,0.00391254
20869,72,0.00746887
20870,72,0.01586448
20871,72,0.00428992
20872,72,0.00455786
20873,72,0.01336199
20874,72,0.00377452
20875,72,0.01071796
20876,72,0.01093380
20877,72,0.00656794
20878,72,0.00672400
20879,72,0.00641989
20880,72,0.00730125
20881,72,0.02098460
20882,72,0.02322900
20883,72,0.00557667
20884,72,0.01120877
20885,72,0.02902362
20886,72,0.02602939
20887,72,0.02535069
20888,72,0.02050745
20889,72,0.03331415
20890,72,0.00904292
20891,72,0.01132360
20892,72,0.00622818
20893,72,0.00601371
20894,72,0.01246293
20895,72,0.01163874
20896,72,0.00932799
20897,72,0.01496587
20898,72,0.00883876
20899,72,0.01615761
20900,72,0.00421554
20901,72,0.00785756
20902,72,0.01138644
20903,72,0.01275282
20904,72,0.00557697
20905,72,0.01046980
20906,72,0.00527285
20907,72,0.01605038
20908,72,0.01234220
20909,72,0.01084376
20910,72,0.00593477
20911,72,0.00491477
20912,72,0.00436641
20913,72,0.00414925
20914,72,0.00762346
20915,72,0.00494067
20916,72,0.00441815
20917,72,0.02042677
20918,72,0.00402989
20919,72,0.00595019
20920,72,0.00794852
20921,72,0.01557335
20922,72,0.00573249
20923,72,0.00325574
20924,72,0.00601167
20925,72,0.00585442
20926,72,0.00591738
20927,72,0.03256761
20928,72,0.00613671
20929,72,0.00709293
20930,72,0.00361293
20931,72,0.00326585
20932,72,0.00847701
20933,72,0.00512166
20934,72,0.00823850
20935,72,0.01312026
20936,72,0.02396624
20937,72,0.02022250
20938,72,0.00577430
20939,72,0.00859082
20940,72,0.00445048
20941,72,0.00855004
20942,72,0.00626082
20943,72,0.03615119
20944,72,0.01559620
20945,72,0.01494190
20946,72,0.01193385
20947,72,0.00662447
20948,72,0.01153477
20949,72,0.00597573
20950,72,0.01089942
20951,72,0.00496075
20952,72,0.00493157
20953,72,0.00731642
20954,72,0.07586731
20955,72,0.00375750
20956,72,0.02570380
20957,72,0.00407695
20958,72,0.00857808
20959,72,0.00516082
20960,72,0.01525865
20961,72,0.00845078
20962,72,0.00665609
20963,72,0.02428520
20964,72,0.00983064
20965,72,0.01297338
20966,72,0.00689105
20967,72,0.01046074
20968,72,0.00773794
20969,72,0.02262988
20970,72,0.00646523
20971,72,0.00265386
20972,72,0.01462091
20973,72,0.00596317
20974,72,0.01236015
20975,72,0.01918193
20976,72,0.00654721
20977,72,0.01613955
20978,72,0.00571789
20979,72,0.00929695
20980,72,0.01062963
20981,72,0.00694632
20982,72,0.00691624
20983,72,0.00475448
20984,72,0.01009108
20985,72,0.00279141
20986,72,0.00306226
20987,72,0.01066076
20988,72,0.02683471
20989,72,0.00801183
20990,72,0.01883196
20991,72,0.00823294
20992,72,0.00715427
20993,72,0.00720314
20994,72,0.01043909
20995,72,0.01246959
20996,72,0.00726745
20997,72,0.00851483
20998,72,0.01262227
20999,72,0.00629709
21000,72,0.02043283
21001,72,0.01709881
21002,72,0.03553901
21003,72,0.02487590
21004,72,0.00730249
21005,72,0.00494441
21006,72,0.00790528
21007,72,0.00637768
21008,72,0.01113504
21009,72,0.00839052
21010,72,0.00893692
21011,72,0.01619845
21012,72,0.01223977
21013,72,0.02111806
21014,72,0.02567541
21015,72,0.00574598
21016,72,0.00788686
21017,72,0.00511321
21018,72,0.00738234
21019,72,0.00904040
21020,72,0.00648976
21021,72,0.00274745
21022,72,0.01960635
21023,72,0.00873583
21024,72,0.00635066
21025,72,0.01601407
21026,72,0.00681448
21027,72,0.00676654
21028,72,0.00543357
21029,72,0.00611153
21030,72,0.00438461
21031,72,0.00906694
21032,72,0.00688947
21033,72,0.00266141
21034,72,0.00932183
21035,72,0.00653232
21036,72,0.00791718
21037,72,0.00561587
21038,72,0.02932995
21039,72,0.00451395
21040,72,0.02679943
21041,72,0.00762416
21042,72,0.00769236
21043,72,0.00622226
21044,72,0.00666483
21045,72,0.00363319
21046,72,0.00917509
21047,72,0.00492209
21048,72,0.00581746
21049,72,0.00933016
21050,72,0.00205149
21051,72,0.00840234
21052,72,0.02068546
21053,72,0.01160679
21054,72,0.00518960
21055,72,0.00680155
21056,72,0.00646081
21057,72,0.00405003
21058,72,0.00704101
21059,72,0.00207223
21060,72,0.01008119
21061,72,0.00510130
21062,72,0.00324020
21063,72,0.00824673
21064,72,0.00913141
21065,72,0.01485973
21066,72,0.00611167
21067,72,0.00309018
21068,72,0.01183173
21069,72,0.00639642
21070,72,0.00324819
21071,72,0.00580508
21072,72,0.00804554
21073,72,0.00561774
21074,72,0.00764616
21075,72,0.00668247
21076,72,0.00758276
21077,72,0.01351812
21078,72,0.00349154
21079,72,0.00266166
21080,72,0.00326732
21081,72,0.00386030
21082,72,0.06840805
21083,72,0.00285466
21084,72,0.00308688
21085,72,0.00931876
21086,72,0.01148983
21087,72,0.01638520
21088,72,0.01395086
21089,72,0.00617088
21090,72,0.02415651
21091,72,0.03302251
21092,72,0.01275736
21093,72,0.01237962
21094,72,0.00584973
21095,72,0.00745802
21096,72,0.00797873
