F,mean_vertex_error,n_subjects
1,0.0030784519754834486,99
3,0.003082840722458528,99
5,0.0030803731105796834,99
10,0.0030756360898828968,99
15,0.0030795712453472457,99
