F,mean_vertex_error,n_subjects
1,0.003055549707979934,99
2,0.0030485638042183766,99
3,0.00304574503645497,99
