F,mean_vertex_error,n_subjects
1,0.003264197561580188,99
3,0.003238230834617454,99
5,0.003235730215020035,99
10,0.003231404359814256,99
15,0.0032302327031145037,99
