subject_a,subject_b,topology_a,topology_b,gt_distance,latent_distance,raw_chamfer,n_mesh_pairs,mesh_pair_index
id0001,id0004,crop,noisy,0.322800,0.379580,0.004377,1,
id0001,id0018,crop,noisy,0.366204,0.419471,0.003067,1,
id0001,id0020,crop,noisy,0.345168,0.415833,0.002372,1,
id0001,id0026,crop,noisy,0.465494,0.619844,0.010207,1,
id0001,id0027,crop,noisy,0.364464,0.429290,0.005426,1,
id0001,id0041,crop,noisy,0.287332,0.417949,0.009061,1,
id0001,id0042,crop,noisy,0.491159,0.688722,0.015668,1,
id0001,id0045,crop,noisy,0.360608,0.409500,0.006668,1,
id0001,id0048,crop,noisy,0.335410,0.347292,0.002757,1,
id0001,id0056,crop,noisy,0.350707,0.537032,0.012665,1,
id0001,id0062,crop,noisy,0.483203,0.646401,0.014136,1,
id0001,id0069,crop,noisy,0.345951,0.538398,0.007213,1,
id0001,id0071,crop,noisy,0.455894,0.566809,0.016526,1,
id0001,id0072,crop,noisy,0.337381,0.459122,0.007342,1,
id0001,id0075,crop,noisy,0.409765,0.529209,0.008729,1,
id0001,id0080,crop,noisy,0.454938,0.634100,0.010955,1,
id0001,id0081,crop,noisy,0.402132,0.578623,0.006668,1,
id0001,id0086,crop,noisy,0.362781,0.476064,0.006094,1,
id0001,id0088,crop,noisy,0.287890,0.442269,0.005336,1,
id0001,id0097,crop,noisy,0.271231,0.397430,0.005054,1,
id0001,id0100,crop,noisy,0.340169,0.443933,0.006491,1,
id0001,id0106,crop,noisy,0.399704,0.632726,0.009223,1,
id0001,id0107,crop,noisy,0.313481,0.320523,0.003242,1,
id0001,id0110,crop,noisy,0.337847,0.392080,0.004286,1,
id0001,id0113,crop,noisy,0.369655,0.515677,0.009579,1,
id0001,id0115,crop,noisy,0.352460,0.514475,0.009694,1,
id0001,id0130,crop,noisy,0.292304,0.463609,0.007115,1,
id0001,id0132,crop,noisy,0.290086,0.427425,0.008114,1,
id0001,id0136,crop,noisy,0.364559,0.496526,0.006543,1,
id0001,id0153,crop,noisy,0.290769,0.372750,0.003429,1,
id0001,id0161,crop,noisy,0.321011,0.439458,0.008149,1,
id0001,id0169,crop,noisy,0.339859,0.451982,0.010725,1,
id0001,id0182,crop,noisy,0.353581,0.428677,0.004048,1,
id0001,id0183,crop,noisy,0.377801,0.494060,0.003532,1,
id0001,id0186,crop,noisy,0.276798,0.421020,0.009180,1,
id0001,id0197,crop,noisy,0.349722,0.407658,0.004973,1,
id0001,id0199,crop,noisy,0.333997,0.449277,0.002974,1,
id0001,id0206,crop,noisy,0.582220,0.764973,0.013285,1,
id0001,id0207,crop,noisy,0.366138,0.485905,0.008904,1,
id0001,id0208,crop,noisy,0.272983,0.349440,0.004249,1,
id0001,id0212,crop,noisy,0.421550,0.397440,0.006401,1,
id0001,id0220,crop,noisy,0.352810,0.390785,0.006215,1,
id0001,id0222,crop,noisy,0.346686,0.343719,0.004359,1,
id0001,id0224,crop,noisy,0.400929,0.539544,0.008731,1,
id0001,id0233,crop,noisy,0.285536,0.344878,0.005562,1,
id0001,id0239,crop,noisy,0.522106,0.687598,0.015808,1,
id0001,id0242,crop,noisy,0.298460,0.426313,0.007551,1,
id0001,id0246,crop,noisy,0.385500,0.483470,0.012425,1,
id0001,id0258,crop,noisy,0.322260,0.421586,0.007017,1,
id0001,id0273,crop,noisy,0.281542,0.413946,0.006362,1,
id0001,id0275,crop,noisy,0.283546,0.312300,0.005935,1,
id0001,id0285,crop,noisy,0.310977,0.503588,0.005924,1,
id0001,id0290,crop,noisy,0.412985,0.411395,0.003148,1,
id0001,id0296,crop,noisy,0.295725,0.362234,0.005122,1,
id0001,id0299,crop,noisy,0.273174,0.359489,0.004994,1,
id0001,id0303,crop,noisy,0.274224,0.388470,0.003906,1,
id0001,id0319,crop,noisy,0.418635,0.479291,0.005089,1,
id0001,id0321,crop,noisy,0.346538,0.357512,0.002767,1,
id0001,id0326,crop,noisy,0.362382,0.501406,0.004684,1,
id0001,id0328,crop,noisy,0.260064,0.361623,0.005251,1,
id0001,id0330,crop,noisy,0.382978,0.488247,0.008061,1,
id0001,id0342,crop,noisy,0.302526,0.442148,0.009865,1,
id0001,id0346,crop,noisy,0.364628,0.488710,0.008705,1,
id0001,id0363,crop,noisy,0.316617,0.541194,0.010256,1,
id0001,id0367,crop,noisy,0.400716,0.453999,0.010540,1,
id0001,id0368,crop,noisy,0.278228,0.344161,0.005555,1,
id0001,id0369,crop,noisy,0.323987,0.435771,0.003811,1,
id0001,id0372,crop,noisy,0.441989,0.395591,0.006898,1,
id0001,id0373,crop,noisy,0.348212,0.400819,0.004740,1,
id0001,id0374,crop,noisy,0.441220,0.465751,0.004350,1,
id0001,id0378,crop,noisy,0.309927,0.360483,0.006250,1,
id0001,id0381,crop,noisy,0.386134,0.413649,0.006186,1,
id0001,id0382,crop,noisy,0.362844,0.513248,0.009347,1,
id0001,id0392,crop,noisy,0.343611,0.455377,0.009683,1,
id0001,id0396,crop,noisy,0.337015,0.566612,0.011663,1,
id0001,id0398,crop,noisy,0.483421,0.609518,0.008063,1,
id0001,id0399,crop,noisy,0.220824,0.297336,0.004259,1,
id0001,id0401,crop,noisy,0.325417,0.446849,0.009462,1,
id0001,id0402,crop,noisy,0.362388,0.444484,0.007616,1,
id0001,id0404,crop,noisy,0.394736,0.501645,0.007755,1,
id0001,id0411,crop,noisy,0.380956,0.565175,0.011934,1,
id0001,id0412,crop,noisy,0.338277,0.396880,0.008174,1,
id0001,id0418,crop,noisy,0.458799,0.504606,0.007094,1,
id0001,id0421,crop,noisy,0.292851,0.417384,0.008227,1,
id0001,id0422,crop,noisy,0.320140,0.462173,0.007159,1,
id0001,id0431,crop,noisy,0.344573,0.483959,0.006353,1,
id0001,id0437,crop,noisy,0.401537,0.442179,0.006438,1,
id0001,id0441,crop,noisy,0.291814,0.399703,0.008700,1,
id0001,id0447,crop,noisy,0.306172,0.356462,0.001601,1,
id0001,id0460,crop,noisy,0.293119,0.488095,0.007501,1,
id0001,id0462,crop,noisy,0.310316,0.456723,0.005464,1,
id0001,id0465,crop,noisy,0.345278,0.425910,0.007460,1,
id0001,id0466,crop,noisy,0.330986,0.375194,0.002894,1,
id0001,id0468,crop,noisy,0.465759,0.674197,0.013310,1,
id0001,id0470,crop,noisy,0.426994,0.500246,0.009321,1,
id0001,id0476,crop,noisy,0.308868,0.349307,0.003355,1,
id0001,id0486,crop,noisy,0.323589,0.486967,0.005946,1,
id0001,id0491,crop,noisy,0.320884,0.394825,0.005115,1,
id0001,id0498,crop,noisy,0.339398,0.476135,0.007319,1,
id0004,id0018,crop,noisy,0.299500,0.405182,0.005366,1,
id0004,id0020,crop,noisy,0.366351,0.454291,0.005941,1,
id0004,id0026,crop,noisy,0.416234,0.656175,0.016679,1,
id0004,id0027,crop,noisy,0.248048,0.403289,0.010583,1,
id0004,id0041,crop,noisy,0.345277,0.508046,0.016650,1,
id0004,id0042,crop,noisy,0.487255,0.731291,0.024014,1,
id0004,id0045,crop,noisy,0.324312,0.480291,0.012506,1,
id0004,id0048,crop,noisy,0.238472,0.288308,0.005994,1,
id0004,id0056,crop,noisy,0.478388,0.621286,0.020513,1,
id0004,id0062,crop,noisy,0.511633,0.735826,0.022185,1,
id0004,id0069,crop,noisy,0.343675,0.524430,0.013210,1,
id0004,id0071,crop,noisy,0.480545,0.678929,0.025952,1,
id0004,id0072,crop,noisy,0.344321,0.484488,0.013901,1,
id0004,id0075,crop,noisy,0.372617,0.568966,0.014830,1,
id0004,id0080,crop,noisy,0.425929,0.669560,0.017392,1,
id0004,id0081,crop,noisy,0.350165,0.603411,0.010931,1,
id0004,id0086,crop,noisy,0.333849,0.516992,0.012146,1,
id0004,id0088,crop,noisy,0.324047,0.440168,0.010012,1,
id0004,id0097,crop,noisy,0.372316,0.485110,0.010581,1,
id0004,id0100,crop,noisy,0.327457,0.532429,0.012820,1,
id0004,id0106,crop,noisy,0.425352,0.622591,0.015129,1,
id0004,id0107,crop,noisy,0.404081,0.401782,0.007730,1,
id0004,id0110,crop,noisy,0.288532,0.412039,0.008761,1,
id0004,id0113,crop,noisy,0.402826,0.588164,0.016726,1,
id0004,id0115,crop,noisy,0.299737,0.551697,0.016081,1,
id0004,id0130,crop,noisy,0.373116,0.535945,0.012684,1,
id0004,id0132,crop,noisy,0.372023,0.548756,0.014957,1,
id0004,id0136,crop,noisy,0.391691,0.526147,0.012025,1,
id0004,id0153,crop,noisy,0.307025,0.327843,0.006706,1,
id0004,id0161,crop,noisy,0.277533,0.461603,0.013996,1,
id0004,id0169,crop,noisy,0.369937,0.524334,0.018831,1,
id0004,id0182,crop,noisy,0.281358,0.367635,0.007494,1,
id0004,id0183,crop,noisy,0.405535,0.445365,0.007055,1,
id0004,id0186,crop,noisy,0.294698,0.438359,0.016632,1,
id0004,id0197,crop,noisy,0.295977,0.421133,0.009638,1,
id0004,id0199,crop,noisy,0.301516,0.425044,0.007143,1,
id0004,id0206,crop,noisy,0.534421,0.832427,0.020278,1,
id0004,id0207,crop,noisy,0.328717,0.496977,0.015484,1,
id0004,id0208,crop,noisy,0.252515,0.375996,0.008345,1,
id0004,id0212,crop,noisy,0.449904,0.476545,0.012576,1,
id0004,id0220,crop,noisy,0.382646,0.422659,0.012034,1,
id0004,id0222,crop,noisy,0.308054,0.419384,0.009464,1,
id0004,id0224,crop,noisy,0.323367,0.518408,0.014471,1,
id0004,id0233,crop,noisy,0.398470,0.345180,0.010759,1,
id0004,id0239,crop,noisy,0.464611,0.713171,0.024325,1,
id0004,id0242,crop,noisy,0.282912,0.385419,0.013306,1,
id0004,id0246,crop,noisy,0.388364,0.599548,0.020696,1,
id0004,id0258,crop,noisy,0.347289,0.448331,0.013001,1,
id0004,id0273,crop,noisy,0.353197,0.434639,0.012442,1,
id0004,id0275,crop,noisy,0.342961,0.398361,0.011451,1,
id0004,id0285,crop,noisy,0.300694,0.472266,0.011167,1,
id0004,id0290,crop,noisy,0.376412,0.383633,0.006755,1,
id0004,id0296,crop,noisy,0.377190,0.450388,0.010556,1,
id0004,id0299,crop,noisy,0.274334,0.414720,0.010373,1,
id0004,id0303,crop,noisy,0.376417,0.476951,0.009343,1,
id0004,id0319,crop,noisy,0.399626,0.532024,0.010356,1,
id0004,id0321,crop,noisy,0.359361,0.447425,0.006978,1,
id0004,id0326,crop,noisy,0.333240,0.528495,0.010030,1,
id0004,id0328,crop,noisy,0.303851,0.365230,0.010573,1,
id0004,id0330,crop,noisy,0.378090,0.494197,0.014590,1,
id0004,id0342,crop,noisy,0.350086,0.492275,0.017505,1,
id0004,id0346,crop,noisy,0.331411,0.528386,0.014957,1,
id0004,id0363,crop,noisy,0.357624,0.571109,0.017263,1,
id0004,id0367,crop,noisy,0.332776,0.511097,0.018415,1,
id0004,id0368,crop,noisy,0.268145,0.370972,0.010687,1,
id0004,id0369,crop,noisy,0.306576,0.419803,0.008476,1,
id0004,id0372,crop,noisy,0.348164,0.436233,0.013332,1,
id0004,id0373,crop,noisy,0.253746,0.336878,0.008929,1,
id0004,id0374,crop,noisy,0.488771,0.470947,0.008151,1,
id0004,id0378,crop,noisy,0.257372,0.403289,0.012128,1,
id0004,id0381,crop,noisy,0.262163,0.387690,0.011488,1,
id0004,id0382,crop,noisy,0.443676,0.607779,0.016435,1,
id0004,id0392,crop,noisy,0.334855,0.487742,0.016377,1,
id0004,id0396,crop,noisy,0.329644,0.540801,0.018625,1,
id0004,id0398,crop,noisy,0.455912,0.673310,0.014502,1,
id0004,id0399,crop,noisy,0.341713,0.346812,0.009517,1,
id0004,id0401,crop,noisy,0.404764,0.536792,0.017307,1,
id0004,id0402,crop,noisy,0.287139,0.475128,0.013842,1,
id0004,id0404,crop,noisy,0.385459,0.551982,0.013935,1,
id0004,id0411,crop,noisy,0.444882,0.651003,0.019536,1,
id0004,id0412,crop,noisy,0.346228,0.486582,0.015752,1,
id0004,id0418,crop,noisy,0.352156,0.574524,0.013529,1,
id0004,id0421,crop,noisy,0.283581,0.462126,0.014260,1,
id0004,id0422,crop,noisy,0.295274,0.439628,0.012755,1,
id0004,id0431,crop,noisy,0.344802,0.557934,0.013237,1,
id0004,id0437,crop,noisy,0.335827,0.453455,0.012382,1,
id0004,id0441,crop,noisy,0.345794,0.475431,0.015748,1,
id0004,id0447,crop,noisy,0.379462,0.391633,0.004793,1,
id0004,id0460,crop,noisy,0.277219,0.496153,0.013066,1,
id0004,id0462,crop,noisy,0.359342,0.459038,0.010697,1,
id0004,id0465,crop,noisy,0.413186,0.536515,0.014231,1,
id0004,id0466,crop,noisy,0.322157,0.360459,0.006237,1,
id0004,id0468,crop,noisy,0.497404,0.747403,0.021298,1,
id0004,id0470,crop,noisy,0.394680,0.578758,0.016531,1,
id0004,id0476,crop,noisy,0.263739,0.245549,0.007000,1,
id0004,id0486,crop,noisy,0.421167,0.503425,0.010811,1,
id0004,id0491,crop,noisy,0.283154,0.343722,0.009573,1,
id0004,id0498,crop,noisy,0.366030,0.518379,0.012618,1,
id0018,id0020,crop,noisy,0.275566,0.332045,0.002971,1,
id0018,id0026,crop,noisy,0.382527,0.697699,0.010398,1,
id0018,id0027,crop,noisy,0.290609,0.470333,0.006476,1,
id0018,id0041,crop,noisy,0.337230,0.498773,0.010566,1,
id0018,id0042,crop,noisy,0.511120,0.819614,0.016475,1,
id0018,id0045,crop,noisy,0.286276,0.505347,0.007532,1,
id0018,id0048,crop,noisy,0.272980,0.393680,0.002971,1,
id0018,id0056,crop,noisy,0.419521,0.625099,0.013665,1,
id0018,id0062,crop,noisy,0.534391,0.800754,0.015405,1,
id0018,id0069,crop,noisy,0.467310,0.641833,0.008307,1,
id0018,id0071,crop,noisy,0.456118,0.709237,0.018362,1,
id0018,id0072,crop,noisy,0.388603,0.534485,0.008793,1,
id0018,id0075,crop,noisy,0.308999,0.586348,0.009527,1,
id0018,id0080,crop,noisy,0.464278,0.756587,0.011365,1,
id0018,id0081,crop,noisy,0.325128,0.636875,0.006538,1,
id0018,id0086,crop,noisy,0.393905,0.576904,0.007217,1,
id0018,id0088,crop,noisy,0.358025,0.491060,0.006489,1,
id0018,id0097,crop,noisy,0.290321,0.432824,0.005911,1,
id0018,id0100,crop,noisy,0.357246,0.591389,0.007922,1,
id0018,id0106,crop,noisy,0.519131,0.733199,0.010160,1,
id0018,id0107,crop,noisy,0.340912,0.287230,0.003897,1,
id0018,id0110,crop,noisy,0.235144,0.414493,0.004646,1,
id0018,id0113,crop,noisy,0.432251,0.633419,0.010589,1,
id0018,id0115,crop,noisy,0.354310,0.632295,0.009639,1,
id0018,id0130,crop,noisy,0.349795,0.581654,0.007649,1,
id0018,id0132,crop,noisy,0.326289,0.558054,0.009020,1,
id0018,id0136,crop,noisy,0.458846,0.605725,0.007746,1,
id0018,id0153,crop,noisy,0.233688,0.272182,0.003464,1,
id0018,id0161,crop,noisy,0.287563,0.521734,0.008558,1,
id0018,id0169,crop,noisy,0.424750,0.617607,0.012643,1,
id0018,id0182,crop,noisy,0.193836,0.402788,0.004319,1,
id0018,id0183,crop,noisy,0.462025,0.444625,0.003877,1,
id0018,id0186,crop,noisy,0.344592,0.545669,0.011274,1,
id0018,id0197,crop,noisy,0.306567,0.423467,0.005148,1,
id0018,id0199,crop,noisy,0.386478,0.535469,0.004396,1,
id0018,id0206,crop,noisy,0.546436,0.896117,0.014202,1,
id0018,id0207,crop,noisy,0.330534,0.575361,0.010284,1,
id0018,id0208,crop,noisy,0.219759,0.406661,0.005129,1,
id0018,id0212,crop,noisy,0.439102,0.496410,0.007354,1,
id0018,id0220,crop,noisy,0.326173,0.404435,0.007109,1,
id0018,id0222,crop,noisy,0.298091,0.395043,0.005368,1,
id0018,id0224,crop,noisy,0.328001,0.595792,0.010200,1,
id0018,id0233,crop,noisy,0.351839,0.376119,0.006083,1,
id0018,id0239,crop,noisy,0.502849,0.808477,0.017008,1,
id0018,id0242,crop,noisy,0.341463,0.497133,0.008718,1,
id0018,id0246,crop,noisy,0.359223,0.614463,0.013288,1,
id0018,id0258,crop,noisy,0.278820,0.436287,0.007881,1,
id0018,id0273,crop,noisy,0.294283,0.439469,0.008012,1,
id0018,id0275,crop,noisy,0.312723,0.415041,0.006524,1,
id0018,id0285,crop,noisy,0.411593,0.578899,0.006395,1,
id0018,id0290,crop,noisy,0.263703,0.334128,0.003237,1,
id0018,id0296,crop,noisy,0.348008,0.414583,0.006036,1,
id0018,id0299,crop,noisy,0.294161,0.434692,0.005827,1,
id0018,id0303,crop,noisy,0.340705,0.477913,0.005506,1,
id0018,id0319,crop,noisy,0.431257,0.591788,0.006495,1,
id0018,id0321,crop,noisy,0.258891,0.362073,0.003568,1,
id0018,id0326,crop,noisy,0.466424,0.630059,0.005854,1,
id0018,id0328,crop,noisy,0.320845,0.401813,0.006246,1,
id0018,id0330,crop,noisy,0.336254,0.538332,0.009369,1,
id0018,id0342,crop,noisy,0.397614,0.563299,0.011723,1,
id0018,id0346,crop,noisy,0.345890,0.566540,0.009327,1,
id0018,id0363,crop,noisy,0.452520,0.698063,0.012050,1,
id0018,id0367,crop,noisy,0.402012,0.594836,0.012752,1,
id0018,id0368,crop,noisy,0.340517,0.499133,0.006970,1,
id0018,id0369,crop,noisy,0.327552,0.402860,0.003831,1,
id0018,id0372,crop,noisy,0.392301,0.488801,0.008045,1,
id0018,id0373,crop,noisy,0.286644,0.400924,0.005599,1,
id0018,id0374,crop,noisy,0.360947,0.370094,0.004409,1,
id0018,id0378,crop,noisy,0.270982,0.492263,0.008172,1,
id0018,id0381,crop,noisy,0.308404,0.521419,0.007066,1,
id0018,id0382,crop,noisy,0.438496,0.610429,0.009552,1,
id0018,id0392,crop,noisy,0.302090,0.505271,0.010633,1,
id0018,id0396,crop,noisy,0.439248,0.693633,0.013126,1,
id0018,id0398,crop,noisy,0.528230,0.691553,0.009191,1,
id0018,id0399,crop,noisy,0.292709,0.343715,0.005178,1,
id0018,id0401,crop,noisy,0.366870,0.516240,0.011682,1,
id0018,id0402,crop,noisy,0.333401,0.561391,0.008584,1,
id0018,id0404,crop,noisy,0.407667,0.604921,0.008788,1,
id0018,id0411,crop,noisy,0.404419,0.644833,0.012651,1,
id0018,id0412,crop,noisy,0.402996,0.560874,0.009829,1,
id0018,id0418,crop,noisy,0.363427,0.611000,0.008262,1,
id0018,id0421,crop,noisy,0.308484,0.528985,0.008589,1,
id0018,id0422,crop,noisy,0.341853,0.533514,0.008357,1,
id0018,id0431,crop,noisy,0.447872,0.605159,0.008047,1,
id0018,id0437,crop,noisy,0.281543,0.461784,0.007272,1,
id0018,id0441,crop,noisy,0.324058,0.491422,0.010215,1,
id0018,id0447,crop,noisy,0.394627,0.399146,0.002586,1,
id0018,id0460,crop,noisy,0.296181,0.607770,0.008413,1,
id0018,id0462,crop,noisy,0.443242,0.537385,0.005833,1,
id0018,id0465,crop,noisy,0.371929,0.516687,0.009110,1,
id0018,id0466,crop,noisy,0.355834,0.394900,0.002777,1,
id0018,id0468,crop,noisy,0.525207,0.796106,0.014405,1,
id0018,id0470,crop,noisy,0.443988,0.611984,0.011059,1,
id0018,id0476,crop,noisy,0.288014,0.347620,0.004106,1,
id0018,id0486,crop,noisy,0.399879,0.501427,0.006224,1,
id0018,id0491,crop,noisy,0.188877,0.400206,0.005526,1,
id0018,id0498,crop,noisy,0.271085,0.489710,0.008198,1,
id0020,id0026,crop,noisy,0.455089,0.720378,0.009974,1,
id0020,id0027,crop,noisy,0.352512,0.457603,0.006150,1,
id0020,id0041,crop,noisy,0.286346,0.447008,0.009212,1,
id0020,id0042,crop,noisy,0.508775,0.789376,0.015300,1,
id0020,id0045,crop,noisy,0.331734,0.548689,0.007377,1,
id0020,id0048,crop,noisy,0.280180,0.410067,0.003177,1,
id0020,id0056,crop,noisy,0.370600,0.619855,0.012881,1,
id0020,id0062,crop,noisy,0.525262,0.757820,0.013758,1,
id0020,id0069,crop,noisy,0.444480,0.618033,0.007125,1,
id0020,id0071,crop,noisy,0.449276,0.629933,0.016189,1,
id0020,id0072,crop,noisy,0.327863,0.475384,0.007319,1,
id0020,id0075,crop,noisy,0.364030,0.563736,0.008489,1,
id0020,id0080,crop,noisy,0.490913,0.731920,0.010270,1,
id0020,id0081,crop,noisy,0.389761,0.691580,0.006756,1,
id0020,id0086,crop,noisy,0.348211,0.501331,0.005709,1,
id0020,id0088,crop,noisy,0.315994,0.483082,0.005558,1,
id0020,id0097,crop,noisy,0.259220,0.407530,0.005364,1,
id0020,id0100,crop,noisy,0.314824,0.501400,0.006399,1,
id0020,id0106,crop,noisy,0.473760,0.676510,0.008653,1,
id0020,id0107,crop,noisy,0.241004,0.299499,0.003828,1,
id0020,id0110,crop,noisy,0.240634,0.436019,0.004265,1,
id0020,id0113,crop,noisy,0.357343,0.567684,0.009077,1,
id0020,id0115,crop,noisy,0.380457,0.638896,0.009649,1,
id0020,id0130,crop,noisy,0.379781,0.613061,0.007482,1,
id0020,id0132,crop,noisy,0.338499,0.564852,0.008640,1,
id0020,id0136,crop,noisy,0.412491,0.553510,0.006348,1,
id0020,id0153,crop,noisy,0.199670,0.356242,0.003976,1,
id0020,id0161,crop,noisy,0.300244,0.545477,0.008604,1,
id0020,id0169,crop,noisy,0.333506,0.547647,0.010768,1,
id0020,id0182,crop,noisy,0.257291,0.470136,0.005016,1,
id0020,id0183,crop,noisy,0.381559,0.444949,0.003598,1,
id0020,id0186,crop,noisy,0.294117,0.524278,0.010145,1,
id0020,id0197,crop,noisy,0.276460,0.427309,0.004546,1,
id0020,id0199,crop,noisy,0.306657,0.463201,0.003466,1,
id0020,id0206,crop,noisy,0.572790,0.843346,0.011733,1,
id0020,id0207,crop,noisy,0.370967,0.556178,0.009187,1,
id0020,id0208,crop,noisy,0.290813,0.468341,0.005319,1,
id0020,id0212,crop,noisy,0.352615,0.411538,0.005909,1,
id0020,id0220,crop,noisy,0.262141,0.381344,0.006309,1,
id0020,id0222,crop,noisy,0.257909,0.377302,0.004171,1,
id0020,id0224,crop,noisy,0.349421,0.571741,0.009066,1,
id0020,id0233,crop,noisy,0.335685,0.417887,0.006106,1,
id0020,id0239,crop,noisy,0.503937,0.748692,0.015431,1,
id0020,id0242,crop,noisy,0.391146,0.514288,0.008486,1,
id0020,id0246,crop,noisy,0.394227,0.605955,0.012448,1,
id0020,id0258,crop,noisy,0.246461,0.424115,0.007167,1,
id0020,id0273,crop,noisy,0.256970,0.406766,0.007013,1,
id0020,id0275,crop,noisy,0.279283,0.446912,0.006490,1,
id0020,id0285,crop,noisy,0.415054,0.570624,0.005950,1,
id0020,id0290,crop,noisy,0.228495,0.388430,0.003778,1,
id0020,id0296,crop,noisy,0.268310,0.414614,0.005339,1,
id0020,id0299,crop,noisy,0.291979,0.430255,0.005176,1,
id0020,id0303,crop,noisy,0.295318,0.398074,0.004229,1,
id0020,id0319,crop,noisy,0.357576,0.514506,0.005298,1,
id0020,id0321,crop,noisy,0.198172,0.319221,0.002683,1,
id0020,id0326,crop,noisy,0.434222,0.568594,0.004548,1,
id0020,id0328,crop,noisy,0.283497,0.371749,0.005876,1,
id0020,id0330,crop,noisy,0.279663,0.434499,0.007747,1,
id0020,id0342,crop,noisy,0.355589,0.454933,0.009650,1,
id0020,id0346,crop,noisy,0.361000,0.540504,0.008304,1,
id0020,id0363,crop,noisy,0.478254,0.693369,0.011033,1,
id0020,id0367,crop,noisy,0.449815,0.582031,0.011406,1,
id0020,id0368,crop,noisy,0.325525,0.504193,0.006567,1,
id0020,id0369,crop,noisy,0.265521,0.342805,0.003418,1,
id0020,id0372,crop,noisy,0.372119,0.432734,0.007005,1,
id0020,id0373,crop,noisy,0.328483,0.464822,0.005867,1,
id0020,id0374,crop,noisy,0.294529,0.447491,0.005129,1,
id0020,id0378,crop,noisy,0.332301,0.490815,0.007849,1,
id0020,id0381,crop,noisy,0.327838,0.525187,0.006497,1,
id0020,id0382,crop,noisy,0.379804,0.573224,0.008396,1,
id0020,id0392,crop,noisy,0.324917,0.502616,0.009787,1,
id0020,id0396,crop,noisy,0.434739,0.662076,0.012409,1,
id0020,id0398,crop,noisy,0.426271,0.562819,0.006633,1,
id0020,id0399,crop,noisy,0.238162,0.332835,0.004705,1,
id0020,id0401,crop,noisy,0.296557,0.446019,0.009977,1,
id0020,id0402,crop,noisy,0.314376,0.518210,0.007581,1,
id0020,id0404,crop,noisy,0.345746,0.515124,0.007066,1,
id0020,id0411,crop,noisy,0.363889,0.616295,0.011547,1,
id0020,id0412,crop,noisy,0.351925,0.503758,0.008343,1,
id0020,id0418,crop,noisy,0.397871,0.557299,0.006654,1,
id0020,id0421,crop,noisy,0.373521,0.570443,0.008620,1,
id0020,id0422,crop,noisy,0.327218,0.500799,0.007215,1,
id0020,id0431,crop,noisy,0.366727,0.466875,0.005765,1,
id0020,id0437,crop,noisy,0.320878,0.434255,0.007042,1,
id0020,id0441,crop,noisy,0.272626,0.443421,0.008931,1,
id0020,id0447,crop,noisy,0.290759,0.361587,0.002166,1,
id0020,id0460,crop,noisy,0.331565,0.632086,0.008227,1,
id0020,id0462,crop,noisy,0.375715,0.501852,0.005181,1,
id0020,id0465,crop,noisy,0.272896,0.443974,0.007523,1,
id0020,id0466,crop,noisy,0.281512,0.367098,0.002543,1,
id0020,id0468,crop,noisy,0.473484,0.725760,0.012343,1,
id0020,id0470,crop,noisy,0.358264,0.508822,0.008702,1,
id0020,id0476,crop,noisy,0.268600,0.406483,0.004128,1,
id0020,id0486,crop,noisy,0.362366,0.536671,0.006151,1,
id0020,id0491,crop,noisy,0.258850,0.466205,0.006227,1,
id0020,id0498,crop,noisy,0.344788,0.580804,0.008622,1,
id0026,id0027,crop,noisy,0.330191,0.392460,0.002919,1,
id0026,id0041,crop,noisy,0.331795,0.316905,0.004365,1,
id0026,id0042,crop,noisy,0.263575,0.358144,0.007400,1,
id0026,id0045,crop,noisy,0.321618,0.365262,0.003917,1,
id0026,id0048,crop,noisy,0.400423,0.437538,0.002059,1,
id0026,id0056,crop,noisy,0.381525,0.357517,0.006875,1,
id0026,id0062,crop,noisy,0.371594,0.397130,0.007824,1,
id0026,id0069,crop,noisy,0.382939,0.359775,0.003191,1,
id0026,id0071,crop,noisy,0.313544,0.420948,0.010040,1,
id0026,id0072,crop,noisy,0.328796,0.302949,0.003461,1,
id0026,id0075,crop,noisy,0.224633,0.310870,0.003558,1,
id0026,id0080,crop,noisy,0.289239,0.342689,0.004537,1,
id0026,id0081,crop,noisy,0.292258,0.372300,0.002969,1,
id0026,id0086,crop,noisy,0.341817,0.299290,0.002233,1,
id0026,id0088,crop,noisy,0.392749,0.300142,0.002012,1,
id0026,id0097,crop,noisy,0.436645,0.447757,0.002975,1,
id0026,id0100,crop,noisy,0.303367,0.337564,0.002860,1,
id0026,id0106,crop,noisy,0.397318,0.355697,0.003533,1,
id0026,id0107,crop,noisy,0.549377,0.487511,0.002514,1,
id0026,id0110,crop,noisy,0.342431,0.364328,0.002129,1,
id0026,id0113,crop,noisy,0.314328,0.269915,0.004100,1,
id0026,id0115,crop,noisy,0.288851,0.329540,0.004472,1,
id0026,id0130,crop,noisy,0.376261,0.416963,0.004355,1,
id0026,id0132,crop,noisy,0.304324,0.296257,0.003989,1,
id0026,id0136,crop,noisy,0.398495,0.351424,0.003007,1,
id0026,id0153,crop,noisy,0.441178,0.423782,0.002223,1,
id0026,id0161,crop,noisy,0.312517,0.296979,0.003720,1,
id0026,id0169,crop,noisy,0.386004,0.332773,0.005659,1,
id0026,id0182,crop,noisy,0.388857,0.457276,0.002970,1,
id0026,id0183,crop,noisy,0.587221,0.575433,0.001403,1,
id0026,id0186,crop,noisy,0.363869,0.320070,0.005232,1,
id0026,id0197,crop,noisy,0.365561,0.355362,0.001334,1,
id0026,id0199,crop,noisy,0.512822,0.591886,0.001807,1,
id0026,id0206,crop,noisy,0.297222,0.448407,0.005216,1,
id0026,id0207,crop,noisy,0.245842,0.331876,0.004413,1,
id0026,id0208,crop,noisy,0.364376,0.395875,0.003097,1,
id0026,id0212,crop,noisy,0.566878,0.508951,0.003911,1,
id0026,id0220,crop,noisy,0.422628,0.365855,0.003104,1,
id0026,id0222,crop,noisy,0.339101,0.348103,0.001633,1,
id0026,id0224,crop,noisy,0.309100,0.402142,0.004351,1,
id0026,id0233,crop,noisy,0.479106,0.410733,0.003058,1,
id0026,id0239,crop,noisy,0.316758,0.461472,0.008451,1,
id0026,id0242,crop,noisy,0.373065,0.327270,0.004052,1,
id0026,id0246,crop,noisy,0.288746,0.342834,0.007030,1,
id0026,id0258,crop,noisy,0.357495,0.327776,0.003118,1,
id0026,id0273,crop,noisy,0.392651,0.416936,0.003882,1,
id0026,id0275,crop,noisy,0.406405,0.381565,0.003708,1,
id0026,id0285,crop,noisy,0.352377,0.327445,0.001996,1,
id0026,id0290,crop,noisy,0.436927,0.525964,0.001846,1,
id0026,id0296,crop,noisy,0.438025,0.395692,0.002467,1,
id0026,id0299,crop,noisy,0.339492,0.324403,0.002777,1,
id0026,id0303,crop,noisy,0.449361,0.462390,0.003175,1,
id0026,id0319,crop,noisy,0.454308,0.498567,0.004008,1,
id0026,id0321,crop,noisy,0.426141,0.454229,0.001910,1,
id0026,id0326,crop,noisy,0.470577,0.518727,0.001907,1,
id0026,id0328,crop,noisy,0.461709,0.442245,0.003218,1,
id0026,id0330,crop,noisy,0.420171,0.474964,0.004705,1,
id0026,id0342,crop,noisy,0.391602,0.416078,0.006225,1,
id0026,id0346,crop,noisy,0.231225,0.268723,0.003098,1,
id0026,id0363,crop,noisy,0.380254,0.407714,0.006191,1,
id0026,id0367,crop,noisy,0.284075,0.347116,0.005968,1,
id0026,id0368,crop,noisy,0.391941,0.382514,0.003072,1,
id0026,id0369,crop,noisy,0.481499,0.552548,0.001868,1,
id0026,id0372,crop,noisy,0.375525,0.428819,0.003819,1,
id0026,id0373,crop,noisy,0.390541,0.450029,0.002720,1,
id0026,id0374,crop,noisy,0.560424,0.574961,0.003235,1,
id0026,id0378,crop,noisy,0.364026,0.444674,0.004875,1,
id0026,id0381,crop,noisy,0.322692,0.397442,0.003074,1,
id0026,id0382,crop,noisy,0.349736,0.294674,0.003697,1,
id0026,id0392,crop,noisy,0.240488,0.278985,0.004504,1,
id0026,id0396,crop,noisy,0.374143,0.387736,0.006733,1,
id0026,id0398,crop,noisy,0.445529,0.456837,0.003014,1,
id0026,id0399,crop,noisy,0.458282,0.459933,0.003061,1,
id0026,id0401,crop,noisy,0.418225,0.447952,0.005933,1,
id0026,id0402,crop,noisy,0.256530,0.295409,0.003382,1,
id0026,id0404,crop,noisy,0.298118,0.328213,0.003294,1,
id0026,id0411,crop,noisy,0.412569,0.431772,0.006971,1,
id0026,id0412,crop,noisy,0.341175,0.306995,0.004062,1,
id0026,id0418,crop,noisy,0.342093,0.437014,0.002879,1,
id0026,id0421,crop,noisy,0.306784,0.315290,0.004236,1,
id0026,id0422,crop,noisy,0.310234,0.304088,0.003396,1,
id0026,id0431,crop,noisy,0.395751,0.479570,0.002967,1,
id0026,id0437,crop,noisy,0.453268,0.606644,0.004736,1,
id0026,id0441,crop,noisy,0.368081,0.390892,0.005353,1,
id0026,id0447,crop,noisy,0.587150,0.587076,0.002540,1,
id0026,id0460,crop,noisy,0.302496,0.390376,0.004277,1,
id0026,id0462,crop,noisy,0.427018,0.328342,0.001615,1,
id0026,id0465,crop,noisy,0.396176,0.381599,0.003761,1,
id0026,id0466,crop,noisy,0.513205,0.481871,0.001964,1,
id0026,id0468,crop,noisy,0.370116,0.386642,0.006341,1,
id0026,id0470,crop,noisy,0.334839,0.335868,0.004438,1,
id0026,id0476,crop,noisy,0.471402,0.461891,0.002155,1,
id0026,id0486,crop,noisy,0.406025,0.326219,0.002184,1,
id0026,id0491,crop,noisy,0.388937,0.456303,0.003609,1,
id0026,id0498,crop,noisy,0.361584,0.448567,0.004434,1,
id0027,id0041,crop,noisy,0.288491,0.333239,0.008567,1,
id0027,id0042,crop,noisy,0.435188,0.576318,0.014992,1,
id0027,id0045,crop,noisy,0.306277,0.440004,0.006996,1,
id0027,id0048,crop,noisy,0.259443,0.349373,0.002449,1,
id0027,id0056,crop,noisy,0.471796,0.486787,0.012312,1,
id0027,id0062,crop,noisy,0.458276,0.612119,0.013805,1,
id0027,id0069,crop,noisy,0.360515,0.436199,0.006522,1,
id0027,id0071,crop,noisy,0.361867,0.456322,0.015897,1,
id0027,id0072,crop,noisy,0.306605,0.343892,0.006800,1,
id0027,id0075,crop,noisy,0.265497,0.373392,0.007489,1,
id0027,id0080,crop,noisy,0.397498,0.561884,0.009987,1,
id0027,id0081,crop,noisy,0.344527,0.538950,0.005844,1,
id0027,id0086,crop,noisy,0.283554,0.345335,0.005201,1,
id0027,id0088,crop,noisy,0.363207,0.373417,0.005137,1,
id0027,id0097,crop,noisy,0.334744,0.384835,0.004346,1,
id0027,id0100,crop,noisy,0.242230,0.356382,0.005517,1,
id0027,id0106,crop,noisy,0.413932,0.492724,0.007916,1,
id0027,id0107,crop,noisy,0.412436,0.358332,0.002756,1,
id0027,id0110,crop,noisy,0.225657,0.296631,0.003321,1,
id0027,id0113,crop,noisy,0.337893,0.413754,0.008295,1,
id0027,id0115,crop,noisy,0.303259,0.476564,0.008814,1,
id0027,id0130,crop,noisy,0.410698,0.536574,0.007743,1,
id0027,id0132,crop,noisy,0.345669,0.446293,0.007837,1,
id0027,id0136,crop,noisy,0.389995,0.444177,0.005902,1,
id0027,id0153,crop,noisy,0.328423,0.312385,0.002716,1,
id0027,id0161,crop,noisy,0.221057,0.327954,0.006888,1,
id0027,id0169,crop,noisy,0.313778,0.355092,0.010241,1,
id0027,id0182,crop,noisy,0.263599,0.338511,0.003245,1,
id0027,id0183,crop,noisy,0.469733,0.482338,0.003125,1,
id0027,id0186,crop,noisy,0.267222,0.316923,0.009046,1,
id0027,id0197,crop,noisy,0.307554,0.384435,0.004633,1,
id0027,id0199,crop,noisy,0.340340,0.419316,0.002801,1,
id0027,id0206,crop,noisy,0.443601,0.662128,0.011703,1,
id0027,id0207,crop,noisy,0.315093,0.431912,0.009045,1,
id0027,id0208,crop,noisy,0.286435,0.419192,0.004530,1,
id0027,id0212,crop,noisy,0.425004,0.385294,0.005768,1,
id0027,id0220,crop,noisy,0.364917,0.338243,0.005719,1,
id0027,id0222,crop,noisy,0.310288,0.372955,0.004564,1,
id0027,id0224,crop,noisy,0.245232,0.373323,0.007480,1,
id0027,id0233,crop,noisy,0.426219,0.328466,0.005133,1,
id0027,id0239,crop,noisy,0.329948,0.498298,0.014104,1,
id0027,id0242,crop,noisy,0.291893,0.325675,0.007009,1,
id0027,id0246,crop,noisy,0.332253,0.460441,0.012067,1,
id0027,id0258,crop,noisy,0.297361,0.275359,0.006136,1,
id0027,id0273,crop,noisy,0.319917,0.297034,0.006063,1,
id0027,id0275,crop,noisy,0.377979,0.413209,0.006288,1,
id0027,id0285,crop,noisy,0.301974,0.377923,0.004874,1,
id0027,id0290,crop,noisy,0.352663,0.356843,0.002413,1,
id0027,id0296,crop,noisy,0.396155,0.439613,0.005298,1,
id0027,id0299,crop,noisy,0.263955,0.338693,0.004685,1,
id0027,id0303,crop,noisy,0.316126,0.376122,0.003585,1,
id0027,id0319,crop,noisy,0.377321,0.494371,0.004997,1,
id0027,id0321,crop,noisy,0.333810,0.392121,0.002843,1,
id0027,id0326,crop,noisy,0.360349,0.502787,0.004179,1,
id0027,id0328,crop,noisy,0.285182,0.243383,0.004462,1,
id0027,id0330,crop,noisy,0.302521,0.351419,0.007303,1,
id0027,id0342,crop,noisy,0.292963,0.345438,0.009450,1,
id0027,id0346,crop,noisy,0.281297,0.365530,0.007691,1,
id0027,id0363,crop,noisy,0.386113,0.515848,0.010387,1,
id0027,id0367,crop,noisy,0.276202,0.413354,0.010803,1,
id0027,id0368,crop,noisy,0.298663,0.373747,0.005544,1,
id0027,id0369,crop,noisy,0.309366,0.381944,0.003037,1,
id0027,id0372,crop,noisy,0.275747,0.358522,0.006530,1,
id0027,id0373,crop,noisy,0.271524,0.374470,0.004431,1,
id0027,id0374,crop,noisy,0.512557,0.472836,0.004008,1,
id0027,id0378,crop,noisy,0.196178,0.349264,0.006177,1,
id0027,id0381,crop,noisy,0.259664,0.403903,0.006281,1,
id0027,id0382,crop,noisy,0.400467,0.452369,0.008245,1,
id0027,id0392,crop,noisy,0.276814,0.307148,0.008971,1,
id0027,id0396,crop,noisy,0.350419,0.471199,0.011349,1,
id0027,id0398,crop,noisy,0.387527,0.485414,0.006320,1,
id0027,id0399,crop,noisy,0.360969,0.356216,0.004487,1,
id0027,id0401,crop,noisy,0.346608,0.342766,0.009160,1,
id0027,id0402,crop,noisy,0.246365,0.360709,0.007169,1,
id0027,id0404,crop,noisy,0.318837,0.417553,0.006831,1,
id0027,id0411,crop,noisy,0.390069,0.513669,0.010941,1,
id0027,id0412,crop,noisy,0.292033,0.357503,0.008111,1,
id0027,id0418,crop,noisy,0.288804,0.489107,0.006571,1,
id0027,id0421,crop,noisy,0.289313,0.402383,0.007856,1,
id0027,id0422,crop,noisy,0.269314,0.330662,0.006473,1,
id0027,id0431,crop,noisy,0.316387,0.450238,0.006011,1,
id0027,id0437,crop,noisy,0.259071,0.379146,0.005643,1,
id0027,id0441,crop,noisy,0.305213,0.354756,0.008432,1,
id0027,id0447,crop,noisy,0.437590,0.445186,0.001786,1,
id0027,id0460,crop,noisy,0.307821,0.480525,0.007348,1,
id0027,id0462,crop,noisy,0.378574,0.391457,0.004568,1,
id0027,id0465,crop,noisy,0.375290,0.384861,0.007144,1,
id0027,id0466,crop,noisy,0.394887,0.416444,0.002527,1,
id0027,id0468,crop,noisy,0.409806,0.532556,0.011579,1,
id0027,id0470,crop,noisy,0.319506,0.382260,0.008425,1,
id0027,id0476,crop,noisy,0.332137,0.350353,0.003531,1,
id0027,id0486,crop,noisy,0.434650,0.442879,0.005421,1,
id0027,id0491,crop,noisy,0.281089,0.344088,0.004696,1,
id0027,id0498,crop,noisy,0.366134,0.470511,0.007347,1,
id0041,id0042,crop,noisy,0.363482,0.526952,0.013563,1,
id0041,id0045,crop,noisy,0.313738,0.407288,0.006420,1,
id0041,id0048,crop,noisy,0.301145,0.419634,0.002570,1,
id0041,id0056,crop,noisy,0.305265,0.395141,0.011159,1,
id0041,id0062,crop,noisy,0.382166,0.558402,0.012431,1,
id0041,id0069,crop,noisy,0.345310,0.451162,0.005856,1,
id0041,id0071,crop,noisy,0.319246,0.395989,0.014258,1,
id0041,id0072,crop,noisy,0.202838,0.355157,0.005653,1,
id0041,id0075,crop,noisy,0.258028,0.350040,0.006760,1,
id0041,id0080,crop,noisy,0.365095,0.540384,0.009023,1,
id0041,id0081,crop,noisy,0.312001,0.479571,0.005702,1,
id0041,id0086,crop,noisy,0.242059,0.348584,0.004159,1,
id0041,id0088,crop,noisy,0.291898,0.373237,0.004152,1,
id0041,id0097,crop,noisy,0.276259,0.397409,0.003969,1,
id0041,id0100,crop,noisy,0.242526,0.316836,0.004641,1,
id0041,id0106,crop,noisy,0.364249,0.517867,0.007131,1,
id0041,id0107,crop,noisy,0.339952,0.383978,0.002669,1,
id0041,id0110,crop,noisy,0.271472,0.341085,0.003221,1,
id0041,id0113,crop,noisy,0.252149,0.355628,0.007227,1,
id0041,id0115,crop,noisy,0.261325,0.407017,0.008499,1,
id0041,id0130,crop,noisy,0.344144,0.521708,0.007118,1,
id0041,id0132,crop,noisy,0.239942,0.359724,0.007138,1,
id0041,id0136,crop,noisy,0.332769,0.464836,0.005168,1,
id0041,id0153,crop,noisy,0.292204,0.380181,0.003027,1,
id0041,id0161,crop,noisy,0.239894,0.310417,0.006961,1,
id0041,id0169,crop,noisy,0.284520,0.343325,0.009094,1,
id0041,id0182,crop,noisy,0.321892,0.423946,0.003918,1,
id0041,id0183,crop,noisy,0.425083,0.535511,0.002564,1,
id0041,id0186,crop,noisy,0.208030,0.312596,0.008324,1,
id0041,id0197,crop,noisy,0.252636,0.339417,0.003442,1,
id0041,id0199,crop,noisy,0.326810,0.463173,0.002174,1,
id0041,id0206,crop,noisy,0.422535,0.576183,0.009767,1,
id0041,id0207,crop,noisy,0.246343,0.414794,0.007824,1,
id0041,id0208,crop,noisy,0.292039,0.412180,0.004400,1,
id0041,id0212,crop,noisy,0.447184,0.458223,0.005122,1,
id0041,id0220,crop,noisy,0.293610,0.361821,0.004930,1,
id0041,id0222,crop,noisy,0.268144,0.324659,0.003155,1,
id0041,id0224,crop,noisy,0.268495,0.367250,0.007069,1,
id0041,id0233,crop,noisy,0.345060,0.378867,0.005071,1,
id0041,id0239,crop,noisy,0.343758,0.453655,0.013183,1,
id0041,id0242,crop,noisy,0.316979,0.383565,0.007096,1,
id0041,id0246,crop,noisy,0.262075,0.372499,0.011109,1,
id0041,id0258,crop,noisy,0.230917,0.278201,0.005471,1,
id0041,id0273,crop,noisy,0.222892,0.358893,0.005486,1,
id0041,id0275,crop,noisy,0.304111,0.392120,0.005813,1,
id0041,id0285,crop,noisy,0.308969,0.440199,0.004525,1,
id0041,id0290,crop,noisy,0.336846,0.425511,0.002671,1,
id0041,id0296,crop,noisy,0.267541,0.386886,0.004231,1,
id0041,id0299,crop,noisy,0.227115,0.344252,0.004169,1,
id0041,id0303,crop,noisy,0.308222,0.407838,0.003021,1,
id0041,id0319,crop,noisy,0.387229,0.532928,0.004437,1,
id0041,id0321,crop,noisy,0.287989,0.354725,0.001940,1,
id0041,id0326,crop,noisy,0.366761,0.537662,0.003338,1,
id0041,id0328,crop,noisy,0.262702,0.337523,0.004561,1,
id0041,id0330,crop,noisy,0.284766,0.404344,0.006435,1,
id0041,id0342,crop,noisy,0.235924,0.343931,0.008227,1,
id0041,id0346,crop,noisy,0.259996,0.315316,0.006665,1,
id0041,id0363,crop,noisy,0.334157,0.491402,0.009769,1,
id0041,id0367,crop,noisy,0.286296,0.331060,0.009481,1,
id0041,id0368,crop,noisy,0.301585,0.407290,0.005275,1,
id0041,id0369,crop,noisy,0.300081,0.472399,0.002705,1,
id0041,id0372,crop,noisy,0.300863,0.343063,0.005692,1,
id0041,id0373,crop,noisy,0.303393,0.402144,0.004529,1,
id0041,id0374,crop,noisy,0.456335,0.505591,0.004424,1,
id0041,id0378,crop,noisy,0.286320,0.385125,0.006332,1,
id0041,id0381,crop,noisy,0.294193,0.418784,0.005676,1,
id0041,id0382,crop,noisy,0.300492,0.441887,0.007177,1,
id0041,id0392,crop,noisy,0.240158,0.274691,0.008053,1,
id0041,id0396,crop,noisy,0.309335,0.486647,0.010974,1,
id0041,id0398,crop,noisy,0.347233,0.479206,0.004719,1,
id0041,id0399,crop,noisy,0.302502,0.425053,0.004051,1,
id0041,id0401,crop,noisy,0.274399,0.334255,0.008025,1,
id0041,id0402,crop,noisy,0.244332,0.373441,0.006376,1,
id0041,id0404,crop,noisy,0.243784,0.400024,0.005616,1,
id0041,id0411,crop,noisy,0.319543,0.487065,0.010229,1,
id0041,id0412,crop,noisy,0.251410,0.358843,0.006826,1,
id0041,id0418,crop,noisy,0.313515,0.373052,0.005026,1,
id0041,id0421,crop,noisy,0.320715,0.416903,0.007717,1,
id0041,id0422,crop,noisy,0.256495,0.361117,0.005776,1,
id0041,id0431,crop,noisy,0.308329,0.463463,0.004365,1,
id0041,id0437,crop,noisy,0.333974,0.434812,0.005727,1,
id0041,id0441,crop,noisy,0.224606,0.342931,0.007512,1,
id0041,id0447,crop,noisy,0.418971,0.533374,0.001594,1,
id0041,id0460,crop,noisy,0.253387,0.442505,0.007029,1,
id0041,id0462,crop,noisy,0.297771,0.443437,0.003997,1,
id0041,id0465,crop,noisy,0.272831,0.318282,0.005860,1,
id0041,id0466,crop,noisy,0.366379,0.463327,0.002217,1,
id0041,id0468,crop,noisy,0.369731,0.515577,0.010462,1,
id0041,id0470,crop,noisy,0.265050,0.305574,0.006774,1,
id0041,id0476,crop,noisy,0.353810,0.449067,0.003432,1,
id0041,id0486,crop,noisy,0.316573,0.476395,0.005012,1,
id0041,id0491,crop,noisy,0.299522,0.391656,0.005153,1,
id0041,id0498,crop,noisy,0.343671,0.477148,0.007317,1,
id0042,id0045,crop,noisy,0.336427,0.487013,0.003486,1,
id0042,id0048,crop,noisy,0.465875,0.601860,0.002276,1,
id0042,id0056,crop,noisy,0.385479,0.396348,0.005669,1,
id0042,id0062,crop,noisy,0.326056,0.315965,0.006110,1,
id0042,id0069,crop,noisy,0.412684,0.417366,0.002440,1,
id0042,id0071,crop,noisy,0.307223,0.407793,0.008157,1,
id0042,id0072,crop,noisy,0.333826,0.400405,0.002540,1,
id0042,id0075,crop,noisy,0.346963,0.383761,0.002819,1,
id0042,id0080,crop,noisy,0.271436,0.298353,0.003418,1,
id0042,id0081,crop,noisy,0.324743,0.431070,0.002522,1,
id0042,id0086,crop,noisy,0.375664,0.382453,0.001609,1,
id0042,id0088,crop,noisy,0.417882,0.413914,0.001600,1,
id0042,id0097,crop,noisy,0.473463,0.585326,0.002656,1,
id0042,id0100,crop,noisy,0.367709,0.402234,0.002039,1,
id0042,id0106,crop,noisy,0.372444,0.332092,0.002421,1,
id0042,id0107,crop,noisy,0.557782,0.667803,0.002581,1,
id0042,id0110,crop,noisy,0.442718,0.535869,0.002344,1,
id0042,id0113,crop,noisy,0.295061,0.320647,0.003118,1,
id0042,id0115,crop,noisy,0.300132,0.383729,0.003766,1,
id0042,id0130,crop,noisy,0.408083,0.497921,0.003829,1,
id0042,id0132,crop,noisy,0.382061,0.384005,0.003330,1,
id0042,id0136,crop,noisy,0.357258,0.422023,0.002172,1,
id0042,id0153,crop,noisy,0.499258,0.605317,0.002416,1,
id0042,id0161,crop,noisy,0.370256,0.412690,0.003225,1,
id0042,id0169,crop,noisy,0.355525,0.376521,0.004432,1,
id0042,id0182,crop,noisy,0.498335,0.631130,0.003236,1,
id0042,id0183,crop,noisy,0.623279,0.730838,0.001690,1,
id0042,id0186,crop,noisy,0.398544,0.417113,0.004211,1,
id0042,id0197,crop,noisy,0.400226,0.494023,0.001268,1,
id0042,id0199,crop,noisy,0.523902,0.707280,0.001711,1,
id0042,id0206,crop,noisy,0.288280,0.318179,0.003701,1,
id0042,id0207,crop,noisy,0.311823,0.382365,0.003346,1,
id0042,id0208,crop,noisy,0.441787,0.545495,0.002963,1,
id0042,id0212,crop,noisy,0.564634,0.635773,0.003376,1,
id0042,id0220,crop,noisy,0.449445,0.517403,0.002617,1,
id0042,id0222,crop,noisy,0.347747,0.496928,0.001408,1,
id0042,id0224,crop,noisy,0.381125,0.467653,0.003311,1,
id0042,id0233,crop,noisy,0.549986,0.576496,0.002978,1,
id0042,id0239,crop,noisy,0.301533,0.407137,0.006776,1,
id0042,id0242,crop,noisy,0.481578,0.444909,0.003377,1,
id0042,id0246,crop,noisy,0.292296,0.379232,0.005854,1,
id0042,id0258,crop,noisy,0.376492,0.456043,0.002408,1,
id0042,id0273,crop,noisy,0.460834,0.560780,0.003378,1,
id0042,id0275,crop,noisy,0.427674,0.528612,0.003451,1,
id0042,id0285,crop,noisy,0.389905,0.418616,0.001474,1,
id0042,id0290,crop,noisy,0.506682,0.711326,0.002263,1,
id0042,id0296,crop,noisy,0.433350,0.530919,0.002089,1,
id0042,id0299,crop,noisy,0.372160,0.468418,0.002523,1,
id0042,id0303,crop,noisy,0.522272,0.588116,0.002939,1,
id0042,id0319,crop,noisy,0.431601,0.590078,0.003375,1,
id0042,id0321,crop,noisy,0.481064,0.605268,0.002023,1,
id0042,id0326,crop,noisy,0.464806,0.603081,0.001452,1,
id0042,id0328,crop,noisy,0.515743,0.588224,0.002971,1,
id0042,id0330,crop,noisy,0.456262,0.580797,0.004009,1,
id0042,id0342,crop,noisy,0.428267,0.488168,0.005061,1,
id0042,id0346,crop,noisy,0.281269,0.338762,0.002332,1,
id0042,id0363,crop,noisy,0.417415,0.415837,0.004993,1,
id0042,id0367,crop,noisy,0.369618,0.416537,0.004855,1,
id0042,id0368,crop,noisy,0.420765,0.499822,0.002601,1,
id0042,id0369,crop,noisy,0.505157,0.718314,0.001941,1,
id0042,id0372,crop,noisy,0.382930,0.547482,0.003155,1,
id0042,id0373,crop,noisy,0.494883,0.604754,0.002571,1,
id0042,id0374,crop,noisy,0.572230,0.743318,0.003424,1,
id0042,id0378,crop,noisy,0.449078,0.561799,0.004320,1,
id0042,id0381,crop,noisy,0.359313,0.493271,0.002438,1,
id0042,id0382,crop,noisy,0.300237,0.354016,0.002875,1,
id0042,id0392,crop,noisy,0.343731,0.378284,0.003495,1,
id0042,id0396,crop,noisy,0.418163,0.395705,0.005492,1,
id0042,id0398,crop,noisy,0.431358,0.513123,0.002201,1,
id0042,id0399,crop,noisy,0.510588,0.617161,0.002885,1,
id0042,id0401,crop,noisy,0.430235,0.549713,0.004991,1,
id0042,id0402,crop,noisy,0.281000,0.382848,0.002668,1,
id0042,id0404,crop,noisy,0.277014,0.367428,0.002291,1,
id0042,id0411,crop,noisy,0.416605,0.494003,0.005887,1,
id0042,id0412,crop,noisy,0.294473,0.388718,0.003131,1,
id0042,id0418,crop,noisy,0.379658,0.506991,0.002110,1,
id0042,id0421,crop,noisy,0.376736,0.419811,0.003623,1,
id0042,id0422,crop,noisy,0.363246,0.408719,0.002622,1,
id0042,id0431,crop,noisy,0.397031,0.560293,0.002175,1,
id0042,id0437,crop,noisy,0.554747,0.750486,0.004623,1,
id0042,id0441,crop,noisy,0.396160,0.490155,0.004356,1,
id0042,id0447,crop,noisy,0.606141,0.755037,0.002916,1,
id0042,id0460,crop,noisy,0.348040,0.451707,0.003549,1,
id0042,id0462,crop,noisy,0.409793,0.435340,0.001192,1,
id0042,id0465,crop,noisy,0.396173,0.465328,0.002853,1,
id0042,id0466,crop,noisy,0.525120,0.644289,0.002147,1,
id0042,id0468,crop,noisy,0.326169,0.356643,0.004992,1,
id0042,id0470,crop,noisy,0.328483,0.390386,0.003193,1,
id0042,id0476,crop,noisy,0.510119,0.631913,0.002284,1,
id0042,id0486,crop,noisy,0.425984,0.456086,0.001890,1,
id0042,id0491,crop,noisy,0.469898,0.607502,0.003564,1,
id0042,id0498,crop,noisy,0.407352,0.581232,0.003972,1,
id0045,id0048,crop,noisy,0.287502,0.440063,0.002032,1,
id0045,id0056,crop,noisy,0.344228,0.358722,0.010301,1,
id0045,id0062,crop,noisy,0.386503,0.435822,0.011576,1,
id0045,id0069,crop,noisy,0.397357,0.505286,0.005691,1,
id0045,id0071,crop,noisy,0.349833,0.467632,0.013934,1,
id0045,id0072,crop,noisy,0.285301,0.385217,0.005792,1,
id0045,id0075,crop,noisy,0.297862,0.396164,0.006483,1,
id0045,id0080,crop,noisy,0.338093,0.452630,0.008348,1,
id0045,id0081,crop,noisy,0.271371,0.400099,0.004899,1,
id0045,id0086,crop,noisy,0.338372,0.456973,0.004799,1,
id0045,id0088,crop,noisy,0.371927,0.432772,0.004487,1,
id0045,id0097,crop,noisy,0.299338,0.344500,0.003542,1,
id0045,id0100,crop,noisy,0.297371,0.445379,0.005117,1,
id0045,id0106,crop,noisy,0.395645,0.524316,0.007020,1,
id0045,id0107,crop,noisy,0.365750,0.408569,0.002559,1,
id0045,id0110,crop,noisy,0.249484,0.361634,0.002941,1,
id0045,id0113,crop,noisy,0.307482,0.411943,0.007465,1,
id0045,id0115,crop,noisy,0.267676,0.409416,0.007438,1,
id0045,id0130,crop,noisy,0.243585,0.264726,0.005414,1,
id0045,id0132,crop,noisy,0.290786,0.271197,0.006500,1,
id0045,id0136,crop,noisy,0.303670,0.361187,0.004949,1,
id0045,id0153,crop,noisy,0.313757,0.411259,0.002493,1,
id0045,id0161,crop,noisy,0.260725,0.391866,0.006180,1,
id0045,id0169,crop,noisy,0.321935,0.441094,0.008939,1,
id0045,id0182,crop,noisy,0.281743,0.440850,0.003142,1,
id0045,id0183,crop,noisy,0.527420,0.658759,0.003014,1,
id0045,id0186,crop,noisy,0.307422,0.430203,0.008033,1,
id0045,id0197,crop,noisy,0.329408,0.426198,0.003569,1,
id0045,id0199,crop,noisy,0.414273,0.638912,0.002610,1,
id0045,id0206,crop,noisy,0.437701,0.612846,0.010467,1,
id0045,id0207,crop,noisy,0.285213,0.419511,0.007487,1,
id0045,id0208,crop,noisy,0.237292,0.266612,0.003370,1,
id0045,id0212,crop,noisy,0.390712,0.438639,0.005040,1,
id0045,id0220,crop,noisy,0.274262,0.322587,0.004568,1,
id0045,id0222,crop,noisy,0.236709,0.337953,0.003156,1,
id0045,id0224,crop,noisy,0.320364,0.509618,0.007056,1,
id0045,id0233,crop,noisy,0.437442,0.417124,0.004509,1,
id0045,id0239,crop,noisy,0.375975,0.633412,0.013143,1,
id0045,id0242,crop,noisy,0.388186,0.424281,0.006151,1,
id0045,id0246,crop,noisy,0.263212,0.324435,0.010137,1,
id0045,id0258,crop,noisy,0.256965,0.362884,0.005159,1,
id0045,id0273,crop,noisy,0.334678,0.412448,0.005535,1,
id0045,id0275,crop,noisy,0.246926,0.267912,0.004675,1,
id0045,id0285,crop,noisy,0.349620,0.476312,0.004222,1,
id0045,id0290,crop,noisy,0.366241,0.547545,0.002562,1,
id0045,id0296,crop,noisy,0.278435,0.261256,0.003759,1,
id0045,id0299,crop,noisy,0.220855,0.290599,0.003736,1,
id0045,id0303,crop,noisy,0.352359,0.374992,0.003119,1,
id0045,id0319,crop,noisy,0.270875,0.381636,0.003853,1,
id0045,id0321,crop,noisy,0.320844,0.403654,0.002340,1,
id0045,id0326,crop,noisy,0.401949,0.585229,0.003501,1,
id0045,id0328,crop,noisy,0.383525,0.452254,0.004174,1,
id0045,id0330,crop,noisy,0.305134,0.492227,0.006556,1,
id0045,id0342,crop,noisy,0.352240,0.454612,0.008427,1,
id0045,id0346,crop,noisy,0.300019,0.434608,0.006806,1,
id0045,id0363,crop,noisy,0.392962,0.447388,0.008600,1,
id0045,id0367,crop,noisy,0.366380,0.436844,0.009224,1,
id0045,id0368,crop,noisy,0.298567,0.380179,0.004701,1,
id0045,id0369,crop,noisy,0.367351,0.572200,0.002765,1,
id0045,id0372,crop,noisy,0.326787,0.447550,0.005622,1,
id0045,id0373,crop,noisy,0.366378,0.475223,0.004027,1,
id0045,id0374,crop,noisy,0.383201,0.468808,0.003365,1,
id0045,id0378,crop,noisy,0.254150,0.390000,0.005394,1,
id0045,id0381,crop,noisy,0.258406,0.440584,0.005017,1,
id0045,id0382,crop,noisy,0.284446,0.341402,0.006871,1,
id0045,id0392,crop,noisy,0.311929,0.387824,0.007588,1,
id0045,id0396,crop,noisy,0.416510,0.539919,0.010485,1,
id0045,id0398,crop,noisy,0.436278,0.589059,0.006344,1,
id0045,id0399,crop,noisy,0.325259,0.351302,0.003371,1,
id0045,id0401,crop,noisy,0.323145,0.447663,0.008011,1,
id0045,id0402,crop,noisy,0.207385,0.355774,0.005956,1,
id0045,id0404,crop,noisy,0.285472,0.434431,0.006136,1,
id0045,id0411,crop,noisy,0.295715,0.337592,0.009119,1,
id0045,id0412,crop,noisy,0.261970,0.382395,0.006718,1,
id0045,id0418,crop,noisy,0.302671,0.471757,0.005243,1,
id0045,id0421,crop,noisy,0.232628,0.282672,0.006305,1,
id0045,id0422,crop,noisy,0.308147,0.429026,0.005834,1,
id0045,id0431,crop,noisy,0.351367,0.524267,0.004972,1,
id0045,id0437,crop,noisy,0.378894,0.592955,0.005373,1,
id0045,id0441,crop,noisy,0.254725,0.327515,0.006860,1,
id0045,id0447,crop,noisy,0.442170,0.513657,0.001243,1,
id0045,id0460,crop,noisy,0.230295,0.408638,0.006065,1,
id0045,id0462,crop,noisy,0.358672,0.440598,0.004035,1,
id0045,id0465,crop,noisy,0.301942,0.332469,0.005845,1,
id0045,id0466,crop,noisy,0.356116,0.453354,0.001908,1,
id0045,id0468,crop,noisy,0.369224,0.524780,0.010584,1,
id0045,id0470,crop,noisy,0.338335,0.465233,0.007584,1,
id0045,id0476,crop,noisy,0.318406,0.418888,0.002398,1,
id0045,id0486,crop,noisy,0.362085,0.348705,0.004522,1,
id0045,id0491,crop,noisy,0.271567,0.402097,0.003924,1,
id0045,id0498,crop,noisy,0.208912,0.294814,0.005660,1,
id0048,id0056,crop,noisy,0.438283,0.509561,0.014665,1,
id0048,id0062,crop,noisy,0.483911,0.588695,0.015540,1,
id0048,id0069,crop,noisy,0.345378,0.434185,0.008225,1,
id0048,id0071,crop,noisy,0.480740,0.594711,0.019211,1,
id0048,id0072,crop,noisy,0.310490,0.370327,0.008949,1,
id0048,id0075,crop,noisy,0.351198,0.483028,0.010076,1,
id0048,id0080,crop,noisy,0.390122,0.539212,0.011459,1,
id0048,id0081,crop,noisy,0.318693,0.531488,0.006692,1,
id0048,id0086,crop,noisy,0.241506,0.391570,0.006873,1,
id0048,id0088,crop,noisy,0.289267,0.367236,0.006379,1,
id0048,id0097,crop,noisy,0.306803,0.407512,0.006596,1,
id0048,id0100,crop,noisy,0.267631,0.430317,0.007668,1,
id0048,id0106,crop,noisy,0.399369,0.505814,0.009714,1,
id0048,id0107,crop,noisy,0.314860,0.357838,0.004255,1,
id0048,id0110,crop,noisy,0.244179,0.369382,0.005149,1,
id0048,id0113,crop,noisy,0.317642,0.434972,0.010428,1,
id0048,id0115,crop,noisy,0.276086,0.463517,0.010474,1,
id0048,id0130,crop,noisy,0.348310,0.449216,0.008284,1,
id0048,id0132,crop,noisy,0.305165,0.432046,0.009488,1,
id0048,id0136,crop,noisy,0.321697,0.377848,0.007143,1,
id0048,id0153,crop,noisy,0.251430,0.325446,0.004129,1,
id0048,id0161,crop,noisy,0.217796,0.426974,0.009490,1,
id0048,id0169,crop,noisy,0.342159,0.434894,0.012862,1,
id0048,id0182,crop,noisy,0.227122,0.389216,0.004964,1,
id0048,id0183,crop,noisy,0.368527,0.420054,0.003601,1,
id0048,id0186,crop,noisy,0.241396,0.381920,0.011571,1,
id0048,id0197,crop,noisy,0.256626,0.328362,0.005483,1,
id0048,id0199,crop,noisy,0.258019,0.445514,0.004105,1,
id0048,id0206,crop,noisy,0.513226,0.716714,0.013702,1,
id0048,id0207,crop,noisy,0.315825,0.396473,0.010576,1,
id0048,id0208,crop,noisy,0.221554,0.337670,0.005630,1,
id0048,id0212,crop,noisy,0.394040,0.421385,0.008004,1,
id0048,id0220,crop,noisy,0.302711,0.299791,0.007436,1,
id0048,id0222,crop,noisy,0.265685,0.318905,0.005413,1,
id0048,id0224,crop,noisy,0.324869,0.479125,0.010003,1,
id0048,id0233,crop,noisy,0.357085,0.318630,0.006439,1,
id0048,id0239,crop,noisy,0.473281,0.650347,0.017596,1,
id0048,id0242,crop,noisy,0.320073,0.365671,0.009421,1,
id0048,id0246,crop,noisy,0.398357,0.503625,0.014443,1,
id0048,id0258,crop,noisy,0.300437,0.380151,0.008651,1,
id0048,id0273,crop,noisy,0.313359,0.366431,0.008158,1,
id0048,id0275,crop,noisy,0.284332,0.316634,0.007241,1,
id0048,id0285,crop,noisy,0.300510,0.382641,0.006781,1,
id0048,id0290,crop,noisy,0.284249,0.387411,0.003358,1,
id0048,id0296,crop,noisy,0.285846,0.349003,0.006466,1,
id0048,id0299,crop,noisy,0.239562,0.296447,0.005996,1,
id0048,id0303,crop,noisy,0.281518,0.379058,0.005563,1,
id0048,id0319,crop,noisy,0.330198,0.431985,0.006724,1,
id0048,id0321,crop,noisy,0.251356,0.372897,0.003610,1,
id0048,id0326,crop,noisy,0.310475,0.451938,0.005472,1,
id0048,id0328,crop,noisy,0.286185,0.373611,0.006851,1,
id0048,id0330,crop,noisy,0.320369,0.404782,0.009790,1,
id0048,id0342,crop,noisy,0.342756,0.395463,0.012001,1,
id0048,id0346,crop,noisy,0.327557,0.444608,0.009820,1,
id0048,id0363,crop,noisy,0.366916,0.506402,0.012036,1,
id0048,id0367,crop,noisy,0.368069,0.452162,0.013152,1,
id0048,id0368,crop,noisy,0.223973,0.310738,0.006714,1,
id0048,id0369,crop,noisy,0.231362,0.383829,0.004221,1,
id0048,id0372,crop,noisy,0.297083,0.390352,0.008461,1,
id0048,id0373,crop,noisy,0.263181,0.342389,0.005603,1,
id0048,id0374,crop,noisy,0.425324,0.462840,0.005398,1,
id0048,id0378,crop,noisy,0.233767,0.398272,0.008477,1,
id0048,id0381,crop,noisy,0.236921,0.348260,0.007056,1,
id0048,id0382,crop,noisy,0.379913,0.462166,0.010211,1,
id0048,id0392,crop,noisy,0.335533,0.411189,0.011414,1,
id0048,id0396,crop,noisy,0.328773,0.473047,0.013103,1,
id0048,id0398,crop,noisy,0.383245,0.527898,0.008520,1,
id0048,id0399,crop,noisy,0.282838,0.286421,0.005812,1,
id0048,id0401,crop,noisy,0.398819,0.483275,0.012766,1,
id0048,id0402,crop,noisy,0.269989,0.365972,0.008829,1,
id0048,id0404,crop,noisy,0.336293,0.395568,0.008505,1,
id0048,id0411,crop,noisy,0.411655,0.521424,0.013750,1,
id0048,id0412,crop,noisy,0.283665,0.375874,0.010139,1,
id0048,id0418,crop,noisy,0.315107,0.498120,0.008345,1,
id0048,id0421,crop,noisy,0.294029,0.406671,0.009667,1,
id0048,id0422,crop,noisy,0.264091,0.347858,0.008313,1,
id0048,id0431,crop,noisy,0.314791,0.431014,0.007903,1,
id0048,id0437,crop,noisy,0.317788,0.513023,0.008691,1,
id0048,id0441,crop,noisy,0.317408,0.400396,0.011123,1,
id0048,id0447,crop,noisy,0.307848,0.341566,0.002330,1,
id0048,id0460,crop,noisy,0.261791,0.471588,0.008867,1,
id0048,id0462,crop,noisy,0.288409,0.332967,0.005784,1,
id0048,id0465,crop,noisy,0.350048,0.447330,0.009616,1,
id0048,id0466,crop,noisy,0.257934,0.269261,0.003050,1,
id0048,id0468,crop,noisy,0.424240,0.598626,0.014239,1,
id0048,id0470,crop,noisy,0.351409,0.451795,0.010673,1,
id0048,id0476,crop,noisy,0.201524,0.289872,0.004333,1,
id0048,id0486,crop,noisy,0.371131,0.368737,0.006480,1,
id0048,id0491,crop,noisy,0.242828,0.378044,0.006464,1,
id0048,id0498,crop,noisy,0.357248,0.479444,0.009172,1,
id0056,id0062,crop,noisy,0.376901,0.522715,0.011633,1,
id0056,id0069,crop,noisy,0.440619,0.613061,0.005629,1,
id0056,id0071,crop,noisy,0.370268,0.430175,0.013720,1,
id0056,id0072,crop,noisy,0.364177,0.477934,0.005527,1,
id0056,id0075,crop,noisy,0.331446,0.355047,0.006301,1,
id0056,id0080,crop,noisy,0.380890,0.544586,0.008433,1,
id0056,id0081,crop,noisy,0.343343,0.461243,0.004964,1,
id0056,id0086,crop,noisy,0.441969,0.522181,0.004328,1,
id0056,id0088,crop,noisy,0.354732,0.488456,0.004265,1,
id0056,id0097,crop,noisy,0.292466,0.436224,0.003412,1,
id0056,id0100,crop,noisy,0.389169,0.495158,0.004401,1,
id0056,id0106,crop,noisy,0.406965,0.587900,0.006927,1,
id0056,id0107,crop,noisy,0.377795,0.468678,0.002437,1,
id0056,id0110,crop,noisy,0.352546,0.408376,0.002616,1,
id0056,id0113,crop,noisy,0.361790,0.471332,0.006873,1,
id0056,id0115,crop,noisy,0.364146,0.540710,0.007192,1,
id0056,id0130,crop,noisy,0.277351,0.447219,0.006356,1,
id0056,id0132,crop,noisy,0.281528,0.388651,0.006321,1,
id0056,id0136,crop,noisy,0.346134,0.506193,0.004888,1,
id0056,id0153,crop,noisy,0.333013,0.404757,0.002539,1,
id0056,id0161,crop,noisy,0.352165,0.467559,0.006037,1,
id0056,id0169,crop,noisy,0.370065,0.507035,0.008584,1,
id0056,id0182,crop,noisy,0.387574,0.472348,0.003055,1,
id0056,id0183,crop,noisy,0.544717,0.732237,0.002837,1,
id0056,id0186,crop,noisy,0.355161,0.492018,0.007857,1,
id0056,id0197,crop,noisy,0.398900,0.508604,0.003089,1,
id0056,id0199,crop,noisy,0.494607,0.724810,0.002305,1,
id0056,id0206,crop,noisy,0.481995,0.650687,0.009729,1,
id0056,id0207,crop,noisy,0.334750,0.406230,0.007320,1,
id0056,id0208,crop,noisy,0.352088,0.422528,0.003841,1,
id0056,id0212,crop,noisy,0.454501,0.574717,0.004910,1,
id0056,id0220,crop,noisy,0.277874,0.365507,0.004355,1,
id0056,id0222,crop,noisy,0.369639,0.461793,0.003197,1,
id0056,id0224,crop,noisy,0.402003,0.502443,0.006622,1,
id0056,id0233,crop,noisy,0.363359,0.434406,0.004500,1,
id0056,id0239,crop,noisy,0.484794,0.625663,0.012295,1,
id0056,id0242,crop,noisy,0.394697,0.491986,0.006425,1,
id0056,id0246,crop,noisy,0.333073,0.367293,0.009891,1,
id0056,id0258,crop,noisy,0.280350,0.343115,0.004895,1,
id0056,id0273,crop,noisy,0.286455,0.368008,0.005166,1,
id0056,id0275,crop,noisy,0.261166,0.398067,0.004839,1,
id0056,id0285,crop,noisy,0.425434,0.580220,0.003897,1,
id0056,id0290,crop,noisy,0.442366,0.522226,0.002139,1,
id0056,id0296,crop,noisy,0.315024,0.442367,0.003982,1,
id0056,id0299,crop,noisy,0.322750,0.400171,0.003740,1,
id0056,id0303,crop,noisy,0.394272,0.491712,0.003022,1,
id0056,id0319,crop,noisy,0.404763,0.551227,0.004094,1,
id0056,id0321,crop,noisy,0.400512,0.423330,0.002081,1,
id0056,id0326,crop,noisy,0.525360,0.753777,0.003473,1,
id0056,id0328,crop,noisy,0.412178,0.506725,0.004317,1,
id0056,id0330,crop,noisy,0.344997,0.459854,0.005903,1,
id0056,id0342,crop,noisy,0.354387,0.481608,0.007975,1,
id0056,id0346,crop,noisy,0.353845,0.436248,0.006039,1,
id0056,id0363,crop,noisy,0.356006,0.554536,0.009210,1,
id0056,id0367,crop,noisy,0.474675,0.556499,0.009009,1,
id0056,id0368,crop,noisy,0.382223,0.526143,0.004800,1,
id0056,id0369,crop,noisy,0.450246,0.670195,0.002552,1,
id0056,id0372,crop,noisy,0.510124,0.581688,0.005376,1,
id0056,id0373,crop,noisy,0.453250,0.521860,0.004043,1,
id0056,id0374,crop,noisy,0.369216,0.395716,0.003447,1,
id0056,id0378,crop,noisy,0.405643,0.453903,0.005867,1,
id0056,id0381,crop,noisy,0.438852,0.568345,0.005232,1,
id0056,id0382,crop,noisy,0.313622,0.440983,0.006673,1,
id0056,id0392,crop,noisy,0.297031,0.362666,0.007307,1,
id0056,id0396,crop,noisy,0.396366,0.588249,0.010358,1,
id0056,id0398,crop,noisy,0.513522,0.652934,0.005059,1,
id0056,id0399,crop,noisy,0.312966,0.422004,0.003738,1,
id0056,id0401,crop,noisy,0.297310,0.373969,0.007524,1,
id0056,id0402,crop,noisy,0.353860,0.473167,0.005859,1,
id0056,id0404,crop,noisy,0.346941,0.436343,0.005292,1,
id0056,id0411,crop,noisy,0.249507,0.364297,0.009006,1,
id0056,id0412,crop,noisy,0.403825,0.522271,0.006674,1,
id0056,id0418,crop,noisy,0.502081,0.627581,0.004843,1,
id0056,id0421,crop,noisy,0.310877,0.444533,0.006623,1,
id0056,id0422,crop,noisy,0.346207,0.447994,0.005460,1,
id0056,id0431,crop,noisy,0.441563,0.648401,0.004403,1,
id0056,id0437,crop,noisy,0.504833,0.627903,0.005061,1,
id0056,id0441,crop,noisy,0.253403,0.388051,0.006741,1,
id0056,id0447,crop,noisy,0.496477,0.656897,0.001707,1,
id0056,id0460,crop,noisy,0.292056,0.497925,0.006271,1,
id0056,id0462,crop,noisy,0.387965,0.568056,0.003630,1,
id0056,id0465,crop,noisy,0.272214,0.338977,0.005544,1,
id0056,id0466,crop,noisy,0.414345,0.591997,0.001880,1,
id0056,id0468,crop,noisy,0.408171,0.548369,0.010104,1,
id0056,id0470,crop,noisy,0.417933,0.495359,0.006727,1,
id0056,id0476,crop,noisy,0.417040,0.568384,0.003180,1,
id0056,id0486,crop,noisy,0.273303,0.375223,0.004384,1,
id0056,id0491,crop,noisy,0.366892,0.467549,0.004215,1,
id0056,id0498,crop,noisy,0.286481,0.352730,0.006340,1,
id0062,id0069,crop,noisy,0.443103,0.539059,0.003902,1,
id0062,id0071,crop,noisy,0.346447,0.395256,0.009244,1,
id0062,id0072,crop,noisy,0.355807,0.422864,0.003478,1,
id0062,id0075,crop,noisy,0.386993,0.426103,0.004238,1,
id0062,id0080,crop,noisy,0.219021,0.339388,0.005303,1,
id0062,id0081,crop,noisy,0.341269,0.488069,0.003893,1,
id0062,id0086,crop,noisy,0.409844,0.460656,0.002562,1,
id0062,id0088,crop,noisy,0.471360,0.506314,0.003037,1,
id0062,id0097,crop,noisy,0.439750,0.518974,0.002644,1,
id0062,id0100,crop,noisy,0.363022,0.452858,0.002542,1,
id0062,id0106,crop,noisy,0.379588,0.418114,0.004053,1,
id0062,id0107,crop,noisy,0.565660,0.650070,0.002659,1,
id0062,id0110,crop,noisy,0.433277,0.553469,0.002773,1,
id0062,id0113,crop,noisy,0.312935,0.380865,0.004448,1,
id0062,id0115,crop,noisy,0.351401,0.493589,0.005449,1,
id0062,id0130,crop,noisy,0.366714,0.415809,0.004510,1,
id0062,id0132,crop,noisy,0.362698,0.384346,0.004684,1,
id0062,id0136,crop,noisy,0.330940,0.376795,0.002682,1,
id0062,id0153,crop,noisy,0.523883,0.622516,0.002997,1,
id0062,id0161,crop,noisy,0.415119,0.509911,0.004689,1,
id0062,id0169,crop,noisy,0.381687,0.437575,0.005714,1,
id0062,id0182,crop,noisy,0.495608,0.649911,0.003739,1,
id0062,id0183,crop,noisy,0.670635,0.812105,0.003016,1,
id0062,id0186,crop,noisy,0.422612,0.510223,0.005767,1,
id0062,id0197,crop,noisy,0.483377,0.565218,0.002530,1,
id0062,id0199,crop,noisy,0.574050,0.783819,0.002197,1,
id0062,id0206,crop,noisy,0.317060,0.459491,0.005569,1,
id0062,id0207,crop,noisy,0.355943,0.427479,0.004979,1,
id0062,id0208,crop,noisy,0.432306,0.526626,0.003343,1,
id0062,id0212,crop,noisy,0.550038,0.575368,0.003278,1,
id0062,id0220,crop,noisy,0.418511,0.473236,0.003063,1,
id0062,id0222,crop,noisy,0.420020,0.512386,0.002177,1,
id0062,id0224,crop,noisy,0.430335,0.567116,0.004675,1,
id0062,id0233,crop,noisy,0.560467,0.613684,0.004197,1,
id0062,id0239,crop,noisy,0.380804,0.551477,0.008560,1,
id0062,id0242,crop,noisy,0.486489,0.530371,0.004813,1,
id0062,id0246,crop,noisy,0.304779,0.353458,0.007174,1,
id0062,id0258,crop,noisy,0.415078,0.470524,0.003391,1,
id0062,id0273,crop,noisy,0.416794,0.550069,0.004040,1,
id0062,id0275,crop,noisy,0.407963,0.484932,0.004280,1,
id0062,id0285,crop,noisy,0.432096,0.501362,0.002798,1,
id0062,id0290,crop,noisy,0.590795,0.756122,0.003254,1,
id0062,id0296,crop,noisy,0.439463,0.477521,0.002720,1,
id0062,id0299,crop,noisy,0.362506,0.455827,0.002983,1,
id0062,id0303,crop,noisy,0.447433,0.501828,0.002060,1,
id0062,id0319,crop,noisy,0.387199,0.465213,0.002461,1,
id0062,id0321,crop,noisy,0.521564,0.597297,0.001899,1,
id0062,id0326,crop,noisy,0.493024,0.646265,0.001944,1,
id0062,id0328,crop,noisy,0.530132,0.618618,0.003570,1,
id0062,id0330,crop,noisy,0.410918,0.547399,0.004137,1,
id0062,id0342,crop,noisy,0.375566,0.491676,0.005206,1,
id0062,id0346,crop,noisy,0.361082,0.459076,0.004459,1,
id0062,id0363,crop,noisy,0.331116,0.464671,0.006262,1,
id0062,id0367,crop,noisy,0.394008,0.536343,0.006726,1,
id0062,id0368,crop,noisy,0.433209,0.518768,0.003729,1,
id0062,id0369,crop,noisy,0.540623,0.748272,0.002429,1,
id0062,id0372,crop,noisy,0.435021,0.599372,0.003740,1,
id0062,id0373,crop,noisy,0.540448,0.682385,0.003938,1,
id0062,id0374,crop,noisy,0.612639,0.703959,0.004005,1,
id0062,id0378,crop,noisy,0.429316,0.559075,0.004653,1,
id0062,id0381,crop,noisy,0.424752,0.565514,0.003466,1,
id0062,id0382,crop,noisy,0.318633,0.300088,0.004320,1,
id0062,id0392,crop,noisy,0.397195,0.463404,0.005067,1,
id0062,id0396,crop,noisy,0.433962,0.526486,0.007471,1,
id0062,id0398,crop,noisy,0.441859,0.552732,0.002996,1,
id0062,id0399,crop,noisy,0.480430,0.552153,0.002946,1,
id0062,id0401,crop,noisy,0.444639,0.520150,0.005659,1,
id0062,id0402,crop,noisy,0.314802,0.424698,0.003810,1,
id0062,id0404,crop,noisy,0.274250,0.345695,0.002831,1,
id0062,id0411,crop,noisy,0.348128,0.355861,0.006271,1,
id0062,id0412,crop,noisy,0.367796,0.417342,0.004226,1,
id0062,id0418,crop,noisy,0.426949,0.598320,0.003094,1,
id0062,id0421,crop,noisy,0.358609,0.429779,0.004785,1,
id0062,id0422,crop,noisy,0.358827,0.476437,0.003726,1,
id0062,id0431,crop,noisy,0.410400,0.553489,0.002307,1,
id0062,id0437,crop,noisy,0.571993,0.771990,0.004561,1,
id0062,id0441,crop,noisy,0.342496,0.437236,0.004483,1,
id0062,id0447,crop,noisy,0.636419,0.720384,0.002291,1,
id0062,id0460,crop,noisy,0.329556,0.512535,0.004539,1,
id0062,id0462,crop,noisy,0.433712,0.477038,0.002328,1,
id0062,id0465,crop,noisy,0.401769,0.415445,0.003546,1,
id0062,id0466,crop,noisy,0.544822,0.638561,0.002098,1,
id0062,id0468,crop,noisy,0.256785,0.365884,0.006495,1,
id0062,id0470,crop,noisy,0.358195,0.465100,0.003977,1,
id0062,id0476,crop,noisy,0.544809,0.653832,0.002956,1,
id0062,id0486,crop,noisy,0.445742,0.454188,0.003380,1,
id0062,id0491,crop,noisy,0.504189,0.625808,0.004243,1,
id0062,id0498,crop,noisy,0.428824,0.531537,0.005207,1,
id0069,id0071,crop,noisy,0.441094,0.608213,0.012765,1,
id0069,id0072,crop,noisy,0.258222,0.430450,0.004610,1,
id0069,id0075,crop,noisy,0.390255,0.510847,0.005470,1,
id0069,id0080,crop,noisy,0.342138,0.539132,0.006599,1,
id0069,id0081,crop,noisy,0.350090,0.531335,0.003893,1,
id0069,id0086,crop,noisy,0.277277,0.402299,0.003625,1,
id0069,id0088,crop,noisy,0.313297,0.399309,0.003018,1,
id0069,id0097,crop,noisy,0.397299,0.578797,0.004041,1,
id0069,id0100,crop,noisy,0.313812,0.390876,0.004027,1,
id0069,id0106,crop,noisy,0.229812,0.463965,0.004771,1,
id0069,id0107,crop,noisy,0.462823,0.560074,0.003055,1,
id0069,id0110,crop,noisy,0.354888,0.436941,0.002859,1,
id0069,id0113,crop,noisy,0.278204,0.415603,0.005617,1,
id0069,id0115,crop,noisy,0.319243,0.381751,0.006770,1,
id0069,id0130,crop,noisy,0.416187,0.620488,0.006266,1,
id0069,id0132,crop,noisy,0.358432,0.519230,0.006036,1,
id0069,id0136,crop,noisy,0.310414,0.465610,0.003521,1,
id0069,id0153,crop,noisy,0.374085,0.498849,0.002456,1,
id0069,id0161,crop,noisy,0.326816,0.364503,0.005604,1,
id0069,id0169,crop,noisy,0.330511,0.370702,0.007410,1,
id0069,id0182,crop,noisy,0.407728,0.462701,0.003087,1,
id0069,id0183,crop,noisy,0.421016,0.478342,0.002332,1,
id0069,id0186,crop,noisy,0.259704,0.328080,0.006494,1,
id0069,id0197,crop,noisy,0.379855,0.402581,0.003332,1,
id0069,id0199,crop,noisy,0.347491,0.335825,0.001989,1,
id0069,id0206,crop,noisy,0.453438,0.594060,0.007588,1,
id0069,id0207,crop,noisy,0.332020,0.497159,0.006132,1,
id0069,id0208,crop,noisy,0.365978,0.516195,0.003705,1,
id0069,id0212,crop,noisy,0.498906,0.531229,0.004851,1,
id0069,id0220,crop,noisy,0.416348,0.527027,0.004432,1,
id0069,id0222,crop,noisy,0.365949,0.437176,0.002959,1,
id0069,id0224,crop,noisy,0.344041,0.393754,0.005052,1,
id0069,id0233,crop,noisy,0.379618,0.436410,0.003999,1,
id0069,id0239,crop,noisy,0.431149,0.466052,0.010939,1,
id0069,id0242,crop,noisy,0.285744,0.380065,0.005145,1,
id0069,id0246,crop,noisy,0.429552,0.576214,0.009872,1,
id0069,id0258,crop,noisy,0.360010,0.494184,0.004869,1,
id0069,id0273,crop,noisy,0.377400,0.515391,0.004580,1,
id0069,id0275,crop,noisy,0.420775,0.518546,0.005322,1,
id0069,id0285,crop,noisy,0.204085,0.326448,0.003077,1,
id0069,id0290,crop,noisy,0.455438,0.487480,0.002353,1,
id0069,id0296,crop,noisy,0.423024,0.542333,0.004082,1,
id0069,id0299,crop,noisy,0.290111,0.420895,0.003229,1,
id0069,id0303,crop,noisy,0.410429,0.545598,0.003196,1,
id0069,id0319,crop,noisy,0.437539,0.619025,0.004394,1,
id0069,id0321,crop,noisy,0.429392,0.556323,0.002779,1,
id0069,id0326,crop,noisy,0.304822,0.372919,0.002316,1,
id0069,id0328,crop,noisy,0.316366,0.423715,0.003941,1,
id0069,id0330,crop,noisy,0.423357,0.497876,0.005792,1,
id0069,id0342,crop,noisy,0.304763,0.410258,0.006991,1,
id0069,id0346,crop,noisy,0.298486,0.397082,0.005210,1,
id0069,id0363,crop,noisy,0.286404,0.444844,0.007128,1,
id0069,id0367,crop,noisy,0.327047,0.298540,0.007491,1,
id0069,id0368,crop,noisy,0.317670,0.377087,0.003867,1,
id0069,id0369,crop,noisy,0.340875,0.444295,0.002603,1,
id0069,id0372,crop,noisy,0.412866,0.364655,0.005133,1,
id0069,id0373,crop,noisy,0.348386,0.403495,0.003133,1,
id0069,id0374,crop,noisy,0.577704,0.701588,0.004139,1,
id0069,id0378,crop,noisy,0.375997,0.488894,0.005258,1,
id0069,id0381,crop,noisy,0.354062,0.333994,0.004371,1,
id0069,id0382,crop,noisy,0.327783,0.574391,0.006344,1,
id0069,id0392,crop,noisy,0.349905,0.435857,0.006572,1,
id0069,id0396,crop,noisy,0.257624,0.431022,0.008388,1,
id0069,id0398,crop,noisy,0.365861,0.513241,0.004391,1,
id0069,id0399,crop,noisy,0.381619,0.560805,0.004014,1,
id0069,id0401,crop,noisy,0.423652,0.583408,0.007453,1,
id0069,id0402,crop,noisy,0.334300,0.393376,0.005119,1,
id0069,id0404,crop,noisy,0.336138,0.495895,0.004686,1,
id0069,id0411,crop,noisy,0.397559,0.680592,0.008972,1,
id0069,id0412,crop,noisy,0.292253,0.416617,0.006076,1,
id0069,id0418,crop,noisy,0.401517,0.390656,0.004335,1,
id0069,id0421,crop,noisy,0.340214,0.468817,0.006202,1,
id0069,id0422,crop,noisy,0.236142,0.346950,0.004055,1,
id0069,id0431,crop,noisy,0.291882,0.486704,0.004211,1,
id0069,id0437,crop,noisy,0.475594,0.499159,0.005815,1,
id0069,id0441,crop,noisy,0.387647,0.524049,0.006672,1,
id0069,id0447,crop,noisy,0.427418,0.557966,0.002229,1,
id0069,id0460,crop,noisy,0.320435,0.451646,0.005370,1,
id0069,id0462,crop,noisy,0.264732,0.394070,0.002963,1,
id0069,id0465,crop,noisy,0.415952,0.565541,0.005376,1,
id0069,id0466,crop,noisy,0.386398,0.424919,0.002130,1,
id0069,id0468,crop,noisy,0.356952,0.570332,0.008203,1,
id0069,id0470,crop,noisy,0.330985,0.404903,0.005733,1,
id0069,id0476,crop,noisy,0.365774,0.416695,0.002689,1,
id0069,id0486,crop,noisy,0.345283,0.584275,0.003614,1,
id0069,id0491,crop,noisy,0.420281,0.457995,0.004286,1,
id0069,id0498,crop,noisy,0.453549,0.652161,0.005785,1,
id0071,id0072,crop,noisy,0.299783,0.451672,0.001721,1,
id0071,id0075,crop,noisy,0.262625,0.362463,0.002152,1,
id0071,id0080,crop,noisy,0.354582,0.537459,0.003831,1,
id0071,id0081,crop,noisy,0.361211,0.580025,0.003209,1,
id0071,id0086,crop,noisy,0.406848,0.485189,0.001646,1,
id0071,id0088,crop,noisy,0.484030,0.565820,0.002967,1,
id0071,id0097,crop,noisy,0.405221,0.483421,0.001169,1,
id0071,id0100,crop,noisy,0.303929,0.406555,0.001295,1,
id0071,id0106,crop,noisy,0.409813,0.541201,0.002774,1,
id0071,id0107,crop,noisy,0.536584,0.580269,0.001804,1,
id0071,id0110,crop,noisy,0.369964,0.467866,0.001692,1,
id0071,id0113,crop,noisy,0.316349,0.422505,0.002319,1,
id0071,id0115,crop,noisy,0.382236,0.552329,0.003619,1,
id0071,id0130,crop,noisy,0.404122,0.563942,0.003523,1,
id0071,id0132,crop,noisy,0.372492,0.454619,0.002920,1,
id0071,id0136,crop,noisy,0.424870,0.520815,0.001971,1,
id0071,id0153,crop,noisy,0.483948,0.559295,0.002299,1,
id0071,id0161,crop,noisy,0.366012,0.454579,0.002520,1,
id0071,id0169,crop,noisy,0.316726,0.402538,0.003008,1,
id0071,id0182,crop,noisy,0.430369,0.570270,0.002636,1,
id0071,id0183,crop,noisy,0.681603,0.830675,0.003896,1,
id0071,id0186,crop,noisy,0.363485,0.469097,0.003108,1,
id0071,id0197,crop,noisy,0.466983,0.608639,0.002715,1,
id0071,id0199,crop,noisy,0.526335,0.717776,0.002109,1,
id0071,id0206,crop,noisy,0.365530,0.563105,0.004466,1,
id0071,id0207,crop,noisy,0.323273,0.502023,0.003426,1,
id0071,id0208,crop,noisy,0.421935,0.575315,0.002799,1,
id0071,id0212,crop,noisy,0.509303,0.521270,0.001824,1,
id0071,id0220,crop,noisy,0.423956,0.482189,0.001775,1,
id0071,id0222,crop,noisy,0.379599,0.559335,0.002127,1,
id0071,id0224,crop,noisy,0.295730,0.493591,0.002586,1,
id0071,id0233,crop,noisy,0.524181,0.571259,0.002745,1,
id0071,id0239,crop,noisy,0.270001,0.437259,0.004956,1,
id0071,id0242,crop,noisy,0.447505,0.532777,0.002904,1,
id0071,id0246,crop,noisy,0.234918,0.364896,0.004127,1,
id0071,id0258,crop,noisy,0.334649,0.394978,0.001489,1,
id0071,id0273,crop,noisy,0.355105,0.451984,0.002081,1,
id0071,id0275,crop,noisy,0.415485,0.526733,0.002928,1,
id0071,id0285,crop,noisy,0.432372,0.576161,0.001898,1,
id0071,id0290,crop,noisy,0.487352,0.662246,0.002947,1,
id0071,id0296,crop,noisy,0.457201,0.559903,0.002034,1,
id0071,id0299,crop,noisy,0.365758,0.488852,0.001894,1,
id0071,id0303,crop,noisy,0.451734,0.484322,0.001241,1,
id0071,id0319,crop,noisy,0.393328,0.533788,0.001496,1,
id0071,id0321,crop,noisy,0.462670,0.560998,0.002399,1,
id0071,id0326,crop,noisy,0.516046,0.722897,0.001813,1,
id0071,id0328,crop,noisy,0.438303,0.487028,0.001705,1,
id0071,id0330,crop,noisy,0.350224,0.442125,0.002101,1,
id0071,id0342,crop,noisy,0.293472,0.406422,0.002680,1,
id0071,id0346,crop,noisy,0.313642,0.433681,0.002826,1,
id0071,id0363,crop,noisy,0.410181,0.558746,0.004112,1,
id0071,id0367,crop,noisy,0.338577,0.525652,0.004262,1,
id0071,id0368,crop,noisy,0.447870,0.580209,0.002929,1,
id0071,id0369,crop,noisy,0.506328,0.694861,0.001818,1,
id0071,id0372,crop,noisy,0.353867,0.546247,0.002047,1,
id0071,id0373,crop,noisy,0.493559,0.663567,0.003189,1,
id0071,id0374,crop,noisy,0.556941,0.624421,0.002888,1,
id0071,id0378,crop,noisy,0.361339,0.487410,0.002443,1,
id0071,id0381,crop,noisy,0.382528,0.624076,0.002985,1,
id0071,id0382,crop,noisy,0.312856,0.429308,0.002264,1,
id0071,id0392,crop,noisy,0.300925,0.399487,0.002862,1,
id0071,id0396,crop,noisy,0.447874,0.570019,0.005177,1,
id0071,id0398,crop,noisy,0.422379,0.561400,0.001952,1,
id0071,id0399,crop,noisy,0.455137,0.547527,0.001945,1,
id0071,id0401,crop,noisy,0.301773,0.309224,0.002395,1,
id0071,id0402,crop,noisy,0.306068,0.467265,0.002387,1,
id0071,id0404,crop,noisy,0.269247,0.438883,0.001811,1,
id0071,id0411,crop,noisy,0.339228,0.390135,0.003237,1,
id0071,id0412,crop,noisy,0.334942,0.466625,0.002380,1,
id0071,id0418,crop,noisy,0.419520,0.604780,0.002042,1,
id0071,id0421,crop,noisy,0.371255,0.492919,0.003190,1,
id0071,id0422,crop,noisy,0.332387,0.478923,0.002379,1,
id0071,id0431,crop,noisy,0.380381,0.574941,0.001311,1,
id0071,id0437,crop,noisy,0.408987,0.587685,0.002049,1,
id0071,id0441,crop,noisy,0.295547,0.375653,0.002159,1,
id0071,id0447,crop,noisy,0.612899,0.720398,0.002788,1,
id0071,id0460,crop,noisy,0.339201,0.548130,0.003011,1,
id0071,id0462,crop,noisy,0.485067,0.589844,0.001925,1,
id0071,id0465,crop,noisy,0.321046,0.337474,0.001732,1,
id0071,id0466,crop,noisy,0.552442,0.668955,0.002398,1,
id0071,id0468,crop,noisy,0.332194,0.417808,0.003614,1,
id0071,id0470,crop,noisy,0.286733,0.404328,0.002158,1,
id0071,id0476,crop,noisy,0.541665,0.665601,0.002815,1,
id0071,id0486,crop,noisy,0.475565,0.571423,0.002827,1,
id0071,id0491,crop,noisy,0.411589,0.553415,0.002598,1,
id0071,id0498,crop,noisy,0.366499,0.538923,0.003389,1,
id0072,id0075,crop,noisy,0.301250,0.310800,0.008937,1,
id0072,id0080,crop,noisy,0.302650,0.437266,0.011066,1,
id0072,id0081,crop,noisy,0.270803,0.448025,0.007363,1,
id0072,id0086,crop,noisy,0.237997,0.276031,0.006138,1,
id0072,id0088,crop,noisy,0.313431,0.332998,0.005868,1,
id0072,id0097,crop,noisy,0.320510,0.380242,0.005738,1,
id0072,id0100,crop,noisy,0.238635,0.242042,0.006510,1,
id0072,id0106,crop,noisy,0.262689,0.387463,0.008711,1,
id0072,id0107,crop,noisy,0.400233,0.434249,0.004482,1,
id0072,id0110,crop,noisy,0.273224,0.321949,0.004729,1,
id0072,id0113,crop,noisy,0.180049,0.284945,0.009406,1,
id0072,id0115,crop,noisy,0.257836,0.359080,0.010923,1,
id0072,id0130,crop,noisy,0.359615,0.472071,0.009372,1,
id0072,id0132,crop,noisy,0.303943,0.350252,0.009762,1,
id0072,id0136,crop,noisy,0.297459,0.357484,0.006595,1,
id0072,id0153,crop,noisy,0.320904,0.397800,0.004417,1,
id0072,id0161,crop,noisy,0.268716,0.267835,0.009279,1,
id0072,id0169,crop,noisy,0.249544,0.246891,0.011530,1,
id0072,id0182,crop,noisy,0.340612,0.408052,0.005281,1,
id0072,id0183,crop,noisy,0.483623,0.559292,0.004058,1,
id0072,id0186,crop,noisy,0.186488,0.247212,0.010932,1,
id0072,id0197,crop,noisy,0.316954,0.359658,0.005354,1,
id0072,id0199,crop,noisy,0.344705,0.448646,0.003516,1,
id0072,id0206,crop,noisy,0.401810,0.498863,0.011849,1,
id0072,id0207,crop,noisy,0.255162,0.369217,0.010286,1,
id0072,id0208,crop,noisy,0.301914,0.394575,0.006211,1,
id0072,id0212,crop,noisy,0.442645,0.392375,0.007067,1,
id0072,id0220,crop,noisy,0.300834,0.345733,0.006955,1,
id0072,id0222,crop,noisy,0.257251,0.330161,0.004858,1,
id0072,id0224,crop,noisy,0.255420,0.316289,0.009013,1,
id0072,id0233,crop,noisy,0.422378,0.393714,0.007208,1,
id0072,id0239,crop,noisy,0.320836,0.372147,0.015899,1,
id0072,id0242,crop,noisy,0.336495,0.316388,0.009190,1,
id0072,id0246,crop,noisy,0.274838,0.343562,0.014048,1,
id0072,id0258,crop,noisy,0.247336,0.273342,0.007651,1,
id0072,id0273,crop,noisy,0.275753,0.352100,0.007605,1,
id0072,id0275,crop,noisy,0.320075,0.383639,0.008114,1,
id0072,id0285,crop,noisy,0.270181,0.343233,0.006139,1,
id0072,id0290,crop,noisy,0.368654,0.486746,0.004263,1,
id0072,id0296,crop,noisy,0.296680,0.380688,0.006345,1,
id0072,id0299,crop,noisy,0.229323,0.312769,0.005819,1,
id0072,id0303,crop,noisy,0.348259,0.356319,0.004425,1,
id0072,id0319,crop,noisy,0.333780,0.421924,0.005798,1,
id0072,id0321,crop,noisy,0.344545,0.408846,0.003564,1,
id0072,id0326,crop,noisy,0.350768,0.460152,0.004673,1,
id0072,id0328,crop,noisy,0.289243,0.304449,0.006570,1,
id0072,id0330,crop,noisy,0.281095,0.347936,0.008428,1,
id0072,id0342,crop,noisy,0.231432,0.269086,0.010510,1,
id0072,id0346,crop,noisy,0.230351,0.266754,0.008910,1,
id0072,id0363,crop,noisy,0.332678,0.402363,0.011918,1,
id0072,id0367,crop,noisy,0.275464,0.293373,0.012152,1,
id0072,id0368,crop,noisy,0.310890,0.358649,0.007109,1,
id0072,id0369,crop,noisy,0.317430,0.461112,0.004240,1,
id0072,id0372,crop,noisy,0.273376,0.290993,0.007930,1,
id0072,id0373,crop,noisy,0.346549,0.431112,0.006416,1,
id0072,id0374,crop,noisy,0.491988,0.562546,0.006391,1,
id0072,id0378,crop,noisy,0.306027,0.348202,0.008349,1,
id0072,id0381,crop,noisy,0.279127,0.364599,0.007645,1,
id0072,id0382,crop,noisy,0.253523,0.368127,0.009498,1,
id0072,id0392,crop,noisy,0.287126,0.280251,0.010571,1,
id0072,id0396,crop,noisy,0.299279,0.396115,0.013754,1,
id0072,id0398,crop,noisy,0.298384,0.416688,0.006505,1,
id0072,id0399,crop,noisy,0.334676,0.417321,0.006022,1,
id0072,id0401,crop,noisy,0.281715,0.329623,0.010589,1,
id0072,id0402,crop,noisy,0.223799,0.284751,0.008531,1,
id0072,id0404,crop,noisy,0.192989,0.310957,0.007414,1,
id0072,id0411,crop,noisy,0.307388,0.444730,0.012610,1,
id0072,id0412,crop,noisy,0.220919,0.269161,0.009341,1,
id0072,id0418,crop,noisy,0.318555,0.353566,0.007181,1,
id0072,id0421,crop,noisy,0.335991,0.359690,0.009969,1,
id0072,id0422,crop,noisy,0.201018,0.280557,0.007578,1,
id0072,id0431,crop,noisy,0.265938,0.389583,0.006174,1,
id0072,id0437,crop,noisy,0.376856,0.432834,0.007904,1,
id0072,id0441,crop,noisy,0.249848,0.294788,0.009640,1,
id0072,id0447,crop,noisy,0.455458,0.524667,0.002531,1,
id0072,id0460,crop,noisy,0.252464,0.375313,0.009070,1,
id0072,id0462,crop,noisy,0.280116,0.355357,0.005690,1,
id0072,id0465,crop,noisy,0.269449,0.296113,0.008103,1,
id0072,id0466,crop,noisy,0.373600,0.428400,0.003332,1,
id0072,id0468,crop,noisy,0.309370,0.427789,0.012679,1,
id0072,id0470,crop,noisy,0.203177,0.249540,0.008915,1,
id0072,id0476,crop,noisy,0.370286,0.418340,0.004891,1,
id0072,id0486,crop,noisy,0.346347,0.464523,0.006899,1,
id0072,id0491,crop,noisy,0.338837,0.371873,0.007062,1,
id0072,id0498,crop,noisy,0.361038,0.491253,0.009562,1,
id0075,id0080,crop,noisy,0.334963,0.406280,0.003587,1,
id0075,id0081,crop,noisy,0.297685,0.410306,0.002447,1,
id0075,id0086,crop,noisy,0.304356,0.313773,0.001324,1,
id0075,id0088,crop,noisy,0.363789,0.321879,0.001733,1,
id0075,id0097,crop,noisy,0.335417,0.374020,0.001754,1,
id0075,id0100,crop,noisy,0.249633,0.321993,0.001743,1,
id0075,id0106,crop,noisy,0.384503,0.392743,0.002590,1,
id0075,id0107,crop,noisy,0.467453,0.429969,0.001562,1,
id0075,id0110,crop,noisy,0.263129,0.337372,0.001599,1,
id0075,id0113,crop,noisy,0.331437,0.313082,0.003008,1,
id0075,id0115,crop,noisy,0.327756,0.414352,0.003581,1,
id0075,id0130,crop,noisy,0.338867,0.414243,0.003021,1,
id0075,id0132,crop,noisy,0.277262,0.317349,0.002986,1,
id0075,id0136,crop,noisy,0.393503,0.367458,0.002031,1,
id0075,id0153,crop,noisy,0.364686,0.375525,0.001681,1,
id0075,id0161,crop,noisy,0.273351,0.319935,0.002632,1,
id0075,id0169,crop,noisy,0.360506,0.333090,0.004255,1,
id0075,id0182,crop,noisy,0.306150,0.418404,0.002330,1,
id0075,id0183,crop,noisy,0.541693,0.603642,0.001604,1,
id0075,id0186,crop,noisy,0.311701,0.321358,0.003883,1,
id0075,id0197,crop,noisy,0.341163,0.380213,0.001337,1,
id0075,id0199,crop,noisy,0.453849,0.579378,0.001331,1,
id0075,id0206,crop,noisy,0.346340,0.494264,0.004342,1,
id0075,id0207,crop,noisy,0.210720,0.295360,0.003264,1,
id0075,id0208,crop,noisy,0.302297,0.373225,0.002230,1,
id0075,id0212,crop,noisy,0.493156,0.460904,0.002603,1,
id0075,id0220,crop,noisy,0.360321,0.291656,0.002076,1,
id0075,id0222,crop,noisy,0.313656,0.349748,0.001250,1,
id0075,id0224,crop,noisy,0.229409,0.344301,0.002994,1,
id0075,id0233,crop,noisy,0.402412,0.381361,0.002219,1,
id0075,id0239,crop,noisy,0.339471,0.449649,0.006629,1,
id0075,id0242,crop,noisy,0.303741,0.330556,0.002795,1,
id0075,id0246,crop,noisy,0.266679,0.314207,0.005392,1,
id0075,id0258,crop,noisy,0.253725,0.219266,0.001872,1,
id0075,id0273,crop,noisy,0.292203,0.302419,0.002610,1,
id0075,id0275,crop,noisy,0.368479,0.377981,0.002791,1,
id0075,id0285,crop,noisy,0.346117,0.410895,0.001527,1,
id0075,id0290,crop,noisy,0.387021,0.484954,0.001849,1,
id0075,id0296,crop,noisy,0.394207,0.378677,0.001575,1,
id0075,id0299,crop,noisy,0.316631,0.323229,0.001966,1,
id0075,id0303,crop,noisy,0.378194,0.399969,0.001887,1,
id0075,id0319,crop,noisy,0.426035,0.453998,0.002444,1,
id0075,id0321,crop,noisy,0.335721,0.372101,0.001391,1,
id0075,id0326,crop,noisy,0.460176,0.582159,0.001299,1,
id0075,id0328,crop,noisy,0.365089,0.384651,0.001969,1,
id0075,id0330,crop,noisy,0.336840,0.367659,0.003238,1,
id0075,id0342,crop,noisy,0.321437,0.351375,0.004242,1,
id0075,id0346,crop,noisy,0.255099,0.274523,0.002582,1,
id0075,id0363,crop,noisy,0.367795,0.436612,0.004666,1,
id0075,id0367,crop,noisy,0.313323,0.403233,0.004865,1,
id0075,id0368,crop,noisy,0.363803,0.401065,0.002428,1,
id0075,id0369,crop,noisy,0.416192,0.539370,0.001229,1,
id0075,id0372,crop,noisy,0.380564,0.426967,0.002586,1,
id0075,id0373,crop,noisy,0.344668,0.434632,0.002174,1,
id0075,id0374,crop,noisy,0.480092,0.471954,0.002279,1,
id0075,id0378,crop,noisy,0.270529,0.366300,0.003080,1,
id0075,id0381,crop,noisy,0.308351,0.417606,0.002271,1,
id0075,id0382,crop,noisy,0.335217,0.329487,0.002591,1,
id0075,id0392,crop,noisy,0.183623,0.228324,0.003209,1,
id0075,id0396,crop,noisy,0.371618,0.409199,0.005295,1,
id0075,id0398,crop,noisy,0.415584,0.479767,0.002215,1,
id0075,id0399,crop,noisy,0.358976,0.387942,0.001813,1,
id0075,id0401,crop,noisy,0.335479,0.328245,0.004152,1,
id0075,id0402,crop,noisy,0.251347,0.293706,0.002339,1,
id0075,id0404,crop,noisy,0.289356,0.294308,0.002265,1,
id0075,id0411,crop,noisy,0.347716,0.364726,0.005009,1,
id0075,id0412,crop,noisy,0.328764,0.332117,0.002755,1,
id0075,id0418,crop,noisy,0.332899,0.452068,0.001909,1,
id0075,id0421,crop,noisy,0.289675,0.351403,0.003170,1,
id0075,id0422,crop,noisy,0.280032,0.296126,0.002422,1,
id0075,id0431,crop,noisy,0.383993,0.485462,0.001935,1,
id0075,id0437,crop,noisy,0.367364,0.539501,0.003141,1,
id0075,id0441,crop,noisy,0.288904,0.314627,0.003654,1,
id0075,id0447,crop,noisy,0.525410,0.578726,0.001904,1,
id0075,id0460,crop,noisy,0.268134,0.398764,0.003071,1,
id0075,id0462,crop,noisy,0.402074,0.402206,0.001258,1,
id0075,id0465,crop,noisy,0.311816,0.261031,0.002422,1,
id0075,id0466,crop,noisy,0.477472,0.500066,0.001530,1,
id0075,id0468,crop,noisy,0.383989,0.421837,0.004798,1,
id0075,id0470,crop,noisy,0.326257,0.314965,0.003112,1,
id0075,id0476,crop,noisy,0.409485,0.453507,0.001598,1,
id0075,id0486,crop,noisy,0.356759,0.333323,0.001762,1,
id0075,id0491,crop,noisy,0.316167,0.405715,0.002640,1,
id0075,id0498,crop,noisy,0.291075,0.391346,0.003162,1,
id0080,id0081,crop,noisy,0.283818,0.448637,0.001976,1,
id0080,id0086,crop,noisy,0.322211,0.394887,0.001658,1,
id0080,id0088,crop,noisy,0.368613,0.408235,0.001430,1,
id0080,id0097,crop,noisy,0.410462,0.528625,0.002442,1,
id0080,id0100,crop,noisy,0.321134,0.431473,0.001968,1,
id0080,id0106,crop,noisy,0.275705,0.336963,0.002136,1,
id0080,id0107,crop,noisy,0.536213,0.613851,0.002305,1,
id0080,id0110,crop,noisy,0.363907,0.520205,0.001994,1,
id0080,id0113,crop,noisy,0.269432,0.342622,0.002959,1,
id0080,id0115,crop,noisy,0.277375,0.419265,0.003455,1,
id0080,id0130,crop,noisy,0.356579,0.389828,0.003386,1,
id0080,id0132,crop,noisy,0.326902,0.366797,0.003144,1,
id0080,id0136,crop,noisy,0.295856,0.323848,0.001688,1,
id0080,id0153,crop,noisy,0.448172,0.566464,0.002046,1,
id0080,id0161,crop,noisy,0.352598,0.469444,0.003195,1,
id0080,id0169,crop,noisy,0.359346,0.409105,0.004228,1,
id0080,id0182,crop,noisy,0.414397,0.607158,0.002778,1,
id0080,id0183,crop,noisy,0.569783,0.697508,0.001710,1,
id0080,id0186,crop,noisy,0.351603,0.445890,0.003913,1,
id0080,id0197,crop,noisy,0.420985,0.478634,0.001355,1,
id0080,id0199,crop,noisy,0.492498,0.708725,0.001481,1,
id0080,id0206,crop,noisy,0.250034,0.450066,0.003452,1,
id0080,id0207,crop,noisy,0.281195,0.353061,0.003112,1,
id0080,id0208,crop,noisy,0.364800,0.466312,0.002324,1,
id0080,id0212,crop,noisy,0.524046,0.570724,0.002859,1,
id0080,id0220,crop,noisy,0.395703,0.445551,0.002216,1,
id0080,id0222,crop,noisy,0.363671,0.449468,0.001210,1,
id0080,id0224,crop,noisy,0.372497,0.524416,0.002924,1,
id0080,id0233,crop,noisy,0.490630,0.538354,0.002670,1,
id0080,id0239,crop,noisy,0.362106,0.553336,0.006724,1,
id0080,id0242,crop,noisy,0.399422,0.442447,0.003033,1,
id0080,id0246,crop,noisy,0.306441,0.386898,0.005587,1,
id0080,id0258,crop,noisy,0.374368,0.458479,0.002395,1,
id0080,id0273,crop,noisy,0.394407,0.529435,0.002960,1,
id0080,id0275,crop,noisy,0.394518,0.445942,0.003077,1,
id0080,id0285,crop,noisy,0.335812,0.417141,0.001450,1,
id0080,id0290,crop,noisy,0.514586,0.695635,0.002167,1,
id0080,id0296,crop,noisy,0.417373,0.440199,0.001874,1,
id0080,id0299,crop,noisy,0.324415,0.405276,0.001956,1,
id0080,id0303,crop,noisy,0.435671,0.517309,0.002421,1,
id0080,id0319,crop,noisy,0.384992,0.470671,0.002777,1,
id0080,id0321,crop,noisy,0.469397,0.559677,0.001821,1,
id0080,id0326,crop,noisy,0.400483,0.561006,0.001022,1,
id0080,id0328,crop,noisy,0.467895,0.582486,0.002665,1,
id0080,id0330,crop,noisy,0.415730,0.547184,0.003547,1,
id0080,id0342,crop,noisy,0.363681,0.476455,0.004331,1,
id0080,id0346,crop,noisy,0.255792,0.407533,0.002262,1,
id0080,id0363,crop,noisy,0.280988,0.413258,0.004235,1,
id0080,id0367,crop,noisy,0.331434,0.468989,0.004510,1,
id0080,id0368,crop,noisy,0.374746,0.444310,0.002253,1,
id0080,id0369,crop,noisy,0.463408,0.682210,0.001683,1,
id0080,id0372,crop,noisy,0.390657,0.542446,0.002763,1,
id0080,id0373,crop,noisy,0.453446,0.586982,0.002178,1,
id0080,id0374,crop,noisy,0.581292,0.684911,0.003042,1,
id0080,id0378,crop,noisy,0.357343,0.533399,0.003749,1,
id0080,id0381,crop,noisy,0.334422,0.467289,0.002076,1,
id0080,id0382,crop,noisy,0.285879,0.300699,0.002902,1,
id0080,id0392,crop,noisy,0.347689,0.432030,0.003475,1,
id0080,id0396,crop,noisy,0.360395,0.419601,0.005079,1,
id0080,id0398,crop,noisy,0.381935,0.517841,0.002161,1,
id0080,id0399,crop,noisy,0.428889,0.516111,0.002499,1,
id0080,id0401,crop,noisy,0.428164,0.551909,0.004716,1,
id0080,id0402,crop,noisy,0.251132,0.364622,0.002377,1,
id0080,id0404,crop,noisy,0.270235,0.317551,0.002118,1,
id0080,id0411,crop,noisy,0.353807,0.427386,0.005361,1,
id0080,id0412,crop,noisy,0.302912,0.363084,0.003101,1,
id0080,id0418,crop,noisy,0.345148,0.539149,0.001846,1,
id0080,id0421,crop,noisy,0.302001,0.385489,0.003273,1,
id0080,id0422,crop,noisy,0.271662,0.397980,0.002162,1,
id0080,id0431,crop,noisy,0.360176,0.508667,0.001984,1,
id0080,id0437,crop,noisy,0.518463,0.757948,0.004220,1,
id0080,id0441,crop,noisy,0.358940,0.453270,0.003935,1,
id0080,id0447,crop,noisy,0.573417,0.661157,0.002633,1,
id0080,id0460,crop,noisy,0.272658,0.453372,0.003047,1,
id0080,id0462,crop,noisy,0.349238,0.370411,0.001066,1,
id0080,id0465,crop,noisy,0.379385,0.440397,0.002560,1,
id0080,id0466,crop,noisy,0.481378,0.558976,0.001670,1,
id0080,id0468,crop,noisy,0.254366,0.397855,0.004801,1,
id0080,id0470,crop,noisy,0.327850,0.437872,0.002869,1,
id0080,id0476,crop,noisy,0.460014,0.566518,0.001881,1,
id0080,id0486,crop,noisy,0.384891,0.368946,0.001636,1,
id0080,id0491,crop,noisy,0.439780,0.591617,0.003148,1,
id0080,id0498,crop,noisy,0.382857,0.530223,0.003516,1,
id0081,id0086,crop,noisy,0.324369,0.481201,0.009623,1,
id0081,id0088,crop,noisy,0.338483,0.390679,0.008849,1,
id0081,id0097,crop,noisy,0.353380,0.443231,0.009525,1,
id0081,id0100,crop,noisy,0.309479,0.504092,0.010367,1,
id0081,id0106,crop,noisy,0.343619,0.513128,0.012789,1,
id0081,id0107,crop,noisy,0.440360,0.473140,0.007088,1,
id0081,id0110,crop,noisy,0.298228,0.420522,0.007822,1,
id0081,id0113,crop,noisy,0.293940,0.457795,0.013747,1,
id0081,id0115,crop,noisy,0.264713,0.470129,0.013913,1,
id0081,id0130,crop,noisy,0.290334,0.353390,0.011984,1,
id0081,id0132,crop,noisy,0.285635,0.339580,0.012886,1,
id0081,id0136,crop,noisy,0.302477,0.425698,0.010021,1,
id0081,id0153,crop,noisy,0.327423,0.396257,0.006851,1,
id0081,id0161,crop,noisy,0.299325,0.453387,0.013132,1,
id0081,id0169,crop,noisy,0.333362,0.526196,0.016921,1,
id0081,id0182,crop,noisy,0.326451,0.477940,0.007916,1,
id0081,id0183,crop,noisy,0.535670,0.632654,0.005534,1,
id0081,id0186,crop,noisy,0.315701,0.495485,0.015672,1,
id0081,id0197,crop,noisy,0.322657,0.422685,0.007491,1,
id0081,id0199,crop,noisy,0.445981,0.698179,0.006500,1,
id0081,id0206,crop,noisy,0.369567,0.603605,0.015995,1,
id0081,id0207,crop,noisy,0.233094,0.378697,0.014103,1,
id0081,id0208,crop,noisy,0.254947,0.342826,0.008707,1,
id0081,id0212,crop,noisy,0.478482,0.579049,0.011460,1,
id0081,id0220,crop,noisy,0.307930,0.356985,0.010539,1,
id0081,id0222,crop,noisy,0.247637,0.378903,0.007787,1,
id0081,id0224,crop,noisy,0.271509,0.507562,0.013500,1,
id0081,id0233,crop,noisy,0.427333,0.419558,0.010032,1,
id0081,id0239,crop,noisy,0.389604,0.675423,0.021710,1,
id0081,id0242,crop,noisy,0.373414,0.441649,0.013383,1,
id0081,id0246,crop,noisy,0.272182,0.410472,0.018699,1,
id0081,id0258,crop,noisy,0.285741,0.383852,0.012074,1,
id0081,id0273,crop,noisy,0.308959,0.427282,0.011749,1,
id0081,id0275,crop,noisy,0.302897,0.367320,0.010777,1,
id0081,id0285,crop,noisy,0.349481,0.499158,0.009482,1,
id0081,id0290,crop,noisy,0.360288,0.527437,0.005864,1,
id0081,id0296,crop,noisy,0.336042,0.372068,0.009602,1,
id0081,id0299,crop,noisy,0.234102,0.351857,0.009045,1,
id0081,id0303,crop,noisy,0.398004,0.496536,0.008385,1,
id0081,id0319,crop,noisy,0.354215,0.521042,0.009782,1,
id0081,id0321,crop,noisy,0.337397,0.402407,0.005616,1,
id0081,id0326,crop,noisy,0.409518,0.660216,0.007908,1,
id0081,id0328,crop,noisy,0.414563,0.533688,0.010727,1,
id0081,id0330,crop,noisy,0.341439,0.535670,0.013438,1,
id0081,id0342,crop,noisy,0.342135,0.534603,0.015958,1,
id0081,id0346,crop,noisy,0.244040,0.416925,0.012667,1,
id0081,id0363,crop,noisy,0.323421,0.499717,0.016352,1,
id0081,id0367,crop,noisy,0.326883,0.527502,0.017072,1,
id0081,id0368,crop,noisy,0.301946,0.452642,0.009948,1,
id0081,id0369,crop,noisy,0.399981,0.625078,0.006867,1,
id0081,id0372,crop,noisy,0.326123,0.559121,0.011901,1,
id0081,id0373,crop,noisy,0.340778,0.461781,0.008694,1,
id0081,id0374,crop,noisy,0.419124,0.456545,0.008832,1,
id0081,id0378,crop,noisy,0.320400,0.481080,0.012740,1,
id0081,id0381,crop,noisy,0.254639,0.477166,0.010292,1,
id0081,id0382,crop,noisy,0.303124,0.388378,0.013544,1,
id0081,id0392,crop,noisy,0.307831,0.392619,0.014887,1,
id0081,id0396,crop,noisy,0.327405,0.550246,0.017286,1,
id0081,id0398,crop,noisy,0.420387,0.626246,0.010701,1,
id0081,id0399,crop,noisy,0.367654,0.416086,0.009297,1,
id0081,id0401,crop,noisy,0.381771,0.513499,0.016728,1,
id0081,id0402,crop,noisy,0.211158,0.423644,0.012108,1,
id0081,id0404,crop,noisy,0.232627,0.411928,0.011270,1,
id0081,id0411,crop,noisy,0.333534,0.429285,0.017831,1,
id0081,id0412,crop,noisy,0.304638,0.481244,0.013680,1,
id0081,id0418,crop,noisy,0.325062,0.566557,0.011075,1,
id0081,id0421,crop,noisy,0.288342,0.381477,0.013262,1,
id0081,id0422,crop,noisy,0.251628,0.424070,0.011490,1,
id0081,id0431,crop,noisy,0.386974,0.616206,0.010515,1,
id0081,id0437,crop,noisy,0.463113,0.685998,0.012628,1,
id0081,id0441,crop,noisy,0.303814,0.447627,0.014842,1,
id0081,id0447,crop,noisy,0.525578,0.611878,0.004574,1,
id0081,id0460,crop,noisy,0.208216,0.450140,0.012411,1,
id0081,id0462,crop,noisy,0.351188,0.461063,0.008277,1,
id0081,id0465,crop,noisy,0.311579,0.406852,0.013040,1,
id0081,id0466,crop,noisy,0.420813,0.522188,0.005336,1,
id0081,id0468,crop,noisy,0.378969,0.560895,0.018088,1,
id0081,id0470,crop,noisy,0.298456,0.510279,0.013622,1,
id0081,id0476,crop,noisy,0.382502,0.488059,0.007427,1,
id0081,id0486,crop,noisy,0.318838,0.249034,0.009052,1,
id0081,id0491,crop,noisy,0.326247,0.473413,0.010018,1,
id0081,id0498,crop,noisy,0.269818,0.351806,0.013072,1,
id0086,id0088,crop,noisy,0.272251,0.326403,0.005215,1,
id0086,id0097,crop,noisy,0.332701,0.457388,0.005880,1,
id0086,id0100,crop,noisy,0.205849,0.250568,0.005868,1,
id0086,id0106,crop,noisy,0.304441,0.328787,0.007820,1,
id0086,id0107,crop,noisy,0.399834,0.495335,0.004318,1,
id0086,id0110,crop,noisy,0.303053,0.410460,0.004994,1,
id0086,id0113,crop,noisy,0.234272,0.288694,0.008869,1,
id0086,id0115,crop,noisy,0.256873,0.386354,0.010394,1,
id0086,id0130,crop,noisy,0.382891,0.516940,0.008722,1,
id0086,id0132,crop,noisy,0.283176,0.389478,0.008966,1,
id0086,id0136,crop,noisy,0.309308,0.360170,0.006302,1,
id0086,id0153,crop,noisy,0.327040,0.484742,0.004757,1,
id0086,id0161,crop,noisy,0.243024,0.338606,0.008888,1,
id0086,id0169,crop,noisy,0.330568,0.286843,0.011118,1,
id0086,id0182,crop,noisy,0.335079,0.510612,0.005983,1,
id0086,id0183,crop,noisy,0.395568,0.520363,0.003018,1,
id0086,id0186,crop,noisy,0.221086,0.307808,0.010445,1,
id0086,id0197,crop,noisy,0.294717,0.375103,0.004781,1,
id0086,id0199,crop,noisy,0.328423,0.468703,0.003503,1,
id0086,id0206,crop,noisy,0.394075,0.460487,0.010389,1,
id0086,id0207,crop,noisy,0.269765,0.401098,0.009594,1,
id0086,id0208,crop,noisy,0.306862,0.475171,0.006203,1,
id0086,id0212,crop,noisy,0.477018,0.447507,0.006987,1,
id0086,id0220,crop,noisy,0.355076,0.404153,0.006795,1,
id0086,id0222,crop,noisy,0.306083,0.371184,0.004403,1,
id0086,id0224,crop,noisy,0.305513,0.390064,0.008798,1,
id0086,id0233,crop,noisy,0.381312,0.451084,0.006713,1,
id0086,id0239,crop,noisy,0.386874,0.409359,0.015505,1,
id0086,id0242,crop,noisy,0.316727,0.345782,0.008893,1,
id0086,id0246,crop,noisy,0.357459,0.432812,0.013643,1,
id0086,id0258,crop,noisy,0.300470,0.351010,0.007357,1,
id0086,id0273,crop,noisy,0.323432,0.433130,0.007641,1,
id0086,id0275,crop,noisy,0.367614,0.476305,0.008048,1,
id0086,id0285,crop,noisy,0.249928,0.316025,0.005793,1,
id0086,id0290,crop,noisy,0.376762,0.544736,0.004230,1,
id0086,id0296,crop,noisy,0.339997,0.452458,0.005992,1,
id0086,id0299,crop,noisy,0.276756,0.377175,0.005930,1,
id0086,id0303,crop,noisy,0.323360,0.427090,0.004630,1,
id0086,id0319,crop,noisy,0.389267,0.473431,0.006197,1,
id0086,id0321,crop,noisy,0.295628,0.449773,0.003024,1,
id0086,id0326,crop,noisy,0.315880,0.427162,0.004130,1,
id0086,id0328,crop,noisy,0.295786,0.388032,0.006363,1,
id0086,id0330,crop,noisy,0.374697,0.445002,0.008945,1,
id0086,id0342,crop,noisy,0.318531,0.359770,0.010703,1,
id0086,id0346,crop,noisy,0.277882,0.312350,0.008339,1,
id0086,id0363,crop,noisy,0.348632,0.445429,0.011528,1,
id0086,id0367,crop,noisy,0.312798,0.360130,0.012018,1,
id0086,id0368,crop,noisy,0.302746,0.394208,0.006757,1,
id0086,id0369,crop,noisy,0.306923,0.472437,0.004016,1,
id0086,id0372,crop,noisy,0.316050,0.360340,0.007585,1,
id0086,id0373,crop,noisy,0.301413,0.471923,0.006053,1,
id0086,id0374,crop,noisy,0.525183,0.654289,0.006722,1,
id0086,id0378,crop,noisy,0.308265,0.439859,0.008385,1,
id0086,id0381,crop,noisy,0.283800,0.381774,0.006858,1,
id0086,id0382,crop,noisy,0.298095,0.352787,0.008642,1,
id0086,id0392,crop,noisy,0.300506,0.330727,0.010083,1,
id0086,id0396,crop,noisy,0.276655,0.370238,0.012567,1,
id0086,id0398,crop,noisy,0.274494,0.340588,0.005568,1,
id0086,id0399,crop,noisy,0.334159,0.476597,0.005853,1,
id0086,id0401,crop,noisy,0.387359,0.454808,0.011075,1,
id0086,id0402,crop,noisy,0.256312,0.280924,0.007906,1,
id0086,id0404,crop,noisy,0.269727,0.331066,0.007049,1,
id0086,id0411,crop,noisy,0.384383,0.515134,0.012925,1,
id0086,id0412,crop,noisy,0.218952,0.239870,0.008464,1,
id0086,id0418,crop,noisy,0.288993,0.376170,0.006593,1,
id0086,id0421,crop,noisy,0.328472,0.402978,0.009591,1,
id0086,id0422,crop,noisy,0.245862,0.332512,0.007528,1,
id0086,id0431,crop,noisy,0.262096,0.350746,0.005653,1,
id0086,id0437,crop,noisy,0.398099,0.553630,0.008512,1,
id0086,id0441,crop,noisy,0.333551,0.412983,0.010108,1,
id0086,id0447,crop,noisy,0.401511,0.538819,0.002509,1,
id0086,id0460,crop,noisy,0.290399,0.452975,0.008949,1,
id0086,id0462,crop,noisy,0.249012,0.295137,0.004860,1,
id0086,id0465,crop,noisy,0.350479,0.398932,0.007943,1,
id0086,id0466,crop,noisy,0.368738,0.473932,0.003701,1,
id0086,id0468,crop,noisy,0.326199,0.400744,0.011988,1,
id0086,id0470,crop,noisy,0.273130,0.258823,0.008344,1,
id0086,id0476,crop,noisy,0.324466,0.462948,0.004735,1,
id0086,id0486,crop,noisy,0.334099,0.440940,0.006142,1,
id0086,id0491,crop,noisy,0.350487,0.490928,0.007370,1,
id0086,id0498,crop,noisy,0.418799,0.571542,0.009528,1,
id0088,id0097,crop,noisy,0.313715,0.480455,0.010851,1,
id0088,id0100,crop,noisy,0.320630,0.424631,0.011378,1,
id0088,id0106,crop,noisy,0.309543,0.421764,0.012408,1,
id0088,id0107,crop,noisy,0.346096,0.479675,0.008252,1,
id0088,id0110,crop,noisy,0.333394,0.428561,0.008725,1,
id0088,id0113,crop,noisy,0.327737,0.433152,0.014817,1,
id0088,id0115,crop,noisy,0.319261,0.466292,0.015546,1,
id0088,id0130,crop,noisy,0.342216,0.453236,0.012876,1,
id0088,id0132,crop,noisy,0.298632,0.416819,0.014352,1,
id0088,id0136,crop,noisy,0.336056,0.421328,0.010738,1,
id0088,id0153,crop,noisy,0.242546,0.399582,0.007323,1,
id0088,id0161,crop,noisy,0.268306,0.406862,0.013693,1,
id0088,id0169,crop,noisy,0.340395,0.425942,0.017405,1,
id0088,id0182,crop,noisy,0.328026,0.485479,0.008771,1,
id0088,id0183,crop,noisy,0.301683,0.495087,0.005062,1,
id0088,id0186,crop,noisy,0.245523,0.392672,0.016014,1,
id0088,id0197,crop,noisy,0.254720,0.331849,0.007787,1,
id0088,id0199,crop,noisy,0.310757,0.554968,0.006479,1,
id0088,id0206,crop,noisy,0.467895,0.553133,0.015626,1,
id0088,id0207,crop,noisy,0.289745,0.329171,0.014085,1,
id0088,id0208,crop,noisy,0.260748,0.384092,0.009114,1,
id0088,id0212,crop,noisy,0.448802,0.531164,0.011838,1,
id0088,id0220,crop,noisy,0.321899,0.389057,0.011742,1,
id0088,id0222,crop,noisy,0.279664,0.328997,0.007709,1,
id0088,id0224,crop,noisy,0.351310,0.439648,0.013721,1,
id0088,id0233,crop,noisy,0.314036,0.403856,0.010868,1,
id0088,id0239,crop,noisy,0.499442,0.580751,0.022418,1,
id0088,id0242,crop,noisy,0.260729,0.327332,0.012735,1,
id0088,id0246,crop,noisy,0.426239,0.460931,0.020203,1,
id0088,id0258,crop,noisy,0.300349,0.357989,0.012531,1,
id0088,id0273,crop,noisy,0.289780,0.422409,0.012611,1,
id0088,id0275,crop,noisy,0.311973,0.420499,0.012032,1,
id0088,id0285,crop,noisy,0.283799,0.403434,0.009924,1,
id0088,id0290,crop,noisy,0.361395,0.500304,0.006895,1,
id0088,id0296,crop,noisy,0.291721,0.402015,0.009993,1,
id0088,id0299,crop,noisy,0.284275,0.379744,0.010052,1,
id0088,id0303,crop,noisy,0.345088,0.498463,0.009579,1,
id0088,id0319,crop,noisy,0.423981,0.540619,0.010902,1,
id0088,id0321,crop,noisy,0.280251,0.402918,0.005925,1,
id0088,id0326,crop,noisy,0.352044,0.536904,0.008278,1,
id0088,id0328,crop,noisy,0.301408,0.455103,0.010933,1,
id0088,id0330,crop,noisy,0.386507,0.502691,0.014409,1,
id0088,id0342,crop,noisy,0.337129,0.469959,0.016743,1,
id0088,id0346,crop,noisy,0.263873,0.339036,0.012492,1,
id0088,id0363,crop,noisy,0.327619,0.473589,0.016585,1,
id0088,id0367,crop,noisy,0.382524,0.440146,0.017007,1,
id0088,id0368,crop,noisy,0.264187,0.391470,0.010437,1,
id0088,id0369,crop,noisy,0.314272,0.540190,0.007795,1,
id0088,id0372,crop,noisy,0.436828,0.475589,0.012969,1,
id0088,id0373,crop,noisy,0.287901,0.409093,0.009131,1,
id0088,id0374,crop,noisy,0.422993,0.534854,0.009666,1,
id0088,id0378,crop,noisy,0.330108,0.451778,0.013238,1,
id0088,id0381,crop,noisy,0.326974,0.378166,0.010660,1,
id0088,id0382,crop,noisy,0.355614,0.419791,0.014441,1,
id0088,id0392,crop,noisy,0.289968,0.336145,0.015273,1,
id0088,id0396,crop,noisy,0.276398,0.430429,0.017660,1,
id0088,id0398,crop,noisy,0.426378,0.542166,0.011476,1,
id0088,id0399,crop,noisy,0.279928,0.419749,0.009911,1,
id0088,id0401,crop,noisy,0.363199,0.492549,0.016901,1,
id0088,id0402,crop,noisy,0.318044,0.367409,0.012683,1,
id0088,id0404,crop,noisy,0.357762,0.374124,0.012174,1,
id0088,id0411,crop,noisy,0.410292,0.550455,0.019628,1,
id0088,id0412,crop,noisy,0.319165,0.374626,0.013952,1,
id0088,id0418,crop,noisy,0.398385,0.498930,0.011643,1,
id0088,id0421,crop,noisy,0.300577,0.384858,0.013951,1,
id0088,id0422,crop,noisy,0.237594,0.351161,0.011438,1,
id0088,id0431,crop,noisy,0.352224,0.517727,0.011406,1,
id0088,id0437,crop,noisy,0.446193,0.620681,0.013749,1,
id0088,id0441,crop,noisy,0.332538,0.444936,0.015853,1,
id0088,id0447,crop,noisy,0.354652,0.567755,0.005421,1,
id0088,id0460,crop,noisy,0.269008,0.442481,0.013165,1,
id0088,id0462,crop,noisy,0.270320,0.371720,0.008942,1,
id0088,id0465,crop,noisy,0.318061,0.411042,0.013043,1,
id0088,id0466,crop,noisy,0.318715,0.489318,0.006210,1,
id0088,id0468,crop,noisy,0.434881,0.557347,0.018906,1,
id0088,id0470,crop,noisy,0.374391,0.445511,0.014437,1,
id0088,id0476,crop,noisy,0.258061,0.402950,0.007257,1,
id0088,id0486,crop,noisy,0.244070,0.323557,0.009524,1,
id0088,id0491,crop,noisy,0.328613,0.473672,0.011188,1,
id0088,id0498,crop,noisy,0.355646,0.468805,0.013366,1,
id0097,id0100,crop,noisy,0.278213,0.378471,0.003679,1,
id0097,id0106,crop,noisy,0.381397,0.572517,0.006459,1,
id0097,id0107,crop,noisy,0.229454,0.278455,0.001755,1,
id0097,id0110,crop,noisy,0.235823,0.312821,0.002620,1,
id0097,id0113,crop,noisy,0.322840,0.424544,0.005917,1,
id0097,id0115,crop,noisy,0.362106,0.508100,0.006354,1,
id0097,id0130,crop,noisy,0.288586,0.399087,0.005355,1,
id0097,id0132,crop,noisy,0.259259,0.326496,0.005279,1,
id0097,id0136,crop,noisy,0.330290,0.427860,0.004523,1,
id0097,id0153,crop,noisy,0.222926,0.339201,0.002510,1,
id0097,id0161,crop,noisy,0.276486,0.410551,0.005172,1,
id0097,id0169,crop,noisy,0.303661,0.422703,0.007508,1,
id0097,id0182,crop,noisy,0.266193,0.399756,0.003121,1,
id0097,id0183,crop,noisy,0.427913,0.616381,0.003347,1,
id0097,id0186,crop,noisy,0.288628,0.440018,0.007045,1,
id0097,id0197,crop,noisy,0.348629,0.435497,0.003649,1,
id0097,id0199,crop,noisy,0.352199,0.575162,0.002548,1,
id0097,id0206,crop,noisy,0.524703,0.666419,0.009479,1,
id0097,id0207,crop,noisy,0.354462,0.435392,0.007045,1,
id0097,id0208,crop,noisy,0.258427,0.345334,0.003624,1,
id0097,id0212,crop,noisy,0.311303,0.346577,0.003663,1,
id0097,id0220,crop,noisy,0.219661,0.258689,0.003785,1,
id0097,id0222,crop,noisy,0.304904,0.336216,0.003330,1,
id0097,id0224,crop,noisy,0.358212,0.478069,0.006285,1,
id0097,id0233,crop,noisy,0.308370,0.361134,0.003862,1,
id0097,id0239,crop,noisy,0.502170,0.619809,0.011192,1,
id0097,id0242,crop,noisy,0.331529,0.452067,0.005869,1,
id0097,id0246,crop,noisy,0.351969,0.352811,0.008473,1,
id0097,id0258,crop,noisy,0.185392,0.268346,0.004190,1,
id0097,id0273,crop,noisy,0.228109,0.291398,0.004625,1,
id0097,id0275,crop,noisy,0.249545,0.302517,0.004391,1,
id0097,id0285,crop,noisy,0.338682,0.513835,0.003861,1,
id0097,id0290,crop,noisy,0.330375,0.428683,0.002364,1,
id0097,id0296,crop,noisy,0.263915,0.312337,0.003451,1,
id0097,id0299,crop,noisy,0.244813,0.300565,0.003348,1,
id0097,id0303,crop,noisy,0.233520,0.278501,0.002199,1,
id0097,id0319,crop,noisy,0.325996,0.395316,0.003042,1,
id0097,id0321,crop,noisy,0.283868,0.272498,0.001961,1,
id0097,id0326,crop,noisy,0.383242,0.598522,0.003092,1,
id0097,id0328,crop,noisy,0.258765,0.357256,0.003381,1,
id0097,id0330,crop,noisy,0.266807,0.373902,0.005291,1,
id0097,id0342,crop,noisy,0.298020,0.382758,0.006940,1,
id0097,id0346,crop,noisy,0.337033,0.425154,0.006164,1,
id0097,id0363,crop,noisy,0.374701,0.538044,0.008153,1,
id0097,id0367,crop,noisy,0.451700,0.496728,0.008654,1,
id0097,id0368,crop,noisy,0.304724,0.416774,0.004772,1,
id0097,id0369,crop,noisy,0.285693,0.486361,0.002047,1,
id0097,id0372,crop,noisy,0.413690,0.437428,0.004454,1,
id0097,id0373,crop,noisy,0.366057,0.466788,0.004114,1,
id0097,id0374,crop,noisy,0.314573,0.357505,0.003257,1,
id0097,id0378,crop,noisy,0.287431,0.351082,0.004687,1,
id0097,id0381,crop,noisy,0.370084,0.493331,0.004909,1,
id0097,id0382,crop,noisy,0.282018,0.370211,0.005303,1,
id0097,id0392,crop,noisy,0.300510,0.354724,0.006745,1,
id0097,id0396,crop,noisy,0.398674,0.587213,0.009291,1,
id0097,id0398,crop,noisy,0.408595,0.528436,0.004479,1,
id0097,id0399,crop,noisy,0.173352,0.260602,0.002910,1,
id0097,id0401,crop,noisy,0.240483,0.281141,0.006656,1,
id0097,id0402,crop,noisy,0.306630,0.394013,0.005292,1,
id0097,id0404,crop,noisy,0.346706,0.400722,0.004912,1,
id0097,id0411,crop,noisy,0.252510,0.330023,0.007383,1,
id0097,id0412,crop,noisy,0.319052,0.399334,0.005670,1,
id0097,id0418,crop,noisy,0.419260,0.505585,0.004479,1,
id0097,id0421,crop,noisy,0.278287,0.383404,0.005797,1,
id0097,id0422,crop,noisy,0.304535,0.428811,0.005437,1,
id0097,id0431,crop,noisy,0.329341,0.475740,0.003701,1,
id0097,id0437,crop,noisy,0.342948,0.462762,0.003754,1,
id0097,id0441,crop,noisy,0.214742,0.272986,0.005720,1,
id0097,id0447,crop,noisy,0.318164,0.446487,0.001295,1,
id0097,id0460,crop,noisy,0.265560,0.486753,0.005524,1,
id0097,id0462,crop,noisy,0.316001,0.473922,0.003377,1,
id0097,id0465,crop,noisy,0.230411,0.229220,0.004839,1,
id0097,id0466,crop,noisy,0.302304,0.444230,0.001895,1,
id0097,id0468,crop,noisy,0.406387,0.525730,0.008791,1,
id0097,id0470,crop,noisy,0.368679,0.406754,0.006106,1,
id0097,id0476,crop,noisy,0.288564,0.441617,0.003235,1,
id0097,id0486,crop,noisy,0.302941,0.394067,0.004398,1,
id0097,id0491,crop,noisy,0.257850,0.386778,0.003645,1,
id0097,id0498,crop,noisy,0.277884,0.345683,0.005851,1,
id0100,id0106,crop,noisy,0.312130,0.390429,0.004258,1,
id0100,id0107,crop,noisy,0.373397,0.427285,0.002004,1,
id0100,id0110,crop,noisy,0.247765,0.381275,0.002527,1,
id0100,id0113,crop,noisy,0.218738,0.278411,0.004456,1,
id0100,id0115,crop,noisy,0.276984,0.411730,0.005659,1,
id0100,id0130,crop,noisy,0.345937,0.491428,0.005037,1,
id0100,id0132,crop,noisy,0.278497,0.371776,0.004630,1,
id0100,id0136,crop,noisy,0.294678,0.335774,0.003090,1,
id0100,id0153,crop,noisy,0.333820,0.462111,0.002695,1,
id0100,id0161,crop,noisy,0.217282,0.366689,0.004728,1,
id0100,id0169,crop,noisy,0.254919,0.263998,0.006008,1,
id0100,id0182,crop,noisy,0.281893,0.486710,0.003450,1,
id0100,id0183,crop,noisy,0.461969,0.542097,0.002297,1,
id0100,id0186,crop,noisy,0.234790,0.341356,0.005838,1,
id0100,id0197,crop,noisy,0.309088,0.404704,0.002732,1,
id0100,id0199,crop,noisy,0.325157,0.440195,0.001671,1,
id0100,id0206,crop,noisy,0.381796,0.524901,0.006332,1,
id0100,id0207,crop,noisy,0.283909,0.424464,0.005566,1,
id0100,id0208,crop,noisy,0.282223,0.457527,0.003512,1,
id0100,id0212,crop,noisy,0.384697,0.337406,0.003326,1,
id0100,id0220,crop,noisy,0.303845,0.360534,0.003276,1,
id0100,id0222,crop,noisy,0.283037,0.355499,0.002317,1,
id0100,id0224,crop,noisy,0.240644,0.417922,0.004710,1,
id0100,id0233,crop,noisy,0.396423,0.424527,0.003503,1,
id0100,id0239,crop,noisy,0.316771,0.453439,0.009328,1,
id0100,id0242,crop,noisy,0.324874,0.393057,0.005065,1,
id0100,id0246,crop,noisy,0.311059,0.414042,0.007812,1,
id0100,id0258,crop,noisy,0.251582,0.347793,0.003614,1,
id0100,id0273,crop,noisy,0.290329,0.392578,0.003889,1,
id0100,id0275,crop,noisy,0.308731,0.414391,0.004315,1,
id0100,id0285,crop,noisy,0.277587,0.361968,0.002885,1,
id0100,id0290,crop,noisy,0.358113,0.514685,0.002458,1,
id0100,id0296,crop,noisy,0.339237,0.412261,0.003026,1,
id0100,id0299,crop,noisy,0.251368,0.331811,0.002856,1,
id0100,id0303,crop,noisy,0.279486,0.322624,0.002003,1,
id0100,id0319,crop,noisy,0.311392,0.383342,0.002912,1,
id0100,id0321,crop,noisy,0.305860,0.399433,0.001584,1,
id0100,id0326,crop,noisy,0.332714,0.403913,0.001804,1,
id0100,id0328,crop,noisy,0.300063,0.345919,0.003088,1,
id0100,id0330,crop,noisy,0.280752,0.370175,0.004648,1,
id0100,id0342,crop,noisy,0.242274,0.280900,0.005705,1,
id0100,id0346,crop,noisy,0.240719,0.347052,0.004562,1,
id0100,id0363,crop,noisy,0.350327,0.466757,0.006753,1,
id0100,id0367,crop,noisy,0.302132,0.385030,0.007108,1,
id0100,id0368,crop,noisy,0.264951,0.366618,0.003657,1,
id0100,id0369,crop,noisy,0.303128,0.422225,0.001835,1,
id0100,id0372,crop,noisy,0.282238,0.330254,0.003652,1,
id0100,id0373,crop,noisy,0.339440,0.490065,0.003500,1,
id0100,id0374,crop,noisy,0.483190,0.607076,0.003813,1,
id0100,id0378,crop,noisy,0.261631,0.407995,0.004529,1,
id0100,id0381,crop,noisy,0.265107,0.407394,0.003772,1,
id0100,id0382,crop,noisy,0.300596,0.332637,0.004370,1,
id0100,id0392,crop,noisy,0.261117,0.364558,0.005656,1,
id0100,id0396,crop,noisy,0.307084,0.434513,0.007517,1,
id0100,id0398,crop,noisy,0.284001,0.303612,0.002485,1,
id0100,id0399,crop,noisy,0.317071,0.403644,0.002916,1,
id0100,id0401,crop,noisy,0.321974,0.380976,0.006065,1,
id0100,id0402,crop,noisy,0.209886,0.283977,0.004078,1,
id0100,id0404,crop,noisy,0.230173,0.297587,0.003412,1,
id0100,id0411,crop,noisy,0.335501,0.450979,0.007156,1,
id0100,id0412,crop,noisy,0.245770,0.242833,0.004542,1,
id0100,id0418,crop,noisy,0.304493,0.388233,0.003185,1,
id0100,id0421,crop,noisy,0.279166,0.407241,0.005379,1,
id0100,id0422,crop,noisy,0.214770,0.339256,0.004009,1,
id0100,id0431,crop,noisy,0.208772,0.266540,0.002311,1,
id0100,id0437,crop,noisy,0.332997,0.484467,0.004368,1,
id0100,id0441,crop,noisy,0.248943,0.343471,0.005318,1,
id0100,id0447,crop,noisy,0.392904,0.448169,0.001518,1,
id0100,id0460,crop,noisy,0.247531,0.471938,0.004853,1,
id0100,id0462,crop,noisy,0.285179,0.312927,0.002218,1,
id0100,id0465,crop,noisy,0.282701,0.333913,0.003899,1,
id0100,id0466,crop,noisy,0.350453,0.407604,0.001934,1,
id0100,id0468,crop,noisy,0.294604,0.389407,0.006819,1,
id0100,id0470,crop,noisy,0.198776,0.223745,0.004092,1,
id0100,id0476,crop,noisy,0.338209,0.460384,0.002907,1,
id0100,id0486,crop,noisy,0.363965,0.462189,0.003431,1,
id0100,id0491,crop,noisy,0.309713,0.476436,0.004113,1,
id0100,id0498,crop,noisy,0.358536,0.561962,0.005759,1,
id0106,id0107,crop,noisy,0.454091,0.587313,0.004231,1,
id0106,id0110,crop,noisy,0.377912,0.459101,0.004297,1,
id0106,id0113,crop,noisy,0.268664,0.292599,0.006996,1,
id0106,id0115,crop,noisy,0.363749,0.390306,0.008511,1,
id0106,id0130,crop,noisy,0.390905,0.478711,0.008110,1,
id0106,id0132,crop,noisy,0.377657,0.415516,0.007712,1,
id0106,id0136,crop,noisy,0.245880,0.300288,0.004850,1,
id0106,id0153,crop,noisy,0.413027,0.511884,0.003903,1,
id0106,id0161,crop,noisy,0.352656,0.387508,0.007228,1,
id0106,id0169,crop,noisy,0.312033,0.325335,0.009335,1,
id0106,id0182,crop,noisy,0.439648,0.532241,0.004866,1,
id0106,id0183,crop,noisy,0.466147,0.600001,0.002747,1,
id0106,id0186,crop,noisy,0.292766,0.351704,0.008947,1,
id0106,id0197,crop,noisy,0.412992,0.430615,0.004072,1,
id0106,id0199,crop,noisy,0.374640,0.573187,0.002905,1,
id0106,id0206,crop,noisy,0.420335,0.391746,0.007900,1,
id0106,id0207,crop,noisy,0.350510,0.335420,0.008078,1,
id0106,id0208,crop,noisy,0.392323,0.478973,0.005501,1,
id0106,id0212,crop,noisy,0.464512,0.528147,0.006391,1,
id0106,id0220,crop,noisy,0.383359,0.437626,0.005979,1,
id0106,id0222,crop,noisy,0.371177,0.430815,0.003998,1,
id0106,id0224,crop,noisy,0.370362,0.388394,0.006704,1,
id0106,id0233,crop,noisy,0.445682,0.480397,0.005675,1,
id0106,id0239,crop,noisy,0.437636,0.419481,0.012782,1,
id0106,id0242,crop,noisy,0.369287,0.340817,0.007137,1,
id0106,id0246,crop,noisy,0.416888,0.438998,0.012058,1,
id0106,id0258,crop,noisy,0.346109,0.401798,0.006225,1,
id0106,id0273,crop,noisy,0.388393,0.470290,0.006642,1,
id0106,id0275,crop,noisy,0.405760,0.491082,0.007353,1,
id0106,id0285,crop,noisy,0.257657,0.293334,0.004266,1,
id0106,id0290,crop,noisy,0.498934,0.614426,0.003663,1,
id0106,id0296,crop,noisy,0.390305,0.482370,0.005477,1,
id0106,id0299,crop,noisy,0.327450,0.389400,0.004997,1,
id0106,id0303,crop,noisy,0.437748,0.494405,0.004611,1,
id0106,id0319,crop,noisy,0.390693,0.478763,0.005798,1,
id0106,id0321,crop,noisy,0.467472,0.534057,0.003321,1,
id0106,id0326,crop,noisy,0.325195,0.469848,0.003308,1,
id0106,id0328,crop,noisy,0.380293,0.482854,0.005599,1,
id0106,id0330,crop,noisy,0.406433,0.466942,0.007766,1,
id0106,id0342,crop,noisy,0.322227,0.398530,0.009217,1,
id0106,id0346,crop,noisy,0.282370,0.312671,0.006388,1,
id0106,id0363,crop,noisy,0.320119,0.377917,0.009603,1,
id0106,id0367,crop,noisy,0.407536,0.405530,0.010067,1,
id0106,id0368,crop,noisy,0.325859,0.401632,0.005603,1,
id0106,id0369,crop,noisy,0.374849,0.578239,0.003618,1,
id0106,id0372,crop,noisy,0.436709,0.459440,0.006800,1,
id0106,id0373,crop,noisy,0.445575,0.509825,0.004924,1,
id0106,id0374,crop,noisy,0.564283,0.685532,0.006067,1,
id0106,id0378,crop,noisy,0.401648,0.481656,0.007497,1,
id0106,id0381,crop,noisy,0.386511,0.389272,0.005935,1,
id0106,id0382,crop,noisy,0.274062,0.339173,0.007307,1,
id0106,id0392,crop,noisy,0.380825,0.363607,0.008337,1,
id0106,id0396,crop,noisy,0.305536,0.317675,0.010457,1,
id0106,id0398,crop,noisy,0.313629,0.419635,0.004467,1,
id0106,id0399,crop,noisy,0.401420,0.516061,0.005739,1,
id0106,id0401,crop,noisy,0.408783,0.515759,0.009737,1,
id0106,id0402,crop,noisy,0.323353,0.299660,0.006664,1,
id0106,id0404,crop,noisy,0.315461,0.272783,0.005677,1,
id0106,id0411,crop,noisy,0.358647,0.497017,0.011086,1,
id0106,id0412,crop,noisy,0.285841,0.312828,0.007623,1,
id0106,id0418,crop,noisy,0.440570,0.466471,0.005489,1,
id0106,id0421,crop,noisy,0.347912,0.394084,0.008129,1,
id0106,id0422,crop,noisy,0.250374,0.282551,0.005728,1,
id0106,id0431,crop,noisy,0.303406,0.443283,0.004973,1,
id0106,id0437,crop,noisy,0.531362,0.656080,0.007868,1,
id0106,id0441,crop,noisy,0.374819,0.445257,0.008783,1,
id0106,id0447,crop,noisy,0.449451,0.622719,0.002966,1,
id0106,id0460,crop,noisy,0.311196,0.416409,0.007300,1,
id0106,id0462,crop,noisy,0.235375,0.291067,0.003758,1,
id0106,id0465,crop,noisy,0.357883,0.438864,0.006788,1,
id0106,id0466,crop,noisy,0.405969,0.512776,0.003270,1,
id0106,id0468,crop,noisy,0.314268,0.361816,0.009638,1,
id0106,id0470,crop,noisy,0.325705,0.341270,0.006864,1,
id0106,id0476,crop,noisy,0.395817,0.498511,0.004337,1,
id0106,id0486,crop,noisy,0.320759,0.399968,0.004797,1,
id0106,id0491,crop,noisy,0.461154,0.528821,0.006500,1,
id0106,id0498,crop,noisy,0.430084,0.571169,0.008218,1,
id0107,id0110,crop,noisy,0.316717,0.371009,0.006263,1,
id0107,id0113,crop,noisy,0.385110,0.561118,0.012548,1,
id0107,id0115,crop,noisy,0.420675,0.603189,0.012720,1,
id0107,id0130,crop,noisy,0.367561,0.550319,0.010513,1,
id0107,id0132,crop,noisy,0.366296,0.483686,0.011357,1,
id0107,id0136,crop,noisy,0.364598,0.562263,0.009406,1,
id0107,id0153,crop,noisy,0.224905,0.311137,0.005219,1,
id0107,id0161,crop,noisy,0.315841,0.497627,0.011153,1,
id0107,id0169,crop,noisy,0.336007,0.551835,0.015149,1,
id0107,id0182,crop,noisy,0.317627,0.414598,0.006300,1,
id0107,id0183,crop,noisy,0.383571,0.480511,0.004791,1,
id0107,id0186,crop,noisy,0.336030,0.509987,0.013665,1,
id0107,id0197,crop,noisy,0.351594,0.436306,0.007125,1,
id0107,id0199,crop,noisy,0.300369,0.497684,0.005037,1,
id0107,id0206,crop,noisy,0.657997,0.826456,0.016834,1,
id0107,id0207,crop,noisy,0.467835,0.553041,0.013165,1,
id0107,id0208,crop,noisy,0.310402,0.399263,0.007154,1,
id0107,id0212,crop,noisy,0.305634,0.420901,0.008927,1,
id0107,id0220,crop,noisy,0.258220,0.357028,0.009038,1,
id0107,id0222,crop,noisy,0.337854,0.365556,0.006907,1,
id0107,id0224,crop,noisy,0.453442,0.555049,0.012302,1,
id0107,id0233,crop,noisy,0.364901,0.352338,0.008031,1,
id0107,id0239,crop,noisy,0.582517,0.749128,0.020318,1,
id0107,id0242,crop,noisy,0.429744,0.497134,0.011516,1,
id0107,id0246,crop,noisy,0.471941,0.554338,0.016648,1,
id0107,id0258,crop,noisy,0.280906,0.383171,0.010175,1,
id0107,id0273,crop,noisy,0.329603,0.367023,0.009863,1,
id0107,id0275,crop,noisy,0.271493,0.396739,0.008846,1,
id0107,id0285,crop,noisy,0.416256,0.585485,0.008725,1,
id0107,id0290,crop,noisy,0.321900,0.322553,0.004399,1,
id0107,id0296,crop,noisy,0.250251,0.391927,0.007939,1,
id0107,id0299,crop,noisy,0.307548,0.398572,0.007524,1,
id0107,id0303,crop,noisy,0.314063,0.394129,0.006274,1,
id0107,id0319,crop,noisy,0.353474,0.524797,0.007725,1,
id0107,id0321,crop,noisy,0.283130,0.248532,0.004135,1,
id0107,id0326,crop,noisy,0.384815,0.610487,0.007020,1,
id0107,id0328,crop,noisy,0.303284,0.354043,0.007905,1,
id0107,id0330,crop,noisy,0.326670,0.479275,0.011567,1,
id0107,id0342,crop,noisy,0.384337,0.495730,0.013908,1,
id0107,id0346,crop,noisy,0.445168,0.525090,0.012011,1,
id0107,id0363,crop,noisy,0.492786,0.670939,0.015033,1,
id0107,id0367,crop,noisy,0.538074,0.563190,0.015616,1,
id0107,id0368,crop,noisy,0.294117,0.469856,0.008874,1,
id0107,id0369,crop,noisy,0.250131,0.386245,0.005062,1,
id0107,id0372,crop,noisy,0.428425,0.445789,0.009814,1,
id0107,id0373,crop,noisy,0.408188,0.411382,0.007395,1,
id0107,id0374,crop,noisy,0.287878,0.353507,0.006632,1,
id0107,id0378,crop,noisy,0.364215,0.424397,0.009917,1,
id0107,id0381,crop,noisy,0.420427,0.520704,0.009302,1,
id0107,id0382,crop,noisy,0.383102,0.543947,0.012015,1,
id0107,id0392,crop,noisy,0.420060,0.465344,0.013633,1,
id0107,id0396,crop,noisy,0.451683,0.663128,0.015984,1,
id0107,id0398,crop,noisy,0.419607,0.596140,0.009884,1,
id0107,id0399,crop,noisy,0.245558,0.295535,0.006941,1,
id0107,id0401,crop,noisy,0.343580,0.422301,0.013928,1,
id0107,id0402,crop,noisy,0.389205,0.502615,0.010944,1,
id0107,id0404,crop,noisy,0.433478,0.543958,0.010564,1,
id0107,id0411,crop,noisy,0.379955,0.570225,0.015760,1,
id0107,id0412,crop,noisy,0.363069,0.490537,0.011866,1,
id0107,id0418,crop,noisy,0.474396,0.545209,0.009844,1,
id0107,id0421,crop,noisy,0.372598,0.512335,0.011823,1,
id0107,id0422,crop,noisy,0.394884,0.508746,0.010623,1,
id0107,id0431,crop,noisy,0.380209,0.520508,0.009073,1,
id0107,id0437,crop,noisy,0.386529,0.426752,0.009101,1,
id0107,id0441,crop,noisy,0.326461,0.439916,0.012675,1,
id0107,id0447,crop,noisy,0.256624,0.361704,0.002653,1,
id0107,id0460,crop,noisy,0.356829,0.585346,0.011037,1,
id0107,id0462,crop,noisy,0.322783,0.522675,0.007534,1,
id0107,id0465,crop,noisy,0.305929,0.415482,0.011074,1,
id0107,id0466,crop,noisy,0.252332,0.411541,0.004053,1,
id0107,id0468,crop,noisy,0.495664,0.709934,0.017066,1,
id0107,id0470,crop,noisy,0.422134,0.512554,0.012551,1,
id0107,id0476,crop,noisy,0.252441,0.393622,0.005936,1,
id0107,id0486,crop,noisy,0.348157,0.476703,0.008646,1,
id0107,id0491,crop,noisy,0.318971,0.420992,0.007785,1,
id0107,id0498,crop,noisy,0.341133,0.473293,0.011417,1,
id0110,id0113,crop,noisy,0.310158,0.401519,0.005850,1,
id0110,id0115,crop,noisy,0.318039,0.472502,0.006101,1,
id0110,id0130,crop,noisy,0.333581,0.429694,0.005005,1,
id0110,id0132,crop,noisy,0.296964,0.372674,0.005250,1,
id0110,id0136,crop,noisy,0.334790,0.387475,0.004028,1,
id0110,id0153,crop,noisy,0.244116,0.259190,0.001958,1,
id0110,id0161,crop,noisy,0.246717,0.375854,0.005133,1,
id0110,id0169,crop,noisy,0.282912,0.397472,0.007282,1,
id0110,id0182,crop,noisy,0.194870,0.323177,0.002495,1,
id0110,id0183,crop,noisy,0.461201,0.500930,0.002362,1,
id0110,id0186,crop,noisy,0.244232,0.369872,0.006530,1,
id0110,id0197,crop,noisy,0.299817,0.365154,0.002846,1,
id0110,id0199,crop,noisy,0.327028,0.493878,0.001952,1,
id0110,id0206,crop,noisy,0.472494,0.695051,0.008826,1,
id0110,id0207,crop,noisy,0.299907,0.424022,0.006476,1,
id0110,id0208,crop,noisy,0.229565,0.314415,0.003063,1,
id0110,id0212,crop,noisy,0.333743,0.316707,0.003419,1,
id0110,id0220,crop,noisy,0.237587,0.232166,0.003448,1,
id0110,id0222,crop,noisy,0.256883,0.293701,0.002641,1,
id0110,id0224,crop,noisy,0.276822,0.455054,0.005931,1,
id0110,id0233,crop,noisy,0.361472,0.297484,0.003349,1,
id0110,id0239,crop,noisy,0.413194,0.614786,0.011222,1,
id0110,id0242,crop,noisy,0.305825,0.374592,0.005444,1,
id0110,id0246,crop,noisy,0.306364,0.418846,0.008572,1,
id0110,id0258,crop,noisy,0.211862,0.281617,0.004303,1,
id0110,id0273,crop,noisy,0.227279,0.268559,0.004073,1,
id0110,id0275,crop,noisy,0.276724,0.284897,0.003929,1,
id0110,id0285,crop,noisy,0.307500,0.427717,0.003230,1,
id0110,id0290,crop,noisy,0.287068,0.356685,0.001726,1,
id0110,id0296,crop,noisy,0.312721,0.308355,0.003276,1,
id0110,id0299,crop,noisy,0.214272,0.257839,0.002728,1,
id0110,id0303,crop,noisy,0.287565,0.284444,0.002200,1,
id0110,id0319,crop,noisy,0.298992,0.379352,0.003159,1,
id0110,id0321,crop,noisy,0.270041,0.296265,0.001623,1,
id0110,id0326,crop,noisy,0.370817,0.513397,0.002578,1,
id0110,id0328,crop,noisy,0.273033,0.281847,0.003092,1,
id0110,id0330,crop,noisy,0.228531,0.342384,0.004872,1,
id0110,id0342,crop,noisy,0.282683,0.354216,0.006555,1,
id0110,id0346,crop,noisy,0.270157,0.404679,0.005331,1,
id0110,id0363,crop,noisy,0.375999,0.528595,0.007704,1,
id0110,id0367,crop,noisy,0.356451,0.441686,0.007927,1,
id0110,id0368,crop,noisy,0.276779,0.368844,0.003992,1,
id0110,id0369,crop,noisy,0.262308,0.370826,0.001583,1,
id0110,id0372,crop,noisy,0.319230,0.356784,0.004162,1,
id0110,id0373,crop,noisy,0.298926,0.386716,0.003345,1,
id0110,id0374,crop,noisy,0.379659,0.374831,0.002805,1,
id0110,id0378,crop,noisy,0.228567,0.347309,0.004759,1,
id0110,id0381,crop,noisy,0.286081,0.427917,0.004209,1,
id0110,id0382,crop,noisy,0.321512,0.387367,0.005335,1,
id0110,id0392,crop,noisy,0.275302,0.354400,0.006601,1,
id0110,id0396,crop,noisy,0.381231,0.524435,0.008954,1,
id0110,id0398,crop,noisy,0.359877,0.485774,0.004210,1,
id0110,id0399,crop,noisy,0.249750,0.231000,0.002601,1,
id0110,id0401,crop,noisy,0.268448,0.325061,0.006519,1,
id0110,id0402,crop,noisy,0.232829,0.351899,0.004712,1,
id0110,id0404,crop,noisy,0.311420,0.397084,0.004820,1,
id0110,id0411,crop,noisy,0.296187,0.412180,0.007727,1,
id0110,id0412,crop,noisy,0.289117,0.354277,0.005496,1,
id0110,id0418,crop,noisy,0.317324,0.481970,0.004198,1,
id0110,id0421,crop,noisy,0.259617,0.370389,0.005358,1,
id0110,id0422,crop,noisy,0.250357,0.352871,0.004617,1,
id0110,id0431,crop,noisy,0.316012,0.417726,0.003627,1,
id0110,id0437,crop,noisy,0.276091,0.421988,0.003865,1,
id0110,id0441,crop,noisy,0.240384,0.297363,0.005856,1,
id0110,id0447,crop,noisy,0.375103,0.356640,0.001218,1,
id0110,id0460,crop,noisy,0.255778,0.475441,0.005277,1,
id0110,id0462,crop,noisy,0.321440,0.380850,0.002774,1,
id0110,id0465,crop,noisy,0.263111,0.311884,0.004765,1,
id0110,id0466,crop,noisy,0.321856,0.325067,0.001340,1,
id0110,id0468,crop,noisy,0.391245,0.539201,0.008580,1,
id0110,id0470,crop,noisy,0.310097,0.395254,0.005838,1,
id0110,id0476,crop,noisy,0.267099,0.324953,0.002303,1,
id0110,id0486,crop,noisy,0.343895,0.361351,0.003581,1,
id0110,id0491,crop,noisy,0.227186,0.337221,0.003315,1,
id0110,id0498,crop,noisy,0.283168,0.387295,0.005314,1,
id0113,id0115,crop,noisy,0.234052,0.397587,0.011563,1,
id0113,id0130,crop,noisy,0.349556,0.479403,0.010680,1,
id0113,id0132,crop,noisy,0.287492,0.347074,0.010219,1,
id0113,id0136,crop,noisy,0.239166,0.317310,0.007028,1,
id0113,id0153,crop,noisy,0.357333,0.488478,0.005467,1,
id0113,id0161,crop,noisy,0.258170,0.387605,0.009917,1,
id0113,id0169,crop,noisy,0.222419,0.324914,0.012038,1,
id0113,id0182,crop,noisy,0.376427,0.517524,0.006414,1,
id0113,id0183,crop,noisy,0.507166,0.640704,0.004514,1,
id0113,id0186,crop,noisy,0.242666,0.383857,0.012042,1,
id0113,id0197,crop,noisy,0.347405,0.428162,0.005819,1,
id0113,id0199,crop,noisy,0.375619,0.604065,0.004408,1,
id0113,id0206,crop,noisy,0.364226,0.472987,0.011691,1,
id0113,id0207,crop,noisy,0.300088,0.415283,0.011472,1,
id0113,id0208,crop,noisy,0.328508,0.477882,0.007693,1,
id0113,id0212,crop,noisy,0.421904,0.460877,0.007554,1,
id0113,id0220,crop,noisy,0.302598,0.373146,0.007552,1,
id0113,id0222,crop,noisy,0.296577,0.393609,0.005522,1,
id0113,id0224,crop,noisy,0.313013,0.456278,0.010076,1,
id0113,id0233,crop,noisy,0.437280,0.482763,0.007930,1,
id0113,id0239,crop,noisy,0.324364,0.455631,0.016424,1,
id0113,id0242,crop,noisy,0.393957,0.442315,0.010561,1,
id0113,id0246,crop,noisy,0.297616,0.365334,0.014827,1,
id0113,id0258,crop,noisy,0.287135,0.360882,0.008312,1,
id0113,id0273,crop,noisy,0.332205,0.435259,0.008671,1,
id0113,id0275,crop,noisy,0.304862,0.424008,0.009248,1,
id0113,id0285,crop,noisy,0.272176,0.376544,0.006471,1,
id0113,id0290,crop,noisy,0.407460,0.584164,0.004695,1,
id0113,id0296,crop,noisy,0.300483,0.413694,0.007143,1,
id0113,id0299,crop,noisy,0.231995,0.337116,0.006478,1,
id0113,id0303,crop,noisy,0.335372,0.392945,0.004947,1,
id0113,id0319,crop,noisy,0.310577,0.432628,0.006590,1,
id0113,id0321,crop,noisy,0.372492,0.478651,0.004079,1,
id0113,id0326,crop,noisy,0.325538,0.511098,0.004989,1,
id0113,id0328,crop,noisy,0.357188,0.456062,0.007517,1,
id0113,id0330,crop,noisy,0.302647,0.417516,0.009256,1,
id0113,id0342,crop,noisy,0.254583,0.348307,0.011424,1,
id0113,id0346,crop,noisy,0.253576,0.350455,0.009423,1,
id0113,id0363,crop,noisy,0.325431,0.471138,0.013373,1,
id0113,id0367,crop,noisy,0.313151,0.406569,0.013423,1,
id0113,id0368,crop,noisy,0.294373,0.444524,0.008301,1,
id0113,id0369,crop,noisy,0.329816,0.547155,0.004539,1,
id0113,id0372,crop,noisy,0.297095,0.428336,0.008728,1,
id0113,id0373,crop,noisy,0.411183,0.554190,0.007644,1,
id0113,id0374,crop,noisy,0.500464,0.625445,0.007723,1,
id0113,id0378,crop,noisy,0.341997,0.488568,0.009833,1,
id0113,id0381,crop,noisy,0.324829,0.485580,0.008816,1,
id0113,id0382,crop,noisy,0.212867,0.265762,0.009355,1,
id0113,id0392,crop,noisy,0.325249,0.352460,0.011401,1,
id0113,id0396,crop,noisy,0.321982,0.471131,0.014909,1,
id0113,id0398,crop,noisy,0.262899,0.351409,0.005725,1,
id0113,id0399,crop,noisy,0.364897,0.473950,0.007020,1,
id0113,id0401,crop,noisy,0.333326,0.413303,0.011736,1,
id0113,id0402,crop,noisy,0.231491,0.332289,0.009297,1,
id0113,id0404,crop,noisy,0.181654,0.292111,0.007643,1,
id0113,id0411,crop,noisy,0.306597,0.369731,0.013093,1,
id0113,id0412,crop,noisy,0.214743,0.313626,0.009861,1,
id0113,id0418,crop,noisy,0.322540,0.450260,0.007493,1,
id0113,id0421,crop,noisy,0.328109,0.406828,0.011096,1,
id0113,id0422,crop,noisy,0.224248,0.347478,0.008551,1,
id0113,id0431,crop,noisy,0.237186,0.388211,0.006091,1,
id0113,id0437,crop,noisy,0.438067,0.606730,0.008941,1,
id0113,id0441,crop,noisy,0.269828,0.360026,0.010624,1,
id0113,id0447,crop,noisy,0.444634,0.561172,0.002957,1,
id0113,id0460,crop,noisy,0.258894,0.488247,0.010388,1,
id0113,id0462,crop,noisy,0.256985,0.352335,0.005766,1,
id0113,id0465,crop,noisy,0.286918,0.355800,0.008837,1,
id0113,id0466,crop,noisy,0.350294,0.472114,0.003938,1,
id0113,id0468,crop,noisy,0.200979,0.297986,0.012448,1,
id0113,id0470,crop,noisy,0.197301,0.274810,0.009052,1,
id0113,id0476,crop,noisy,0.386558,0.539670,0.006326,1,
id0113,id0486,crop,noisy,0.357867,0.422065,0.007495,1,
id0113,id0491,crop,noisy,0.381169,0.520022,0.008391,1,
id0113,id0498,crop,noisy,0.388963,0.529427,0.011239,1,
id0115,id0130,crop,noisy,0.323087,0.411871,0.006435,1,
id0115,id0132,crop,noisy,0.256724,0.294381,0.006211,1,
id0115,id0136,crop,noisy,0.293179,0.366626,0.004917,1,
id0115,id0153,crop,noisy,0.316600,0.362119,0.002589,1,
id0115,id0161,crop,noisy,0.210773,0.301166,0.006164,1,
id0115,id0169,crop,noisy,0.310917,0.369228,0.008955,1,
id0115,id0182,crop,noisy,0.324615,0.396208,0.003202,1,
id0115,id0183,crop,noisy,0.476469,0.501882,0.002746,1,
id0115,id0186,crop,noisy,0.267623,0.314185,0.008090,1,
id0115,id0197,crop,noisy,0.281178,0.316901,0.003400,1,
id0115,id0199,crop,noisy,0.385774,0.459786,0.002531,1,
id0115,id0206,crop,noisy,0.392991,0.601336,0.009819,1,
id0115,id0207,crop,noisy,0.272651,0.392106,0.007472,1,
id0115,id0208,crop,noisy,0.281801,0.315246,0.003735,1,
id0115,id0212,crop,noisy,0.479754,0.458717,0.005517,1,
id0115,id0220,crop,noisy,0.337337,0.333974,0.004773,1,
id0115,id0222,crop,noisy,0.290564,0.297281,0.003568,1,
id0115,id0224,crop,noisy,0.320031,0.408876,0.006699,1,
id0115,id0233,crop,noisy,0.412882,0.340695,0.004425,1,
id0115,id0239,crop,noisy,0.335192,0.530716,0.012769,1,
id0115,id0242,crop,noisy,0.330478,0.345791,0.006504,1,
id0115,id0246,crop,noisy,0.275347,0.382728,0.010211,1,
id0115,id0258,crop,noisy,0.310691,0.357401,0.005512,1,
id0115,id0273,crop,noisy,0.354685,0.411737,0.005617,1,
id0115,id0275,crop,noisy,0.299786,0.274269,0.004904,1,
id0115,id0285,crop,noisy,0.281552,0.359000,0.004076,1,
id0115,id0290,crop,noisy,0.391224,0.444827,0.002099,1,
id0115,id0296,crop,noisy,0.326627,0.307861,0.004376,1,
id0115,id0299,crop,noisy,0.228059,0.259401,0.003916,1,
id0115,id0303,crop,noisy,0.355119,0.402148,0.003686,1,
id0115,id0319,crop,noisy,0.360065,0.445631,0.004632,1,
id0115,id0321,crop,noisy,0.359986,0.398225,0.002462,1,
id0115,id0326,crop,noisy,0.363551,0.449991,0.003432,1,
id0115,id0328,crop,noisy,0.359960,0.372934,0.004592,1,
id0115,id0330,crop,noisy,0.358265,0.453652,0.006764,1,
id0115,id0342,crop,noisy,0.316471,0.375275,0.008628,1,
id0115,id0346,crop,noisy,0.257144,0.353675,0.006323,1,
id0115,id0363,crop,noisy,0.320262,0.421780,0.008947,1,
id0115,id0367,crop,noisy,0.287228,0.298533,0.009175,1,
id0115,id0368,crop,noisy,0.287993,0.299567,0.004547,1,
id0115,id0369,crop,noisy,0.347987,0.449798,0.002764,1,
id0115,id0372,crop,noisy,0.296426,0.307098,0.005637,1,
id0115,id0373,crop,noisy,0.312743,0.349678,0.003691,1,
id0115,id0374,crop,noisy,0.499095,0.525265,0.003754,1,
id0115,id0378,crop,noisy,0.301339,0.392815,0.005989,1,
id0115,id0381,crop,noisy,0.269178,0.329625,0.004987,1,
id0115,id0382,crop,noisy,0.302594,0.393979,0.007002,1,
id0115,id0392,crop,noisy,0.293863,0.355477,0.007784,1,
id0115,id0396,crop,noisy,0.286770,0.428821,0.009778,1,
id0115,id0398,crop,noisy,0.383203,0.489544,0.005497,1,
id0115,id0399,crop,noisy,0.374570,0.388635,0.004210,1,
id0115,id0401,crop,noisy,0.379613,0.457874,0.008682,1,
id0115,id0402,crop,noisy,0.215594,0.316628,0.005984,1,
id0115,id0404,crop,noisy,0.249392,0.378633,0.005483,1,
id0115,id0411,crop,noisy,0.340860,0.466143,0.009764,1,
id0115,id0412,crop,noisy,0.263314,0.334134,0.007132,1,
id0115,id0418,crop,noisy,0.287194,0.353209,0.005199,1,
id0115,id0421,crop,noisy,0.245409,0.341083,0.006658,1,
id0115,id0422,crop,noisy,0.259790,0.320818,0.005585,1,
id0115,id0431,crop,noisy,0.304351,0.436446,0.005033,1,
id0115,id0437,crop,noisy,0.405363,0.501242,0.005880,1,
id0115,id0441,crop,noisy,0.279388,0.361085,0.007513,1,
id0115,id0447,crop,noisy,0.454329,0.458390,0.002034,1,
id0115,id0460,crop,noisy,0.228866,0.363483,0.006049,1,
id0115,id0462,crop,noisy,0.305887,0.329940,0.003488,1,
id0115,id0465,crop,noisy,0.356056,0.397615,0.006241,1,
id0115,id0466,crop,noisy,0.346899,0.328284,0.002002,1,
id0115,id0468,crop,noisy,0.321147,0.512707,0.010400,1,
id0115,id0470,crop,noisy,0.297402,0.354436,0.007173,1,
id0115,id0476,crop,noisy,0.353572,0.372375,0.003257,1,
id0115,id0486,crop,noisy,0.364640,0.402462,0.004356,1,
id0115,id0491,crop,noisy,0.317064,0.367798,0.004362,1,
id0115,id0498,crop,noisy,0.345438,0.465044,0.006657,1,
id0130,id0132,crop,noisy,0.244093,0.381850,0.007853,1,
id0130,id0136,crop,noisy,0.306408,0.438831,0.005873,1,
id0130,id0153,crop,noisy,0.333282,0.463895,0.003568,1,
id0130,id0161,crop,noisy,0.307026,0.538849,0.008100,1,
id0130,id0169,crop,noisy,0.373685,0.559913,0.010861,1,
id0130,id0182,crop,noisy,0.351816,0.523525,0.004384,1,
id0130,id0183,crop,noisy,0.510146,0.713948,0.003557,1,
id0130,id0186,crop,noisy,0.348980,0.552022,0.009800,1,
id0130,id0197,crop,noisy,0.372835,0.526190,0.004479,1,
id0130,id0199,crop,noisy,0.458971,0.736066,0.003477,1,
id0130,id0206,crop,noisy,0.471346,0.709738,0.011868,1,
id0130,id0207,crop,noisy,0.304332,0.433294,0.008597,1,
id0130,id0208,crop,noisy,0.232676,0.325383,0.004197,1,
id0130,id0212,crop,noisy,0.435511,0.530029,0.006725,1,
id0130,id0220,crop,noisy,0.292388,0.386160,0.005934,1,
id0130,id0222,crop,noisy,0.320295,0.439056,0.004095,1,
id0130,id0224,crop,noisy,0.390473,0.614993,0.008561,1,
id0130,id0233,crop,noisy,0.375068,0.459796,0.005684,1,
id0130,id0239,crop,noisy,0.495224,0.772485,0.015514,1,
id0130,id0242,crop,noisy,0.372354,0.501029,0.007864,1,
id0130,id0246,crop,noisy,0.330951,0.437241,0.012031,1,
id0130,id0258,crop,noisy,0.307829,0.461176,0.006922,1,
id0130,id0273,crop,noisy,0.310102,0.469087,0.006702,1,
id0130,id0275,crop,noisy,0.208740,0.328997,0.005754,1,
id0130,id0285,crop,noisy,0.371727,0.580902,0.005834,1,
id0130,id0290,crop,noisy,0.449292,0.604839,0.003477,1,
id0130,id0296,crop,noisy,0.256659,0.357888,0.004893,1,
id0130,id0299,crop,noisy,0.265467,0.393324,0.004987,1,
id0130,id0303,crop,noisy,0.337739,0.465868,0.004310,1,
id0130,id0319,crop,noisy,0.345211,0.429796,0.004852,1,
id0130,id0321,crop,noisy,0.348815,0.442233,0.002728,1,
id0130,id0326,crop,noisy,0.443456,0.679816,0.004603,1,
id0130,id0328,crop,noisy,0.412932,0.562222,0.005888,1,
id0130,id0330,crop,noisy,0.368112,0.565243,0.008170,1,
id0130,id0342,crop,noisy,0.356428,0.558134,0.010079,1,
id0130,id0346,crop,noisy,0.340686,0.541044,0.008472,1,
id0130,id0363,crop,noisy,0.319664,0.523307,0.009983,1,
id0130,id0367,crop,noisy,0.438141,0.599681,0.011143,1,
id0130,id0368,crop,noisy,0.298341,0.448199,0.005598,1,
id0130,id0369,crop,noisy,0.432295,0.668472,0.003884,1,
id0130,id0372,crop,noisy,0.448963,0.594801,0.006980,1,
id0130,id0373,crop,noisy,0.417194,0.542239,0.004951,1,
id0130,id0374,crop,noisy,0.370401,0.462289,0.004419,1,
id0130,id0378,crop,noisy,0.328384,0.450897,0.006860,1,
id0130,id0381,crop,noisy,0.354115,0.517519,0.005693,1,
id0130,id0382,crop,noisy,0.295463,0.425146,0.008571,1,
id0130,id0392,crop,noisy,0.319163,0.498552,0.009334,1,
id0130,id0396,crop,noisy,0.382300,0.599940,0.011497,1,
id0130,id0398,crop,noisy,0.511081,0.702479,0.007753,1,
id0130,id0399,crop,noisy,0.266405,0.347642,0.004351,1,
id0130,id0401,crop,noisy,0.358146,0.533676,0.010341,1,
id0130,id0402,crop,noisy,0.303072,0.465252,0.007201,1,
id0130,id0404,crop,noisy,0.327843,0.476727,0.007114,1,
id0130,id0411,crop,noisy,0.303066,0.411537,0.011361,1,
id0130,id0412,crop,noisy,0.346610,0.488988,0.008266,1,
id0130,id0418,crop,noisy,0.425446,0.635962,0.006838,1,
id0130,id0421,crop,noisy,0.206351,0.383816,0.007727,1,
id0130,id0422,crop,noisy,0.308344,0.510004,0.007085,1,
id0130,id0431,crop,noisy,0.403008,0.620895,0.006309,1,
id0130,id0437,crop,noisy,0.482127,0.703645,0.007371,1,
id0130,id0441,crop,noisy,0.264992,0.439001,0.008767,1,
id0130,id0447,crop,noisy,0.432081,0.560853,0.001781,1,
id0130,id0460,crop,noisy,0.205993,0.478934,0.007153,1,
id0130,id0462,crop,noisy,0.364310,0.515924,0.005072,1,
id0130,id0465,crop,noisy,0.326860,0.422911,0.007615,1,
id0130,id0466,crop,noisy,0.378059,0.530747,0.002735,1,
id0130,id0468,crop,noisy,0.399628,0.629435,0.012723,1,
id0130,id0470,crop,noisy,0.415874,0.595398,0.009026,1,
id0130,id0476,crop,noisy,0.341390,0.488285,0.003321,1,
id0130,id0486,crop,noisy,0.288027,0.337717,0.005329,1,
id0130,id0491,crop,noisy,0.328545,0.501721,0.005367,1,
id0130,id0498,crop,noisy,0.211044,0.348335,0.007174,1,
id0132,id0136,crop,noisy,0.327843,0.403082,0.007853,1,
id0132,id0153,crop,noisy,0.294654,0.344092,0.004691,1,
id0132,id0161,crop,noisy,0.250696,0.359457,0.009737,1,
id0132,id0169,crop,noisy,0.369265,0.416900,0.013123,1,
id0132,id0182,crop,noisy,0.318556,0.416525,0.005549,1,
id0132,id0183,crop,noisy,0.452260,0.581760,0.003824,1,
id0132,id0186,crop,noisy,0.272768,0.410715,0.011928,1,
id0132,id0197,crop,noisy,0.327468,0.387022,0.005548,1,
id0132,id0199,crop,noisy,0.426519,0.585677,0.004239,1,
id0132,id0206,crop,noisy,0.420136,0.587953,0.013737,1,
id0132,id0207,crop,noisy,0.252130,0.392598,0.011223,1,
id0132,id0208,crop,noisy,0.246159,0.314796,0.006393,1,
id0132,id0212,crop,noisy,0.469247,0.434146,0.008214,1,
id0132,id0220,crop,noisy,0.295128,0.287886,0.007543,1,
id0132,id0222,crop,noisy,0.321969,0.307078,0.005547,1,
id0132,id0224,crop,noisy,0.344766,0.458597,0.010619,1,
id0132,id0233,crop,noisy,0.311383,0.343202,0.007246,1,
id0132,id0239,crop,noisy,0.439543,0.593110,0.017888,1,
id0132,id0242,crop,noisy,0.300150,0.402988,0.010109,1,
id0132,id0246,crop,noisy,0.292914,0.323038,0.014710,1,
id0132,id0258,crop,noisy,0.282999,0.291628,0.008677,1,
id0132,id0273,crop,noisy,0.257216,0.338742,0.008644,1,
id0132,id0275,crop,noisy,0.269950,0.297660,0.007852,1,
id0132,id0285,crop,noisy,0.314647,0.465653,0.006968,1,
id0132,id0290,crop,noisy,0.378622,0.442789,0.003610,1,
id0132,id0296,crop,noisy,0.281953,0.310861,0.006859,1,
id0132,id0299,crop,noisy,0.245362,0.273744,0.006493,1,
id0132,id0303,crop,noisy,0.284289,0.367867,0.005334,1,
id0132,id0319,crop,noisy,0.387588,0.441952,0.006823,1,
id0132,id0321,crop,noisy,0.299479,0.289710,0.003456,1,
id0132,id0326,crop,noisy,0.415573,0.580582,0.005608,1,
id0132,id0328,crop,noisy,0.333034,0.393858,0.007243,1,
id0132,id0330,crop,noisy,0.375186,0.453850,0.010370,1,
id0132,id0342,crop,noisy,0.315689,0.422745,0.012497,1,
id0132,id0346,crop,noisy,0.285733,0.359503,0.009798,1,
id0132,id0363,crop,noisy,0.286592,0.483501,0.013338,1,
id0132,id0367,crop,noisy,0.347437,0.438545,0.013543,1,
id0132,id0368,crop,noisy,0.296998,0.392979,0.007492,1,
id0132,id0369,crop,noisy,0.371616,0.514232,0.004544,1,
id0132,id0372,crop,noisy,0.417602,0.433634,0.008651,1,
id0132,id0373,crop,noisy,0.316343,0.424015,0.006344,1,
id0132,id0374,crop,noisy,0.419974,0.415635,0.006047,1,
id0132,id0378,crop,noisy,0.293555,0.376129,0.009089,1,
id0132,id0381,crop,noisy,0.340292,0.446530,0.008051,1,
id0132,id0382,crop,noisy,0.280951,0.314602,0.010279,1,
id0132,id0392,crop,noisy,0.235875,0.317819,0.011638,1,
id0132,id0396,crop,noisy,0.291879,0.524245,0.014075,1,
id0132,id0398,crop,noisy,0.442944,0.516984,0.007773,1,
id0132,id0399,crop,noisy,0.275127,0.322112,0.006364,1,
id0132,id0401,crop,noisy,0.341375,0.368604,0.012397,1,
id0132,id0402,crop,noisy,0.279107,0.352760,0.009362,1,
id0132,id0404,crop,noisy,0.300512,0.380092,0.008746,1,
id0132,id0411,crop,noisy,0.314538,0.369591,0.014097,1,
id0132,id0412,crop,noisy,0.309553,0.369048,0.010245,1,
id0132,id0418,crop,noisy,0.382016,0.466542,0.008145,1,
id0132,id0421,crop,noisy,0.224396,0.328953,0.010349,1,
id0132,id0422,crop,noisy,0.276335,0.394239,0.009069,1,
id0132,id0431,crop,noisy,0.366501,0.492306,0.007258,1,
id0132,id0437,crop,noisy,0.422602,0.537297,0.008722,1,
id0132,id0441,crop,noisy,0.277428,0.338428,0.011216,1,
id0132,id0447,crop,noisy,0.425908,0.499963,0.002393,1,
id0132,id0460,crop,noisy,0.221807,0.423513,0.009619,1,
id0132,id0462,crop,noisy,0.303353,0.415852,0.005926,1,
id0132,id0465,crop,noisy,0.314764,0.282187,0.009410,1,
id0132,id0466,crop,noisy,0.381822,0.453201,0.003619,1,
id0132,id0468,crop,noisy,0.365926,0.487486,0.014698,1,
id0132,id0470,crop,noisy,0.363839,0.385821,0.010430,1,
id0132,id0476,crop,noisy,0.354196,0.444661,0.005334,1,
id0132,id0486,crop,noisy,0.267207,0.299282,0.006961,1,
id0132,id0491,crop,noisy,0.291009,0.407742,0.007187,1,
id0132,id0498,crop,noisy,0.292322,0.341421,0.010183,1,
id0136,id0153,crop,noisy,0.375625,0.517468,0.006081,1,
id0136,id0161,crop,noisy,0.295263,0.509826,0.011557,1,
id0136,id0169,crop,noisy,0.284364,0.435195,0.013888,1,
id0136,id0182,crop,noisy,0.392730,0.559369,0.007118,1,
id0136,id0183,crop,noisy,0.482447,0.651867,0.004921,1,
id0136,id0186,crop,noisy,0.309905,0.487996,0.013337,1,
id0136,id0197,crop,noisy,0.376193,0.469567,0.006677,1,
id0136,id0199,crop,noisy,0.360567,0.658443,0.004938,1,
id0136,id0206,crop,noisy,0.441859,0.574120,0.013096,1,
id0136,id0207,crop,noisy,0.345672,0.443295,0.012373,1,
id0136,id0208,crop,noisy,0.330841,0.459022,0.007873,1,
id0136,id0212,crop,noisy,0.379092,0.458170,0.008963,1,
id0136,id0220,crop,noisy,0.300351,0.377600,0.008821,1,
id0136,id0222,crop,noisy,0.317272,0.408854,0.006344,1,
id0136,id0224,crop,noisy,0.397653,0.556729,0.011262,1,
id0136,id0233,crop,noisy,0.433041,0.516956,0.008859,1,
id0136,id0239,crop,noisy,0.442633,0.628750,0.018716,1,
id0136,id0242,crop,noisy,0.398616,0.492117,0.011514,1,
id0136,id0246,crop,noisy,0.347872,0.462314,0.016671,1,
id0136,id0258,crop,noisy,0.323088,0.431538,0.010002,1,
id0136,id0273,crop,noisy,0.364297,0.474136,0.009824,1,
id0136,id0275,crop,noisy,0.305378,0.431705,0.010018,1,
id0136,id0285,crop,noisy,0.273611,0.428362,0.007615,1,
id0136,id0290,crop,noisy,0.469948,0.633368,0.005568,1,
id0136,id0296,crop,noisy,0.291889,0.391689,0.008019,1,
id0136,id0299,crop,noisy,0.237999,0.365759,0.007331,1,
id0136,id0303,crop,noisy,0.340394,0.385033,0.006064,1,
id0136,id0319,crop,noisy,0.275924,0.364286,0.007466,1,
id0136,id0321,crop,noisy,0.419227,0.491038,0.004716,1,
id0136,id0326,crop,noisy,0.283377,0.518096,0.005828,1,
id0136,id0328,crop,noisy,0.399262,0.524720,0.008838,1,
id0136,id0330,crop,noisy,0.332330,0.463415,0.010852,1,
id0136,id0342,crop,noisy,0.289520,0.435127,0.012869,1,
id0136,id0346,crop,noisy,0.327468,0.475354,0.010918,1,
id0136,id0363,crop,noisy,0.311094,0.514104,0.013911,1,
id0136,id0367,crop,noisy,0.408463,0.529225,0.014540,1,
id0136,id0368,crop,noisy,0.255206,0.448561,0.008615,1,
id0136,id0369,crop,noisy,0.337324,0.569671,0.005746,1,
id0136,id0372,crop,noisy,0.382124,0.511504,0.010131,1,
id0136,id0373,crop,noisy,0.446686,0.590432,0.007950,1,
id0136,id0374,crop,noisy,0.490074,0.621636,0.008401,1,
id0136,id0378,crop,noisy,0.351718,0.522106,0.010738,1,
id0136,id0381,crop,noisy,0.357840,0.507876,0.009081,1,
id0136,id0382,crop,noisy,0.270395,0.299653,0.011399,1,
id0136,id0392,crop,noisy,0.381689,0.461445,0.012958,1,
id0136,id0396,crop,noisy,0.329909,0.537901,0.015695,1,
id0136,id0398,crop,noisy,0.324225,0.432512,0.007780,1,
id0136,id0399,crop,noisy,0.353879,0.430055,0.007830,1,
id0136,id0401,crop,noisy,0.393476,0.509639,0.013738,1,
id0136,id0402,crop,noisy,0.268442,0.382507,0.010365,1,
id0136,id0404,crop,noisy,0.266355,0.332533,0.009002,1,
id0136,id0411,crop,noisy,0.316782,0.386725,0.015034,1,
id0136,id0412,crop,noisy,0.264668,0.365357,0.011446,1,
id0136,id0418,crop,noisy,0.393415,0.537786,0.008899,1,
id0136,id0421,crop,noisy,0.298324,0.434583,0.012020,1,
id0136,id0422,crop,noisy,0.256559,0.413713,0.009397,1,
id0136,id0431,crop,noisy,0.261734,0.407148,0.007759,1,
id0136,id0437,crop,noisy,0.499855,0.689627,0.010709,1,
id0136,id0441,crop,noisy,0.289974,0.409326,0.012174,1,
id0136,id0447,crop,noisy,0.387035,0.510448,0.003320,1,
id0136,id0460,crop,noisy,0.264918,0.546297,0.011021,1,
id0136,id0462,crop,noisy,0.210186,0.357243,0.006794,1,
id0136,id0465,crop,noisy,0.312958,0.410711,0.010424,1,
id0136,id0466,crop,noisy,0.312550,0.461803,0.004400,1,
id0136,id0468,crop,noisy,0.280806,0.419253,0.014709,1,
id0136,id0470,crop,noisy,0.299260,0.429017,0.010828,1,
id0136,id0476,crop,noisy,0.331873,0.512956,0.006429,1,
id0136,id0486,crop,noisy,0.345185,0.387080,0.008182,1,
id0136,id0491,crop,noisy,0.405673,0.566387,0.009189,1,
id0136,id0498,crop,noisy,0.367741,0.522079,0.011864,1,
id0153,id0161,crop,noisy,0.255279,0.462300,0.017325,1,
id0153,id0169,crop,noisy,0.347720,0.564490,0.022994,1,
id0153,id0182,crop,noisy,0.210087,0.342007,0.009899,1,
id0153,id0183,crop,noisy,0.342825,0.551239,0.008531,1,
id0153,id0186,crop,noisy,0.260809,0.489500,0.020878,1,
id0153,id0197,crop,noisy,0.288512,0.442621,0.011624,1,
id0153,id0199,crop,noisy,0.310012,0.584350,0.009385,1,
id0153,id0206,crop,noisy,0.576520,0.799834,0.023937,1,
id0153,id0207,crop,noisy,0.350796,0.474669,0.019785,1,
id0153,id0208,crop,noisy,0.217870,0.371612,0.011840,1,
id0153,id0212,crop,noisy,0.371633,0.523023,0.015273,1,
id0153,id0220,crop,noisy,0.247627,0.355905,0.014904,1,
id0153,id0222,crop,noisy,0.289048,0.417177,0.011839,1,
id0153,id0224,crop,noisy,0.345030,0.501353,0.018345,1,
id0153,id0233,crop,noisy,0.248839,0.320136,0.013572,1,
id0153,id0239,crop,noisy,0.517218,0.712160,0.028817,1,
id0153,id0242,crop,noisy,0.304116,0.439442,0.017567,1,
id0153,id0246,crop,noisy,0.410485,0.526236,0.025003,1,
id0153,id0258,crop,noisy,0.218569,0.343232,0.016195,1,
id0153,id0273,crop,noisy,0.237810,0.331203,0.015720,1,
id0153,id0275,crop,noisy,0.254249,0.399228,0.014656,1,
id0153,id0285,crop,noisy,0.335914,0.567763,0.013898,1,
id0153,id0290,crop,noisy,0.229677,0.318274,0.007859,1,
id0153,id0296,crop,noisy,0.277264,0.435950,0.013482,1,
id0153,id0299,crop,noisy,0.247382,0.403201,0.012760,1,
id0153,id0303,crop,noisy,0.307223,0.482274,0.011345,1,
id0153,id0319,crop,noisy,0.385832,0.580215,0.013444,1,
id0153,id0321,crop,noisy,0.215136,0.332833,0.008302,1,
id0153,id0326,crop,noisy,0.406616,0.700084,0.012505,1,
id0153,id0328,crop,noisy,0.234319,0.386194,0.013515,1,
id0153,id0330,crop,noisy,0.313606,0.463087,0.017878,1,
id0153,id0342,crop,noisy,0.352313,0.509814,0.021377,1,
id0153,id0346,crop,noisy,0.328882,0.478421,0.017933,1,
id0153,id0363,crop,noisy,0.395870,0.627666,0.022484,1,
id0153,id0367,crop,noisy,0.437294,0.568967,0.023027,1,
id0153,id0368,crop,noisy,0.283593,0.492818,0.014330,1,
id0153,id0369,crop,noisy,0.247783,0.504994,0.009767,1,
id0153,id0372,crop,noisy,0.410423,0.520191,0.016291,1,
id0153,id0373,crop,noisy,0.271225,0.371506,0.012061,1,
id0153,id0374,crop,noisy,0.273860,0.257896,0.010872,1,
id0153,id0378,crop,noisy,0.298834,0.418297,0.016095,1,
id0153,id0381,crop,noisy,0.323818,0.513683,0.015278,1,
id0153,id0382,crop,noisy,0.360192,0.561673,0.019201,1,
id0153,id0392,crop,noisy,0.304850,0.399188,0.020257,1,
id0153,id0396,crop,noisy,0.353046,0.615902,0.023612,1,
id0153,id0398,crop,noisy,0.454532,0.687599,0.016062,1,
id0153,id0399,crop,noisy,0.194113,0.330881,0.012490,1,
id0153,id0401,crop,noisy,0.310802,0.416042,0.021132,1,
id0153,id0402,crop,noisy,0.319486,0.505478,0.017491,1,
id0153,id0404,crop,noisy,0.381713,0.534151,0.016753,1,
id0153,id0411,crop,noisy,0.342936,0.548268,0.023575,1,
id0153,id0412,crop,noisy,0.342443,0.549678,0.019114,1,
id0153,id0418,crop,noisy,0.411169,0.620059,0.016232,1,
id0153,id0421,crop,noisy,0.297618,0.476516,0.018346,1,
id0153,id0422,crop,noisy,0.287749,0.453331,0.016280,1,
id0153,id0431,crop,noisy,0.375653,0.641175,0.015541,1,
id0153,id0437,crop,noisy,0.343120,0.479835,0.015098,1,
id0153,id0441,crop,noisy,0.288877,0.437518,0.019505,1,
id0153,id0447,crop,noisy,0.301554,0.519555,0.006041,1,
id0153,id0460,crop,noisy,0.264015,0.526181,0.017154,1,
id0153,id0462,crop,noisy,0.318085,0.551153,0.012926,1,
id0153,id0465,crop,noisy,0.292938,0.424461,0.017631,1,
id0153,id0466,crop,noisy,0.261824,0.478629,0.007636,1,
id0153,id0468,crop,noisy,0.471986,0.707678,0.024993,1,
id0153,id0470,crop,noisy,0.403696,0.557839,0.019491,1,
id0153,id0476,crop,noisy,0.212282,0.399093,0.010146,1,
id0153,id0486,crop,noisy,0.271331,0.408750,0.013642,1,
id0153,id0491,crop,noisy,0.207745,0.352675,0.012492,1,
id0153,id0498,crop,noisy,0.292147,0.382796,0.017117,1,
id0161,id0169,crop,noisy,0.268786,0.339233,0.015800,1,
id0161,id0182,crop,noisy,0.249710,0.334378,0.006469,1,
id0161,id0183,crop,noisy,0.409360,0.521397,0.005202,1,
id0161,id0186,crop,noisy,0.210981,0.290121,0.014510,1,
id0161,id0197,crop,noisy,0.250565,0.346729,0.007510,1,
id0161,id0199,crop,noisy,0.310345,0.475441,0.005427,1,
id0161,id0206,crop,noisy,0.454134,0.575165,0.016275,1,
id0161,id0207,crop,noisy,0.280372,0.380905,0.013880,1,
id0161,id0208,crop,noisy,0.237416,0.351997,0.007908,1,
id0161,id0212,crop,noisy,0.400008,0.425331,0.010089,1,
id0161,id0220,crop,noisy,0.279107,0.317779,0.009784,1,
id0161,id0222,crop,noisy,0.274923,0.331611,0.007484,1,
id0161,id0224,crop,noisy,0.286511,0.345402,0.012217,1,
id0161,id0233,crop,noisy,0.369239,0.321479,0.009070,1,
id0161,id0239,crop,noisy,0.367052,0.457727,0.020520,1,
id0161,id0242,crop,noisy,0.281792,0.286164,0.011800,1,
id0161,id0246,crop,noisy,0.314627,0.370679,0.018107,1,
id0161,id0258,crop,noisy,0.240424,0.240068,0.010413,1,
id0161,id0273,crop,noisy,0.299516,0.324910,0.010749,1,
id0161,id0275,crop,noisy,0.253630,0.354070,0.010248,1,
id0161,id0285,crop,noisy,0.265510,0.354878,0.008682,1,
id0161,id0290,crop,noisy,0.322268,0.400277,0.005004,1,
id0161,id0296,crop,noisy,0.277122,0.383879,0.008796,1,
id0161,id0299,crop,noisy,0.228383,0.297836,0.008469,1,
id0161,id0303,crop,noisy,0.288099,0.392166,0.007032,1,
id0161,id0319,crop,noisy,0.336119,0.475219,0.008603,1,
id0161,id0321,crop,noisy,0.291330,0.371428,0.005119,1,
id0161,id0326,crop,noisy,0.338163,0.521555,0.007657,1,
id0161,id0328,crop,noisy,0.273917,0.279361,0.008490,1,
id0161,id0330,crop,noisy,0.299680,0.398799,0.012318,1,
id0161,id0342,crop,noisy,0.280419,0.358678,0.015034,1,
id0161,id0346,crop,noisy,0.259759,0.289540,0.012053,1,
id0161,id0363,crop,noisy,0.340536,0.451824,0.016023,1,
id0161,id0367,crop,noisy,0.327150,0.350441,0.016320,1,
id0161,id0368,crop,noisy,0.229341,0.357477,0.009536,1,
id0161,id0369,crop,noisy,0.282142,0.445971,0.006137,1,
id0161,id0372,crop,noisy,0.304895,0.345468,0.011044,1,
id0161,id0373,crop,noisy,0.285423,0.363984,0.007978,1,
id0161,id0374,crop,noisy,0.424694,0.468219,0.007465,1,
id0161,id0378,crop,noisy,0.229237,0.338621,0.010856,1,
id0161,id0381,crop,noisy,0.268287,0.376244,0.010324,1,
id0161,id0382,crop,noisy,0.306225,0.380477,0.012899,1,
id0161,id0392,crop,noisy,0.240400,0.236105,0.013873,1,
id0161,id0396,crop,noisy,0.288882,0.429600,0.017065,1,
id0161,id0398,crop,noisy,0.370674,0.488430,0.010013,1,
id0161,id0399,crop,noisy,0.299701,0.371178,0.008192,1,
id0161,id0401,crop,noisy,0.316914,0.348018,0.014533,1,
id0161,id0402,crop,noisy,0.217735,0.310696,0.011702,1,
id0161,id0404,crop,noisy,0.288604,0.388062,0.011044,1,
id0161,id0411,crop,noisy,0.324423,0.454248,0.016798,1,
id0161,id0412,crop,noisy,0.255116,0.329627,0.012979,1,
id0161,id0418,crop,noisy,0.321089,0.427612,0.010540,1,
id0161,id0421,crop,noisy,0.228201,0.318961,0.012773,1,
id0161,id0422,crop,noisy,0.238974,0.304263,0.010876,1,
id0161,id0431,crop,noisy,0.290943,0.467996,0.009842,1,
id0161,id0437,crop,noisy,0.312365,0.427279,0.010145,1,
id0161,id0441,crop,noisy,0.238724,0.325700,0.013368,1,
id0161,id0447,crop,noisy,0.361344,0.498568,0.003366,1,
id0161,id0460,crop,noisy,0.227916,0.386756,0.011945,1,
id0161,id0462,crop,noisy,0.286046,0.369353,0.008023,1,
id0161,id0465,crop,noisy,0.295465,0.337534,0.011517,1,
id0161,id0466,crop,noisy,0.301052,0.424950,0.004876,1,
id0161,id0468,crop,noisy,0.342881,0.480885,0.017319,1,
id0161,id0470,crop,noisy,0.298746,0.342682,0.013070,1,
id0161,id0476,crop,noisy,0.260110,0.365855,0.006360,1,
id0161,id0486,crop,noisy,0.334576,0.382627,0.009134,1,
id0161,id0491,crop,noisy,0.250825,0.321783,0.008496,1,
id0161,id0498,crop,noisy,0.309988,0.408247,0.011989,1,
id0169,id0182,crop,noisy,0.363158,0.454256,0.004967,1,
id0169,id0183,crop,noisy,0.495954,0.593296,0.004048,1,
id0169,id0186,crop,noisy,0.250719,0.354385,0.010630,1,
id0169,id0197,crop,noisy,0.332562,0.428917,0.005300,1,
id0169,id0199,crop,noisy,0.299983,0.519664,0.003415,1,
id0169,id0206,crop,noisy,0.452671,0.560251,0.011701,1,
id0169,id0207,crop,noisy,0.345146,0.408419,0.010533,1,
id0169,id0208,crop,noisy,0.329802,0.458468,0.006316,1,
id0169,id0212,crop,noisy,0.325289,0.373594,0.006520,1,
id0169,id0220,crop,noisy,0.288065,0.344432,0.006527,1,
id0169,id0222,crop,noisy,0.271629,0.385094,0.004940,1,
id0169,id0224,crop,noisy,0.309400,0.425276,0.008846,1,
id0169,id0233,crop,noisy,0.442293,0.412629,0.006673,1,
id0169,id0239,crop,noisy,0.350549,0.461392,0.015516,1,
id0169,id0242,crop,noisy,0.385366,0.399423,0.009246,1,
id0169,id0246,crop,noisy,0.300613,0.378846,0.013625,1,
id0169,id0258,crop,noisy,0.264319,0.313309,0.007270,1,
id0169,id0273,crop,noisy,0.321998,0.349555,0.007380,1,
id0169,id0275,crop,noisy,0.290937,0.402385,0.007869,1,
id0169,id0285,crop,noisy,0.302528,0.378744,0.005661,1,
id0169,id0290,crop,noisy,0.394913,0.501263,0.003779,1,
id0169,id0296,crop,noisy,0.311258,0.423576,0.006415,1,
id0169,id0299,crop,noisy,0.234042,0.319420,0.005558,1,
id0169,id0303,crop,noisy,0.324147,0.338691,0.004110,1,
id0169,id0319,crop,noisy,0.285033,0.414728,0.005568,1,
id0169,id0321,crop,noisy,0.370307,0.428467,0.003525,1,
id0169,id0326,crop,noisy,0.314916,0.496941,0.004440,1,
id0169,id0328,crop,noisy,0.324378,0.348351,0.006097,1,
id0169,id0330,crop,noisy,0.251613,0.335413,0.008051,1,
id0169,id0342,crop,noisy,0.232479,0.284137,0.010266,1,
id0169,id0346,crop,noisy,0.264931,0.347801,0.008524,1,
id0169,id0363,crop,noisy,0.357760,0.482969,0.012112,1,
id0169,id0367,crop,noisy,0.363148,0.418322,0.012224,1,
id0169,id0368,crop,noisy,0.252330,0.410100,0.007019,1,
id0169,id0369,crop,noisy,0.306022,0.478662,0.003885,1,
id0169,id0372,crop,noisy,0.299686,0.393458,0.007708,1,
id0169,id0373,crop,noisy,0.412478,0.503774,0.006321,1,
id0169,id0374,crop,noisy,0.457426,0.554219,0.006162,1,
id0169,id0378,crop,noisy,0.327663,0.412234,0.008311,1,
id0169,id0381,crop,noisy,0.329945,0.461123,0.007766,1,
id0169,id0382,crop,noisy,0.280668,0.322630,0.008878,1,
id0169,id0392,crop,noisy,0.333907,0.331042,0.010495,1,
id0169,id0396,crop,noisy,0.373885,0.469617,0.013671,1,
id0169,id0398,crop,noisy,0.289650,0.380812,0.005533,1,
id0169,id0399,crop,noisy,0.345471,0.389477,0.005835,1,
id0169,id0401,crop,noisy,0.258901,0.309569,0.010213,1,
id0169,id0402,crop,noisy,0.252700,0.335775,0.008318,1,
id0169,id0404,crop,noisy,0.258244,0.304083,0.007195,1,
id0169,id0411,crop,noisy,0.316268,0.400182,0.012110,1,
id0169,id0412,crop,noisy,0.248186,0.315365,0.009228,1,
id0169,id0418,crop,noisy,0.386024,0.492322,0.006991,1,
id0169,id0421,crop,noisy,0.313097,0.400647,0.009894,1,
id0169,id0422,crop,noisy,0.256349,0.327753,0.007572,1,
id0169,id0431,crop,noisy,0.220804,0.370192,0.005603,1,
id0169,id0437,crop,noisy,0.396121,0.497292,0.007377,1,
id0169,id0441,crop,noisy,0.238044,0.302766,0.009450,1,
id0169,id0447,crop,noisy,0.397070,0.490908,0.002265,1,
id0169,id0460,crop,noisy,0.294285,0.491228,0.009201,1,
id0169,id0462,crop,noisy,0.304396,0.359912,0.005195,1,
id0169,id0465,crop,noisy,0.235761,0.311425,0.007846,1,
id0169,id0466,crop,noisy,0.324389,0.444764,0.003236,1,
id0169,id0468,crop,noisy,0.308982,0.379857,0.012057,1,
id0169,id0470,crop,noisy,0.235393,0.299088,0.008511,1,
id0169,id0476,crop,noisy,0.353175,0.479250,0.005126,1,
id0169,id0486,crop,noisy,0.392350,0.430257,0.006687,1,
id0169,id0491,crop,noisy,0.363481,0.455772,0.006826,1,
id0169,id0498,crop,noisy,0.359111,0.507312,0.009726,1,
id0182,id0183,crop,noisy,0.440595,0.469262,0.003664,1,
id0182,id0186,crop,noisy,0.271680,0.403081,0.010277,1,
id0182,id0197,crop,noisy,0.328952,0.401185,0.005286,1,
id0182,id0199,crop,noisy,0.337526,0.457388,0.003490,1,
id0182,id0206,crop,noisy,0.542993,0.775202,0.013587,1,
id0182,id0207,crop,noisy,0.341938,0.463781,0.010092,1,
id0182,id0208,crop,noisy,0.220455,0.338703,0.004662,1,
id0182,id0212,crop,noisy,0.380124,0.387828,0.006713,1,
id0182,id0220,crop,noisy,0.270457,0.290753,0.006473,1,
id0182,id0222,crop,noisy,0.303335,0.356625,0.005179,1,
id0182,id0224,crop,noisy,0.308300,0.457604,0.008868,1,
id0182,id0233,crop,noisy,0.329672,0.265744,0.005528,1,
id0182,id0239,crop,noisy,0.464826,0.665905,0.016174,1,
id0182,id0242,crop,noisy,0.319188,0.382098,0.008050,1,
id0182,id0246,crop,noisy,0.384937,0.521323,0.013341,1,
id0182,id0258,crop,noisy,0.249929,0.337692,0.007357,1,
id0182,id0273,crop,noisy,0.258716,0.289165,0.007047,1,
id0182,id0275,crop,noisy,0.282723,0.335851,0.006444,1,
id0182,id0285,crop,noisy,0.378713,0.452694,0.005878,1,
id0182,id0290,crop,noisy,0.242371,0.272055,0.002667,1,
id0182,id0296,crop,noisy,0.347494,0.386511,0.005924,1,
id0182,id0299,crop,noisy,0.282774,0.318397,0.005278,1,
id0182,id0303,crop,noisy,0.308566,0.357683,0.004580,1,
id0182,id0319,crop,noisy,0.346815,0.453118,0.005675,1,
id0182,id0321,crop,noisy,0.267628,0.342669,0.003409,1,
id0182,id0326,crop,noisy,0.428306,0.539886,0.005070,1,
id0182,id0328,crop,noisy,0.284820,0.296650,0.005381,1,
id0182,id0330,crop,noisy,0.273147,0.367576,0.008402,1,
id0182,id0342,crop,noisy,0.338326,0.414494,0.010733,1,
id0182,id0346,crop,noisy,0.333379,0.457186,0.008879,1,
id0182,id0363,crop,noisy,0.407268,0.565572,0.011182,1,
id0182,id0367,crop,noisy,0.397063,0.495711,0.012037,1,
id0182,id0368,crop,noisy,0.292181,0.374057,0.006096,1,
id0182,id0369,crop,noisy,0.288154,0.348972,0.003493,1,
id0182,id0372,crop,noisy,0.360329,0.402189,0.007517,1,
id0182,id0373,crop,noisy,0.293153,0.335430,0.004855,1,
id0182,id0374,crop,noisy,0.345451,0.348926,0.004160,1,
id0182,id0378,crop,noisy,0.226487,0.355035,0.007089,1,
id0182,id0381,crop,noisy,0.286073,0.428755,0.006785,1,
id0182,id0382,crop,noisy,0.413366,0.504960,0.009504,1,
id0182,id0392,crop,noisy,0.305824,0.407729,0.010315,1,
id0182,id0396,crop,noisy,0.375636,0.551885,0.012396,1,
id0182,id0398,crop,noisy,0.459468,0.570230,0.008128,1,
id0182,id0399,crop,noisy,0.264513,0.264276,0.004937,1,
id0182,id0401,crop,noisy,0.335385,0.407573,0.010757,1,
id0182,id0402,crop,noisy,0.293039,0.412715,0.008104,1,
id0182,id0404,crop,noisy,0.369478,0.469507,0.008203,1,
id0182,id0411,crop,noisy,0.370471,0.514378,0.012214,1,
id0182,id0412,crop,noisy,0.357058,0.441628,0.009438,1,
id0182,id0418,crop,noisy,0.364104,0.537453,0.007791,1,
id0182,id0421,crop,noisy,0.290488,0.430847,0.008488,1,
id0182,id0422,crop,noisy,0.262052,0.368862,0.007368,1,
id0182,id0431,crop,noisy,0.383979,0.504005,0.007381,1,
id0182,id0437,crop,noisy,0.266531,0.391401,0.006551,1,
id0182,id0441,crop,noisy,0.278938,0.384934,0.009592,1,
id0182,id0447,crop,noisy,0.356610,0.349117,0.001939,1,
id0182,id0460,crop,noisy,0.248296,0.490719,0.007851,1,
id0182,id0462,crop,noisy,0.375730,0.430400,0.005405,1,
id0182,id0465,crop,noisy,0.321960,0.423034,0.008482,1,
id0182,id0466,crop,noisy,0.306274,0.314803,0.002572,1,
id0182,id0468,crop,noisy,0.465104,0.634698,0.013374,1,
id0182,id0470,crop,noisy,0.384362,0.479755,0.010116,1,
id0182,id0476,crop,noisy,0.242306,0.278312,0.003651,1,
id0182,id0486,crop,noisy,0.381650,0.416299,0.005967,1,
id0182,id0491,crop,noisy,0.188484,0.297985,0.004918,1,
id0182,id0498,crop,noisy,0.284516,0.427270,0.007733,1,
id0183,id0186,crop,noisy,0.398428,0.604816,0.022550,1,
id0183,id0197,crop,noisy,0.336062,0.472839,0.012981,1,
id0183,id0199,crop,noisy,0.315903,0.443931,0.010574,1,
id0183,id0206,crop,noisy,0.665719,0.909730,0.022080,1,
id0183,id0207,crop,noisy,0.485427,0.655782,0.019812,1,
id0183,id0208,crop,noisy,0.426467,0.578740,0.013558,1,
id0183,id0212,crop,noisy,0.545022,0.617408,0.017753,1,
id0183,id0220,crop,noisy,0.453195,0.576041,0.017475,1,
id0183,id0222,crop,noisy,0.420815,0.493271,0.012477,1,
id0183,id0224,crop,noisy,0.505578,0.655473,0.019406,1,
id0183,id0233,crop,noisy,0.334537,0.481540,0.015622,1,
id0183,id0239,crop,noisy,0.668442,0.850490,0.029894,1,
id0183,id0242,crop,noisy,0.381522,0.549910,0.018270,1,
id0183,id0246,crop,noisy,0.608263,0.788328,0.027174,1,
id0183,id0258,crop,noisy,0.444299,0.590028,0.018316,1,
id0183,id0273,crop,noisy,0.440473,0.586661,0.017976,1,
id0183,id0275,crop,noisy,0.476831,0.609457,0.017362,1,
id0183,id0285,crop,noisy,0.375183,0.575354,0.015413,1,
id0183,id0290,crop,noisy,0.404964,0.428807,0.011349,1,
id0183,id0296,crop,noisy,0.426266,0.589711,0.015194,1,
id0183,id0299,crop,noisy,0.430671,0.565401,0.015299,1,
id0183,id0303,crop,noisy,0.448542,0.624767,0.014556,1,
id0183,id0319,crop,noisy,0.589373,0.726828,0.016091,1,
id0183,id0321,crop,noisy,0.348466,0.496035,0.010082,1,
id0183,id0326,crop,noisy,0.382948,0.553283,0.013244,1,
id0183,id0328,crop,noisy,0.358581,0.523963,0.016210,1,
id0183,id0330,crop,noisy,0.537911,0.657141,0.020676,1,
id0183,id0342,crop,noisy,0.483498,0.654715,0.023525,1,
id0183,id0346,crop,noisy,0.460233,0.638951,0.018623,1,
id0183,id0363,crop,noisy,0.494776,0.755941,0.022570,1,
id0183,id0367,crop,noisy,0.534628,0.649313,0.023754,1,
id0183,id0368,crop,noisy,0.391206,0.534931,0.015412,1,
id0183,id0369,crop,noisy,0.328737,0.419084,0.012673,1,
id0183,id0372,crop,noisy,0.550924,0.566327,0.018830,1,
id0183,id0373,crop,noisy,0.338299,0.445992,0.013760,1,
id0183,id0374,crop,noisy,0.512372,0.629329,0.014301,1,
id0183,id0378,crop,noisy,0.467699,0.617524,0.018183,1,
id0183,id0381,crop,noisy,0.454109,0.532169,0.015780,1,
id0183,id0382,crop,noisy,0.526389,0.719922,0.020565,1,
id0183,id0392,crop,noisy,0.476604,0.618637,0.021431,1,
id0183,id0396,crop,noisy,0.408063,0.692126,0.023770,1,
id0183,id0398,crop,noisy,0.527491,0.662071,0.017135,1,
id0183,id0399,crop,noisy,0.385353,0.521016,0.014762,1,
id0183,id0401,crop,noisy,0.527012,0.701832,0.023521,1,
id0183,id0402,crop,noisy,0.495889,0.627232,0.018317,1,
id0183,id0404,crop,noisy,0.543894,0.661538,0.018006,1,
id0183,id0411,crop,noisy,0.585554,0.839351,0.026477,1,
id0183,id0412,crop,noisy,0.472189,0.598015,0.019914,1,
id0183,id0418,crop,noisy,0.512016,0.644770,0.017442,1,
id0183,id0421,crop,noisy,0.463429,0.662949,0.019670,1,
id0183,id0422,crop,noisy,0.432806,0.582936,0.017038,1,
id0183,id0431,crop,noisy,0.446837,0.595695,0.017054,1,
id0183,id0437,crop,noisy,0.509488,0.606261,0.019592,1,
id0183,id0441,crop,noisy,0.505270,0.679335,0.022408,1,
id0183,id0447,crop,noisy,0.325122,0.436647,0.008731,1,
id0183,id0460,crop,noisy,0.456365,0.704840,0.018596,1,
id0183,id0462,crop,noisy,0.356824,0.522353,0.014242,1,
id0183,id0465,crop,noisy,0.502967,0.689571,0.018924,1,
id0183,id0466,crop,noisy,0.385249,0.468206,0.010747,1,
id0183,id0468,crop,noisy,0.610376,0.847077,0.025428,1,
id0183,id0470,crop,noisy,0.536892,0.655622,0.020768,1,
id0183,id0476,crop,noisy,0.309417,0.422856,0.011352,1,
id0183,id0486,crop,noisy,0.386231,0.603342,0.014318,1,
id0183,id0491,crop,noisy,0.458551,0.591970,0.016527,1,
id0183,id0498,crop,noisy,0.525652,0.719897,0.018457,1,
id0186,id0197,crop,noisy,0.295795,0.369624,0.005053,1,
id0186,id0199,crop,noisy,0.278645,0.445801,0.003106,1,
id0186,id0206,crop,noisy,0.473101,0.568353,0.011731,1,
id0186,id0207,crop,noisy,0.261450,0.344121,0.009377,1,
id0186,id0208,crop,noisy,0.241827,0.379291,0.005127,1,
id0186,id0212,crop,noisy,0.424131,0.430520,0.006705,1,
id0186,id0220,crop,noisy,0.281272,0.342618,0.006325,1,
id0186,id0222,crop,noisy,0.283634,0.361633,0.004522,1,
id0186,id0224,crop,noisy,0.256210,0.329430,0.008199,1,
id0186,id0233,crop,noisy,0.342818,0.331976,0.006216,1,
id0186,id0239,crop,noisy,0.383020,0.423380,0.015405,1,
id0186,id0242,crop,noisy,0.262012,0.276713,0.007971,1,
id0186,id0246,crop,noisy,0.336612,0.384993,0.013418,1,
id0186,id0258,crop,noisy,0.248549,0.295240,0.007083,1,
id0186,id0273,crop,noisy,0.243252,0.322284,0.006815,1,
id0186,id0275,crop,noisy,0.283147,0.363863,0.007298,1,
id0186,id0285,crop,noisy,0.254345,0.317792,0.005543,1,
id0186,id0290,crop,noisy,0.312352,0.424746,0.003431,1,
id0186,id0296,crop,noisy,0.283182,0.414926,0.005907,1,
id0186,id0299,crop,noisy,0.233419,0.300558,0.005331,1,
id0186,id0303,crop,noisy,0.300972,0.397061,0.004340,1,
id0186,id0319,crop,noisy,0.350821,0.464483,0.005644,1,
id0186,id0321,crop,noisy,0.308085,0.437840,0.003325,1,
id0186,id0326,crop,noisy,0.335113,0.478258,0.004424,1,
id0186,id0328,crop,noisy,0.217608,0.306044,0.005660,1,
id0186,id0330,crop,noisy,0.287583,0.347583,0.008029,1,
id0186,id0342,crop,noisy,0.236520,0.298298,0.010043,1,
id0186,id0346,crop,noisy,0.240133,0.298367,0.008174,1,
id0186,id0363,crop,noisy,0.311975,0.398055,0.010867,1,
id0186,id0367,crop,noisy,0.299007,0.319973,0.011273,1,
id0186,id0368,crop,noisy,0.247674,0.318339,0.006042,1,
id0186,id0369,crop,noisy,0.278994,0.464825,0.004029,1,
id0186,id0372,crop,noisy,0.310965,0.343228,0.007506,1,
id0186,id0373,crop,noisy,0.266682,0.369413,0.005178,1,
id0186,id0374,crop,noisy,0.447921,0.519980,0.005282,1,
id0186,id0378,crop,noisy,0.247815,0.322822,0.007289,1,
id0186,id0381,crop,noisy,0.274857,0.340505,0.006693,1,
id0186,id0382,crop,noisy,0.310014,0.413574,0.009455,1,
id0186,id0392,crop,noisy,0.274935,0.278528,0.009891,1,
id0186,id0396,crop,noisy,0.242593,0.366832,0.012512,1,
id0186,id0398,crop,noisy,0.343688,0.484243,0.006925,1,
id0186,id0399,crop,noisy,0.278469,0.388118,0.005280,1,
id0186,id0401,crop,noisy,0.274993,0.358550,0.009929,1,
id0186,id0402,crop,noisy,0.263668,0.301845,0.007858,1,
id0186,id0404,crop,noisy,0.276550,0.344445,0.007402,1,
id0186,id0411,crop,noisy,0.344911,0.475467,0.012394,1,
id0186,id0412,crop,noisy,0.219198,0.307124,0.008853,1,
id0186,id0418,crop,noisy,0.342154,0.452392,0.007117,1,
id0186,id0421,crop,noisy,0.297572,0.348456,0.008974,1,
id0186,id0422,crop,noisy,0.187527,0.245903,0.006769,1,
id0186,id0431,crop,noisy,0.292008,0.450925,0.006440,1,
id0186,id0437,crop,noisy,0.329431,0.450584,0.007300,1,
id0186,id0441,crop,noisy,0.251657,0.329592,0.009269,1,
id0186,id0447,crop,noisy,0.375868,0.504113,0.002380,1,
id0186,id0460,crop,noisy,0.239512,0.378973,0.008242,1,
id0186,id0462,crop,noisy,0.250403,0.352268,0.005214,1,
id0186,id0465,crop,noisy,0.269132,0.368643,0.007661,1,
id0186,id0466,crop,noisy,0.327995,0.416799,0.003207,1,
id0186,id0468,crop,noisy,0.365582,0.464609,0.012555,1,
id0186,id0470,crop,noisy,0.270635,0.339925,0.008887,1,
id0186,id0476,crop,noisy,0.288363,0.371249,0.003865,1,
id0186,id0486,crop,noisy,0.324181,0.417524,0.006022,1,
id0186,id0491,crop,noisy,0.265703,0.333944,0.005926,1,
id0186,id0498,crop,noisy,0.342231,0.459592,0.008085,1,
id0197,id0199,crop,noisy,0.279553,0.394413,0.003035,1,
id0197,id0206,crop,noisy,0.477551,0.688428,0.009022,1,
id0197,id0207,crop,noisy,0.307771,0.443383,0.007414,1,
id0197,id0208,crop,noisy,0.299335,0.383962,0.004711,1,
id0197,id0212,crop,noisy,0.464887,0.442004,0.006419,1,
id0197,id0220,crop,noisy,0.317494,0.336719,0.005703,1,
id0197,id0222,crop,noisy,0.201158,0.247530,0.003146,1,
id0197,id0224,crop,noisy,0.319691,0.471609,0.007780,1,
id0197,id0233,crop,noisy,0.399826,0.372941,0.005557,1,
id0197,id0239,crop,noisy,0.437066,0.634868,0.013650,1,
id0197,id0242,crop,noisy,0.351783,0.391634,0.007171,1,
id0197,id0246,crop,noisy,0.373300,0.533316,0.011265,1,
id0197,id0258,crop,noisy,0.279571,0.362122,0.006240,1,
id0197,id0273,crop,noisy,0.339698,0.420524,0.006686,1,
id0197,id0275,crop,noisy,0.321618,0.382068,0.005886,1,
id0197,id0285,crop,noisy,0.331742,0.375470,0.004610,1,
id0197,id0290,crop,noisy,0.306106,0.379082,0.003254,1,
id0197,id0296,crop,noisy,0.288567,0.338058,0.004410,1,
id0197,id0299,crop,noisy,0.270154,0.336164,0.004820,1,
id0197,id0303,crop,noisy,0.371956,0.408880,0.004870,1,
id0197,id0319,crop,noisy,0.444687,0.517482,0.005844,1,
id0197,id0321,crop,noisy,0.246642,0.335357,0.002578,1,
id0197,id0326,crop,noisy,0.354605,0.419566,0.003710,1,
id0197,id0328,crop,noisy,0.338844,0.385085,0.005876,1,
id0197,id0330,crop,noisy,0.355093,0.454455,0.007766,1,
id0197,id0342,crop,noisy,0.361141,0.433942,0.009745,1,
id0197,id0346,crop,noisy,0.279342,0.423495,0.006615,1,
id0197,id0363,crop,noisy,0.424656,0.552713,0.009547,1,
id0197,id0367,crop,noisy,0.354479,0.426981,0.009898,1,
id0197,id0368,crop,noisy,0.271003,0.347787,0.005174,1,
id0197,id0369,crop,noisy,0.276224,0.336685,0.003448,1,
id0197,id0372,crop,noisy,0.334106,0.371198,0.006736,1,
id0197,id0373,crop,noisy,0.255968,0.338348,0.004653,1,
id0197,id0374,crop,noisy,0.429339,0.505891,0.004814,1,
id0197,id0378,crop,noisy,0.348384,0.469903,0.007678,1,
id0197,id0381,crop,noisy,0.262185,0.350139,0.005013,1,
id0197,id0382,crop,noisy,0.382828,0.485592,0.007216,1,
id0197,id0392,crop,noisy,0.288852,0.392430,0.008174,1,
id0197,id0396,crop,noisy,0.371714,0.524795,0.010514,1,
id0197,id0398,crop,noisy,0.411092,0.479344,0.005861,1,
id0197,id0399,crop,noisy,0.349533,0.363393,0.004738,1,
id0197,id0401,crop,noisy,0.391113,0.510499,0.010113,1,
id0197,id0402,crop,noisy,0.273649,0.388975,0.006265,1,
id0197,id0404,crop,noisy,0.326421,0.426610,0.005940,1,
id0197,id0411,crop,noisy,0.418663,0.578688,0.011009,1,
id0197,id0412,crop,noisy,0.325067,0.384926,0.007380,1,
id0197,id0418,crop,noisy,0.318032,0.415293,0.005625,1,
id0197,id0421,crop,noisy,0.324028,0.441502,0.007236,1,
id0197,id0422,crop,noisy,0.309368,0.387116,0.006185,1,
id0197,id0431,crop,noisy,0.336093,0.410093,0.005493,1,
id0197,id0437,crop,noisy,0.370639,0.503285,0.007938,1,
id0197,id0441,crop,noisy,0.334347,0.437464,0.008820,1,
id0197,id0447,crop,noisy,0.360699,0.374908,0.002658,1,
id0197,id0460,crop,noisy,0.312246,0.513634,0.007086,1,
id0197,id0462,crop,noisy,0.330795,0.336258,0.003796,1,
id0197,id0465,crop,noisy,0.352650,0.455316,0.006931,1,
id0197,id0466,crop,noisy,0.312978,0.300119,0.002580,1,
id0197,id0468,crop,noisy,0.457015,0.616113,0.010742,1,
id0197,id0470,crop,noisy,0.344886,0.424675,0.007898,1,
id0197,id0476,crop,noisy,0.256074,0.302121,0.003253,1,
id0197,id0486,crop,noisy,0.330816,0.422165,0.004377,1,
id0197,id0491,crop,noisy,0.306318,0.418556,0.006112,1,
id0197,id0498,crop,noisy,0.359109,0.519244,0.007158,1,
id0199,id0206,crop,noisy,0.593995,0.910944,0.017303,1,
id0199,id0207,crop,noisy,0.419706,0.659661,0.014969,1,
id0199,id0208,crop,noisy,0.336792,0.593570,0.009188,1,
id0199,id0212,crop,noisy,0.365931,0.554402,0.011874,1,
id0199,id0220,crop,noisy,0.370418,0.537957,0.011914,1,
id0199,id0222,crop,noisy,0.301849,0.515713,0.008299,1,
id0199,id0224,crop,noisy,0.373335,0.624669,0.013575,1,
id0199,id0233,crop,noisy,0.395373,0.494023,0.010586,1,
id0199,id0239,crop,noisy,0.510900,0.773806,0.022766,1,
id0199,id0242,crop,noisy,0.366010,0.563578,0.013448,1,
id0199,id0246,crop,noisy,0.481964,0.745312,0.020707,1,
id0199,id0258,crop,noisy,0.341162,0.558101,0.012717,1,
id0199,id0273,crop,noisy,0.352736,0.538167,0.012015,1,
id0199,id0275,crop,noisy,0.363987,0.582887,0.012094,1,
id0199,id0285,crop,noisy,0.326529,0.580891,0.010603,1,
id0199,id0290,crop,noisy,0.328036,0.454552,0.006746,1,
id0199,id0296,crop,noisy,0.326940,0.584434,0.010273,1,
id0199,id0299,crop,noisy,0.315998,0.537544,0.009834,1,
id0199,id0303,crop,noisy,0.357172,0.553812,0.008846,1,
id0199,id0319,crop,noisy,0.395406,0.647913,0.010328,1,
id0199,id0321,crop,noisy,0.309045,0.505045,0.006088,1,
id0199,id0326,crop,noisy,0.266222,0.570788,0.008577,1,
id0199,id0328,crop,noisy,0.264229,0.452616,0.010399,1,
id0199,id0330,crop,noisy,0.359778,0.554851,0.013944,1,
id0199,id0342,crop,noisy,0.333165,0.550154,0.016375,1,
id0199,id0346,crop,noisy,0.371580,0.626525,0.013560,1,
id0199,id0363,crop,noisy,0.438724,0.756555,0.017149,1,
id0199,id0367,crop,noisy,0.417961,0.616701,0.017559,1,
id0199,id0368,crop,noisy,0.252927,0.549122,0.010647,1,
id0199,id0369,crop,noisy,0.201038,0.395304,0.007626,1,
id0199,id0372,crop,noisy,0.344181,0.496648,0.012674,1,
id0199,id0373,crop,noisy,0.320420,0.489513,0.009180,1,
id0199,id0374,crop,noisy,0.477618,0.615179,0.009431,1,
id0199,id0378,crop,noisy,0.344834,0.593291,0.012647,1,
id0199,id0381,crop,noisy,0.328157,0.562326,0.011326,1,
id0199,id0382,crop,noisy,0.438408,0.687853,0.014978,1,
id0199,id0392,crop,noisy,0.406864,0.600132,0.015989,1,
id0199,id0396,crop,noisy,0.365509,0.670813,0.018266,1,
id0199,id0398,crop,noisy,0.342268,0.589501,0.011209,1,
id0199,id0399,crop,noisy,0.341952,0.497548,0.009827,1,
id0199,id0401,crop,noisy,0.384306,0.602575,0.016671,1,
id0199,id0402,crop,noisy,0.365419,0.591899,0.013048,1,
id0199,id0404,crop,noisy,0.413759,0.618487,0.012310,1,
id0199,id0411,crop,noisy,0.483217,0.763449,0.019392,1,
id0199,id0412,crop,noisy,0.323726,0.576106,0.014639,1,
id0199,id0418,crop,noisy,0.400766,0.628954,0.011872,1,
id0199,id0421,crop,noisy,0.396389,0.665682,0.014877,1,
id0199,id0422,crop,noisy,0.320755,0.548102,0.011719,1,
id0199,id0431,crop,noisy,0.290151,0.515648,0.011218,1,
id0199,id0437,crop,noisy,0.342172,0.533690,0.012903,1,
id0199,id0441,crop,noisy,0.367620,0.596153,0.015761,1,
id0199,id0447,crop,noisy,0.245628,0.409606,0.004559,1,
id0199,id0460,crop,noisy,0.364167,0.710086,0.013485,1,
id0199,id0462,crop,noisy,0.291581,0.530256,0.009602,1,
id0199,id0465,crop,noisy,0.358126,0.623494,0.013206,1,
id0199,id0466,crop,noisy,0.255558,0.438845,0.006081,1,
id0199,id0468,crop,noisy,0.493004,0.779377,0.018802,1,
id0199,id0470,crop,noisy,0.368983,0.583038,0.014275,1,
id0199,id0476,crop,noisy,0.244360,0.468261,0.007538,1,
id0199,id0486,crop,noisy,0.428304,0.626567,0.010324,1,
id0199,id0491,crop,noisy,0.336663,0.570626,0.011041,1,
id0199,id0498,crop,noisy,0.449407,0.721604,0.013812,1,
id0206,id0207,crop,noisy,0.325429,0.454192,0.004427,1,
id0206,id0208,crop,noisy,0.479824,0.606339,0.004811,1,
id0206,id0212,crop,noisy,0.643854,0.652557,0.004158,1,
id0206,id0220,crop,noisy,0.521351,0.568831,0.003859,1,
id0206,id0222,crop,noisy,0.424647,0.529643,0.002368,1,
id0206,id0224,crop,noisy,0.386198,0.526582,0.004053,1,
id0206,id0233,crop,noisy,0.601200,0.644840,0.004828,1,
id0206,id0239,crop,noisy,0.344455,0.474236,0.007302,1,
id0206,id0242,crop,noisy,0.498565,0.523203,0.004934,1,
id0206,id0246,crop,noisy,0.365506,0.456801,0.007361,1,
id0206,id0258,crop,noisy,0.470480,0.518829,0.003719,1,
id0206,id0273,crop,noisy,0.494502,0.609914,0.004701,1,
id0206,id0275,crop,noisy,0.526197,0.603935,0.005629,1,
id0206,id0285,crop,noisy,0.445615,0.478349,0.002735,1,
id0206,id0290,crop,noisy,0.605359,0.778056,0.004564,1,
id0206,id0296,crop,noisy,0.527380,0.571653,0.003444,1,
id0206,id0299,crop,noisy,0.425634,0.521235,0.003887,1,
id0206,id0303,crop,noisy,0.528420,0.608391,0.003935,1,
id0206,id0319,crop,noisy,0.521157,0.604287,0.004501,1,
id0206,id0321,crop,noisy,0.522977,0.631557,0.003098,1,
id0206,id0326,crop,noisy,0.499955,0.611185,0.002015,1,
id0206,id0328,crop,noisy,0.576923,0.651822,0.004612,1,
id0206,id0330,crop,noisy,0.511168,0.615701,0.004967,1,
id0206,id0342,crop,noisy,0.461135,0.529795,0.005521,1,
id0206,id0346,crop,noisy,0.320784,0.404194,0.003161,1,
id0206,id0363,crop,noisy,0.403964,0.473321,0.006176,1,
id0206,id0367,crop,noisy,0.356152,0.494770,0.005922,1,
id0206,id0368,crop,noisy,0.494471,0.558111,0.004133,1,
id0206,id0369,crop,noisy,0.585807,0.748786,0.003393,1,
id0206,id0372,crop,noisy,0.436451,0.601617,0.004314,1,
id0206,id0373,crop,noisy,0.522852,0.682496,0.004467,1,
id0206,id0374,crop,noisy,0.677221,0.807836,0.005886,1,
id0206,id0378,crop,noisy,0.466930,0.624899,0.006145,1,
id0206,id0381,crop,noisy,0.407769,0.557504,0.003892,1,
id0206,id0382,crop,noisy,0.395606,0.371970,0.003731,1,
id0206,id0392,crop,noisy,0.379692,0.458185,0.004594,1,
id0206,id0396,crop,noisy,0.462613,0.481595,0.006669,1,
id0206,id0398,crop,noisy,0.418322,0.485981,0.001574,1,
id0206,id0399,crop,noisy,0.571766,0.663864,0.004634,1,
id0206,id0401,crop,noisy,0.504895,0.602221,0.006034,1,
id0206,id0402,crop,noisy,0.345261,0.433818,0.003705,1,
id0206,id0404,crop,noisy,0.332890,0.385210,0.002859,1,
id0206,id0411,crop,noisy,0.478563,0.528653,0.006985,1,
id0206,id0412,crop,noisy,0.392556,0.426921,0.004078,1,
id0206,id0418,crop,noisy,0.363193,0.527573,0.002511,1,
id0206,id0421,crop,noisy,0.422741,0.494943,0.005402,1,
id0206,id0422,crop,noisy,0.395430,0.467897,0.003439,1,
id0206,id0431,crop,noisy,0.435475,0.554213,0.002341,1,
id0206,id0437,crop,noisy,0.589646,0.810496,0.006545,1,
id0206,id0441,crop,noisy,0.457943,0.545870,0.005554,1,
id0206,id0447,crop,noisy,0.694076,0.783900,0.004502,1,
id0206,id0460,crop,noisy,0.398669,0.536352,0.005129,1,
id0206,id0462,crop,noisy,0.499608,0.471166,0.002206,1,
id0206,id0465,crop,noisy,0.473635,0.492006,0.003515,1,
id0206,id0466,crop,noisy,0.624498,0.689534,0.003680,1,
id0206,id0468,crop,noisy,0.346580,0.357506,0.004973,1,
id0206,id0470,crop,noisy,0.360173,0.414880,0.003050,1,
id0206,id0476,crop,noisy,0.589597,0.687161,0.004152,1,
id0206,id0486,crop,noisy,0.494175,0.507468,0.003223,1,
id0206,id0491,crop,noisy,0.541140,0.695301,0.006173,1,
id0206,id0498,crop,noisy,0.486747,0.647188,0.006092,1,
id0207,id0208,crop,noisy,0.273306,0.392570,0.005856,1,
id0207,id0212,crop,noisy,0.512156,0.561528,0.008074,1,
id0207,id0220,crop,noisy,0.349998,0.356151,0.007502,1,
id0207,id0222,crop,noisy,0.266487,0.402644,0.004737,1,
id0207,id0224,crop,noisy,0.245721,0.464049,0.009671,1,
id0207,id0233,crop,noisy,0.382409,0.390938,0.007220,1,
id0207,id0239,crop,noisy,0.365914,0.604685,0.017217,1,
id0207,id0242,crop,noisy,0.285842,0.368531,0.009025,1,
id0207,id0246,crop,noisy,0.251739,0.422300,0.014764,1,
id0207,id0258,crop,noisy,0.284975,0.344104,0.008212,1,
id0207,id0273,crop,noisy,0.278422,0.384068,0.008250,1,
id0207,id0275,crop,noisy,0.346364,0.395366,0.007982,1,
id0207,id0285,crop,noisy,0.313824,0.459511,0.006227,1,
id0207,id0290,crop,noisy,0.379828,0.504472,0.003925,1,
id0207,id0296,crop,noisy,0.351428,0.421752,0.006420,1,
id0207,id0299,crop,noisy,0.262238,0.384694,0.006352,1,
id0207,id0303,crop,noisy,0.382100,0.500190,0.005713,1,
id0207,id0319,crop,noisy,0.409122,0.529025,0.006867,1,
id0207,id0321,crop,noisy,0.336854,0.421454,0.003342,1,
id0207,id0326,crop,noisy,0.404034,0.631536,0.005210,1,
id0207,id0328,crop,noisy,0.361331,0.483204,0.007251,1,
id0207,id0330,crop,noisy,0.358433,0.463959,0.009779,1,
id0207,id0342,crop,noisy,0.316851,0.461174,0.011925,1,
id0207,id0346,crop,noisy,0.199252,0.380971,0.008783,1,
id0207,id0363,crop,noisy,0.288943,0.482941,0.012259,1,
id0207,id0367,crop,noisy,0.258354,0.515481,0.012562,1,
id0207,id0368,crop,noisy,0.326485,0.430318,0.007021,1,
id0207,id0369,crop,noisy,0.395873,0.609911,0.004669,1,
id0207,id0372,crop,noisy,0.349396,0.541539,0.008696,1,
id0207,id0373,crop,noisy,0.295578,0.441350,0.005879,1,
id0207,id0374,crop,noisy,0.482490,0.467868,0.005931,1,
id0207,id0378,crop,noisy,0.280567,0.434040,0.009027,1,
id0207,id0381,crop,noisy,0.245983,0.438078,0.007224,1,
id0207,id0382,crop,noisy,0.323995,0.426601,0.010214,1,
id0207,id0392,crop,noisy,0.211089,0.342961,0.010751,1,
id0207,id0396,crop,noisy,0.277623,0.444591,0.013394,1,
id0207,id0398,crop,noisy,0.420879,0.611132,0.007849,1,
id0207,id0399,crop,noisy,0.350961,0.383634,0.006179,1,
id0207,id0401,crop,noisy,0.336760,0.450068,0.011842,1,
id0207,id0402,crop,noisy,0.226296,0.408451,0.008777,1,
id0207,id0404,crop,noisy,0.245999,0.350035,0.008096,1,
id0207,id0411,crop,noisy,0.379064,0.482370,0.014096,1,
id0207,id0412,crop,noisy,0.273647,0.433885,0.009748,1,
id0207,id0418,crop,noisy,0.306441,0.597578,0.007782,1,
id0207,id0421,crop,noisy,0.282977,0.407453,0.009849,1,
id0207,id0422,crop,noisy,0.233418,0.361235,0.007769,1,
id0207,id0431,crop,noisy,0.370972,0.581648,0.007315,1,
id0207,id0437,crop,noisy,0.409703,0.640397,0.009309,1,
id0207,id0441,crop,noisy,0.294992,0.418572,0.010871,1,
id0207,id0447,crop,noisy,0.506376,0.602913,0.002829,1,
id0207,id0460,crop,noisy,0.211183,0.442437,0.009096,1,
id0207,id0462,crop,noisy,0.341686,0.432024,0.005682,1,
id0207,id0465,crop,noisy,0.322444,0.395916,0.008838,1,
id0207,id0466,crop,noisy,0.446185,0.522643,0.003469,1,
id0207,id0468,crop,noisy,0.396046,0.560957,0.014157,1,
id0207,id0470,crop,noisy,0.315516,0.484480,0.010042,1,
id0207,id0476,crop,noisy,0.392807,0.466754,0.004536,1,
id0207,id0486,crop,noisy,0.335717,0.298071,0.006180,1,
id0207,id0491,crop,noisy,0.311022,0.460734,0.007166,1,
id0207,id0498,crop,noisy,0.304487,0.431851,0.009240,1,
id0208,id0212,crop,noisy,0.396225,0.473416,0.011473,1,
id0208,id0220,crop,noisy,0.269006,0.304334,0.011058,1,
id0208,id0222,crop,noisy,0.251992,0.338130,0.008451,1,
id0208,id0224,crop,noisy,0.298768,0.509510,0.014393,1,
id0208,id0233,crop,noisy,0.329124,0.330046,0.010274,1,
id0208,id0239,crop,noisy,0.464380,0.715459,0.023718,1,
id0208,id0242,crop,noisy,0.283075,0.408578,0.013325,1,
id0208,id0246,crop,noisy,0.338345,0.453334,0.019898,1,
id0208,id0258,crop,noisy,0.253159,0.355020,0.012470,1,
id0208,id0273,crop,noisy,0.264070,0.357859,0.012123,1,
id0208,id0275,crop,noisy,0.210063,0.291759,0.010860,1,
id0208,id0285,crop,noisy,0.309487,0.521560,0.010499,1,
id0208,id0290,crop,noisy,0.320910,0.427803,0.006089,1,
id0208,id0296,crop,noisy,0.256978,0.313357,0.009836,1,
id0208,id0299,crop,noisy,0.211177,0.329689,0.009520,1,
id0208,id0303,crop,noisy,0.276889,0.417906,0.008540,1,
id0208,id0319,crop,noisy,0.328135,0.452063,0.009483,1,
id0208,id0321,crop,noisy,0.240388,0.312859,0.005613,1,
id0208,id0326,crop,noisy,0.372345,0.622624,0.009082,1,
id0208,id0328,crop,noisy,0.293614,0.425307,0.010220,1,
id0208,id0330,crop,noisy,0.309624,0.485344,0.013962,1,
id0208,id0342,crop,noisy,0.317696,0.495289,0.016736,1,
id0208,id0346,crop,noisy,0.286940,0.466039,0.014025,1,
id0208,id0363,crop,noisy,0.326040,0.529248,0.017155,1,
id0208,id0367,crop,noisy,0.356853,0.518205,0.018052,1,
id0208,id0368,crop,noisy,0.225369,0.385123,0.010512,1,
id0208,id0369,crop,noisy,0.327012,0.525266,0.007396,1,
id0208,id0372,crop,noisy,0.348491,0.485860,0.012492,1,
id0208,id0373,crop,noisy,0.282830,0.377095,0.008806,1,
id0208,id0374,crop,noisy,0.355657,0.329004,0.008026,1,
id0208,id0378,crop,noisy,0.213849,0.368522,0.012117,1,
id0208,id0381,crop,noisy,0.262975,0.432056,0.010971,1,
id0208,id0382,crop,noisy,0.344591,0.462050,0.015143,1,
id0208,id0392,crop,noisy,0.284743,0.408720,0.016018,1,
id0208,id0396,crop,noisy,0.330114,0.559513,0.018464,1,
id0208,id0398,crop,noisy,0.445749,0.647535,0.012856,1,
id0208,id0399,crop,noisy,0.235965,0.265918,0.008846,1,
id0208,id0401,crop,noisy,0.321269,0.457946,0.016734,1,
id0208,id0402,crop,noisy,0.264744,0.417253,0.013095,1,
id0208,id0404,crop,noisy,0.324350,0.470383,0.013034,1,
id0208,id0411,crop,noisy,0.342174,0.463864,0.018709,1,
id0208,id0412,crop,noisy,0.296345,0.455977,0.014718,1,
id0208,id0418,crop,noisy,0.322377,0.545179,0.012340,1,
id0208,id0421,crop,noisy,0.219069,0.372222,0.013720,1,
id0208,id0422,crop,noisy,0.237856,0.428333,0.012313,1,
id0208,id0431,crop,noisy,0.345937,0.571662,0.011751,1,
id0208,id0437,crop,noisy,0.351815,0.560790,0.011952,1,
id0208,id0441,crop,noisy,0.260184,0.394976,0.015136,1,
id0208,id0447,crop,noisy,0.360722,0.461330,0.003998,1,
id0208,id0460,crop,noisy,0.185085,0.448599,0.012869,1,
id0208,id0462,crop,noisy,0.327168,0.470772,0.009599,1,
id0208,id0465,crop,noisy,0.287670,0.375645,0.013346,1,
id0208,id0466,crop,noisy,0.306432,0.433779,0.005364,1,
id0208,id0468,crop,noisy,0.430406,0.651978,0.020571,1,
id0208,id0470,crop,noisy,0.358062,0.530699,0.015284,1,
id0208,id0476,crop,noisy,0.242528,0.343804,0.006937,1,
id0208,id0486,crop,noisy,0.303470,0.313200,0.010065,1,
id0208,id0491,crop,noisy,0.210870,0.371382,0.009401,1,
id0208,id0498,crop,noisy,0.224473,0.304006,0.012767,1,
id0212,id0220,crop,noisy,0.317224,0.387031,0.002664,1,
id0212,id0222,crop,noisy,0.384811,0.406921,0.002770,1,
id0212,id0224,crop,noisy,0.486792,0.584217,0.004727,1,
id0212,id0233,crop,noisy,0.497529,0.499817,0.003230,1,
id0212,id0239,crop,noisy,0.566148,0.659298,0.007566,1,
id0212,id0242,crop,noisy,0.498312,0.524306,0.004358,1,
id0212,id0246,crop,noisy,0.469491,0.508801,0.005518,1,
id0212,id0258,crop,noisy,0.333507,0.439384,0.003124,1,
id0212,id0273,crop,noisy,0.408144,0.458587,0.003467,1,
id0212,id0275,crop,noisy,0.359840,0.417332,0.003265,1,
id0212,id0285,crop,noisy,0.451572,0.500852,0.002900,1,
id0212,id0290,crop,noisy,0.429023,0.546384,0.003106,1,
id0212,id0296,crop,noisy,0.355530,0.393290,0.002667,1,
id0212,id0299,crop,noisy,0.354071,0.395771,0.002483,1,
id0212,id0303,crop,noisy,0.351432,0.275485,0.002171,1,
id0212,id0319,crop,noisy,0.277795,0.347913,0.002260,1,
id0212,id0321,crop,noisy,0.415148,0.435586,0.002535,1,
id0212,id0326,crop,noisy,0.413478,0.461011,0.002410,1,
id0212,id0328,crop,noisy,0.403212,0.372539,0.002523,1,
id0212,id0330,crop,noisy,0.319007,0.422953,0.003287,1,
id0212,id0342,crop,noisy,0.397574,0.382623,0.004122,1,
id0212,id0346,crop,noisy,0.463472,0.532158,0.004151,1,
id0212,id0363,crop,noisy,0.520666,0.621703,0.005513,1,
id0212,id0367,crop,noisy,0.573459,0.518939,0.005753,1,
id0212,id0368,crop,noisy,0.366152,0.457604,0.003684,1,
id0212,id0369,crop,noisy,0.332282,0.389202,0.001853,1,
id0212,id0372,crop,noisy,0.446465,0.374682,0.002859,1,
id0212,id0373,crop,noisy,0.521926,0.570685,0.003836,1,
id0212,id0374,crop,noisy,0.413082,0.590029,0.003170,1,
id0212,id0378,crop,noisy,0.395226,0.481675,0.003837,1,
id0212,id0381,crop,noisy,0.445509,0.526826,0.003374,1,
id0212,id0382,crop,noisy,0.421256,0.439546,0.003433,1,
id0212,id0392,crop,noisy,0.477415,0.516505,0.004786,1,
id0212,id0396,crop,noisy,0.535752,0.618932,0.006412,1,
id0212,id0398,crop,noisy,0.412664,0.436928,0.003298,1,
id0212,id0399,crop,noisy,0.347193,0.366451,0.002179,1,
id0212,id0401,crop,noisy,0.355895,0.419205,0.004499,1,
id0212,id0402,crop,noisy,0.396278,0.439568,0.003372,1,
id0212,id0404,crop,noisy,0.451214,0.460520,0.003253,1,
id0212,id0411,crop,noisy,0.383117,0.490569,0.004774,1,
id0212,id0412,crop,noisy,0.404867,0.380046,0.003719,1,
id0212,id0418,crop,noisy,0.529365,0.502776,0.003153,1,
id0212,id0421,crop,noisy,0.393810,0.500055,0.003908,1,
id0212,id0422,crop,noisy,0.423740,0.500058,0.003661,1,
id0212,id0431,crop,noisy,0.371749,0.306410,0.002531,1,
id0212,id0437,crop,noisy,0.403965,0.460255,0.002823,1,
id0212,id0441,crop,noisy,0.331351,0.365632,0.003747,1,
id0212,id0447,crop,noisy,0.352362,0.349734,0.002726,1,
id0212,id0460,crop,noisy,0.403997,0.609859,0.004034,1,
id0212,id0462,crop,noisy,0.391265,0.425023,0.002523,1,
id0212,id0465,crop,noisy,0.312425,0.399873,0.003137,1,
id0212,id0466,crop,noisy,0.308301,0.373918,0.001905,1,
id0212,id0468,crop,noisy,0.494855,0.569241,0.005754,1,
id0212,id0470,crop,noisy,0.433512,0.426821,0.003862,1,
id0212,id0476,crop,noisy,0.363185,0.467117,0.003028,1,
id0212,id0486,crop,noisy,0.487437,0.563579,0.003549,1,
id0212,id0491,crop,noisy,0.382901,0.504550,0.003114,1,
id0212,id0498,crop,noisy,0.406059,0.594216,0.004615,1,
id0220,id0222,crop,noisy,0.267547,0.311508,0.002266,1,
id0220,id0224,crop,noisy,0.369747,0.456733,0.005546,1,
id0220,id0233,crop,noisy,0.387139,0.345170,0.003705,1,
id0220,id0239,crop,noisy,0.482724,0.602925,0.010569,1,
id0220,id0242,crop,noisy,0.382248,0.386016,0.005381,1,
id0220,id0246,crop,noisy,0.355109,0.358722,0.008062,1,
id0220,id0258,crop,noisy,0.203282,0.249138,0.003835,1,
id0220,id0273,crop,noisy,0.270872,0.287264,0.003974,1,
id0220,id0275,crop,noisy,0.216635,0.274252,0.003911,1,
id0220,id0285,crop,noisy,0.368549,0.452325,0.003221,1,
id0220,id0290,crop,noisy,0.322151,0.425227,0.002094,1,
id0220,id0296,crop,noisy,0.233337,0.283004,0.002912,1,
id0220,id0299,crop,noisy,0.249975,0.284859,0.002808,1,
id0220,id0303,crop,noisy,0.291015,0.318240,0.001956,1,
id0220,id0319,crop,noisy,0.264420,0.381454,0.002757,1,
id0220,id0321,crop,noisy,0.305151,0.303607,0.001625,1,
id0220,id0326,crop,noisy,0.413000,0.578028,0.002348,1,
id0220,id0328,crop,noisy,0.342344,0.361528,0.003271,1,
id0220,id0330,crop,noisy,0.221762,0.351717,0.004500,1,
id0220,id0342,crop,noisy,0.309856,0.366630,0.006073,1,
id0220,id0346,crop,noisy,0.328602,0.398332,0.005149,1,
id0220,id0363,crop,noisy,0.407879,0.508375,0.007165,1,
id0220,id0367,crop,noisy,0.469948,0.467332,0.007633,1,
id0220,id0368,crop,noisy,0.295894,0.382819,0.003797,1,
id0220,id0369,crop,noisy,0.296397,0.478445,0.001825,1,
id0220,id0372,crop,noisy,0.395667,0.414257,0.004040,1,
id0220,id0373,crop,noisy,0.373557,0.407194,0.003425,1,
id0220,id0374,crop,noisy,0.300964,0.363298,0.002965,1,
id0220,id0378,crop,noisy,0.333050,0.358354,0.004644,1,
id0220,id0381,crop,noisy,0.351371,0.424464,0.003809,1,
id0220,id0382,crop,noisy,0.306040,0.376193,0.005166,1,
id0220,id0392,crop,noisy,0.332249,0.329420,0.006149,1,
id0220,id0396,crop,noisy,0.394294,0.498015,0.008518,1,
id0220,id0398,crop,noisy,0.388347,0.530748,0.003931,1,
id0220,id0399,crop,noisy,0.247782,0.245703,0.002542,1,
id0220,id0401,crop,noisy,0.292796,0.335408,0.006291,1,
id0220,id0402,crop,noisy,0.278562,0.345537,0.004445,1,
id0220,id0404,crop,noisy,0.314830,0.352624,0.004185,1,
id0220,id0411,crop,noisy,0.245632,0.359592,0.007317,1,
id0220,id0412,crop,noisy,0.343553,0.373022,0.005115,1,
id0220,id0418,crop,noisy,0.412742,0.503285,0.003846,1,
id0220,id0421,crop,noisy,0.305159,0.368373,0.005332,1,
id0220,id0422,crop,noisy,0.293885,0.368537,0.004383,1,
id0220,id0431,crop,noisy,0.335661,0.466313,0.003231,1,
id0220,id0437,crop,noisy,0.400322,0.503744,0.004112,1,
id0220,id0441,crop,noisy,0.225377,0.279459,0.005358,1,
id0220,id0447,crop,noisy,0.372195,0.455321,0.001430,1,
id0220,id0460,crop,noisy,0.269943,0.453975,0.005068,1,
id0220,id0462,crop,noisy,0.293259,0.405278,0.002608,1,
id0220,id0465,crop,noisy,0.214501,0.279027,0.004303,1,
id0220,id0466,crop,noisy,0.277247,0.396865,0.001489,1,
id0220,id0468,crop,noisy,0.389025,0.537167,0.008236,1,
id0220,id0470,crop,noisy,0.322153,0.409787,0.005320,1,
id0220,id0476,crop,noisy,0.285236,0.386167,0.002331,1,
id0220,id0486,crop,noisy,0.295640,0.321590,0.003513,1,
id0220,id0491,crop,noisy,0.295143,0.356366,0.003460,1,
id0220,id0498,crop,noisy,0.273421,0.354878,0.005145,1,
id0222,id0224,crop,noisy,0.277499,0.487287,0.014727,1,
id0222,id0233,crop,noisy,0.420331,0.373320,0.011466,1,
id0222,id0239,crop,noisy,0.406942,0.646690,0.023204,1,
id0222,id0242,crop,noisy,0.379093,0.404460,0.014172,1,
id0222,id0246,crop,noisy,0.303261,0.431228,0.020189,1,
id0222,id0258,crop,noisy,0.229935,0.313256,0.012661,1,
id0222,id0273,crop,noisy,0.318235,0.376951,0.012838,1,
id0222,id0275,crop,noisy,0.267182,0.330594,0.012067,1,
id0222,id0285,crop,noisy,0.333911,0.452895,0.010350,1,
id0222,id0290,crop,noisy,0.293668,0.443218,0.007181,1,
id0222,id0296,crop,noisy,0.246892,0.285972,0.010032,1,
id0222,id0299,crop,noisy,0.211306,0.314920,0.009962,1,
id0222,id0303,crop,noisy,0.345667,0.386054,0.008696,1,
id0222,id0319,crop,noisy,0.349153,0.467396,0.010390,1,
id0222,id0321,crop,noisy,0.256050,0.277860,0.005934,1,
id0222,id0326,crop,noisy,0.318836,0.535697,0.008197,1,
id0222,id0328,crop,noisy,0.370995,0.415978,0.011394,1,
id0222,id0330,crop,noisy,0.291790,0.464246,0.014273,1,
id0222,id0342,crop,noisy,0.334356,0.444957,0.016828,1,
id0222,id0346,crop,noisy,0.251098,0.395970,0.013687,1,
id0222,id0363,crop,noisy,0.403082,0.532128,0.017456,1,
id0222,id0367,crop,noisy,0.336502,0.461354,0.017823,1,
id0222,id0368,crop,noisy,0.257729,0.390748,0.011124,1,
id0222,id0369,crop,noisy,0.289632,0.470494,0.007588,1,
id0222,id0372,crop,noisy,0.276945,0.434583,0.012880,1,
id0222,id0373,crop,noisy,0.310415,0.408849,0.010113,1,
id0222,id0374,crop,noisy,0.373407,0.433641,0.010087,1,
id0222,id0378,crop,noisy,0.301345,0.432558,0.013743,1,
id0222,id0381,crop,noisy,0.216114,0.420094,0.011389,1,
id0222,id0382,crop,noisy,0.307332,0.386612,0.014465,1,
id0222,id0392,crop,noisy,0.290747,0.352519,0.015880,1,
id0222,id0396,crop,noisy,0.403493,0.536861,0.019336,1,
id0222,id0398,crop,noisy,0.368818,0.510602,0.011124,1,
id0222,id0399,crop,noisy,0.332202,0.316077,0.009905,1,
id0222,id0401,crop,noisy,0.324403,0.431070,0.017064,1,
id0222,id0402,crop,noisy,0.207216,0.379877,0.013164,1,
id0222,id0404,crop,noisy,0.255132,0.390333,0.012441,1,
id0222,id0411,crop,noisy,0.359934,0.468064,0.019072,1,
id0222,id0412,crop,noisy,0.258415,0.375611,0.014192,1,
id0222,id0418,crop,noisy,0.275313,0.464466,0.011467,1,
id0222,id0421,crop,noisy,0.300215,0.386114,0.014601,1,
id0222,id0422,crop,noisy,0.269156,0.398845,0.012600,1,
id0222,id0431,crop,noisy,0.298100,0.460504,0.010515,1,
id0222,id0437,crop,noisy,0.368334,0.564781,0.013605,1,
id0222,id0441,crop,noisy,0.273585,0.375476,0.015578,1,
id0222,id0447,crop,noisy,0.385851,0.448146,0.004578,1,
id0222,id0460,crop,noisy,0.255521,0.485135,0.014062,1,
id0222,id0462,crop,noisy,0.330883,0.388197,0.009382,1,
id0222,id0465,crop,noisy,0.270638,0.335877,0.013351,1,
id0222,id0466,crop,noisy,0.309087,0.410095,0.005994,1,
id0222,id0468,crop,noisy,0.402107,0.570701,0.019173,1,
id0222,id0470,crop,noisy,0.277360,0.428647,0.014515,1,
id0222,id0476,crop,noisy,0.278529,0.377910,0.007630,1,
id0222,id0486,crop,noisy,0.333042,0.318142,0.010419,1,
id0222,id0491,crop,noisy,0.289282,0.440313,0.011459,1,
id0222,id0498,crop,noisy,0.280249,0.405895,0.014199,1,
id0224,id0233,crop,noisy,0.409726,0.338266,0.008466,1,
id0224,id0239,crop,noisy,0.296494,0.490896,0.018488,1,
id0224,id0242,crop,noisy,0.310919,0.352816,0.011026,1,
id0224,id0246,crop,noisy,0.321781,0.454748,0.017242,1,
id0224,id0258,crop,noisy,0.260001,0.276118,0.009686,1,
id0224,id0273,crop,noisy,0.281081,0.301972,0.009426,1,
id0224,id0275,crop,noisy,0.377411,0.437154,0.010138,1,
id0224,id0285,crop,noisy,0.351827,0.444038,0.007810,1,
id0224,id0290,crop,noisy,0.341670,0.391311,0.004877,1,
id0224,id0296,crop,noisy,0.402240,0.464678,0.008544,1,
id0224,id0299,crop,noisy,0.290507,0.367268,0.007699,1,
id0224,id0303,crop,noisy,0.395051,0.461334,0.006646,1,
id0224,id0319,crop,noisy,0.422388,0.546076,0.008336,1,
id0224,id0321,crop,noisy,0.338503,0.386861,0.004919,1,
id0224,id0326,crop,noisy,0.414867,0.605263,0.006489,1,
id0224,id0328,crop,noisy,0.326790,0.363145,0.008311,1,
id0224,id0330,crop,noisy,0.294890,0.375958,0.010960,1,
id0224,id0342,crop,noisy,0.280797,0.390334,0.013311,1,
id0224,id0346,crop,noisy,0.231811,0.330669,0.010460,1,
id0224,id0363,crop,noisy,0.378075,0.505895,0.014561,1,
id0224,id0367,crop,noisy,0.259738,0.445481,0.014746,1,
id0224,id0368,crop,noisy,0.322235,0.423615,0.008506,1,
id0224,id0369,crop,noisy,0.368751,0.508891,0.005774,1,
id0224,id0372,crop,noisy,0.297345,0.445452,0.010148,1,
id0224,id0373,crop,noisy,0.276766,0.374304,0.007108,1,
id0224,id0374,crop,noisy,0.489732,0.452596,0.007565,1,
id0224,id0378,crop,noisy,0.274956,0.383756,0.010397,1,
id0224,id0381,crop,noisy,0.247226,0.438609,0.009438,1,
id0224,id0382,crop,noisy,0.383398,0.467096,0.012026,1,
id0224,id0392,crop,noisy,0.243752,0.292460,0.012657,1,
id0224,id0396,crop,noisy,0.325529,0.457275,0.015522,1,
id0224,id0398,crop,noisy,0.389461,0.520514,0.008111,1,
id0224,id0399,crop,noisy,0.383566,0.419949,0.008196,1,
id0224,id0401,crop,noisy,0.331790,0.366305,0.013450,1,
id0224,id0402,crop,noisy,0.259157,0.387761,0.010557,1,
id0224,id0404,crop,noisy,0.248582,0.376691,0.009412,1,
id0224,id0411,crop,noisy,0.397241,0.495270,0.015788,1,
id0224,id0412,crop,noisy,0.317291,0.434208,0.011995,1,
id0224,id0418,crop,noisy,0.302429,0.505792,0.009128,1,
id0224,id0421,crop,noisy,0.352378,0.448095,0.012317,1,
id0224,id0422,crop,noisy,0.224414,0.294297,0.009150,1,
id0224,id0431,crop,noisy,0.356571,0.537243,0.008672,1,
id0224,id0437,crop,noisy,0.342101,0.494725,0.010390,1,
id0224,id0441,crop,noisy,0.288350,0.399347,0.012694,1,
id0224,id0447,crop,noisy,0.493221,0.567924,0.003777,1,
id0224,id0460,crop,noisy,0.270864,0.445726,0.011006,1,
id0224,id0462,crop,noisy,0.400732,0.452153,0.007260,1,
id0224,id0465,crop,noisy,0.331814,0.366616,0.010565,1,
id0224,id0466,crop,noisy,0.447942,0.498075,0.004804,1,
id0224,id0468,crop,noisy,0.412785,0.521716,0.015167,1,
id0224,id0470,crop,noisy,0.253377,0.376448,0.010965,1,
id0224,id0476,crop,noisy,0.380866,0.442885,0.006278,1,
id0224,id0486,crop,noisy,0.393943,0.405046,0.008061,1,
id0224,id0491,crop,noisy,0.306934,0.394959,0.008664,1,
id0224,id0498,crop,noisy,0.335386,0.461647,0.011478,1,
id0233,id0239,crop,noisy,0.589202,0.772523,0.027852,1,
id0233,id0242,crop,noisy,0.292918,0.478438,0.017099,1,
id0233,id0246,crop,noisy,0.473883,0.595148,0.024226,1,
id0233,id0258,crop,noisy,0.344233,0.431368,0.015766,1,
id0233,id0273,crop,noisy,0.263323,0.360823,0.015030,1,
id0233,id0275,crop,noisy,0.383285,0.425852,0.013943,1,
id0233,id0285,crop,noisy,0.375625,0.578355,0.013066,1,
id0233,id0290,crop,noisy,0.358314,0.298813,0.007312,1,
id0233,id0296,crop,noisy,0.405793,0.476460,0.013014,1,
id0233,id0299,crop,noisy,0.351210,0.409224,0.012099,1,
id0233,id0303,crop,noisy,0.368592,0.488178,0.010974,1,
id0233,id0319,crop,noisy,0.510307,0.574583,0.012901,1,
id0233,id0321,crop,noisy,0.321539,0.348224,0.007778,1,
id0233,id0326,crop,noisy,0.459129,0.654942,0.011432,1,
id0233,id0328,crop,noisy,0.267806,0.420239,0.013067,1,
id0233,id0330,crop,noisy,0.442767,0.490638,0.017498,1,
id0233,id0342,crop,noisy,0.389362,0.530043,0.020700,1,
id0233,id0346,crop,noisy,0.404756,0.530410,0.017158,1,
id0233,id0363,crop,noisy,0.348888,0.646730,0.021332,1,
id0233,id0367,crop,noisy,0.465502,0.606577,0.021995,1,
id0233,id0368,crop,noisy,0.380624,0.474822,0.013313,1,
id0233,id0369,crop,noisy,0.357021,0.470961,0.009189,1,
id0233,id0372,crop,noisy,0.533140,0.536768,0.015590,1,
id0233,id0373,crop,noisy,0.322755,0.379245,0.011242,1,
id0233,id0374,crop,noisy,0.423150,0.337737,0.010779,1,
id0233,id0378,crop,noisy,0.366356,0.433406,0.015448,1,
id0233,id0381,crop,noisy,0.433288,0.524189,0.014406,1,
id0233,id0382,crop,noisy,0.440125,0.576107,0.018128,1,
id0233,id0392,crop,noisy,0.352552,0.482249,0.019789,1,
id0233,id0396,crop,noisy,0.343587,0.634287,0.022246,1,
id0233,id0398,crop,noisy,0.544466,0.660204,0.014703,1,
id0233,id0399,crop,noisy,0.250842,0.326778,0.011961,1,
id0233,id0401,crop,noisy,0.400259,0.484561,0.020625,1,
id0233,id0402,crop,noisy,0.439202,0.527044,0.016618,1,
id0233,id0404,crop,noisy,0.474932,0.543869,0.015842,1,
id0233,id0411,crop,noisy,0.438135,0.594229,0.022987,1,
id0233,id0412,crop,noisy,0.433227,0.553447,0.017949,1,
id0233,id0418,crop,noisy,0.503456,0.638917,0.015198,1,
id0233,id0421,crop,noisy,0.363147,0.524611,0.017743,1,
id0233,id0422,crop,noisy,0.338883,0.465327,0.015442,1,
id0233,id0431,crop,noisy,0.446269,0.611540,0.014391,1,
id0233,id0437,crop,noisy,0.450290,0.515156,0.015103,1,
id0233,id0441,crop,noisy,0.388212,0.501412,0.019299,1,
id0233,id0447,crop,noisy,0.354559,0.435901,0.005300,1,
id0233,id0460,crop,noisy,0.330338,0.564393,0.016395,1,
id0233,id0462,crop,noisy,0.371103,0.530056,0.011952,1,
id0233,id0465,crop,noisy,0.406432,0.488756,0.017076,1,
id0233,id0466,crop,noisy,0.395817,0.444410,0.007394,1,
id0233,id0468,crop,noisy,0.534347,0.718886,0.023537,1,
id0233,id0470,crop,noisy,0.500596,0.570720,0.018425,1,
id0233,id0476,crop,noisy,0.339367,0.410313,0.009810,1,
id0233,id0486,crop,noisy,0.312496,0.424024,0.012746,1,
id0233,id0491,crop,noisy,0.337080,0.432087,0.012410,1,
id0233,id0498,crop,noisy,0.391276,0.473428,0.016760,1,
id0239,id0242,crop,noisy,0.468902,0.446964,0.005014,1,
id0239,id0246,crop,noisy,0.315654,0.461713,0.008234,1,
id0239,id0258,crop,noisy,0.403488,0.431363,0.003574,1,
id0239,id0273,crop,noisy,0.452858,0.504594,0.004327,1,
id0239,id0275,crop,noisy,0.477709,0.591204,0.005336,1,
id0239,id0285,crop,noisy,0.429462,0.440743,0.002849,1,
id0239,id0290,crop,noisy,0.515034,0.634539,0.003043,1,
id0239,id0296,crop,noisy,0.510041,0.615883,0.003975,1,
id0239,id0299,crop,noisy,0.390365,0.504356,0.003536,1,
id0239,id0303,crop,noisy,0.507133,0.563223,0.002766,1,
id0239,id0319,crop,noisy,0.431160,0.622473,0.003658,1,
id0239,id0321,crop,noisy,0.501893,0.625877,0.003089,1,
id0239,id0326,crop,noisy,0.502365,0.610886,0.002769,1,
id0239,id0328,crop,noisy,0.473615,0.460235,0.003311,1,
id0239,id0330,crop,noisy,0.396990,0.459074,0.004393,1,
id0239,id0342,crop,noisy,0.358061,0.382122,0.005818,1,
id0239,id0346,crop,noisy,0.312854,0.349682,0.004491,1,
id0239,id0363,crop,noisy,0.462757,0.498804,0.007507,1,
id0239,id0367,crop,noisy,0.291682,0.400472,0.007234,1,
id0239,id0368,crop,noisy,0.454218,0.538956,0.004395,1,
id0239,id0369,crop,noisy,0.504639,0.631382,0.002615,1,
id0239,id0372,crop,noisy,0.305565,0.463538,0.004460,1,
id0239,id0373,crop,noisy,0.478993,0.589894,0.004128,1,
id0239,id0374,crop,noisy,0.651392,0.734076,0.004316,1,
id0239,id0378,crop,noisy,0.393233,0.519984,0.005015,1,
id0239,id0381,crop,noisy,0.358618,0.523786,0.004902,1,
id0239,id0382,crop,noisy,0.408636,0.509788,0.005029,1,
id0239,id0392,crop,noisy,0.370298,0.378294,0.005633,1,
id0239,id0396,crop,noisy,0.426997,0.447269,0.008274,1,
id0239,id0398,crop,noisy,0.412790,0.508244,0.002997,1,
id0239,id0399,crop,noisy,0.543328,0.634101,0.004010,1,
id0239,id0401,crop,noisy,0.426509,0.438737,0.005634,1,
id0239,id0402,crop,noisy,0.288367,0.435177,0.004677,1,
id0239,id0404,crop,noisy,0.288712,0.436064,0.003713,1,
id0239,id0411,crop,noisy,0.429896,0.572171,0.007012,1,
id0239,id0412,crop,noisy,0.339404,0.445573,0.005345,1,
id0239,id0418,crop,noisy,0.349154,0.516388,0.003927,1,
id0239,id0421,crop,noisy,0.405241,0.517033,0.005888,1,
id0239,id0422,crop,noisy,0.355077,0.390740,0.003989,1,
id0239,id0431,crop,noisy,0.394355,0.553108,0.003259,1,
id0239,id0437,crop,noisy,0.432743,0.548681,0.004208,1,
id0239,id0441,crop,noisy,0.383917,0.461295,0.005247,1,
id0239,id0447,crop,noisy,0.646356,0.741472,0.003074,1,
id0239,id0460,crop,noisy,0.387875,0.505974,0.005423,1,
id0239,id0462,crop,noisy,0.484251,0.513054,0.002901,1,
id0239,id0465,crop,noisy,0.443853,0.474646,0.004205,1,
id0239,id0466,crop,noisy,0.564435,0.630884,0.002666,1,
id0239,id0468,crop,noisy,0.341460,0.432017,0.006640,1,
id0239,id0470,crop,noisy,0.276756,0.347777,0.004520,1,
id0239,id0476,crop,noisy,0.551087,0.624202,0.003786,1,
id0239,id0486,crop,noisy,0.528643,0.623403,0.004265,1,
id0239,id0491,crop,noisy,0.471070,0.531997,0.004321,1,
id0239,id0498,crop,noisy,0.469018,0.655919,0.006066,1,
id0242,id0246,crop,noisy,0.404702,0.458164,0.015459,1,
id0242,id0258,crop,noisy,0.308529,0.318158,0.008453,1,
id0242,id0273,crop,noisy,0.289782,0.345688,0.008492,1,
id0242,id0275,crop,noisy,0.390679,0.396083,0.008346,1,
id0242,id0285,crop,noisy,0.254317,0.380652,0.006683,1,
id0242,id0290,crop,noisy,0.407891,0.386391,0.003907,1,
id0242,id0296,crop,noisy,0.410910,0.437588,0.007056,1,
id0242,id0299,crop,noisy,0.319387,0.360327,0.006841,1,
id0242,id0303,crop,noisy,0.356661,0.479957,0.006093,1,
id0242,id0319,crop,noisy,0.464741,0.534214,0.007238,1,
id0242,id0321,crop,noisy,0.365004,0.406161,0.004113,1,
id0242,id0326,crop,noisy,0.401243,0.532212,0.006187,1,
id0242,id0328,crop,noisy,0.245624,0.313840,0.006463,1,
id0242,id0330,crop,noisy,0.396913,0.442861,0.010378,1,
id0242,id0342,crop,noisy,0.323656,0.415346,0.012543,1,
id0242,id0346,crop,noisy,0.302419,0.331994,0.009621,1,
id0242,id0363,crop,noisy,0.283750,0.444347,0.012664,1,
id0242,id0367,crop,noisy,0.335460,0.391958,0.013118,1,
id0242,id0368,crop,noisy,0.332835,0.342580,0.007338,1,
id0242,id0369,crop,noisy,0.359819,0.472683,0.005129,1,
id0242,id0372,crop,noisy,0.461654,0.398381,0.009154,1,
id0242,id0373,crop,noisy,0.247632,0.295121,0.005618,1,
id0242,id0374,crop,noisy,0.510435,0.473819,0.005423,1,
id0242,id0378,crop,noisy,0.276264,0.322551,0.008204,1,
id0242,id0381,crop,noisy,0.361402,0.322902,0.007895,1,
id0242,id0382,crop,noisy,0.411291,0.486250,0.011222,1,
id0242,id0392,crop,noisy,0.250182,0.303799,0.011191,1,
id0242,id0396,crop,noisy,0.245091,0.377656,0.013452,1,
id0242,id0398,crop,noisy,0.486689,0.591273,0.009392,1,
id0242,id0399,crop,noisy,0.297542,0.374553,0.006374,1,
id0242,id0401,crop,noisy,0.361365,0.429543,0.011948,1,
id0242,id0402,crop,noisy,0.348024,0.360253,0.009436,1,
id0242,id0404,crop,noisy,0.396943,0.426726,0.009360,1,
id0242,id0411,crop,noisy,0.418032,0.571001,0.014562,1,
id0242,id0412,crop,noisy,0.368041,0.377973,0.010672,1,
id0242,id0418,crop,noisy,0.421574,0.495885,0.008906,1,
id0242,id0421,crop,noisy,0.276965,0.360586,0.009961,1,
id0242,id0422,crop,noisy,0.266938,0.302531,0.008251,1,
id0242,id0431,crop,noisy,0.383572,0.539221,0.008778,1,
id0242,id0437,crop,noisy,0.396758,0.459605,0.008407,1,
id0242,id0441,crop,noisy,0.340187,0.409675,0.011159,1,
id0242,id0447,crop,noisy,0.409536,0.523895,0.003108,1,
id0242,id0460,crop,noisy,0.286010,0.368961,0.009113,1,
id0242,id0462,crop,noisy,0.338925,0.391129,0.006445,1,
id0242,id0465,crop,noisy,0.374121,0.422063,0.009350,1,
id0242,id0466,crop,noisy,0.404746,0.446827,0.003939,1,
id0242,id0468,crop,noisy,0.480385,0.598362,0.015173,1,
id0242,id0470,crop,noisy,0.413583,0.445598,0.011251,1,
id0242,id0476,crop,noisy,0.324870,0.308717,0.004472,1,
id0242,id0486,crop,noisy,0.332722,0.393420,0.006836,1,
id0242,id0491,crop,noisy,0.321024,0.322955,0.006394,1,
id0242,id0498,crop,noisy,0.373284,0.448205,0.008913,1,
id0246,id0258,crop,noisy,0.298299,0.309127,0.004022,1,
id0246,id0273,crop,noisy,0.320576,0.366840,0.004189,1,
id0246,id0275,crop,noisy,0.332442,0.342924,0.003915,1,
id0246,id0285,crop,noisy,0.372854,0.502189,0.003409,1,
id0246,id0290,crop,noisy,0.427600,0.549649,0.002164,1,
id0246,id0296,crop,noisy,0.363989,0.396599,0.003301,1,
id0246,id0299,crop,noisy,0.264699,0.344260,0.002944,1,
id0246,id0303,crop,noisy,0.394235,0.420314,0.002047,1,
id0246,id0319,crop,noisy,0.334364,0.473268,0.002700,1,
id0246,id0321,crop,noisy,0.406469,0.442935,0.001902,1,
id0246,id0326,crop,noisy,0.452308,0.664175,0.002843,1,
id0246,id0328,crop,noisy,0.408351,0.438750,0.003341,1,
id0246,id0330,crop,noisy,0.326388,0.423922,0.004720,1,
id0246,id0342,crop,noisy,0.312557,0.387293,0.006400,1,
id0246,id0346,crop,noisy,0.272059,0.357078,0.005526,1,
id0246,id0363,crop,noisy,0.352645,0.439913,0.007786,1,
id0246,id0367,crop,noisy,0.316452,0.434871,0.007920,1,
id0246,id0368,crop,noisy,0.381364,0.452769,0.004158,1,
id0246,id0369,crop,noisy,0.440472,0.639927,0.002160,1,
id0246,id0372,crop,noisy,0.330282,0.479499,0.004254,1,
id0246,id0373,crop,noisy,0.407588,0.518375,0.003728,1,
id0246,id0374,crop,noisy,0.475000,0.479170,0.002919,1,
id0246,id0378,crop,noisy,0.303793,0.376647,0.004552,1,
id0246,id0381,crop,noisy,0.317463,0.497215,0.004464,1,
id0246,id0382,crop,noisy,0.276400,0.359127,0.005588,1,
id0246,id0392,crop,noisy,0.287487,0.307851,0.006494,1,
id0246,id0396,crop,noisy,0.414381,0.516827,0.009244,1,
id0246,id0398,crop,noisy,0.423078,0.595683,0.004525,1,
id0246,id0399,crop,noisy,0.395805,0.419410,0.002764,1,
id0246,id0401,crop,noisy,0.292219,0.302059,0.006026,1,
id0246,id0402,crop,noisy,0.217821,0.388289,0.004910,1,
id0246,id0404,crop,noisy,0.233532,0.381384,0.004479,1,
id0246,id0411,crop,noisy,0.295615,0.305191,0.007399,1,
id0246,id0412,crop,noisy,0.294173,0.418571,0.005647,1,
id0246,id0418,crop,noisy,0.353160,0.529230,0.004226,1,
id0246,id0421,crop,noisy,0.287141,0.345460,0.005545,1,
id0246,id0422,crop,noisy,0.335111,0.410352,0.004844,1,
id0246,id0431,crop,noisy,0.368271,0.573358,0.003533,1,
id0246,id0437,crop,noisy,0.393309,0.551445,0.003704,1,
id0246,id0441,crop,noisy,0.251896,0.283803,0.005239,1,
id0246,id0447,crop,noisy,0.557835,0.638953,0.001546,1,
id0246,id0460,crop,noisy,0.270471,0.406645,0.005267,1,
id0246,id0462,crop,noisy,0.400380,0.510341,0.003107,1,
id0246,id0465,crop,noisy,0.306742,0.261992,0.004470,1,
id0246,id0466,crop,noisy,0.469095,0.560121,0.001665,1,
id0246,id0468,crop,noisy,0.349240,0.457420,0.009043,1,
id0246,id0470,crop,noisy,0.314922,0.406938,0.005764,1,
id0246,id0476,crop,noisy,0.471874,0.544009,0.002883,1,
id0246,id0486,crop,noisy,0.421057,0.423339,0.004083,1,
id0246,id0491,crop,noisy,0.332013,0.410181,0.003309,1,
id0246,id0498,crop,noisy,0.298545,0.355713,0.005437,1,
id0258,id0273,crop,noisy,0.231813,0.269339,0.005073,1,
id0258,id0275,crop,noisy,0.261157,0.378151,0.005029,1,
id0258,id0285,crop,noisy,0.317975,0.451227,0.003681,1,
id0258,id0290,crop,noisy,0.278653,0.399485,0.002357,1,
id0258,id0296,crop,noisy,0.276316,0.373294,0.003605,1,
id0258,id0299,crop,noisy,0.248307,0.339006,0.003818,1,
id0258,id0303,crop,noisy,0.312777,0.378454,0.002781,1,
id0258,id0319,crop,noisy,0.328000,0.489786,0.003881,1,
id0258,id0321,crop,noisy,0.256379,0.313815,0.002035,1,
id0258,id0326,crop,noisy,0.396761,0.609327,0.003086,1,
id0258,id0328,crop,noisy,0.264936,0.328037,0.003775,1,
id0258,id0330,crop,noisy,0.231432,0.358533,0.005842,1,
id0258,id0342,crop,noisy,0.294021,0.375911,0.007777,1,
id0258,id0346,crop,noisy,0.266297,0.342114,0.005975,1,
id0258,id0363,crop,noisy,0.389533,0.518097,0.008731,1,
id0258,id0367,crop,noisy,0.396161,0.453564,0.009086,1,
id0258,id0368,crop,noisy,0.289823,0.422726,0.004690,1,
id0258,id0369,crop,noisy,0.283052,0.492675,0.002336,1,
id0258,id0372,crop,noisy,0.363590,0.429053,0.005108,1,
id0258,id0373,crop,noisy,0.323282,0.400315,0.003897,1,
id0258,id0374,crop,noisy,0.317611,0.382108,0.003534,1,
id0258,id0378,crop,noisy,0.285009,0.356423,0.005398,1,
id0258,id0381,crop,noisy,0.284611,0.444780,0.004814,1,
id0258,id0382,crop,noisy,0.267576,0.408726,0.006070,1,
id0258,id0392,crop,noisy,0.227425,0.241403,0.006857,1,
id0258,id0396,crop,noisy,0.371685,0.495798,0.009890,1,
id0258,id0398,crop,noisy,0.376812,0.525799,0.004716,1,
id0258,id0399,crop,noisy,0.239231,0.335759,0.003426,1,
id0258,id0401,crop,noisy,0.231799,0.288531,0.007527,1,
id0258,id0402,crop,noisy,0.244482,0.369265,0.005574,1,
id0258,id0404,crop,noisy,0.268839,0.376723,0.005064,1,
id0258,id0411,crop,noisy,0.260324,0.413101,0.008745,1,
id0258,id0412,crop,noisy,0.278338,0.389899,0.006227,1,
id0258,id0418,crop,noisy,0.361750,0.494031,0.004641,1,
id0258,id0421,crop,noisy,0.290087,0.390914,0.006401,1,
id0258,id0422,crop,noisy,0.263324,0.360234,0.005381,1,
id0258,id0431,crop,noisy,0.321940,0.507852,0.004226,1,
id0258,id0437,crop,noisy,0.324317,0.462659,0.004770,1,
id0258,id0441,crop,noisy,0.209575,0.309262,0.006539,1,
id0258,id0447,crop,noisy,0.372273,0.530913,0.001551,1,
id0258,id0460,crop,noisy,0.244783,0.457801,0.006031,1,
id0258,id0462,crop,noisy,0.305833,0.448674,0.003339,1,
id0258,id0465,crop,noisy,0.199790,0.273728,0.005315,1,
id0258,id0466,crop,noisy,0.322732,0.485706,0.001992,1,
id0258,id0468,crop,noisy,0.386700,0.519629,0.009470,1,
id0258,id0470,crop,noisy,0.298473,0.379476,0.006519,1,
id0258,id0476,crop,noisy,0.281349,0.418977,0.002853,1,
id0258,id0486,crop,noisy,0.292073,0.371632,0.004277,1,
id0258,id0491,crop,noisy,0.234404,0.354492,0.004011,1,
id0258,id0498,crop,noisy,0.228826,0.368062,0.005961,1,
id0273,id0275,crop,noisy,0.299147,0.375816,0.005745,1,
id0273,id0285,crop,noisy,0.362369,0.510701,0.005145,1,
id0273,id0290,crop,noisy,0.301152,0.324162,0.002289,1,
id0273,id0296,crop,noisy,0.315346,0.426696,0.005117,1,
id0273,id0299,crop,noisy,0.262451,0.341133,0.004252,1,
id0273,id0303,crop,noisy,0.289955,0.385445,0.003426,1,
id0273,id0319,crop,noisy,0.366790,0.486400,0.004731,1,
id0273,id0321,crop,noisy,0.270378,0.312725,0.002534,1,
id0273,id0326,crop,noisy,0.440685,0.634489,0.004015,1,
id0273,id0328,crop,noisy,0.233629,0.326764,0.004917,1,
id0273,id0330,crop,noisy,0.256668,0.316275,0.006940,1,
id0273,id0342,crop,noisy,0.258605,0.379254,0.008810,1,
id0273,id0346,crop,noisy,0.305843,0.402964,0.007557,1,
id0273,id0363,crop,noisy,0.332391,0.554684,0.010074,1,
id0273,id0367,crop,noisy,0.369326,0.510607,0.010326,1,
id0273,id0368,crop,noisy,0.318571,0.437115,0.005376,1,
id0273,id0369,crop,noisy,0.323096,0.471757,0.002801,1,
id0273,id0372,crop,noisy,0.378896,0.453457,0.005948,1,
id0273,id0373,crop,noisy,0.306545,0.387214,0.004384,1,
id0273,id0374,crop,noisy,0.372780,0.319034,0.004096,1,
id0273,id0378,crop,noisy,0.268403,0.334010,0.006358,1,
id0273,id0381,crop,noisy,0.328386,0.479635,0.005962,1,
id0273,id0382,crop,noisy,0.348569,0.472853,0.007908,1,
id0273,id0392,crop,noisy,0.254253,0.346496,0.008959,1,
id0273,id0396,crop,noisy,0.327324,0.535935,0.010872,1,
id0273,id0398,crop,noisy,0.429466,0.568194,0.005857,1,
id0273,id0399,crop,noisy,0.215019,0.299981,0.004297,1,
id0273,id0401,crop,noisy,0.252559,0.287522,0.009104,1,
id0273,id0402,crop,noisy,0.293559,0.417667,0.006807,1,
id0273,id0404,crop,noisy,0.313348,0.400791,0.006382,1,
id0273,id0411,crop,noisy,0.323295,0.451857,0.010665,1,
id0273,id0412,crop,noisy,0.342873,0.455699,0.007759,1,
id0273,id0418,crop,noisy,0.406482,0.565455,0.006190,1,
id0273,id0421,crop,noisy,0.313345,0.454984,0.007884,1,
id0273,id0422,crop,noisy,0.252837,0.364587,0.006290,1,
id0273,id0431,crop,noisy,0.377170,0.538835,0.005386,1,
id0273,id0437,crop,noisy,0.330768,0.435979,0.005909,1,
id0273,id0441,crop,noisy,0.225170,0.353448,0.008265,1,
id0273,id0447,crop,noisy,0.395035,0.495635,0.001727,1,
id0273,id0460,crop,noisy,0.244181,0.486361,0.007043,1,
id0273,id0462,crop,noisy,0.346478,0.491099,0.004386,1,
id0273,id0465,crop,noisy,0.249298,0.323512,0.007136,1,
id0273,id0466,crop,noisy,0.381269,0.458035,0.002382,1,
id0273,id0468,crop,noisy,0.434959,0.577743,0.011220,1,
id0273,id0470,crop,noisy,0.337876,0.426636,0.007684,1,
id0273,id0476,crop,noisy,0.323489,0.428210,0.003764,1,
id0273,id0486,crop,noisy,0.293219,0.396090,0.005155,1,
id0273,id0491,crop,noisy,0.246439,0.352205,0.004852,1,
id0273,id0498,crop,noisy,0.286220,0.407658,0.007575,1,
id0275,id0285,crop,noisy,0.364741,0.549893,0.010946,1,
id0275,id0290,crop,noisy,0.352355,0.444721,0.006365,1,
id0275,id0296,crop,noisy,0.202739,0.328591,0.010215,1,
id0275,id0299,crop,noisy,0.232467,0.332958,0.009691,1,
id0275,id0303,crop,noisy,0.301787,0.391444,0.008387,1,
id0275,id0319,crop,noisy,0.297327,0.444361,0.009767,1,
id0275,id0321,crop,noisy,0.303362,0.341595,0.006150,1,
id0275,id0326,crop,noisy,0.407756,0.646504,0.009368,1,
id0275,id0328,crop,noisy,0.359255,0.444013,0.010830,1,
id0275,id0330,crop,noisy,0.280316,0.465785,0.013993,1,
id0275,id0342,crop,noisy,0.331808,0.478948,0.016986,1,
id0275,id0346,crop,noisy,0.326083,0.494782,0.014702,1,
id0275,id0363,crop,noisy,0.376451,0.568456,0.017957,1,
id0275,id0367,crop,noisy,0.441308,0.551978,0.018569,1,
id0275,id0368,crop,noisy,0.232321,0.425214,0.010968,1,
id0275,id0369,crop,noisy,0.342958,0.543849,0.007532,1,
id0275,id0372,crop,noisy,0.383092,0.510614,0.012788,1,
id0275,id0373,crop,noisy,0.385213,0.454091,0.009789,1,
id0275,id0374,crop,noisy,0.299525,0.327941,0.008709,1,
id0275,id0378,crop,noisy,0.312319,0.409752,0.012930,1,
id0275,id0381,crop,noisy,0.331110,0.499088,0.011820,1,
id0275,id0382,crop,noisy,0.299797,0.451893,0.015526,1,
id0275,id0392,crop,noisy,0.331916,0.435965,0.016665,1,
id0275,id0396,crop,noisy,0.391581,0.611433,0.019848,1,
id0275,id0398,crop,noisy,0.445963,0.644619,0.013002,1,
id0275,id0399,crop,noisy,0.249857,0.261726,0.009385,1,
id0275,id0401,crop,noisy,0.292745,0.419367,0.016909,1,
id0275,id0402,crop,noisy,0.279811,0.454013,0.013720,1,
id0275,id0404,crop,noisy,0.310427,0.465137,0.013238,1,
id0275,id0411,crop,noisy,0.279378,0.421639,0.018844,1,
id0275,id0412,crop,noisy,0.314411,0.482527,0.015139,1,
id0275,id0418,crop,noisy,0.415975,0.598773,0.012656,1,
id0275,id0421,crop,noisy,0.238905,0.404576,0.014466,1,
id0275,id0422,crop,noisy,0.295647,0.460929,0.013095,1,
id0275,id0431,crop,noisy,0.342008,0.567810,0.011554,1,
id0275,id0437,crop,noisy,0.407298,0.557358,0.012135,1,
id0275,id0441,crop,noisy,0.210404,0.368598,0.015191,1,
id0275,id0447,crop,noisy,0.364442,0.454144,0.003959,1,
id0275,id0460,crop,noisy,0.235663,0.497621,0.013733,1,
id0275,id0462,crop,noisy,0.333086,0.498492,0.010163,1,
id0275,id0465,crop,noisy,0.250042,0.371241,0.013846,1,
id0275,id0466,crop,noisy,0.268624,0.430691,0.005392,1,
id0275,id0468,crop,noisy,0.385019,0.634348,0.020777,1,
id0275,id0470,crop,noisy,0.359535,0.533640,0.015614,1,
id0275,id0476,crop,noisy,0.276828,0.424715,0.007512,1,
id0275,id0486,crop,noisy,0.312783,0.361322,0.011108,1,
id0275,id0491,crop,noisy,0.267146,0.405490,0.009887,1,
id0275,id0498,crop,noisy,0.248654,0.346121,0.013779,1,
id0285,id0290,crop,noisy,0.443652,0.485966,0.004863,1,
id0285,id0296,crop,noisy,0.353664,0.415593,0.007933,1,
id0285,id0299,crop,noisy,0.257728,0.329676,0.007624,1,
id0285,id0303,crop,noisy,0.337943,0.418464,0.006445,1,
id0285,id0319,crop,noisy,0.403351,0.480956,0.008089,1,
id0285,id0321,crop,noisy,0.398127,0.470395,0.004714,1,
id0285,id0326,crop,noisy,0.242273,0.366837,0.006231,1,
id0285,id0328,crop,noisy,0.295606,0.362517,0.008161,1,
id0285,id0330,crop,noisy,0.382928,0.433239,0.011262,1,
id0285,id0342,crop,noisy,0.300980,0.359417,0.013915,1,
id0285,id0346,crop,noisy,0.263856,0.337898,0.010601,1,
id0285,id0363,crop,noisy,0.290510,0.436604,0.014729,1,
id0285,id0367,crop,noisy,0.342876,0.342812,0.015048,1,
id0285,id0368,crop,noisy,0.274321,0.341416,0.008682,1,
id0285,id0369,crop,noisy,0.309684,0.420443,0.005598,1,
id0285,id0372,crop,noisy,0.396522,0.350393,0.010301,1,
id0285,id0373,crop,noisy,0.341387,0.416303,0.007436,1,
id0285,id0374,crop,noisy,0.532681,0.616356,0.007400,1,
id0285,id0378,crop,noisy,0.329954,0.450379,0.010589,1,
id0285,id0381,crop,noisy,0.353207,0.332538,0.009242,1,
id0285,id0382,crop,noisy,0.292904,0.391383,0.011663,1,
id0285,id0392,crop,noisy,0.306277,0.334203,0.012730,1,
id0285,id0396,crop,noisy,0.288873,0.395551,0.016127,1,
id0285,id0398,crop,noisy,0.341358,0.414437,0.008582,1,
id0285,id0399,crop,noisy,0.337527,0.434155,0.007633,1,
id0285,id0401,crop,noisy,0.386731,0.479458,0.013728,1,
id0285,id0402,crop,noisy,0.292235,0.315169,0.010670,1,
id0285,id0404,crop,noisy,0.321526,0.361803,0.009836,1,
id0285,id0411,crop,noisy,0.368649,0.534472,0.015539,1,
id0285,id0412,crop,noisy,0.264675,0.290516,0.011867,1,
id0285,id0418,crop,noisy,0.384730,0.422531,0.009346,1,
id0285,id0421,crop,noisy,0.273898,0.365153,0.011713,1,
id0285,id0422,crop,noisy,0.256971,0.299966,0.009786,1,
id0285,id0431,crop,noisy,0.248543,0.379454,0.008520,1,
id0285,id0437,crop,noisy,0.432496,0.514694,0.009957,1,
id0285,id0441,crop,noisy,0.342752,0.394424,0.012372,1,
id0285,id0447,crop,noisy,0.373626,0.469579,0.003277,1,
id0285,id0460,crop,noisy,0.304065,0.446605,0.011127,1,
id0285,id0462,crop,noisy,0.210380,0.234687,0.006737,1,
id0285,id0465,crop,noisy,0.366802,0.448122,0.010421,1,
id0285,id0466,crop,noisy,0.343235,0.366132,0.004245,1,
id0285,id0468,crop,noisy,0.352832,0.467313,0.015738,1,
id0285,id0470,crop,noisy,0.327451,0.354475,0.011791,1,
id0285,id0476,crop,noisy,0.314912,0.366845,0.005864,1,
id0285,id0486,crop,noisy,0.329879,0.427845,0.008012,1,
id0285,id0491,crop,noisy,0.371136,0.421350,0.008216,1,
id0285,id0498,crop,noisy,0.405850,0.545209,0.011194,1,
id0290,id0296,crop,noisy,0.357030,0.571162,0.010613,1,
id0290,id0299,crop,noisy,0.340688,0.550390,0.009968,1,
id0290,id0303,crop,noisy,0.403237,0.570840,0.009172,1,
id0290,id0319,crop,noisy,0.431939,0.696063,0.011181,1,
id0290,id0321,crop,noisy,0.240474,0.445747,0.006355,1,
id0290,id0326,crop,noisy,0.466616,0.635363,0.009245,1,
id0290,id0328,crop,noisy,0.329607,0.475593,0.011001,1,
id0290,id0330,crop,noisy,0.342469,0.609406,0.014720,1,
id0290,id0342,crop,noisy,0.432360,0.636184,0.017688,1,
id0290,id0346,crop,noisy,0.363302,0.655441,0.014210,1,
id0290,id0363,crop,noisy,0.520436,0.810004,0.018161,1,
id0290,id0367,crop,noisy,0.449165,0.688043,0.018588,1,
id0290,id0368,crop,noisy,0.360186,0.589039,0.011102,1,
id0290,id0369,crop,noisy,0.278684,0.372171,0.007062,1,
id0290,id0372,crop,noisy,0.372519,0.552381,0.012863,1,
id0290,id0373,crop,noisy,0.279919,0.464320,0.009309,1,
id0290,id0374,crop,noisy,0.335530,0.530551,0.008902,1,
id0290,id0378,crop,noisy,0.350746,0.608352,0.013500,1,
id0290,id0381,crop,noisy,0.309657,0.600323,0.011695,1,
id0290,id0382,crop,noisy,0.437539,0.713380,0.014804,1,
id0290,id0392,crop,noisy,0.357400,0.618345,0.016445,1,
id0290,id0396,crop,noisy,0.435790,0.750892,0.018848,1,
id0290,id0398,crop,noisy,0.473025,0.671097,0.012256,1,
id0290,id0399,crop,noisy,0.325328,0.473861,0.009937,1,
id0290,id0401,crop,noisy,0.380977,0.629056,0.017947,1,
id0290,id0402,crop,noisy,0.353114,0.648718,0.013669,1,
id0290,id0404,crop,noisy,0.401799,0.670760,0.013074,1,
id0290,id0411,crop,noisy,0.454415,0.792199,0.019425,1,
id0290,id0412,crop,noisy,0.384081,0.636207,0.014959,1,
id0290,id0418,crop,noisy,0.418386,0.673270,0.012606,1,
id0290,id0421,crop,noisy,0.415887,0.683369,0.014524,1,
id0290,id0422,crop,noisy,0.359744,0.608389,0.013076,1,
id0290,id0431,crop,noisy,0.442211,0.609442,0.011955,1,
id0290,id0437,crop,noisy,0.323014,0.529253,0.012777,1,
id0290,id0441,crop,noisy,0.373585,0.636207,0.016314,1,
id0290,id0447,crop,noisy,0.368772,0.413862,0.004705,1,
id0290,id0460,crop,noisy,0.348798,0.736939,0.013792,1,
id0290,id0462,crop,noisy,0.412165,0.572258,0.009412,1,
id0290,id0465,crop,noisy,0.343024,0.647382,0.014478,1,
id0290,id0466,crop,noisy,0.354236,0.453114,0.005825,1,
id0290,id0468,crop,noisy,0.547049,0.859965,0.019764,1,
id0290,id0470,crop,noisy,0.413950,0.655291,0.015650,1,
id0290,id0476,crop,noisy,0.298053,0.455866,0.008033,1,
id0290,id0486,crop,noisy,0.399321,0.606699,0.010325,1,
id0290,id0491,crop,noisy,0.247423,0.550187,0.010319,1,
id0290,id0498,crop,noisy,0.367581,0.689825,0.014179,1,
id0296,id0299,crop,noisy,0.248687,0.335167,0.013916,1,
id0296,id0303,crop,noisy,0.292395,0.373833,0.011667,1,
id0296,id0319,crop,noisy,0.311218,0.437965,0.013051,1,
id0296,id0321,crop,noisy,0.295442,0.312481,0.008718,1,
id0296,id0326,crop,noisy,0.357400,0.600715,0.012294,1,
id0296,id0328,crop,noisy,0.351220,0.422416,0.015093,1,
id0296,id0330,crop,noisy,0.295239,0.462859,0.018110,1,
id0296,id0342,crop,noisy,0.341788,0.462391,0.021295,1,
id0296,id0346,crop,noisy,0.350640,0.425783,0.018310,1,
id0296,id0363,crop,noisy,0.410270,0.517265,0.022327,1,
id0296,id0367,crop,noisy,0.440692,0.485984,0.023178,1,
id0296,id0368,crop,noisy,0.268197,0.409488,0.015178,1,
id0296,id0369,crop,noisy,0.307488,0.528884,0.011283,1,
id0296,id0372,crop,noisy,0.365584,0.459440,0.017168,1,
id0296,id0373,crop,noisy,0.392328,0.443397,0.014256,1,
id0296,id0374,crop,noisy,0.341296,0.395510,0.013207,1,
id0296,id0378,crop,noisy,0.337826,0.388527,0.017252,1,
id0296,id0381,crop,noisy,0.342767,0.453162,0.015498,1,
id0296,id0382,crop,noisy,0.300191,0.422597,0.019152,1,
id0296,id0392,crop,noisy,0.356678,0.379755,0.020654,1,
id0296,id0396,crop,noisy,0.404600,0.585665,0.024854,1,
id0296,id0398,crop,noisy,0.392750,0.598202,0.015647,1,
id0296,id0399,crop,noisy,0.269093,0.323899,0.013033,1,
id0296,id0401,crop,noisy,0.325979,0.412108,0.021015,1,
id0296,id0402,crop,noisy,0.298617,0.413496,0.017601,1,
id0296,id0404,crop,noisy,0.320859,0.437562,0.016482,1,
id0296,id0411,crop,noisy,0.325366,0.425500,0.023557,1,
id0296,id0412,crop,noisy,0.305064,0.426812,0.018640,1,
id0296,id0418,crop,noisy,0.403287,0.483836,0.015958,1,
id0296,id0421,crop,noisy,0.307827,0.378212,0.018778,1,
id0296,id0422,crop,noisy,0.330843,0.431419,0.016821,1,
id0296,id0431,crop,noisy,0.351692,0.539809,0.014621,1,
id0296,id0437,crop,noisy,0.414372,0.527371,0.016799,1,
id0296,id0441,crop,noisy,0.250521,0.346766,0.019304,1,
id0296,id0447,crop,noisy,0.340236,0.496303,0.006942,1,
id0296,id0460,crop,noisy,0.278515,0.443822,0.018075,1,
id0296,id0462,crop,noisy,0.287394,0.474546,0.013743,1,
id0296,id0465,crop,noisy,0.243564,0.310072,0.017059,1,
id0296,id0466,crop,noisy,0.257540,0.449445,0.008937,1,
id0296,id0468,crop,noisy,0.411323,0.604000,0.024820,1,
id0296,id0470,crop,noisy,0.358291,0.474988,0.019330,1,
id0296,id0476,crop,noisy,0.279067,0.397893,0.010930,1,
id0296,id0486,crop,noisy,0.314362,0.395913,0.014783,1,
id0296,id0491,crop,noisy,0.318018,0.385411,0.014868,1,
id0296,id0498,crop,noisy,0.292693,0.336791,0.018022,1,
id0299,id0303,crop,noisy,0.277142,0.289342,0.005699,1,
id0299,id0319,crop,noisy,0.291391,0.378448,0.007269,1,
id0299,id0321,crop,noisy,0.287071,0.303484,0.004326,1,
id0299,id0326,crop,noisy,0.289032,0.490523,0.006307,1,
id0299,id0328,crop,noisy,0.296224,0.329688,0.008252,1,
id0299,id0330,crop,noisy,0.258421,0.362138,0.010702,1,
id0299,id0342,crop,noisy,0.225743,0.343493,0.013190,1,
id0299,id0346,crop,noisy,0.243815,0.387414,0.011353,1,
id0299,id0363,crop,noisy,0.284739,0.470032,0.014372,1,
id0299,id0367,crop,noisy,0.307523,0.403137,0.014793,1,
id0299,id0368,crop,noisy,0.214987,0.316037,0.008407,1,
id0299,id0369,crop,noisy,0.259987,0.413602,0.005227,1,
id0299,id0372,crop,noisy,0.281277,0.356887,0.009845,1,
id0299,id0373,crop,noisy,0.298633,0.367373,0.007242,1,
id0299,id0374,crop,noisy,0.404127,0.391409,0.006838,1,
id0299,id0378,crop,noisy,0.241994,0.346987,0.009882,1,
id0299,id0381,crop,noisy,0.262077,0.386444,0.009346,1,
id0299,id0382,crop,noisy,0.261935,0.367370,0.012166,1,
id0299,id0392,crop,noisy,0.290532,0.341746,0.013432,1,
id0299,id0396,crop,noisy,0.323315,0.514248,0.016193,1,
id0299,id0398,crop,noisy,0.351841,0.494433,0.008946,1,
id0299,id0399,crop,noisy,0.271371,0.245973,0.007164,1,
id0299,id0401,crop,noisy,0.282552,0.362675,0.013334,1,
id0299,id0402,crop,noisy,0.205729,0.337548,0.010684,1,
id0299,id0404,crop,noisy,0.239470,0.364170,0.009941,1,
id0299,id0411,crop,noisy,0.259597,0.385255,0.015392,1,
id0299,id0412,crop,noisy,0.235409,0.353644,0.011846,1,
id0299,id0418,crop,noisy,0.293853,0.446589,0.009377,1,
id0299,id0421,crop,noisy,0.217300,0.334715,0.011878,1,
id0299,id0422,crop,noisy,0.221051,0.331700,0.009722,1,
id0299,id0431,crop,noisy,0.251377,0.425769,0.008412,1,
id0299,id0437,crop,noisy,0.356666,0.462470,0.009570,1,
id0299,id0441,crop,noisy,0.208310,0.282622,0.012237,1,
id0299,id0447,crop,noisy,0.375486,0.370619,0.002675,1,
id0299,id0460,crop,noisy,0.191329,0.428573,0.010903,1,
id0299,id0462,crop,noisy,0.272024,0.360277,0.007324,1,
id0299,id0465,crop,noisy,0.278565,0.308999,0.010640,1,
id0299,id0466,crop,noisy,0.274704,0.301295,0.003849,1,
id0299,id0468,crop,noisy,0.325174,0.518196,0.016261,1,
id0299,id0470,crop,noisy,0.273330,0.387656,0.011729,1,
id0299,id0476,crop,noisy,0.281345,0.331541,0.005902,1,
id0299,id0486,crop,noisy,0.311976,0.344727,0.008276,1,
id0299,id0491,crop,noisy,0.258975,0.330849,0.007922,1,
id0299,id0498,crop,noisy,0.277710,0.366597,0.011235,1,
id0303,id0319,crop,noisy,0.333783,0.340664,0.005996,1,
id0303,id0321,crop,noisy,0.314556,0.324767,0.004094,1,
id0303,id0326,crop,noisy,0.356380,0.497892,0.005845,1,
id0303,id0328,crop,noisy,0.294444,0.287714,0.007259,1,
id0303,id0330,crop,noisy,0.303555,0.297094,0.009286,1,
id0303,id0342,crop,noisy,0.291822,0.291662,0.011657,1,
id0303,id0346,crop,noisy,0.372944,0.414370,0.011099,1,
id0303,id0363,crop,noisy,0.366574,0.521890,0.013845,1,
id0303,id0367,crop,noisy,0.427870,0.449530,0.014437,1,
id0303,id0368,crop,noisy,0.288597,0.389316,0.008651,1,
id0303,id0369,crop,noisy,0.319468,0.393539,0.004840,1,
id0303,id0372,crop,noisy,0.389885,0.349018,0.008841,1,
id0303,id0373,crop,noisy,0.391884,0.470519,0.008077,1,
id0303,id0374,crop,noisy,0.431839,0.448538,0.006915,1,
id0303,id0378,crop,noisy,0.298396,0.353125,0.009215,1,
id0303,id0381,crop,noisy,0.393643,0.459307,0.009177,1,
id0303,id0382,crop,noisy,0.374654,0.387231,0.010571,1,
id0303,id0392,crop,noisy,0.342034,0.376704,0.012374,1,
id0303,id0396,crop,noisy,0.399195,0.564753,0.015873,1,
id0303,id0398,crop,noisy,0.417749,0.451162,0.007591,1,
id0303,id0399,crop,noisy,0.252985,0.280018,0.006380,1,
id0303,id0401,crop,noisy,0.324923,0.276430,0.011691,1,
id0303,id0402,crop,noisy,0.339459,0.358363,0.010040,1,
id0303,id0404,crop,noisy,0.363532,0.383673,0.009018,1,
id0303,id0411,crop,noisy,0.337777,0.387167,0.013273,1,
id0303,id0412,crop,noisy,0.354851,0.355185,0.010592,1,
id0303,id0418,crop,noisy,0.413716,0.463128,0.008677,1,
id0303,id0421,crop,noisy,0.300911,0.397757,0.011220,1,
id0303,id0422,crop,noisy,0.316261,0.391275,0.009639,1,
id0303,id0431,crop,noisy,0.281837,0.377721,0.006909,1,
id0303,id0437,crop,noisy,0.364532,0.376440,0.007922,1,
id0303,id0441,crop,noisy,0.259329,0.252550,0.010480,1,
id0303,id0447,crop,noisy,0.307803,0.388609,0.002438,1,
id0303,id0460,crop,noisy,0.326023,0.494929,0.010766,1,
id0303,id0462,crop,noisy,0.339708,0.420990,0.006951,1,
id0303,id0465,crop,noisy,0.309077,0.263229,0.009178,1,
id0303,id0466,crop,noisy,0.300962,0.369409,0.003942,1,
id0303,id0468,crop,noisy,0.395582,0.499660,0.014430,1,
id0303,id0470,crop,noisy,0.376945,0.357973,0.010502,1,
id0303,id0476,crop,noisy,0.312311,0.403598,0.005996,1,
id0303,id0486,crop,noisy,0.390507,0.463348,0.008652,1,
id0303,id0491,crop,noisy,0.310261,0.373978,0.007660,1,
id0303,id0498,crop,noisy,0.359843,0.444030,0.010888,1,
id0319,id0321,crop,noisy,0.407739,0.481076,0.002395,1,
id0319,id0326,crop,noisy,0.395357,0.577478,0.003274,1,
id0319,id0328,crop,noisy,0.413922,0.451805,0.003470,1,
id0319,id0330,crop,noisy,0.276872,0.406960,0.004736,1,
id0319,id0342,crop,noisy,0.330047,0.375362,0.006128,1,
id0319,id0346,crop,noisy,0.387830,0.493219,0.006624,1,
id0319,id0363,crop,noisy,0.427745,0.508658,0.007680,1,
id0319,id0367,crop,noisy,0.465456,0.522740,0.008568,1,
id0319,id0368,crop,noisy,0.337215,0.454666,0.004801,1,
id0319,id0369,crop,noisy,0.354007,0.579761,0.002576,1,
id0319,id0372,crop,noisy,0.352848,0.456415,0.004448,1,
id0319,id0373,crop,noisy,0.482736,0.601963,0.004571,1,
id0319,id0374,crop,noisy,0.442941,0.572273,0.003628,1,
id0319,id0378,crop,noisy,0.322198,0.427729,0.004606,1,
id0319,id0381,crop,noisy,0.357664,0.521562,0.004807,1,
id0319,id0382,crop,noisy,0.331552,0.337738,0.005832,1,
id0319,id0392,crop,noisy,0.430548,0.479110,0.007293,1,
id0319,id0396,crop,noisy,0.441490,0.540812,0.009262,1,
id0319,id0398,crop,noisy,0.364952,0.517598,0.004812,1,
id0319,id0399,crop,noisy,0.345903,0.370306,0.002813,1,
id0319,id0401,crop,noisy,0.346127,0.397193,0.006441,1,
id0319,id0402,crop,noisy,0.273239,0.378340,0.005274,1,
id0319,id0404,crop,noisy,0.307969,0.372770,0.004850,1,
id0319,id0411,crop,noisy,0.305891,0.312703,0.007229,1,
id0319,id0412,crop,noisy,0.314316,0.371927,0.005928,1,
id0319,id0418,crop,noisy,0.426953,0.546944,0.004895,1,
id0319,id0421,crop,noisy,0.325239,0.414381,0.006040,1,
id0319,id0422,crop,noisy,0.325309,0.450041,0.005186,1,
id0319,id0431,crop,noisy,0.318871,0.427480,0.003780,1,
id0319,id0437,crop,noisy,0.423191,0.583675,0.003697,1,
id0319,id0441,crop,noisy,0.265412,0.304080,0.005314,1,
id0319,id0447,crop,noisy,0.409884,0.517068,0.001665,1,
id0319,id0460,crop,noisy,0.294302,0.501699,0.005478,1,
id0319,id0462,crop,noisy,0.334840,0.446310,0.003675,1,
id0319,id0465,crop,noisy,0.271479,0.321440,0.004740,1,
id0319,id0466,crop,noisy,0.322221,0.473705,0.002024,1,
id0319,id0468,crop,noisy,0.376413,0.473153,0.009005,1,
id0319,id0470,crop,noisy,0.319552,0.435204,0.005954,1,
id0319,id0476,crop,noisy,0.380351,0.519978,0.003407,1,
id0319,id0486,crop,noisy,0.449569,0.469049,0.005012,1,
id0319,id0491,crop,noisy,0.368333,0.494276,0.003704,1,
id0319,id0498,crop,noisy,0.367319,0.486607,0.006043,1,
id0321,id0326,crop,noisy,0.423003,0.600612,0.007110,1,
id0321,id0328,crop,noisy,0.304802,0.391080,0.009003,1,
id0321,id0330,crop,noisy,0.355449,0.494029,0.012348,1,
id0321,id0342,crop,noisy,0.388202,0.498865,0.014468,1,
id0321,id0346,crop,noisy,0.347467,0.485905,0.011985,1,
id0321,id0363,crop,noisy,0.456856,0.642771,0.015271,1,
id0321,id0367,crop,noisy,0.430016,0.556569,0.015668,1,
id0321,id0368,crop,noisy,0.311532,0.469000,0.009226,1,
id0321,id0369,crop,noisy,0.302517,0.413009,0.005673,1,
id0321,id0372,crop,noisy,0.363331,0.457769,0.010429,1,
id0321,id0373,crop,noisy,0.292954,0.396509,0.007967,1,
id0321,id0374,crop,noisy,0.342143,0.390891,0.007612,1,
id0321,id0378,crop,noisy,0.317455,0.441463,0.011183,1,
id0321,id0381,crop,noisy,0.297181,0.482430,0.009307,1,
id0321,id0382,crop,noisy,0.376441,0.535308,0.012255,1,
id0321,id0392,crop,noisy,0.306567,0.451703,0.013976,1,
id0321,id0396,crop,noisy,0.407204,0.628044,0.015912,1,
id0321,id0398,crop,noisy,0.439474,0.589903,0.009786,1,
id0321,id0399,crop,noisy,0.266040,0.317983,0.007634,1,
id0321,id0401,crop,noisy,0.347909,0.455427,0.014790,1,
id0321,id0402,crop,noisy,0.312151,0.481579,0.011138,1,
id0321,id0404,crop,noisy,0.350908,0.506069,0.010502,1,
id0321,id0411,crop,noisy,0.395667,0.593550,0.016737,1,
id0321,id0412,crop,noisy,0.325181,0.484384,0.011936,1,
id0321,id0418,crop,noisy,0.344246,0.517650,0.009867,1,
id0321,id0421,crop,noisy,0.335926,0.507977,0.012258,1,
id0321,id0422,crop,noisy,0.323898,0.491887,0.010754,1,
id0321,id0431,crop,noisy,0.380116,0.517786,0.009044,1,
id0321,id0437,crop,noisy,0.354109,0.485468,0.010831,1,
id0321,id0441,crop,noisy,0.328977,0.460245,0.013584,1,
id0321,id0447,crop,noisy,0.330557,0.422843,0.003260,1,
id0321,id0460,crop,noisy,0.303301,0.561022,0.011457,1,
id0321,id0462,crop,noisy,0.374892,0.501321,0.007651,1,
id0321,id0465,crop,noisy,0.313161,0.401395,0.011495,1,
id0321,id0466,crop,noisy,0.342075,0.432644,0.004422,1,
id0321,id0468,crop,noisy,0.485337,0.711529,0.017362,1,
id0321,id0470,crop,noisy,0.375209,0.496977,0.012557,1,
id0321,id0476,crop,noisy,0.263298,0.403186,0.006369,1,
id0321,id0486,crop,noisy,0.309606,0.443462,0.008593,1,
id0321,id0491,crop,noisy,0.268454,0.452209,0.009216,1,
id0321,id0498,crop,noisy,0.316486,0.493342,0.012314,1,
id0326,id0328,crop,noisy,0.377632,0.486465,0.014198,1,
id0326,id0330,crop,noisy,0.418216,0.560296,0.017710,1,
id0326,id0342,crop,noisy,0.355142,0.504227,0.020516,1,
id0326,id0346,crop,noisy,0.365976,0.563785,0.017309,1,
id0326,id0363,crop,noisy,0.366558,0.652432,0.021717,1,
id0326,id0367,crop,noisy,0.384413,0.539722,0.022295,1,
id0326,id0368,crop,noisy,0.271800,0.461509,0.014217,1,
id0326,id0369,crop,noisy,0.270679,0.380618,0.010087,1,
id0326,id0372,crop,noisy,0.365913,0.450479,0.016534,1,
id0326,id0373,crop,noisy,0.407007,0.543077,0.012968,1,
id0326,id0374,crop,noisy,0.577327,0.695501,0.013558,1,
id0326,id0378,crop,noisy,0.368324,0.597303,0.017062,1,
id0326,id0381,crop,noisy,0.344318,0.500773,0.015016,1,
id0326,id0382,crop,noisy,0.376705,0.517330,0.018290,1,
id0326,id0392,crop,noisy,0.432039,0.565474,0.020223,1,
id0326,id0396,crop,noisy,0.397663,0.623811,0.023550,1,
id0326,id0398,crop,noisy,0.322376,0.424414,0.012932,1,
id0326,id0399,crop,noisy,0.410277,0.473492,0.013162,1,
id0326,id0401,crop,noisy,0.455033,0.610779,0.021248,1,
id0326,id0402,crop,noisy,0.334037,0.502434,0.017011,1,
id0326,id0404,crop,noisy,0.365503,0.505644,0.015407,1,
id0326,id0411,crop,noisy,0.466823,0.670366,0.023470,1,
id0326,id0412,crop,noisy,0.290672,0.423334,0.018237,1,
id0326,id0418,crop,noisy,0.369137,0.521845,0.014782,1,
id0326,id0421,crop,noisy,0.372173,0.565020,0.019084,1,
id0326,id0422,crop,noisy,0.332177,0.501803,0.015657,1,
id0326,id0431,crop,noisy,0.240278,0.342152,0.013365,1,
id0326,id0437,crop,noisy,0.452002,0.603438,0.016681,1,
id0326,id0441,crop,noisy,0.397708,0.539433,0.019528,1,
id0326,id0447,crop,noisy,0.323934,0.340434,0.006082,1,
id0326,id0460,crop,noisy,0.357179,0.663272,0.017822,1,
id0326,id0462,crop,noisy,0.250464,0.347873,0.011850,1,
id0326,id0465,crop,noisy,0.415202,0.569321,0.016859,1,
id0326,id0466,crop,noisy,0.310854,0.355178,0.008155,1,
id0326,id0468,crop,noisy,0.407540,0.635187,0.022568,1,
id0326,id0470,crop,noisy,0.365509,0.500468,0.017726,1,
id0326,id0476,crop,noisy,0.327154,0.449116,0.010775,1,
id0326,id0486,crop,noisy,0.439296,0.555747,0.013753,1,
id0326,id0491,crop,noisy,0.438021,0.602996,0.014745,1,
id0326,id0498,crop,noisy,0.476795,0.696288,0.018510,1,
id0328,id0330,crop,noisy,0.322535,0.378855,0.010740,1,
id0328,id0342,crop,noisy,0.281492,0.375030,0.013202,1,
id0328,id0346,crop,noisy,0.344374,0.440025,0.011350,1,
id0328,id0363,crop,noisy,0.367638,0.581625,0.014634,1,
id0328,id0367,crop,noisy,0.381502,0.448365,0.014943,1,
id0328,id0368,crop,noisy,0.312911,0.441864,0.008531,1,
id0328,id0369,crop,noisy,0.249979,0.369969,0.005275,1,
id0328,id0372,crop,noisy,0.376371,0.341240,0.009656,1,
id0328,id0373,crop,noisy,0.281678,0.393644,0.006907,1,
id0328,id0374,crop,noisy,0.447384,0.463257,0.006236,1,
id0328,id0378,crop,noisy,0.276565,0.343422,0.008986,1,
id0328,id0381,crop,noisy,0.360409,0.469277,0.009574,1,
id0328,id0382,crop,noisy,0.403268,0.566336,0.012266,1,
id0328,id0392,crop,noisy,0.319820,0.406451,0.013049,1,
id0328,id0396,crop,noisy,0.299634,0.567861,0.015762,1,
id0328,id0398,crop,noisy,0.415648,0.571415,0.009627,1,
id0328,id0399,crop,noisy,0.233608,0.392589,0.007035,1,
id0328,id0401,crop,noisy,0.283959,0.338607,0.012641,1,
id0328,id0402,crop,noisy,0.356381,0.456184,0.010865,1,
id0328,id0404,crop,noisy,0.386884,0.520420,0.010269,1,
id0328,id0411,crop,noisy,0.395953,0.587000,0.015518,1,
id0328,id0412,crop,noisy,0.321731,0.458058,0.011975,1,
id0328,id0418,crop,noisy,0.430385,0.492747,0.009944,1,
id0328,id0421,crop,noisy,0.350255,0.487933,0.011827,1,
id0328,id0422,crop,noisy,0.289057,0.419713,0.009762,1,
id0328,id0431,crop,noisy,0.333081,0.509644,0.009114,1,
id0328,id0437,crop,noisy,0.290098,0.210005,0.008234,1,
id0328,id0441,crop,noisy,0.302854,0.386993,0.011930,1,
id0328,id0447,crop,noisy,0.310737,0.456777,0.002776,1,
id0328,id0460,crop,noisy,0.328287,0.506794,0.010726,1,
id0328,id0462,crop,noisy,0.309158,0.514967,0.007624,1,
id0328,id0465,crop,noisy,0.324432,0.410550,0.010391,1,
id0328,id0466,crop,noisy,0.335037,0.431959,0.004224,1,
id0328,id0468,crop,noisy,0.477004,0.646230,0.016513,1,
id0328,id0470,crop,noisy,0.373068,0.435327,0.012041,1,
id0328,id0476,crop,noisy,0.281686,0.387454,0.005730,1,
id0328,id0486,crop,noisy,0.368877,0.574808,0.008739,1,
id0328,id0491,crop,noisy,0.268788,0.315961,0.007044,1,
id0328,id0498,crop,noisy,0.392076,0.525552,0.010865,1,
id0330,id0342,crop,noisy,0.232973,0.291413,0.004934,1,
id0330,id0346,crop,noisy,0.326657,0.459815,0.005014,1,
id0330,id0363,crop,noisy,0.420534,0.584827,0.006914,1,
id0330,id0367,crop,noisy,0.407424,0.528512,0.007226,1,
id0330,id0368,crop,noisy,0.331181,0.472848,0.004072,1,
id0330,id0369,crop,noisy,0.297370,0.451018,0.001841,1,
id0330,id0372,crop,noisy,0.319068,0.431083,0.003604,1,
id0330,id0373,crop,noisy,0.407759,0.500513,0.003987,1,
id0330,id0374,crop,noisy,0.390597,0.455199,0.003106,1,
id0330,id0378,crop,noisy,0.304272,0.418255,0.004476,1,
id0330,id0381,crop,noisy,0.340109,0.513109,0.004218,1,
id0330,id0382,crop,noisy,0.356874,0.489061,0.004643,1,
id0330,id0392,crop,noisy,0.328691,0.422156,0.005864,1,
id0330,id0396,crop,noisy,0.429811,0.560772,0.008400,1,
id0330,id0398,crop,noisy,0.360275,0.511775,0.003399,1,
id0330,id0399,crop,noisy,0.308936,0.343490,0.002676,1,
id0330,id0401,crop,noisy,0.261059,0.298627,0.005338,1,
id0330,id0402,crop,noisy,0.273692,0.431951,0.004290,1,
id0330,id0404,crop,noisy,0.265464,0.372024,0.003409,1,
id0330,id0411,crop,noisy,0.288563,0.442355,0.005918,1,
id0330,id0412,crop,noisy,0.334360,0.450926,0.004971,1,
id0330,id0418,crop,noisy,0.398158,0.571204,0.003816,1,
id0330,id0421,crop,noisy,0.342846,0.514747,0.005264,1,
id0330,id0422,crop,noisy,0.271975,0.386131,0.004065,1,
id0330,id0431,crop,noisy,0.322271,0.453589,0.002881,1,
id0330,id0437,crop,noisy,0.307730,0.424978,0.003194,1,
id0330,id0441,crop,noisy,0.195143,0.318272,0.004462,1,
id0330,id0447,crop,noisy,0.420334,0.478360,0.002107,1,
id0330,id0460,crop,noisy,0.310165,0.556438,0.004894,1,
id0330,id0462,crop,noisy,0.369629,0.480372,0.002893,1,
id0330,id0465,crop,noisy,0.232647,0.347857,0.003960,1,
id0330,id0466,crop,noisy,0.331813,0.414235,0.001588,1,
id0330,id0468,crop,noisy,0.393437,0.555653,0.006955,1,
id0330,id0470,crop,noisy,0.285121,0.407059,0.004646,1,
id0330,id0476,crop,noisy,0.347893,0.473818,0.003176,1,
id0330,id0486,crop,noisy,0.420132,0.510285,0.004138,1,
id0330,id0491,crop,noisy,0.286580,0.411160,0.003342,1,
id0330,id0498,crop,noisy,0.320551,0.529069,0.005427,1,
id0342,id0346,crop,noisy,0.276333,0.417603,0.008228,1,
id0342,id0363,crop,noisy,0.301401,0.532514,0.010671,1,
id0342,id0367,crop,noisy,0.312452,0.458733,0.010957,1,
id0342,id0368,crop,noisy,0.294670,0.445709,0.006419,1,
id0342,id0369,crop,noisy,0.316160,0.458445,0.003682,1,
id0342,id0372,crop,noisy,0.330193,0.385378,0.006736,1,
id0342,id0373,crop,noisy,0.382927,0.505394,0.005880,1,
id0342,id0374,crop,noisy,0.516839,0.515055,0.005356,1,
id0342,id0378,crop,noisy,0.290480,0.407067,0.006932,1,
id0342,id0381,crop,noisy,0.346875,0.488742,0.007178,1,
id0342,id0382,crop,noisy,0.331366,0.437652,0.008662,1,
id0342,id0392,crop,noisy,0.297494,0.394653,0.009794,1,
id0342,id0396,crop,noisy,0.306749,0.522053,0.012402,1,
id0342,id0398,crop,noisy,0.340221,0.461930,0.005579,1,
id0342,id0399,crop,noisy,0.319991,0.361715,0.004893,1,
id0342,id0401,crop,noisy,0.277139,0.277780,0.008541,1,
id0342,id0402,crop,noisy,0.283805,0.397832,0.007585,1,
id0342,id0404,crop,noisy,0.266655,0.351553,0.006526,1,
id0342,id0411,crop,noisy,0.309387,0.431351,0.010652,1,
id0342,id0412,crop,noisy,0.309444,0.397591,0.008579,1,
id0342,id0418,crop,noisy,0.384567,0.528995,0.006706,1,
id0342,id0421,crop,noisy,0.306102,0.470159,0.009186,1,
id0342,id0422,crop,noisy,0.203653,0.352267,0.006521,1,
id0342,id0431,crop,noisy,0.252889,0.402380,0.005224,1,
id0342,id0437,crop,noisy,0.341223,0.425299,0.005985,1,
id0342,id0441,crop,noisy,0.213583,0.288424,0.007934,1,
id0342,id0447,crop,noisy,0.422758,0.472446,0.002322,1,
id0342,id0460,crop,noisy,0.271319,0.518417,0.008091,1,
id0342,id0462,crop,noisy,0.306693,0.436462,0.005228,1,
id0342,id0465,crop,noisy,0.288142,0.322953,0.006914,1,
id0342,id0466,crop,noisy,0.356388,0.407116,0.002902,1,
id0342,id0468,crop,noisy,0.336417,0.491192,0.011349,1,
id0342,id0470,crop,noisy,0.248571,0.352825,0.007667,1,
id0342,id0476,crop,noisy,0.374314,0.478628,0.004827,1,
id0342,id0486,crop,noisy,0.384077,0.506640,0.006669,1,
id0342,id0491,crop,noisy,0.349160,0.425425,0.005840,1,
id0342,id0498,crop,noisy,0.375161,0.538037,0.008785,1,
id0346,id0363,crop,noisy,0.316403,0.437323,0.010928,1,
id0346,id0367,crop,noisy,0.256252,0.375104,0.010845,1,
id0346,id0368,crop,noisy,0.294868,0.404255,0.005903,1,
id0346,id0369,crop,noisy,0.353427,0.523706,0.003425,1,
id0346,id0372,crop,noisy,0.318903,0.415111,0.007068,1,
id0346,id0373,crop,noisy,0.306943,0.419508,0.004826,1,
id0346,id0374,crop,noisy,0.483211,0.523937,0.005118,1,
id0346,id0378,crop,noisy,0.309723,0.409845,0.007994,1,
id0346,id0381,crop,noisy,0.264761,0.394189,0.006196,1,
id0346,id0382,crop,noisy,0.295496,0.361246,0.008016,1,
id0346,id0392,crop,noisy,0.234055,0.247289,0.009102,1,
id0346,id0396,crop,noisy,0.295619,0.394942,0.011574,1,
id0346,id0398,crop,noisy,0.353234,0.478743,0.005524,1,
id0346,id0399,crop,noisy,0.356888,0.418294,0.005351,1,
id0346,id0401,crop,noisy,0.310402,0.357533,0.010037,1,
id0346,id0402,crop,noisy,0.216638,0.327667,0.007186,1,
id0346,id0404,crop,noisy,0.242733,0.299599,0.006646,1,
id0346,id0411,crop,noisy,0.350019,0.471399,0.012068,1,
id0346,id0412,crop,noisy,0.261003,0.345060,0.008318,1,
id0346,id0418,crop,noisy,0.309785,0.469990,0.006156,1,
id0346,id0421,crop,noisy,0.268256,0.368176,0.008457,1,
id0346,id0422,crop,noisy,0.190227,0.287919,0.006465,1,
id0346,id0431,crop,noisy,0.295257,0.481147,0.005783,1,
id0346,id0437,crop,noisy,0.393996,0.535360,0.007506,1,
id0346,id0441,crop,noisy,0.285192,0.358779,0.009400,1,
id0346,id0447,crop,noisy,0.482238,0.586118,0.002759,1,
id0346,id0460,crop,noisy,0.246573,0.406376,0.007889,1,
id0346,id0462,crop,noisy,0.321531,0.369197,0.004047,1,
id0346,id0465,crop,noisy,0.287571,0.318512,0.007173,1,
id0346,id0466,crop,noisy,0.404390,0.485416,0.002841,1,
id0346,id0468,crop,noisy,0.343245,0.456563,0.011751,1,
id0346,id0470,crop,noisy,0.255571,0.326553,0.008064,1,
id0346,id0476,crop,noisy,0.377751,0.459867,0.004099,1,
id0346,id0486,crop,noisy,0.320555,0.359321,0.004980,1,
id0346,id0491,crop,noisy,0.324709,0.430686,0.006033,1,
id0346,id0498,crop,noisy,0.325334,0.469956,0.008268,1,
id0363,id0367,crop,noisy,0.326670,0.304950,0.005951,1,
id0363,id0368,crop,noisy,0.323885,0.224739,0.002619,1,
id0363,id0369,crop,noisy,0.430454,0.511980,0.002254,1,
id0363,id0372,crop,noisy,0.451468,0.368204,0.003816,1,
id0363,id0373,crop,noisy,0.383348,0.346914,0.002206,1,
id0363,id0374,crop,noisy,0.566471,0.530991,0.002895,1,
id0363,id0378,crop,noisy,0.319935,0.293751,0.003491,1,
id0363,id0381,crop,noisy,0.388863,0.246926,0.002937,1,
id0363,id0382,crop,noisy,0.358069,0.381346,0.005250,1,
id0363,id0392,crop,noisy,0.317842,0.320309,0.005171,1,
id0363,id0396,crop,noisy,0.279469,0.322705,0.006557,1,
id0363,id0398,crop,noisy,0.475361,0.529608,0.004299,1,
id0363,id0399,crop,noisy,0.363578,0.368935,0.002638,1,
id0363,id0401,crop,noisy,0.409478,0.438625,0.005720,1,
id0363,id0402,crop,noisy,0.334026,0.257406,0.003781,1,
id0363,id0404,crop,noisy,0.340849,0.299418,0.003649,1,
id0363,id0411,crop,noisy,0.372674,0.452746,0.007038,1,
id0363,id0412,crop,noisy,0.351477,0.302513,0.004649,1,
id0363,id0418,crop,noisy,0.427077,0.422122,0.003409,1,
id0363,id0421,crop,noisy,0.264742,0.275588,0.004508,1,
id0363,id0422,crop,noisy,0.262706,0.205779,0.003041,1,
id0363,id0431,crop,noisy,0.358492,0.474026,0.003480,1,
id0363,id0437,crop,noisy,0.493949,0.525284,0.004437,1,
id0363,id0441,crop,noisy,0.342511,0.344874,0.004989,1,
id0363,id0447,crop,noisy,0.482377,0.513319,0.001831,1,
id0363,id0460,crop,noisy,0.261565,0.258810,0.003749,1,
id0363,id0462,crop,noisy,0.335670,0.316739,0.002473,1,
id0363,id0465,crop,noisy,0.403938,0.367606,0.003990,1,
id0363,id0466,crop,noisy,0.441681,0.392753,0.001834,1,
id0363,id0468,crop,noisy,0.362503,0.471370,0.007301,1,
id0363,id0470,crop,noisy,0.407080,0.369558,0.004785,1,
id0363,id0476,crop,noisy,0.410480,0.346963,0.001881,1,
id0363,id0486,crop,noisy,0.358021,0.359474,0.002749,1,
id0363,id0491,crop,noisy,0.395805,0.347460,0.002975,1,
id0363,id0498,crop,noisy,0.381126,0.424018,0.003912,1,
id0367,id0368,crop,noisy,0.366408,0.369185,0.004043,1,
id0367,id0369,crop,noisy,0.426351,0.410350,0.002969,1,
id0367,id0372,crop,noisy,0.284217,0.323671,0.005256,1,
id0367,id0373,crop,noisy,0.315371,0.406806,0.003532,1,
id0367,id0374,crop,noisy,0.628638,0.569407,0.003905,1,
id0367,id0378,crop,noisy,0.318378,0.445505,0.005345,1,
id0367,id0381,crop,noisy,0.295684,0.394770,0.004601,1,
id0367,id0382,crop,noisy,0.417932,0.456724,0.006857,1,
id0367,id0392,crop,noisy,0.301725,0.385433,0.006917,1,
id0367,id0396,crop,noisy,0.322883,0.485999,0.009043,1,
id0367,id0398,crop,noisy,0.416602,0.455759,0.005180,1,
id0367,id0399,crop,noisy,0.458551,0.422906,0.003812,1,
id0367,id0401,crop,noisy,0.408185,0.444580,0.007049,1,
id0367,id0402,crop,noisy,0.278348,0.380615,0.005312,1,
id0367,id0404,crop,noisy,0.294452,0.430370,0.005378,1,
id0367,id0411,crop,noisy,0.461591,0.544798,0.009277,1,
id0367,id0412,crop,noisy,0.311972,0.355946,0.006215,1,
id0367,id0418,crop,noisy,0.283030,0.429658,0.004683,1,
id0367,id0421,crop,noisy,0.356864,0.418480,0.006214,1,
id0367,id0422,crop,noisy,0.273158,0.338813,0.004348,1,
id0367,id0431,crop,noisy,0.348589,0.404759,0.004520,1,
id0367,id0437,crop,noisy,0.370097,0.477125,0.005717,1,
id0367,id0441,crop,noisy,0.359278,0.393440,0.006689,1,
id0367,id0447,crop,noisy,0.550887,0.434244,0.002296,1,
id0367,id0460,crop,noisy,0.304741,0.482531,0.005667,1,
id0367,id0462,crop,noisy,0.415099,0.357603,0.003659,1,
id0367,id0465,crop,noisy,0.436692,0.435503,0.005190,1,
id0367,id0466,crop,noisy,0.488193,0.353945,0.002329,1,
id0367,id0468,crop,noisy,0.406067,0.527647,0.009127,1,
id0367,id0470,crop,noisy,0.283134,0.377788,0.006269,1,
id0367,id0476,crop,noisy,0.453345,0.377650,0.002501,1,
id0367,id0486,crop,noisy,0.473376,0.474980,0.004005,1,
id0367,id0491,crop,noisy,0.393893,0.422523,0.004545,1,
id0367,id0498,crop,noisy,0.442060,0.533290,0.005551,1,
id0368,id0369,crop,noisy,0.278135,0.412382,0.010135,1,
id0368,id0372,crop,noisy,0.339419,0.429838,0.016240,1,
id0368,id0373,crop,noisy,0.323270,0.379344,0.012024,1,
id0368,id0374,crop,noisy,0.424353,0.465402,0.012120,1,
id0368,id0378,crop,noisy,0.273512,0.413901,0.016583,1,
id0368,id0381,crop,noisy,0.279138,0.385903,0.014364,1,
id0368,id0382,crop,noisy,0.349536,0.423689,0.018979,1,
id0368,id0392,crop,noisy,0.328979,0.403728,0.020234,1,
id0368,id0396,crop,noisy,0.319289,0.524033,0.022880,1,
id0368,id0398,crop,noisy,0.367813,0.502623,0.014646,1,
id0368,id0399,crop,noisy,0.305552,0.299528,0.012902,1,
id0368,id0401,crop,noisy,0.363195,0.470885,0.021378,1,
id0368,id0402,crop,noisy,0.264642,0.383820,0.016764,1,
id0368,id0404,crop,noisy,0.313792,0.400163,0.015798,1,
id0368,id0411,crop,noisy,0.383470,0.513659,0.023719,1,
id0368,id0412,crop,noisy,0.277275,0.376933,0.018552,1,
id0368,id0418,crop,noisy,0.360971,0.513557,0.015471,1,
id0368,id0421,crop,noisy,0.246977,0.391142,0.018205,1,
id0368,id0422,crop,noisy,0.244065,0.368959,0.015512,1,
id0368,id0431,crop,noisy,0.277444,0.437882,0.014427,1,
id0368,id0437,crop,noisy,0.395894,0.532224,0.016488,1,
id0368,id0441,crop,noisy,0.288680,0.406084,0.019596,1,
id0368,id0447,crop,noisy,0.305555,0.349269,0.006113,1,
id0368,id0460,crop,noisy,0.239035,0.492299,0.017043,1,
id0368,id0462,crop,noisy,0.245476,0.337274,0.012178,1,
id0368,id0465,crop,noisy,0.316165,0.426503,0.017424,1,
id0368,id0466,crop,noisy,0.255650,0.334867,0.007730,1,
id0368,id0468,crop,noisy,0.377307,0.570974,0.023621,1,
id0368,id0470,crop,noisy,0.327615,0.456185,0.018424,1,
id0368,id0476,crop,noisy,0.221592,0.319673,0.009887,1,
id0368,id0486,crop,noisy,0.329100,0.353315,0.013332,1,
id0368,id0491,crop,noisy,0.302179,0.420197,0.013590,1,
id0368,id0498,crop,noisy,0.312178,0.455787,0.017470,1,
id0369,id0372,crop,noisy,0.347727,0.447039,0.017758,1,
id0369,id0373,crop,noisy,0.308865,0.464803,0.014240,1,
id0369,id0374,crop,noisy,0.439228,0.508816,0.013382,1,
id0369,id0378,crop,noisy,0.319610,0.531723,0.018216,1,
id0369,id0381,crop,noisy,0.330092,0.549540,0.017021,1,
id0369,id0382,crop,noisy,0.376796,0.583291,0.020029,1,
id0369,id0392,crop,noisy,0.380153,0.520250,0.022512,1,
id0369,id0396,crop,noisy,0.375339,0.679838,0.025824,1,
id0369,id0398,crop,noisy,0.333605,0.518580,0.015797,1,
id0369,id0399,crop,noisy,0.293778,0.393877,0.014088,1,
id0369,id0401,crop,noisy,0.372611,0.498083,0.023233,1,
id0369,id0402,crop,noisy,0.333655,0.536883,0.019085,1,
id0369,id0404,crop,noisy,0.370975,0.556790,0.017598,1,
id0369,id0411,crop,noisy,0.405657,0.659185,0.025110,1,
id0369,id0412,crop,noisy,0.302253,0.512817,0.020370,1,
id0369,id0418,crop,noisy,0.396910,0.569216,0.017182,1,
id0369,id0421,crop,noisy,0.371761,0.593533,0.020646,1,
id0369,id0422,crop,noisy,0.304319,0.512434,0.018071,1,
id0369,id0431,crop,noisy,0.286435,0.458490,0.015816,1,
id0369,id0437,crop,noisy,0.320811,0.437286,0.016781,1,
id0369,id0441,crop,noisy,0.335377,0.511162,0.021290,1,
id0369,id0447,crop,noisy,0.259280,0.332972,0.006812,1,
id0369,id0460,crop,noisy,0.341006,0.668426,0.019396,1,
id0369,id0462,crop,noisy,0.254366,0.480010,0.013678,1,
id0369,id0465,crop,noisy,0.341972,0.516255,0.019209,1,
id0369,id0466,crop,noisy,0.216423,0.371713,0.008651,1,
id0369,id0468,crop,noisy,0.454635,0.708185,0.025626,1,
id0369,id0470,crop,noisy,0.359321,0.510172,0.020491,1,
id0369,id0476,crop,noisy,0.241311,0.427975,0.012240,1,
id0369,id0486,crop,noisy,0.383549,0.548753,0.015601,1,
id0369,id0491,crop,noisy,0.308094,0.498858,0.014882,1,
id0369,id0498,crop,noisy,0.420813,0.626630,0.020139,1,
id0372,id0373,crop,noisy,0.393890,0.395940,0.006690,1,
id0372,id0374,crop,noisy,0.553656,0.530925,0.006394,1,
id0372,id0378,crop,noisy,0.305931,0.369642,0.008993,1,
id0372,id0381,crop,noisy,0.251565,0.390236,0.008426,1,
id0372,id0382,crop,noisy,0.399647,0.443935,0.010752,1,
id0372,id0392,crop,noisy,0.391991,0.342539,0.012026,1,
id0372,id0396,crop,noisy,0.417764,0.474474,0.014488,1,
id0372,id0398,crop,noisy,0.346982,0.451481,0.007509,1,
id0372,id0399,crop,noisy,0.440006,0.393981,0.006484,1,
id0372,id0401,crop,noisy,0.382928,0.347290,0.012100,1,
id0372,id0402,crop,noisy,0.244836,0.351119,0.009557,1,
id0372,id0404,crop,noisy,0.270722,0.411762,0.008566,1,
id0372,id0411,crop,noisy,0.450043,0.509825,0.014103,1,
id0372,id0412,crop,noisy,0.258469,0.328213,0.010528,1,
id0372,id0418,crop,noisy,0.256923,0.358832,0.008284,1,
id0372,id0421,crop,noisy,0.398139,0.409423,0.011043,1,
id0372,id0422,crop,noisy,0.321812,0.353417,0.008810,1,
id0372,id0431,crop,noisy,0.318000,0.385018,0.007113,1,
id0372,id0437,crop,noisy,0.306321,0.368937,0.008329,1,
id0372,id0441,crop,noisy,0.332090,0.322265,0.010951,1,
id0372,id0447,crop,noisy,0.485227,0.446480,0.002312,1,
id0372,id0460,crop,noisy,0.336339,0.448712,0.009956,1,
id0372,id0462,crop,noisy,0.401520,0.395119,0.006406,1,
id0372,id0465,crop,noisy,0.363217,0.346262,0.009447,1,
id0372,id0466,crop,noisy,0.414976,0.372157,0.003384,1,
id0372,id0468,crop,noisy,0.400486,0.534039,0.014565,1,
id0372,id0470,crop,noisy,0.235245,0.310460,0.009993,1,
id0372,id0476,crop,noisy,0.412583,0.391721,0.005469,1,
id0372,id0486,crop,noisy,0.510439,0.499672,0.007753,1,
id0372,id0491,crop,noisy,0.354563,0.363875,0.007139,1,
id0372,id0498,crop,noisy,0.431900,0.515583,0.010697,1,
id0373,id0374,crop,noisy,0.469390,0.464014,0.006812,1,
id0373,id0378,crop,noisy,0.297376,0.491326,0.010286,1,
id0373,id0381,crop,noisy,0.277948,0.458596,0.008746,1,
id0373,id0382,crop,noisy,0.455828,0.645039,0.012835,1,
id0373,id0392,crop,noisy,0.301899,0.526650,0.013321,1,
id0373,id0396,crop,noisy,0.295011,0.605463,0.015061,1,
id0373,id0398,crop,noisy,0.479281,0.656518,0.010776,1,
id0373,id0399,crop,noisy,0.340529,0.398408,0.007823,1,
id0373,id0401,crop,noisy,0.412575,0.599879,0.015026,1,
id0373,id0402,crop,noisy,0.334375,0.530698,0.010800,1,
id0373,id0404,crop,noisy,0.399653,0.574841,0.010721,1,
id0373,id0411,crop,noisy,0.454953,0.697158,0.016927,1,
id0373,id0412,crop,noisy,0.368775,0.551729,0.012401,1,
id0373,id0418,crop,noisy,0.351211,0.611920,0.010270,1,
id0373,id0421,crop,noisy,0.342958,0.562977,0.011615,1,
id0373,id0422,crop,noisy,0.307924,0.478007,0.009769,1,
id0373,id0431,crop,noisy,0.406537,0.590614,0.010411,1,
id0373,id0437,crop,noisy,0.360031,0.547686,0.011198,1,
id0373,id0441,crop,noisy,0.376048,0.565967,0.013824,1,
id0373,id0447,crop,noisy,0.405099,0.404289,0.003717,1,
id0373,id0460,crop,noisy,0.300464,0.593696,0.010693,1,
id0373,id0462,crop,noisy,0.377932,0.489526,0.007549,1,
id0373,id0465,crop,noisy,0.415658,0.591621,0.011681,1,
id0373,id0466,crop,noisy,0.372974,0.407577,0.004750,1,
id0373,id0468,crop,noisy,0.529465,0.769146,0.016966,1,
id0373,id0470,crop,noisy,0.409604,0.600919,0.012999,1,
id0373,id0476,crop,noisy,0.290062,0.333470,0.005398,1,
id0373,id0486,crop,noisy,0.365975,0.480860,0.007536,1,
id0373,id0491,crop,noisy,0.265997,0.448617,0.008330,1,
id0373,id0498,crop,noisy,0.384710,0.563083,0.010514,1,
id0374,id0378,crop,noisy,0.466171,0.478883,0.004689,1,
id0374,id0381,crop,noisy,0.471812,0.577273,0.004086,1,
id0374,id0382,crop,noisy,0.449944,0.635503,0.006470,1,
id0374,id0392,crop,noisy,0.444586,0.511293,0.006801,1,
id0374,id0396,crop,noisy,0.554511,0.716752,0.008377,1,
id0374,id0398,crop,noisy,0.588294,0.766689,0.006821,1,
id0374,id0399,crop,noisy,0.314847,0.332096,0.002741,1,
id0374,id0401,crop,noisy,0.382946,0.493809,0.007406,1,
id0374,id0402,crop,noisy,0.446936,0.584139,0.005251,1,
id0374,id0404,crop,noisy,0.491666,0.607788,0.005748,1,
id0374,id0411,crop,noisy,0.402865,0.593784,0.008638,1,
id0374,id0412,crop,noisy,0.495529,0.623742,0.006165,1,
id0374,id0418,crop,noisy,0.560807,0.681323,0.005258,1,
id0374,id0421,crop,noisy,0.417540,0.556608,0.005158,1,
id0374,id0422,crop,noisy,0.469122,0.567354,0.004996,1,
id0374,id0431,crop,noisy,0.536374,0.693520,0.005400,1,
id0374,id0437,crop,noisy,0.482325,0.541868,0.004514,1,
id0374,id0441,crop,noisy,0.385741,0.490663,0.006592,1,
id0374,id0447,crop,noisy,0.436110,0.507493,0.001715,1,
id0374,id0460,crop,noisy,0.403737,0.618312,0.004971,1,
id0374,id0462,crop,noisy,0.487800,0.630511,0.003691,1,
id0374,id0465,crop,noisy,0.344692,0.486272,0.005628,1,
id0374,id0466,crop,noisy,0.391009,0.509483,0.001576,1,
id0374,id0468,crop,noisy,0.595522,0.815292,0.010276,1,
id0374,id0470,crop,noisy,0.527500,0.651036,0.007264,1,
id0374,id0476,crop,noisy,0.350434,0.436188,0.002056,1,
id0374,id0486,crop,noisy,0.376420,0.471302,0.003659,1,
id0374,id0491,crop,noisy,0.327227,0.417241,0.002974,1,
id0374,id0498,crop,noisy,0.293935,0.411924,0.004787,1,
id0378,id0381,crop,noisy,0.258883,0.445197,0.010217,1,
id0378,id0382,crop,noisy,0.375325,0.462115,0.013370,1,
id0378,id0392,crop,noisy,0.282779,0.357680,0.014302,1,
id0378,id0396,crop,noisy,0.341484,0.513632,0.016591,1,
id0378,id0398,crop,noisy,0.436635,0.610307,0.010986,1,
id0378,id0399,crop,noisy,0.299539,0.279177,0.007627,1,
id0378,id0401,crop,noisy,0.327158,0.320784,0.014082,1,
id0378,id0402,crop,noisy,0.239892,0.399528,0.011776,1,
id0378,id0404,crop,noisy,0.317791,0.438538,0.011375,1,
id0378,id0411,crop,noisy,0.368724,0.459450,0.016513,1,
id0378,id0412,crop,noisy,0.286274,0.424405,0.012802,1,
id0378,id0418,crop,noisy,0.318898,0.557696,0.010932,1,
id0378,id0421,crop,noisy,0.248029,0.389183,0.012574,1,
id0378,id0422,crop,noisy,0.260000,0.376746,0.010833,1,
id0378,id0431,crop,noisy,0.351046,0.554936,0.010189,1,
id0378,id0437,crop,noisy,0.271075,0.426237,0.009375,1,
id0378,id0441,crop,noisy,0.264786,0.355448,0.013156,1,
id0378,id0447,crop,noisy,0.404842,0.476889,0.003007,1,
id0378,id0460,crop,noisy,0.224651,0.425464,0.011522,1,
id0378,id0462,crop,noisy,0.355400,0.485859,0.008458,1,
id0378,id0465,crop,noisy,0.333051,0.335984,0.011521,1,
id0378,id0466,crop,noisy,0.375135,0.469473,0.004870,1,
id0378,id0468,crop,noisy,0.421750,0.591425,0.017946,1,
id0378,id0470,crop,noisy,0.348253,0.461289,0.013356,1,
id0378,id0476,crop,noisy,0.312932,0.384402,0.006361,1,
id0378,id0486,crop,noisy,0.404509,0.393795,0.009331,1,
id0378,id0491,crop,noisy,0.243114,0.318719,0.007800,1,
id0378,id0498,crop,noisy,0.296324,0.358745,0.011495,1,
id0381,id0382,crop,noisy,0.377482,0.470461,0.013611,1,
id0381,id0392,crop,noisy,0.304762,0.353388,0.014363,1,
id0381,id0396,crop,noisy,0.353904,0.403977,0.016433,1,
id0381,id0398,crop,noisy,0.401344,0.558000,0.010618,1,
id0381,id0399,crop,noisy,0.365413,0.331763,0.008460,1,
id0381,id0401,crop,noisy,0.380073,0.493727,0.015862,1,
id0381,id0402,crop,noisy,0.189996,0.333671,0.011656,1,
id0381,id0404,crop,noisy,0.256773,0.389806,0.010739,1,
id0381,id0411,crop,noisy,0.421998,0.566812,0.017979,1,
id0381,id0412,crop,noisy,0.272537,0.353130,0.013108,1,
id0381,id0418,crop,noisy,0.252667,0.430316,0.010647,1,
id0381,id0421,crop,noisy,0.305261,0.351258,0.012907,1,
id0381,id0422,crop,noisy,0.257963,0.310111,0.010605,1,
id0381,id0431,crop,noisy,0.335173,0.472250,0.010218,1,
id0381,id0437,crop,noisy,0.337790,0.504685,0.012021,1,
id0381,id0441,crop,noisy,0.304663,0.406722,0.014332,1,
id0381,id0447,crop,noisy,0.441186,0.438426,0.003889,1,
id0381,id0460,crop,noisy,0.237167,0.379595,0.011745,1,
id0381,id0462,crop,noisy,0.358762,0.315635,0.008005,1,
id0381,id0465,crop,noisy,0.346624,0.427386,0.012176,1,
id0381,id0466,crop,noisy,0.371010,0.334845,0.004790,1,
id0381,id0468,crop,noisy,0.427909,0.613677,0.018080,1,
id0381,id0470,crop,noisy,0.305041,0.442252,0.013238,1,
id0381,id0476,crop,noisy,0.317799,0.248451,0.006308,1,
id0381,id0486,crop,noisy,0.403657,0.367103,0.008658,1,
id0381,id0491,crop,noisy,0.270061,0.348512,0.009331,1,
id0381,id0498,crop,noisy,0.328005,0.462687,0.012251,1,
id0382,id0392,crop,noisy,0.336285,0.367919,0.003752,1,
id0382,id0396,crop,noisy,0.391719,0.489735,0.006054,1,
id0382,id0398,crop,noisy,0.328842,0.453806,0.001990,1,
id0382,id0399,crop,noisy,0.330464,0.439923,0.001939,1,
id0382,id0401,crop,noisy,0.314808,0.405973,0.004235,1,
id0382,id0402,crop,noisy,0.265893,0.340571,0.002736,1,
id0382,id0404,crop,noisy,0.239586,0.325354,0.002278,1,
id0382,id0411,crop,noisy,0.245869,0.306361,0.004672,1,
id0382,id0412,crop,noisy,0.233227,0.317683,0.002883,1,
id0382,id0418,crop,noisy,0.404473,0.487538,0.002018,1,
id0382,id0421,crop,noisy,0.306134,0.351841,0.003574,1,
id0382,id0422,crop,noisy,0.308426,0.414203,0.003063,1,
id0382,id0431,crop,noisy,0.314524,0.448945,0.001583,1,
id0382,id0437,crop,noisy,0.490222,0.645578,0.002988,1,
id0382,id0441,crop,noisy,0.295433,0.347214,0.003534,1,
id0382,id0447,crop,noisy,0.458357,0.592230,0.001891,1,
id0382,id0460,crop,noisy,0.283278,0.462458,0.003494,1,
id0382,id0462,crop,noisy,0.270189,0.402363,0.001418,1,
id0382,id0465,crop,noisy,0.279857,0.304621,0.002549,1,
id0382,id0466,crop,noisy,0.386882,0.536194,0.001667,1,
id0382,id0468,crop,noisy,0.248895,0.344383,0.004768,1,
id0382,id0470,crop,noisy,0.304610,0.353967,0.003061,1,
id0382,id0476,crop,noisy,0.405574,0.553546,0.002421,1,
id0382,id0486,crop,noisy,0.283578,0.372802,0.002290,1,
id0382,id0491,crop,noisy,0.396245,0.531022,0.003065,1,
id0382,id0498,crop,noisy,0.334916,0.451181,0.004039,1,
id0392,id0396,crop,noisy,0.318582,0.458994,0.009742,1,
id0392,id0398,crop,noisy,0.445610,0.515890,0.004990,1,
id0392,id0399,crop,noisy,0.311636,0.361902,0.003828,1,
id0392,id0401,crop,noisy,0.307914,0.340191,0.007685,1,
id0392,id0402,crop,noisy,0.263153,0.351759,0.005610,1,
id0392,id0404,crop,noisy,0.296270,0.372458,0.005216,1,
id0392,id0411,crop,noisy,0.348857,0.447239,0.009463,1,
id0392,id0412,crop,noisy,0.325721,0.371516,0.006349,1,
id0392,id0418,crop,noisy,0.370062,0.484286,0.004812,1,
id0392,id0421,crop,noisy,0.259913,0.363646,0.006551,1,
id0392,id0422,crop,noisy,0.252434,0.328032,0.005083,1,
id0392,id0431,crop,noisy,0.349446,0.504766,0.004510,1,
id0392,id0437,crop,noisy,0.364464,0.492884,0.005703,1,
id0392,id0441,crop,noisy,0.263996,0.336463,0.006945,1,
id0392,id0447,crop,noisy,0.452529,0.533351,0.001836,1,
id0392,id0460,crop,noisy,0.258632,0.434163,0.006161,1,
id0392,id0462,crop,noisy,0.380229,0.412570,0.003563,1,
id0392,id0465,crop,noisy,0.301825,0.318671,0.005421,1,
id0392,id0466,crop,noisy,0.416769,0.479683,0.002393,1,
id0392,id0468,crop,noisy,0.404677,0.501597,0.009477,1,
id0392,id0470,crop,noisy,0.330755,0.376191,0.006539,1,
id0392,id0476,crop,noisy,0.357637,0.399844,0.002754,1,
id0392,id0486,crop,noisy,0.313447,0.351072,0.004114,1,
id0392,id0491,crop,noisy,0.267808,0.368531,0.004495,1,
id0392,id0498,crop,noisy,0.292905,0.386894,0.005941,1,
id0396,id0398,crop,noisy,0.434064,0.554087,0.004568,1,
id0396,id0399,crop,noisy,0.368911,0.491664,0.003009,1,
id0396,id0401,crop,noisy,0.420079,0.521343,0.006307,1,
id0396,id0402,crop,noisy,0.331562,0.352044,0.003737,1,
id0396,id0404,crop,noisy,0.341950,0.387611,0.003783,1,
id0396,id0411,crop,noisy,0.431370,0.636195,0.008108,1,
id0396,id0412,crop,noisy,0.334044,0.351706,0.004655,1,
id0396,id0418,crop,noisy,0.423745,0.468054,0.003983,1,
id0396,id0421,crop,noisy,0.322661,0.430648,0.004461,1,
id0396,id0422,crop,noisy,0.230366,0.291857,0.002846,1,
id0396,id0431,crop,noisy,0.359612,0.510714,0.004091,1,
id0396,id0437,crop,noisy,0.474152,0.546190,0.004709,1,
id0396,id0441,crop,noisy,0.372539,0.481015,0.005865,1,
id0396,id0447,crop,noisy,0.448912,0.595038,0.002448,1,
id0396,id0460,crop,noisy,0.270844,0.364287,0.003465,1,
id0396,id0462,crop,noisy,0.277450,0.362183,0.002271,1,
id0396,id0465,crop,noisy,0.403751,0.500171,0.004416,1,
id0396,id0466,crop,noisy,0.406411,0.482404,0.002146,1,
id0396,id0468,crop,noisy,0.421676,0.567080,0.007549,1,
id0396,id0470,crop,noisy,0.354499,0.409789,0.004792,1,
id0396,id0476,crop,noisy,0.378272,0.414414,0.002000,1,
id0396,id0486,crop,noisy,0.328229,0.481942,0.002356,1,
id0396,id0491,crop,noisy,0.391823,0.438517,0.003116,1,
id0396,id0498,crop,noisy,0.437012,0.600784,0.004336,1,
id0398,id0399,crop,noisy,0.457229,0.589583,0.004600,1,
id0398,id0401,crop,noisy,0.417295,0.535177,0.006688,1,
id0398,id0402,crop,noisy,0.327117,0.433653,0.004932,1,
id0398,id0404,crop,noisy,0.322935,0.421597,0.003865,1,
id0398,id0411,crop,noisy,0.423926,0.559169,0.007473,1,
id0398,id0412,crop,noisy,0.298256,0.376932,0.005211,1,
id0398,id0418,crop,noisy,0.373546,0.437098,0.003352,1,
id0398,id0421,crop,noisy,0.453945,0.575903,0.006974,1,
id0398,id0422,crop,noisy,0.348143,0.483100,0.005067,1,
id0398,id0431,crop,noisy,0.260728,0.274980,0.002415,1,
id0398,id0437,crop,noisy,0.478185,0.638675,0.005864,1,
id0398,id0441,crop,noisy,0.391508,0.498372,0.006158,1,
id0398,id0447,crop,noisy,0.459389,0.558964,0.003522,1,
id0398,id0460,crop,noisy,0.406621,0.648576,0.006601,1,
id0398,id0462,crop,noisy,0.295371,0.402605,0.002952,1,
id0398,id0465,crop,noisy,0.342753,0.485837,0.004347,1,
id0398,id0466,crop,noisy,0.393692,0.524745,0.003546,1,
id0398,id0468,crop,noisy,0.313317,0.404017,0.006163,1,
id0398,id0470,crop,noisy,0.262555,0.301488,0.004000,1,
id0398,id0476,crop,noisy,0.430725,0.616271,0.004941,1,
id0398,id0486,crop,noisy,0.462028,0.598888,0.004701,1,
id0398,id0491,crop,noisy,0.489895,0.660152,0.006520,1,
id0398,id0498,crop,noisy,0.516975,0.726232,0.007689,1,
id0399,id0401,crop,noisy,0.277777,0.385432,0.010128,1,
id0399,id0402,crop,noisy,0.334493,0.451948,0.007853,1,
id0399,id0404,crop,noisy,0.383984,0.465721,0.007738,1,
id0399,id0411,crop,noisy,0.317708,0.461337,0.011785,1,
id0399,id0412,crop,noisy,0.342022,0.457284,0.008693,1,
id0399,id0418,crop,noisy,0.453455,0.602612,0.007308,1,
id0399,id0421,crop,noisy,0.285345,0.432026,0.008481,1,
id0399,id0422,crop,noisy,0.297708,0.460595,0.007464,1,
id0399,id0431,crop,noisy,0.367184,0.535387,0.006572,1,
id0399,id0437,crop,noisy,0.366427,0.505573,0.006385,1,
id0399,id0441,crop,noisy,0.260331,0.364402,0.008972,1,
id0399,id0447,crop,noisy,0.282595,0.416943,0.001571,1,
id0399,id0460,crop,noisy,0.273197,0.521545,0.007927,1,
id0399,id0462,crop,noisy,0.309046,0.492122,0.005376,1,
id0399,id0465,crop,noisy,0.269685,0.360734,0.007751,1,
id0399,id0466,crop,noisy,0.293099,0.431497,0.002588,1,
id0399,id0468,crop,noisy,0.457013,0.653181,0.013425,1,
id0399,id0470,crop,noisy,0.411378,0.528064,0.009485,1,
id0399,id0476,crop,noisy,0.261795,0.392106,0.003667,1,
id0399,id0486,crop,noisy,0.275961,0.388176,0.006041,1,
id0399,id0491,crop,noisy,0.256791,0.400725,0.005192,1,
id0399,id0498,crop,noisy,0.287418,0.382431,0.007797,1,
id0401,id0402,crop,noisy,0.321851,0.452913,0.004514,1,
id0401,id0404,crop,noisy,0.329277,0.458851,0.004405,1,
id0401,id0411,crop,noisy,0.270475,0.453761,0.006370,1,
id0401,id0412,crop,noisy,0.315868,0.473375,0.004862,1,
id0401,id0418,crop,noisy,0.434160,0.562489,0.003850,1,
id0401,id0421,crop,noisy,0.338303,0.472614,0.005173,1,
id0401,id0422,crop,noisy,0.306677,0.429879,0.004051,1,
id0401,id0431,crop,noisy,0.353495,0.572758,0.003035,1,
id0401,id0437,crop,noisy,0.344696,0.410156,0.002634,1,
id0401,id0441,crop,noisy,0.197266,0.328079,0.004334,1,
id0401,id0447,crop,noisy,0.432471,0.626826,0.001666,1,
id0401,id0460,crop,noisy,0.310484,0.494676,0.004960,1,
id0401,id0462,crop,noisy,0.401666,0.580487,0.003286,1,
id0401,id0465,crop,noisy,0.195767,0.296640,0.003468,1,
id0401,id0466,crop,noisy,0.401225,0.580747,0.001947,1,
id0401,id0468,crop,noisy,0.422057,0.545082,0.007711,1,
id0401,id0470,crop,noisy,0.332081,0.409718,0.004906,1,
id0401,id0476,crop,noisy,0.391364,0.548628,0.002711,1,
id0401,id0486,crop,noisy,0.385273,0.554692,0.004192,1,
id0401,id0491,crop,noisy,0.305484,0.407759,0.003016,1,
id0401,id0498,crop,noisy,0.300450,0.475855,0.004829,1,
id0402,id0404,crop,noisy,0.183373,0.274588,0.006158,1,
id0402,id0411,crop,noisy,0.303578,0.374017,0.011231,1,
id0402,id0412,crop,noisy,0.214635,0.278964,0.007870,1,
id0402,id0418,crop,noisy,0.254257,0.443669,0.005891,1,
id0402,id0421,crop,noisy,0.241344,0.303688,0.007918,1,
id0402,id0422,crop,noisy,0.238289,0.289187,0.006309,1,
id0402,id0431,crop,noisy,0.281636,0.410264,0.005333,1,
id0402,id0437,crop,noisy,0.368647,0.537246,0.006751,1,
id0402,id0441,crop,noisy,0.235409,0.298367,0.008580,1,
id0402,id0447,crop,noisy,0.453887,0.476735,0.001771,1,
id0402,id0460,crop,noisy,0.200218,0.382669,0.007241,1,
id0402,id0462,crop,noisy,0.295920,0.305228,0.004008,1,
id0402,id0465,crop,noisy,0.275577,0.286007,0.006927,1,
id0402,id0466,crop,noisy,0.365052,0.398956,0.002291,1,
id0402,id0468,crop,noisy,0.305624,0.437307,0.011511,1,
id0402,id0470,crop,noisy,0.223321,0.333431,0.007769,1,
id0402,id0476,crop,noisy,0.337777,0.390168,0.003515,1,
id0402,id0486,crop,noisy,0.348275,0.284203,0.004904,1,
id0402,id0491,crop,noisy,0.297275,0.390200,0.005438,1,
id0402,id0498,crop,noisy,0.289693,0.400030,0.007696,1,
id0404,id0411,crop,noisy,0.309587,0.379822,0.013009,1,
id0404,id0412,crop,noisy,0.218146,0.387231,0.009732,1,
id0404,id0418,crop,noisy,0.301484,0.560110,0.007514,1,
id0404,id0421,crop,noisy,0.319044,0.446187,0.010701,1,
id0404,id0422,crop,noisy,0.229009,0.360320,0.008398,1,
id0404,id0431,crop,noisy,0.283628,0.461598,0.006266,1,
id0404,id0437,crop,noisy,0.410840,0.631167,0.008930,1,
id0404,id0441,crop,noisy,0.250451,0.366879,0.010420,1,
id0404,id0447,crop,noisy,0.503725,0.583410,0.003236,1,
id0404,id0460,crop,noisy,0.243574,0.499833,0.009815,1,
id0404,id0462,crop,noisy,0.311853,0.405868,0.005749,1,
id0404,id0465,crop,noisy,0.284854,0.335656,0.008887,1,
id0404,id0466,crop,noisy,0.409648,0.501283,0.003692,1,
id0404,id0468,crop,noisy,0.274039,0.416688,0.012845,1,
id0404,id0470,crop,noisy,0.198381,0.375144,0.009127,1,
id0404,id0476,crop,noisy,0.416856,0.545902,0.006205,1,
id0404,id0486,crop,noisy,0.364966,0.380159,0.007399,1,
id0404,id0491,crop,noisy,0.366881,0.524694,0.008157,1,
id0404,id0498,crop,noisy,0.354615,0.511637,0.011057,1,
id0411,id0412,crop,noisy,0.349532,0.459233,0.003144,1,
id0411,id0418,crop,noisy,0.438750,0.585435,0.002492,1,
id0411,id0421,crop,noisy,0.295364,0.410748,0.003226,1,
id0411,id0422,crop,noisy,0.332680,0.465094,0.003166,1,
id0411,id0431,crop,noisy,0.357571,0.554674,0.001863,1,
id0411,id0437,crop,noisy,0.456442,0.609630,0.001862,1,
id0411,id0441,crop,noisy,0.214827,0.293228,0.002308,1,
id0411,id0447,crop,noisy,0.490217,0.620735,0.002695,1,
id0411,id0460,crop,noisy,0.296883,0.506088,0.003289,1,
id0411,id0462,crop,noisy,0.377575,0.535470,0.002301,1,
id0411,id0465,crop,noisy,0.280850,0.292051,0.002362,1,
id0411,id0466,crop,noisy,0.384575,0.557281,0.001993,1,
id0411,id0468,crop,noisy,0.322885,0.437383,0.004490,1,
id0411,id0470,crop,noisy,0.353529,0.443701,0.003171,1,
id0411,id0476,crop,noisy,0.420208,0.587026,0.003058,1,
id0411,id0486,crop,noisy,0.324308,0.444379,0.003314,1,
id0411,id0491,crop,noisy,0.356798,0.479504,0.002433,1,
id0411,id0498,crop,noisy,0.308693,0.383889,0.003534,1,
id0412,id0418,crop,noisy,0.286749,0.451549,0.007736,1,
id0412,id0421,crop,noisy,0.302943,0.371265,0.010233,1,
id0412,id0422,crop,noisy,0.253256,0.351884,0.008455,1,
id0412,id0431,crop,noisy,0.261738,0.362215,0.006638,1,
id0412,id0437,crop,noisy,0.386717,0.534440,0.008239,1,
id0412,id0441,crop,noisy,0.300312,0.358578,0.010579,1,
id0412,id0447,crop,noisy,0.408681,0.476040,0.002147,1,
id0412,id0460,crop,noisy,0.263142,0.469878,0.009669,1,
id0412,id0462,crop,noisy,0.258951,0.318508,0.005739,1,
id0412,id0465,crop,noisy,0.302869,0.341485,0.008799,1,
id0412,id0466,crop,noisy,0.359976,0.445434,0.003498,1,
id0412,id0468,crop,noisy,0.308968,0.425355,0.013863,1,
id0412,id0470,crop,noisy,0.257752,0.324696,0.009857,1,
id0412,id0476,crop,noisy,0.347668,0.440268,0.005021,1,
id0412,id0486,crop,noisy,0.368430,0.389137,0.007040,1,
id0412,id0491,crop,noisy,0.339943,0.471998,0.007136,1,
id0412,id0498,crop,noisy,0.364585,0.496482,0.009990,1,
id0418,id0421,crop,noisy,0.369229,0.456798,0.015921,1,
id0418,id0422,crop,noisy,0.322775,0.418622,0.013103,1,
id0418,id0431,crop,noisy,0.344582,0.373708,0.010351,1,
id0418,id0437,crop,noisy,0.390005,0.569555,0.013691,1,
id0418,id0441,crop,noisy,0.367867,0.436544,0.015969,1,
id0418,id0447,crop,noisy,0.516494,0.479047,0.004700,1,
id0418,id0460,crop,noisy,0.307640,0.528957,0.015129,1,
id0418,id0462,crop,noisy,0.410867,0.384655,0.009634,1,
id0418,id0465,crop,noisy,0.422876,0.400801,0.013378,1,
id0418,id0466,crop,noisy,0.453255,0.436671,0.006388,1,
id0418,id0468,crop,noisy,0.391486,0.501114,0.019293,1,
id0418,id0470,crop,noisy,0.307819,0.330765,0.014322,1,
id0418,id0476,crop,noisy,0.403558,0.461149,0.008798,1,
id0418,id0486,crop,noisy,0.470327,0.471578,0.011445,1,
id0418,id0491,crop,noisy,0.373128,0.522118,0.012311,1,
id0418,id0498,crop,noisy,0.401312,0.551462,0.015538,1,
id0421,id0422,crop,noisy,0.257735,0.385460,0.006170,1,
id0421,id0431,crop,noisy,0.330757,0.514656,0.005764,1,
id0421,id0437,crop,noisy,0.395903,0.568078,0.005887,1,
id0421,id0441,crop,noisy,0.256471,0.336425,0.007952,1,
id0421,id0447,crop,noisy,0.407444,0.485699,0.001554,1,
id0421,id0460,crop,noisy,0.201648,0.401095,0.006496,1,
id0421,id0462,crop,noisy,0.326840,0.384678,0.004175,1,
id0421,id0465,crop,noisy,0.329783,0.350261,0.006706,1,
id0421,id0466,crop,noisy,0.346490,0.436829,0.002040,1,
id0421,id0468,crop,noisy,0.360513,0.530734,0.011860,1,
id0421,id0470,crop,noisy,0.382815,0.472014,0.008331,1,
id0421,id0476,crop,noisy,0.297387,0.372656,0.002829,1,
id0421,id0486,crop,noisy,0.305494,0.285648,0.004621,1,
id0421,id0491,crop,noisy,0.275356,0.386637,0.004212,1,
id0421,id0498,crop,noisy,0.234395,0.313886,0.006436,1,
id0422,id0431,crop,noisy,0.263494,0.419870,0.007154,1,
id0422,id0437,crop,noisy,0.369047,0.543192,0.008741,1,
id0422,id0441,crop,noisy,0.248051,0.378341,0.010803,1,
id0422,id0447,crop,noisy,0.406360,0.464268,0.002690,1,
id0422,id0460,crop,noisy,0.194269,0.487975,0.009298,1,
id0422,id0462,crop,noisy,0.272742,0.332666,0.005657,1,
id0422,id0465,crop,noisy,0.287564,0.383551,0.008989,1,
id0422,id0466,crop,noisy,0.334963,0.390211,0.003262,1,
id0422,id0468,crop,noisy,0.315886,0.482539,0.013491,1,
id0422,id0470,crop,noisy,0.241271,0.377161,0.009744,1,
id0422,id0476,crop,noisy,0.306629,0.409179,0.004911,1,
id0422,id0486,crop,noisy,0.307596,0.365851,0.006612,1,
id0422,id0491,crop,noisy,0.304982,0.449232,0.007198,1,
id0422,id0498,crop,noisy,0.327702,0.503754,0.009835,1,
id0431,id0437,crop,noisy,0.406171,0.529725,0.008811,1,
id0431,id0441,crop,noisy,0.298886,0.409396,0.010563,1,
id0431,id0447,crop,noisy,0.341002,0.416864,0.002721,1,
id0431,id0460,crop,noisy,0.330717,0.594915,0.010606,1,
id0431,id0462,crop,noisy,0.266161,0.361182,0.006135,1,
id0431,id0465,crop,noisy,0.326847,0.419508,0.008730,1,
id0431,id0466,crop,noisy,0.284583,0.407982,0.004095,1,
id0431,id0468,crop,noisy,0.305890,0.473880,0.013104,1,
id0431,id0470,crop,noisy,0.247632,0.313910,0.009076,1,
id0431,id0476,crop,noisy,0.337154,0.515597,0.006274,1,
id0431,id0486,crop,noisy,0.418949,0.558622,0.008184,1,
id0431,id0491,crop,noisy,0.386687,0.564881,0.008518,1,
id0431,id0498,crop,noisy,0.434914,0.657747,0.011622,1,
id0437,id0441,crop,noisy,0.336689,0.504950,0.016188,1,
id0437,id0447,crop,noisy,0.415288,0.541621,0.005061,1,
id0437,id0460,crop,noisy,0.383953,0.656969,0.015804,1,
id0437,id0462,crop,noisy,0.470101,0.670899,0.011972,1,
id0437,id0465,crop,noisy,0.394984,0.520550,0.014957,1,
id0437,id0466,crop,noisy,0.405369,0.542451,0.006937,1,
id0437,id0468,crop,noisy,0.537403,0.777862,0.022302,1,
id0437,id0470,crop,noisy,0.411726,0.579481,0.017329,1,
id0437,id0476,crop,noisy,0.370798,0.538225,0.009949,1,
id0437,id0486,crop,noisy,0.534355,0.702328,0.013899,1,
id0437,id0491,crop,noisy,0.259729,0.442316,0.010620,1,
id0437,id0498,crop,noisy,0.409972,0.631387,0.016005,1,
id0441,id0447,crop,noisy,0.405120,0.528536,0.002387,1,
id0441,id0460,crop,noisy,0.215857,0.483904,0.008863,1,
id0441,id0462,crop,noisy,0.343782,0.508453,0.006139,1,
id0441,id0465,crop,noisy,0.198906,0.240870,0.007420,1,
id0441,id0466,crop,noisy,0.325193,0.484479,0.003243,1,
id0441,id0468,crop,noisy,0.351042,0.516397,0.012879,1,
id0441,id0470,crop,noisy,0.280436,0.423882,0.008922,1,
id0441,id0476,crop,noisy,0.339167,0.477539,0.004932,1,
id0441,id0486,crop,noisy,0.358541,0.463272,0.007397,1,
id0441,id0491,crop,noisy,0.262593,0.370859,0.005938,1,
id0441,id0498,crop,noisy,0.261249,0.375668,0.008827,1,
id0447,id0460,crop,noisy,0.417431,0.635308,0.020791,1,
id0447,id0462,crop,noisy,0.315803,0.483742,0.015776,1,
id0447,id0465,crop,noisy,0.407628,0.527886,0.020006,1,
id0447,id0466,crop,noisy,0.235278,0.355450,0.010300,1,
id0447,id0468,crop,noisy,0.545201,0.717507,0.027410,1,
id0447,id0470,crop,noisy,0.484035,0.539294,0.021955,1,
id0447,id0476,crop,noisy,0.232137,0.394342,0.012589,1,
id0447,id0486,crop,noisy,0.426920,0.564610,0.017292,1,
id0447,id0491,crop,noisy,0.362332,0.508170,0.016484,1,
id0447,id0498,crop,noisy,0.457734,0.606378,0.020840,1,
id0460,id0462,crop,noisy,0.293692,0.366810,0.004917,1,
id0460,id0465,crop,noisy,0.279804,0.346212,0.007798,1,
id0460,id0466,crop,noisy,0.331595,0.434890,0.002521,1,
id0460,id0468,crop,noisy,0.351528,0.520703,0.012642,1,
id0460,id0470,crop,noisy,0.302722,0.439057,0.008900,1,
id0460,id0476,crop,noisy,0.304470,0.377849,0.003618,1,
id0460,id0486,crop,noisy,0.296735,0.269988,0.005389,1,
id0460,id0491,crop,noisy,0.258366,0.376783,0.005365,1,
id0460,id0498,crop,noisy,0.238959,0.361273,0.007745,1,
id0462,id0465,crop,noisy,0.320385,0.432758,0.017169,1,
id0462,id0466,crop,noisy,0.267492,0.370610,0.007925,1,
id0462,id0468,crop,noisy,0.355113,0.492026,0.023687,1,
id0462,id0470,crop,noisy,0.322122,0.389361,0.018247,1,
id0462,id0476,crop,noisy,0.285703,0.404496,0.010751,1,
id0462,id0486,crop,noisy,0.295444,0.369581,0.013588,1,
id0462,id0491,crop,noisy,0.396071,0.491533,0.014288,1,
id0462,id0498,crop,noisy,0.418402,0.551893,0.018507,1,
id0465,id0466,crop,noisy,0.345851,0.497195,0.001356,1,
id0465,id0468,crop,noisy,0.385231,0.499039,0.005528,1,
id0465,id0470,crop,noisy,0.280135,0.365816,0.003091,1,
id0465,id0476,crop,noisy,0.349491,0.482545,0.001972,1,
id0465,id0486,crop,noisy,0.331163,0.422328,0.002394,1,
id0465,id0491,crop,noisy,0.311850,0.419222,0.002612,1,
id0465,id0498,crop,noisy,0.281236,0.392517,0.003652,1,
id0466,id0468,crop,noisy,0.455653,0.695306,0.026318,1,
id0466,id0470,crop,noisy,0.403579,0.530702,0.021042,1,
id0466,id0476,crop,noisy,0.228243,0.375564,0.012221,1,
id0466,id0486,crop,noisy,0.395492,0.491179,0.016245,1,
id0466,id0491,crop,noisy,0.306731,0.464938,0.015423,1,
id0466,id0498,crop,noisy,0.399153,0.564773,0.020284,1,
id0468,id0470,crop,noisy,0.301538,0.367136,0.001747,1,
id0468,id0476,crop,noisy,0.478503,0.690700,0.003480,1,
id0468,id0486,crop,noisy,0.422627,0.557521,0.002833,1,
id0468,id0491,crop,noisy,0.488188,0.673436,0.003969,1,
id0468,id0498,crop,noisy,0.444195,0.647905,0.004067,1,
id0470,id0476,crop,noisy,0.419072,0.571980,0.004021,1,
id0470,id0486,crop,noisy,0.415587,0.501293,0.004583,1,
id0470,id0491,crop,noisy,0.400990,0.556790,0.005736,1,
id0470,id0498,crop,noisy,0.419937,0.600729,0.007390,1,
id0476,id0486,crop,noisy,0.332094,0.414605,0.014347,1,
id0476,id0491,crop,noisy,0.255288,0.394337,0.014110,1,
id0476,id0498,crop,noisy,0.325334,0.450012,0.017312,1,
id0486,id0491,crop,noisy,0.387684,0.522147,0.004395,1,
id0486,id0498,crop,noisy,0.318965,0.404620,0.005785,1,
id0491,id0498,crop,noisy,0.263266,0.367837,0.014975,1,
