subject_a,subject_b,topology_a,topology_b,gt_distance,latent_distance,raw_chamfer,n_mesh_pairs,mesh_pair_index
id0001,id0004,original,crop,0.322800,0.383218,0.015866,1,
id0001,id0018,original,crop,0.366204,0.459310,0.009949,1,
id0001,id0020,original,crop,0.345168,0.450608,0.009066,1,
id0001,id0026,original,crop,0.465494,0.453576,0.005583,1,
id0001,id0027,original,crop,0.364464,0.412854,0.009021,1,
id0001,id0041,original,crop,0.287332,0.430929,0.007981,1,
id0001,id0042,original,crop,0.491159,0.572766,0.005028,1,
id0001,id0045,original,crop,0.360608,0.352163,0.006965,1,
id0001,id0048,original,crop,0.335410,0.333747,0.010648,1,
id0001,id0056,original,crop,0.350707,0.530189,0.007446,1,
id0001,id0062,original,crop,0.483203,0.531296,0.005644,1,
id0001,id0069,original,crop,0.345951,0.510612,0.007529,1,
id0001,id0071,original,crop,0.455894,0.575933,0.003594,1,
id0001,id0072,original,crop,0.337381,0.407187,0.010874,1,
id0001,id0075,original,crop,0.409765,0.448314,0.004064,1,
id0001,id0080,original,crop,0.454938,0.481659,0.004708,1,
id0001,id0081,original,crop,0.402132,0.500389,0.015091,1,
id0001,id0086,original,crop,0.362781,0.449897,0.010410,1,
id0001,id0088,original,crop,0.287890,0.436231,0.015971,1,
id0001,id0097,original,crop,0.271231,0.362678,0.006133,1,
id0001,id0100,original,crop,0.340169,0.388894,0.005836,1,
id0001,id0106,original,crop,0.399704,0.508320,0.010099,1,
id0001,id0107,original,crop,0.313481,0.410363,0.012254,1,
id0001,id0110,original,crop,0.337847,0.338886,0.006022,1,
id0001,id0113,original,crop,0.369655,0.484168,0.012127,1,
id0001,id0115,original,crop,0.352460,0.369161,0.007942,1,
id0001,id0130,original,crop,0.292304,0.391145,0.008351,1,
id0001,id0132,original,crop,0.290086,0.379511,0.010993,1,
id0001,id0136,original,crop,0.364559,0.460728,0.013217,1,
id0001,id0153,original,crop,0.290769,0.492505,0.020059,1,
id0001,id0161,original,crop,0.321011,0.409615,0.014348,1,
id0001,id0169,original,crop,0.339859,0.422272,0.010731,1,
id0001,id0182,original,crop,0.353581,0.402756,0.009813,1,
id0001,id0183,original,crop,0.377801,0.562245,0.021906,1,
id0001,id0186,original,crop,0.276798,0.389508,0.009952,1,
id0001,id0197,original,crop,0.349722,0.397128,0.008570,1,
id0001,id0199,original,crop,0.333997,0.560461,0.016131,1,
id0001,id0206,original,crop,0.582220,0.627290,0.007264,1,
id0001,id0207,original,crop,0.366138,0.452482,0.011194,1,
id0001,id0208,original,crop,0.272983,0.367764,0.015145,1,
id0001,id0212,original,crop,0.421550,0.371136,0.004408,1,
id0001,id0220,original,crop,0.352810,0.353024,0.005735,1,
id0001,id0222,original,crop,0.346686,0.372135,0.015685,1,
id0001,id0224,original,crop,0.400929,0.522285,0.014291,1,
id0001,id0233,original,crop,0.285536,0.484316,0.018958,1,
id0001,id0239,original,crop,0.522106,0.629265,0.007448,1,
id0001,id0242,original,crop,0.298460,0.400634,0.011716,1,
id0001,id0246,original,crop,0.385500,0.441508,0.005884,1,
id0001,id0258,original,crop,0.322260,0.434887,0.007302,1,
id0001,id0273,original,crop,0.281542,0.453721,0.008299,1,
id0001,id0275,original,crop,0.283546,0.374603,0.015372,1,
id0001,id0285,original,crop,0.310977,0.409244,0.013533,1,
id0001,id0290,original,crop,0.412985,0.586289,0.015927,1,
id0001,id0296,original,crop,0.295725,0.390256,0.019960,1,
id0001,id0299,original,crop,0.273174,0.319264,0.012523,1,
id0001,id0303,original,crop,0.274224,0.351233,0.011446,1,
id0001,id0319,original,crop,0.418635,0.391458,0.006185,1,
id0001,id0321,original,crop,0.346538,0.427058,0.012781,1,
id0001,id0326,original,crop,0.362382,0.454145,0.020500,1,
id0001,id0328,original,crop,0.260064,0.452115,0.012632,1,
id0001,id0330,original,crop,0.382978,0.470146,0.005805,1,
id0001,id0342,original,crop,0.302526,0.435101,0.009513,1,
id0001,id0346,original,crop,0.364628,0.450385,0.010023,1,
id0001,id0363,original,crop,0.316617,0.343208,0.005309,1,
id0001,id0367,original,crop,0.400716,0.408274,0.007085,1,
id0001,id0368,original,crop,0.278228,0.348015,0.019912,1,
id0001,id0369,original,crop,0.323987,0.503679,0.021825,1,
id0001,id0372,original,crop,0.441989,0.382477,0.011519,1,
id0001,id0373,original,crop,0.348212,0.493846,0.013413,1,
id0001,id0374,original,crop,0.441220,0.502625,0.006010,1,
id0001,id0378,original,crop,0.309927,0.385912,0.013359,1,
id0001,id0381,original,crop,0.386134,0.326866,0.014280,1,
id0001,id0382,original,crop,0.362844,0.427056,0.003960,1,
id0001,id0392,original,crop,0.343611,0.430515,0.007795,1,
id0001,id0396,original,crop,0.337015,0.442206,0.005603,1,
id0001,id0398,original,crop,0.483421,0.574468,0.007621,1,
id0001,id0399,original,crop,0.220824,0.331523,0.008690,1,
id0001,id0401,original,crop,0.325417,0.506217,0.005470,1,
id0001,id0402,original,crop,0.362388,0.341602,0.008833,1,
id0001,id0404,original,crop,0.394736,0.482298,0.011733,1,
id0001,id0411,original,crop,0.380956,0.486168,0.003675,1,
id0001,id0412,original,crop,0.338277,0.372323,0.010967,1,
id0001,id0418,original,crop,0.458799,0.479121,0.017264,1,
id0001,id0421,original,crop,0.292851,0.314950,0.008087,1,
id0001,id0422,original,crop,0.320140,0.446941,0.011834,1,
id0001,id0431,original,crop,0.344573,0.440288,0.011876,1,
id0001,id0437,original,crop,0.401537,0.583143,0.017508,1,
id0001,id0441,original,crop,0.291814,0.418418,0.010032,1,
id0001,id0447,original,crop,0.306172,0.415217,0.022684,1,
id0001,id0460,original,crop,0.293119,0.341665,0.009465,1,
id0001,id0462,original,crop,0.310316,0.401263,0.020340,1,
id0001,id0465,original,crop,0.345278,0.395443,0.003767,1,
id0001,id0466,original,crop,0.330986,0.412558,0.022274,1,
id0001,id0468,original,crop,0.465759,0.598473,0.004420,1,
id0001,id0470,original,crop,0.426994,0.513117,0.007909,1,
id0001,id0476,original,crop,0.308868,0.385590,0.020593,1,
id0001,id0486,original,crop,0.323589,0.455565,0.006961,1,
id0001,id0491,original,crop,0.320884,0.448577,0.017772,1,
id0001,id0498,original,crop,0.339398,0.432850,0.006307,1,
id0004,id0018,original,crop,0.299500,0.364817,0.004682,1,
id0004,id0020,original,crop,0.366351,0.446871,0.005434,1,
id0004,id0026,original,crop,0.416234,0.503785,0.003814,1,
id0004,id0027,original,crop,0.248048,0.379469,0.004396,1,
id0004,id0041,original,crop,0.345277,0.506322,0.004950,1,
id0004,id0042,original,crop,0.487255,0.672974,0.003951,1,
id0004,id0045,original,crop,0.324312,0.474012,0.003403,1,
id0004,id0048,original,crop,0.238472,0.302188,0.005498,1,
id0004,id0056,original,crop,0.478388,0.595043,0.004123,1,
id0004,id0062,original,crop,0.511633,0.694576,0.004231,1,
id0004,id0069,original,crop,0.343675,0.451768,0.004163,1,
id0004,id0071,original,crop,0.480545,0.691461,0.003860,1,
id0004,id0072,original,crop,0.344321,0.461285,0.006454,1,
id0004,id0075,original,crop,0.372617,0.506748,0.002868,1,
id0004,id0080,original,crop,0.425929,0.603084,0.003245,1,
id0004,id0081,original,crop,0.350165,0.530620,0.008907,1,
id0004,id0086,original,crop,0.333849,0.517664,0.006802,1,
id0004,id0088,original,crop,0.324047,0.466550,0.009421,1,
id0004,id0097,original,crop,0.372316,0.495988,0.004211,1,
id0004,id0100,original,crop,0.327457,0.506696,0.004379,1,
id0004,id0106,original,crop,0.425352,0.535095,0.006268,1,
id0004,id0107,original,crop,0.404081,0.445963,0.007210,1,
id0004,id0110,original,crop,0.288532,0.360500,0.003210,1,
id0004,id0113,original,crop,0.402826,0.581819,0.008502,1,
id0004,id0115,original,crop,0.299737,0.391516,0.004120,1,
id0004,id0130,original,crop,0.373116,0.519215,0.004218,1,
id0004,id0132,original,crop,0.372023,0.494865,0.006621,1,
id0004,id0136,original,crop,0.391691,0.565364,0.008429,1,
id0004,id0153,original,crop,0.307025,0.409974,0.011612,1,
id0004,id0161,original,crop,0.277533,0.394134,0.007910,1,
id0004,id0169,original,crop,0.369937,0.505186,0.006612,1,
id0004,id0182,original,crop,0.281358,0.286144,0.004241,1,
id0004,id0183,original,crop,0.405535,0.463168,0.013739,1,
id0004,id0186,original,crop,0.294698,0.386637,0.005137,1,
id0004,id0197,original,crop,0.295977,0.376529,0.004814,1,
id0004,id0199,original,crop,0.301516,0.471774,0.009251,1,
id0004,id0206,original,crop,0.534421,0.753220,0.006690,1,
id0004,id0207,original,crop,0.328717,0.484061,0.005894,1,
id0004,id0208,original,crop,0.252515,0.388922,0.007895,1,
id0004,id0212,original,crop,0.449904,0.503933,0.004152,1,
id0004,id0220,original,crop,0.382646,0.419473,0.003391,1,
id0004,id0222,original,crop,0.308054,0.453454,0.009853,1,
id0004,id0224,original,crop,0.323367,0.475367,0.007891,1,
id0004,id0233,original,crop,0.398470,0.417919,0.011422,1,
id0004,id0239,original,crop,0.464611,0.639163,0.005032,1,
id0004,id0242,original,crop,0.282912,0.317052,0.005356,1,
id0004,id0246,original,crop,0.388364,0.567357,0.003431,1,
id0004,id0258,original,crop,0.347289,0.469392,0.003970,1,
id0004,id0273,original,crop,0.353197,0.445657,0.004616,1,
id0004,id0275,original,crop,0.342961,0.439938,0.008690,1,
id0004,id0285,original,crop,0.300694,0.389390,0.007479,1,
id0004,id0290,original,crop,0.376412,0.474202,0.009659,1,
id0004,id0296,original,crop,0.377190,0.469045,0.013079,1,
id0004,id0299,original,crop,0.274334,0.371330,0.007202,1,
id0004,id0303,original,crop,0.376417,0.453602,0.007583,1,
id0004,id0319,original,crop,0.399626,0.536563,0.004013,1,
id0004,id0321,original,crop,0.359361,0.468299,0.007894,1,
id0004,id0326,original,crop,0.333240,0.498230,0.013493,1,
id0004,id0328,original,crop,0.303851,0.396846,0.006728,1,
id0004,id0330,original,crop,0.378090,0.481776,0.004038,1,
id0004,id0342,original,crop,0.350086,0.480621,0.005749,1,
id0004,id0346,original,crop,0.331411,0.489590,0.005440,1,
id0004,id0363,original,crop,0.357624,0.373087,0.002641,1,
id0004,id0367,original,crop,0.332776,0.405382,0.003639,1,
id0004,id0368,original,crop,0.268145,0.366039,0.011838,1,
id0004,id0369,original,crop,0.306576,0.459179,0.014340,1,
id0004,id0372,original,crop,0.348164,0.420785,0.006750,1,
id0004,id0373,original,crop,0.253746,0.349454,0.006706,1,
id0004,id0374,original,crop,0.488771,0.461705,0.002406,1,
id0004,id0378,original,crop,0.257372,0.399634,0.007345,1,
id0004,id0381,original,crop,0.262163,0.293483,0.007882,1,
id0004,id0382,original,crop,0.443676,0.601538,0.003925,1,
id0004,id0392,original,crop,0.334855,0.451966,0.004083,1,
id0004,id0396,original,crop,0.329644,0.420648,0.002725,1,
id0004,id0398,original,crop,0.455912,0.678167,0.007528,1,
id0004,id0399,original,crop,0.341713,0.413532,0.004512,1,
id0004,id0401,original,crop,0.404764,0.563877,0.003370,1,
id0004,id0402,original,crop,0.287139,0.422077,0.004661,1,
id0004,id0404,original,crop,0.385459,0.572864,0.007933,1,
id0004,id0411,original,crop,0.444882,0.611781,0.003897,1,
id0004,id0412,original,crop,0.346228,0.489217,0.006622,1,
id0004,id0418,original,crop,0.352156,0.551470,0.011237,1,
id0004,id0421,original,crop,0.283581,0.398434,0.003392,1,
id0004,id0422,original,crop,0.295274,0.434597,0.006302,1,
id0004,id0431,original,crop,0.344802,0.555197,0.008294,1,
id0004,id0437,original,crop,0.335827,0.523628,0.010841,1,
id0004,id0441,original,crop,0.345794,0.501198,0.005889,1,
id0004,id0447,original,crop,0.379462,0.433535,0.015039,1,
id0004,id0460,original,crop,0.277219,0.385834,0.004412,1,
id0004,id0462,original,crop,0.359342,0.436942,0.013049,1,
id0004,id0465,original,crop,0.413186,0.539423,0.003043,1,
id0004,id0466,original,crop,0.322157,0.383344,0.014109,1,
id0004,id0468,original,crop,0.497404,0.739977,0.005706,1,
id0004,id0470,original,crop,0.394680,0.621039,0.005778,1,
id0004,id0476,original,crop,0.263739,0.307726,0.012061,1,
id0004,id0486,original,crop,0.421167,0.520356,0.003623,1,
id0004,id0491,original,crop,0.283154,0.356609,0.010215,1,
id0004,id0498,original,crop,0.366030,0.469177,0.002485,1,
id0018,id0020,original,crop,0.275566,0.431249,0.003537,1,
id0018,id0026,original,crop,0.382527,0.543054,0.002871,1,
id0018,id0027,original,crop,0.290609,0.427481,0.002343,1,
id0018,id0041,original,crop,0.337230,0.482798,0.003153,1,
id0018,id0042,original,crop,0.511120,0.735830,0.003722,1,
id0018,id0045,original,crop,0.286276,0.475385,0.001992,1,
id0018,id0048,original,crop,0.272980,0.453068,0.003427,1,
id0018,id0056,original,crop,0.419521,0.459466,0.002234,1,
id0018,id0062,original,crop,0.534391,0.729161,0.003927,1,
id0018,id0069,original,crop,0.467310,0.621630,0.003390,1,
id0018,id0071,original,crop,0.456118,0.649520,0.004040,1,
id0018,id0072,original,crop,0.388603,0.532009,0.004409,1,
id0018,id0075,original,crop,0.308999,0.500973,0.002619,1,
id0018,id0080,original,crop,0.464278,0.697935,0.003337,1,
id0018,id0081,original,crop,0.325128,0.465001,0.005876,1,
id0018,id0086,original,crop,0.393905,0.633598,0.005042,1,
id0018,id0088,original,crop,0.358025,0.522146,0.006899,1,
id0018,id0097,original,crop,0.290321,0.390278,0.002411,1,
id0018,id0100,original,crop,0.357246,0.600845,0.003623,1,
id0018,id0106,original,crop,0.519131,0.668907,0.004712,1,
id0018,id0107,original,crop,0.340912,0.337177,0.004121,1,
id0018,id0110,original,crop,0.235144,0.355059,0.001784,1,
id0018,id0113,original,crop,0.432251,0.608576,0.005458,1,
id0018,id0115,original,crop,0.354310,0.484878,0.002443,1,
id0018,id0130,original,crop,0.349795,0.517485,0.002986,1,
id0018,id0132,original,crop,0.326289,0.415542,0.003964,1,
id0018,id0136,original,crop,0.458846,0.627774,0.006076,1,
id0018,id0153,original,crop,0.233688,0.238581,0.006922,1,
id0018,id0161,original,crop,0.287563,0.412795,0.004472,1,
id0018,id0169,original,crop,0.424750,0.541394,0.004141,1,
id0018,id0182,original,crop,0.193836,0.300953,0.002017,1,
id0018,id0183,original,crop,0.462025,0.555633,0.011129,1,
id0018,id0186,original,crop,0.344592,0.491870,0.003751,1,
id0018,id0197,original,crop,0.306567,0.457083,0.003643,1,
id0018,id0199,original,crop,0.386478,0.580629,0.006906,1,
id0018,id0206,original,crop,0.546436,0.806132,0.006729,1,
id0018,id0207,original,crop,0.330534,0.501363,0.004037,1,
id0018,id0208,original,crop,0.219759,0.362071,0.005093,1,
id0018,id0212,original,crop,0.439102,0.577445,0.004032,1,
id0018,id0220,original,crop,0.326173,0.416792,0.002435,1,
id0018,id0222,original,crop,0.298091,0.429453,0.006970,1,
id0018,id0224,original,crop,0.328001,0.453685,0.005343,1,
id0018,id0233,original,crop,0.351839,0.324328,0.007130,1,
id0018,id0239,original,crop,0.502849,0.698940,0.003877,1,
id0018,id0242,original,crop,0.341463,0.432778,0.003526,1,
id0018,id0246,original,crop,0.359223,0.503800,0.002096,1,
id0018,id0258,original,crop,0.278820,0.401414,0.002273,1,
id0018,id0273,original,crop,0.294283,0.366988,0.002827,1,
id0018,id0275,original,crop,0.312723,0.362854,0.005469,1,
id0018,id0285,original,crop,0.411593,0.542354,0.004651,1,
id0018,id0290,original,crop,0.263703,0.458123,0.005800,1,
id0018,id0296,original,crop,0.348008,0.388301,0.009589,1,
id0018,id0299,original,crop,0.294161,0.366883,0.004439,1,
id0018,id0303,original,crop,0.340705,0.439084,0.004792,1,
id0018,id0319,original,crop,0.431257,0.612909,0.003091,1,
id0018,id0321,original,crop,0.258891,0.398117,0.005229,1,
id0018,id0326,original,crop,0.466424,0.624533,0.009776,1,
id0018,id0328,original,crop,0.320845,0.398873,0.003845,1,
id0018,id0330,original,crop,0.336254,0.492805,0.003014,1,
id0018,id0342,original,crop,0.397614,0.518319,0.004075,1,
id0018,id0346,original,crop,0.345890,0.506077,0.003271,1,
id0018,id0363,original,crop,0.452520,0.516179,0.002890,1,
id0018,id0367,original,crop,0.402012,0.506032,0.003337,1,
id0018,id0368,original,crop,0.340517,0.427005,0.008366,1,
id0018,id0369,original,crop,0.327552,0.436746,0.009075,1,
id0018,id0372,original,crop,0.392301,0.487693,0.004174,1,
id0018,id0373,original,crop,0.286644,0.441182,0.004708,1,
id0018,id0374,original,crop,0.360947,0.290267,0.001442,1,
id0018,id0378,original,crop,0.270982,0.362791,0.004452,1,
id0018,id0381,original,crop,0.308404,0.454165,0.005483,1,
id0018,id0382,original,crop,0.438496,0.610407,0.003157,1,
id0018,id0392,original,crop,0.302090,0.420592,0.002752,1,
id0018,id0396,original,crop,0.439248,0.626426,0.003102,1,
id0018,id0398,original,crop,0.528230,0.763667,0.006688,1,
id0018,id0399,original,crop,0.292709,0.381360,0.002621,1,
id0018,id0401,original,crop,0.366870,0.501984,0.002486,1,
id0018,id0402,original,crop,0.333401,0.488685,0.002857,1,
id0018,id0404,original,crop,0.407667,0.590363,0.005466,1,
id0018,id0411,original,crop,0.404419,0.549504,0.003556,1,
id0018,id0412,original,crop,0.402996,0.548216,0.004130,1,
id0018,id0418,original,crop,0.363427,0.572588,0.007703,1,
id0018,id0421,original,crop,0.308484,0.420887,0.001819,1,
id0018,id0422,original,crop,0.341853,0.498591,0.004032,1,
id0018,id0431,original,crop,0.447872,0.655831,0.005983,1,
id0018,id0437,original,crop,0.281543,0.435220,0.006274,1,
id0018,id0441,original,crop,0.324058,0.433498,0.003830,1,
id0018,id0447,original,crop,0.394627,0.494408,0.011075,1,
id0018,id0460,original,crop,0.296181,0.474033,0.002744,1,
id0018,id0462,original,crop,0.443242,0.552938,0.008977,1,
id0018,id0465,original,crop,0.371929,0.489866,0.002768,1,
id0018,id0466,original,crop,0.355834,0.448554,0.009625,1,
id0018,id0468,original,crop,0.525207,0.780052,0.005991,1,
id0018,id0470,original,crop,0.443988,0.672915,0.004997,1,
id0018,id0476,original,crop,0.288014,0.402909,0.008877,1,
id0018,id0486,original,crop,0.399879,0.510219,0.002494,1,
id0018,id0491,original,crop,0.188877,0.261741,0.006079,1,
id0018,id0498,original,crop,0.271085,0.342998,0.001518,1,
id0020,id0026,original,crop,0.455089,0.558753,0.002403,1,
id0020,id0027,original,crop,0.352512,0.421130,0.002169,1,
id0020,id0041,original,crop,0.286346,0.441466,0.001439,1,
id0020,id0042,original,crop,0.508775,0.728586,0.002786,1,
id0020,id0045,original,crop,0.331734,0.521102,0.002014,1,
id0020,id0048,original,crop,0.280180,0.394886,0.003146,1,
id0020,id0056,original,crop,0.370600,0.462758,0.001534,1,
id0020,id0062,original,crop,0.525262,0.699410,0.002233,1,
id0020,id0069,original,crop,0.444480,0.621385,0.002427,1,
id0020,id0071,original,crop,0.449276,0.607401,0.002729,1,
id0020,id0072,original,crop,0.327863,0.491008,0.002663,1,
id0020,id0075,original,crop,0.364030,0.464978,0.001858,1,
id0020,id0080,original,crop,0.490913,0.666701,0.002507,1,
id0020,id0081,original,crop,0.389761,0.510480,0.005427,1,
id0020,id0086,original,crop,0.348211,0.563430,0.003022,1,
id0020,id0088,original,crop,0.315994,0.507755,0.005869,1,
id0020,id0097,original,crop,0.259220,0.343430,0.001866,1,
id0020,id0100,original,crop,0.314824,0.481999,0.001757,1,
id0020,id0106,original,crop,0.473760,0.627994,0.003262,1,
id0020,id0107,original,crop,0.241004,0.253266,0.003470,1,
id0020,id0110,original,crop,0.240634,0.310479,0.001258,1,
id0020,id0113,original,crop,0.357343,0.540315,0.003173,1,
id0020,id0115,original,crop,0.380457,0.482744,0.002319,1,
id0020,id0130,original,crop,0.379781,0.537915,0.002622,1,
id0020,id0132,original,crop,0.338499,0.414851,0.003131,1,
id0020,id0136,original,crop,0.412491,0.546525,0.003993,1,
id0020,id0153,original,crop,0.199670,0.310222,0.006988,1,
id0020,id0161,original,crop,0.300244,0.449482,0.004210,1,
id0020,id0169,original,crop,0.333506,0.460541,0.002347,1,
id0020,id0182,original,crop,0.257291,0.306015,0.002717,1,
id0020,id0183,original,crop,0.381559,0.500131,0.010273,1,
id0020,id0186,original,crop,0.294117,0.487290,0.002703,1,
id0020,id0197,original,crop,0.276460,0.403447,0.002737,1,
id0020,id0199,original,crop,0.306657,0.447131,0.005260,1,
id0020,id0206,original,crop,0.572790,0.762524,0.004232,1,
id0020,id0207,original,crop,0.370967,0.478505,0.002908,1,
id0020,id0208,original,crop,0.290813,0.396063,0.005143,1,
id0020,id0212,original,crop,0.352615,0.452518,0.003098,1,
id0020,id0220,original,crop,0.262141,0.354283,0.001544,1,
id0020,id0222,original,crop,0.257909,0.381543,0.005405,1,
id0020,id0224,original,crop,0.349421,0.420856,0.003995,1,
id0020,id0233,original,crop,0.335685,0.300030,0.006692,1,
id0020,id0239,original,crop,0.503937,0.678292,0.002700,1,
id0020,id0242,original,crop,0.391146,0.474855,0.003695,1,
id0020,id0246,original,crop,0.394227,0.526286,0.001427,1,
id0020,id0258,original,crop,0.246461,0.381862,0.001721,1,
id0020,id0273,original,crop,0.256970,0.290778,0.001879,1,
id0020,id0275,original,crop,0.279283,0.365038,0.005044,1,
id0020,id0285,original,crop,0.415054,0.534503,0.003993,1,
id0020,id0290,original,crop,0.228495,0.383642,0.005715,1,
id0020,id0296,original,crop,0.268310,0.407203,0.008092,1,
id0020,id0299,original,crop,0.291979,0.344386,0.003271,1,
id0020,id0303,original,crop,0.295318,0.353526,0.003096,1,
id0020,id0319,original,crop,0.357576,0.529699,0.002023,1,
id0020,id0321,original,crop,0.198172,0.276335,0.003726,1,
id0020,id0326,original,crop,0.434222,0.519415,0.007561,1,
id0020,id0328,original,crop,0.283497,0.384063,0.003368,1,
id0020,id0330,original,crop,0.279663,0.332161,0.001672,1,
id0020,id0342,original,crop,0.355589,0.384369,0.002060,1,
id0020,id0346,original,crop,0.361000,0.474474,0.002460,1,
id0020,id0363,original,crop,0.478254,0.522308,0.002323,1,
id0020,id0367,original,crop,0.449815,0.477154,0.002492,1,
id0020,id0368,original,crop,0.325525,0.402357,0.007431,1,
id0020,id0369,original,crop,0.265521,0.300300,0.007972,1,
id0020,id0372,original,crop,0.372119,0.432661,0.002619,1,
id0020,id0373,original,crop,0.328483,0.417485,0.004725,1,
id0020,id0374,original,crop,0.294529,0.311334,0.002048,1,
id0020,id0378,original,crop,0.332301,0.375143,0.004169,1,
id0020,id0381,original,crop,0.327838,0.452999,0.004379,1,
id0020,id0382,original,crop,0.379804,0.571631,0.002001,1,
id0020,id0392,original,crop,0.324917,0.422558,0.001963,1,
id0020,id0396,original,crop,0.434739,0.598660,0.002693,1,
id0020,id0398,original,crop,0.426271,0.621094,0.003656,1,
id0020,id0399,original,crop,0.238162,0.325935,0.002080,1,
id0020,id0401,original,crop,0.296557,0.470530,0.001521,1,
id0020,id0402,original,crop,0.314376,0.441432,0.001772,1,
id0020,id0404,original,crop,0.345746,0.480178,0.003004,1,
id0020,id0411,original,crop,0.363889,0.527080,0.002912,1,
id0020,id0412,original,crop,0.351925,0.489246,0.002682,1,
id0020,id0418,original,crop,0.397871,0.499099,0.005449,1,
id0020,id0421,original,crop,0.373521,0.483819,0.002098,1,
id0020,id0422,original,crop,0.327218,0.410730,0.002787,1,
id0020,id0431,original,crop,0.366727,0.505674,0.003230,1,
id0020,id0437,original,crop,0.320878,0.399772,0.005839,1,
id0020,id0441,original,crop,0.272626,0.406677,0.002488,1,
id0020,id0447,original,crop,0.290759,0.394261,0.009468,1,
id0020,id0460,original,crop,0.331565,0.477084,0.002348,1,
id0020,id0462,original,crop,0.375715,0.485407,0.007278,1,
id0020,id0465,original,crop,0.272896,0.416655,0.001621,1,
id0020,id0466,original,crop,0.281512,0.351359,0.008432,1,
id0020,id0468,original,crop,0.473484,0.709654,0.004121,1,
id0020,id0470,original,crop,0.358264,0.558276,0.002311,1,
id0020,id0476,original,crop,0.268600,0.425990,0.008689,1,
id0020,id0486,original,crop,0.362366,0.507140,0.002026,1,
id0020,id0491,original,crop,0.258850,0.362641,0.006485,1,
id0020,id0498,original,crop,0.344788,0.461003,0.002205,1,
id0026,id0027,original,crop,0.330191,0.492466,0.008901,1,
id0026,id0041,original,crop,0.331795,0.442929,0.008114,1,
id0026,id0042,original,crop,0.263575,0.324221,0.002606,1,
id0026,id0045,original,crop,0.321618,0.489347,0.007836,1,
id0026,id0048,original,crop,0.400423,0.578212,0.011168,1,
id0026,id0056,original,crop,0.381525,0.467861,0.007049,1,
id0026,id0062,original,crop,0.371594,0.485502,0.005502,1,
id0026,id0069,original,crop,0.382939,0.487909,0.006253,1,
id0026,id0071,original,crop,0.313544,0.483094,0.003536,1,
id0026,id0072,original,crop,0.328796,0.409320,0.010587,1,
id0026,id0075,original,crop,0.224633,0.367186,0.003030,1,
id0026,id0080,original,crop,0.289239,0.445594,0.002929,1,
id0026,id0081,original,crop,0.292258,0.452999,0.014227,1,
id0026,id0086,original,crop,0.341817,0.426035,0.009764,1,
id0026,id0088,original,crop,0.392749,0.449319,0.014402,1,
id0026,id0097,original,crop,0.436645,0.536542,0.007239,1,
id0026,id0100,original,crop,0.303367,0.491960,0.005694,1,
id0026,id0106,original,crop,0.397318,0.387854,0.007470,1,
id0026,id0107,original,crop,0.549377,0.662198,0.013900,1,
id0026,id0110,original,crop,0.342431,0.524503,0.006324,1,
id0026,id0113,original,crop,0.314328,0.410982,0.010602,1,
id0026,id0115,original,crop,0.288851,0.448950,0.007251,1,
id0026,id0130,original,crop,0.376261,0.600264,0.009884,1,
id0026,id0132,original,crop,0.304324,0.431370,0.011279,1,
id0026,id0136,original,crop,0.398495,0.554979,0.012521,1,
id0026,id0153,original,crop,0.441178,0.573360,0.020189,1,
id0026,id0161,original,crop,0.312517,0.377946,0.013462,1,
id0026,id0169,original,crop,0.386004,0.463916,0.009872,1,
id0026,id0182,original,crop,0.388857,0.572557,0.010144,1,
id0026,id0183,original,crop,0.587221,0.774228,0.020813,1,
id0026,id0186,original,crop,0.363869,0.405233,0.009762,1,
id0026,id0197,original,crop,0.365561,0.571474,0.007512,1,
id0026,id0199,original,crop,0.512822,0.776338,0.015756,1,
id0026,id0206,original,crop,0.297222,0.420107,0.004011,1,
id0026,id0207,original,crop,0.245842,0.469086,0.010381,1,
id0026,id0208,original,crop,0.364376,0.559211,0.016219,1,
id0026,id0212,original,crop,0.566878,0.692411,0.005297,1,
id0026,id0220,original,crop,0.422628,0.518760,0.006431,1,
id0026,id0222,original,crop,0.339101,0.518981,0.015626,1,
id0026,id0224,original,crop,0.309100,0.426731,0.012273,1,
id0026,id0233,original,crop,0.479106,0.628982,0.019066,1,
id0026,id0239,original,crop,0.316758,0.416555,0.005285,1,
id0026,id0242,original,crop,0.373065,0.446178,0.011152,1,
id0026,id0246,original,crop,0.288746,0.405363,0.006729,1,
id0026,id0258,original,crop,0.357495,0.454057,0.007020,1,
id0026,id0273,original,crop,0.392651,0.520755,0.008927,1,
id0026,id0275,original,crop,0.406405,0.584453,0.016746,1,
id0026,id0285,original,crop,0.352377,0.447053,0.012054,1,
id0026,id0290,original,crop,0.436927,0.802333,0.015578,1,
id0026,id0296,original,crop,0.438025,0.530332,0.020888,1,
id0026,id0299,original,crop,0.339492,0.501094,0.013297,1,
id0026,id0303,original,crop,0.449361,0.558591,0.013090,1,
id0026,id0319,original,crop,0.454308,0.601541,0.008175,1,
id0026,id0321,original,crop,0.426141,0.645195,0.014045,1,
id0026,id0326,original,crop,0.470577,0.707927,0.019575,1,
id0026,id0328,original,crop,0.461709,0.581541,0.013355,1,
id0026,id0330,original,crop,0.420171,0.614221,0.006221,1,
id0026,id0342,original,crop,0.391602,0.567099,0.010288,1,
id0026,id0346,original,crop,0.231225,0.360645,0.007899,1,
id0026,id0363,original,crop,0.380254,0.397689,0.005444,1,
id0026,id0367,original,crop,0.284075,0.507861,0.006739,1,
id0026,id0368,original,crop,0.391941,0.549916,0.019339,1,
id0026,id0369,original,crop,0.481499,0.707915,0.021924,1,
id0026,id0372,original,crop,0.375525,0.507928,0.012169,1,
id0026,id0373,original,crop,0.390541,0.688406,0.012964,1,
id0026,id0374,original,crop,0.560424,0.712704,0.007292,1,
id0026,id0378,original,crop,0.364026,0.511056,0.014560,1,
id0026,id0381,original,crop,0.322692,0.511248,0.014076,1,
id0026,id0382,original,crop,0.349736,0.429588,0.003644,1,
id0026,id0392,original,crop,0.240488,0.411711,0.006817,1,
id0026,id0396,original,crop,0.374143,0.463118,0.005020,1,
id0026,id0398,original,crop,0.445529,0.599189,0.006180,1,
id0026,id0399,original,crop,0.458282,0.628576,0.010779,1,
id0026,id0401,original,crop,0.418225,0.508642,0.006301,1,
id0026,id0402,original,crop,0.256530,0.423911,0.008510,1,
id0026,id0404,original,crop,0.298118,0.491124,0.010888,1,
id0026,id0411,original,crop,0.412569,0.509635,0.004511,1,
id0026,id0412,original,crop,0.341175,0.463098,0.010920,1,
id0026,id0418,original,crop,0.342093,0.514441,0.016265,1,
id0026,id0421,original,crop,0.306784,0.468442,0.008365,1,
id0026,id0422,original,crop,0.310234,0.496745,0.010616,1,
id0026,id0431,original,crop,0.395751,0.619765,0.011610,1,
id0026,id0437,original,crop,0.453268,0.725043,0.019146,1,
id0026,id0441,original,crop,0.368081,0.529335,0.010990,1,
id0026,id0447,original,crop,0.587150,0.733824,0.024223,1,
id0026,id0460,original,crop,0.302496,0.446766,0.009627,1,
id0026,id0462,original,crop,0.427018,0.520487,0.019440,1,
id0026,id0465,original,crop,0.396176,0.500252,0.004003,1,
id0026,id0466,original,crop,0.513205,0.699070,0.022901,1,
id0026,id0468,original,crop,0.370116,0.491113,0.003004,1,
id0026,id0470,original,crop,0.334839,0.464846,0.007089,1,
id0026,id0476,original,crop,0.471402,0.626230,0.020853,1,
id0026,id0486,original,crop,0.406025,0.529287,0.006593,1,
id0026,id0491,original,crop,0.388937,0.570236,0.018482,1,
id0026,id0498,original,crop,0.361584,0.546313,0.006974,1,
id0027,id0041,original,crop,0.288491,0.351196,0.004994,1,
id0027,id0042,original,crop,0.435188,0.530349,0.002956,1,
id0027,id0045,original,crop,0.306277,0.468240,0.004856,1,
id0027,id0048,original,crop,0.259443,0.373747,0.007694,1,
id0027,id0056,original,crop,0.471796,0.492004,0.004350,1,
id0027,id0062,original,crop,0.458276,0.574742,0.003566,1,
id0027,id0069,original,crop,0.360515,0.391221,0.003929,1,
id0027,id0071,original,crop,0.361867,0.468842,0.001715,1,
id0027,id0072,original,crop,0.306605,0.306316,0.006862,1,
id0027,id0075,original,crop,0.265497,0.343293,0.002079,1,
id0027,id0080,original,crop,0.397498,0.541911,0.002765,1,
id0027,id0081,original,crop,0.344527,0.513818,0.011157,1,
id0027,id0086,original,crop,0.283554,0.348784,0.007005,1,
id0027,id0088,original,crop,0.363207,0.410251,0.011554,1,
id0027,id0097,original,crop,0.334744,0.390140,0.003993,1,
id0027,id0100,original,crop,0.242230,0.351898,0.003546,1,
id0027,id0106,original,crop,0.413932,0.414158,0.005795,1,
id0027,id0107,original,crop,0.412436,0.428042,0.009131,1,
id0027,id0110,original,crop,0.225657,0.313313,0.003626,1,
id0027,id0113,original,crop,0.337893,0.422297,0.007743,1,
id0027,id0115,original,crop,0.303259,0.410958,0.004821,1,
id0027,id0130,original,crop,0.410698,0.572497,0.006659,1,
id0027,id0132,original,crop,0.345669,0.411209,0.007873,1,
id0027,id0136,original,crop,0.389995,0.487433,0.009123,1,
id0027,id0153,original,crop,0.328423,0.404633,0.014719,1,
id0027,id0161,original,crop,0.221057,0.255327,0.009194,1,
id0027,id0169,original,crop,0.313778,0.319649,0.006390,1,
id0027,id0182,original,crop,0.263599,0.308025,0.005995,1,
id0027,id0183,original,crop,0.469733,0.529379,0.017101,1,
id0027,id0186,original,crop,0.267222,0.252506,0.005891,1,
id0027,id0197,original,crop,0.307554,0.381510,0.006279,1,
id0027,id0199,original,crop,0.340340,0.489378,0.011403,1,
id0027,id0206,original,crop,0.443601,0.592734,0.004698,1,
id0027,id0207,original,crop,0.315093,0.438043,0.007531,1,
id0027,id0208,original,crop,0.286435,0.444903,0.011353,1,
id0027,id0212,original,crop,0.425004,0.449076,0.003497,1,
id0027,id0220,original,crop,0.364917,0.375418,0.003710,1,
id0027,id0222,original,crop,0.310288,0.416627,0.012158,1,
id0027,id0224,original,crop,0.245232,0.319282,0.008485,1,
id0027,id0233,original,crop,0.426219,0.444291,0.014173,1,
id0027,id0239,original,crop,0.329948,0.406655,0.003043,1,
id0027,id0242,original,crop,0.291893,0.283664,0.007026,1,
id0027,id0246,original,crop,0.332253,0.440761,0.003601,1,
id0027,id0258,original,crop,0.297361,0.299596,0.004164,1,
id0027,id0273,original,crop,0.319917,0.334627,0.005231,1,
id0027,id0275,original,crop,0.377979,0.473866,0.011908,1,
id0027,id0285,original,crop,0.301974,0.303215,0.008619,1,
id0027,id0290,original,crop,0.352663,0.522020,0.011857,1,
id0027,id0296,original,crop,0.396155,0.446345,0.016160,1,
id0027,id0299,original,crop,0.263955,0.352400,0.008722,1,
id0027,id0303,original,crop,0.316126,0.328138,0.008045,1,
id0027,id0319,original,crop,0.377321,0.487952,0.004325,1,
id0027,id0321,original,crop,0.333810,0.458340,0.010251,1,
id0027,id0326,original,crop,0.360349,0.487973,0.015074,1,
id0027,id0328,original,crop,0.285182,0.290069,0.008011,1,
id0027,id0330,original,crop,0.302521,0.372344,0.003368,1,
id0027,id0342,original,crop,0.292963,0.356630,0.005627,1,
id0027,id0346,original,crop,0.281297,0.353500,0.006149,1,
id0027,id0363,original,crop,0.386113,0.359953,0.002968,1,
id0027,id0367,original,crop,0.276202,0.351850,0.004217,1,
id0027,id0368,original,crop,0.298663,0.360642,0.014809,1,
id0027,id0369,original,crop,0.309366,0.417916,0.016514,1,
id0027,id0372,original,crop,0.275747,0.328956,0.007881,1,
id0027,id0373,original,crop,0.271524,0.443697,0.009219,1,
id0027,id0374,original,crop,0.512557,0.516166,0.004237,1,
id0027,id0378,original,crop,0.196178,0.324481,0.008913,1,
id0027,id0381,original,crop,0.259664,0.360134,0.010460,1,
id0027,id0382,original,crop,0.400467,0.475114,0.002785,1,
id0027,id0392,original,crop,0.276814,0.289346,0.004196,1,
id0027,id0396,original,crop,0.350419,0.384305,0.003023,1,
id0027,id0398,original,crop,0.387527,0.506559,0.005374,1,
id0027,id0399,original,crop,0.360969,0.425631,0.006400,1,
id0027,id0401,original,crop,0.346608,0.378311,0.002770,1,
id0027,id0402,original,crop,0.246365,0.352548,0.005607,1,
id0027,id0404,original,crop,0.318837,0.451713,0.007957,1,
id0027,id0411,original,crop,0.390069,0.499095,0.002316,1,
id0027,id0412,original,crop,0.292033,0.337913,0.007213,1,
id0027,id0418,original,crop,0.288804,0.443816,0.012423,1,
id0027,id0421,original,crop,0.289313,0.398237,0.004967,1,
id0027,id0422,original,crop,0.269314,0.346530,0.007191,1,
id0027,id0431,original,crop,0.316387,0.441938,0.008136,1,
id0027,id0437,original,crop,0.259071,0.440666,0.012373,1,
id0027,id0441,original,crop,0.305213,0.379489,0.006293,1,
id0027,id0447,original,crop,0.437590,0.471667,0.018094,1,
id0027,id0460,original,crop,0.307821,0.409207,0.005993,1,
id0027,id0462,original,crop,0.378574,0.386225,0.015278,1,
id0027,id0465,original,crop,0.375290,0.416726,0.002528,1,
id0027,id0466,original,crop,0.394887,0.480883,0.017334,1,
id0027,id0468,original,crop,0.409806,0.552741,0.002682,1,
id0027,id0470,original,crop,0.319506,0.439306,0.004890,1,
id0027,id0476,original,crop,0.332137,0.393453,0.015794,1,
id0027,id0486,original,crop,0.434650,0.517179,0.004771,1,
id0027,id0491,original,crop,0.281089,0.370841,0.012788,1,
id0027,id0498,original,crop,0.366134,0.469328,0.004176,1,
id0041,id0042,original,crop,0.363482,0.417985,0.003935,1,
id0041,id0045,original,crop,0.313738,0.387760,0.008385,1,
id0041,id0048,original,crop,0.301145,0.375282,0.012229,1,
id0041,id0056,original,crop,0.305265,0.392722,0.007528,1,
id0041,id0062,original,crop,0.382166,0.468490,0.005234,1,
id0041,id0069,original,crop,0.345310,0.435892,0.007233,1,
id0041,id0071,original,crop,0.319246,0.418512,0.002694,1,
id0041,id0072,original,crop,0.202838,0.249442,0.010919,1,
id0041,id0075,original,crop,0.258028,0.264445,0.003561,1,
id0041,id0080,original,crop,0.365095,0.435417,0.003808,1,
id0041,id0081,original,crop,0.312001,0.429163,0.015853,1,
id0041,id0086,original,crop,0.242059,0.322821,0.010485,1,
id0041,id0088,original,crop,0.291898,0.374060,0.016919,1,
id0041,id0097,original,crop,0.276259,0.320392,0.006685,1,
id0041,id0100,original,crop,0.242526,0.310598,0.005512,1,
id0041,id0106,original,crop,0.364249,0.397528,0.009063,1,
id0041,id0107,original,crop,0.339952,0.412630,0.014052,1,
id0041,id0110,original,crop,0.271472,0.317899,0.006684,1,
id0041,id0113,original,crop,0.252149,0.314093,0.011425,1,
id0041,id0115,original,crop,0.261325,0.300221,0.008108,1,
id0041,id0130,original,crop,0.344144,0.511978,0.010354,1,
id0041,id0132,original,crop,0.239942,0.311946,0.012063,1,
id0041,id0136,original,crop,0.332769,0.432928,0.013421,1,
id0041,id0153,original,crop,0.292204,0.430959,0.021770,1,
id0041,id0161,original,crop,0.239894,0.285817,0.015016,1,
id0041,id0169,original,crop,0.284520,0.307611,0.010592,1,
id0041,id0182,original,crop,0.321892,0.402208,0.011233,1,
id0041,id0183,original,crop,0.425083,0.585973,0.023875,1,
id0041,id0186,original,crop,0.208030,0.293555,0.010586,1,
id0041,id0197,original,crop,0.252636,0.334260,0.009013,1,
id0041,id0199,original,crop,0.326810,0.546751,0.017050,1,
id0041,id0206,original,crop,0.422535,0.478350,0.004926,1,
id0041,id0207,original,crop,0.246343,0.384257,0.011857,1,
id0041,id0208,original,crop,0.292039,0.420345,0.017363,1,
id0041,id0212,original,crop,0.447184,0.424196,0.004504,1,
id0041,id0220,original,crop,0.293610,0.296230,0.006132,1,
id0041,id0222,original,crop,0.268144,0.321655,0.016912,1,
id0041,id0224,original,crop,0.268495,0.331266,0.013634,1,
id0041,id0233,original,crop,0.345060,0.482712,0.020814,1,
id0041,id0239,original,crop,0.343758,0.407682,0.005746,1,
id0041,id0242,original,crop,0.316979,0.366094,0.012760,1,
id0041,id0246,original,crop,0.262075,0.323782,0.006387,1,
id0041,id0258,original,crop,0.230917,0.263534,0.007324,1,
id0041,id0273,original,crop,0.222892,0.344710,0.008994,1,
id0041,id0275,original,crop,0.304111,0.425086,0.017578,1,
id0041,id0285,original,crop,0.308969,0.332822,0.013745,1,
id0041,id0290,original,crop,0.336846,0.573305,0.017389,1,
id0041,id0296,original,crop,0.267541,0.367307,0.022153,1,
id0041,id0299,original,crop,0.227115,0.295635,0.013834,1,
id0041,id0303,original,crop,0.308222,0.327771,0.012478,1,
id0041,id0319,original,crop,0.387229,0.440018,0.007102,1,
id0041,id0321,original,crop,0.287989,0.410827,0.014487,1,
id0041,id0326,original,crop,0.366761,0.484840,0.021159,1,
id0041,id0328,original,crop,0.262702,0.389349,0.013773,1,
id0041,id0330,original,crop,0.284766,0.364079,0.005486,1,
id0041,id0342,original,crop,0.235924,0.339940,0.009644,1,
id0041,id0346,original,crop,0.259996,0.277442,0.009722,1,
id0041,id0363,original,crop,0.334157,0.342506,0.005706,1,
id0041,id0367,original,crop,0.286296,0.338142,0.007525,1,
id0041,id0368,original,crop,0.301585,0.386038,0.021475,1,
id0041,id0369,original,crop,0.300081,0.460556,0.023237,1,
id0041,id0372,original,crop,0.300863,0.269994,0.012146,1,
id0041,id0373,original,crop,0.303393,0.513756,0.014870,1,
id0041,id0374,original,crop,0.456335,0.506690,0.007747,1,
id0041,id0378,original,crop,0.286320,0.388458,0.015068,1,
id0041,id0381,original,crop,0.294193,0.351569,0.015497,1,
id0041,id0382,original,crop,0.300492,0.349719,0.003495,1,
id0041,id0392,original,crop,0.240158,0.273654,0.007717,1,
id0041,id0396,original,crop,0.309335,0.397986,0.005816,1,
id0041,id0398,original,crop,0.347233,0.429784,0.005775,1,
id0041,id0399,original,crop,0.302502,0.417402,0.010656,1,
id0041,id0401,original,crop,0.274399,0.367053,0.005640,1,
id0041,id0402,original,crop,0.244332,0.282294,0.009299,1,
id0041,id0404,original,crop,0.243784,0.360743,0.011275,1,
id0041,id0411,original,crop,0.319543,0.396914,0.003283,1,
id0041,id0412,original,crop,0.251410,0.314458,0.011656,1,
id0041,id0418,original,crop,0.313515,0.334108,0.017338,1,
id0041,id0421,original,crop,0.320715,0.378734,0.009337,1,
id0041,id0422,original,crop,0.256495,0.349402,0.011973,1,
id0041,id0431,original,crop,0.308329,0.381514,0.011580,1,
id0041,id0437,original,crop,0.333974,0.526252,0.019005,1,
id0041,id0441,original,crop,0.224606,0.339598,0.010500,1,
id0041,id0447,original,crop,0.418971,0.499509,0.025276,1,
id0041,id0460,original,crop,0.253387,0.370249,0.010505,1,
id0041,id0462,original,crop,0.297771,0.361334,0.021252,1,
id0041,id0465,original,crop,0.272831,0.298106,0.003627,1,
id0041,id0466,original,crop,0.366379,0.453721,0.024196,1,
id0041,id0468,original,crop,0.369731,0.464444,0.002640,1,
id0041,id0470,original,crop,0.265050,0.319483,0.006873,1,
id0041,id0476,original,crop,0.353810,0.468231,0.022941,1,
id0041,id0486,original,crop,0.316573,0.444460,0.007739,1,
id0041,id0491,original,crop,0.299522,0.414322,0.019449,1,
id0041,id0498,original,crop,0.343671,0.444560,0.007780,1,
id0042,id0045,original,crop,0.336427,0.532123,0.014012,1,
id0042,id0048,original,crop,0.465875,0.627570,0.018282,1,
id0042,id0056,original,crop,0.385479,0.564642,0.013535,1,
id0042,id0062,original,crop,0.326056,0.383071,0.009388,1,
id0042,id0069,original,crop,0.412684,0.554407,0.012093,1,
id0042,id0071,original,crop,0.307223,0.489880,0.006704,1,
id0042,id0072,original,crop,0.333826,0.442225,0.017782,1,
id0042,id0075,original,crop,0.346963,0.413200,0.007082,1,
id0042,id0080,original,crop,0.271436,0.347949,0.006545,1,
id0042,id0081,original,crop,0.324743,0.542134,0.021946,1,
id0042,id0086,original,crop,0.375664,0.410538,0.016255,1,
id0042,id0088,original,crop,0.417882,0.488751,0.022660,1,
id0042,id0097,original,crop,0.473463,0.604478,0.012728,1,
id0042,id0100,original,crop,0.367709,0.478429,0.010356,1,
id0042,id0106,original,crop,0.372444,0.334067,0.013557,1,
id0042,id0107,original,crop,0.557782,0.769566,0.021941,1,
id0042,id0110,original,crop,0.442718,0.617062,0.012436,1,
id0042,id0113,original,crop,0.295061,0.407817,0.018080,1,
id0042,id0115,original,crop,0.300132,0.507327,0.013503,1,
id0042,id0130,original,crop,0.408083,0.624997,0.015792,1,
id0042,id0132,original,crop,0.382061,0.520537,0.018610,1,
id0042,id0136,original,crop,0.357258,0.522725,0.019829,1,
id0042,id0153,original,crop,0.499258,0.723036,0.030829,1,
id0042,id0161,original,crop,0.370256,0.491476,0.022369,1,
id0042,id0169,original,crop,0.355525,0.488409,0.017465,1,
id0042,id0182,original,crop,0.498335,0.700029,0.017923,1,
id0042,id0183,original,crop,0.623279,0.866621,0.030043,1,
id0042,id0186,original,crop,0.398544,0.469880,0.017097,1,
id0042,id0197,original,crop,0.400226,0.630616,0.013275,1,
id0042,id0199,original,crop,0.523902,0.846776,0.024319,1,
id0042,id0206,original,crop,0.288280,0.279390,0.007118,1,
id0042,id0207,original,crop,0.311823,0.507250,0.017519,1,
id0042,id0208,original,crop,0.441787,0.644991,0.024948,1,
id0042,id0212,original,crop,0.564634,0.694583,0.008705,1,
id0042,id0220,original,crop,0.449445,0.569498,0.011704,1,
id0042,id0222,original,crop,0.347747,0.573890,0.023867,1,
id0042,id0224,original,crop,0.381125,0.536827,0.020397,1,
id0042,id0233,original,crop,0.549986,0.768699,0.029110,1,
id0042,id0239,original,crop,0.301533,0.436029,0.010726,1,
id0042,id0242,original,crop,0.481578,0.545005,0.019218,1,
id0042,id0246,original,crop,0.292296,0.460334,0.012513,1,
id0042,id0258,original,crop,0.376492,0.536771,0.013162,1,
id0042,id0273,original,crop,0.460834,0.636690,0.015524,1,
id0042,id0275,original,crop,0.427674,0.669603,0.025642,1,
id0042,id0285,original,crop,0.389905,0.478804,0.020555,1,
id0042,id0290,original,crop,0.506682,0.922667,0.024490,1,
id0042,id0296,original,crop,0.433350,0.608239,0.030160,1,
id0042,id0299,original,crop,0.372160,0.579625,0.021690,1,
id0042,id0303,original,crop,0.522272,0.617355,0.020522,1,
id0042,id0319,original,crop,0.431601,0.569681,0.013156,1,
id0042,id0321,original,crop,0.481064,0.736290,0.021400,1,
id0042,id0326,original,crop,0.464806,0.720348,0.029231,1,
id0042,id0328,original,crop,0.515743,0.702170,0.022101,1,
id0042,id0330,original,crop,0.456262,0.666210,0.011304,1,
id0042,id0342,original,crop,0.428267,0.603802,0.017234,1,
id0042,id0346,original,crop,0.281269,0.420031,0.014982,1,
id0042,id0363,original,crop,0.417415,0.432357,0.010067,1,
id0042,id0367,original,crop,0.369618,0.571853,0.012678,1,
id0042,id0368,original,crop,0.420765,0.616340,0.029154,1,
id0042,id0369,original,crop,0.505157,0.809699,0.032597,1,
id0042,id0372,original,crop,0.382930,0.565495,0.019581,1,
id0042,id0373,original,crop,0.494883,0.789587,0.020972,1,
id0042,id0374,original,crop,0.572230,0.834273,0.012891,1,
id0042,id0378,original,crop,0.449078,0.623604,0.023118,1,
id0042,id0381,original,crop,0.359313,0.560497,0.021897,1,
id0042,id0382,original,crop,0.300237,0.396495,0.007380,1,
id0042,id0392,original,crop,0.343731,0.499489,0.012947,1,
id0042,id0396,original,crop,0.418163,0.467642,0.009473,1,
id0042,id0398,original,crop,0.431358,0.548982,0.010147,1,
id0042,id0399,original,crop,0.510588,0.694429,0.017640,1,
id0042,id0401,original,crop,0.430235,0.590153,0.011999,1,
id0042,id0402,original,crop,0.281000,0.447715,0.015235,1,
id0042,id0404,original,crop,0.277014,0.479713,0.017560,1,
id0042,id0411,original,crop,0.416605,0.537068,0.007915,1,
id0042,id0412,original,crop,0.294473,0.474920,0.018470,1,
id0042,id0418,original,crop,0.379658,0.544669,0.025063,1,
id0042,id0421,original,crop,0.376736,0.526045,0.015150,1,
id0042,id0422,original,crop,0.363246,0.544466,0.018280,1,
id0042,id0431,original,crop,0.397031,0.595261,0.018687,1,
id0042,id0437,original,crop,0.554747,0.861623,0.029365,1,
id0042,id0441,original,crop,0.396160,0.591054,0.018193,1,
id0042,id0447,original,crop,0.606141,0.800389,0.034523,1,
id0042,id0460,original,crop,0.348040,0.481894,0.016443,1,
id0042,id0462,original,crop,0.409793,0.530950,0.029269,1,
id0042,id0465,original,crop,0.396173,0.531600,0.007835,1,
id0042,id0466,original,crop,0.525120,0.762433,0.033608,1,
id0042,id0468,original,crop,0.326169,0.415308,0.005366,1,
id0042,id0470,original,crop,0.328483,0.424966,0.012105,1,
id0042,id0476,original,crop,0.510119,0.709814,0.030826,1,
id0042,id0486,original,crop,0.425984,0.575562,0.012325,1,
id0042,id0491,original,crop,0.469898,0.709524,0.028358,1,
id0042,id0498,original,crop,0.407352,0.654639,0.012890,1,
id0045,id0048,original,crop,0.287502,0.422468,0.008825,1,
id0045,id0056,original,crop,0.344228,0.426290,0.005979,1,
id0045,id0062,original,crop,0.386503,0.446122,0.004758,1,
id0045,id0069,original,crop,0.397357,0.515699,0.005953,1,
id0045,id0071,original,crop,0.349833,0.500098,0.003006,1,
id0045,id0072,original,crop,0.285301,0.370366,0.009087,1,
id0045,id0075,original,crop,0.297862,0.359539,0.002848,1,
id0045,id0080,original,crop,0.338093,0.427202,0.003438,1,
id0045,id0081,original,crop,0.271371,0.373280,0.012991,1,
id0045,id0086,original,crop,0.338372,0.452047,0.009009,1,
id0045,id0088,original,crop,0.371927,0.449752,0.013518,1,
id0045,id0097,original,crop,0.299338,0.345827,0.005143,1,
id0045,id0100,original,crop,0.297371,0.433747,0.005132,1,
id0045,id0106,original,crop,0.395645,0.461855,0.008179,1,
id0045,id0107,original,crop,0.365750,0.489017,0.010862,1,
id0045,id0110,original,crop,0.249484,0.362148,0.004816,1,
id0045,id0113,original,crop,0.307482,0.414866,0.010274,1,
id0045,id0115,original,crop,0.267676,0.318300,0.006340,1,
id0045,id0130,original,crop,0.243585,0.355555,0.006874,1,
id0045,id0132,original,crop,0.290786,0.308195,0.009617,1,
id0045,id0136,original,crop,0.303670,0.436506,0.011330,1,
id0045,id0153,original,crop,0.313757,0.475682,0.017230,1,
id0045,id0161,original,crop,0.260725,0.351498,0.011821,1,
id0045,id0169,original,crop,0.321935,0.440032,0.009051,1,
id0045,id0182,original,crop,0.281743,0.428720,0.007840,1,
id0045,id0183,original,crop,0.527420,0.703819,0.018985,1,
id0045,id0186,original,crop,0.307422,0.392000,0.008291,1,
id0045,id0197,original,crop,0.329408,0.457415,0.006780,1,
id0045,id0199,original,crop,0.414273,0.686865,0.013756,1,
id0045,id0206,original,crop,0.437701,0.539250,0.005959,1,
id0045,id0207,original,crop,0.285213,0.459716,0.009251,1,
id0045,id0208,original,crop,0.237292,0.341950,0.012880,1,
id0045,id0212,original,crop,0.390712,0.488494,0.003938,1,
id0045,id0220,original,crop,0.274262,0.349683,0.004679,1,
id0045,id0222,original,crop,0.236709,0.389546,0.013477,1,
id0045,id0224,original,crop,0.320364,0.465091,0.011724,1,
id0045,id0233,original,crop,0.437442,0.529054,0.016482,1,
id0045,id0239,original,crop,0.375975,0.563891,0.005955,1,
id0045,id0242,original,crop,0.388186,0.425860,0.009524,1,
id0045,id0246,original,crop,0.263212,0.326158,0.004928,1,
id0045,id0258,original,crop,0.256965,0.398456,0.005700,1,
id0045,id0273,original,crop,0.334678,0.450195,0.007322,1,
id0045,id0275,original,crop,0.246926,0.380714,0.013169,1,
id0045,id0285,original,crop,0.349620,0.437106,0.011117,1,
id0045,id0290,original,crop,0.366241,0.701335,0.013883,1,
id0045,id0296,original,crop,0.278435,0.325574,0.017417,1,
id0045,id0299,original,crop,0.220855,0.305793,0.010782,1,
id0045,id0303,original,crop,0.352359,0.382019,0.010128,1,
id0045,id0319,original,crop,0.270875,0.379593,0.005344,1,
id0045,id0321,original,crop,0.320844,0.501015,0.011516,1,
id0045,id0326,original,crop,0.401949,0.598433,0.018003,1,
id0045,id0328,original,crop,0.383525,0.487656,0.010879,1,
id0045,id0330,original,crop,0.305134,0.506217,0.004792,1,
id0045,id0342,original,crop,0.352240,0.475785,0.008268,1,
id0045,id0346,original,crop,0.300019,0.429027,0.008134,1,
id0045,id0363,original,crop,0.392962,0.308145,0.004180,1,
id0045,id0367,original,crop,0.366380,0.435682,0.005577,1,
id0045,id0368,original,crop,0.298567,0.427516,0.017280,1,
id0045,id0369,original,crop,0.367351,0.603268,0.019294,1,
id0045,id0372,original,crop,0.326787,0.402775,0.010118,1,
id0045,id0373,original,crop,0.366378,0.577635,0.011106,1,
id0045,id0374,original,crop,0.383201,0.528713,0.004830,1,
id0045,id0378,original,crop,0.254150,0.391478,0.011552,1,
id0045,id0381,original,crop,0.258406,0.396891,0.012297,1,
id0045,id0382,original,crop,0.284446,0.355959,0.003168,1,
id0045,id0392,original,crop,0.311929,0.398344,0.005988,1,
id0045,id0396,original,crop,0.416510,0.506081,0.004988,1,
id0045,id0398,original,crop,0.436278,0.588455,0.006869,1,
id0045,id0399,original,crop,0.325259,0.425808,0.007527,1,
id0045,id0401,original,crop,0.323145,0.469370,0.004402,1,
id0045,id0402,original,crop,0.207385,0.325332,0.007349,1,
id0045,id0404,original,crop,0.285472,0.468986,0.010208,1,
id0045,id0411,original,crop,0.295715,0.353514,0.002940,1,
id0045,id0412,original,crop,0.261970,0.415067,0.009331,1,
id0045,id0418,original,crop,0.302671,0.432483,0.014583,1,
id0045,id0421,original,crop,0.232628,0.292410,0.006441,1,
id0045,id0422,original,crop,0.308147,0.464493,0.009671,1,
id0045,id0431,original,crop,0.351367,0.517985,0.010465,1,
id0045,id0437,original,crop,0.378894,0.632955,0.015567,1,
id0045,id0441,original,crop,0.254725,0.371673,0.008373,1,
id0045,id0447,original,crop,0.442170,0.546275,0.020118,1,
id0045,id0460,original,crop,0.230295,0.313225,0.007687,1,
id0045,id0462,original,crop,0.358672,0.463136,0.018026,1,
id0045,id0465,original,crop,0.301942,0.362520,0.003084,1,
id0045,id0466,original,crop,0.356116,0.506651,0.019383,1,
id0045,id0468,original,crop,0.369224,0.520483,0.003587,1,
id0045,id0470,original,crop,0.338335,0.477242,0.006768,1,
id0045,id0476,original,crop,0.318406,0.453439,0.017482,1,
id0045,id0486,original,crop,0.362085,0.451583,0.005853,1,
id0045,id0491,original,crop,0.271567,0.423698,0.015252,1,
id0045,id0498,original,crop,0.208912,0.339911,0.004745,1,
id0048,id0056,original,crop,0.438283,0.541798,0.002204,1,
id0048,id0062,original,crop,0.483911,0.636769,0.002856,1,
id0048,id0069,original,crop,0.345378,0.377088,0.002344,1,
id0048,id0071,original,crop,0.480740,0.642583,0.003401,1,
id0048,id0072,original,crop,0.310490,0.392371,0.003783,1,
id0048,id0075,original,crop,0.351198,0.436580,0.001830,1,
id0048,id0080,original,crop,0.390122,0.556634,0.002230,1,
id0048,id0081,original,crop,0.318693,0.478013,0.005330,1,
id0048,id0086,original,crop,0.241506,0.436051,0.003573,1,
id0048,id0088,original,crop,0.289267,0.423858,0.006281,1,
id0048,id0097,original,crop,0.306803,0.429575,0.002349,1,
id0048,id0100,original,crop,0.267631,0.413639,0.002249,1,
id0048,id0106,original,crop,0.399369,0.471910,0.003553,1,
id0048,id0107,original,crop,0.314860,0.390982,0.003947,1,
id0048,id0110,original,crop,0.244179,0.319740,0.001574,1,
id0048,id0113,original,crop,0.317642,0.493995,0.004600,1,
id0048,id0115,original,crop,0.276086,0.336478,0.002096,1,
id0048,id0130,original,crop,0.348310,0.507081,0.002476,1,
id0048,id0132,original,crop,0.305165,0.426696,0.003530,1,
id0048,id0136,original,crop,0.321697,0.490184,0.004904,1,
id0048,id0153,original,crop,0.251430,0.404412,0.007687,1,
id0048,id0161,original,crop,0.217796,0.363420,0.004741,1,
id0048,id0169,original,crop,0.342159,0.438388,0.003643,1,
id0048,id0182,original,crop,0.227122,0.254469,0.002307,1,
id0048,id0183,original,crop,0.368527,0.421790,0.010385,1,
id0048,id0186,original,crop,0.241396,0.336977,0.003053,1,
id0048,id0197,original,crop,0.256626,0.292619,0.002857,1,
id0048,id0199,original,crop,0.258019,0.440571,0.006120,1,
id0048,id0206,original,crop,0.513226,0.671754,0.004908,1,
id0048,id0207,original,crop,0.315825,0.445980,0.003492,1,
id0048,id0208,original,crop,0.221554,0.373724,0.005314,1,
id0048,id0212,original,crop,0.394040,0.460806,0.003298,1,
id0048,id0220,original,crop,0.302711,0.371729,0.001718,1,
id0048,id0222,original,crop,0.265685,0.392821,0.006395,1,
id0048,id0224,original,crop,0.324869,0.399109,0.004667,1,
id0048,id0233,original,crop,0.357085,0.371174,0.006993,1,
id0048,id0239,original,crop,0.473281,0.584117,0.003482,1,
id0048,id0242,original,crop,0.320073,0.324605,0.003687,1,
id0048,id0246,original,crop,0.398357,0.521458,0.002060,1,
id0048,id0258,original,crop,0.300437,0.412907,0.002084,1,
id0048,id0273,original,crop,0.313359,0.369798,0.002142,1,
id0048,id0275,original,crop,0.284332,0.418241,0.005627,1,
id0048,id0285,original,crop,0.300510,0.351284,0.004613,1,
id0048,id0290,original,crop,0.284249,0.438097,0.005676,1,
id0048,id0296,original,crop,0.285846,0.420747,0.009594,1,
id0048,id0299,original,crop,0.239562,0.304559,0.004002,1,
id0048,id0303,original,crop,0.281518,0.381880,0.004519,1,
id0048,id0319,original,crop,0.330198,0.506133,0.002619,1,
id0048,id0321,original,crop,0.251356,0.397696,0.004592,1,
id0048,id0326,original,crop,0.310475,0.433741,0.008853,1,
id0048,id0328,original,crop,0.286185,0.367074,0.004085,1,
id0048,id0330,original,crop,0.320369,0.404770,0.002442,1,
id0048,id0342,original,crop,0.342756,0.417933,0.003485,1,
id0048,id0346,original,crop,0.327557,0.435348,0.003016,1,
id0048,id0363,original,crop,0.366916,0.310984,0.001723,1,
id0048,id0367,original,crop,0.368069,0.365155,0.002671,1,
id0048,id0368,original,crop,0.223973,0.304335,0.007764,1,
id0048,id0369,original,crop,0.231362,0.390968,0.009117,1,
id0048,id0372,original,crop,0.297083,0.367318,0.003565,1,
id0048,id0373,original,crop,0.263181,0.311434,0.004047,1,
id0048,id0374,original,crop,0.425324,0.451137,0.001463,1,
id0048,id0378,original,crop,0.233767,0.360041,0.004374,1,
id0048,id0381,original,crop,0.236921,0.252685,0.004708,1,
id0048,id0382,original,crop,0.379913,0.542048,0.002397,1,
id0048,id0392,original,crop,0.335533,0.400310,0.002408,1,
id0048,id0396,original,crop,0.328773,0.379563,0.001735,1,
id0048,id0398,original,crop,0.383245,0.577887,0.004869,1,
id0048,id0399,original,crop,0.282838,0.394993,0.002554,1,
id0048,id0401,original,crop,0.398819,0.522486,0.002595,1,
id0048,id0402,original,crop,0.269989,0.368619,0.002283,1,
id0048,id0404,original,crop,0.336293,0.488221,0.004418,1,
id0048,id0411,original,crop,0.411655,0.566156,0.003370,1,
id0048,id0412,original,crop,0.283665,0.424034,0.003481,1,
id0048,id0418,original,crop,0.315107,0.457034,0.007122,1,
id0048,id0421,original,crop,0.294029,0.407433,0.001970,1,
id0048,id0422,original,crop,0.264091,0.364903,0.003397,1,
id0048,id0431,original,crop,0.314791,0.481859,0.004971,1,
id0048,id0437,original,crop,0.317788,0.502795,0.007479,1,
id0048,id0441,original,crop,0.317408,0.467314,0.003975,1,
id0048,id0447,original,crop,0.307848,0.390121,0.010556,1,
id0048,id0460,original,crop,0.261791,0.368549,0.002346,1,
id0048,id0462,original,crop,0.288409,0.382890,0.008467,1,
id0048,id0465,original,crop,0.350048,0.476470,0.002062,1,
id0048,id0466,original,crop,0.257934,0.365589,0.009715,1,
id0048,id0468,original,crop,0.424240,0.656655,0.004461,1,
id0048,id0470,original,crop,0.351409,0.527879,0.003440,1,
id0048,id0476,original,crop,0.201524,0.308121,0.008748,1,
id0048,id0486,original,crop,0.371131,0.489963,0.001607,1,
id0048,id0491,original,crop,0.242828,0.360670,0.006793,1,
id0048,id0498,original,crop,0.357248,0.460088,0.001440,1,
id0056,id0062,original,crop,0.376901,0.380114,0.007498,1,
id0056,id0069,original,crop,0.440619,0.617616,0.009539,1,
id0056,id0071,original,crop,0.370268,0.386364,0.004370,1,
id0056,id0072,original,crop,0.364177,0.411149,0.014193,1,
id0056,id0075,original,crop,0.331446,0.279356,0.005410,1,
id0056,id0080,original,crop,0.380890,0.393236,0.005470,1,
id0056,id0081,original,crop,0.343343,0.341135,0.019055,1,
id0056,id0086,original,crop,0.441969,0.488777,0.014125,1,
id0056,id0088,original,crop,0.354732,0.431909,0.020218,1,
id0056,id0097,original,crop,0.292466,0.352177,0.009205,1,
id0056,id0100,original,crop,0.389169,0.476029,0.008256,1,
id0056,id0106,original,crop,0.406965,0.453250,0.011903,1,
id0056,id0107,original,crop,0.377795,0.548526,0.017633,1,
id0056,id0110,original,crop,0.352546,0.420444,0.009075,1,
id0056,id0113,original,crop,0.361790,0.385341,0.015060,1,
id0056,id0115,original,crop,0.364146,0.427668,0.010334,1,
id0056,id0130,original,crop,0.277351,0.403734,0.012452,1,
id0056,id0132,original,crop,0.281528,0.322418,0.015309,1,
id0056,id0136,original,crop,0.346134,0.455594,0.016917,1,
id0056,id0153,original,crop,0.333013,0.453978,0.025469,1,
id0056,id0161,original,crop,0.352165,0.395969,0.018363,1,
id0056,id0169,original,crop,0.370065,0.402654,0.013907,1,
id0056,id0182,original,crop,0.387574,0.503668,0.013739,1,
id0056,id0183,original,crop,0.544717,0.778615,0.027391,1,
id0056,id0186,original,crop,0.355161,0.402527,0.013500,1,
id0056,id0197,original,crop,0.398900,0.538113,0.011416,1,
id0056,id0199,original,crop,0.494607,0.739992,0.020841,1,
id0056,id0206,original,crop,0.481995,0.476475,0.007232,1,
id0056,id0207,original,crop,0.334750,0.333877,0.014645,1,
id0056,id0208,original,crop,0.352088,0.411233,0.020502,1,
id0056,id0212,original,crop,0.454501,0.594557,0.006446,1,
id0056,id0220,original,crop,0.277874,0.334986,0.008549,1,
id0056,id0222,original,crop,0.369639,0.408111,0.020645,1,
id0056,id0224,original,crop,0.402003,0.391798,0.016943,1,
id0056,id0233,original,crop,0.363359,0.527650,0.024613,1,
id0056,id0239,original,crop,0.484794,0.511604,0.008134,1,
id0056,id0242,original,crop,0.394697,0.458249,0.015474,1,
id0056,id0246,original,crop,0.333073,0.217994,0.008658,1,
id0056,id0258,original,crop,0.280350,0.334522,0.009911,1,
id0056,id0273,original,crop,0.286455,0.380611,0.011912,1,
id0056,id0275,original,crop,0.261166,0.393802,0.020716,1,
id0056,id0285,original,crop,0.425434,0.502302,0.017119,1,
id0056,id0290,original,crop,0.442366,0.756693,0.020793,1,
id0056,id0296,original,crop,0.315024,0.396784,0.025868,1,
id0056,id0299,original,crop,0.322750,0.376274,0.017124,1,
id0056,id0303,original,crop,0.394272,0.445836,0.016153,1,
id0056,id0319,original,crop,0.404763,0.443987,0.009519,1,
id0056,id0321,original,crop,0.400512,0.536882,0.018158,1,
id0056,id0326,original,crop,0.525360,0.692583,0.025954,1,
id0056,id0328,original,crop,0.412178,0.558427,0.017131,1,
id0056,id0330,original,crop,0.344997,0.457870,0.007654,1,
id0056,id0342,original,crop,0.354387,0.441571,0.012828,1,
id0056,id0346,original,crop,0.353845,0.343303,0.012579,1,
id0056,id0363,original,crop,0.356006,0.371634,0.007421,1,
id0056,id0367,original,crop,0.474675,0.510551,0.009740,1,
id0056,id0368,original,crop,0.382223,0.487910,0.025449,1,
id0056,id0369,original,crop,0.450246,0.658428,0.027838,1,
id0056,id0372,original,crop,0.510124,0.479763,0.015736,1,
id0056,id0373,original,crop,0.453250,0.640110,0.017611,1,
id0056,id0374,original,crop,0.369216,0.528911,0.009305,1,
id0056,id0378,original,crop,0.405643,0.401564,0.018422,1,
id0056,id0381,original,crop,0.438852,0.476575,0.018748,1,
id0056,id0382,original,crop,0.313622,0.330370,0.005592,1,
id0056,id0392,original,crop,0.297031,0.343136,0.010103,1,
id0056,id0396,original,crop,0.396366,0.520650,0.007623,1,
id0056,id0398,original,crop,0.513522,0.621645,0.008932,1,
id0056,id0399,original,crop,0.312966,0.437779,0.013443,1,
id0056,id0401,original,crop,0.297310,0.397783,0.007931,1,
id0056,id0402,original,crop,0.353860,0.329275,0.012233,1,
id0056,id0404,original,crop,0.346941,0.349941,0.014724,1,
id0056,id0411,original,crop,0.249507,0.281834,0.004663,1,
id0056,id0412,original,crop,0.403825,0.439680,0.015263,1,
id0056,id0418,original,crop,0.502081,0.518680,0.021725,1,
id0056,id0421,original,crop,0.310877,0.357452,0.011550,1,
id0056,id0422,original,crop,0.346207,0.434903,0.015056,1,
id0056,id0431,original,crop,0.441563,0.587794,0.015590,1,
id0056,id0437,original,crop,0.504833,0.664054,0.023062,1,
id0056,id0441,original,crop,0.253403,0.338008,0.013380,1,
id0056,id0447,original,crop,0.496477,0.668847,0.029826,1,
id0056,id0460,original,crop,0.292056,0.331472,0.013053,1,
id0056,id0462,original,crop,0.387965,0.507259,0.025785,1,
id0056,id0465,original,crop,0.272214,0.320039,0.005588,1,
id0056,id0466,original,crop,0.414345,0.596794,0.028216,1,
id0056,id0468,original,crop,0.408171,0.495617,0.004316,1,
id0056,id0470,original,crop,0.417933,0.450789,0.009897,1,
id0056,id0476,original,crop,0.417040,0.562741,0.026528,1,
id0056,id0486,original,crop,0.273303,0.388685,0.010163,1,
id0056,id0491,original,crop,0.366892,0.452320,0.022676,1,
id0056,id0498,original,crop,0.286481,0.379012,0.009575,1,
id0062,id0069,original,crop,0.443103,0.658390,0.010559,1,
id0062,id0071,original,crop,0.346447,0.478537,0.005052,1,
id0062,id0072,original,crop,0.355807,0.467765,0.015213,1,
id0062,id0075,original,crop,0.386993,0.422916,0.006155,1,
id0062,id0080,original,crop,0.219021,0.270112,0.005649,1,
id0062,id0081,original,crop,0.341269,0.481985,0.019695,1,
id0062,id0086,original,crop,0.409844,0.470392,0.014353,1,
id0062,id0088,original,crop,0.471360,0.508978,0.020943,1,
id0062,id0097,original,crop,0.439750,0.530033,0.010618,1,
id0062,id0100,original,crop,0.363022,0.472576,0.008607,1,
id0062,id0106,original,crop,0.379588,0.375406,0.012354,1,
id0062,id0107,original,crop,0.565660,0.740305,0.019364,1,
id0062,id0110,original,crop,0.433277,0.575000,0.010592,1,
id0062,id0113,original,crop,0.312935,0.384356,0.015869,1,
id0062,id0115,original,crop,0.351401,0.513973,0.011848,1,
id0062,id0130,original,crop,0.366714,0.491020,0.013204,1,
id0062,id0132,original,crop,0.362698,0.477103,0.016576,1,
id0062,id0136,original,crop,0.330940,0.399383,0.017248,1,
id0062,id0153,original,crop,0.523883,0.716516,0.028083,1,
id0062,id0161,original,crop,0.415119,0.531683,0.020329,1,
id0062,id0169,original,crop,0.381687,0.466988,0.015265,1,
id0062,id0182,original,crop,0.495608,0.677538,0.015639,1,
id0062,id0183,original,crop,0.670635,0.892743,0.028110,1,
id0062,id0186,original,crop,0.422612,0.505840,0.014744,1,
id0062,id0197,original,crop,0.483377,0.631986,0.011871,1,
id0062,id0199,original,crop,0.574050,0.859703,0.021791,1,
id0062,id0206,original,crop,0.317060,0.326919,0.006646,1,
id0062,id0207,original,crop,0.355943,0.487055,0.015806,1,
id0062,id0208,original,crop,0.432306,0.587098,0.021995,1,
id0062,id0212,original,crop,0.550038,0.613758,0.006967,1,
id0062,id0220,original,crop,0.418511,0.504353,0.009469,1,
id0062,id0222,original,crop,0.420020,0.535368,0.021391,1,
id0062,id0224,original,crop,0.430335,0.581862,0.018364,1,
id0062,id0233,original,crop,0.560467,0.754022,0.026872,1,
id0062,id0239,original,crop,0.380804,0.546550,0.009330,1,
id0062,id0242,original,crop,0.486489,0.597562,0.017404,1,
id0062,id0246,original,crop,0.304779,0.412511,0.010256,1,
id0062,id0258,original,crop,0.415078,0.536634,0.011357,1,
id0062,id0273,original,crop,0.416794,0.616303,0.013296,1,
id0062,id0275,original,crop,0.407963,0.585587,0.022617,1,
id0062,id0285,original,crop,0.432096,0.515540,0.018678,1,
id0062,id0290,original,crop,0.590795,0.922390,0.022558,1,
id0062,id0296,original,crop,0.439463,0.541774,0.026641,1,
id0062,id0299,original,crop,0.362506,0.522013,0.018814,1,
id0062,id0303,original,crop,0.447433,0.547711,0.017109,1,
id0062,id0319,original,crop,0.387199,0.421755,0.010107,1,
id0062,id0321,original,crop,0.521564,0.714354,0.019045,1,
id0062,id0326,original,crop,0.493024,0.687737,0.026376,1,
id0062,id0328,original,crop,0.530132,0.727588,0.019579,1,
id0062,id0330,original,crop,0.410918,0.607144,0.008676,1,
id0062,id0342,original,crop,0.375566,0.557478,0.014042,1,
id0062,id0346,original,crop,0.361082,0.465380,0.013960,1,
id0062,id0363,original,crop,0.331116,0.427036,0.008254,1,
id0062,id0367,original,crop,0.394008,0.592329,0.010825,1,
id0062,id0368,original,crop,0.433209,0.574909,0.026338,1,
id0062,id0369,original,crop,0.540623,0.798623,0.029663,1,
id0062,id0372,original,crop,0.435021,0.588218,0.017047,1,
id0062,id0373,original,crop,0.540448,0.793739,0.018879,1,
id0062,id0374,original,crop,0.612639,0.786814,0.011242,1,
id0062,id0378,original,crop,0.429316,0.602102,0.020563,1,
id0062,id0381,original,crop,0.424752,0.567997,0.019687,1,
id0062,id0382,original,crop,0.318633,0.315625,0.006205,1,
id0062,id0392,original,crop,0.397195,0.523111,0.011401,1,
id0062,id0396,original,crop,0.433962,0.561083,0.008554,1,
id0062,id0398,original,crop,0.441859,0.554816,0.008796,1,
id0062,id0399,original,crop,0.480430,0.616180,0.014934,1,
id0062,id0401,original,crop,0.444639,0.596367,0.009802,1,
id0062,id0402,original,crop,0.314802,0.410775,0.013155,1,
id0062,id0404,original,crop,0.274250,0.397782,0.015087,1,
id0062,id0411,original,crop,0.348128,0.416167,0.005728,1,
id0062,id0412,original,crop,0.367796,0.458741,0.016284,1,
id0062,id0418,original,crop,0.426949,0.562661,0.022493,1,
id0062,id0421,original,crop,0.358609,0.462721,0.013108,1,
id0062,id0422,original,crop,0.358827,0.522382,0.016013,1,
id0062,id0431,original,crop,0.410400,0.568180,0.016411,1,
id0062,id0437,original,crop,0.571993,0.869096,0.026028,1,
id0062,id0441,original,crop,0.342496,0.516726,0.015027,1,
id0062,id0447,original,crop,0.636419,0.772178,0.031259,1,
id0062,id0460,original,crop,0.329556,0.431019,0.014131,1,
id0062,id0462,original,crop,0.433712,0.505921,0.026764,1,
id0062,id0465,original,crop,0.401769,0.472603,0.006470,1,
id0062,id0466,original,crop,0.544822,0.702289,0.029714,1,
id0062,id0468,original,crop,0.256785,0.373627,0.004174,1,
id0062,id0470,original,crop,0.358195,0.445324,0.009941,1,
id0062,id0476,original,crop,0.544809,0.681257,0.027889,1,
id0062,id0486,original,crop,0.445742,0.530420,0.011160,1,
id0062,id0491,original,crop,0.504189,0.695708,0.025470,1,
id0062,id0498,original,crop,0.428824,0.593653,0.011054,1,
id0069,id0071,original,crop,0.441094,0.584923,0.002587,1,
id0069,id0072,original,crop,0.258222,0.358679,0.007643,1,
id0069,id0075,original,crop,0.390255,0.430681,0.002441,1,
id0069,id0080,original,crop,0.342138,0.428858,0.002069,1,
id0069,id0081,original,crop,0.350090,0.526858,0.011912,1,
id0069,id0086,original,crop,0.277277,0.337902,0.007311,1,
id0069,id0088,original,crop,0.313297,0.434974,0.011818,1,
id0069,id0097,original,crop,0.397299,0.562440,0.005597,1,
id0069,id0100,original,crop,0.313812,0.391620,0.003938,1,
id0069,id0106,original,crop,0.229812,0.298254,0.005486,1,
id0069,id0107,original,crop,0.462823,0.626248,0.010886,1,
id0069,id0110,original,crop,0.354888,0.477269,0.004629,1,
id0069,id0113,original,crop,0.278204,0.392200,0.008155,1,
id0069,id0115,original,crop,0.319243,0.356329,0.005861,1,
id0069,id0130,original,crop,0.416187,0.618260,0.007647,1,
id0069,id0132,original,crop,0.358432,0.490438,0.009246,1,
id0069,id0136,original,crop,0.310414,0.478996,0.009245,1,
id0069,id0153,original,crop,0.374085,0.600450,0.017058,1,
id0069,id0161,original,crop,0.326816,0.385849,0.011206,1,
id0069,id0169,original,crop,0.330511,0.417845,0.007357,1,
id0069,id0182,original,crop,0.407728,0.504899,0.007724,1,
id0069,id0183,original,crop,0.421016,0.620554,0.017699,1,
id0069,id0186,original,crop,0.259704,0.334077,0.006928,1,
id0069,id0197,original,crop,0.379855,0.440595,0.006313,1,
id0069,id0199,original,crop,0.347491,0.609020,0.012070,1,
id0069,id0206,original,crop,0.453438,0.467859,0.003474,1,
id0069,id0207,original,crop,0.332020,0.491954,0.007984,1,
id0069,id0208,original,crop,0.365978,0.557402,0.013217,1,
id0069,id0212,original,crop,0.498906,0.567282,0.003860,1,
id0069,id0220,original,crop,0.416348,0.506372,0.004608,1,
id0069,id0222,original,crop,0.365949,0.499907,0.012502,1,
id0069,id0224,original,crop,0.344041,0.450533,0.009505,1,
id0069,id0233,original,crop,0.379618,0.601064,0.015735,1,
id0069,id0239,original,crop,0.431149,0.423099,0.004123,1,
id0069,id0242,original,crop,0.285744,0.397981,0.008650,1,
id0069,id0246,original,crop,0.429552,0.517019,0.005215,1,
id0069,id0258,original,crop,0.360010,0.498987,0.005514,1,
id0069,id0273,original,crop,0.377400,0.538402,0.006541,1,
id0069,id0275,original,crop,0.420775,0.593086,0.013674,1,
id0069,id0285,original,crop,0.204085,0.277509,0.009629,1,
id0069,id0290,original,crop,0.455438,0.688225,0.013070,1,
id0069,id0296,original,crop,0.423024,0.554500,0.017841,1,
id0069,id0299,original,crop,0.290111,0.439332,0.009974,1,
id0069,id0303,original,crop,0.410429,0.505774,0.009847,1,
id0069,id0319,original,crop,0.437539,0.551089,0.005739,1,
id0069,id0321,original,crop,0.429392,0.608932,0.011137,1,
id0069,id0326,original,crop,0.304822,0.502758,0.015401,1,
id0069,id0328,original,crop,0.316366,0.521862,0.010473,1,
id0069,id0330,original,crop,0.423357,0.544816,0.004581,1,
id0069,id0342,original,crop,0.304763,0.480791,0.006897,1,
id0069,id0346,original,crop,0.298486,0.390051,0.006535,1,
id0069,id0363,original,crop,0.286404,0.292527,0.003125,1,
id0069,id0367,original,crop,0.327047,0.370446,0.004359,1,
id0069,id0368,original,crop,0.317670,0.456626,0.015872,1,
id0069,id0369,original,crop,0.340875,0.592880,0.018141,1,
id0069,id0372,original,crop,0.412866,0.415955,0.009154,1,
id0069,id0373,original,crop,0.348386,0.565433,0.010160,1,
id0069,id0374,original,crop,0.577704,0.718785,0.005634,1,
id0069,id0378,original,crop,0.375997,0.530818,0.011530,1,
id0069,id0381,original,crop,0.354062,0.376939,0.011227,1,
id0069,id0382,original,crop,0.327783,0.475402,0.002845,1,
id0069,id0392,original,crop,0.349905,0.446140,0.005107,1,
id0069,id0396,original,crop,0.257624,0.323759,0.003360,1,
id0069,id0398,original,crop,0.365861,0.479226,0.004752,1,
id0069,id0399,original,crop,0.381619,0.601331,0.007902,1,
id0069,id0401,original,crop,0.423652,0.571401,0.004481,1,
id0069,id0402,original,crop,0.334300,0.391899,0.006495,1,
id0069,id0404,original,crop,0.336138,0.487040,0.008559,1,
id0069,id0411,original,crop,0.397559,0.580178,0.003449,1,
id0069,id0412,original,crop,0.292253,0.414783,0.008372,1,
id0069,id0418,original,crop,0.401517,0.445056,0.013042,1,
id0069,id0421,original,crop,0.340214,0.472188,0.006535,1,
id0069,id0422,original,crop,0.236142,0.414678,0.007711,1,
id0069,id0431,original,crop,0.291882,0.472917,0.008622,1,
id0069,id0437,original,crop,0.475594,0.691177,0.016129,1,
id0069,id0441,original,crop,0.387647,0.556114,0.008319,1,
id0069,id0447,original,crop,0.427418,0.600560,0.019562,1,
id0069,id0460,original,crop,0.320435,0.432759,0.007095,1,
id0069,id0462,original,crop,0.264732,0.386883,0.016175,1,
id0069,id0465,original,crop,0.415952,0.539162,0.003066,1,
id0069,id0466,original,crop,0.386398,0.556491,0.018615,1,
id0069,id0468,original,crop,0.356952,0.492335,0.002156,1,
id0069,id0470,original,crop,0.330985,0.425538,0.004627,1,
id0069,id0476,original,crop,0.365774,0.530271,0.017129,1,
id0069,id0486,original,crop,0.345283,0.558941,0.004917,1,
id0069,id0491,original,crop,0.420281,0.573688,0.015742,1,
id0069,id0498,original,crop,0.453549,0.613522,0.005500,1,
id0071,id0072,original,crop,0.299783,0.345564,0.016995,1,
id0071,id0075,original,crop,0.262625,0.316108,0.007341,1,
id0071,id0080,original,crop,0.354582,0.467757,0.007842,1,
id0071,id0081,original,crop,0.361211,0.550717,0.023827,1,
id0071,id0086,original,crop,0.406848,0.421209,0.016648,1,
id0071,id0088,original,crop,0.484030,0.512521,0.024459,1,
id0071,id0097,original,crop,0.405221,0.385086,0.011638,1,
id0071,id0100,original,crop,0.303929,0.377821,0.010056,1,
id0071,id0106,original,crop,0.409813,0.448389,0.014740,1,
id0071,id0107,original,crop,0.536584,0.590148,0.021514,1,
id0071,id0110,original,crop,0.369964,0.462178,0.012100,1,
id0071,id0113,original,crop,0.316349,0.359426,0.017658,1,
id0071,id0115,original,crop,0.382236,0.516519,0.014371,1,
id0071,id0130,original,crop,0.404122,0.567960,0.016217,1,
id0071,id0132,original,crop,0.372492,0.421367,0.019231,1,
id0071,id0136,original,crop,0.424870,0.488204,0.020295,1,
id0071,id0153,original,crop,0.483948,0.574007,0.030946,1,
id0071,id0161,original,crop,0.366012,0.403764,0.022259,1,
id0071,id0169,original,crop,0.316726,0.331588,0.016815,1,
id0071,id0182,original,crop,0.430369,0.568121,0.017806,1,
id0071,id0183,original,crop,0.681603,0.837926,0.032116,1,
id0071,id0186,original,crop,0.363485,0.405303,0.016625,1,
id0071,id0197,original,crop,0.466983,0.609454,0.015210,1,
id0071,id0199,original,crop,0.526335,0.746114,0.024663,1,
id0071,id0206,original,crop,0.365530,0.453744,0.008473,1,
id0071,id0207,original,crop,0.323273,0.479532,0.018625,1,
id0071,id0208,original,crop,0.421935,0.559687,0.025328,1,
id0071,id0212,original,crop,0.509303,0.514003,0.007920,1,
id0071,id0220,original,crop,0.423956,0.431784,0.011236,1,
id0071,id0222,original,crop,0.379599,0.504058,0.024763,1,
id0071,id0224,original,crop,0.295730,0.441187,0.020652,1,
id0071,id0233,original,crop,0.524181,0.644522,0.030115,1,
id0071,id0239,original,crop,0.270001,0.368535,0.009775,1,
id0071,id0242,original,crop,0.447505,0.506228,0.019460,1,
id0071,id0246,original,crop,0.234918,0.289395,0.011490,1,
id0071,id0258,original,crop,0.334649,0.368050,0.012795,1,
id0071,id0273,original,crop,0.355105,0.447972,0.015281,1,
id0071,id0275,original,crop,0.415485,0.533687,0.025557,1,
id0071,id0285,original,crop,0.432372,0.501637,0.021235,1,
id0071,id0290,original,crop,0.487352,0.813896,0.025896,1,
id0071,id0296,original,crop,0.457201,0.488641,0.029726,1,
id0071,id0299,original,crop,0.365758,0.469523,0.021416,1,
id0071,id0303,original,crop,0.451734,0.391964,0.018678,1,
id0071,id0319,original,crop,0.393328,0.402349,0.011468,1,
id0071,id0321,original,crop,0.462670,0.599159,0.022129,1,
id0071,id0326,original,crop,0.516046,0.685676,0.030070,1,
id0071,id0328,original,crop,0.438303,0.502860,0.020842,1,
id0071,id0330,original,crop,0.350224,0.439858,0.009853,1,
id0071,id0342,original,crop,0.293472,0.381365,0.015177,1,
id0071,id0346,original,crop,0.313642,0.374223,0.016197,1,
id0071,id0363,original,crop,0.410181,0.456851,0.010395,1,
id0071,id0367,original,crop,0.338577,0.520833,0.012653,1,
id0071,id0368,original,crop,0.447870,0.562283,0.030515,1,
id0071,id0369,original,crop,0.506328,0.660547,0.032716,1,
id0071,id0372,original,crop,0.353867,0.440053,0.019060,1,
id0071,id0373,original,crop,0.493559,0.744465,0.022452,1,
id0071,id0374,original,crop,0.556941,0.671806,0.013031,1,
id0071,id0378,original,crop,0.361339,0.448442,0.022336,1,
id0071,id0381,original,crop,0.382528,0.570532,0.023498,1,
id0071,id0382,original,crop,0.312856,0.334770,0.007343,1,
id0071,id0392,original,crop,0.300925,0.390953,0.012861,1,
id0071,id0396,original,crop,0.447874,0.535276,0.010502,1,
id0071,id0398,original,crop,0.422379,0.503859,0.010000,1,
id0071,id0399,original,crop,0.455137,0.520526,0.016887,1,
id0071,id0401,original,crop,0.301773,0.298987,0.009671,1,
id0071,id0402,original,crop,0.306068,0.394352,0.015716,1,
id0071,id0404,original,crop,0.269247,0.385258,0.017609,1,
id0071,id0411,original,crop,0.339228,0.328024,0.006123,1,
id0071,id0412,original,crop,0.334942,0.387220,0.018177,1,
id0071,id0418,original,crop,0.419520,0.515002,0.025233,1,
id0071,id0421,original,crop,0.371255,0.466353,0.015453,1,
id0071,id0422,original,crop,0.332387,0.472562,0.018598,1,
id0071,id0431,original,crop,0.380381,0.479671,0.018019,1,
id0071,id0437,original,crop,0.408987,0.605654,0.026836,1,
id0071,id0441,original,crop,0.295547,0.328206,0.016061,1,
id0071,id0447,original,crop,0.612899,0.674149,0.034022,1,
id0071,id0460,original,crop,0.339201,0.460482,0.016763,1,
id0071,id0462,original,crop,0.485067,0.529754,0.030616,1,
id0071,id0465,original,crop,0.321046,0.314555,0.007446,1,
id0071,id0466,original,crop,0.552442,0.656644,0.033262,1,
id0071,id0468,original,crop,0.332194,0.394448,0.004756,1,
id0071,id0470,original,crop,0.286733,0.352062,0.011428,1,
id0071,id0476,original,crop,0.541665,0.647584,0.031605,1,
id0071,id0486,original,crop,0.475565,0.578028,0.014017,1,
id0071,id0491,original,crop,0.411589,0.551313,0.027955,1,
id0071,id0498,original,crop,0.366499,0.553207,0.013310,1,
id0072,id0075,original,crop,0.301250,0.259212,0.002422,1,
id0072,id0080,original,crop,0.302650,0.356067,0.002469,1,
id0072,id0081,original,crop,0.270803,0.419138,0.013075,1,
id0072,id0086,original,crop,0.237997,0.266822,0.007988,1,
id0072,id0088,original,crop,0.313431,0.347426,0.013451,1,
id0072,id0097,original,crop,0.320510,0.363052,0.005267,1,
id0072,id0100,original,crop,0.238635,0.266874,0.003923,1,
id0072,id0106,original,crop,0.262689,0.286623,0.006652,1,
id0072,id0107,original,crop,0.400233,0.470855,0.011497,1,
id0072,id0110,original,crop,0.273224,0.307098,0.004939,1,
id0072,id0113,original,crop,0.180049,0.265739,0.008846,1,
id0072,id0115,original,crop,0.257836,0.309784,0.006415,1,
id0072,id0130,original,crop,0.359615,0.483070,0.007975,1,
id0072,id0132,original,crop,0.303943,0.342161,0.009690,1,
id0072,id0136,original,crop,0.297459,0.345993,0.010439,1,
id0072,id0153,original,crop,0.320904,0.467883,0.018118,1,
id0072,id0161,original,crop,0.268716,0.286115,0.011990,1,
id0072,id0169,original,crop,0.249544,0.262845,0.007971,1,
id0072,id0182,original,crop,0.340612,0.391343,0.008626,1,
id0072,id0183,original,crop,0.483623,0.603870,0.019846,1,
id0072,id0186,original,crop,0.186488,0.254785,0.007768,1,
id0072,id0197,original,crop,0.316954,0.368917,0.007014,1,
id0072,id0199,original,crop,0.344705,0.544224,0.013375,1,
id0072,id0206,original,crop,0.401810,0.427662,0.003700,1,
id0072,id0207,original,crop,0.255162,0.368519,0.009007,1,
id0072,id0208,original,crop,0.301914,0.421242,0.014080,1,
id0072,id0212,original,crop,0.442645,0.399252,0.003567,1,
id0072,id0220,original,crop,0.300834,0.301875,0.004386,1,
id0072,id0222,original,crop,0.257251,0.343218,0.013650,1,
id0072,id0224,original,crop,0.255420,0.338503,0.010629,1,
id0072,id0233,original,crop,0.422378,0.506351,0.017372,1,
id0072,id0239,original,crop,0.320836,0.383637,0.004109,1,
id0072,id0242,original,crop,0.336495,0.347972,0.009759,1,
id0072,id0246,original,crop,0.274838,0.354613,0.004865,1,
id0072,id0258,original,crop,0.247336,0.312710,0.005541,1,
id0072,id0273,original,crop,0.275753,0.365817,0.006888,1,
id0072,id0275,original,crop,0.320075,0.436888,0.014371,1,
id0072,id0285,original,crop,0.270181,0.280158,0.010814,1,
id0072,id0290,original,crop,0.368654,0.605355,0.014463,1,
id0072,id0296,original,crop,0.296680,0.385060,0.018377,1,
id0072,id0299,original,crop,0.229323,0.301254,0.010899,1,
id0072,id0303,original,crop,0.348259,0.321243,0.009802,1,
id0072,id0319,original,crop,0.333780,0.351431,0.005168,1,
id0072,id0321,original,crop,0.344545,0.461659,0.011756,1,
id0072,id0326,original,crop,0.350768,0.458037,0.017251,1,
id0072,id0328,original,crop,0.289243,0.414555,0.010959,1,
id0072,id0330,original,crop,0.281095,0.348618,0.003982,1,
id0072,id0342,original,crop,0.231432,0.307682,0.006989,1,
id0072,id0346,original,crop,0.230351,0.268887,0.007315,1,
id0072,id0363,original,crop,0.332678,0.279008,0.003908,1,
id0072,id0367,original,crop,0.275464,0.319737,0.005214,1,
id0072,id0368,original,crop,0.310890,0.368319,0.017516,1,
id0072,id0369,original,crop,0.317430,0.484461,0.019445,1,
id0072,id0372,original,crop,0.273376,0.293841,0.009421,1,
id0072,id0373,original,crop,0.346549,0.522582,0.011941,1,
id0072,id0374,original,crop,0.491988,0.559028,0.006009,1,
id0072,id0378,original,crop,0.306027,0.388700,0.012199,1,
id0072,id0381,original,crop,0.279127,0.342247,0.012381,1,
id0072,id0382,original,crop,0.253523,0.315124,0.002537,1,
id0072,id0392,original,crop,0.287126,0.306687,0.005643,1,
id0072,id0396,original,crop,0.299279,0.356897,0.004098,1,
id0072,id0398,original,crop,0.298384,0.387172,0.004516,1,
id0072,id0399,original,crop,0.334676,0.427655,0.008246,1,
id0072,id0401,original,crop,0.281715,0.398033,0.003957,1,
id0072,id0402,original,crop,0.223799,0.234212,0.007004,1,
id0072,id0404,original,crop,0.192989,0.308540,0.008881,1,
id0072,id0411,original,crop,0.307388,0.385758,0.002629,1,
id0072,id0412,original,crop,0.220919,0.268550,0.008948,1,
id0072,id0418,original,crop,0.318555,0.354119,0.014042,1,
id0072,id0421,original,crop,0.335991,0.355088,0.007075,1,
id0072,id0422,original,crop,0.201018,0.284952,0.008856,1,
id0072,id0431,original,crop,0.265938,0.344300,0.009018,1,
id0072,id0437,original,crop,0.376856,0.571347,0.015929,1,
id0072,id0441,original,crop,0.249848,0.348125,0.008004,1,
id0072,id0447,original,crop,0.455458,0.506419,0.021039,1,
id0072,id0460,original,crop,0.252464,0.314427,0.007820,1,
id0072,id0462,original,crop,0.280116,0.299788,0.017514,1,
id0072,id0465,original,crop,0.269449,0.320201,0.002534,1,
id0072,id0466,original,crop,0.373600,0.439711,0.020111,1,
id0072,id0468,original,crop,0.309370,0.404528,0.001839,1,
id0072,id0470,original,crop,0.203177,0.291421,0.004796,1,
id0072,id0476,original,crop,0.370286,0.447315,0.018866,1,
id0072,id0486,original,crop,0.346347,0.442842,0.005852,1,
id0072,id0491,original,crop,0.338837,0.449811,0.016419,1,
id0072,id0498,original,crop,0.361038,0.469915,0.005932,1,
id0075,id0080,original,crop,0.334963,0.444157,0.002576,1,
id0075,id0081,original,crop,0.297685,0.399003,0.013594,1,
id0075,id0086,original,crop,0.304356,0.380159,0.008248,1,
id0075,id0088,original,crop,0.363789,0.384969,0.013264,1,
id0075,id0097,original,crop,0.335417,0.372913,0.005678,1,
id0075,id0100,original,crop,0.249633,0.404119,0.004385,1,
id0075,id0106,original,crop,0.384503,0.371568,0.006645,1,
id0075,id0107,original,crop,0.467453,0.522402,0.012159,1,
id0075,id0110,original,crop,0.263129,0.401552,0.005348,1,
id0075,id0113,original,crop,0.331437,0.369066,0.009349,1,
id0075,id0115,original,crop,0.327756,0.441612,0.006705,1,
id0075,id0130,original,crop,0.338867,0.508082,0.008346,1,
id0075,id0132,original,crop,0.277262,0.345964,0.010337,1,
id0075,id0136,original,crop,0.393503,0.468156,0.011181,1,
id0075,id0153,original,crop,0.364686,0.434731,0.018469,1,
id0075,id0161,original,crop,0.273351,0.304387,0.011861,1,
id0075,id0169,original,crop,0.360506,0.358605,0.008535,1,
id0075,id0182,original,crop,0.306150,0.453975,0.008836,1,
id0075,id0183,original,crop,0.541693,0.705864,0.019092,1,
id0075,id0186,original,crop,0.311701,0.339161,0.008135,1,
id0075,id0197,original,crop,0.341163,0.497099,0.006938,1,
id0075,id0199,original,crop,0.453849,0.678972,0.013743,1,
id0075,id0206,original,crop,0.346340,0.442708,0.003555,1,
id0075,id0207,original,crop,0.210720,0.367779,0.009231,1,
id0075,id0208,original,crop,0.302297,0.442307,0.014496,1,
id0075,id0212,original,crop,0.493156,0.575040,0.004316,1,
id0075,id0220,original,crop,0.360321,0.376107,0.005091,1,
id0075,id0222,original,crop,0.313656,0.413547,0.014162,1,
id0075,id0224,original,crop,0.229409,0.294403,0.010621,1,
id0075,id0233,original,crop,0.402412,0.512059,0.017812,1,
id0075,id0239,original,crop,0.339471,0.391013,0.004095,1,
id0075,id0242,original,crop,0.303741,0.369826,0.009505,1,
id0075,id0246,original,crop,0.266679,0.308341,0.005429,1,
id0075,id0258,original,crop,0.253725,0.276392,0.005477,1,
id0075,id0273,original,crop,0.292203,0.349299,0.007729,1,
id0075,id0275,original,crop,0.368479,0.471019,0.015261,1,
id0075,id0285,original,crop,0.346117,0.428534,0.010885,1,
id0075,id0290,original,crop,0.387021,0.701208,0.015033,1,
id0075,id0296,original,crop,0.394207,0.399853,0.018551,1,
id0075,id0299,original,crop,0.316631,0.400168,0.011784,1,
id0075,id0303,original,crop,0.378194,0.406502,0.010782,1,
id0075,id0319,original,crop,0.426035,0.476819,0.006260,1,
id0075,id0321,original,crop,0.335721,0.504611,0.012648,1,
id0075,id0326,original,crop,0.460176,0.649559,0.017943,1,
id0075,id0328,original,crop,0.365089,0.455127,0.011290,1,
id0075,id0330,original,crop,0.336840,0.438307,0.004787,1,
id0075,id0342,original,crop,0.321437,0.422252,0.008116,1,
id0075,id0346,original,crop,0.255099,0.291597,0.007424,1,
id0075,id0363,original,crop,0.367795,0.358463,0.004299,1,
id0075,id0367,original,crop,0.313323,0.470290,0.005560,1,
id0075,id0368,original,crop,0.363803,0.469638,0.018261,1,
id0075,id0369,original,crop,0.416192,0.588804,0.020316,1,
id0075,id0372,original,crop,0.380564,0.428379,0.010603,1,
id0075,id0373,original,crop,0.344668,0.597748,0.011671,1,
id0075,id0374,original,crop,0.480092,0.557769,0.006208,1,
id0075,id0378,original,crop,0.270529,0.359932,0.012470,1,
id0075,id0381,original,crop,0.308351,0.448317,0.012916,1,
id0075,id0382,original,crop,0.335217,0.374379,0.002856,1,
id0075,id0392,original,crop,0.183623,0.277563,0.005272,1,
id0075,id0396,original,crop,0.371618,0.447351,0.004330,1,
id0075,id0398,original,crop,0.415584,0.547730,0.005164,1,
id0075,id0399,original,crop,0.358976,0.475233,0.008788,1,
id0075,id0401,original,crop,0.335479,0.349375,0.004381,1,
id0075,id0402,original,crop,0.251347,0.333400,0.007398,1,
id0075,id0404,original,crop,0.289356,0.372819,0.009625,1,
id0075,id0411,original,crop,0.347716,0.384842,0.003109,1,
id0075,id0412,original,crop,0.328764,0.380206,0.009398,1,
id0075,id0418,original,crop,0.332899,0.456479,0.014478,1,
id0075,id0421,original,crop,0.289675,0.397970,0.007200,1,
id0075,id0422,original,crop,0.280032,0.391610,0.009265,1,
id0075,id0431,original,crop,0.383993,0.536016,0.009983,1,
id0075,id0437,original,crop,0.367364,0.582996,0.016697,1,
id0075,id0441,original,crop,0.288904,0.359364,0.008718,1,
id0075,id0447,original,crop,0.525410,0.631472,0.021646,1,
id0075,id0460,original,crop,0.268134,0.365113,0.008275,1,
id0075,id0462,original,crop,0.402074,0.464173,0.018386,1,
id0075,id0465,original,crop,0.311816,0.339118,0.002862,1,
id0075,id0466,original,crop,0.477472,0.598803,0.020919,1,
id0075,id0468,original,crop,0.383989,0.480929,0.002043,1,
id0075,id0470,original,crop,0.326257,0.401480,0.005609,1,
id0075,id0476,original,crop,0.409485,0.522783,0.018842,1,
id0075,id0486,original,crop,0.356759,0.459342,0.006016,1,
id0075,id0491,original,crop,0.316167,0.436224,0.016699,1,
id0075,id0498,original,crop,0.291075,0.426563,0.005716,1,
id0080,id0081,original,crop,0.283818,0.452014,0.016275,1,
id0080,id0086,original,crop,0.322211,0.413707,0.011188,1,
id0080,id0088,original,crop,0.368613,0.442454,0.016279,1,
id0080,id0097,original,crop,0.410462,0.552791,0.008661,1,
id0080,id0100,original,crop,0.321134,0.453253,0.006486,1,
id0080,id0106,original,crop,0.275705,0.279926,0.008794,1,
id0080,id0107,original,crop,0.536213,0.714864,0.015948,1,
id0080,id0110,original,crop,0.363907,0.547961,0.007860,1,
id0080,id0113,original,crop,0.269432,0.380589,0.012782,1,
id0080,id0115,original,crop,0.277375,0.456407,0.009093,1,
id0080,id0130,original,crop,0.356579,0.512287,0.010930,1,
id0080,id0132,original,crop,0.326902,0.467021,0.013485,1,
id0080,id0136,original,crop,0.295856,0.424909,0.014024,1,
id0080,id0153,original,crop,0.448172,0.663732,0.023540,1,
id0080,id0161,original,crop,0.352598,0.469866,0.016501,1,
id0080,id0169,original,crop,0.359346,0.457327,0.012144,1,
id0080,id0182,original,crop,0.414397,0.622683,0.012161,1,
id0080,id0183,original,crop,0.569783,0.806327,0.022581,1,
id0080,id0186,original,crop,0.351603,0.444170,0.011506,1,
id0080,id0197,original,crop,0.420985,0.579808,0.008626,1,
id0080,id0199,original,crop,0.492498,0.796677,0.017299,1,
id0080,id0206,original,crop,0.250034,0.312807,0.004232,1,
id0080,id0207,original,crop,0.281195,0.448485,0.012248,1,
id0080,id0208,original,crop,0.364800,0.556830,0.018256,1,
id0080,id0212,original,crop,0.524046,0.641653,0.005556,1,
id0080,id0220,original,crop,0.395703,0.509306,0.007379,1,
id0080,id0222,original,crop,0.363671,0.515616,0.017463,1,
id0080,id0224,original,crop,0.372497,0.513108,0.014508,1,
id0080,id0233,original,crop,0.490630,0.685237,0.022302,1,
id0080,id0239,original,crop,0.362106,0.497613,0.007068,1,
id0080,id0242,original,crop,0.399422,0.504338,0.013420,1,
id0080,id0246,original,crop,0.306441,0.442347,0.008443,1,
id0080,id0258,original,crop,0.374368,0.521782,0.008848,1,
id0080,id0273,original,crop,0.394407,0.585246,0.010697,1,
id0080,id0275,original,crop,0.394518,0.583972,0.019165,1,
id0080,id0285,original,crop,0.335812,0.442053,0.014682,1,
id0080,id0290,original,crop,0.514586,0.861534,0.018379,1,
id0080,id0296,original,crop,0.417373,0.539615,0.022992,1,
id0080,id0299,original,crop,0.324415,0.499560,0.015376,1,
id0080,id0303,original,crop,0.435671,0.560365,0.014581,1,
id0080,id0319,original,crop,0.384992,0.486770,0.008705,1,
id0080,id0321,original,crop,0.469397,0.678347,0.015641,1,
id0080,id0326,original,crop,0.400483,0.652465,0.021756,1,
id0080,id0328,original,crop,0.467895,0.675975,0.016051,1,
id0080,id0330,original,crop,0.415730,0.611607,0.007179,1,
id0080,id0342,original,crop,0.363681,0.554211,0.011656,1,
id0080,id0346,original,crop,0.255792,0.403018,0.009988,1,
id0080,id0363,original,crop,0.280988,0.340351,0.006051,1,
id0080,id0367,original,crop,0.331434,0.532957,0.007758,1,
id0080,id0368,original,crop,0.374746,0.533623,0.021824,1,
id0080,id0369,original,crop,0.463408,0.752306,0.024970,1,
id0080,id0372,original,crop,0.390657,0.550905,0.014090,1,
id0080,id0373,original,crop,0.453446,0.717158,0.014583,1,
id0080,id0374,original,crop,0.581292,0.767966,0.008603,1,
id0080,id0378,original,crop,0.357343,0.562132,0.017067,1,
id0080,id0381,original,crop,0.334422,0.491187,0.015912,1,
id0080,id0382,original,crop,0.285879,0.361550,0.004553,1,
id0080,id0392,original,crop,0.347689,0.485735,0.008560,1,
id0080,id0396,original,crop,0.360395,0.455793,0.005882,1,
id0080,id0398,original,crop,0.381935,0.549388,0.006615,1,
id0080,id0399,original,crop,0.428889,0.617255,0.012219,1,
id0080,id0401,original,crop,0.428164,0.593312,0.007776,1,
id0080,id0402,original,crop,0.251132,0.383946,0.010161,1,
id0080,id0404,original,crop,0.270235,0.418252,0.012596,1,
id0080,id0411,original,crop,0.353807,0.485238,0.005071,1,
id0080,id0412,original,crop,0.302912,0.440746,0.013152,1,
id0080,id0418,original,crop,0.345148,0.523260,0.018337,1,
id0080,id0421,original,crop,0.302001,0.441066,0.010143,1,
id0080,id0422,original,crop,0.271662,0.474012,0.012346,1,
id0080,id0431,original,crop,0.360176,0.565592,0.013284,1,
id0080,id0437,original,crop,0.518463,0.831162,0.022514,1,
id0080,id0441,original,crop,0.358940,0.549131,0.012945,1,
id0080,id0447,original,crop,0.573417,0.733201,0.026570,1,
id0080,id0460,original,crop,0.272658,0.386211,0.011130,1,
id0080,id0462,original,crop,0.349238,0.462231,0.022271,1,
id0080,id0465,original,crop,0.379385,0.501018,0.004653,1,
id0080,id0466,original,crop,0.481378,0.670571,0.025195,1,
id0080,id0468,original,crop,0.254366,0.419884,0.003072,1,
id0080,id0470,original,crop,0.327850,0.444082,0.007700,1,
id0080,id0476,original,crop,0.460014,0.624732,0.023128,1,
id0080,id0486,original,crop,0.384891,0.502997,0.007897,1,
id0080,id0491,original,crop,0.439780,0.656184,0.021801,1,
id0080,id0498,original,crop,0.382857,0.584354,0.008380,1,
id0081,id0086,original,crop,0.324369,0.507094,0.006692,1,
id0081,id0088,original,crop,0.338483,0.438419,0.010057,1,
id0081,id0097,original,crop,0.353380,0.494403,0.004787,1,
id0081,id0100,original,crop,0.309479,0.544096,0.003823,1,
id0081,id0106,original,crop,0.343619,0.442843,0.005172,1,
id0081,id0107,original,crop,0.440360,0.616940,0.008969,1,
id0081,id0110,original,crop,0.298228,0.503980,0.003864,1,
id0081,id0113,original,crop,0.293940,0.481677,0.007983,1,
id0081,id0115,original,crop,0.264713,0.408183,0.004183,1,
id0081,id0130,original,crop,0.290334,0.477244,0.005470,1,
id0081,id0132,original,crop,0.285635,0.390116,0.007360,1,
id0081,id0136,original,crop,0.302477,0.538346,0.008450,1,
id0081,id0153,original,crop,0.327423,0.516402,0.013677,1,
id0081,id0161,original,crop,0.299325,0.416338,0.009333,1,
id0081,id0169,original,crop,0.333362,0.522262,0.007020,1,
id0081,id0182,original,crop,0.326451,0.534606,0.005820,1,
id0081,id0183,original,crop,0.535670,0.746879,0.015450,1,
id0081,id0186,original,crop,0.315701,0.445865,0.006124,1,
id0081,id0197,original,crop,0.322657,0.531371,0.004966,1,
id0081,id0199,original,crop,0.445981,0.773247,0.010745,1,
id0081,id0206,original,crop,0.369567,0.501491,0.004128,1,
id0081,id0207,original,crop,0.233094,0.441019,0.006607,1,
id0081,id0208,original,crop,0.254947,0.452636,0.010127,1,
id0081,id0212,original,crop,0.478482,0.683348,0.003949,1,
id0081,id0220,original,crop,0.307930,0.474071,0.003732,1,
id0081,id0222,original,crop,0.247637,0.469680,0.010972,1,
id0081,id0224,original,crop,0.271509,0.447639,0.008054,1,
id0081,id0233,original,crop,0.427333,0.576725,0.013062,1,
id0081,id0239,original,crop,0.389604,0.555513,0.004526,1,
id0081,id0242,original,crop,0.373414,0.446508,0.007123,1,
id0081,id0246,original,crop,0.272182,0.395830,0.004239,1,
id0081,id0258,original,crop,0.285741,0.459621,0.004512,1,
id0081,id0273,original,crop,0.308959,0.499600,0.005251,1,
id0081,id0275,original,crop,0.302897,0.499697,0.011022,1,
id0081,id0285,original,crop,0.349481,0.489491,0.008417,1,
id0081,id0290,original,crop,0.360288,0.761511,0.010626,1,
id0081,id0296,original,crop,0.336042,0.444149,0.015273,1,
id0081,id0299,original,crop,0.234102,0.438845,0.008317,1,
id0081,id0303,original,crop,0.398004,0.541404,0.008946,1,
id0081,id0319,original,crop,0.354215,0.571011,0.004976,1,
id0081,id0321,original,crop,0.337397,0.581354,0.009187,1,
id0081,id0326,original,crop,0.409518,0.704794,0.014331,1,
id0081,id0328,original,crop,0.414563,0.590012,0.008724,1,
id0081,id0330,original,crop,0.341439,0.607295,0.004161,1,
id0081,id0342,original,crop,0.342135,0.582017,0.006692,1,
id0081,id0346,original,crop,0.244040,0.407755,0.005318,1,
id0081,id0363,original,crop,0.323421,0.341864,0.002648,1,
id0081,id0367,original,crop,0.326883,0.526000,0.004257,1,
id0081,id0368,original,crop,0.301946,0.507300,0.013224,1,
id0081,id0369,original,crop,0.399981,0.698405,0.015923,1,
id0081,id0372,original,crop,0.326123,0.522442,0.007653,1,
id0081,id0373,original,crop,0.340778,0.628179,0.007799,1,
id0081,id0374,original,crop,0.419124,0.611905,0.003886,1,
id0081,id0378,original,crop,0.320400,0.479751,0.009508,1,
id0081,id0381,original,crop,0.254639,0.442367,0.008764,1,
id0081,id0382,original,crop,0.303124,0.453660,0.002963,1,
id0081,id0392,original,crop,0.307831,0.432199,0.004504,1,
id0081,id0396,original,crop,0.327405,0.498123,0.002485,1,
id0081,id0398,original,crop,0.420387,0.681287,0.005612,1,
id0081,id0399,original,crop,0.367654,0.562849,0.006363,1,
id0081,id0401,original,crop,0.381771,0.545203,0.004537,1,
id0081,id0402,original,crop,0.211158,0.410583,0.005076,1,
id0081,id0404,original,crop,0.232627,0.497663,0.007688,1,
id0081,id0411,original,crop,0.333534,0.491262,0.003634,1,
id0081,id0412,original,crop,0.304638,0.511019,0.007503,1,
id0081,id0418,original,crop,0.325062,0.528947,0.011939,1,
id0081,id0421,original,crop,0.288342,0.407916,0.004699,1,
id0081,id0422,original,crop,0.251628,0.507972,0.006633,1,
id0081,id0431,original,crop,0.386974,0.664173,0.008736,1,
id0081,id0437,original,crop,0.463113,0.731514,0.014075,1,
id0081,id0441,original,crop,0.303814,0.508813,0.007464,1,
id0081,id0447,original,crop,0.525578,0.708849,0.017843,1,
id0081,id0460,original,crop,0.208216,0.379062,0.005365,1,
id0081,id0462,original,crop,0.351188,0.528850,0.014086,1,
id0081,id0465,original,crop,0.311579,0.477981,0.002860,1,
id0081,id0466,original,crop,0.420813,0.642077,0.016310,1,
id0081,id0468,original,crop,0.378969,0.595056,0.003581,1,
id0081,id0470,original,crop,0.298456,0.551123,0.004856,1,
id0081,id0476,original,crop,0.382502,0.557868,0.014463,1,
id0081,id0486,original,crop,0.318838,0.467790,0.003460,1,
id0081,id0491,original,crop,0.326247,0.500348,0.012365,1,
id0081,id0498,original,crop,0.269818,0.433793,0.003646,1,
id0086,id0088,original,crop,0.272251,0.361194,0.010561,1,
id0086,id0097,original,crop,0.332701,0.426982,0.003925,1,
id0086,id0100,original,crop,0.205849,0.237245,0.002199,1,
id0086,id0106,original,crop,0.304441,0.276541,0.004497,1,
id0086,id0107,original,crop,0.399834,0.489244,0.008829,1,
id0086,id0110,original,crop,0.303053,0.367806,0.003621,1,
id0086,id0113,original,crop,0.234272,0.304906,0.006342,1,
id0086,id0115,original,crop,0.256873,0.371165,0.004913,1,
id0086,id0130,original,crop,0.382891,0.555996,0.006284,1,
id0086,id0132,original,crop,0.283176,0.384981,0.007047,1,
id0086,id0136,original,crop,0.309308,0.379447,0.008004,1,
id0086,id0153,original,crop,0.327040,0.526593,0.015069,1,
id0086,id0161,original,crop,0.243024,0.321279,0.009399,1,
id0086,id0169,original,crop,0.330568,0.308995,0.005977,1,
id0086,id0182,original,crop,0.335079,0.434014,0.006985,1,
id0086,id0183,original,crop,0.395568,0.549952,0.016047,1,
id0086,id0186,original,crop,0.221086,0.316570,0.006081,1,
id0086,id0197,original,crop,0.294717,0.356361,0.005007,1,
id0086,id0199,original,crop,0.328423,0.530032,0.010794,1,
id0086,id0206,original,crop,0.394075,0.424286,0.002242,1,
id0086,id0207,original,crop,0.269765,0.416093,0.006763,1,
id0086,id0208,original,crop,0.306862,0.486361,0.011654,1,
id0086,id0212,original,crop,0.477018,0.431078,0.003204,1,
id0086,id0220,original,crop,0.355076,0.377284,0.003243,1,
id0086,id0222,original,crop,0.306083,0.379225,0.010642,1,
id0086,id0224,original,crop,0.305513,0.369805,0.008092,1,
id0086,id0233,original,crop,0.381312,0.527090,0.013833,1,
id0086,id0239,original,crop,0.386874,0.422624,0.003338,1,
id0086,id0242,original,crop,0.316727,0.374825,0.007896,1,
id0086,id0246,original,crop,0.357459,0.466070,0.004018,1,
id0086,id0258,original,crop,0.300470,0.355344,0.003861,1,
id0086,id0273,original,crop,0.323432,0.421913,0.005138,1,
id0086,id0275,original,crop,0.367614,0.518961,0.012115,1,
id0086,id0285,original,crop,0.249928,0.273217,0.008280,1,
id0086,id0290,original,crop,0.376762,0.583604,0.011206,1,
id0086,id0296,original,crop,0.339997,0.465821,0.015269,1,
id0086,id0299,original,crop,0.276756,0.384483,0.008710,1,
id0086,id0303,original,crop,0.323360,0.384295,0.007628,1,
id0086,id0319,original,crop,0.389267,0.445670,0.004572,1,
id0086,id0321,original,crop,0.295628,0.467705,0.008839,1,
id0086,id0326,original,crop,0.315880,0.420187,0.013536,1,
id0086,id0328,original,crop,0.295786,0.460146,0.008921,1,
id0086,id0330,original,crop,0.374697,0.430997,0.003470,1,
id0086,id0342,original,crop,0.318531,0.401161,0.005992,1,
id0086,id0346,original,crop,0.277882,0.319614,0.005241,1,
id0086,id0363,original,crop,0.348632,0.361273,0.003310,1,
id0086,id0367,original,crop,0.312798,0.376607,0.004552,1,
id0086,id0368,original,crop,0.302746,0.382686,0.014279,1,
id0086,id0369,original,crop,0.306923,0.463264,0.015726,1,
id0086,id0372,original,crop,0.316050,0.355977,0.007275,1,
id0086,id0373,original,crop,0.301413,0.511246,0.009285,1,
id0086,id0374,original,crop,0.525183,0.620655,0.005071,1,
id0086,id0378,original,crop,0.308265,0.440996,0.009835,1,
id0086,id0381,original,crop,0.283800,0.371458,0.009687,1,
id0086,id0382,original,crop,0.298095,0.365150,0.001652,1,
id0086,id0392,original,crop,0.300506,0.337140,0.003941,1,
id0086,id0396,original,crop,0.276655,0.349186,0.003129,1,
id0086,id0398,original,crop,0.274494,0.328479,0.002788,1,
id0086,id0399,original,crop,0.334159,0.487088,0.006539,1,
id0086,id0401,original,crop,0.387359,0.488476,0.003657,1,
id0086,id0402,original,crop,0.256312,0.291272,0.005049,1,
id0086,id0404,original,crop,0.269727,0.365149,0.006513,1,
id0086,id0411,original,crop,0.384383,0.498473,0.002915,1,
id0086,id0412,original,crop,0.218952,0.257182,0.006342,1,
id0086,id0418,original,crop,0.288993,0.339214,0.010754,1,
id0086,id0421,original,crop,0.328472,0.423297,0.005610,1,
id0086,id0422,original,crop,0.245862,0.322241,0.006860,1,
id0086,id0431,original,crop,0.262096,0.321242,0.006613,1,
id0086,id0437,original,crop,0.398099,0.618684,0.013855,1,
id0086,id0441,original,crop,0.333551,0.465755,0.006944,1,
id0086,id0447,original,crop,0.401511,0.497518,0.017410,1,
id0086,id0460,original,crop,0.290399,0.388242,0.006193,1,
id0086,id0462,original,crop,0.249012,0.269116,0.013910,1,
id0086,id0465,original,crop,0.350479,0.417184,0.001894,1,
id0086,id0466,original,crop,0.368738,0.489749,0.017070,1,
id0086,id0468,original,crop,0.326199,0.416136,0.001501,1,
id0086,id0470,original,crop,0.273130,0.295407,0.003309,1,
id0086,id0476,original,crop,0.324466,0.468759,0.015744,1,
id0086,id0486,original,crop,0.334099,0.463036,0.003846,1,
id0086,id0491,original,crop,0.350487,0.528762,0.013825,1,
id0086,id0498,original,crop,0.418799,0.544338,0.004645,1,
id0088,id0097,original,crop,0.313715,0.442455,0.005349,1,
id0088,id0100,original,crop,0.320630,0.394658,0.003552,1,
id0088,id0106,original,crop,0.309543,0.333298,0.004417,1,
id0088,id0107,original,crop,0.346096,0.467138,0.009041,1,
id0088,id0110,original,crop,0.333394,0.378119,0.004326,1,
id0088,id0113,original,crop,0.327737,0.421234,0.007417,1,
id0088,id0115,original,crop,0.319261,0.373845,0.004836,1,
id0088,id0130,original,crop,0.342216,0.482350,0.005945,1,
id0088,id0132,original,crop,0.298632,0.378141,0.007356,1,
id0088,id0136,original,crop,0.336056,0.438987,0.007910,1,
id0088,id0153,original,crop,0.242546,0.426788,0.013890,1,
id0088,id0161,original,crop,0.268306,0.333051,0.008921,1,
id0088,id0169,original,crop,0.340395,0.404994,0.006717,1,
id0088,id0182,original,crop,0.328026,0.411342,0.006545,1,
id0088,id0183,original,crop,0.301683,0.485935,0.013210,1,
id0088,id0186,original,crop,0.245523,0.335381,0.005423,1,
id0088,id0197,original,crop,0.254720,0.309838,0.004134,1,
id0088,id0199,original,crop,0.310757,0.541250,0.009355,1,
id0088,id0206,original,crop,0.467895,0.468412,0.002734,1,
id0088,id0207,original,crop,0.289745,0.312430,0.005545,1,
id0088,id0208,original,crop,0.260748,0.383025,0.010276,1,
id0088,id0212,original,crop,0.448802,0.531762,0.004231,1,
id0088,id0220,original,crop,0.321899,0.370292,0.003945,1,
id0088,id0222,original,crop,0.279664,0.301607,0.009827,1,
id0088,id0224,original,crop,0.351310,0.354313,0.007689,1,
id0088,id0233,original,crop,0.314036,0.465104,0.013323,1,
id0088,id0239,original,crop,0.499442,0.511518,0.004055,1,
id0088,id0242,original,crop,0.260729,0.282475,0.006267,1,
id0088,id0246,original,crop,0.426239,0.465507,0.004703,1,
id0088,id0258,original,crop,0.300349,0.347852,0.004460,1,
id0088,id0273,original,crop,0.289780,0.412242,0.005849,1,
id0088,id0275,original,crop,0.311973,0.452069,0.011365,1,
id0088,id0285,original,crop,0.283799,0.315534,0.007760,1,
id0088,id0290,original,crop,0.361395,0.555295,0.011018,1,
id0088,id0296,original,crop,0.291721,0.384517,0.013988,1,
id0088,id0299,original,crop,0.284275,0.364942,0.008512,1,
id0088,id0303,original,crop,0.345088,0.442590,0.008885,1,
id0088,id0319,original,crop,0.423981,0.522780,0.005761,1,
id0088,id0321,original,crop,0.280251,0.405949,0.008398,1,
id0088,id0326,original,crop,0.352044,0.467312,0.012956,1,
id0088,id0328,original,crop,0.301408,0.477645,0.008701,1,
id0088,id0330,original,crop,0.386507,0.478045,0.004885,1,
id0088,id0342,original,crop,0.337129,0.463986,0.006550,1,
id0088,id0346,original,crop,0.263873,0.278450,0.004592,1,
id0088,id0363,original,crop,0.327619,0.305738,0.002841,1,
id0088,id0367,original,crop,0.382524,0.381299,0.003243,1,
id0088,id0368,original,crop,0.264187,0.337329,0.012719,1,
id0088,id0369,original,crop,0.314272,0.492589,0.015807,1,
id0088,id0372,original,crop,0.436828,0.401235,0.007798,1,
id0088,id0373,original,crop,0.287901,0.444477,0.007540,1,
id0088,id0374,original,crop,0.422993,0.513954,0.004362,1,
id0088,id0378,original,crop,0.330108,0.419114,0.009597,1,
id0088,id0381,original,crop,0.326974,0.244593,0.008164,1,
id0088,id0382,original,crop,0.355614,0.439794,0.003067,1,
id0088,id0392,original,crop,0.289968,0.305822,0.003698,1,
id0088,id0396,original,crop,0.276398,0.320015,0.002101,1,
id0088,id0398,original,crop,0.426378,0.530805,0.005004,1,
id0088,id0399,original,crop,0.279928,0.439114,0.006395,1,
id0088,id0401,original,crop,0.363199,0.515645,0.004359,1,
id0088,id0402,original,crop,0.318044,0.305123,0.004909,1,
id0088,id0404,original,crop,0.357762,0.400849,0.007230,1,
id0088,id0411,original,crop,0.410292,0.545507,0.004797,1,
id0088,id0412,original,crop,0.319165,0.348468,0.006682,1,
id0088,id0418,original,crop,0.398385,0.397970,0.010702,1,
id0088,id0421,original,crop,0.300577,0.361229,0.004929,1,
id0088,id0422,original,crop,0.237594,0.329884,0.006132,1,
id0088,id0431,original,crop,0.352224,0.485988,0.007747,1,
id0088,id0437,original,crop,0.446193,0.633437,0.014323,1,
id0088,id0441,original,crop,0.332538,0.475251,0.007370,1,
id0088,id0447,original,crop,0.354652,0.525320,0.016670,1,
id0088,id0460,original,crop,0.269008,0.321244,0.005521,1,
id0088,id0462,original,crop,0.270320,0.322893,0.012995,1,
id0088,id0465,original,crop,0.318061,0.415980,0.002484,1,
id0088,id0466,original,crop,0.318715,0.460053,0.016115,1,
id0088,id0468,original,crop,0.434881,0.574332,0.003572,1,
id0088,id0470,original,crop,0.374391,0.445192,0.004400,1,
id0088,id0476,original,crop,0.258061,0.377042,0.013646,1,
id0088,id0486,original,crop,0.244070,0.373221,0.003189,1,
id0088,id0491,original,crop,0.328613,0.457306,0.013281,1,
id0088,id0498,original,crop,0.355646,0.438022,0.003982,1,
id0097,id0100,original,crop,0.278213,0.373087,0.002577,1,
id0097,id0106,original,crop,0.381397,0.508183,0.005451,1,
id0097,id0107,original,crop,0.229454,0.336955,0.007501,1,
id0097,id0110,original,crop,0.235823,0.271654,0.002917,1,
id0097,id0113,original,crop,0.322840,0.410342,0.006204,1,
id0097,id0115,original,crop,0.362106,0.407247,0.004108,1,
id0097,id0130,original,crop,0.288586,0.410260,0.005296,1,
id0097,id0132,original,crop,0.259259,0.285180,0.006307,1,
id0097,id0136,original,crop,0.330290,0.425281,0.007908,1,
id0097,id0153,original,crop,0.222926,0.378107,0.013087,1,
id0097,id0161,original,crop,0.276486,0.348485,0.008130,1,
id0097,id0169,original,crop,0.303661,0.351243,0.005304,1,
id0097,id0182,original,crop,0.266193,0.341426,0.005463,1,
id0097,id0183,original,crop,0.427913,0.615613,0.016806,1,
id0097,id0186,original,crop,0.288628,0.405008,0.005841,1,
id0097,id0197,original,crop,0.348629,0.415106,0.005708,1,
id0097,id0199,original,crop,0.352199,0.584636,0.010880,1,
id0097,id0206,original,crop,0.524703,0.601906,0.004542,1,
id0097,id0207,original,crop,0.354462,0.433166,0.006991,1,
id0097,id0208,original,crop,0.258427,0.352357,0.010028,1,
id0097,id0212,original,crop,0.311303,0.370886,0.002477,1,
id0097,id0220,original,crop,0.219661,0.289616,0.002764,1,
id0097,id0222,original,crop,0.304904,0.339762,0.010582,1,
id0097,id0224,original,crop,0.358212,0.403885,0.008197,1,
id0097,id0233,original,crop,0.308370,0.408949,0.012634,1,
id0097,id0239,original,crop,0.502170,0.571126,0.003126,1,
id0097,id0242,original,crop,0.331529,0.437759,0.007067,1,
id0097,id0246,original,crop,0.351969,0.345394,0.002443,1,
id0097,id0258,original,crop,0.185392,0.297510,0.003182,1,
id0097,id0273,original,crop,0.228109,0.315964,0.004537,1,
id0097,id0275,original,crop,0.249545,0.322058,0.010090,1,
id0097,id0285,original,crop,0.338682,0.446977,0.007658,1,
id0097,id0290,original,crop,0.330375,0.554121,0.010658,1,
id0097,id0296,original,crop,0.263915,0.304032,0.013872,1,
id0097,id0299,original,crop,0.244813,0.272794,0.007407,1,
id0097,id0303,original,crop,0.233520,0.237682,0.005991,1,
id0097,id0319,original,crop,0.325996,0.373675,0.002831,1,
id0097,id0321,original,crop,0.283868,0.372404,0.008584,1,
id0097,id0326,original,crop,0.383242,0.520085,0.013477,1,
id0097,id0328,original,crop,0.258765,0.386881,0.007059,1,
id0097,id0330,original,crop,0.266807,0.357606,0.002416,1,
id0097,id0342,original,crop,0.298020,0.361849,0.004715,1,
id0097,id0346,original,crop,0.337033,0.404399,0.005601,1,
id0097,id0363,original,crop,0.374701,0.416774,0.003181,1,
id0097,id0367,original,crop,0.451700,0.449276,0.004542,1,
id0097,id0368,original,crop,0.304724,0.366800,0.013849,1,
id0097,id0369,original,crop,0.285693,0.433799,0.014300,1,
id0097,id0372,original,crop,0.413690,0.386629,0.006508,1,
id0097,id0373,original,crop,0.366057,0.516990,0.009235,1,
id0097,id0374,original,crop,0.314573,0.416948,0.003984,1,
id0097,id0378,original,crop,0.287431,0.311852,0.007916,1,
id0097,id0381,original,crop,0.370084,0.431032,0.009696,1,
id0097,id0382,original,crop,0.282018,0.379921,0.001530,1,
id0097,id0392,original,crop,0.300510,0.342640,0.003856,1,
id0097,id0396,original,crop,0.398674,0.553969,0.003963,1,
id0097,id0398,original,crop,0.408595,0.533020,0.004067,1,
id0097,id0399,original,crop,0.173352,0.315043,0.005119,1,
id0097,id0401,original,crop,0.240483,0.380763,0.002087,1,
id0097,id0402,original,crop,0.306630,0.336298,0.004792,1,
id0097,id0404,original,crop,0.346706,0.398047,0.006479,1,
id0097,id0411,original,crop,0.252510,0.343406,0.001121,1,
id0097,id0412,original,crop,0.319052,0.370793,0.006009,1,
id0097,id0418,original,crop,0.419260,0.429504,0.010540,1,
id0097,id0421,original,crop,0.278287,0.334390,0.004223,1,
id0097,id0422,original,crop,0.304535,0.397564,0.006739,1,
id0097,id0431,original,crop,0.329341,0.434141,0.006289,1,
id0097,id0437,original,crop,0.342948,0.472806,0.010313,1,
id0097,id0441,original,crop,0.214742,0.271244,0.004771,1,
id0097,id0447,original,crop,0.318164,0.435774,0.015810,1,
id0097,id0460,original,crop,0.265560,0.374576,0.005295,1,
id0097,id0462,original,crop,0.316001,0.423847,0.013570,1,
id0097,id0465,original,crop,0.230411,0.295404,0.001642,1,
id0097,id0466,original,crop,0.302304,0.426133,0.014902,1,
id0097,id0468,original,crop,0.406387,0.536051,0.002301,1,
id0097,id0470,original,crop,0.368679,0.454372,0.004016,1,
id0097,id0476,original,crop,0.288564,0.425931,0.014811,1,
id0097,id0486,original,crop,0.302941,0.456494,0.004490,1,
id0097,id0491,original,crop,0.257850,0.364750,0.011241,1,
id0097,id0498,original,crop,0.277884,0.365798,0.003755,1,
id0100,id0106,original,crop,0.312130,0.333427,0.005329,1,
id0100,id0107,original,crop,0.373397,0.473741,0.009974,1,
id0100,id0110,original,crop,0.247765,0.371060,0.004348,1,
id0100,id0113,original,crop,0.218738,0.316086,0.007087,1,
id0100,id0115,original,crop,0.276984,0.363194,0.005251,1,
id0100,id0130,original,crop,0.345937,0.549468,0.007106,1,
id0100,id0132,original,crop,0.278497,0.366989,0.007907,1,
id0100,id0136,original,crop,0.294678,0.424031,0.008893,1,
id0100,id0153,original,crop,0.333820,0.524478,0.016523,1,
id0100,id0161,original,crop,0.217282,0.314163,0.010360,1,
id0100,id0169,original,crop,0.254919,0.284498,0.006525,1,
id0100,id0182,original,crop,0.281893,0.433560,0.007830,1,
id0100,id0183,original,crop,0.461969,0.606589,0.018336,1,
id0100,id0186,original,crop,0.234790,0.312820,0.007043,1,
id0100,id0197,original,crop,0.309088,0.406799,0.006327,1,
id0100,id0199,original,crop,0.325157,0.558817,0.012254,1,
id0100,id0206,original,crop,0.381796,0.445940,0.002813,1,
id0100,id0207,original,crop,0.283909,0.451349,0.008135,1,
id0100,id0208,original,crop,0.282223,0.490149,0.012805,1,
id0100,id0212,original,crop,0.384697,0.399502,0.003202,1,
id0100,id0220,original,crop,0.303845,0.390021,0.003933,1,
id0100,id0222,original,crop,0.283037,0.409590,0.012405,1,
id0100,id0224,original,crop,0.240644,0.369361,0.009106,1,
id0100,id0233,original,crop,0.396423,0.525044,0.015353,1,
id0100,id0239,original,crop,0.316771,0.378415,0.003219,1,
id0100,id0242,original,crop,0.324874,0.390355,0.008926,1,
id0100,id0246,original,crop,0.311059,0.402788,0.004032,1,
id0100,id0258,original,crop,0.251582,0.357977,0.004623,1,
id0100,id0273,original,crop,0.290329,0.401643,0.005831,1,
id0100,id0275,original,crop,0.308731,0.494262,0.013047,1,
id0100,id0285,original,crop,0.277587,0.331086,0.009358,1,
id0100,id0290,original,crop,0.358113,0.624328,0.012898,1,
id0100,id0296,original,crop,0.339237,0.440597,0.016713,1,
id0100,id0299,original,crop,0.251368,0.368814,0.009485,1,
id0100,id0303,original,crop,0.279486,0.311531,0.008272,1,
id0100,id0319,original,crop,0.311392,0.409968,0.004489,1,
id0100,id0321,original,crop,0.305860,0.460274,0.010361,1,
id0100,id0326,original,crop,0.332714,0.473650,0.015083,1,
id0100,id0328,original,crop,0.300063,0.391878,0.009501,1,
id0100,id0330,original,crop,0.280752,0.397600,0.003510,1,
id0100,id0342,original,crop,0.242274,0.345556,0.006087,1,
id0100,id0346,original,crop,0.240719,0.324538,0.006307,1,
id0100,id0363,original,crop,0.350327,0.334070,0.003619,1,
id0100,id0367,original,crop,0.302132,0.384106,0.005160,1,
id0100,id0368,original,crop,0.264951,0.404421,0.015729,1,
id0100,id0369,original,crop,0.303128,0.482115,0.017230,1,
id0100,id0372,original,crop,0.282238,0.316486,0.007997,1,
id0100,id0373,original,crop,0.339440,0.555573,0.010731,1,
id0100,id0374,original,crop,0.483190,0.619834,0.005768,1,
id0100,id0378,original,crop,0.261631,0.398114,0.010511,1,
id0100,id0381,original,crop,0.265107,0.396108,0.011092,1,
id0100,id0382,original,crop,0.300596,0.361629,0.002030,1,
id0100,id0392,original,crop,0.261117,0.351589,0.004795,1,
id0100,id0396,original,crop,0.307084,0.367768,0.003648,1,
id0100,id0398,original,crop,0.284001,0.353159,0.003319,1,
id0100,id0399,original,crop,0.317071,0.473369,0.007453,1,
id0100,id0401,original,crop,0.321974,0.396184,0.003646,1,
id0100,id0402,original,crop,0.209886,0.312802,0.005883,1,
id0100,id0404,original,crop,0.230173,0.370576,0.007273,1,
id0100,id0411,original,crop,0.335501,0.452925,0.002294,1,
id0100,id0412,original,crop,0.245770,0.291298,0.007491,1,
id0100,id0418,original,crop,0.304493,0.360244,0.012128,1,
id0100,id0421,original,crop,0.279166,0.425953,0.006165,1,
id0100,id0422,original,crop,0.214770,0.364917,0.007869,1,
id0100,id0431,original,crop,0.208772,0.313006,0.007213,1,
id0100,id0437,original,crop,0.332997,0.536449,0.014136,1,
id0100,id0441,original,crop,0.248943,0.399821,0.007000,1,
id0100,id0447,original,crop,0.392904,0.487843,0.018852,1,
id0100,id0460,original,crop,0.247531,0.392843,0.006837,1,
id0100,id0462,original,crop,0.285179,0.361175,0.015484,1,
id0100,id0465,original,crop,0.282701,0.358207,0.002101,1,
id0100,id0466,original,crop,0.350453,0.508361,0.018188,1,
id0100,id0468,original,crop,0.294604,0.409963,0.001497,1,
id0100,id0470,original,crop,0.198776,0.286638,0.003733,1,
id0100,id0476,original,crop,0.338209,0.500390,0.017613,1,
id0100,id0486,original,crop,0.363965,0.529704,0.005153,1,
id0100,id0491,original,crop,0.309713,0.501099,0.014762,1,
id0100,id0498,original,crop,0.358536,0.548587,0.005538,1,
id0106,id0107,original,crop,0.454091,0.694172,0.013423,1,
id0106,id0110,original,crop,0.377912,0.528482,0.006466,1,
id0106,id0113,original,crop,0.268664,0.380022,0.009646,1,
id0106,id0115,original,crop,0.363749,0.471947,0.007446,1,
id0106,id0130,original,crop,0.390905,0.592297,0.009143,1,
id0106,id0132,original,crop,0.377657,0.514160,0.011087,1,
id0106,id0136,original,crop,0.245880,0.412609,0.010905,1,
id0106,id0153,original,crop,0.413027,0.654488,0.020012,1,
id0106,id0161,original,crop,0.352656,0.446742,0.013197,1,
id0106,id0169,original,crop,0.312033,0.418731,0.009163,1,
id0106,id0182,original,crop,0.439648,0.578028,0.009861,1,
id0106,id0183,original,crop,0.466147,0.713135,0.019184,1,
id0106,id0186,original,crop,0.292766,0.398398,0.008772,1,
id0106,id0197,original,crop,0.412992,0.522947,0.007257,1,
id0106,id0199,original,crop,0.374640,0.699506,0.013982,1,
id0106,id0206,original,crop,0.420335,0.341340,0.002818,1,
id0106,id0207,original,crop,0.350510,0.456684,0.009653,1,
id0106,id0208,original,crop,0.392323,0.581136,0.015508,1,
id0106,id0212,original,crop,0.464512,0.603070,0.004892,1,
id0106,id0220,original,crop,0.383359,0.516032,0.005938,1,
id0106,id0222,original,crop,0.371177,0.518506,0.014507,1,
id0106,id0224,original,crop,0.370362,0.460802,0.011101,1,
id0106,id0233,original,crop,0.445682,0.663060,0.018650,1,
id0106,id0239,original,crop,0.437636,0.439421,0.004777,1,
id0106,id0242,original,crop,0.369287,0.455880,0.010552,1,
id0106,id0246,original,crop,0.416888,0.523482,0.006958,1,
id0106,id0258,original,crop,0.346109,0.501645,0.006760,1,
id0106,id0273,original,crop,0.388393,0.560375,0.008534,1,
id0106,id0275,original,crop,0.405760,0.625447,0.016469,1,
id0106,id0285,original,crop,0.257657,0.363087,0.011507,1,
id0106,id0290,original,crop,0.498934,0.784192,0.015640,1,
id0106,id0296,original,crop,0.390305,0.569388,0.019664,1,
id0106,id0299,original,crop,0.327450,0.506625,0.012635,1,
id0106,id0303,original,crop,0.437748,0.539731,0.011847,1,
id0106,id0319,original,crop,0.390693,0.507615,0.007131,1,
id0106,id0321,original,crop,0.467472,0.654513,0.013198,1,
id0106,id0326,original,crop,0.325195,0.572859,0.017696,1,
id0106,id0328,original,crop,0.380293,0.620714,0.012892,1,
id0106,id0330,original,crop,0.406433,0.558915,0.005806,1,
id0106,id0342,original,crop,0.322227,0.512725,0.008874,1,
id0106,id0346,original,crop,0.282370,0.391679,0.007804,1,
id0106,id0363,original,crop,0.320119,0.343394,0.004470,1,
id0106,id0367,original,crop,0.407536,0.487151,0.005960,1,
id0106,id0368,original,crop,0.325859,0.500817,0.018335,1,
id0106,id0369,original,crop,0.374849,0.676777,0.021140,1,
id0106,id0372,original,crop,0.436709,0.518948,0.011306,1,
id0106,id0373,original,crop,0.445575,0.646522,0.012069,1,
id0106,id0374,original,crop,0.564283,0.767104,0.007503,1,
id0106,id0378,original,crop,0.401648,0.555206,0.013901,1,
id0106,id0381,original,crop,0.386511,0.456277,0.013105,1,
id0106,id0382,original,crop,0.274062,0.427870,0.003451,1,
id0106,id0392,original,crop,0.380825,0.461255,0.006223,1,
id0106,id0396,original,crop,0.305536,0.379310,0.004172,1,
id0106,id0398,original,crop,0.313629,0.467403,0.004879,1,
id0106,id0399,original,crop,0.401420,0.623330,0.010104,1,
id0106,id0401,original,crop,0.408783,0.593561,0.006066,1,
id0106,id0402,original,crop,0.323353,0.387829,0.008070,1,
id0106,id0404,original,crop,0.315461,0.414139,0.009910,1,
id0106,id0411,original,crop,0.358647,0.554722,0.004362,1,
id0106,id0412,original,crop,0.285841,0.405887,0.010155,1,
id0106,id0418,original,crop,0.440570,0.493319,0.014917,1,
id0106,id0421,original,crop,0.347912,0.487434,0.008227,1,
id0106,id0422,original,crop,0.250374,0.408013,0.009346,1,
id0106,id0431,original,crop,0.303406,0.500823,0.010132,1,
id0106,id0437,original,crop,0.531362,0.785266,0.019128,1,
id0106,id0441,original,crop,0.374819,0.566366,0.010302,1,
id0106,id0447,original,crop,0.449451,0.683136,0.022194,1,
id0106,id0460,original,crop,0.311196,0.417728,0.008726,1,
id0106,id0462,original,crop,0.235375,0.398548,0.018488,1,
id0106,id0465,original,crop,0.357883,0.529315,0.003697,1,
id0106,id0466,original,crop,0.405969,0.636127,0.021574,1,
id0106,id0468,original,crop,0.314268,0.430765,0.001990,1,
id0106,id0470,original,crop,0.325705,0.408282,0.005418,1,
id0106,id0476,original,crop,0.395817,0.580428,0.019629,1,
id0106,id0486,original,crop,0.320759,0.537826,0.006243,1,
id0106,id0491,original,crop,0.461154,0.648128,0.018663,1,
id0106,id0498,original,crop,0.430084,0.630514,0.006986,1,
id0107,id0110,original,crop,0.316717,0.264050,0.001826,1,
id0107,id0113,original,crop,0.385110,0.517768,0.005169,1,
id0107,id0115,original,crop,0.420675,0.415140,0.002811,1,
id0107,id0130,original,crop,0.367561,0.482501,0.003753,1,
id0107,id0132,original,crop,0.366296,0.338437,0.004250,1,
id0107,id0136,original,crop,0.364598,0.532605,0.006349,1,
id0107,id0153,original,crop,0.224905,0.306456,0.009557,1,
id0107,id0161,original,crop,0.315841,0.379667,0.005865,1,
id0107,id0169,original,crop,0.336007,0.445553,0.004184,1,
id0107,id0182,original,crop,0.317627,0.281333,0.003534,1,
id0107,id0183,original,crop,0.383571,0.479303,0.013210,1,
id0107,id0186,original,crop,0.336030,0.448755,0.004188,1,
id0107,id0197,original,crop,0.351594,0.372271,0.004236,1,
id0107,id0199,original,crop,0.300369,0.458639,0.007822,1,
id0107,id0206,original,crop,0.657997,0.735003,0.004973,1,
id0107,id0207,original,crop,0.467835,0.485050,0.005084,1,
id0107,id0208,original,crop,0.310402,0.336910,0.007111,1,
id0107,id0212,original,crop,0.305634,0.407127,0.002703,1,
id0107,id0220,original,crop,0.258220,0.331475,0.002090,1,
id0107,id0222,original,crop,0.337854,0.344374,0.008282,1,
id0107,id0224,original,crop,0.453442,0.424324,0.006034,1,
id0107,id0233,original,crop,0.364901,0.300009,0.008973,1,
id0107,id0239,original,crop,0.582517,0.659624,0.003129,1,
id0107,id0242,original,crop,0.429744,0.425488,0.004897,1,
id0107,id0246,original,crop,0.471941,0.480999,0.001908,1,
id0107,id0258,original,crop,0.280906,0.349338,0.002337,1,
id0107,id0273,original,crop,0.329603,0.316567,0.002800,1,
id0107,id0275,original,crop,0.271493,0.331490,0.007397,1,
id0107,id0285,original,crop,0.416256,0.492002,0.005951,1,
id0107,id0290,original,crop,0.321900,0.379835,0.007522,1,
id0107,id0296,original,crop,0.250251,0.359866,0.011528,1,
id0107,id0299,original,crop,0.307548,0.296729,0.005192,1,
id0107,id0303,original,crop,0.314063,0.319785,0.004773,1,
id0107,id0319,original,crop,0.353474,0.499117,0.002464,1,
id0107,id0321,original,crop,0.283130,0.255930,0.005759,1,
id0107,id0326,original,crop,0.384815,0.487194,0.010832,1,
id0107,id0328,original,crop,0.303284,0.341792,0.004722,1,
id0107,id0330,original,crop,0.326670,0.405033,0.002402,1,
id0107,id0342,original,crop,0.384337,0.421569,0.003805,1,
id0107,id0346,original,crop,0.445168,0.464908,0.003977,1,
id0107,id0363,original,crop,0.492786,0.482104,0.002498,1,
id0107,id0367,original,crop,0.538074,0.434976,0.003462,1,
id0107,id0368,original,crop,0.294117,0.354099,0.010450,1,
id0107,id0369,original,crop,0.250131,0.301824,0.010802,1,
id0107,id0372,original,crop,0.428425,0.377184,0.004331,1,
id0107,id0373,original,crop,0.408188,0.398083,0.006126,1,
id0107,id0374,original,crop,0.287878,0.316092,0.002251,1,
id0107,id0378,original,crop,0.364215,0.316703,0.005282,1,
id0107,id0381,original,crop,0.420427,0.410441,0.006861,1,
id0107,id0382,original,crop,0.383102,0.512371,0.001813,1,
id0107,id0392,original,crop,0.420060,0.385581,0.002921,1,
id0107,id0396,original,crop,0.451683,0.567298,0.002531,1,
id0107,id0398,original,crop,0.419607,0.599941,0.004312,1,
id0107,id0399,original,crop,0.245558,0.291986,0.003218,1,
id0107,id0401,original,crop,0.343580,0.456499,0.001907,1,
id0107,id0402,original,crop,0.389205,0.400867,0.003162,1,
id0107,id0404,original,crop,0.433478,0.506662,0.005306,1,
id0107,id0411,original,crop,0.379955,0.499469,0.002212,1,
id0107,id0412,original,crop,0.363069,0.426350,0.004210,1,
id0107,id0418,original,crop,0.474396,0.443697,0.008355,1,
id0107,id0421,original,crop,0.372598,0.399622,0.002782,1,
id0107,id0422,original,crop,0.394884,0.430038,0.004979,1,
id0107,id0431,original,crop,0.380209,0.476296,0.005244,1,
id0107,id0437,original,crop,0.386529,0.399584,0.007680,1,
id0107,id0441,original,crop,0.326461,0.391634,0.004148,1,
id0107,id0447,original,crop,0.256624,0.335490,0.012566,1,
id0107,id0460,original,crop,0.356829,0.433474,0.003526,1,
id0107,id0462,original,crop,0.322783,0.451555,0.010537,1,
id0107,id0465,original,crop,0.305929,0.393581,0.001650,1,
id0107,id0466,original,crop,0.252332,0.359155,0.011966,1,
id0107,id0468,original,crop,0.495664,0.675399,0.003631,1,
id0107,id0470,original,crop,0.422134,0.542087,0.003614,1,
id0107,id0476,original,crop,0.252441,0.374081,0.011600,1,
id0107,id0486,original,crop,0.348157,0.470776,0.002634,1,
id0107,id0491,original,crop,0.318971,0.329492,0.008319,1,
id0107,id0498,original,crop,0.341133,0.386408,0.002356,1,
id0110,id0113,original,crop,0.310158,0.418559,0.005241,1,
id0110,id0115,original,crop,0.318039,0.366591,0.003297,1,
id0110,id0130,original,crop,0.333581,0.485470,0.004411,1,
id0110,id0132,original,crop,0.296964,0.326206,0.005308,1,
id0110,id0136,original,crop,0.334790,0.476285,0.006509,1,
id0110,id0153,original,crop,0.244116,0.317978,0.010790,1,
id0110,id0161,original,crop,0.246717,0.273847,0.006674,1,
id0110,id0169,original,crop,0.282912,0.356068,0.003983,1,
id0110,id0182,original,crop,0.194870,0.252736,0.003891,1,
id0110,id0183,original,crop,0.461201,0.562937,0.014174,1,
id0110,id0186,original,crop,0.244232,0.312829,0.004083,1,
id0110,id0197,original,crop,0.299817,0.400245,0.004401,1,
id0110,id0199,original,crop,0.327028,0.530237,0.008783,1,
id0110,id0206,original,crop,0.472494,0.621094,0.004320,1,
id0110,id0207,original,crop,0.299907,0.430419,0.005218,1,
id0110,id0208,original,crop,0.229565,0.359404,0.008096,1,
id0110,id0212,original,crop,0.333743,0.458152,0.002747,1,
id0110,id0220,original,crop,0.237587,0.333018,0.002125,1,
id0110,id0222,original,crop,0.256883,0.376127,0.008739,1,
id0110,id0224,original,crop,0.276822,0.327249,0.006235,1,
id0110,id0233,original,crop,0.361472,0.352511,0.010257,1,
id0110,id0239,original,crop,0.413194,0.501260,0.002721,1,
id0110,id0242,original,crop,0.305825,0.336455,0.005466,1,
id0110,id0246,original,crop,0.306364,0.386125,0.002063,1,
id0110,id0258,original,crop,0.211862,0.312608,0.002791,1,
id0110,id0273,original,crop,0.227279,0.278838,0.003168,1,
id0110,id0275,original,crop,0.276724,0.370478,0.008274,1,
id0110,id0285,original,crop,0.307500,0.385411,0.006090,1,
id0110,id0290,original,crop,0.287068,0.512091,0.008573,1,
id0110,id0296,original,crop,0.312721,0.368255,0.012377,1,
id0110,id0299,original,crop,0.214272,0.273675,0.005615,1,
id0110,id0303,original,crop,0.287565,0.302824,0.005371,1,
id0110,id0319,original,crop,0.298992,0.458061,0.002812,1,
id0110,id0321,original,crop,0.270041,0.403659,0.007161,1,
id0110,id0326,original,crop,0.370817,0.528586,0.011504,1,
id0110,id0328,original,crop,0.273033,0.302475,0.005727,1,
id0110,id0330,original,crop,0.228531,0.369514,0.002036,1,
id0110,id0342,original,crop,0.282683,0.357954,0.003627,1,
id0110,id0346,original,crop,0.270157,0.364246,0.003883,1,
id0110,id0363,original,crop,0.375999,0.352744,0.002440,1,
id0110,id0367,original,crop,0.356451,0.368602,0.003084,1,
id0110,id0368,original,crop,0.276779,0.359064,0.011124,1,
id0110,id0369,original,crop,0.262308,0.409140,0.012263,1,
id0110,id0372,original,crop,0.319230,0.342806,0.005158,1,
id0110,id0373,original,crop,0.298926,0.448522,0.006993,1,
id0110,id0374,original,crop,0.379659,0.434823,0.002900,1,
id0110,id0378,original,crop,0.228567,0.277970,0.006561,1,
id0110,id0381,original,crop,0.286081,0.382495,0.007613,1,
id0110,id0382,original,crop,0.321512,0.447306,0.001975,1,
id0110,id0392,original,crop,0.275302,0.319577,0.003073,1,
id0110,id0396,original,crop,0.381231,0.473529,0.003152,1,
id0110,id0398,original,crop,0.359877,0.560105,0.004134,1,
id0110,id0399,original,crop,0.249750,0.371078,0.004058,1,
id0110,id0401,original,crop,0.268448,0.368353,0.001638,1,
id0110,id0402,original,crop,0.232829,0.339533,0.003420,1,
id0110,id0404,original,crop,0.311420,0.445854,0.005650,1,
id0110,id0411,original,crop,0.296187,0.424216,0.002018,1,
id0110,id0412,original,crop,0.289117,0.381217,0.004849,1,
id0110,id0418,original,crop,0.317324,0.435189,0.008857,1,
id0110,id0421,original,crop,0.259617,0.351589,0.003180,1,
id0110,id0422,original,crop,0.250357,0.357978,0.004836,1,
id0110,id0431,original,crop,0.316012,0.479919,0.005616,1,
id0110,id0437,original,crop,0.276091,0.419636,0.009083,1,
id0110,id0441,original,crop,0.240384,0.336027,0.004189,1,
id0110,id0447,original,crop,0.375103,0.451874,0.014076,1,
id0110,id0460,original,crop,0.255778,0.368470,0.004067,1,
id0110,id0462,original,crop,0.321440,0.422518,0.011326,1,
id0110,id0465,original,crop,0.263111,0.372003,0.001790,1,
id0110,id0466,original,crop,0.321856,0.431836,0.012891,1,
id0110,id0468,original,crop,0.391245,0.568304,0.003028,1,
id0110,id0470,original,crop,0.310097,0.471614,0.003391,1,
id0110,id0476,original,crop,0.267099,0.386992,0.012211,1,
id0110,id0486,original,crop,0.343895,0.472349,0.003122,1,
id0110,id0491,original,crop,0.227186,0.304436,0.009474,1,
id0110,id0498,original,crop,0.283168,0.381908,0.002742,1,
id0113,id0115,original,crop,0.234052,0.325206,0.007434,1,
id0113,id0130,original,crop,0.349556,0.541800,0.009973,1,
id0113,id0132,original,crop,0.287492,0.373530,0.011262,1,
id0113,id0136,original,crop,0.239166,0.358437,0.011816,1,
id0113,id0153,original,crop,0.357333,0.566668,0.020638,1,
id0113,id0161,original,crop,0.258170,0.348858,0.013847,1,
id0113,id0169,original,crop,0.222419,0.298395,0.009330,1,
id0113,id0182,original,crop,0.376427,0.483186,0.010473,1,
id0113,id0183,original,crop,0.507166,0.682223,0.022463,1,
id0113,id0186,original,crop,0.242666,0.322871,0.009831,1,
id0113,id0197,original,crop,0.347405,0.433401,0.008485,1,
id0113,id0199,original,crop,0.375619,0.629220,0.015693,1,
id0113,id0206,original,crop,0.364226,0.360930,0.003897,1,
id0113,id0207,original,crop,0.300088,0.442059,0.011048,1,
id0113,id0208,original,crop,0.328508,0.512854,0.016749,1,
id0113,id0212,original,crop,0.421904,0.464416,0.004277,1,
id0113,id0220,original,crop,0.302598,0.399024,0.005883,1,
id0113,id0222,original,crop,0.296577,0.423447,0.015895,1,
id0113,id0224,original,crop,0.313013,0.393304,0.012193,1,
id0113,id0233,original,crop,0.437280,0.577257,0.019287,1,
id0113,id0239,original,crop,0.324364,0.373271,0.004882,1,
id0113,id0242,original,crop,0.393957,0.448029,0.012039,1,
id0113,id0246,original,crop,0.297616,0.378727,0.006375,1,
id0113,id0258,original,crop,0.287135,0.399310,0.006950,1,
id0113,id0273,original,crop,0.332205,0.448363,0.008344,1,
id0113,id0275,original,crop,0.304862,0.509775,0.016840,1,
id0113,id0285,original,crop,0.272176,0.324532,0.012633,1,
id0113,id0290,original,crop,0.407460,0.696418,0.016112,1,
id0113,id0296,original,crop,0.300483,0.467059,0.021300,1,
id0113,id0299,original,crop,0.231995,0.362286,0.012754,1,
id0113,id0303,original,crop,0.335372,0.390990,0.011601,1,
id0113,id0319,original,crop,0.310577,0.415725,0.006647,1,
id0113,id0321,original,crop,0.372492,0.553564,0.013852,1,
id0113,id0326,original,crop,0.325538,0.501144,0.019104,1,
id0113,id0328,original,crop,0.357188,0.503093,0.012967,1,
id0113,id0330,original,crop,0.302647,0.430824,0.005001,1,
id0113,id0342,original,crop,0.254583,0.376142,0.008699,1,
id0113,id0346,original,crop,0.253576,0.326688,0.008800,1,
id0113,id0363,original,crop,0.325431,0.317038,0.005178,1,
id0113,id0367,original,crop,0.313151,0.372633,0.007030,1,
id0113,id0368,original,crop,0.294373,0.432015,0.019833,1,
id0113,id0369,original,crop,0.329816,0.560972,0.021339,1,
id0113,id0372,original,crop,0.297095,0.366675,0.011150,1,
id0113,id0373,original,crop,0.411183,0.604044,0.013869,1,
id0113,id0374,original,crop,0.500464,0.663076,0.007744,1,
id0113,id0378,original,crop,0.341997,0.474901,0.014232,1,
id0113,id0381,original,crop,0.324829,0.429656,0.014518,1,
id0113,id0382,original,crop,0.212867,0.306858,0.003037,1,
id0113,id0392,original,crop,0.325249,0.377999,0.007166,1,
id0113,id0396,original,crop,0.321982,0.406257,0.005306,1,
id0113,id0398,original,crop,0.262899,0.347991,0.004774,1,
id0113,id0399,original,crop,0.364897,0.528588,0.010395,1,
id0113,id0401,original,crop,0.333326,0.461985,0.005651,1,
id0113,id0402,original,crop,0.231491,0.304370,0.008616,1,
id0113,id0404,original,crop,0.181654,0.335873,0.009927,1,
id0113,id0411,original,crop,0.306597,0.401652,0.003164,1,
id0113,id0412,original,crop,0.214743,0.324266,0.010635,1,
id0113,id0418,original,crop,0.322540,0.358989,0.015848,1,
id0113,id0421,original,crop,0.328109,0.426826,0.008953,1,
id0113,id0422,original,crop,0.224248,0.352224,0.010528,1,
id0113,id0431,original,crop,0.237186,0.371073,0.010309,1,
id0113,id0437,original,crop,0.438067,0.652856,0.018289,1,
id0113,id0441,original,crop,0.269828,0.426301,0.010076,1,
id0113,id0447,original,crop,0.444634,0.574351,0.023533,1,
id0113,id0460,original,crop,0.258894,0.392963,0.009664,1,
id0113,id0462,original,crop,0.256985,0.362146,0.019681,1,
id0113,id0465,original,crop,0.286918,0.391585,0.003577,1,
id0113,id0466,original,crop,0.350294,0.531218,0.022367,1,
id0113,id0468,original,crop,0.200979,0.304054,0.001618,1,
id0113,id0470,original,crop,0.197301,0.257055,0.005788,1,
id0113,id0476,original,crop,0.386558,0.550425,0.021759,1,
id0113,id0486,original,crop,0.357867,0.502218,0.007245,1,
id0113,id0491,original,crop,0.381169,0.549225,0.018676,1,
id0113,id0498,original,crop,0.388963,0.550779,0.007768,1,
id0115,id0130,original,crop,0.323087,0.527361,0.009505,1,
id0115,id0132,original,crop,0.256724,0.393708,0.011454,1,
id0115,id0136,original,crop,0.293179,0.479114,0.013486,1,
id0115,id0153,original,crop,0.316600,0.563250,0.020506,1,
id0115,id0161,original,crop,0.210773,0.350608,0.014446,1,
id0115,id0169,original,crop,0.310917,0.427039,0.010912,1,
id0115,id0182,original,crop,0.324615,0.495385,0.009944,1,
id0115,id0183,original,crop,0.476469,0.678403,0.022836,1,
id0115,id0186,original,crop,0.267623,0.358896,0.010724,1,
id0115,id0197,original,crop,0.281178,0.430767,0.008332,1,
id0115,id0199,original,crop,0.385774,0.650942,0.016707,1,
id0115,id0206,original,crop,0.392991,0.471702,0.005818,1,
id0115,id0207,original,crop,0.272651,0.482622,0.011516,1,
id0115,id0208,original,crop,0.281801,0.485310,0.016030,1,
id0115,id0212,original,crop,0.479754,0.529089,0.004612,1,
id0115,id0220,original,crop,0.337337,0.435990,0.006232,1,
id0115,id0222,original,crop,0.290564,0.451483,0.016463,1,
id0115,id0224,original,crop,0.320031,0.454499,0.013488,1,
id0115,id0233,original,crop,0.412882,0.593943,0.019446,1,
id0115,id0239,original,crop,0.335192,0.454626,0.006395,1,
id0115,id0242,original,crop,0.330478,0.416299,0.011975,1,
id0115,id0246,original,crop,0.275347,0.410489,0.006433,1,
id0115,id0258,original,crop,0.310691,0.458713,0.007292,1,
id0115,id0273,original,crop,0.354685,0.514250,0.008785,1,
id0115,id0275,original,crop,0.299786,0.509656,0.016402,1,
id0115,id0285,original,crop,0.281552,0.346244,0.013377,1,
id0115,id0290,original,crop,0.391224,0.703120,0.015718,1,
id0115,id0296,original,crop,0.326627,0.476549,0.021903,1,
id0115,id0299,original,crop,0.228059,0.381890,0.013487,1,
id0115,id0303,original,crop,0.355119,0.465366,0.012984,1,
id0115,id0319,original,crop,0.360065,0.482005,0.007160,1,
id0115,id0321,original,crop,0.359986,0.566092,0.013811,1,
id0115,id0326,original,crop,0.363551,0.556166,0.021104,1,
id0115,id0328,original,crop,0.359960,0.514115,0.013514,1,
id0115,id0330,original,crop,0.358265,0.541194,0.005754,1,
id0115,id0342,original,crop,0.316471,0.482825,0.010502,1,
id0115,id0346,original,crop,0.257144,0.383644,0.009313,1,
id0115,id0363,original,crop,0.320262,0.294733,0.005503,1,
id0115,id0367,original,crop,0.287228,0.382243,0.007600,1,
id0115,id0368,original,crop,0.287993,0.457015,0.020307,1,
id0115,id0369,original,crop,0.347987,0.611371,0.022212,1,
id0115,id0372,original,crop,0.296426,0.371247,0.012131,1,
id0115,id0373,original,crop,0.312743,0.586715,0.013437,1,
id0115,id0374,original,crop,0.499095,0.653845,0.006450,1,
id0115,id0378,original,crop,0.301339,0.497830,0.014490,1,
id0115,id0381,original,crop,0.269178,0.377378,0.014723,1,
id0115,id0382,original,crop,0.302594,0.394447,0.003827,1,
id0115,id0392,original,crop,0.293863,0.423953,0.007845,1,
id0115,id0396,original,crop,0.286770,0.388234,0.005247,1,
id0115,id0398,original,crop,0.383203,0.503398,0.007027,1,
id0115,id0399,original,crop,0.374570,0.549498,0.010336,1,
id0115,id0401,original,crop,0.379613,0.523262,0.006372,1,
id0115,id0402,original,crop,0.215594,0.343908,0.008984,1,
id0115,id0404,original,crop,0.249392,0.471189,0.011497,1,
id0115,id0411,original,crop,0.340860,0.479821,0.003652,1,
id0115,id0412,original,crop,0.263314,0.417364,0.011759,1,
id0115,id0418,original,crop,0.287194,0.414328,0.017477,1,
id0115,id0421,original,crop,0.245409,0.400075,0.008428,1,
id0115,id0422,original,crop,0.259790,0.450412,0.011614,1,
id0115,id0431,original,crop,0.304351,0.477856,0.012363,1,
id0115,id0437,original,crop,0.405363,0.677007,0.018809,1,
id0115,id0441,original,crop,0.279388,0.485943,0.011133,1,
id0115,id0447,original,crop,0.454329,0.596353,0.024838,1,
id0115,id0460,original,crop,0.228866,0.379421,0.009723,1,
id0115,id0462,original,crop,0.305887,0.419299,0.020790,1,
id0115,id0465,original,crop,0.356056,0.457460,0.003962,1,
id0115,id0466,original,crop,0.346899,0.543021,0.022935,1,
id0115,id0468,original,crop,0.321147,0.481299,0.003620,1,
id0115,id0470,original,crop,0.297402,0.411947,0.007737,1,
id0115,id0476,original,crop,0.353572,0.533867,0.021838,1,
id0115,id0486,original,crop,0.364640,0.507971,0.007016,1,
id0115,id0491,original,crop,0.317064,0.520274,0.018355,1,
id0115,id0498,original,crop,0.345438,0.523884,0.006902,1,
id0130,id0132,original,crop,0.244093,0.354755,0.010106,1,
id0130,id0136,original,crop,0.306408,0.440439,0.011925,1,
id0130,id0153,original,crop,0.333282,0.504372,0.017992,1,
id0130,id0161,original,crop,0.307026,0.452909,0.012854,1,
id0130,id0169,original,crop,0.373685,0.501635,0.010222,1,
id0130,id0182,original,crop,0.351816,0.486417,0.008469,1,
id0130,id0183,original,crop,0.510146,0.733848,0.018953,1,
id0130,id0186,original,crop,0.348980,0.470501,0.009125,1,
id0130,id0197,original,crop,0.372835,0.521501,0.006844,1,
id0130,id0199,original,crop,0.458971,0.744796,0.014420,1,
id0130,id0206,original,crop,0.471346,0.559376,0.006205,1,
id0130,id0207,original,crop,0.304332,0.408096,0.009619,1,
id0130,id0208,original,crop,0.232676,0.334786,0.013101,1,
id0130,id0212,original,crop,0.435511,0.560753,0.004341,1,
id0130,id0220,original,crop,0.292388,0.377495,0.005070,1,
id0130,id0222,original,crop,0.320295,0.412128,0.014043,1,
id0130,id0224,original,crop,0.390473,0.525226,0.012555,1,
id0130,id0233,original,crop,0.375068,0.535190,0.017122,1,
id0130,id0239,original,crop,0.495224,0.670509,0.007196,1,
id0130,id0242,original,crop,0.372354,0.465742,0.010345,1,
id0130,id0246,original,crop,0.330951,0.385108,0.005682,1,
id0130,id0258,original,crop,0.307829,0.460608,0.006386,1,
id0130,id0273,original,crop,0.310102,0.485572,0.007678,1,
id0130,id0275,original,crop,0.208740,0.365228,0.013745,1,
id0130,id0285,original,crop,0.371727,0.513905,0.012182,1,
id0130,id0290,original,crop,0.449292,0.746586,0.014293,1,
id0130,id0296,original,crop,0.256659,0.365949,0.017810,1,
id0130,id0299,original,crop,0.265467,0.375709,0.011616,1,
id0130,id0303,original,crop,0.337739,0.462237,0.010995,1,
id0130,id0319,original,crop,0.345211,0.398778,0.005680,1,
id0130,id0321,original,crop,0.348815,0.525243,0.011462,1,
id0130,id0326,original,crop,0.443456,0.648172,0.019008,1,
id0130,id0328,original,crop,0.412932,0.598943,0.011973,1,
id0130,id0330,original,crop,0.368112,0.553987,0.005365,1,
id0130,id0342,original,crop,0.356428,0.535480,0.009237,1,
id0130,id0346,original,crop,0.340686,0.466077,0.008805,1,
id0130,id0363,original,crop,0.319664,0.337612,0.004553,1,
id0130,id0367,original,crop,0.438141,0.538307,0.006518,1,
id0130,id0368,original,crop,0.298341,0.445570,0.017802,1,
id0130,id0369,original,crop,0.432295,0.669407,0.020401,1,
id0130,id0372,original,crop,0.448963,0.528945,0.010857,1,
id0130,id0373,original,crop,0.417194,0.603615,0.011213,1,
id0130,id0374,original,crop,0.370401,0.532496,0.004888,1,
id0130,id0378,original,crop,0.328384,0.420134,0.012447,1,
id0130,id0381,original,crop,0.354115,0.420782,0.012313,1,
id0130,id0382,original,crop,0.295463,0.388831,0.003530,1,
id0130,id0392,original,crop,0.319163,0.453844,0.006670,1,
id0130,id0396,original,crop,0.382300,0.533220,0.004802,1,
id0130,id0398,original,crop,0.511081,0.680366,0.007337,1,
id0130,id0399,original,crop,0.266405,0.407944,0.007694,1,
id0130,id0401,original,crop,0.358146,0.551812,0.005667,1,
id0130,id0402,original,crop,0.303072,0.352986,0.007682,1,
id0130,id0404,original,crop,0.327843,0.458712,0.010614,1,
id0130,id0411,original,crop,0.303066,0.402531,0.003749,1,
id0130,id0412,original,crop,0.346610,0.467710,0.010189,1,
id0130,id0418,original,crop,0.425446,0.545999,0.015807,1,
id0130,id0421,original,crop,0.206351,0.286046,0.006891,1,
id0130,id0422,original,crop,0.308344,0.489883,0.010307,1,
id0130,id0431,original,crop,0.403008,0.601690,0.011616,1,
id0130,id0437,original,crop,0.482127,0.725691,0.017107,1,
id0130,id0441,original,crop,0.264992,0.438581,0.009600,1,
id0130,id0447,original,crop,0.432081,0.602152,0.021044,1,
id0130,id0460,original,crop,0.205993,0.269859,0.007950,1,
id0130,id0462,original,crop,0.364310,0.492728,0.018760,1,
id0130,id0465,original,crop,0.326860,0.413803,0.003475,1,
id0130,id0466,original,crop,0.378059,0.542130,0.020308,1,
id0130,id0468,original,crop,0.399628,0.589307,0.004246,1,
id0130,id0470,original,crop,0.415874,0.563179,0.007280,1,
id0130,id0476,original,crop,0.341390,0.471695,0.018054,1,
id0130,id0486,original,crop,0.288027,0.391107,0.005663,1,
id0130,id0491,original,crop,0.328545,0.482327,0.016175,1,
id0130,id0498,original,crop,0.211044,0.348463,0.004926,1,
id0132,id0136,original,crop,0.327843,0.417033,0.011677,1,
id0132,id0153,original,crop,0.294654,0.472013,0.018337,1,
id0132,id0161,original,crop,0.250696,0.317845,0.012584,1,
id0132,id0169,original,crop,0.369265,0.376719,0.009217,1,
id0132,id0182,original,crop,0.318556,0.450562,0.008794,1,
id0132,id0183,original,crop,0.452260,0.680777,0.020615,1,
id0132,id0186,original,crop,0.272768,0.370327,0.009098,1,
id0132,id0197,original,crop,0.327468,0.433343,0.007330,1,
id0132,id0199,original,crop,0.426519,0.671566,0.014851,1,
id0132,id0206,original,crop,0.420136,0.448499,0.004968,1,
id0132,id0207,original,crop,0.252130,0.401177,0.009932,1,
id0132,id0208,original,crop,0.246159,0.375876,0.014254,1,
id0132,id0212,original,crop,0.469247,0.474263,0.004027,1,
id0132,id0220,original,crop,0.295128,0.330445,0.005019,1,
id0132,id0222,original,crop,0.321969,0.349486,0.014647,1,
id0132,id0224,original,crop,0.344766,0.416124,0.011829,1,
id0132,id0233,original,crop,0.311383,0.510138,0.017235,1,
id0132,id0239,original,crop,0.439543,0.505842,0.005620,1,
id0132,id0242,original,crop,0.300150,0.412250,0.010487,1,
id0132,id0246,original,crop,0.292914,0.273583,0.005151,1,
id0132,id0258,original,crop,0.282999,0.349488,0.006071,1,
id0132,id0273,original,crop,0.257216,0.408600,0.007162,1,
id0132,id0275,original,crop,0.269950,0.384896,0.014643,1,
id0132,id0285,original,crop,0.314647,0.405660,0.011760,1,
id0132,id0290,original,crop,0.378622,0.671824,0.014076,1,
id0132,id0296,original,crop,0.281953,0.347862,0.019515,1,
id0132,id0299,original,crop,0.245362,0.308326,0.011402,1,
id0132,id0303,original,crop,0.284289,0.369726,0.010747,1,
id0132,id0319,original,crop,0.387588,0.394019,0.005914,1,
id0132,id0321,original,crop,0.299479,0.458082,0.011926,1,
id0132,id0326,original,crop,0.415573,0.566976,0.018673,1,
id0132,id0328,original,crop,0.333034,0.484195,0.011473,1,
id0132,id0330,original,crop,0.375186,0.487658,0.004894,1,
id0132,id0342,original,crop,0.315689,0.448477,0.008712,1,
id0132,id0346,original,crop,0.285733,0.338371,0.008054,1,
id0132,id0363,original,crop,0.286592,0.315530,0.004535,1,
id0132,id0367,original,crop,0.347437,0.429233,0.006452,1,
id0132,id0368,original,crop,0.296998,0.407928,0.018255,1,
id0132,id0369,original,crop,0.371616,0.567193,0.020025,1,
id0132,id0372,original,crop,0.417602,0.377437,0.010232,1,
id0132,id0373,original,crop,0.316343,0.579379,0.011833,1,
id0132,id0374,original,crop,0.419974,0.541739,0.005593,1,
id0132,id0378,original,crop,0.293555,0.383169,0.012443,1,
id0132,id0381,original,crop,0.340292,0.392797,0.012918,1,
id0132,id0382,original,crop,0.280951,0.266277,0.002833,1,
id0132,id0392,original,crop,0.235875,0.346051,0.006475,1,
id0132,id0396,original,crop,0.291879,0.456994,0.004395,1,
id0132,id0398,original,crop,0.442944,0.512984,0.005752,1,
id0132,id0399,original,crop,0.275127,0.423800,0.008608,1,
id0132,id0401,original,crop,0.341375,0.434776,0.005115,1,
id0132,id0402,original,crop,0.279107,0.271012,0.007493,1,
id0132,id0404,original,crop,0.300512,0.388833,0.009978,1,
id0132,id0411,original,crop,0.314538,0.346425,0.003046,1,
id0132,id0412,original,crop,0.309553,0.345935,0.009868,1,
id0132,id0418,original,crop,0.382016,0.393159,0.015491,1,
id0132,id0421,original,crop,0.224396,0.297691,0.007141,1,
id0132,id0422,original,crop,0.276335,0.427366,0.010265,1,
id0132,id0431,original,crop,0.366501,0.465429,0.010473,1,
id0132,id0437,original,crop,0.422602,0.626112,0.016647,1,
id0132,id0441,original,crop,0.277428,0.375697,0.009392,1,
id0132,id0447,original,crop,0.425908,0.554598,0.022150,1,
id0132,id0460,original,crop,0.221807,0.304686,0.008298,1,
id0132,id0462,original,crop,0.303353,0.405112,0.018510,1,
id0132,id0465,original,crop,0.314764,0.319238,0.003024,1,
id0132,id0466,original,crop,0.381822,0.521671,0.021045,1,
id0132,id0468,original,crop,0.365926,0.448545,0.002918,1,
id0132,id0470,original,crop,0.363839,0.392888,0.006395,1,
id0132,id0476,original,crop,0.354196,0.496095,0.019729,1,
id0132,id0486,original,crop,0.267207,0.395713,0.005676,1,
id0132,id0491,original,crop,0.291009,0.450588,0.016287,1,
id0132,id0498,original,crop,0.292322,0.383776,0.005746,1,
id0136,id0153,original,crop,0.375625,0.564916,0.015832,1,
id0136,id0161,original,crop,0.295263,0.410608,0.010186,1,
id0136,id0169,original,crop,0.284364,0.354203,0.006617,1,
id0136,id0182,original,crop,0.392730,0.455194,0.007171,1,
id0136,id0183,original,crop,0.482447,0.663332,0.016527,1,
id0136,id0186,original,crop,0.309905,0.370575,0.006414,1,
id0136,id0197,original,crop,0.376193,0.434358,0.005419,1,
id0136,id0199,original,crop,0.360567,0.633845,0.011064,1,
id0136,id0206,original,crop,0.441859,0.420067,0.002913,1,
id0136,id0207,original,crop,0.345672,0.422887,0.007284,1,
id0136,id0208,original,crop,0.330841,0.445488,0.011824,1,
id0136,id0212,original,crop,0.379092,0.458673,0.003459,1,
id0136,id0220,original,crop,0.300351,0.389086,0.003795,1,
id0136,id0222,original,crop,0.317272,0.407804,0.011410,1,
id0136,id0224,original,crop,0.397653,0.446411,0.008626,1,
id0136,id0233,original,crop,0.433041,0.554118,0.014609,1,
id0136,id0239,original,crop,0.442633,0.520369,0.003758,1,
id0136,id0242,original,crop,0.398616,0.454951,0.008354,1,
id0136,id0246,original,crop,0.347872,0.443017,0.004305,1,
id0136,id0258,original,crop,0.323088,0.445232,0.004790,1,
id0136,id0273,original,crop,0.364297,0.469813,0.005620,1,
id0136,id0275,original,crop,0.305378,0.469122,0.012220,1,
id0136,id0285,original,crop,0.273611,0.348989,0.009001,1,
id0136,id0290,original,crop,0.469948,0.696578,0.012243,1,
id0136,id0296,original,crop,0.291889,0.433760,0.015758,1,
id0136,id0299,original,crop,0.237999,0.345932,0.008839,1,
id0136,id0303,original,crop,0.340394,0.398285,0.008384,1,
id0136,id0319,original,crop,0.275924,0.351306,0.004395,1,
id0136,id0321,original,crop,0.419227,0.551136,0.010005,1,
id0136,id0326,original,crop,0.283377,0.474354,0.014163,1,
id0136,id0328,original,crop,0.399262,0.554591,0.009562,1,
id0136,id0330,original,crop,0.332330,0.443005,0.003588,1,
id0136,id0342,original,crop,0.289520,0.408183,0.005893,1,
id0136,id0346,original,crop,0.327468,0.401765,0.006196,1,
id0136,id0363,original,crop,0.311094,0.276641,0.002616,1,
id0136,id0367,original,crop,0.408463,0.416617,0.004284,1,
id0136,id0368,original,crop,0.255206,0.384228,0.014450,1,
id0136,id0369,original,crop,0.337324,0.574408,0.016800,1,
id0136,id0372,original,crop,0.382124,0.448327,0.007934,1,
id0136,id0373,original,crop,0.446686,0.566528,0.009262,1,
id0136,id0374,original,crop,0.490074,0.636072,0.005299,1,
id0136,id0378,original,crop,0.351718,0.463742,0.010328,1,
id0136,id0381,original,crop,0.357840,0.393954,0.009934,1,
id0136,id0382,original,crop,0.270395,0.345493,0.002252,1,
id0136,id0392,original,crop,0.381689,0.425388,0.004564,1,
id0136,id0396,original,crop,0.329909,0.446804,0.003143,1,
id0136,id0398,original,crop,0.324225,0.438981,0.004001,1,
id0136,id0399,original,crop,0.353879,0.480406,0.006918,1,
id0136,id0401,original,crop,0.393476,0.541606,0.004143,1,
id0136,id0402,original,crop,0.268442,0.301003,0.005468,1,
id0136,id0404,original,crop,0.266355,0.343274,0.007088,1,
id0136,id0411,original,crop,0.316782,0.417735,0.002605,1,
id0136,id0412,original,crop,0.264668,0.352752,0.007506,1,
id0136,id0418,original,crop,0.393415,0.414231,0.011793,1,
id0136,id0421,original,crop,0.298324,0.375643,0.005714,1,
id0136,id0422,original,crop,0.256559,0.336754,0.006949,1,
id0136,id0431,original,crop,0.261734,0.413969,0.007559,1,
id0136,id0437,original,crop,0.499855,0.703655,0.014701,1,
id0136,id0441,original,crop,0.289974,0.442397,0.007115,1,
id0136,id0447,original,crop,0.387035,0.543605,0.017870,1,
id0136,id0460,original,crop,0.264918,0.330858,0.006079,1,
id0136,id0462,original,crop,0.210186,0.340152,0.014795,1,
id0136,id0465,original,crop,0.312958,0.425036,0.002505,1,
id0136,id0466,original,crop,0.312550,0.483054,0.016917,1,
id0136,id0468,original,crop,0.280806,0.397469,0.001748,1,
id0136,id0470,original,crop,0.299260,0.385018,0.003760,1,
id0136,id0476,original,crop,0.331873,0.468350,0.015880,1,
id0136,id0486,original,crop,0.345185,0.464077,0.004471,1,
id0136,id0491,original,crop,0.405673,0.548506,0.014271,1,
id0136,id0498,original,crop,0.367741,0.504701,0.004811,1,
id0153,id0161,original,crop,0.255279,0.317088,0.005977,1,
id0153,id0169,original,crop,0.347720,0.432138,0.004637,1,
id0153,id0182,original,crop,0.210087,0.224377,0.003164,1,
id0153,id0183,original,crop,0.342825,0.485854,0.012729,1,
id0153,id0186,original,crop,0.260809,0.367745,0.003950,1,
id0153,id0197,original,crop,0.288512,0.361762,0.004104,1,
id0153,id0199,original,crop,0.310012,0.481079,0.007826,1,
id0153,id0206,original,crop,0.576520,0.694605,0.005212,1,
id0153,id0207,original,crop,0.350796,0.377629,0.004723,1,
id0153,id0208,original,crop,0.217870,0.297790,0.007006,1,
id0153,id0212,original,crop,0.371633,0.503657,0.003206,1,
id0153,id0220,original,crop,0.247627,0.307902,0.002457,1,
id0153,id0222,original,crop,0.289048,0.347324,0.008605,1,
id0153,id0224,original,crop,0.345030,0.332505,0.005949,1,
id0153,id0233,original,crop,0.248839,0.276213,0.009351,1,
id0153,id0239,original,crop,0.517218,0.589637,0.003115,1,
id0153,id0242,original,crop,0.304116,0.303947,0.004183,1,
id0153,id0246,original,crop,0.410485,0.444757,0.002405,1,
id0153,id0258,original,crop,0.218569,0.302211,0.002601,1,
id0153,id0273,original,crop,0.237810,0.268732,0.003331,1,
id0153,id0275,original,crop,0.254249,0.326747,0.007643,1,
id0153,id0285,original,crop,0.335914,0.423887,0.005732,1,
id0153,id0290,original,crop,0.229677,0.416251,0.007762,1,
id0153,id0296,original,crop,0.277264,0.355321,0.011890,1,
id0153,id0299,original,crop,0.247382,0.288881,0.005634,1,
id0153,id0303,original,crop,0.307223,0.378484,0.005870,1,
id0153,id0319,original,crop,0.385832,0.519321,0.003186,1,
id0153,id0321,original,crop,0.215136,0.340725,0.006541,1,
id0153,id0326,original,crop,0.406616,0.538816,0.011299,1,
id0153,id0328,original,crop,0.234319,0.341770,0.004956,1,
id0153,id0330,original,crop,0.313606,0.382749,0.002764,1,
id0153,id0342,original,crop,0.352313,0.408150,0.004187,1,
id0153,id0346,original,crop,0.328882,0.382285,0.003751,1,
id0153,id0363,original,crop,0.395870,0.396891,0.002156,1,
id0153,id0367,original,crop,0.437294,0.404287,0.002965,1,
id0153,id0368,original,crop,0.283593,0.342641,0.010389,1,
id0153,id0369,original,crop,0.247783,0.379342,0.011619,1,
id0153,id0372,original,crop,0.410423,0.392095,0.005048,1,
id0153,id0373,original,crop,0.271225,0.352287,0.005727,1,
id0153,id0374,original,crop,0.273860,0.288181,0.001975,1,
id0153,id0378,original,crop,0.298834,0.289378,0.005779,1,
id0153,id0381,original,crop,0.323818,0.333035,0.006637,1,
id0153,id0382,original,crop,0.360192,0.521456,0.002471,1,
id0153,id0392,original,crop,0.304850,0.314340,0.002828,1,
id0153,id0396,original,crop,0.353046,0.478534,0.001951,1,
id0153,id0398,original,crop,0.454532,0.652650,0.005560,1,
id0153,id0399,original,crop,0.194113,0.316922,0.003618,1,
id0153,id0401,original,crop,0.310802,0.436130,0.002236,1,
id0153,id0402,original,crop,0.319486,0.362481,0.003424,1,
id0153,id0404,original,crop,0.381713,0.470339,0.005933,1,
id0153,id0411,original,crop,0.342936,0.489632,0.002820,1,
id0153,id0412,original,crop,0.342443,0.440693,0.004865,1,
id0153,id0418,original,crop,0.411169,0.491759,0.009190,1,
id0153,id0421,original,crop,0.297618,0.348780,0.002583,1,
id0153,id0422,original,crop,0.287749,0.362843,0.004634,1,
id0153,id0431,original,crop,0.375653,0.551265,0.006314,1,
id0153,id0437,original,crop,0.343120,0.430694,0.008551,1,
id0153,id0441,original,crop,0.288877,0.375383,0.004530,1,
id0153,id0447,original,crop,0.301554,0.449151,0.013302,1,
id0153,id0460,original,crop,0.264015,0.355035,0.003375,1,
id0153,id0462,original,crop,0.318085,0.430478,0.010847,1,
id0153,id0465,original,crop,0.292938,0.410265,0.002077,1,
id0153,id0466,original,crop,0.261824,0.376011,0.012231,1,
id0153,id0468,original,crop,0.471986,0.684425,0.004177,1,
id0153,id0470,original,crop,0.403696,0.555946,0.004299,1,
id0153,id0476,original,crop,0.212282,0.329021,0.011130,1,
id0153,id0486,original,crop,0.271331,0.411079,0.002560,1,
id0153,id0491,original,crop,0.207745,0.222325,0.008447,1,
id0153,id0498,original,crop,0.292147,0.328683,0.002110,1,
id0161,id0169,original,crop,0.268786,0.376896,0.009153,1,
id0161,id0182,original,crop,0.249710,0.397940,0.008284,1,
id0161,id0183,original,crop,0.409360,0.614510,0.020407,1,
id0161,id0186,original,crop,0.210981,0.274034,0.008757,1,
id0161,id0197,original,crop,0.250565,0.406345,0.007797,1,
id0161,id0199,original,crop,0.310345,0.597619,0.014700,1,
id0161,id0206,original,crop,0.454134,0.519913,0.005286,1,
id0161,id0207,original,crop,0.280372,0.445397,0.010077,1,
id0161,id0208,original,crop,0.237416,0.449154,0.014318,1,
id0161,id0212,original,crop,0.400008,0.501911,0.004133,1,
id0161,id0220,original,crop,0.279107,0.395148,0.005342,1,
id0161,id0222,original,crop,0.274923,0.425615,0.015071,1,
id0161,id0224,original,crop,0.286511,0.353398,0.011465,1,
id0161,id0233,original,crop,0.369239,0.516258,0.017515,1,
id0161,id0239,original,crop,0.367052,0.368608,0.004723,1,
id0161,id0242,original,crop,0.281792,0.293485,0.009537,1,
id0161,id0246,original,crop,0.314627,0.369325,0.005415,1,
id0161,id0258,original,crop,0.240424,0.339629,0.005767,1,
id0161,id0273,original,crop,0.299516,0.408328,0.007621,1,
id0161,id0275,original,crop,0.253630,0.484511,0.014953,1,
id0161,id0285,original,crop,0.265510,0.313963,0.011380,1,
id0161,id0290,original,crop,0.322268,0.622668,0.014461,1,
id0161,id0296,original,crop,0.277122,0.421213,0.019693,1,
id0161,id0299,original,crop,0.228383,0.362720,0.012017,1,
id0161,id0303,original,crop,0.288099,0.392103,0.011100,1,
id0161,id0319,original,crop,0.336119,0.490774,0.006049,1,
id0161,id0321,original,crop,0.291330,0.495186,0.012681,1,
id0161,id0326,original,crop,0.338163,0.560522,0.018886,1,
id0161,id0328,original,crop,0.273917,0.353581,0.010985,1,
id0161,id0330,original,crop,0.299680,0.466007,0.005032,1,
id0161,id0342,original,crop,0.280419,0.425736,0.008740,1,
id0161,id0346,original,crop,0.259759,0.323368,0.008006,1,
id0161,id0363,original,crop,0.340536,0.304218,0.004668,1,
id0161,id0367,original,crop,0.327150,0.361931,0.006263,1,
id0161,id0368,original,crop,0.229341,0.428744,0.018436,1,
id0161,id0369,original,crop,0.282142,0.528562,0.020137,1,
id0161,id0372,original,crop,0.304895,0.305818,0.010661,1,
id0161,id0373,original,crop,0.285423,0.529776,0.011852,1,
id0161,id0374,original,crop,0.424694,0.569286,0.005574,1,
id0161,id0378,original,crop,0.229237,0.380070,0.012017,1,
id0161,id0381,original,crop,0.268287,0.352842,0.013404,1,
id0161,id0382,original,crop,0.306225,0.422322,0.003263,1,
id0161,id0392,original,crop,0.240400,0.316028,0.006060,1,
id0161,id0396,original,crop,0.288882,0.344135,0.004266,1,
id0161,id0398,original,crop,0.370674,0.522486,0.006399,1,
id0161,id0399,original,crop,0.299701,0.488165,0.008744,1,
id0161,id0401,original,crop,0.316914,0.395130,0.004678,1,
id0161,id0402,original,crop,0.217735,0.336827,0.007841,1,
id0161,id0404,original,crop,0.288604,0.468413,0.010419,1,
id0161,id0411,original,crop,0.324423,0.471174,0.003109,1,
id0161,id0412,original,crop,0.255116,0.368355,0.009824,1,
id0161,id0418,original,crop,0.321089,0.418180,0.015692,1,
id0161,id0421,original,crop,0.228201,0.379052,0.007064,1,
id0161,id0422,original,crop,0.238974,0.413830,0.010014,1,
id0161,id0431,original,crop,0.290943,0.473938,0.010805,1,
id0161,id0437,original,crop,0.312365,0.521463,0.015912,1,
id0161,id0441,original,crop,0.238724,0.405249,0.009161,1,
id0161,id0447,original,crop,0.361344,0.548474,0.022009,1,
id0161,id0460,original,crop,0.227916,0.371482,0.008318,1,
id0161,id0462,original,crop,0.286046,0.416156,0.018887,1,
id0161,id0465,original,crop,0.295465,0.402561,0.003252,1,
id0161,id0466,original,crop,0.301052,0.527245,0.021034,1,
id0161,id0468,original,crop,0.342881,0.523570,0.003100,1,
id0161,id0470,original,crop,0.298746,0.416057,0.006753,1,
id0161,id0476,original,crop,0.260110,0.470571,0.019370,1,
id0161,id0486,original,crop,0.334576,0.513619,0.006270,1,
id0161,id0491,original,crop,0.250825,0.398175,0.016090,1,
id0161,id0498,original,crop,0.309988,0.467442,0.005668,1,
id0169,id0182,original,crop,0.363158,0.446304,0.011676,1,
id0169,id0183,original,crop,0.495954,0.646180,0.024285,1,
id0169,id0186,original,crop,0.250719,0.259300,0.010710,1,
id0169,id0197,original,crop,0.332562,0.433577,0.009999,1,
id0169,id0199,original,crop,0.299983,0.585427,0.017619,1,
id0169,id0206,original,crop,0.452671,0.435066,0.005135,1,
id0169,id0207,original,crop,0.345146,0.438680,0.012532,1,
id0169,id0208,original,crop,0.329802,0.503252,0.018279,1,
id0169,id0212,original,crop,0.325289,0.420707,0.004731,1,
id0169,id0220,original,crop,0.288065,0.394049,0.006697,1,
id0169,id0222,original,crop,0.271629,0.432894,0.017796,1,
id0169,id0224,original,crop,0.309400,0.385455,0.014278,1,
id0169,id0233,original,crop,0.442293,0.558234,0.021845,1,
id0169,id0239,original,crop,0.350549,0.341735,0.005886,1,
id0169,id0242,original,crop,0.385366,0.380069,0.013320,1,
id0169,id0246,original,crop,0.300613,0.378346,0.007004,1,
id0169,id0258,original,crop,0.264319,0.373908,0.008137,1,
id0169,id0273,original,crop,0.321998,0.417849,0.009791,1,
id0169,id0275,original,crop,0.290937,0.505947,0.018406,1,
id0169,id0285,original,crop,0.302528,0.301527,0.014370,1,
id0169,id0290,original,crop,0.394913,0.668074,0.018518,1,
id0169,id0296,original,crop,0.311258,0.466257,0.022683,1,
id0169,id0299,original,crop,0.234042,0.368402,0.014475,1,
id0169,id0303,original,crop,0.324147,0.339035,0.013006,1,
id0169,id0319,original,crop,0.285033,0.403936,0.007286,1,
id0169,id0321,original,crop,0.370307,0.527611,0.015687,1,
id0169,id0326,original,crop,0.314916,0.492140,0.021651,1,
id0169,id0328,original,crop,0.324378,0.411576,0.014382,1,
id0169,id0330,original,crop,0.251613,0.391012,0.005874,1,
id0169,id0342,original,crop,0.232479,0.327137,0.009759,1,
id0169,id0346,original,crop,0.264931,0.316061,0.010376,1,
id0169,id0363,original,crop,0.357760,0.288290,0.005793,1,
id0169,id0367,original,crop,0.363148,0.355969,0.007667,1,
id0169,id0368,original,crop,0.252330,0.415243,0.022123,1,
id0169,id0369,original,crop,0.306022,0.537068,0.024438,1,
id0169,id0372,original,crop,0.299686,0.321494,0.012914,1,
id0169,id0373,original,crop,0.412478,0.576822,0.015653,1,
id0169,id0374,original,crop,0.457426,0.636299,0.008378,1,
id0169,id0378,original,crop,0.327663,0.417385,0.015704,1,
id0169,id0381,original,crop,0.329945,0.390474,0.016350,1,
id0169,id0382,original,crop,0.280668,0.360823,0.004062,1,
id0169,id0392,original,crop,0.333907,0.356154,0.008279,1,
id0169,id0396,original,crop,0.373885,0.337879,0.006062,1,
id0169,id0398,original,crop,0.289650,0.389970,0.006035,1,
id0169,id0399,original,crop,0.345471,0.485651,0.011376,1,
id0169,id0401,original,crop,0.258901,0.387454,0.005918,1,
id0169,id0402,original,crop,0.252700,0.312427,0.010019,1,
id0169,id0404,original,crop,0.258244,0.375841,0.012063,1,
id0169,id0411,original,crop,0.316268,0.437205,0.003621,1,
id0169,id0412,original,crop,0.248186,0.311507,0.012330,1,
id0169,id0418,original,crop,0.386024,0.410667,0.018077,1,
id0169,id0421,original,crop,0.313097,0.415772,0.010002,1,
id0169,id0422,original,crop,0.256349,0.359690,0.012302,1,
id0169,id0431,original,crop,0.220804,0.361694,0.011987,1,
id0169,id0437,original,crop,0.396121,0.570930,0.020057,1,
id0169,id0441,original,crop,0.238044,0.387152,0.010973,1,
id0169,id0447,original,crop,0.397070,0.537901,0.025484,1,
id0169,id0460,original,crop,0.294285,0.388552,0.010977,1,
id0169,id0462,original,crop,0.304396,0.378391,0.022259,1,
id0169,id0465,original,crop,0.235761,0.365091,0.004100,1,
id0169,id0466,original,crop,0.324389,0.525733,0.024843,1,
id0169,id0468,original,crop,0.308982,0.398485,0.002484,1,
id0169,id0470,original,crop,0.235393,0.308624,0.007025,1,
id0169,id0476,original,crop,0.353175,0.506760,0.023466,1,
id0169,id0486,original,crop,0.392350,0.531900,0.008615,1,
id0169,id0491,original,crop,0.363481,0.502008,0.020726,1,
id0169,id0498,original,crop,0.359111,0.547081,0.008525,1,
id0182,id0183,original,crop,0.440595,0.568486,0.013933,1,
id0182,id0186,original,crop,0.271680,0.356375,0.004377,1,
id0182,id0197,original,crop,0.328952,0.453277,0.005229,1,
id0182,id0199,original,crop,0.337526,0.559752,0.008782,1,
id0182,id0206,original,crop,0.542993,0.715717,0.006224,1,
id0182,id0207,original,crop,0.341938,0.468609,0.005567,1,
id0182,id0208,original,crop,0.220455,0.400541,0.007711,1,
id0182,id0212,original,crop,0.380124,0.557932,0.003946,1,
id0182,id0220,original,crop,0.270457,0.408503,0.002971,1,
id0182,id0222,original,crop,0.303335,0.464538,0.009724,1,
id0182,id0224,original,crop,0.308300,0.363807,0.006508,1,
id0182,id0233,original,crop,0.329672,0.365194,0.009928,1,
id0182,id0239,original,crop,0.464826,0.553937,0.003498,1,
id0182,id0242,original,crop,0.319188,0.334732,0.004806,1,
id0182,id0246,original,crop,0.384937,0.465033,0.002753,1,
id0182,id0258,original,crop,0.249929,0.383435,0.003349,1,
id0182,id0273,original,crop,0.258716,0.331266,0.003602,1,
id0182,id0275,original,crop,0.282723,0.423999,0.008169,1,
id0182,id0285,original,crop,0.378713,0.448809,0.006566,1,
id0182,id0290,original,crop,0.242371,0.527694,0.008440,1,
id0182,id0296,original,crop,0.347494,0.429923,0.012911,1,
id0182,id0299,original,crop,0.282774,0.356166,0.006026,1,
id0182,id0303,original,crop,0.308566,0.405111,0.006446,1,
id0182,id0319,original,crop,0.346815,0.552486,0.003567,1,
id0182,id0321,original,crop,0.267628,0.468416,0.007750,1,
id0182,id0326,original,crop,0.428306,0.606345,0.012295,1,
id0182,id0328,original,crop,0.284820,0.329705,0.005346,1,
id0182,id0330,original,crop,0.273147,0.432307,0.003042,1,
id0182,id0342,original,crop,0.338326,0.441431,0.004360,1,
id0182,id0346,original,crop,0.333379,0.445157,0.004599,1,
id0182,id0363,original,crop,0.407268,0.379046,0.002438,1,
id0182,id0367,original,crop,0.397063,0.434166,0.003429,1,
id0182,id0368,original,crop,0.292181,0.413299,0.011096,1,
id0182,id0369,original,crop,0.288154,0.475616,0.012476,1,
id0182,id0372,original,crop,0.360329,0.420642,0.005679,1,
id0182,id0373,original,crop,0.293153,0.429124,0.006453,1,
id0182,id0374,original,crop,0.345451,0.438964,0.002443,1,
id0182,id0378,original,crop,0.226487,0.307921,0.006042,1,
id0182,id0381,original,crop,0.286073,0.399258,0.007612,1,
id0182,id0382,original,crop,0.413366,0.563000,0.003431,1,
id0182,id0392,original,crop,0.305824,0.381454,0.003539,1,
id0182,id0396,original,crop,0.375636,0.470946,0.002530,1,
id0182,id0398,original,crop,0.459468,0.678032,0.006624,1,
id0182,id0399,original,crop,0.264513,0.421993,0.004367,1,
id0182,id0401,original,crop,0.335385,0.432119,0.002494,1,
id0182,id0402,original,crop,0.293039,0.426350,0.004151,1,
id0182,id0404,original,crop,0.369478,0.534139,0.006849,1,
id0182,id0411,original,crop,0.370471,0.520021,0.003118,1,
id0182,id0412,original,crop,0.357058,0.486581,0.005670,1,
id0182,id0418,original,crop,0.364104,0.540051,0.010214,1,
id0182,id0421,original,crop,0.290488,0.418701,0.003149,1,
id0182,id0422,original,crop,0.262052,0.428490,0.005209,1,
id0182,id0431,original,crop,0.383979,0.595751,0.007225,1,
id0182,id0437,original,crop,0.266531,0.428694,0.008775,1,
id0182,id0441,original,crop,0.278938,0.415784,0.004842,1,
id0182,id0447,original,crop,0.356610,0.503818,0.014195,1,
id0182,id0460,original,crop,0.248296,0.406177,0.003875,1,
id0182,id0462,original,crop,0.375730,0.508376,0.011941,1,
id0182,id0465,original,crop,0.321960,0.471255,0.002778,1,
id0182,id0466,original,crop,0.306274,0.491129,0.013026,1,
id0182,id0468,original,crop,0.465104,0.680882,0.004724,1,
id0182,id0470,original,crop,0.384362,0.582606,0.005064,1,
id0182,id0476,original,crop,0.242306,0.399890,0.012002,1,
id0182,id0486,original,crop,0.381650,0.531571,0.003543,1,
id0182,id0491,original,crop,0.188484,0.284156,0.008700,1,
id0182,id0498,original,crop,0.284516,0.418807,0.002631,1,
id0183,id0186,original,crop,0.398428,0.533949,0.003377,1,
id0183,id0197,original,crop,0.336062,0.320511,0.002152,1,
id0183,id0199,original,crop,0.315903,0.416007,0.005690,1,
id0183,id0206,original,crop,0.665719,0.772614,0.003661,1,
id0183,id0207,original,crop,0.485427,0.569552,0.003100,1,
id0183,id0208,original,crop,0.426467,0.555575,0.006194,1,
id0183,id0212,original,crop,0.545022,0.588870,0.004888,1,
id0183,id0220,original,crop,0.453195,0.551967,0.002792,1,
id0183,id0222,original,crop,0.420815,0.477710,0.005701,1,
id0183,id0224,original,crop,0.505578,0.549461,0.004572,1,
id0183,id0233,original,crop,0.334537,0.489702,0.007590,1,
id0183,id0239,original,crop,0.668442,0.730350,0.003938,1,
id0183,id0242,original,crop,0.381522,0.459730,0.003848,1,
id0183,id0246,original,crop,0.608263,0.730863,0.003505,1,
id0183,id0258,original,crop,0.444299,0.553201,0.002710,1,
id0183,id0273,original,crop,0.440473,0.555710,0.003183,1,
id0183,id0275,original,crop,0.476831,0.605895,0.006991,1,
id0183,id0285,original,crop,0.375183,0.452590,0.004332,1,
id0183,id0290,original,crop,0.404964,0.343082,0.005870,1,
id0183,id0296,original,crop,0.426266,0.591200,0.009690,1,
id0183,id0299,original,crop,0.430671,0.509819,0.004921,1,
id0183,id0303,original,crop,0.448542,0.578987,0.005767,1,
id0183,id0319,original,crop,0.589373,0.735914,0.004990,1,
id0183,id0321,original,crop,0.348466,0.435743,0.004421,1,
id0183,id0326,original,crop,0.382948,0.406662,0.007990,1,
id0183,id0328,original,crop,0.358581,0.532751,0.005180,1,
id0183,id0330,original,crop,0.537911,0.600702,0.004345,1,
id0183,id0342,original,crop,0.483498,0.607552,0.004993,1,
id0183,id0346,original,crop,0.460233,0.538855,0.002316,1,
id0183,id0363,original,crop,0.494776,0.555379,0.002770,1,
id0183,id0367,original,crop,0.534628,0.482826,0.002690,1,
id0183,id0368,original,crop,0.391206,0.431519,0.007691,1,
id0183,id0369,original,crop,0.328737,0.386441,0.009618,1,
id0183,id0372,original,crop,0.550924,0.512982,0.004533,1,
id0183,id0373,original,crop,0.338299,0.364206,0.003910,1,
id0183,id0374,original,crop,0.512372,0.565110,0.002786,1,
id0183,id0378,original,crop,0.467699,0.581710,0.005797,1,
id0183,id0381,original,crop,0.454109,0.381283,0.004616,1,
id0183,id0382,original,crop,0.526389,0.700229,0.002927,1,
id0183,id0392,original,crop,0.476604,0.526439,0.002449,1,
id0183,id0396,original,crop,0.408063,0.497420,0.001881,1,
id0183,id0398,original,crop,0.527491,0.640877,0.004407,1,
id0183,id0399,original,crop,0.385353,0.560353,0.003823,1,
id0183,id0401,original,crop,0.527012,0.716398,0.003940,1,
id0183,id0402,original,crop,0.495889,0.539596,0.002515,1,
id0183,id0404,original,crop,0.543894,0.644715,0.004685,1,
id0183,id0411,original,crop,0.585554,0.793168,0.005718,1,
id0183,id0412,original,crop,0.472189,0.543563,0.003628,1,
id0183,id0418,original,crop,0.512016,0.527441,0.006470,1,
id0183,id0421,original,crop,0.463429,0.581964,0.002824,1,
id0183,id0422,original,crop,0.432806,0.505095,0.003629,1,
id0183,id0431,original,crop,0.446837,0.564492,0.004919,1,
id0183,id0437,original,crop,0.509488,0.639130,0.009497,1,
id0183,id0441,original,crop,0.505270,0.683688,0.005659,1,
id0183,id0447,original,crop,0.325122,0.468163,0.011171,1,
id0183,id0460,original,crop,0.456365,0.578986,0.003176,1,
id0183,id0462,original,crop,0.356824,0.439393,0.007708,1,
id0183,id0465,original,crop,0.502967,0.651916,0.002751,1,
id0183,id0466,original,crop,0.385249,0.449379,0.010609,1,
id0183,id0468,original,crop,0.610376,0.809067,0.005144,1,
id0183,id0470,original,crop,0.536892,0.650861,0.003661,1,
id0183,id0476,original,crop,0.309417,0.435068,0.008842,1,
id0183,id0486,original,crop,0.386231,0.573337,0.001180,1,
id0183,id0491,original,crop,0.458551,0.565338,0.008444,1,
id0183,id0498,original,crop,0.525652,0.638468,0.002346,1,
id0186,id0197,original,crop,0.295795,0.380480,0.009110,1,
id0186,id0199,original,crop,0.278645,0.544187,0.016068,1,
id0186,id0206,original,crop,0.473101,0.506367,0.005549,1,
id0186,id0207,original,crop,0.261450,0.387542,0.010985,1,
id0186,id0208,original,crop,0.241827,0.443413,0.016181,1,
id0186,id0212,original,crop,0.424131,0.477712,0.004802,1,
id0186,id0220,original,crop,0.281272,0.356001,0.005871,1,
id0186,id0222,original,crop,0.283634,0.405334,0.016549,1,
id0186,id0224,original,crop,0.256210,0.333438,0.012867,1,
id0186,id0233,original,crop,0.342818,0.496356,0.019645,1,
id0186,id0239,original,crop,0.383020,0.366709,0.005760,1,
id0186,id0242,original,crop,0.262012,0.272524,0.011125,1,
id0186,id0246,original,crop,0.336612,0.387615,0.006227,1,
id0186,id0258,original,crop,0.248549,0.332623,0.007242,1,
id0186,id0273,original,crop,0.243252,0.373653,0.008383,1,
id0186,id0275,original,crop,0.283147,0.478313,0.016786,1,
id0186,id0285,original,crop,0.254345,0.278689,0.013115,1,
id0186,id0290,original,crop,0.312352,0.600779,0.016591,1,
id0186,id0296,original,crop,0.283182,0.438714,0.021661,1,
id0186,id0299,original,crop,0.233419,0.344488,0.012930,1,
id0186,id0303,original,crop,0.300972,0.381840,0.012232,1,
id0186,id0319,original,crop,0.350821,0.462282,0.006734,1,
id0186,id0321,original,crop,0.308085,0.492543,0.014077,1,
id0186,id0326,original,crop,0.335113,0.505495,0.020389,1,
id0186,id0328,original,crop,0.217608,0.368600,0.012575,1,
id0186,id0330,original,crop,0.287583,0.399488,0.005666,1,
id0186,id0342,original,crop,0.236520,0.365707,0.008961,1,
id0186,id0346,original,crop,0.240133,0.298627,0.009194,1,
id0186,id0363,original,crop,0.311975,0.246736,0.004636,1,
id0186,id0367,original,crop,0.299007,0.325854,0.006583,1,
id0186,id0368,original,crop,0.247674,0.388801,0.020203,1,
id0186,id0369,original,crop,0.278994,0.511465,0.022557,1,
id0186,id0372,original,crop,0.310965,0.296413,0.011605,1,
id0186,id0373,original,crop,0.266682,0.481732,0.013531,1,
id0186,id0374,original,crop,0.447921,0.562113,0.006871,1,
id0186,id0378,original,crop,0.247815,0.368668,0.013645,1,
id0186,id0381,original,crop,0.274857,0.303532,0.014532,1,
id0186,id0382,original,crop,0.310014,0.420353,0.004141,1,
id0186,id0392,original,crop,0.274935,0.308875,0.007246,1,
id0186,id0396,original,crop,0.242593,0.252152,0.004636,1,
id0186,id0398,original,crop,0.343688,0.488547,0.006760,1,
id0186,id0399,original,crop,0.278469,0.454018,0.009858,1,
id0186,id0401,original,crop,0.274993,0.396964,0.005272,1,
id0186,id0402,original,crop,0.263668,0.298991,0.008917,1,
id0186,id0404,original,crop,0.276550,0.415215,0.011569,1,
id0186,id0411,original,crop,0.344911,0.477265,0.003815,1,
id0186,id0412,original,crop,0.219198,0.331936,0.011079,1,
id0186,id0418,original,crop,0.342154,0.424555,0.017268,1,
id0186,id0421,original,crop,0.297572,0.389938,0.008537,1,
id0186,id0422,original,crop,0.187527,0.346298,0.011148,1,
id0186,id0431,original,crop,0.292008,0.442965,0.011720,1,
id0186,id0437,original,crop,0.329431,0.540783,0.018162,1,
id0186,id0441,original,crop,0.251657,0.403949,0.010087,1,
id0186,id0447,original,crop,0.375868,0.526724,0.024012,1,
id0186,id0460,original,crop,0.239512,0.341592,0.009506,1,
id0186,id0462,original,crop,0.250403,0.371297,0.020620,1,
id0186,id0465,original,crop,0.269132,0.390335,0.003768,1,
id0186,id0466,original,crop,0.327995,0.497635,0.023566,1,
id0186,id0468,original,crop,0.365582,0.508558,0.003286,1,
id0186,id0470,original,crop,0.270635,0.387751,0.007080,1,
id0186,id0476,original,crop,0.288363,0.436911,0.021444,1,
id0186,id0486,original,crop,0.324181,0.481651,0.007150,1,
id0186,id0491,original,crop,0.265703,0.411074,0.018323,1,
id0186,id0498,original,crop,0.342231,0.483443,0.006910,1,
id0197,id0199,original,crop,0.279553,0.493629,0.009287,1,
id0197,id0206,original,crop,0.477551,0.575623,0.002824,1,
id0197,id0207,original,crop,0.307771,0.411355,0.005033,1,
id0197,id0208,original,crop,0.299335,0.405406,0.009148,1,
id0197,id0212,original,crop,0.464887,0.493410,0.003514,1,
id0197,id0220,original,crop,0.317494,0.365086,0.002811,1,
id0197,id0222,original,crop,0.201158,0.299432,0.008343,1,
id0197,id0224,original,crop,0.319691,0.413448,0.007140,1,
id0197,id0233,original,crop,0.399826,0.466274,0.011700,1,
id0197,id0239,original,crop,0.437066,0.566163,0.003691,1,
id0197,id0242,original,crop,0.351783,0.367338,0.006489,1,
id0197,id0246,original,crop,0.373300,0.501263,0.003288,1,
id0197,id0258,original,crop,0.279571,0.370556,0.003218,1,
id0197,id0273,original,crop,0.339698,0.435140,0.004536,1,
id0197,id0275,original,crop,0.321618,0.448118,0.009353,1,
id0197,id0285,original,crop,0.331742,0.320515,0.006690,1,
id0197,id0290,original,crop,0.306106,0.474382,0.009078,1,
id0197,id0296,original,crop,0.288567,0.392853,0.012592,1,
id0197,id0299,original,crop,0.270154,0.338539,0.007297,1,
id0197,id0303,original,crop,0.371956,0.430222,0.007378,1,
id0197,id0319,original,crop,0.444687,0.558484,0.004764,1,
id0197,id0321,original,crop,0.246642,0.382537,0.007064,1,
id0197,id0326,original,crop,0.354605,0.418352,0.012027,1,
id0197,id0328,original,crop,0.338844,0.463532,0.007893,1,
id0197,id0330,original,crop,0.355093,0.469122,0.003398,1,
id0197,id0342,original,crop,0.361141,0.470449,0.006022,1,
id0197,id0346,original,crop,0.279342,0.361649,0.003848,1,
id0197,id0363,original,crop,0.424656,0.396482,0.003018,1,
id0197,id0367,original,crop,0.354479,0.360424,0.003549,1,
id0197,id0368,original,crop,0.271003,0.340131,0.011605,1,
id0197,id0369,original,crop,0.276224,0.420380,0.013847,1,
id0197,id0372,original,crop,0.334106,0.369252,0.006495,1,
id0197,id0373,original,crop,0.255968,0.415888,0.007279,1,
id0197,id0374,original,crop,0.429339,0.477086,0.003447,1,
id0197,id0378,original,crop,0.348384,0.473244,0.008861,1,
id0197,id0381,original,crop,0.262185,0.268465,0.007409,1,
id0197,id0382,original,crop,0.382828,0.492496,0.001946,1,
id0197,id0392,original,crop,0.288852,0.348738,0.003284,1,
id0197,id0396,original,crop,0.371714,0.423976,0.002817,1,
id0197,id0398,original,crop,0.411092,0.525849,0.003944,1,
id0197,id0399,original,crop,0.349533,0.449201,0.005392,1,
id0197,id0401,original,crop,0.391113,0.548744,0.003700,1,
id0197,id0402,original,crop,0.273649,0.359297,0.003887,1,
id0197,id0404,original,crop,0.326421,0.465716,0.005747,1,
id0197,id0411,original,crop,0.418663,0.565062,0.003522,1,
id0197,id0412,original,crop,0.325067,0.403837,0.005749,1,
id0197,id0418,original,crop,0.318032,0.365823,0.009307,1,
id0197,id0421,original,crop,0.324028,0.404227,0.004123,1,
id0197,id0422,original,crop,0.309368,0.380103,0.005741,1,
id0197,id0431,original,crop,0.336093,0.459432,0.006483,1,
id0197,id0437,original,crop,0.370639,0.599336,0.012440,1,
id0197,id0441,original,crop,0.334347,0.483050,0.006221,1,
id0197,id0447,original,crop,0.360699,0.466982,0.015751,1,
id0197,id0460,original,crop,0.312246,0.413198,0.004988,1,
id0197,id0462,original,crop,0.330795,0.340477,0.011562,1,
id0197,id0465,original,crop,0.352650,0.450355,0.001818,1,
id0197,id0466,original,crop,0.312978,0.383242,0.014330,1,
id0197,id0468,original,crop,0.457015,0.618689,0.003145,1,
id0197,id0470,original,crop,0.344886,0.469599,0.003921,1,
id0197,id0476,original,crop,0.256074,0.377481,0.012839,1,
id0197,id0486,original,crop,0.330816,0.430659,0.002634,1,
id0197,id0491,original,crop,0.306318,0.440868,0.011375,1,
id0197,id0498,original,crop,0.359109,0.454614,0.003139,1,
id0199,id0206,original,crop,0.593995,0.749981,0.003242,1,
id0199,id0207,original,crop,0.419706,0.576414,0.003952,1,
id0199,id0208,original,crop,0.336792,0.524383,0.006962,1,
id0199,id0212,original,crop,0.365931,0.442625,0.003176,1,
id0199,id0220,original,crop,0.370418,0.495132,0.002224,1,
id0199,id0222,original,crop,0.301849,0.480856,0.007079,1,
id0199,id0224,original,crop,0.373335,0.488803,0.004830,1,
id0199,id0233,original,crop,0.395373,0.470030,0.008939,1,
id0199,id0239,original,crop,0.510900,0.626899,0.002555,1,
id0199,id0242,original,crop,0.366010,0.431639,0.004311,1,
id0199,id0246,original,crop,0.481964,0.653515,0.002319,1,
id0199,id0258,original,crop,0.341162,0.513718,0.002472,1,
id0199,id0273,original,crop,0.352736,0.482548,0.002875,1,
id0199,id0275,original,crop,0.363987,0.552829,0.007270,1,
id0199,id0285,original,crop,0.326529,0.418173,0.005103,1,
id0199,id0290,original,crop,0.328036,0.391786,0.007624,1,
id0199,id0296,original,crop,0.326940,0.550059,0.010646,1,
id0199,id0299,original,crop,0.315998,0.433368,0.004987,1,
id0199,id0303,original,crop,0.357172,0.448806,0.005270,1,
id0199,id0319,original,crop,0.395406,0.597415,0.003089,1,
id0199,id0321,original,crop,0.309045,0.425997,0.005572,1,
id0199,id0326,original,crop,0.266222,0.372267,0.009365,1,
id0199,id0328,original,crop,0.264229,0.389400,0.004892,1,
id0199,id0330,original,crop,0.359778,0.469664,0.002674,1,
id0199,id0342,original,crop,0.333165,0.457896,0.003447,1,
id0199,id0346,original,crop,0.371580,0.514786,0.003063,1,
id0199,id0363,original,crop,0.438724,0.465053,0.001640,1,
id0199,id0367,original,crop,0.417961,0.391800,0.002021,1,
id0199,id0368,original,crop,0.252927,0.396057,0.009086,1,
id0199,id0369,original,crop,0.201038,0.352900,0.011235,1,
id0199,id0372,original,crop,0.344181,0.381246,0.004246,1,
id0199,id0373,original,crop,0.320420,0.366436,0.005304,1,
id0199,id0374,original,crop,0.477618,0.560080,0.002674,1,
id0199,id0378,original,crop,0.344834,0.488998,0.005654,1,
id0199,id0381,original,crop,0.328157,0.364103,0.005801,1,
id0199,id0382,original,crop,0.438408,0.639872,0.002076,1,
id0199,id0392,original,crop,0.406864,0.504141,0.002398,1,
id0199,id0396,original,crop,0.365509,0.440040,0.001510,1,
id0199,id0398,original,crop,0.342268,0.540471,0.003473,1,
id0199,id0399,original,crop,0.341952,0.497504,0.003668,1,
id0199,id0401,original,crop,0.384306,0.588784,0.002007,1,
id0199,id0402,original,crop,0.365419,0.479949,0.002631,1,
id0199,id0404,original,crop,0.413759,0.582721,0.004779,1,
id0199,id0411,original,crop,0.483217,0.698582,0.003171,1,
id0199,id0412,original,crop,0.323726,0.482020,0.004007,1,
id0199,id0418,original,crop,0.400766,0.478408,0.007307,1,
id0199,id0421,original,crop,0.396389,0.551906,0.002838,1,
id0199,id0422,original,crop,0.320755,0.445673,0.003847,1,
id0199,id0431,original,crop,0.290151,0.434909,0.004425,1,
id0199,id0437,original,crop,0.342172,0.502756,0.008896,1,
id0199,id0441,original,crop,0.367620,0.570237,0.004275,1,
id0199,id0447,original,crop,0.245628,0.360654,0.011776,1,
id0199,id0460,original,crop,0.364167,0.523957,0.003060,1,
id0199,id0462,original,crop,0.291581,0.432948,0.009495,1,
id0199,id0465,original,crop,0.358126,0.558265,0.001557,1,
id0199,id0466,original,crop,0.255558,0.400792,0.011641,1,
id0199,id0468,original,crop,0.493004,0.724900,0.003327,1,
id0199,id0470,original,crop,0.368983,0.554459,0.002546,1,
id0199,id0476,original,crop,0.244360,0.420944,0.010374,1,
id0199,id0486,original,crop,0.428304,0.621722,0.002077,1,
id0199,id0491,original,crop,0.336663,0.502916,0.009131,1,
id0199,id0498,original,crop,0.449407,0.629525,0.002532,1,
id0206,id0207,original,crop,0.325429,0.583073,0.012931,1,
id0206,id0208,original,crop,0.479824,0.710731,0.020120,1,
id0206,id0212,original,crop,0.643854,0.753714,0.006706,1,
id0206,id0220,original,crop,0.521351,0.651902,0.008648,1,
id0206,id0222,original,crop,0.424647,0.622454,0.018000,1,
id0206,id0224,original,crop,0.386198,0.584400,0.014462,1,
id0206,id0233,original,crop,0.601200,0.818893,0.023765,1,
id0206,id0239,original,crop,0.344455,0.490631,0.006918,1,
id0206,id0242,original,crop,0.498565,0.623084,0.014816,1,
id0206,id0246,original,crop,0.365506,0.541378,0.009833,1,
id0206,id0258,original,crop,0.470480,0.599633,0.009729,1,
id0206,id0273,original,crop,0.494502,0.689554,0.012175,1,
id0206,id0275,original,crop,0.526197,0.744229,0.021176,1,
id0206,id0285,original,crop,0.445615,0.551182,0.015039,1,
id0206,id0290,original,crop,0.605359,0.968221,0.020310,1,
id0206,id0296,original,crop,0.527380,0.646638,0.023420,1,
id0206,id0299,original,crop,0.425634,0.647137,0.016673,1,
id0206,id0303,original,crop,0.528420,0.658692,0.015492,1,
id0206,id0319,original,crop,0.521157,0.639591,0.010206,1,
id0206,id0321,original,crop,0.522977,0.763939,0.016747,1,
id0206,id0326,original,crop,0.499955,0.757370,0.021405,1,
id0206,id0328,original,crop,0.576923,0.754800,0.017454,1,
id0206,id0330,original,crop,0.511168,0.719546,0.008399,1,
id0206,id0342,original,crop,0.461135,0.660493,0.012236,1,
id0206,id0346,original,crop,0.320784,0.477524,0.010469,1,
id0206,id0363,original,crop,0.403964,0.501435,0.007329,1,
id0206,id0367,original,crop,0.356152,0.645173,0.008885,1,
id0206,id0368,original,crop,0.494471,0.673455,0.022669,1,
id0206,id0369,original,crop,0.585807,0.845531,0.026275,1,
id0206,id0372,original,crop,0.436451,0.635751,0.014946,1,
id0206,id0373,original,crop,0.522852,0.854390,0.016398,1,
id0206,id0374,original,crop,0.677221,0.898930,0.011366,1,
id0206,id0378,original,crop,0.466930,0.683607,0.018742,1,
id0206,id0381,original,crop,0.407769,0.630447,0.016700,1,
id0206,id0382,original,crop,0.395606,0.467759,0.005151,1,
id0206,id0392,original,crop,0.379692,0.566142,0.009064,1,
id0206,id0396,original,crop,0.462613,0.556278,0.007093,1,
id0206,id0398,original,crop,0.418322,0.558975,0.005579,1,
id0206,id0399,original,crop,0.571766,0.767674,0.014180,1,
id0206,id0401,original,crop,0.504895,0.647587,0.009004,1,
id0206,id0402,original,crop,0.345261,0.529758,0.010995,1,
id0206,id0404,original,crop,0.332890,0.525637,0.012366,1,
id0206,id0411,original,crop,0.478563,0.611018,0.006443,1,
id0206,id0412,original,crop,0.392556,0.532664,0.013587,1,
id0206,id0418,original,crop,0.363193,0.562858,0.017902,1,
id0206,id0421,original,crop,0.422741,0.614548,0.011830,1,
id0206,id0422,original,crop,0.395430,0.598319,0.012860,1,
id0206,id0431,original,crop,0.435475,0.631675,0.012817,1,
id0206,id0437,original,crop,0.589646,0.908336,0.024500,1,
id0206,id0441,original,crop,0.457943,0.657992,0.013715,1,
id0206,id0447,original,crop,0.694076,0.848205,0.027513,1,
id0206,id0460,original,crop,0.398669,0.569395,0.012485,1,
id0206,id0462,original,crop,0.499608,0.587389,0.022266,1,
id0206,id0465,original,crop,0.473635,0.581818,0.005395,1,
id0206,id0466,original,crop,0.624498,0.818842,0.026553,1,
id0206,id0468,original,crop,0.346580,0.452767,0.002872,1,
id0206,id0470,original,crop,0.360173,0.465687,0.007181,1,
id0206,id0476,original,crop,0.589597,0.768089,0.024484,1,
id0206,id0486,original,crop,0.494175,0.655164,0.009177,1,
id0206,id0491,original,crop,0.541140,0.785708,0.023871,1,
id0206,id0498,original,crop,0.486747,0.724616,0.010551,1,
id0207,id0208,original,crop,0.273306,0.399016,0.015291,1,
id0207,id0212,original,crop,0.512156,0.582532,0.004993,1,
id0207,id0220,original,crop,0.349998,0.347743,0.005798,1,
id0207,id0222,original,crop,0.266487,0.380727,0.015163,1,
id0207,id0224,original,crop,0.245721,0.362495,0.012285,1,
id0207,id0233,original,crop,0.382409,0.492056,0.019042,1,
id0207,id0239,original,crop,0.365914,0.492762,0.006070,1,
id0207,id0242,original,crop,0.285842,0.326716,0.010679,1,
id0207,id0246,original,crop,0.251739,0.367276,0.006372,1,
id0207,id0258,original,crop,0.284975,0.351256,0.006951,1,
id0207,id0273,original,crop,0.278422,0.390164,0.008501,1,
id0207,id0275,original,crop,0.346364,0.428571,0.016113,1,
id0207,id0285,original,crop,0.313824,0.392823,0.012532,1,
id0207,id0290,original,crop,0.379828,0.674422,0.015800,1,
id0207,id0296,original,crop,0.351428,0.413585,0.019978,1,
id0207,id0299,original,crop,0.262238,0.384806,0.012768,1,
id0207,id0303,original,crop,0.382100,0.466049,0.012473,1,
id0207,id0319,original,crop,0.409122,0.474638,0.007248,1,
id0207,id0321,original,crop,0.336854,0.496342,0.012972,1,
id0207,id0326,original,crop,0.404034,0.598306,0.019621,1,
id0207,id0328,original,crop,0.361331,0.524464,0.012934,1,
id0207,id0330,original,crop,0.358433,0.456417,0.005927,1,
id0207,id0342,original,crop,0.316851,0.444106,0.009509,1,
id0207,id0346,original,crop,0.199252,0.285899,0.008440,1,
id0207,id0363,original,crop,0.288943,0.269397,0.004439,1,
id0207,id0367,original,crop,0.258354,0.463700,0.006181,1,
id0207,id0368,original,crop,0.326485,0.414314,0.019284,1,
id0207,id0369,original,crop,0.395873,0.605121,0.022174,1,
id0207,id0372,original,crop,0.349396,0.453450,0.011677,1,
id0207,id0373,original,crop,0.295578,0.529552,0.012223,1,
id0207,id0374,original,crop,0.482490,0.531992,0.006332,1,
id0207,id0378,original,crop,0.280567,0.393101,0.013947,1,
id0207,id0381,original,crop,0.245983,0.326482,0.013133,1,
id0207,id0382,original,crop,0.323995,0.404567,0.003826,1,
id0207,id0392,original,crop,0.211089,0.327554,0.006549,1,
id0207,id0396,original,crop,0.277623,0.330488,0.004159,1,
id0207,id0398,original,crop,0.420879,0.602161,0.006632,1,
id0207,id0399,original,crop,0.350961,0.430995,0.009538,1,
id0207,id0401,original,crop,0.336760,0.464661,0.005918,1,
id0207,id0402,original,crop,0.226296,0.293981,0.008273,1,
id0207,id0404,original,crop,0.245999,0.349407,0.010758,1,
id0207,id0411,original,crop,0.379064,0.457942,0.004374,1,
id0207,id0412,original,crop,0.273647,0.399711,0.010846,1,
id0207,id0418,original,crop,0.306441,0.507103,0.016406,1,
id0207,id0421,original,crop,0.282977,0.351465,0.008016,1,
id0207,id0422,original,crop,0.233418,0.366248,0.010514,1,
id0207,id0431,original,crop,0.370972,0.555557,0.011707,1,
id0207,id0437,original,crop,0.409703,0.659035,0.019095,1,
id0207,id0441,original,crop,0.294992,0.428813,0.010378,1,
id0207,id0447,original,crop,0.506376,0.614911,0.023495,1,
id0207,id0460,original,crop,0.211183,0.256404,0.008956,1,
id0207,id0462,original,crop,0.341686,0.407291,0.019620,1,
id0207,id0465,original,crop,0.322444,0.392621,0.003503,1,
id0207,id0466,original,crop,0.446185,0.536520,0.022648,1,
id0207,id0468,original,crop,0.396046,0.558070,0.003401,1,
id0207,id0470,original,crop,0.315516,0.463275,0.006838,1,
id0207,id0476,original,crop,0.392807,0.469106,0.020178,1,
id0207,id0486,original,crop,0.335717,0.367274,0.006102,1,
id0207,id0491,original,crop,0.311022,0.444906,0.018110,1,
id0207,id0498,original,crop,0.304487,0.433762,0.006289,1,
id0208,id0212,original,crop,0.396225,0.491819,0.003460,1,
id0208,id0220,original,crop,0.269006,0.306558,0.003151,1,
id0208,id0222,original,crop,0.251992,0.324841,0.010059,1,
id0208,id0224,original,crop,0.298768,0.406974,0.007878,1,
id0208,id0233,original,crop,0.329124,0.384827,0.011703,1,
id0208,id0239,original,crop,0.464380,0.615671,0.004559,1,
id0208,id0242,original,crop,0.283075,0.333387,0.005712,1,
id0208,id0246,original,crop,0.338345,0.400843,0.003127,1,
id0208,id0258,original,crop,0.253159,0.362615,0.003853,1,
id0208,id0273,original,crop,0.264070,0.368385,0.004684,1,
id0208,id0275,original,crop,0.210063,0.306699,0.009168,1,
id0208,id0285,original,crop,0.309487,0.428498,0.007630,1,
id0208,id0290,original,crop,0.320910,0.554504,0.010185,1,
id0208,id0296,original,crop,0.256978,0.280740,0.013075,1,
id0208,id0299,original,crop,0.211177,0.264474,0.007117,1,
id0208,id0303,original,crop,0.276889,0.382413,0.007472,1,
id0208,id0319,original,crop,0.328135,0.438640,0.003582,1,
id0208,id0321,original,crop,0.240388,0.382205,0.007960,1,
id0208,id0326,original,crop,0.372345,0.545204,0.013452,1,
id0208,id0328,original,crop,0.293614,0.421937,0.006941,1,
id0208,id0330,original,crop,0.309624,0.460229,0.003681,1,
id0208,id0342,original,crop,0.317696,0.458468,0.005549,1,
id0208,id0346,original,crop,0.286940,0.409497,0.005295,1,
id0208,id0363,original,crop,0.326040,0.296058,0.002275,1,
id0208,id0367,original,crop,0.356853,0.411582,0.003480,1,
id0208,id0368,original,crop,0.225369,0.342211,0.012363,1,
id0208,id0369,original,crop,0.327012,0.501595,0.014735,1,
id0208,id0372,original,crop,0.348491,0.392524,0.006656,1,
id0208,id0373,original,crop,0.282830,0.422177,0.007037,1,
id0208,id0374,original,crop,0.355657,0.381829,0.002734,1,
id0208,id0378,original,crop,0.213849,0.312729,0.007415,1,
id0208,id0381,original,crop,0.262975,0.287665,0.008056,1,
id0208,id0382,original,crop,0.344591,0.451996,0.003052,1,
id0208,id0392,original,crop,0.284743,0.363867,0.003947,1,
id0208,id0396,original,crop,0.330114,0.454085,0.002512,1,
id0208,id0398,original,crop,0.445749,0.640677,0.006280,1,
id0208,id0399,original,crop,0.235965,0.327674,0.004618,1,
id0208,id0401,original,crop,0.321269,0.478350,0.003064,1,
id0208,id0402,original,crop,0.264744,0.320643,0.004509,1,
id0208,id0404,original,crop,0.324350,0.470996,0.007620,1,
id0208,id0411,original,crop,0.342174,0.448770,0.003084,1,
id0208,id0412,original,crop,0.296345,0.424718,0.006411,1,
id0208,id0418,original,crop,0.322377,0.454341,0.010958,1,
id0208,id0421,original,crop,0.219069,0.280949,0.003539,1,
id0208,id0422,original,crop,0.237856,0.407630,0.006269,1,
id0208,id0431,original,crop,0.345937,0.541960,0.007829,1,
id0208,id0437,original,crop,0.351815,0.555561,0.011340,1,
id0208,id0441,original,crop,0.260184,0.386265,0.005831,1,
id0208,id0447,original,crop,0.360722,0.463315,0.015181,1,
id0208,id0460,original,crop,0.185085,0.266168,0.004469,1,
id0208,id0462,original,crop,0.327168,0.429907,0.013190,1,
id0208,id0465,original,crop,0.287670,0.376540,0.002270,1,
id0208,id0466,original,crop,0.306432,0.409344,0.014511,1,
id0208,id0468,original,crop,0.430406,0.641662,0.004524,1,
id0208,id0470,original,crop,0.358062,0.540297,0.005000,1,
id0208,id0476,original,crop,0.242528,0.322381,0.012749,1,
id0208,id0486,original,crop,0.303470,0.390048,0.003369,1,
id0208,id0491,original,crop,0.210870,0.312496,0.010689,1,
id0208,id0498,original,crop,0.224473,0.278758,0.002595,1,
id0212,id0220,original,crop,0.317224,0.397575,0.003438,1,
id0212,id0222,original,crop,0.384811,0.448888,0.011904,1,
id0212,id0224,original,crop,0.486792,0.508239,0.009595,1,
id0212,id0233,original,crop,0.497529,0.505501,0.014941,1,
id0212,id0239,original,crop,0.566148,0.582287,0.003840,1,
id0212,id0242,original,crop,0.498312,0.483656,0.008505,1,
id0212,id0246,original,crop,0.469491,0.485975,0.003613,1,
id0212,id0258,original,crop,0.333507,0.428086,0.004563,1,
id0212,id0273,original,crop,0.408144,0.424301,0.005727,1,
id0212,id0275,original,crop,0.359840,0.453873,0.011747,1,
id0212,id0285,original,crop,0.451572,0.441541,0.009111,1,
id0212,id0290,original,crop,0.429023,0.569216,0.012298,1,
id0212,id0296,original,crop,0.355530,0.442859,0.015392,1,
id0212,id0299,original,crop,0.354071,0.359269,0.008851,1,
id0212,id0303,original,crop,0.351432,0.230713,0.007000,1,
id0212,id0319,original,crop,0.277795,0.372474,0.003232,1,
id0212,id0321,original,crop,0.415148,0.449898,0.009753,1,
id0212,id0326,original,crop,0.413478,0.463698,0.014773,1,
id0212,id0328,original,crop,0.403212,0.372611,0.008822,1,
id0212,id0330,original,crop,0.319007,0.368034,0.002776,1,
id0212,id0342,original,crop,0.397574,0.352411,0.005459,1,
id0212,id0346,original,crop,0.463472,0.482551,0.006532,1,
id0212,id0363,original,crop,0.520666,0.460886,0.003936,1,
id0212,id0367,original,crop,0.573459,0.440172,0.004888,1,
id0212,id0368,original,crop,0.366152,0.415274,0.015177,1,
id0212,id0369,original,crop,0.332282,0.420441,0.016323,1,
id0212,id0372,original,crop,0.446465,0.386299,0.007720,1,
id0212,id0373,original,crop,0.521926,0.552608,0.010656,1,
id0212,id0374,original,crop,0.413082,0.544577,0.004637,1,
id0212,id0378,original,crop,0.395226,0.408359,0.009658,1,
id0212,id0381,original,crop,0.445509,0.468417,0.010888,1,
id0212,id0382,original,crop,0.421256,0.465248,0.002386,1,
id0212,id0392,original,crop,0.477415,0.455769,0.005094,1,
id0212,id0396,original,crop,0.535752,0.553411,0.004648,1,
id0212,id0398,original,crop,0.412664,0.482573,0.004103,1,
id0212,id0399,original,crop,0.347193,0.398161,0.006079,1,
id0212,id0401,original,crop,0.355895,0.440995,0.002668,1,
id0212,id0402,original,crop,0.396278,0.409247,0.005812,1,
id0212,id0404,original,crop,0.451214,0.487949,0.007547,1,
id0212,id0411,original,crop,0.383117,0.464971,0.001852,1,
id0212,id0412,original,crop,0.404867,0.398976,0.007296,1,
id0212,id0418,original,crop,0.529365,0.473782,0.011723,1,
id0212,id0421,original,crop,0.393810,0.435379,0.005567,1,
id0212,id0422,original,crop,0.423740,0.440519,0.007679,1,
id0212,id0431,original,crop,0.371749,0.366505,0.007338,1,
id0212,id0437,original,crop,0.403965,0.465125,0.012323,1,
id0212,id0441,original,crop,0.331351,0.374628,0.006007,1,
id0212,id0447,original,crop,0.352362,0.408544,0.017375,1,
id0212,id0460,original,crop,0.403997,0.477952,0.006654,1,
id0212,id0462,original,crop,0.391265,0.444003,0.015195,1,
id0212,id0465,original,crop,0.312425,0.389091,0.001949,1,
id0212,id0466,original,crop,0.308301,0.430026,0.016388,1,
id0212,id0468,original,crop,0.494855,0.550580,0.002547,1,
id0212,id0470,original,crop,0.433512,0.474681,0.004254,1,
id0212,id0476,original,crop,0.363185,0.455396,0.016251,1,
id0212,id0486,original,crop,0.487437,0.587919,0.005585,1,
id0212,id0491,original,crop,0.382901,0.471896,0.013485,1,
id0212,id0498,original,crop,0.406059,0.523028,0.005064,1,
id0220,id0222,original,crop,0.267547,0.281122,0.011892,1,
id0220,id0224,original,crop,0.369747,0.335050,0.009443,1,
id0220,id0233,original,crop,0.387139,0.368960,0.014823,1,
id0220,id0239,original,crop,0.482724,0.531708,0.003950,1,
id0220,id0242,original,crop,0.382248,0.359049,0.008438,1,
id0220,id0246,original,crop,0.355109,0.333847,0.003335,1,
id0220,id0258,original,crop,0.203282,0.240946,0.004283,1,
id0220,id0273,original,crop,0.270872,0.254012,0.005424,1,
id0220,id0275,original,crop,0.216635,0.282978,0.011789,1,
id0220,id0285,original,crop,0.368549,0.374453,0.009215,1,
id0220,id0290,original,crop,0.322151,0.517965,0.012144,1,
id0220,id0296,original,crop,0.233337,0.306806,0.015939,1,
id0220,id0299,original,crop,0.249975,0.217967,0.008826,1,
id0220,id0303,original,crop,0.291015,0.265828,0.007864,1,
id0220,id0319,original,crop,0.264420,0.351769,0.003748,1,
id0220,id0321,original,crop,0.305151,0.360758,0.009912,1,
id0220,id0326,original,crop,0.413000,0.491279,0.015445,1,
id0220,id0328,original,crop,0.342344,0.397552,0.009194,1,
id0220,id0330,original,crop,0.221762,0.289896,0.002855,1,
id0220,id0342,original,crop,0.309856,0.320255,0.005744,1,
id0220,id0346,original,crop,0.328602,0.333203,0.006160,1,
id0220,id0363,original,crop,0.407879,0.340568,0.003217,1,
id0220,id0367,original,crop,0.469948,0.389655,0.004835,1,
id0220,id0368,original,crop,0.295894,0.308743,0.015360,1,
id0220,id0369,original,crop,0.296397,0.419512,0.016874,1,
id0220,id0372,original,crop,0.395667,0.351164,0.007927,1,
id0220,id0373,original,crop,0.373557,0.430651,0.010104,1,
id0220,id0374,original,crop,0.300964,0.371259,0.004473,1,
id0220,id0378,original,crop,0.333050,0.294869,0.009934,1,
id0220,id0381,original,crop,0.351371,0.333295,0.010546,1,
id0220,id0382,original,crop,0.306040,0.365023,0.002162,1,
id0220,id0392,original,crop,0.332249,0.278595,0.004835,1,
id0220,id0396,original,crop,0.394294,0.459226,0.003992,1,
id0220,id0398,original,crop,0.388347,0.516630,0.004404,1,
id0220,id0399,original,crop,0.247782,0.272377,0.006370,1,
id0220,id0401,original,crop,0.292796,0.389271,0.003136,1,
id0220,id0402,original,crop,0.278562,0.242910,0.005566,1,
id0220,id0404,original,crop,0.314830,0.326582,0.007676,1,
id0220,id0411,original,crop,0.245632,0.332895,0.001940,1,
id0220,id0412,original,crop,0.343553,0.340303,0.007561,1,
id0220,id0418,original,crop,0.412742,0.412481,0.012199,1,
id0220,id0421,original,crop,0.305159,0.292262,0.005396,1,
id0220,id0422,original,crop,0.293885,0.304871,0.007724,1,
id0220,id0431,original,crop,0.335661,0.432233,0.007992,1,
id0220,id0437,original,crop,0.400322,0.504208,0.013244,1,
id0220,id0441,original,crop,0.225377,0.273584,0.006334,1,
id0220,id0447,original,crop,0.372195,0.444342,0.018707,1,
id0220,id0460,original,crop,0.269943,0.286341,0.006374,1,
id0220,id0462,original,crop,0.293259,0.350482,0.015306,1,
id0220,id0465,original,crop,0.214501,0.289304,0.001896,1,
id0220,id0466,original,crop,0.277247,0.373050,0.017458,1,
id0220,id0468,original,crop,0.389025,0.523832,0.002404,1,
id0220,id0470,original,crop,0.322153,0.418114,0.004547,1,
id0220,id0476,original,crop,0.285236,0.360057,0.016548,1,
id0220,id0486,original,crop,0.295640,0.356339,0.004733,1,
id0220,id0491,original,crop,0.295143,0.317219,0.013441,1,
id0220,id0498,original,crop,0.273421,0.323350,0.004281,1,
id0222,id0224,original,crop,0.277499,0.386403,0.006678,1,
id0222,id0233,original,crop,0.420331,0.411020,0.011280,1,
id0222,id0239,original,crop,0.406942,0.562872,0.003524,1,
id0222,id0242,original,crop,0.379093,0.357113,0.006050,1,
id0222,id0246,original,crop,0.303261,0.433994,0.002815,1,
id0222,id0258,original,crop,0.229935,0.332585,0.002974,1,
id0222,id0273,original,crop,0.318235,0.374178,0.004148,1,
id0222,id0275,original,crop,0.267182,0.361724,0.008739,1,
id0222,id0285,original,crop,0.333911,0.334489,0.006460,1,
id0222,id0290,original,crop,0.293668,0.476800,0.009000,1,
id0222,id0296,original,crop,0.246892,0.298903,0.011393,1,
id0222,id0299,original,crop,0.211306,0.254358,0.006431,1,
id0222,id0303,original,crop,0.345667,0.326665,0.006261,1,
id0222,id0319,original,crop,0.349153,0.456115,0.003794,1,
id0222,id0321,original,crop,0.256050,0.309845,0.006626,1,
id0222,id0326,original,crop,0.318836,0.388637,0.011133,1,
id0222,id0328,original,crop,0.370995,0.417804,0.007267,1,
id0222,id0330,original,crop,0.291790,0.418326,0.003006,1,
id0222,id0342,original,crop,0.334356,0.407545,0.004869,1,
id0222,id0346,original,crop,0.251098,0.336190,0.003745,1,
id0222,id0363,original,crop,0.403082,0.335523,0.002288,1,
id0222,id0367,original,crop,0.336502,0.336881,0.002667,1,
id0222,id0368,original,crop,0.257729,0.279622,0.011091,1,
id0222,id0369,original,crop,0.289632,0.390079,0.013295,1,
id0222,id0372,original,crop,0.276945,0.331172,0.005766,1,
id0222,id0373,original,crop,0.310415,0.416086,0.006824,1,
id0222,id0374,original,crop,0.373407,0.432444,0.003282,1,
id0222,id0378,original,crop,0.301345,0.389720,0.008065,1,
id0222,id0381,original,crop,0.216114,0.260338,0.007005,1,
id0222,id0382,original,crop,0.307332,0.410240,0.001591,1,
id0222,id0392,original,crop,0.290747,0.321431,0.002829,1,
id0222,id0396,original,crop,0.403493,0.432992,0.002649,1,
id0222,id0398,original,crop,0.368818,0.484384,0.003324,1,
id0222,id0399,original,crop,0.332202,0.360824,0.004619,1,
id0222,id0401,original,crop,0.324403,0.484527,0.002839,1,
id0222,id0402,original,crop,0.207216,0.294194,0.003480,1,
id0222,id0404,original,crop,0.255132,0.406563,0.005403,1,
id0222,id0411,original,crop,0.359934,0.481718,0.003048,1,
id0222,id0412,original,crop,0.258415,0.336996,0.005066,1,
id0222,id0418,original,crop,0.275313,0.316372,0.008400,1,
id0222,id0421,original,crop,0.300215,0.332586,0.003794,1,
id0222,id0422,original,crop,0.269156,0.336295,0.005112,1,
id0222,id0431,original,crop,0.298100,0.404525,0.005568,1,
id0222,id0437,original,crop,0.368334,0.557274,0.011771,1,
id0222,id0441,original,crop,0.273585,0.402698,0.005256,1,
id0222,id0447,original,crop,0.385851,0.402819,0.014236,1,
id0222,id0460,original,crop,0.255521,0.343629,0.004385,1,
id0222,id0462,original,crop,0.330883,0.315854,0.011191,1,
id0222,id0465,original,crop,0.270638,0.352917,0.001379,1,
id0222,id0466,original,crop,0.309087,0.345413,0.013477,1,
id0222,id0468,original,crop,0.402107,0.558976,0.002582,1,
id0222,id0470,original,crop,0.277360,0.426915,0.002930,1,
id0222,id0476,original,crop,0.278529,0.330911,0.011948,1,
id0222,id0486,original,crop,0.333042,0.392617,0.002460,1,
id0222,id0491,original,crop,0.289282,0.409110,0.011093,1,
id0222,id0498,original,crop,0.280249,0.384519,0.002821,1,
id0224,id0233,original,crop,0.409726,0.507305,0.017733,1,
id0224,id0239,original,crop,0.296494,0.356560,0.004260,1,
id0224,id0242,original,crop,0.310919,0.321523,0.009655,1,
id0224,id0246,original,crop,0.321781,0.411269,0.005926,1,
id0224,id0258,original,crop,0.260001,0.345611,0.006104,1,
id0224,id0273,original,crop,0.281081,0.374754,0.007607,1,
id0224,id0275,original,crop,0.377411,0.533392,0.015365,1,
id0224,id0285,original,crop,0.351827,0.404790,0.011374,1,
id0224,id0290,original,crop,0.341670,0.648110,0.015331,1,
id0224,id0296,original,crop,0.402240,0.472505,0.019682,1,
id0224,id0299,original,crop,0.290507,0.423104,0.011692,1,
id0224,id0303,original,crop,0.395051,0.449954,0.011380,1,
id0224,id0319,original,crop,0.422388,0.560198,0.006541,1,
id0224,id0321,original,crop,0.338503,0.514491,0.013154,1,
id0224,id0326,original,crop,0.414867,0.627658,0.018138,1,
id0224,id0328,original,crop,0.326790,0.396241,0.011053,1,
id0224,id0330,original,crop,0.294890,0.454196,0.005153,1,
id0224,id0342,original,crop,0.280797,0.430576,0.007930,1,
id0224,id0346,original,crop,0.231811,0.321248,0.007850,1,
id0224,id0363,original,crop,0.378075,0.316509,0.003772,1,
id0224,id0367,original,crop,0.259738,0.426841,0.005578,1,
id0224,id0368,original,crop,0.322235,0.470801,0.017868,1,
id0224,id0369,original,crop,0.368751,0.569477,0.020762,1,
id0224,id0372,original,crop,0.297345,0.385177,0.010336,1,
id0224,id0373,original,crop,0.276766,0.532854,0.011459,1,
id0224,id0374,original,crop,0.489732,0.583382,0.006535,1,
id0224,id0378,original,crop,0.274956,0.386323,0.012344,1,
id0224,id0381,original,crop,0.247226,0.391804,0.012685,1,
id0224,id0382,original,crop,0.383398,0.489383,0.003843,1,
id0224,id0392,original,crop,0.243752,0.325972,0.005791,1,
id0224,id0396,original,crop,0.325529,0.341269,0.003551,1,
id0224,id0398,original,crop,0.389461,0.565340,0.005694,1,
id0224,id0399,original,crop,0.383566,0.525786,0.009327,1,
id0224,id0401,original,crop,0.331790,0.381809,0.004912,1,
id0224,id0402,original,crop,0.259157,0.385667,0.007671,1,
id0224,id0404,original,crop,0.248582,0.452587,0.010016,1,
id0224,id0411,original,crop,0.397241,0.518098,0.003755,1,
id0224,id0412,original,crop,0.317291,0.435930,0.010054,1,
id0224,id0418,original,crop,0.302429,0.472483,0.015130,1,
id0224,id0421,original,crop,0.352378,0.468479,0.007578,1,
id0224,id0422,original,crop,0.224414,0.407277,0.009267,1,
id0224,id0431,original,crop,0.356571,0.551125,0.010279,1,
id0224,id0437,original,crop,0.342101,0.542622,0.017011,1,
id0224,id0441,original,crop,0.288350,0.441115,0.009107,1,
id0224,id0447,original,crop,0.493221,0.616246,0.021854,1,
id0224,id0460,original,crop,0.270864,0.406550,0.008130,1,
id0224,id0462,original,crop,0.400732,0.485576,0.018651,1,
id0224,id0465,original,crop,0.331814,0.421666,0.003632,1,
id0224,id0466,original,crop,0.447942,0.600005,0.021333,1,
id0224,id0468,original,crop,0.412785,0.573385,0.002536,1,
id0224,id0470,original,crop,0.253377,0.444065,0.005572,1,
id0224,id0476,original,crop,0.380866,0.515376,0.019125,1,
id0224,id0486,original,crop,0.393943,0.537174,0.006293,1,
id0224,id0491,original,crop,0.306934,0.429295,0.016659,1,
id0224,id0498,original,crop,0.335386,0.511239,0.006327,1,
id0233,id0239,original,crop,0.589202,0.586716,0.004702,1,
id0233,id0242,original,crop,0.292918,0.295344,0.007666,1,
id0233,id0246,original,crop,0.473883,0.451026,0.004218,1,
id0233,id0258,original,crop,0.344233,0.356667,0.004611,1,
id0233,id0273,original,crop,0.263323,0.291046,0.005286,1,
id0233,id0275,original,crop,0.383285,0.358012,0.011660,1,
id0233,id0285,original,crop,0.375625,0.417628,0.009230,1,
id0233,id0290,original,crop,0.358314,0.460408,0.011152,1,
id0233,id0296,original,crop,0.405793,0.394702,0.016483,1,
id0233,id0299,original,crop,0.351210,0.298482,0.008881,1,
id0233,id0303,original,crop,0.368592,0.383554,0.008888,1,
id0233,id0319,original,crop,0.510307,0.513078,0.004776,1,
id0233,id0321,original,crop,0.321539,0.360798,0.009566,1,
id0233,id0326,original,crop,0.459129,0.519794,0.015409,1,
id0233,id0328,original,crop,0.267806,0.360474,0.008283,1,
id0233,id0330,original,crop,0.442767,0.414851,0.004047,1,
id0233,id0342,original,crop,0.389362,0.415214,0.006706,1,
id0233,id0346,original,crop,0.404756,0.389837,0.006198,1,
id0233,id0363,original,crop,0.348888,0.315699,0.003253,1,
id0233,id0367,original,crop,0.465502,0.402553,0.004852,1,
id0233,id0368,original,crop,0.380624,0.328788,0.014914,1,
id0233,id0369,original,crop,0.357021,0.418740,0.016278,1,
id0233,id0372,original,crop,0.533140,0.396516,0.008019,1,
id0233,id0373,original,crop,0.322755,0.347140,0.008670,1,
id0233,id0374,original,crop,0.423150,0.384046,0.003642,1,
id0233,id0378,original,crop,0.366356,0.265320,0.009174,1,
id0233,id0381,original,crop,0.433288,0.306344,0.010166,1,
id0233,id0382,original,crop,0.440125,0.502926,0.002675,1,
id0233,id0392,original,crop,0.352552,0.347940,0.004993,1,
id0233,id0396,original,crop,0.343587,0.407170,0.002853,1,
id0233,id0398,original,crop,0.544466,0.625385,0.005542,1,
id0233,id0399,original,crop,0.250842,0.333336,0.006104,1,
id0233,id0401,original,crop,0.400259,0.453015,0.003819,1,
id0233,id0402,original,crop,0.439202,0.351483,0.005774,1,
id0233,id0404,original,crop,0.474932,0.471639,0.008573,1,
id0233,id0411,original,crop,0.438135,0.510263,0.003221,1,
id0233,id0412,original,crop,0.433227,0.425689,0.007793,1,
id0233,id0418,original,crop,0.503456,0.486547,0.012873,1,
id0233,id0421,original,crop,0.363147,0.357890,0.005286,1,
id0233,id0422,original,crop,0.338883,0.371644,0.007625,1,
id0233,id0431,original,crop,0.446269,0.536422,0.008772,1,
id0233,id0437,original,crop,0.450290,0.471868,0.013029,1,
id0233,id0441,original,crop,0.388212,0.422073,0.007788,1,
id0233,id0447,original,crop,0.354559,0.430195,0.017737,1,
id0233,id0460,original,crop,0.330338,0.329115,0.006068,1,
id0233,id0462,original,crop,0.371103,0.430183,0.015397,1,
id0233,id0465,original,crop,0.406432,0.421190,0.002647,1,
id0233,id0466,original,crop,0.395817,0.423363,0.017200,1,
id0233,id0468,original,crop,0.534347,0.657402,0.003601,1,
id0233,id0470,original,crop,0.500596,0.542375,0.005525,1,
id0233,id0476,original,crop,0.339367,0.342542,0.015787,1,
id0233,id0486,original,crop,0.312496,0.418097,0.004062,1,
id0233,id0491,original,crop,0.337080,0.309745,0.012925,1,
id0233,id0498,original,crop,0.391276,0.381727,0.004030,1,
id0239,id0242,original,crop,0.468902,0.511073,0.018375,1,
id0239,id0246,original,crop,0.315654,0.484209,0.011454,1,
id0239,id0258,original,crop,0.403488,0.500693,0.012225,1,
id0239,id0273,original,crop,0.452858,0.586309,0.014531,1,
id0239,id0275,original,crop,0.477709,0.718979,0.025136,1,
id0239,id0285,original,crop,0.429462,0.455244,0.019962,1,
id0239,id0290,original,crop,0.515034,0.865266,0.024519,1,
id0239,id0296,original,crop,0.510041,0.647116,0.030028,1,
id0239,id0299,original,crop,0.390365,0.590569,0.020870,1,
id0239,id0303,original,crop,0.507133,0.559021,0.018878,1,
id0239,id0319,original,crop,0.431160,0.597496,0.011840,1,
id0239,id0321,original,crop,0.501893,0.730985,0.021765,1,
id0239,id0326,original,crop,0.502365,0.717218,0.028816,1,
id0239,id0328,original,crop,0.473615,0.556055,0.020271,1,
id0239,id0330,original,crop,0.396990,0.567269,0.009567,1,
id0239,id0342,original,crop,0.358061,0.505769,0.014925,1,
id0239,id0346,original,crop,0.312854,0.429958,0.014990,1,
id0239,id0363,original,crop,0.462757,0.467407,0.009739,1,
id0239,id0367,original,crop,0.291682,0.527412,0.011910,1,
id0239,id0368,original,crop,0.454218,0.643433,0.028969,1,
id0239,id0369,original,crop,0.504639,0.737793,0.031495,1,
id0239,id0372,original,crop,0.305565,0.475468,0.018470,1,
id0239,id0373,original,crop,0.478993,0.769529,0.021146,1,
id0239,id0374,original,crop,0.651392,0.830235,0.012655,1,
id0239,id0378,original,crop,0.393233,0.593110,0.021750,1,
id0239,id0381,original,crop,0.358618,0.577705,0.022404,1,
id0239,id0382,original,crop,0.408636,0.512559,0.007344,1,
id0239,id0392,original,crop,0.370298,0.482698,0.012237,1,
id0239,id0396,original,crop,0.426997,0.439876,0.009390,1,
id0239,id0398,original,crop,0.412790,0.516681,0.009630,1,
id0239,id0399,original,crop,0.543328,0.710660,0.017014,1,
id0239,id0401,original,crop,0.426509,0.468977,0.009843,1,
id0239,id0402,original,crop,0.288367,0.500492,0.015003,1,
id0239,id0404,original,crop,0.288712,0.523306,0.016957,1,
id0239,id0411,original,crop,0.429896,0.570964,0.006351,1,
id0239,id0412,original,crop,0.339404,0.488518,0.017734,1,
id0239,id0418,original,crop,0.349154,0.558045,0.024494,1,
id0239,id0421,original,crop,0.405241,0.607379,0.014830,1,
id0239,id0422,original,crop,0.355077,0.538574,0.017416,1,
id0239,id0431,original,crop,0.394355,0.551494,0.017572,1,
id0239,id0437,original,crop,0.432743,0.696331,0.026447,1,
id0239,id0441,original,crop,0.383917,0.543300,0.016094,1,
id0239,id0447,original,crop,0.646356,0.774766,0.033779,1,
id0239,id0460,original,crop,0.387875,0.567150,0.016061,1,
id0239,id0462,original,crop,0.484251,0.567631,0.029302,1,
id0239,id0465,original,crop,0.443853,0.532509,0.007447,1,
id0239,id0466,original,crop,0.564435,0.753944,0.032538,1,
id0239,id0468,original,crop,0.341460,0.476112,0.004485,1,
id0239,id0470,original,crop,0.276756,0.406756,0.011031,1,
id0239,id0476,original,crop,0.551087,0.721631,0.030699,1,
id0239,id0486,original,crop,0.528643,0.708705,0.013121,1,
id0239,id0491,original,crop,0.471070,0.651181,0.027109,1,
id0239,id0498,original,crop,0.469018,0.718014,0.012863,1,
id0242,id0246,original,crop,0.404702,0.438257,0.005581,1,
id0242,id0258,original,crop,0.308529,0.360488,0.005949,1,
id0242,id0273,original,crop,0.289782,0.403820,0.007659,1,
id0242,id0275,original,crop,0.390679,0.478774,0.014678,1,
id0242,id0285,original,crop,0.254317,0.316658,0.010965,1,
id0242,id0290,original,crop,0.407891,0.594317,0.014527,1,
id0242,id0296,original,crop,0.410910,0.432195,0.018803,1,
id0242,id0299,original,crop,0.319387,0.388961,0.011562,1,
id0242,id0303,original,crop,0.356661,0.446506,0.011252,1,
id0242,id0319,original,crop,0.464741,0.508247,0.006296,1,
id0242,id0321,original,crop,0.365004,0.479197,0.012162,1,
id0242,id0326,original,crop,0.401243,0.545761,0.018222,1,
id0242,id0328,original,crop,0.245624,0.404809,0.010701,1,
id0242,id0330,original,crop,0.396913,0.479083,0.005573,1,
id0242,id0342,original,crop,0.323656,0.451248,0.008476,1,
id0242,id0346,original,crop,0.302419,0.314930,0.007696,1,
id0242,id0363,original,crop,0.283750,0.261005,0.003922,1,
id0242,id0367,original,crop,0.335460,0.389309,0.005191,1,
id0242,id0368,original,crop,0.332835,0.396227,0.017779,1,
id0242,id0369,original,crop,0.359819,0.535814,0.020189,1,
id0242,id0372,original,crop,0.461654,0.380940,0.010679,1,
id0242,id0373,original,crop,0.247632,0.466186,0.010814,1,
id0242,id0374,original,crop,0.510435,0.542782,0.005191,1,
id0242,id0378,original,crop,0.276264,0.357949,0.011651,1,
id0242,id0381,original,crop,0.361402,0.279028,0.012433,1,
id0242,id0382,original,crop,0.411291,0.466972,0.003870,1,
id0242,id0392,original,crop,0.250182,0.321966,0.005626,1,
id0242,id0396,original,crop,0.245091,0.255490,0.003395,1,
id0242,id0398,original,crop,0.486689,0.587068,0.007246,1,
id0242,id0399,original,crop,0.297542,0.453825,0.008289,1,
id0242,id0401,original,crop,0.361365,0.458969,0.004633,1,
id0242,id0402,original,crop,0.348024,0.325866,0.007561,1,
id0242,id0404,original,crop,0.396943,0.458527,0.010560,1,
id0242,id0411,original,crop,0.418032,0.536810,0.003896,1,
id0242,id0412,original,crop,0.368041,0.371334,0.009553,1,
id0242,id0418,original,crop,0.421574,0.480151,0.015352,1,
id0242,id0421,original,crop,0.276965,0.357000,0.006508,1,
id0242,id0422,original,crop,0.266938,0.376377,0.009352,1,
id0242,id0431,original,crop,0.383572,0.522690,0.010918,1,
id0242,id0437,original,crop,0.396758,0.571871,0.016316,1,
id0242,id0441,original,crop,0.340187,0.455902,0.009066,1,
id0242,id0447,original,crop,0.409536,0.550139,0.021380,1,
id0242,id0460,original,crop,0.286010,0.305245,0.007709,1,
id0242,id0462,original,crop,0.338925,0.384458,0.018384,1,
id0242,id0465,original,crop,0.374121,0.441387,0.003383,1,
id0242,id0466,original,crop,0.404746,0.510938,0.020511,1,
id0242,id0468,original,crop,0.480385,0.599279,0.003816,1,
id0242,id0470,original,crop,0.413583,0.486266,0.006794,1,
id0242,id0476,original,crop,0.324870,0.402328,0.018171,1,
id0242,id0486,original,crop,0.332722,0.450939,0.005714,1,
id0242,id0491,original,crop,0.321024,0.401467,0.015994,1,
id0242,id0498,original,crop,0.373284,0.455527,0.005200,1,
id0246,id0258,original,crop,0.298299,0.348760,0.009683,1,
id0246,id0273,original,crop,0.320576,0.417646,0.011495,1,
id0246,id0275,original,crop,0.332442,0.418136,0.020420,1,
id0246,id0285,original,crop,0.372854,0.449137,0.017136,1,
id0246,id0290,original,crop,0.427600,0.757492,0.020523,1,
id0246,id0296,original,crop,0.363989,0.391069,0.025455,1,
id0246,id0299,original,crop,0.264699,0.362273,0.016882,1,
id0246,id0303,original,crop,0.394235,0.385618,0.015295,1,
id0246,id0319,original,crop,0.334364,0.369846,0.008618,1,
id0246,id0321,original,crop,0.406469,0.541177,0.017645,1,
id0246,id0326,original,crop,0.452308,0.643472,0.025849,1,
id0246,id0328,original,crop,0.408351,0.515161,0.016843,1,
id0246,id0330,original,crop,0.326388,0.453282,0.007127,1,
id0246,id0342,original,crop,0.312557,0.413192,0.012409,1,
id0246,id0346,original,crop,0.272059,0.338835,0.012534,1,
id0246,id0363,original,crop,0.352645,0.353494,0.007724,1,
id0246,id0367,original,crop,0.316452,0.477364,0.010080,1,
id0246,id0368,original,crop,0.381364,0.481746,0.025336,1,
id0246,id0369,original,crop,0.440472,0.642006,0.027211,1,
id0246,id0372,original,crop,0.330282,0.411714,0.015316,1,
id0246,id0373,original,crop,0.407588,0.665185,0.017869,1,
id0246,id0374,original,crop,0.475000,0.576931,0.009099,1,
id0246,id0378,original,crop,0.303793,0.408785,0.018008,1,
id0246,id0381,original,crop,0.317463,0.463960,0.018885,1,
id0246,id0382,original,crop,0.276400,0.267506,0.005138,1,
id0246,id0392,original,crop,0.287487,0.362358,0.010349,1,
id0246,id0396,original,crop,0.414381,0.494913,0.008016,1,
id0246,id0398,original,crop,0.423078,0.548591,0.008471,1,
id0246,id0399,original,crop,0.395805,0.448491,0.012919,1,
id0246,id0401,original,crop,0.292219,0.370779,0.007496,1,
id0246,id0402,original,crop,0.217821,0.307091,0.011930,1,
id0246,id0404,original,crop,0.233532,0.363050,0.014396,1,
id0246,id0411,original,crop,0.295615,0.267168,0.004057,1,
id0246,id0412,original,crop,0.294173,0.383010,0.014881,1,
id0246,id0418,original,crop,0.353160,0.480731,0.021407,1,
id0246,id0421,original,crop,0.287141,0.341658,0.011380,1,
id0246,id0422,original,crop,0.335111,0.451508,0.015217,1,
id0246,id0431,original,crop,0.368271,0.505780,0.015240,1,
id0246,id0437,original,crop,0.393309,0.636919,0.022110,1,
id0246,id0441,original,crop,0.251896,0.313409,0.012955,1,
id0246,id0447,original,crop,0.557835,0.638678,0.029543,1,
id0246,id0460,original,crop,0.270471,0.345054,0.013014,1,
id0246,id0462,original,crop,0.400380,0.467689,0.025546,1,
id0246,id0465,original,crop,0.306742,0.287967,0.005213,1,
id0246,id0466,original,crop,0.469095,0.578702,0.027782,1,
id0246,id0468,original,crop,0.349240,0.435895,0.004265,1,
id0246,id0470,original,crop,0.314922,0.398474,0.009709,1,
id0246,id0476,original,crop,0.471874,0.568191,0.026699,1,
id0246,id0486,original,crop,0.421057,0.450983,0.010221,1,
id0246,id0491,original,crop,0.332013,0.469293,0.022409,1,
id0246,id0498,original,crop,0.298545,0.422706,0.009461,1,
id0258,id0273,original,crop,0.231813,0.265962,0.006557,1,
id0258,id0275,original,crop,0.261157,0.375995,0.013314,1,
id0258,id0285,original,crop,0.317975,0.362944,0.009652,1,
id0258,id0290,original,crop,0.278653,0.547223,0.013493,1,
id0258,id0296,original,crop,0.276316,0.326469,0.016998,1,
id0258,id0299,original,crop,0.248307,0.301538,0.010389,1,
id0258,id0303,original,crop,0.312777,0.305671,0.008991,1,
id0258,id0319,original,crop,0.328000,0.425026,0.004775,1,
id0258,id0321,original,crop,0.256379,0.386492,0.011199,1,
id0258,id0326,original,crop,0.396761,0.534321,0.016703,1,
id0258,id0328,original,crop,0.264936,0.363636,0.009839,1,
id0258,id0330,original,crop,0.231432,0.333165,0.003664,1,
id0258,id0342,original,crop,0.294021,0.347685,0.006911,1,
id0258,id0346,original,crop,0.266297,0.283574,0.006670,1,
id0258,id0363,original,crop,0.389533,0.371375,0.003749,1,
id0258,id0367,original,crop,0.396161,0.404313,0.005230,1,
id0258,id0368,original,crop,0.289823,0.364412,0.016889,1,
id0258,id0369,original,crop,0.283052,0.444923,0.018425,1,
id0258,id0372,original,crop,0.363590,0.345044,0.009084,1,
id0258,id0373,original,crop,0.323282,0.478592,0.010975,1,
id0258,id0374,original,crop,0.317611,0.421111,0.005156,1,
id0258,id0378,original,crop,0.285009,0.299884,0.010887,1,
id0258,id0381,original,crop,0.284611,0.364291,0.011759,1,
id0258,id0382,original,crop,0.267576,0.374474,0.002191,1,
id0258,id0392,original,crop,0.227425,0.205918,0.004627,1,
id0258,id0396,original,crop,0.371685,0.437709,0.004079,1,
id0258,id0398,original,crop,0.376812,0.511119,0.004694,1,
id0258,id0399,original,crop,0.239231,0.349951,0.007306,1,
id0258,id0401,original,crop,0.231799,0.331087,0.003399,1,
id0258,id0402,original,crop,0.244482,0.279763,0.006465,1,
id0258,id0404,original,crop,0.268839,0.348567,0.008501,1,
id0258,id0411,original,crop,0.260324,0.370592,0.002066,1,
id0258,id0412,original,crop,0.278338,0.323802,0.008190,1,
id0258,id0418,original,crop,0.361750,0.408657,0.013227,1,
id0258,id0421,original,crop,0.290087,0.332191,0.006045,1,
id0258,id0422,original,crop,0.263324,0.328618,0.008534,1,
id0258,id0431,original,crop,0.321940,0.449279,0.008670,1,
id0258,id0437,original,crop,0.324317,0.483493,0.014367,1,
id0258,id0441,original,crop,0.209575,0.280288,0.007070,1,
id0258,id0447,original,crop,0.372273,0.502373,0.019858,1,
id0258,id0460,original,crop,0.244783,0.336050,0.007218,1,
id0258,id0462,original,crop,0.305833,0.374023,0.016779,1,
id0258,id0465,original,crop,0.199790,0.288617,0.002170,1,
id0258,id0466,original,crop,0.322732,0.460975,0.019117,1,
id0258,id0468,original,crop,0.386700,0.519865,0.001990,1,
id0258,id0470,original,crop,0.298473,0.397408,0.005059,1,
id0258,id0476,original,crop,0.281349,0.411030,0.017616,1,
id0258,id0486,original,crop,0.292073,0.402837,0.005451,1,
id0258,id0491,original,crop,0.234404,0.329916,0.014669,1,
id0258,id0498,original,crop,0.228826,0.356668,0.004736,1,
id0273,id0275,original,crop,0.299147,0.380222,0.013468,1,
id0273,id0285,original,crop,0.362369,0.439571,0.010895,1,
id0273,id0290,original,crop,0.301152,0.544012,0.013641,1,
id0273,id0296,original,crop,0.315346,0.392821,0.018150,1,
id0273,id0299,original,crop,0.262451,0.318850,0.009980,1,
id0273,id0303,original,crop,0.289955,0.319779,0.009410,1,
id0273,id0319,original,crop,0.366790,0.451508,0.004969,1,
id0273,id0321,original,crop,0.270378,0.395809,0.011421,1,
id0273,id0326,original,crop,0.440685,0.585145,0.017467,1,
id0273,id0328,original,crop,0.233629,0.326116,0.009731,1,
id0273,id0330,original,crop,0.256668,0.305476,0.003801,1,
id0273,id0342,original,crop,0.258605,0.329911,0.006564,1,
id0273,id0346,original,crop,0.305843,0.340282,0.007555,1,
id0273,id0363,original,crop,0.332391,0.350911,0.003578,1,
id0273,id0367,original,crop,0.369326,0.424905,0.005172,1,
id0273,id0368,original,crop,0.318571,0.389713,0.017015,1,
id0273,id0369,original,crop,0.323096,0.455327,0.018924,1,
id0273,id0372,original,crop,0.378896,0.373987,0.008909,1,
id0273,id0373,original,crop,0.306545,0.454755,0.010794,1,
id0273,id0374,original,crop,0.372780,0.407297,0.005021,1,
id0273,id0378,original,crop,0.268403,0.230158,0.010917,1,
id0273,id0381,original,crop,0.328386,0.393942,0.011792,1,
id0273,id0382,original,crop,0.348569,0.447416,0.003084,1,
id0273,id0392,original,crop,0.254253,0.291417,0.005598,1,
id0273,id0396,original,crop,0.327324,0.436357,0.003628,1,
id0273,id0398,original,crop,0.429466,0.579560,0.005569,1,
id0273,id0399,original,crop,0.215019,0.337229,0.007335,1,
id0273,id0401,original,crop,0.252559,0.305039,0.003685,1,
id0273,id0402,original,crop,0.293559,0.330507,0.006700,1,
id0273,id0404,original,crop,0.313348,0.394303,0.009261,1,
id0273,id0411,original,crop,0.323295,0.412203,0.002798,1,
id0273,id0412,original,crop,0.342873,0.392420,0.009002,1,
id0273,id0418,original,crop,0.406482,0.491163,0.014539,1,
id0273,id0421,original,crop,0.313345,0.385224,0.006516,1,
id0273,id0422,original,crop,0.252837,0.352343,0.008769,1,
id0273,id0431,original,crop,0.377170,0.512713,0.009482,1,
id0273,id0437,original,crop,0.330768,0.430450,0.014652,1,
id0273,id0441,original,crop,0.225170,0.314811,0.007695,1,
id0273,id0447,original,crop,0.395035,0.505663,0.020269,1,
id0273,id0460,original,crop,0.244181,0.351979,0.007284,1,
id0273,id0462,original,crop,0.346478,0.458406,0.017582,1,
id0273,id0465,original,crop,0.249298,0.324198,0.002882,1,
id0273,id0466,original,crop,0.381269,0.490792,0.019683,1,
id0273,id0468,original,crop,0.434959,0.582696,0.002872,1,
id0273,id0470,original,crop,0.337876,0.465357,0.005306,1,
id0273,id0476,original,crop,0.323489,0.421778,0.018015,1,
id0273,id0486,original,crop,0.293219,0.448389,0.005413,1,
id0273,id0491,original,crop,0.246439,0.306711,0.014723,1,
id0273,id0498,original,crop,0.286220,0.387801,0.005260,1,
id0275,id0285,original,crop,0.364741,0.428557,0.010085,1,
id0275,id0290,original,crop,0.352355,0.558145,0.011749,1,
id0275,id0296,original,crop,0.202739,0.305542,0.016024,1,
id0275,id0299,original,crop,0.232467,0.217256,0.009169,1,
id0275,id0303,original,crop,0.301787,0.336249,0.009040,1,
id0275,id0319,original,crop,0.297327,0.380729,0.004523,1,
id0275,id0321,original,crop,0.303362,0.396028,0.009707,1,
id0275,id0326,original,crop,0.407756,0.515921,0.016631,1,
id0275,id0328,original,crop,0.359255,0.442317,0.009200,1,
id0275,id0330,original,crop,0.280316,0.403301,0.003921,1,
id0275,id0342,original,crop,0.331808,0.392708,0.007056,1,
id0275,id0346,original,crop,0.326083,0.398797,0.006832,1,
id0275,id0363,original,crop,0.376451,0.318902,0.003706,1,
id0275,id0367,original,crop,0.441308,0.395125,0.005142,1,
id0275,id0368,original,crop,0.232321,0.319542,0.015161,1,
id0275,id0369,original,crop,0.342958,0.488758,0.016995,1,
id0275,id0372,original,crop,0.383092,0.379853,0.008361,1,
id0275,id0373,original,crop,0.385213,0.454023,0.009624,1,
id0275,id0374,original,crop,0.299525,0.376928,0.003600,1,
id0275,id0378,original,crop,0.312319,0.331461,0.009926,1,
id0275,id0381,original,crop,0.331110,0.325356,0.010455,1,
id0275,id0382,original,crop,0.299797,0.402107,0.003081,1,
id0275,id0392,original,crop,0.331916,0.372258,0.005557,1,
id0275,id0396,original,crop,0.391581,0.478809,0.003891,1,
id0275,id0398,original,crop,0.445963,0.607632,0.006492,1,
id0275,id0399,original,crop,0.249857,0.278838,0.006268,1,
id0275,id0401,original,crop,0.292745,0.453199,0.003927,1,
id0275,id0402,original,crop,0.279811,0.293272,0.006074,1,
id0275,id0404,original,crop,0.310427,0.412535,0.008853,1,
id0275,id0411,original,crop,0.279378,0.379921,0.002902,1,
id0275,id0412,original,crop,0.314411,0.409209,0.008389,1,
id0275,id0418,original,crop,0.415975,0.466769,0.013412,1,
id0275,id0421,original,crop,0.238905,0.258835,0.005315,1,
id0275,id0422,original,crop,0.295647,0.385286,0.008484,1,
id0275,id0431,original,crop,0.342008,0.495659,0.009508,1,
id0275,id0437,original,crop,0.407298,0.546960,0.013310,1,
id0275,id0441,original,crop,0.210404,0.330650,0.007398,1,
id0275,id0447,original,crop,0.364442,0.442066,0.018497,1,
id0275,id0460,original,crop,0.235663,0.266455,0.006429,1,
id0275,id0462,original,crop,0.333086,0.416188,0.016007,1,
id0275,id0465,original,crop,0.250042,0.341851,0.002594,1,
id0275,id0466,original,crop,0.268624,0.368789,0.017284,1,
id0275,id0468,original,crop,0.385019,0.589133,0.004157,1,
id0275,id0470,original,crop,0.359535,0.502004,0.006106,1,
id0275,id0476,original,crop,0.276828,0.371183,0.016222,1,
id0275,id0486,original,crop,0.312783,0.378057,0.004808,1,
id0275,id0491,original,crop,0.267146,0.334232,0.013112,1,
id0275,id0498,original,crop,0.248654,0.316729,0.004109,1,
id0285,id0290,original,crop,0.443652,0.628870,0.010921,1,
id0285,id0296,original,crop,0.353664,0.501830,0.015134,1,
id0285,id0299,original,crop,0.257728,0.395135,0.008200,1,
id0285,id0303,original,crop,0.337943,0.443066,0.007865,1,
id0285,id0319,original,crop,0.403351,0.502189,0.004510,1,
id0285,id0321,original,crop,0.398127,0.569025,0.009414,1,
id0285,id0326,original,crop,0.242273,0.433789,0.013317,1,
id0285,id0328,original,crop,0.295606,0.490627,0.008454,1,
id0285,id0330,original,crop,0.382928,0.488682,0.003381,1,
id0285,id0342,original,crop,0.300980,0.445084,0.005749,1,
id0285,id0346,original,crop,0.263856,0.364159,0.004717,1,
id0285,id0363,original,crop,0.290510,0.310909,0.002688,1,
id0285,id0367,original,crop,0.342876,0.357576,0.003804,1,
id0285,id0368,original,crop,0.274321,0.381951,0.013664,1,
id0285,id0369,original,crop,0.309684,0.531836,0.015554,1,
id0285,id0372,original,crop,0.396522,0.402182,0.007499,1,
id0285,id0373,original,crop,0.341387,0.517323,0.008695,1,
id0285,id0374,original,crop,0.532681,0.662280,0.004337,1,
id0285,id0378,original,crop,0.329954,0.493018,0.009363,1,
id0285,id0381,original,crop,0.353207,0.341754,0.009384,1,
id0285,id0382,original,crop,0.292904,0.444531,0.001984,1,
id0285,id0392,original,crop,0.306277,0.392859,0.003667,1,
id0285,id0396,original,crop,0.288873,0.345306,0.003016,1,
id0285,id0398,original,crop,0.341358,0.451820,0.004016,1,
id0285,id0399,original,crop,0.337527,0.540750,0.006337,1,
id0285,id0401,original,crop,0.386731,0.550063,0.003299,1,
id0285,id0402,original,crop,0.292235,0.351163,0.004889,1,
id0285,id0404,original,crop,0.321526,0.439669,0.006862,1,
id0285,id0411,original,crop,0.368649,0.543289,0.002383,1,
id0285,id0412,original,crop,0.264675,0.357776,0.006492,1,
id0285,id0418,original,crop,0.384730,0.428830,0.010809,1,
id0285,id0421,original,crop,0.273898,0.413878,0.004537,1,
id0285,id0422,original,crop,0.256971,0.359231,0.006365,1,
id0285,id0431,original,crop,0.248543,0.429168,0.006925,1,
id0285,id0437,original,crop,0.432496,0.654030,0.013175,1,
id0285,id0441,original,crop,0.342752,0.500073,0.006321,1,
id0285,id0447,original,crop,0.373626,0.548835,0.017328,1,
id0285,id0460,original,crop,0.304065,0.402658,0.005661,1,
id0285,id0462,original,crop,0.210380,0.303905,0.013479,1,
id0285,id0465,original,crop,0.366802,0.505728,0.002054,1,
id0285,id0466,original,crop,0.343235,0.496033,0.016112,1,
id0285,id0468,original,crop,0.352832,0.478855,0.002142,1,
id0285,id0470,original,crop,0.327451,0.416004,0.004025,1,
id0285,id0476,original,crop,0.314912,0.459038,0.014956,1,
id0285,id0486,original,crop,0.329879,0.514673,0.003838,1,
id0285,id0491,original,crop,0.371136,0.526071,0.012864,1,
id0285,id0498,original,crop,0.405850,0.561547,0.003819,1,
id0290,id0296,original,crop,0.357030,0.490466,0.011257,1,
id0290,id0299,original,crop,0.340688,0.399995,0.004495,1,
id0290,id0303,original,crop,0.403237,0.448217,0.005223,1,
id0290,id0319,original,crop,0.431939,0.662638,0.003551,1,
id0290,id0321,original,crop,0.240474,0.368902,0.005412,1,
id0290,id0326,original,crop,0.466616,0.565759,0.009832,1,
id0290,id0328,original,crop,0.329607,0.355384,0.004389,1,
id0290,id0330,original,crop,0.342469,0.458572,0.002709,1,
id0290,id0342,original,crop,0.432360,0.498771,0.004125,1,
id0290,id0346,original,crop,0.363302,0.493215,0.003001,1,
id0290,id0363,original,crop,0.520436,0.500234,0.002327,1,
id0290,id0367,original,crop,0.449165,0.472959,0.003037,1,
id0290,id0368,original,crop,0.360186,0.404561,0.008817,1,
id0290,id0369,original,crop,0.278684,0.358099,0.009730,1,
id0290,id0372,original,crop,0.372519,0.456516,0.004038,1,
id0290,id0373,original,crop,0.279919,0.324231,0.004730,1,
id0290,id0374,original,crop,0.335530,0.359440,0.001755,1,
id0290,id0378,original,crop,0.350746,0.373342,0.004957,1,
id0290,id0381,original,crop,0.309657,0.418681,0.005605,1,
id0290,id0382,original,crop,0.437539,0.646771,0.002539,1,
id0290,id0392,original,crop,0.357400,0.419617,0.002783,1,
id0290,id0396,original,crop,0.435790,0.528217,0.001902,1,
id0290,id0398,original,crop,0.473025,0.691800,0.005116,1,
id0290,id0399,original,crop,0.325328,0.426155,0.003430,1,
id0290,id0401,original,crop,0.380977,0.514114,0.002715,1,
id0290,id0402,original,crop,0.353114,0.492761,0.002832,1,
id0290,id0404,original,crop,0.401799,0.588180,0.005008,1,
id0290,id0411,original,crop,0.454415,0.634377,0.003566,1,
id0290,id0412,original,crop,0.384081,0.537210,0.004126,1,
id0290,id0418,original,crop,0.418386,0.549551,0.008035,1,
id0290,id0421,original,crop,0.415887,0.511212,0.002437,1,
id0290,id0422,original,crop,0.359744,0.470066,0.004087,1,
id0290,id0431,original,crop,0.442211,0.612019,0.005557,1,
id0290,id0437,original,crop,0.323014,0.411499,0.007672,1,
id0290,id0441,original,crop,0.373585,0.510830,0.004576,1,
id0290,id0447,original,crop,0.368772,0.450172,0.012147,1,
id0290,id0460,original,crop,0.348798,0.513310,0.002992,1,
id0290,id0462,original,crop,0.412165,0.532456,0.009249,1,
id0290,id0465,original,crop,0.343024,0.524699,0.002299,1,
id0290,id0466,original,crop,0.354236,0.470459,0.011051,1,
id0290,id0468,original,crop,0.547049,0.773348,0.004516,1,
id0290,id0470,original,crop,0.413950,0.630425,0.004133,1,
id0290,id0476,original,crop,0.298053,0.405804,0.010338,1,
id0290,id0486,original,crop,0.399321,0.538234,0.001878,1,
id0290,id0491,original,crop,0.247423,0.334854,0.007072,1,
id0290,id0498,original,crop,0.367581,0.472163,0.002031,1,
id0296,id0299,original,crop,0.248687,0.251639,0.008137,1,
id0296,id0303,original,crop,0.292395,0.343422,0.007246,1,
id0296,id0319,original,crop,0.311218,0.381765,0.003665,1,
id0296,id0321,original,crop,0.295442,0.379544,0.008261,1,
id0296,id0326,original,crop,0.357400,0.468288,0.013577,1,
id0296,id0328,original,crop,0.351220,0.488427,0.008174,1,
id0296,id0330,original,crop,0.295239,0.422683,0.003050,1,
id0296,id0342,original,crop,0.341788,0.428735,0.005848,1,
id0296,id0346,original,crop,0.350640,0.420075,0.005367,1,
id0296,id0363,original,crop,0.410270,0.380164,0.002900,1,
id0296,id0367,original,crop,0.440692,0.412213,0.003898,1,
id0296,id0368,original,crop,0.268197,0.339587,0.013403,1,
id0296,id0369,original,crop,0.307488,0.474204,0.015250,1,
id0296,id0372,original,crop,0.365584,0.399476,0.007156,1,
id0296,id0373,original,crop,0.392328,0.481916,0.008491,1,
id0296,id0374,original,crop,0.341296,0.407861,0.003629,1,
id0296,id0378,original,crop,0.337826,0.411618,0.008989,1,
id0296,id0381,original,crop,0.342767,0.344251,0.008897,1,
id0296,id0382,original,crop,0.300191,0.394562,0.001706,1,
id0296,id0392,original,crop,0.356678,0.383456,0.003871,1,
id0296,id0396,original,crop,0.404600,0.527673,0.003357,1,
id0296,id0398,original,crop,0.392750,0.555670,0.004153,1,
id0296,id0399,original,crop,0.269093,0.325941,0.005273,1,
id0296,id0401,original,crop,0.325979,0.510223,0.003130,1,
id0296,id0402,original,crop,0.298617,0.311921,0.004727,1,
id0296,id0404,original,crop,0.320859,0.413018,0.006802,1,
id0296,id0411,original,crop,0.325366,0.400977,0.002288,1,
id0296,id0412,original,crop,0.305064,0.397743,0.006474,1,
id0296,id0418,original,crop,0.403287,0.399853,0.010752,1,
id0296,id0421,original,crop,0.307827,0.308248,0.004577,1,
id0296,id0422,original,crop,0.330843,0.389954,0.006806,1,
id0296,id0431,original,crop,0.351692,0.460325,0.007237,1,
id0296,id0437,original,crop,0.414372,0.603323,0.012310,1,
id0296,id0441,original,crop,0.250521,0.363167,0.006060,1,
id0296,id0447,original,crop,0.340236,0.447583,0.016274,1,
id0296,id0460,original,crop,0.278515,0.325949,0.005488,1,
id0296,id0462,original,crop,0.287394,0.378055,0.013582,1,
id0296,id0465,original,crop,0.243564,0.340152,0.001495,1,
id0296,id0466,original,crop,0.257540,0.345855,0.015531,1,
id0296,id0468,original,crop,0.411323,0.572673,0.002492,1,
id0296,id0470,original,crop,0.358291,0.484523,0.004331,1,
id0296,id0476,original,crop,0.279067,0.374611,0.014205,1,
id0296,id0486,original,crop,0.314362,0.387746,0.003691,1,
id0296,id0491,original,crop,0.318018,0.406391,0.012224,1,
id0296,id0498,original,crop,0.292693,0.333145,0.003250,1,
id0299,id0303,original,crop,0.277142,0.282342,0.007011,1,
id0299,id0319,original,crop,0.291391,0.376976,0.003513,1,
id0299,id0321,original,crop,0.287071,0.401714,0.008553,1,
id0299,id0326,original,crop,0.289032,0.440548,0.013548,1,
id0299,id0328,original,crop,0.296224,0.396548,0.007671,1,
id0299,id0330,original,crop,0.258421,0.363803,0.002682,1,
id0299,id0342,original,crop,0.225743,0.334591,0.004861,1,
id0299,id0346,original,crop,0.243815,0.333567,0.005393,1,
id0299,id0363,original,crop,0.284739,0.248516,0.002478,1,
id0299,id0367,original,crop,0.307523,0.320416,0.003713,1,
id0299,id0368,original,crop,0.214987,0.285448,0.013210,1,
id0299,id0369,original,crop,0.259987,0.435394,0.014720,1,
id0299,id0372,original,crop,0.281277,0.320909,0.006560,1,
id0299,id0373,original,crop,0.298633,0.442591,0.008276,1,
id0299,id0374,original,crop,0.404127,0.459643,0.003624,1,
id0299,id0378,original,crop,0.241994,0.335260,0.008595,1,
id0299,id0381,original,crop,0.262077,0.294368,0.009051,1,
id0299,id0382,original,crop,0.261935,0.360020,0.002033,1,
id0299,id0392,original,crop,0.290532,0.324085,0.004217,1,
id0299,id0396,original,crop,0.323315,0.424816,0.003097,1,
id0299,id0398,original,crop,0.351841,0.487230,0.004374,1,
id0299,id0399,original,crop,0.271371,0.350413,0.005359,1,
id0299,id0401,original,crop,0.282552,0.429004,0.002760,1,
id0299,id0402,original,crop,0.205729,0.252551,0.004656,1,
id0299,id0404,original,crop,0.239470,0.367812,0.006813,1,
id0299,id0411,original,crop,0.259597,0.377013,0.001997,1,
id0299,id0412,original,crop,0.235409,0.336972,0.006535,1,
id0299,id0418,original,crop,0.293853,0.373095,0.010967,1,
id0299,id0421,original,crop,0.217300,0.284697,0.004428,1,
id0299,id0422,original,crop,0.221051,0.316190,0.006369,1,
id0299,id0431,original,crop,0.251377,0.411388,0.006931,1,
id0299,id0437,original,crop,0.356666,0.533977,0.011883,1,
id0299,id0441,original,crop,0.208310,0.334912,0.005766,1,
id0299,id0447,original,crop,0.375486,0.436678,0.016398,1,
id0299,id0460,original,crop,0.191329,0.295025,0.005220,1,
id0299,id0462,original,crop,0.272024,0.335382,0.013670,1,
id0299,id0465,original,crop,0.278565,0.337352,0.002035,1,
id0299,id0466,original,crop,0.274704,0.371100,0.015106,1,
id0299,id0468,original,crop,0.325174,0.490366,0.002558,1,
id0299,id0470,original,crop,0.273330,0.407513,0.003881,1,
id0299,id0476,original,crop,0.281345,0.366776,0.014445,1,
id0299,id0486,original,crop,0.311976,0.404755,0.003765,1,
id0299,id0491,original,crop,0.258975,0.369980,0.011829,1,
id0299,id0498,original,crop,0.277710,0.372202,0.003666,1,
id0303,id0319,original,crop,0.333783,0.315933,0.002028,1,
id0303,id0321,original,crop,0.314556,0.419841,0.007239,1,
id0303,id0326,original,crop,0.356380,0.449571,0.010952,1,
id0303,id0328,original,crop,0.294444,0.401524,0.005819,1,
id0303,id0330,original,crop,0.303555,0.313354,0.001660,1,
id0303,id0342,original,crop,0.291822,0.312405,0.002948,1,
id0303,id0346,original,crop,0.372944,0.440811,0.004975,1,
id0303,id0363,original,crop,0.366574,0.412124,0.002500,1,
id0303,id0367,original,crop,0.427870,0.422287,0.003528,1,
id0303,id0368,original,crop,0.288597,0.356964,0.011455,1,
id0303,id0369,original,crop,0.319468,0.421624,0.012262,1,
id0303,id0372,original,crop,0.389885,0.372478,0.004854,1,
id0303,id0373,original,crop,0.391884,0.522246,0.008092,1,
id0303,id0374,original,crop,0.431839,0.490415,0.003809,1,
id0303,id0378,original,crop,0.298396,0.369042,0.006699,1,
id0303,id0381,original,crop,0.393643,0.431771,0.007995,1,
id0303,id0382,original,crop,0.374654,0.401006,0.001785,1,
id0303,id0392,original,crop,0.342034,0.399660,0.003250,1,
id0303,id0396,original,crop,0.399195,0.542529,0.003806,1,
id0303,id0398,original,crop,0.417749,0.468852,0.003384,1,
id0303,id0399,original,crop,0.252985,0.343504,0.004030,1,
id0303,id0401,original,crop,0.324923,0.421986,0.001580,1,
id0303,id0402,original,crop,0.339459,0.343006,0.003762,1,
id0303,id0404,original,crop,0.363532,0.392886,0.005038,1,
id0303,id0411,original,crop,0.337777,0.378581,0.001405,1,
id0303,id0412,original,crop,0.354851,0.358946,0.004729,1,
id0303,id0418,original,crop,0.413716,0.426573,0.008629,1,
id0303,id0421,original,crop,0.300911,0.382629,0.003736,1,
id0303,id0422,original,crop,0.316261,0.379385,0.005288,1,
id0303,id0431,original,crop,0.281837,0.357900,0.004673,1,
id0303,id0437,original,crop,0.364532,0.494733,0.008824,1,
id0303,id0441,original,crop,0.259329,0.302426,0.003428,1,
id0303,id0447,original,crop,0.307803,0.407494,0.013309,1,
id0303,id0460,original,crop,0.326023,0.402000,0.004425,1,
id0303,id0462,original,crop,0.339708,0.394445,0.011427,1,
id0303,id0465,original,crop,0.309077,0.333854,0.001659,1,
id0303,id0466,original,crop,0.300962,0.396024,0.012749,1,
id0303,id0468,original,crop,0.395582,0.503823,0.002318,1,
id0303,id0470,original,crop,0.376945,0.428354,0.002839,1,
id0303,id0476,original,crop,0.312311,0.426518,0.012585,1,
id0303,id0486,original,crop,0.390507,0.510026,0.003985,1,
id0303,id0491,original,crop,0.310261,0.429752,0.009916,1,
id0303,id0498,original,crop,0.359843,0.453193,0.003465,1,
id0319,id0321,original,crop,0.407739,0.519566,0.008790,1,
id0319,id0326,original,crop,0.395357,0.516415,0.013705,1,
id0319,id0328,original,crop,0.413922,0.507164,0.007765,1,
id0319,id0330,original,crop,0.276872,0.383388,0.002437,1,
id0319,id0342,original,crop,0.330047,0.366125,0.004232,1,
id0319,id0346,original,crop,0.387830,0.483514,0.006320,1,
id0319,id0363,original,crop,0.427745,0.402241,0.003022,1,
id0319,id0367,original,crop,0.465456,0.479870,0.004591,1,
id0319,id0368,original,crop,0.337215,0.430301,0.013868,1,
id0319,id0369,original,crop,0.354007,0.544893,0.015007,1,
id0319,id0372,original,crop,0.352848,0.442028,0.006645,1,
id0319,id0373,original,crop,0.482736,0.596895,0.009609,1,
id0319,id0374,original,crop,0.442941,0.582054,0.004403,1,
id0319,id0378,original,crop,0.322198,0.424892,0.008234,1,
id0319,id0381,original,crop,0.357664,0.472347,0.009673,1,
id0319,id0382,original,crop,0.331552,0.385718,0.002294,1,
id0319,id0392,original,crop,0.430548,0.482400,0.004594,1,
id0319,id0396,original,crop,0.441490,0.550216,0.004334,1,
id0319,id0398,original,crop,0.364952,0.500983,0.004659,1,
id0319,id0399,original,crop,0.345903,0.400245,0.005003,1,
id0319,id0401,original,crop,0.346127,0.496595,0.002352,1,
id0319,id0402,original,crop,0.273239,0.343686,0.004945,1,
id0319,id0404,original,crop,0.307969,0.390540,0.006579,1,
id0319,id0411,original,crop,0.305891,0.369555,0.001530,1,
id0319,id0412,original,crop,0.314316,0.388434,0.006371,1,
id0319,id0418,original,crop,0.426953,0.490262,0.010780,1,
id0319,id0421,original,crop,0.325239,0.392213,0.004705,1,
id0319,id0422,original,crop,0.325309,0.405107,0.006710,1,
id0319,id0431,original,crop,0.318871,0.397172,0.006681,1,
id0319,id0437,original,crop,0.423191,0.613347,0.010881,1,
id0319,id0441,original,crop,0.265412,0.366011,0.004762,1,
id0319,id0447,original,crop,0.409884,0.493760,0.015670,1,
id0319,id0460,original,crop,0.294302,0.363437,0.005308,1,
id0319,id0462,original,crop,0.334840,0.411433,0.013896,1,
id0319,id0465,original,crop,0.271479,0.382332,0.001984,1,
id0319,id0466,original,crop,0.322221,0.443081,0.014794,1,
id0319,id0468,original,crop,0.376413,0.490925,0.003054,1,
id0319,id0470,original,crop,0.319552,0.452981,0.003886,1,
id0319,id0476,original,crop,0.380351,0.485644,0.014855,1,
id0319,id0486,original,crop,0.449569,0.522900,0.005130,1,
id0319,id0491,original,crop,0.368333,0.506572,0.012038,1,
id0319,id0498,original,crop,0.367319,0.500818,0.004232,1,
id0321,id0326,original,crop,0.423003,0.492947,0.008177,1,
id0321,id0328,original,crop,0.304802,0.410895,0.004301,1,
id0321,id0330,original,crop,0.355449,0.414089,0.002508,1,
id0321,id0342,original,crop,0.388202,0.436436,0.003308,1,
id0321,id0346,original,crop,0.347467,0.410790,0.002687,1,
id0321,id0363,original,crop,0.456856,0.456047,0.002417,1,
id0321,id0367,original,crop,0.430016,0.459613,0.002719,1,
id0321,id0368,original,crop,0.311532,0.352058,0.008040,1,
id0321,id0369,original,crop,0.302517,0.345685,0.009144,1,
id0321,id0372,original,crop,0.363331,0.405531,0.003340,1,
id0321,id0373,original,crop,0.292954,0.415844,0.004667,1,
id0321,id0374,original,crop,0.342143,0.330650,0.002164,1,
id0321,id0378,original,crop,0.317455,0.339325,0.004797,1,
id0321,id0381,original,crop,0.297181,0.371292,0.004586,1,
id0321,id0382,original,crop,0.376441,0.483619,0.001879,1,
id0321,id0392,original,crop,0.306567,0.360432,0.002253,1,
id0321,id0396,original,crop,0.407204,0.538918,0.002310,1,
id0321,id0398,original,crop,0.439474,0.580241,0.003617,1,
id0321,id0399,original,crop,0.266040,0.302432,0.002477,1,
id0321,id0401,original,crop,0.347909,0.471393,0.002156,1,
id0321,id0402,original,crop,0.312151,0.365704,0.002008,1,
id0321,id0404,original,crop,0.350908,0.451732,0.003616,1,
id0321,id0411,original,crop,0.395667,0.504016,0.003426,1,
id0321,id0412,original,crop,0.325181,0.411819,0.002879,1,
id0321,id0418,original,crop,0.344246,0.412720,0.005895,1,
id0321,id0421,original,crop,0.335926,0.393409,0.002181,1,
id0321,id0422,original,crop,0.323898,0.405765,0.003412,1,
id0321,id0431,original,crop,0.380116,0.473539,0.003801,1,
id0321,id0437,original,crop,0.354109,0.485957,0.007547,1,
id0321,id0441,original,crop,0.328977,0.410685,0.003615,1,
id0321,id0447,original,crop,0.330557,0.391525,0.010263,1,
id0321,id0460,original,crop,0.303301,0.397486,0.002590,1,
id0321,id0462,original,crop,0.374892,0.420734,0.007812,1,
id0321,id0465,original,crop,0.313161,0.359839,0.001515,1,
id0321,id0466,original,crop,0.342075,0.382248,0.009755,1,
id0321,id0468,original,crop,0.485337,0.662279,0.004323,1,
id0321,id0470,original,crop,0.375209,0.511597,0.002567,1,
id0321,id0476,original,crop,0.263298,0.376316,0.009057,1,
id0321,id0486,original,crop,0.309606,0.407132,0.001496,1,
id0321,id0491,original,crop,0.268454,0.374457,0.007559,1,
id0321,id0498,original,crop,0.316486,0.377017,0.002059,1,
id0326,id0328,original,crop,0.377632,0.533518,0.006867,1,
id0326,id0330,original,crop,0.418216,0.565172,0.002678,1,
id0326,id0342,original,crop,0.355142,0.516716,0.004115,1,
id0326,id0346,original,crop,0.365976,0.519819,0.003750,1,
id0326,id0363,original,crop,0.366558,0.429271,0.001782,1,
id0326,id0367,original,crop,0.384413,0.409897,0.002766,1,
id0326,id0368,original,crop,0.271800,0.424509,0.010778,1,
id0326,id0369,original,crop,0.270679,0.505398,0.012786,1,
id0326,id0372,original,crop,0.365913,0.445901,0.005432,1,
id0326,id0373,original,crop,0.407007,0.536276,0.006904,1,
id0326,id0374,original,crop,0.577327,0.726913,0.003957,1,
id0326,id0378,original,crop,0.368324,0.594944,0.007652,1,
id0326,id0381,original,crop,0.344318,0.399829,0.007188,1,
id0326,id0382,original,crop,0.376705,0.565334,0.001401,1,
id0326,id0392,original,crop,0.432039,0.546526,0.002911,1,
id0326,id0396,original,crop,0.397663,0.442064,0.002415,1,
id0326,id0398,original,crop,0.322376,0.446184,0.002466,1,
id0326,id0399,original,crop,0.410277,0.597936,0.004834,1,
id0326,id0401,original,crop,0.455033,0.667160,0.002849,1,
id0326,id0402,original,crop,0.334037,0.477364,0.003332,1,
id0326,id0404,original,crop,0.365503,0.567967,0.004873,1,
id0326,id0411,original,crop,0.466823,0.685202,0.002418,1,
id0326,id0412,original,crop,0.290672,0.449482,0.004768,1,
id0326,id0418,original,crop,0.369137,0.444653,0.008006,1,
id0326,id0421,original,crop,0.372173,0.538507,0.003806,1,
id0326,id0422,original,crop,0.332177,0.469485,0.004716,1,
id0326,id0431,original,crop,0.240278,0.396290,0.004689,1,
id0326,id0437,original,crop,0.452002,0.684956,0.011485,1,
id0326,id0441,original,crop,0.397708,0.616622,0.005113,1,
id0326,id0447,original,crop,0.323934,0.477082,0.013915,1,
id0326,id0460,original,crop,0.357179,0.535348,0.004205,1,
id0326,id0462,original,crop,0.250464,0.379762,0.010747,1,
id0326,id0465,original,crop,0.415202,0.591460,0.001589,1,
id0326,id0466,original,crop,0.310854,0.480629,0.013096,1,
id0326,id0468,original,crop,0.407540,0.589131,0.001780,1,
id0326,id0470,original,crop,0.365509,0.505166,0.002328,1,
id0326,id0476,original,crop,0.327154,0.494073,0.012284,1,
id0326,id0486,original,crop,0.439296,0.640828,0.002666,1,
id0326,id0491,original,crop,0.438021,0.639552,0.011317,1,
id0326,id0498,original,crop,0.476795,0.682386,0.003272,1,
id0328,id0330,original,crop,0.322535,0.342422,0.003530,1,
id0328,id0342,original,crop,0.281492,0.327793,0.005968,1,
id0328,id0346,original,crop,0.344374,0.388252,0.006457,1,
id0328,id0363,original,crop,0.367638,0.392356,0.003479,1,
id0328,id0367,original,crop,0.381502,0.352598,0.004646,1,
id0328,id0368,original,crop,0.312911,0.387748,0.015563,1,
id0328,id0369,original,crop,0.249979,0.358018,0.016778,1,
id0328,id0372,original,crop,0.376371,0.272414,0.007939,1,
id0328,id0373,original,crop,0.281678,0.433997,0.009791,1,
id0328,id0374,original,crop,0.447384,0.468408,0.003998,1,
id0328,id0378,original,crop,0.276565,0.312975,0.009204,1,
id0328,id0381,original,crop,0.360409,0.368117,0.010994,1,
id0328,id0382,original,crop,0.403268,0.495606,0.002619,1,
id0328,id0392,original,crop,0.319820,0.347133,0.004772,1,
id0328,id0396,original,crop,0.299634,0.413139,0.003271,1,
id0328,id0398,original,crop,0.415648,0.515877,0.005276,1,
id0328,id0399,original,crop,0.233608,0.385589,0.006094,1,
id0328,id0401,original,crop,0.283959,0.362366,0.002685,1,
id0328,id0402,original,crop,0.356381,0.367516,0.005997,1,
id0328,id0404,original,crop,0.386884,0.483853,0.008699,1,
id0328,id0411,original,crop,0.395953,0.504789,0.002420,1,
id0328,id0412,original,crop,0.321731,0.367255,0.007522,1,
id0328,id0418,original,crop,0.430385,0.446638,0.012865,1,
id0328,id0421,original,crop,0.350255,0.416686,0.005279,1,
id0328,id0422,original,crop,0.289057,0.383136,0.007870,1,
id0328,id0431,original,crop,0.333081,0.405169,0.008301,1,
id0328,id0437,original,crop,0.290098,0.350047,0.012215,1,
id0328,id0441,original,crop,0.302854,0.367655,0.006725,1,
id0328,id0447,original,crop,0.310737,0.407109,0.017969,1,
id0328,id0460,original,crop,0.328287,0.420489,0.006414,1,
id0328,id0462,original,crop,0.309158,0.410160,0.015948,1,
id0328,id0465,original,crop,0.324432,0.386972,0.002214,1,
id0328,id0466,original,crop,0.335037,0.416300,0.017651,1,
id0328,id0468,original,crop,0.477004,0.606560,0.002994,1,
id0328,id0470,original,crop,0.373068,0.460600,0.005133,1,
id0328,id0476,original,crop,0.281686,0.399932,0.016258,1,
id0328,id0486,original,crop,0.368877,0.543101,0.004966,1,
id0328,id0491,original,crop,0.268788,0.338371,0.013274,1,
id0328,id0498,original,crop,0.392076,0.479811,0.004268,1,
id0330,id0342,original,crop,0.232973,0.253248,0.006680,1,
id0330,id0346,original,crop,0.326657,0.408821,0.008599,1,
id0330,id0363,original,crop,0.420534,0.405964,0.004672,1,
id0330,id0367,original,crop,0.407424,0.437252,0.006147,1,
id0330,id0368,original,crop,0.331181,0.439871,0.018526,1,
id0330,id0369,original,crop,0.297370,0.471108,0.020102,1,
id0330,id0372,original,crop,0.319068,0.397382,0.009991,1,
id0330,id0373,original,crop,0.407759,0.524325,0.013058,1,
id0330,id0374,original,crop,0.390597,0.512748,0.006301,1,
id0330,id0378,original,crop,0.304272,0.381643,0.012533,1,
id0330,id0381,original,crop,0.340109,0.453967,0.013370,1,
id0330,id0382,original,crop,0.356874,0.488628,0.003363,1,
id0330,id0392,original,crop,0.328691,0.385668,0.006602,1,
id0330,id0396,original,crop,0.429811,0.484347,0.005576,1,
id0330,id0398,original,crop,0.360275,0.519098,0.005433,1,
id0330,id0399,original,crop,0.308936,0.419103,0.008517,1,
id0330,id0401,original,crop,0.261059,0.363016,0.003861,1,
id0330,id0402,original,crop,0.273692,0.385729,0.007759,1,
id0330,id0404,original,crop,0.265464,0.380338,0.009271,1,
id0330,id0411,original,crop,0.288563,0.417805,0.002231,1,
id0330,id0412,original,crop,0.334360,0.431787,0.009947,1,
id0330,id0418,original,crop,0.398158,0.514460,0.015077,1,
id0330,id0421,original,crop,0.342846,0.477320,0.007761,1,
id0330,id0422,original,crop,0.271975,0.352144,0.009567,1,
id0330,id0431,original,crop,0.322271,0.455806,0.009854,1,
id0330,id0437,original,crop,0.307730,0.461510,0.015272,1,
id0330,id0441,original,crop,0.195143,0.326311,0.007672,1,
id0330,id0447,original,crop,0.420334,0.528366,0.021708,1,
id0330,id0460,original,crop,0.310165,0.439474,0.008642,1,
id0330,id0462,original,crop,0.369629,0.466280,0.018837,1,
id0330,id0465,original,crop,0.232647,0.374555,0.003122,1,
id0330,id0466,original,crop,0.331813,0.474339,0.020216,1,
id0330,id0468,original,crop,0.393437,0.544179,0.002472,1,
id0330,id0470,original,crop,0.285121,0.436953,0.005676,1,
id0330,id0476,original,crop,0.347893,0.490010,0.019792,1,
id0330,id0486,original,crop,0.420132,0.557698,0.007279,1,
id0330,id0491,original,crop,0.286580,0.410455,0.016312,1,
id0330,id0498,original,crop,0.320551,0.518347,0.006569,1,
id0342,id0346,original,crop,0.276333,0.357959,0.009845,1,
id0342,id0363,original,crop,0.301401,0.332863,0.005154,1,
id0342,id0367,original,crop,0.312452,0.362329,0.006845,1,
id0342,id0368,original,crop,0.294670,0.418060,0.020509,1,
id0342,id0369,original,crop,0.316160,0.469642,0.022476,1,
id0342,id0372,original,crop,0.330193,0.314140,0.011369,1,
id0342,id0373,original,crop,0.382927,0.547515,0.014563,1,
id0342,id0374,original,crop,0.516839,0.577011,0.007550,1,
id0342,id0378,original,crop,0.290480,0.399758,0.014235,1,
id0342,id0381,original,crop,0.346875,0.403477,0.015035,1,
id0342,id0382,original,crop,0.331366,0.423119,0.004064,1,
id0342,id0392,original,crop,0.297494,0.382630,0.007729,1,
id0342,id0396,original,crop,0.306749,0.408719,0.005762,1,
id0342,id0398,original,crop,0.340221,0.427578,0.006003,1,
id0342,id0399,original,crop,0.319991,0.434597,0.009827,1,
id0342,id0401,original,crop,0.277139,0.361074,0.004714,1,
id0342,id0402,original,crop,0.283805,0.333033,0.008979,1,
id0342,id0404,original,crop,0.266655,0.362078,0.010837,1,
id0342,id0411,original,crop,0.309387,0.417407,0.003001,1,
id0342,id0412,original,crop,0.309444,0.362078,0.011360,1,
id0342,id0418,original,crop,0.384567,0.444905,0.016789,1,
id0342,id0421,original,crop,0.306102,0.442101,0.009130,1,
id0342,id0422,original,crop,0.203653,0.335418,0.010932,1,
id0342,id0431,original,crop,0.252889,0.351466,0.010995,1,
id0342,id0437,original,crop,0.341223,0.487370,0.017669,1,
id0342,id0441,original,crop,0.213583,0.338357,0.009226,1,
id0342,id0447,original,crop,0.422758,0.498853,0.023877,1,
id0342,id0460,original,crop,0.271319,0.406324,0.009851,1,
id0342,id0462,original,crop,0.306693,0.399098,0.020811,1,
id0342,id0465,original,crop,0.288142,0.352817,0.003768,1,
id0342,id0466,original,crop,0.356388,0.448697,0.022563,1,
id0342,id0468,original,crop,0.336417,0.469132,0.002855,1,
id0342,id0470,original,crop,0.248571,0.350776,0.006102,1,
id0342,id0476,original,crop,0.374314,0.496605,0.021981,1,
id0342,id0486,original,crop,0.384077,0.554341,0.008232,1,
id0342,id0491,original,crop,0.349160,0.453955,0.018789,1,
id0342,id0498,original,crop,0.375161,0.549622,0.007965,1,
id0346,id0363,original,crop,0.316403,0.304432,0.004507,1,
id0346,id0367,original,crop,0.256252,0.406235,0.005534,1,
id0346,id0368,original,crop,0.294868,0.439816,0.017758,1,
id0346,id0369,original,crop,0.353427,0.564333,0.020377,1,
id0346,id0372,original,crop,0.318903,0.371561,0.010562,1,
id0346,id0373,original,crop,0.306943,0.573591,0.011633,1,
id0346,id0374,original,crop,0.483211,0.602049,0.006157,1,
id0346,id0378,original,crop,0.309723,0.411612,0.013023,1,
id0346,id0381,original,crop,0.264761,0.372160,0.012508,1,
id0346,id0382,original,crop,0.295496,0.394168,0.003299,1,
id0346,id0392,original,crop,0.234055,0.310171,0.005871,1,
id0346,id0396,original,crop,0.295619,0.332463,0.004002,1,
id0346,id0398,original,crop,0.353234,0.500498,0.005151,1,
id0346,id0399,original,crop,0.356888,0.507939,0.009308,1,
id0346,id0401,original,crop,0.310402,0.392730,0.004981,1,
id0346,id0402,original,crop,0.216638,0.322916,0.007338,1,
id0346,id0404,original,crop,0.242733,0.385033,0.009718,1,
id0346,id0411,original,crop,0.350019,0.479922,0.004029,1,
id0346,id0412,original,crop,0.261003,0.360668,0.009741,1,
id0346,id0418,original,crop,0.309785,0.428905,0.014492,1,
id0346,id0421,original,crop,0.268256,0.411177,0.007405,1,
id0346,id0422,original,crop,0.190227,0.377058,0.009246,1,
id0346,id0431,original,crop,0.295257,0.488907,0.010134,1,
id0346,id0437,original,crop,0.393996,0.591262,0.017355,1,
id0346,id0441,original,crop,0.285192,0.429082,0.009488,1,
id0346,id0447,original,crop,0.482238,0.611287,0.022311,1,
id0346,id0460,original,crop,0.246573,0.371989,0.008432,1,
id0346,id0462,original,crop,0.321531,0.410673,0.017816,1,
id0346,id0465,original,crop,0.287571,0.375471,0.002915,1,
id0346,id0466,original,crop,0.404390,0.567687,0.021104,1,
id0346,id0468,original,crop,0.343245,0.490927,0.002815,1,
id0346,id0470,original,crop,0.255571,0.372959,0.005719,1,
id0346,id0476,original,crop,0.377751,0.520283,0.019242,1,
id0346,id0486,original,crop,0.320555,0.476142,0.005651,1,
id0346,id0491,original,crop,0.324709,0.473618,0.017008,1,
id0346,id0498,original,crop,0.325334,0.503263,0.006113,1,
id0363,id0367,original,crop,0.326670,0.499057,0.007575,1,
id0363,id0368,original,crop,0.323885,0.504250,0.021826,1,
id0363,id0369,original,crop,0.430454,0.713040,0.025124,1,
id0363,id0372,original,crop,0.451468,0.499101,0.013736,1,
id0363,id0373,original,crop,0.383348,0.641846,0.014512,1,
id0363,id0374,original,crop,0.566471,0.699168,0.008016,1,
id0363,id0378,original,crop,0.319935,0.484929,0.015891,1,
id0363,id0381,original,crop,0.388863,0.412660,0.015854,1,
id0363,id0382,original,crop,0.358069,0.453507,0.005085,1,
id0363,id0392,original,crop,0.317842,0.469364,0.008635,1,
id0363,id0396,original,crop,0.279469,0.381402,0.005423,1,
id0363,id0398,original,crop,0.475361,0.621117,0.008199,1,
id0363,id0399,original,crop,0.363578,0.569685,0.011327,1,
id0363,id0401,original,crop,0.409478,0.540886,0.007122,1,
id0363,id0402,original,crop,0.334026,0.400175,0.010278,1,
id0363,id0404,original,crop,0.340849,0.481151,0.013099,1,
id0363,id0411,original,crop,0.372674,0.518535,0.004638,1,
id0363,id0412,original,crop,0.351477,0.469897,0.013111,1,
id0363,id0418,original,crop,0.427077,0.551080,0.019230,1,
id0363,id0421,original,crop,0.264742,0.431374,0.009707,1,
id0363,id0422,original,crop,0.262706,0.485910,0.012511,1,
id0363,id0431,original,crop,0.358492,0.593261,0.013626,1,
id0363,id0437,original,crop,0.493949,0.732459,0.021461,1,
id0363,id0441,original,crop,0.342511,0.517794,0.012082,1,
id0363,id0447,original,crop,0.482377,0.681577,0.025852,1,
id0363,id0460,original,crop,0.261565,0.365403,0.010600,1,
id0363,id0462,original,crop,0.335670,0.494893,0.022791,1,
id0363,id0465,original,crop,0.403938,0.492252,0.005050,1,
id0363,id0466,original,crop,0.441681,0.637806,0.024947,1,
id0363,id0468,original,crop,0.362503,0.548463,0.003966,1,
id0363,id0470,original,crop,0.407080,0.514309,0.008220,1,
id0363,id0476,original,crop,0.410480,0.557360,0.022603,1,
id0363,id0486,original,crop,0.358021,0.539100,0.008218,1,
id0363,id0491,original,crop,0.395805,0.556854,0.020663,1,
id0363,id0498,original,crop,0.381126,0.545374,0.007976,1,
id0367,id0368,original,crop,0.366408,0.454392,0.022629,1,
id0367,id0369,original,crop,0.426351,0.568737,0.025841,1,
id0367,id0372,original,crop,0.284217,0.300536,0.014026,1,
id0367,id0373,original,crop,0.315371,0.566004,0.015587,1,
id0367,id0374,original,crop,0.628638,0.647395,0.008514,1,
id0367,id0378,original,crop,0.318378,0.479884,0.016852,1,
id0367,id0381,original,crop,0.295684,0.353249,0.016701,1,
id0367,id0382,original,crop,0.417932,0.447318,0.005450,1,
id0367,id0392,original,crop,0.301725,0.396791,0.009039,1,
id0367,id0396,original,crop,0.322883,0.331742,0.006025,1,
id0367,id0398,original,crop,0.416602,0.484185,0.008195,1,
id0367,id0399,original,crop,0.458551,0.547557,0.012277,1,
id0367,id0401,original,crop,0.408185,0.464015,0.007027,1,
id0367,id0402,original,crop,0.278348,0.372032,0.010798,1,
id0367,id0404,original,crop,0.294452,0.499807,0.013742,1,
id0367,id0411,original,crop,0.461591,0.532111,0.005240,1,
id0367,id0412,original,crop,0.311972,0.398963,0.013570,1,
id0367,id0418,original,crop,0.283030,0.389906,0.019484,1,
id0367,id0421,original,crop,0.356864,0.444080,0.010538,1,
id0367,id0422,original,crop,0.273158,0.438484,0.013246,1,
id0367,id0431,original,crop,0.348589,0.454288,0.013837,1,
id0367,id0437,original,crop,0.370097,0.603890,0.021718,1,
id0367,id0441,original,crop,0.359278,0.476120,0.012458,1,
id0367,id0447,original,crop,0.550887,0.566058,0.027098,1,
id0367,id0460,original,crop,0.304741,0.426772,0.011605,1,
id0367,id0462,original,crop,0.415099,0.433526,0.023323,1,
id0367,id0465,original,crop,0.436692,0.437209,0.005111,1,
id0367,id0466,original,crop,0.488193,0.538751,0.026163,1,
id0367,id0468,original,crop,0.406067,0.513997,0.004259,1,
id0367,id0470,original,crop,0.283134,0.398433,0.008510,1,
id0367,id0476,original,crop,0.453345,0.510937,0.023835,1,
id0367,id0486,original,crop,0.473376,0.558016,0.008737,1,
id0367,id0491,original,crop,0.393893,0.503822,0.021478,1,
id0367,id0498,original,crop,0.442060,0.546223,0.008855,1,
id0368,id0369,original,crop,0.278135,0.493258,0.016105,1,
id0368,id0372,original,crop,0.339419,0.371657,0.007521,1,
id0368,id0373,original,crop,0.323270,0.394907,0.007802,1,
id0368,id0374,original,crop,0.424353,0.513627,0.003914,1,
id0368,id0378,original,crop,0.273512,0.361391,0.009030,1,
id0368,id0381,original,crop,0.279138,0.239826,0.008756,1,
id0368,id0382,original,crop,0.349536,0.448805,0.003199,1,
id0368,id0392,original,crop,0.328979,0.372559,0.004446,1,
id0368,id0396,original,crop,0.319289,0.330693,0.002331,1,
id0368,id0398,original,crop,0.367813,0.541750,0.005504,1,
id0368,id0399,original,crop,0.305552,0.395899,0.006239,1,
id0368,id0401,original,crop,0.363195,0.503298,0.004152,1,
id0368,id0402,original,crop,0.264642,0.311288,0.005070,1,
id0368,id0404,original,crop,0.313792,0.438486,0.007793,1,
id0368,id0411,original,crop,0.383470,0.510340,0.003624,1,
id0368,id0412,original,crop,0.277275,0.371804,0.007327,1,
id0368,id0418,original,crop,0.360971,0.438353,0.011885,1,
id0368,id0421,original,crop,0.246977,0.332584,0.004818,1,
id0368,id0422,original,crop,0.244065,0.361618,0.006928,1,
id0368,id0431,original,crop,0.277444,0.464378,0.008232,1,
id0368,id0437,original,crop,0.395894,0.583211,0.013468,1,
id0368,id0441,original,crop,0.288680,0.440372,0.007119,1,
id0368,id0447,original,crop,0.305555,0.438008,0.016958,1,
id0368,id0460,original,crop,0.239035,0.301302,0.005438,1,
id0368,id0462,original,crop,0.245476,0.362621,0.014047,1,
id0368,id0465,original,crop,0.316165,0.433734,0.002789,1,
id0368,id0466,original,crop,0.255650,0.438981,0.016376,1,
id0368,id0468,original,crop,0.377307,0.567866,0.003446,1,
id0368,id0470,original,crop,0.327615,0.475002,0.004878,1,
id0368,id0476,original,crop,0.221592,0.341625,0.014288,1,
id0368,id0486,original,crop,0.329100,0.444170,0.003799,1,
id0368,id0491,original,crop,0.302179,0.418900,0.012568,1,
id0368,id0498,original,crop,0.312178,0.435933,0.003761,1,
id0369,id0372,original,crop,0.347727,0.379905,0.004241,1,
id0369,id0373,original,crop,0.308865,0.381869,0.006130,1,
id0369,id0374,original,crop,0.439228,0.518755,0.002281,1,
id0369,id0378,original,crop,0.319610,0.473363,0.006033,1,
id0369,id0381,original,crop,0.330092,0.403679,0.006580,1,
id0369,id0382,original,crop,0.376796,0.611294,0.001333,1,
id0369,id0392,original,crop,0.380153,0.471767,0.002768,1,
id0369,id0396,original,crop,0.375339,0.508403,0.002387,1,
id0369,id0398,original,crop,0.333605,0.518719,0.003297,1,
id0369,id0399,original,crop,0.293778,0.475035,0.003428,1,
id0369,id0401,original,crop,0.372611,0.565752,0.002057,1,
id0369,id0402,original,crop,0.333655,0.474236,0.002977,1,
id0369,id0404,original,crop,0.370975,0.571235,0.004596,1,
id0369,id0411,original,crop,0.405657,0.652604,0.002229,1,
id0369,id0412,original,crop,0.302253,0.459473,0.004049,1,
id0369,id0418,original,crop,0.396910,0.451916,0.007821,1,
id0369,id0421,original,crop,0.371761,0.526935,0.002963,1,
id0369,id0422,original,crop,0.304319,0.427663,0.004224,1,
id0369,id0431,original,crop,0.286435,0.417468,0.004765,1,
id0369,id0437,original,crop,0.320811,0.445686,0.008354,1,
id0369,id0441,original,crop,0.335377,0.534087,0.004343,1,
id0369,id0447,original,crop,0.259280,0.338897,0.012645,1,
id0369,id0460,original,crop,0.341006,0.540501,0.003581,1,
id0369,id0462,original,crop,0.254366,0.416264,0.010080,1,
id0369,id0465,original,crop,0.341972,0.537324,0.001434,1,
id0369,id0466,original,crop,0.216423,0.355200,0.011470,1,
id0369,id0468,original,crop,0.454635,0.686785,0.002761,1,
id0369,id0470,original,crop,0.359321,0.541310,0.002948,1,
id0369,id0476,original,crop,0.241311,0.409813,0.011407,1,
id0369,id0486,original,crop,0.383549,0.605039,0.002276,1,
id0369,id0491,original,crop,0.308094,0.469550,0.008851,1,
id0369,id0498,original,crop,0.420813,0.588928,0.002494,1,
id0372,id0373,original,crop,0.393890,0.499978,0.011423,1,
id0372,id0374,original,crop,0.553656,0.566525,0.005153,1,
id0372,id0378,original,crop,0.305931,0.417686,0.011325,1,
id0372,id0381,original,crop,0.251565,0.342544,0.012001,1,
id0372,id0382,original,crop,0.399647,0.457492,0.002639,1,
id0372,id0392,original,crop,0.391991,0.390953,0.005847,1,
id0372,id0396,original,crop,0.417764,0.375360,0.004096,1,
id0372,id0398,original,crop,0.346982,0.443262,0.004865,1,
id0372,id0399,original,crop,0.440006,0.467522,0.007446,1,
id0372,id0401,original,crop,0.382928,0.423596,0.003796,1,
id0372,id0402,original,crop,0.244836,0.357910,0.006755,1,
id0372,id0404,original,crop,0.270722,0.486674,0.008927,1,
id0372,id0411,original,crop,0.450043,0.513194,0.002532,1,
id0372,id0412,original,crop,0.258469,0.359277,0.008771,1,
id0372,id0418,original,crop,0.256923,0.365645,0.014034,1,
id0372,id0421,original,crop,0.398139,0.432020,0.006624,1,
id0372,id0422,original,crop,0.321812,0.407441,0.009086,1,
id0372,id0431,original,crop,0.318000,0.354025,0.009065,1,
id0372,id0437,original,crop,0.306321,0.477467,0.014749,1,
id0372,id0441,original,crop,0.332090,0.417999,0.007908,1,
id0372,id0447,original,crop,0.485227,0.442425,0.020298,1,
id0372,id0460,original,crop,0.336339,0.425452,0.007528,1,
id0372,id0462,original,crop,0.401520,0.391350,0.017432,1,
id0372,id0465,original,crop,0.363217,0.396216,0.002488,1,
id0372,id0466,original,crop,0.414976,0.427907,0.019471,1,
id0372,id0468,original,crop,0.400486,0.544703,0.002548,1,
id0372,id0470,original,crop,0.235245,0.395735,0.005056,1,
id0372,id0476,original,crop,0.412583,0.451223,0.018381,1,
id0372,id0486,original,crop,0.510439,0.565417,0.005581,1,
id0372,id0491,original,crop,0.354563,0.437322,0.015279,1,
id0372,id0498,original,crop,0.431900,0.530460,0.005455,1,
id0373,id0374,original,crop,0.469390,0.404371,0.002773,1,
id0373,id0378,original,crop,0.297376,0.369243,0.007201,1,
id0373,id0381,original,crop,0.277948,0.265038,0.007430,1,
id0373,id0382,original,crop,0.455828,0.586909,0.003181,1,
id0373,id0392,original,crop,0.301899,0.376141,0.003604,1,
id0373,id0396,original,crop,0.295011,0.379244,0.001533,1,
id0373,id0398,original,crop,0.479281,0.661324,0.005930,1,
id0373,id0399,original,crop,0.340529,0.421439,0.005046,1,
id0373,id0401,original,crop,0.412575,0.534540,0.003640,1,
id0373,id0402,original,crop,0.334375,0.404135,0.004210,1,
id0373,id0404,original,crop,0.399653,0.541023,0.007237,1,
id0373,id0411,original,crop,0.454953,0.614825,0.004047,1,
id0373,id0412,original,crop,0.368775,0.485255,0.006169,1,
id0373,id0418,original,crop,0.351211,0.496638,0.010616,1,
id0373,id0421,original,crop,0.342958,0.431335,0.003669,1,
id0373,id0422,original,crop,0.307924,0.418472,0.005728,1,
id0373,id0431,original,crop,0.406537,0.585983,0.007631,1,
id0373,id0437,original,crop,0.360031,0.527239,0.011398,1,
id0373,id0441,original,crop,0.376048,0.513447,0.006453,1,
id0373,id0447,original,crop,0.405099,0.473260,0.015327,1,
id0373,id0460,original,crop,0.300464,0.389498,0.004258,1,
id0373,id0462,original,crop,0.377932,0.446999,0.012330,1,
id0373,id0465,original,crop,0.415658,0.501603,0.002728,1,
id0373,id0466,original,crop,0.372974,0.451390,0.014628,1,
id0373,id0468,original,crop,0.529465,0.735076,0.004415,1,
id0373,id0470,original,crop,0.409604,0.585969,0.004883,1,
id0373,id0476,original,crop,0.290062,0.342440,0.012511,1,
id0373,id0486,original,crop,0.365975,0.448395,0.002603,1,
id0373,id0491,original,crop,0.265997,0.336460,0.010278,1,
id0373,id0498,original,crop,0.384710,0.425635,0.002740,1,
id0374,id0378,original,crop,0.466171,0.382650,0.006768,1,
id0374,id0381,original,crop,0.471812,0.531419,0.007982,1,
id0374,id0382,original,crop,0.449944,0.641589,0.003239,1,
id0374,id0392,original,crop,0.444586,0.463224,0.003884,1,
id0374,id0396,original,crop,0.554511,0.690097,0.002982,1,
id0374,id0398,original,crop,0.588294,0.824463,0.006937,1,
id0374,id0399,original,crop,0.314847,0.348900,0.004210,1,
id0374,id0401,original,crop,0.382946,0.525449,0.002730,1,
id0374,id0402,original,crop,0.446936,0.522081,0.004529,1,
id0374,id0404,original,crop,0.491666,0.588850,0.007451,1,
id0374,id0411,original,crop,0.402865,0.541490,0.003049,1,
id0374,id0412,original,crop,0.495529,0.614812,0.006427,1,
id0374,id0418,original,crop,0.560807,0.656239,0.011096,1,
id0374,id0421,original,crop,0.417540,0.479216,0.003308,1,
id0374,id0422,original,crop,0.469122,0.544352,0.006270,1,
id0374,id0431,original,crop,0.536374,0.723773,0.008201,1,
id0374,id0437,original,crop,0.482325,0.519461,0.009604,1,
id0374,id0441,original,crop,0.385741,0.448284,0.005344,1,
id0374,id0447,original,crop,0.436110,0.564673,0.015211,1,
id0374,id0460,original,crop,0.403737,0.497412,0.004415,1,
id0374,id0462,original,crop,0.487800,0.631843,0.012945,1,
id0374,id0465,original,crop,0.344692,0.489096,0.002396,1,
id0374,id0466,original,crop,0.391009,0.525961,0.013967,1,
id0374,id0468,original,crop,0.595522,0.827286,0.005127,1,
id0374,id0470,original,crop,0.527500,0.716411,0.005751,1,
id0374,id0476,original,crop,0.350434,0.463085,0.012677,1,
id0374,id0486,original,crop,0.376420,0.485213,0.003472,1,
id0374,id0491,original,crop,0.327227,0.317492,0.009141,1,
id0374,id0498,original,crop,0.293935,0.334210,0.002391,1,
id0378,id0381,original,crop,0.258883,0.365875,0.011734,1,
id0378,id0382,original,crop,0.375325,0.459293,0.003635,1,
id0378,id0392,original,crop,0.282779,0.357204,0.005545,1,
id0378,id0396,original,crop,0.341484,0.395940,0.003606,1,
id0378,id0398,original,crop,0.436635,0.617986,0.007029,1,
id0378,id0399,original,crop,0.299539,0.358031,0.006790,1,
id0378,id0401,original,crop,0.327158,0.362328,0.003528,1,
id0378,id0402,original,crop,0.239892,0.345608,0.006840,1,
id0378,id0404,original,crop,0.317791,0.465724,0.009788,1,
id0378,id0411,original,crop,0.368724,0.453289,0.002888,1,
id0378,id0412,original,crop,0.286274,0.394612,0.008536,1,
id0378,id0418,original,crop,0.318898,0.511756,0.014458,1,
id0378,id0421,original,crop,0.248029,0.359867,0.005843,1,
id0378,id0422,original,crop,0.260000,0.423786,0.008877,1,
id0378,id0431,original,crop,0.351046,0.523061,0.009725,1,
id0378,id0437,original,crop,0.271075,0.469841,0.013425,1,
id0378,id0441,original,crop,0.264786,0.359736,0.007425,1,
id0378,id0447,original,crop,0.404842,0.489497,0.018868,1,
id0378,id0460,original,crop,0.224651,0.315780,0.006817,1,
id0378,id0462,original,crop,0.355400,0.473994,0.017371,1,
id0378,id0465,original,crop,0.333051,0.366360,0.003192,1,
id0378,id0466,original,crop,0.375135,0.515806,0.018786,1,
id0378,id0468,original,crop,0.421750,0.613998,0.003932,1,
id0378,id0470,original,crop,0.348253,0.509379,0.006202,1,
id0378,id0476,original,crop,0.312932,0.409375,0.017053,1,
id0378,id0486,original,crop,0.404509,0.489826,0.005744,1,
id0378,id0491,original,crop,0.243114,0.329613,0.013863,1,
id0378,id0498,original,crop,0.296324,0.399029,0.004668,1,
id0381,id0382,original,crop,0.377482,0.495860,0.002578,1,
id0381,id0392,original,crop,0.304762,0.394210,0.004252,1,
id0381,id0396,original,crop,0.353904,0.289953,0.002416,1,
id0381,id0398,original,crop,0.401344,0.567936,0.005102,1,
id0381,id0399,original,crop,0.365413,0.456310,0.005805,1,
id0381,id0401,original,crop,0.380073,0.545638,0.004230,1,
id0381,id0402,original,crop,0.189996,0.341639,0.004875,1,
id0381,id0404,original,crop,0.256773,0.475145,0.007319,1,
id0381,id0411,original,crop,0.421998,0.572123,0.003450,1,
id0381,id0412,original,crop,0.272537,0.410341,0.007089,1,
id0381,id0418,original,crop,0.252667,0.448018,0.011571,1,
id0381,id0421,original,crop,0.305261,0.380724,0.004675,1,
id0381,id0422,original,crop,0.257963,0.397932,0.006813,1,
id0381,id0431,original,crop,0.335173,0.497237,0.008202,1,
id0381,id0437,original,crop,0.337790,0.622010,0.013815,1,
id0381,id0441,original,crop,0.304663,0.499080,0.007179,1,
id0381,id0447,original,crop,0.441186,0.502888,0.017148,1,
id0381,id0460,original,crop,0.237167,0.331124,0.005415,1,
id0381,id0462,original,crop,0.358762,0.368056,0.013823,1,
id0381,id0465,original,crop,0.346624,0.468598,0.002300,1,
id0381,id0466,original,crop,0.371010,0.455630,0.016297,1,
id0381,id0468,original,crop,0.427909,0.621960,0.003379,1,
id0381,id0470,original,crop,0.305041,0.501601,0.004687,1,
id0381,id0476,original,crop,0.317799,0.369730,0.014328,1,
id0381,id0486,original,crop,0.403657,0.465969,0.003405,1,
id0381,id0491,original,crop,0.270061,0.447722,0.012884,1,
id0381,id0498,original,crop,0.328005,0.476799,0.003475,1,
id0382,id0392,original,crop,0.336285,0.386348,0.006893,1,
id0382,id0396,original,crop,0.391719,0.513438,0.005746,1,
id0382,id0398,original,crop,0.328842,0.421549,0.004511,1,
id0382,id0399,original,crop,0.330464,0.467989,0.009497,1,
id0382,id0401,original,crop,0.314808,0.480253,0.005273,1,
id0382,id0402,original,crop,0.265893,0.276145,0.008207,1,
id0382,id0404,original,crop,0.239586,0.312372,0.009912,1,
id0382,id0411,original,crop,0.245869,0.324733,0.002772,1,
id0382,id0412,original,crop,0.233227,0.295235,0.010238,1,
id0382,id0418,original,crop,0.404473,0.406348,0.015435,1,
id0382,id0421,original,crop,0.306134,0.333049,0.008315,1,
id0382,id0422,original,crop,0.308426,0.384122,0.010626,1,
id0382,id0431,original,crop,0.314524,0.406092,0.010331,1,
id0382,id0437,original,crop,0.490222,0.696370,0.017798,1,
id0382,id0441,original,crop,0.295433,0.396663,0.009874,1,
id0382,id0447,original,crop,0.458357,0.582969,0.023007,1,
id0382,id0460,original,crop,0.283278,0.348308,0.009429,1,
id0382,id0462,original,crop,0.270189,0.355694,0.019392,1,
id0382,id0465,original,crop,0.279857,0.350688,0.003015,1,
id0382,id0466,original,crop,0.386882,0.534877,0.021836,1,
id0382,id0468,original,crop,0.248895,0.316518,0.001879,1,
id0382,id0470,original,crop,0.304610,0.333485,0.005992,1,
id0382,id0476,original,crop,0.405574,0.545512,0.021205,1,
id0382,id0486,original,crop,0.283578,0.413519,0.006683,1,
id0382,id0491,original,crop,0.396245,0.557444,0.018334,1,
id0382,id0498,original,crop,0.334916,0.473385,0.006930,1,
id0392,id0396,original,crop,0.318582,0.391762,0.005351,1,
id0392,id0398,original,crop,0.445610,0.520061,0.006910,1,
id0392,id0399,original,crop,0.311636,0.422477,0.010657,1,
id0392,id0401,original,crop,0.307914,0.359371,0.006004,1,
id0392,id0402,original,crop,0.263153,0.287327,0.009410,1,
id0392,id0404,original,crop,0.296270,0.372904,0.011752,1,
id0392,id0411,original,crop,0.348857,0.403129,0.003939,1,
id0392,id0412,original,crop,0.325721,0.339824,0.011819,1,
id0392,id0418,original,crop,0.370062,0.405748,0.017631,1,
id0392,id0421,original,crop,0.259913,0.339272,0.008935,1,
id0392,id0422,original,crop,0.252434,0.357066,0.011785,1,
id0392,id0431,original,crop,0.349446,0.481933,0.012341,1,
id0392,id0437,original,crop,0.364464,0.551294,0.019642,1,
id0392,id0441,original,crop,0.263996,0.343252,0.010736,1,
id0392,id0447,original,crop,0.452529,0.558809,0.025199,1,
id0392,id0460,original,crop,0.258632,0.336664,0.010201,1,
id0392,id0462,original,crop,0.380229,0.393749,0.021448,1,
id0392,id0465,original,crop,0.301825,0.331071,0.003939,1,
id0392,id0466,original,crop,0.416769,0.516104,0.024206,1,
id0392,id0468,original,crop,0.404677,0.496691,0.002984,1,
id0392,id0470,original,crop,0.330755,0.380117,0.007379,1,
id0392,id0476,original,crop,0.357637,0.452579,0.022005,1,
id0392,id0486,original,crop,0.313447,0.407010,0.007502,1,
id0392,id0491,original,crop,0.267808,0.383824,0.019173,1,
id0392,id0498,original,crop,0.292905,0.392302,0.007203,1,
id0396,id0398,original,crop,0.434064,0.573619,0.009430,1,
id0396,id0399,original,crop,0.368911,0.572589,0.013046,1,
id0396,id0401,original,crop,0.420079,0.549475,0.009053,1,
id0396,id0402,original,crop,0.331562,0.376342,0.011736,1,
id0396,id0404,original,crop,0.341950,0.462280,0.014717,1,
id0396,id0411,original,crop,0.431370,0.583385,0.006664,1,
id0396,id0412,original,crop,0.334044,0.429926,0.014787,1,
id0396,id0418,original,crop,0.423745,0.548126,0.021612,1,
id0396,id0421,original,crop,0.322661,0.469499,0.011193,1,
id0396,id0422,original,crop,0.230366,0.433192,0.014194,1,
id0396,id0431,original,crop,0.359612,0.550922,0.015594,1,
id0396,id0437,original,crop,0.474152,0.721861,0.023167,1,
id0396,id0441,original,crop,0.372539,0.560979,0.014617,1,
id0396,id0447,original,crop,0.448912,0.666832,0.028444,1,
id0396,id0460,original,crop,0.270844,0.369784,0.011987,1,
id0396,id0462,original,crop,0.277450,0.437204,0.024528,1,
id0396,id0465,original,crop,0.403751,0.521289,0.006055,1,
id0396,id0466,original,crop,0.406411,0.623974,0.027747,1,
id0396,id0468,original,crop,0.421676,0.558210,0.005385,1,
id0396,id0470,original,crop,0.354499,0.467504,0.009819,1,
id0396,id0476,original,crop,0.378272,0.555538,0.025242,1,
id0396,id0486,original,crop,0.328229,0.505318,0.008908,1,
id0396,id0491,original,crop,0.391823,0.567793,0.022587,1,
id0396,id0498,original,crop,0.437012,0.602651,0.009551,1,
id0398,id0399,original,crop,0.457229,0.625695,0.008152,1,
id0398,id0401,original,crop,0.417295,0.588734,0.004140,1,
id0398,id0402,original,crop,0.327117,0.451406,0.005690,1,
id0398,id0404,original,crop,0.322935,0.452397,0.006386,1,
id0398,id0411,original,crop,0.423926,0.574824,0.003135,1,
id0398,id0412,original,crop,0.298256,0.389090,0.007212,1,
id0398,id0418,original,crop,0.373546,0.372059,0.010178,1,
id0398,id0421,original,crop,0.453945,0.584594,0.007069,1,
id0398,id0422,original,crop,0.348143,0.425749,0.007259,1,
id0398,id0431,original,crop,0.260728,0.279322,0.005784,1,
id0398,id0437,original,crop,0.478185,0.691569,0.014293,1,
id0398,id0441,original,crop,0.391508,0.558460,0.007046,1,
id0398,id0447,original,crop,0.459389,0.549930,0.017992,1,
id0398,id0460,original,crop,0.406621,0.571808,0.007454,1,
id0398,id0462,original,crop,0.295371,0.390009,0.014004,1,
id0398,id0465,original,crop,0.342753,0.518600,0.002499,1,
id0398,id0466,original,crop,0.393692,0.558405,0.017190,1,
id0398,id0468,original,crop,0.313317,0.384504,0.001172,1,
id0398,id0470,original,crop,0.262555,0.311992,0.002752,1,
id0398,id0476,original,crop,0.430725,0.617051,0.017432,1,
id0398,id0486,original,crop,0.462028,0.637277,0.005455,1,
id0398,id0491,original,crop,0.489895,0.689459,0.015514,1,
id0398,id0498,original,crop,0.516975,0.708651,0.006857,1,
id0399,id0401,original,crop,0.277777,0.460077,0.002152,1,
id0399,id0402,original,crop,0.334493,0.337301,0.003974,1,
id0399,id0404,original,crop,0.383984,0.429210,0.006383,1,
id0399,id0411,original,crop,0.317708,0.450316,0.002110,1,
id0399,id0412,original,crop,0.342022,0.401552,0.005453,1,
id0399,id0418,original,crop,0.453455,0.497312,0.010033,1,
id0399,id0421,original,crop,0.285345,0.323884,0.003478,1,
id0399,id0422,original,crop,0.297708,0.367248,0.005842,1,
id0399,id0431,original,crop,0.367184,0.480467,0.006625,1,
id0399,id0437,original,crop,0.366427,0.470440,0.009889,1,
id0399,id0441,original,crop,0.260331,0.349094,0.004805,1,
id0399,id0447,original,crop,0.282595,0.372324,0.014376,1,
id0399,id0460,original,crop,0.273197,0.334386,0.004364,1,
id0399,id0462,original,crop,0.309046,0.400416,0.012464,1,
id0399,id0465,original,crop,0.269685,0.369497,0.001554,1,
id0399,id0466,original,crop,0.293099,0.331622,0.013719,1,
id0399,id0468,original,crop,0.457013,0.649117,0.003545,1,
id0399,id0470,original,crop,0.411378,0.543332,0.004148,1,
id0399,id0476,original,crop,0.261795,0.310752,0.012804,1,
id0399,id0486,original,crop,0.275961,0.404316,0.003259,1,
id0399,id0491,original,crop,0.256791,0.320908,0.010227,1,
id0399,id0498,original,crop,0.287418,0.346334,0.002536,1,
id0401,id0402,original,crop,0.321851,0.370187,0.009397,1,
id0401,id0404,original,crop,0.329277,0.398228,0.011788,1,
id0401,id0411,original,crop,0.270475,0.353932,0.002948,1,
id0401,id0412,original,crop,0.315868,0.392088,0.011302,1,
id0401,id0418,original,crop,0.434160,0.505333,0.017130,1,
id0401,id0421,original,crop,0.338303,0.425842,0.008905,1,
id0401,id0422,original,crop,0.306677,0.406669,0.011638,1,
id0401,id0431,original,crop,0.353495,0.471505,0.011450,1,
id0401,id0437,original,crop,0.344696,0.400856,0.016979,1,
id0401,id0441,original,crop,0.197266,0.234412,0.008980,1,
id0401,id0447,original,crop,0.432471,0.546751,0.024109,1,
id0401,id0460,original,crop,0.310484,0.428452,0.010160,1,
id0401,id0462,original,crop,0.401666,0.497838,0.021456,1,
id0401,id0465,original,crop,0.195767,0.269629,0.003647,1,
id0401,id0466,original,crop,0.401225,0.524555,0.023529,1,
id0401,id0468,original,crop,0.422057,0.543317,0.003339,1,
id0401,id0470,original,crop,0.332081,0.429456,0.007000,1,
id0401,id0476,original,crop,0.391364,0.527640,0.022232,1,
id0401,id0486,original,crop,0.385273,0.534282,0.008579,1,
id0401,id0491,original,crop,0.305484,0.374354,0.018453,1,
id0401,id0498,original,crop,0.300450,0.459167,0.007637,1,
id0402,id0404,original,crop,0.183373,0.326157,0.008355,1,
id0402,id0411,original,crop,0.303578,0.388428,0.002771,1,
id0402,id0412,original,crop,0.214635,0.282232,0.008318,1,
id0402,id0418,original,crop,0.254257,0.367128,0.013138,1,
id0402,id0421,original,crop,0.241344,0.305638,0.006000,1,
id0402,id0422,original,crop,0.238289,0.305574,0.008151,1,
id0402,id0431,original,crop,0.281636,0.391206,0.008865,1,
id0402,id0437,original,crop,0.368647,0.589640,0.015291,1,
id0402,id0441,original,crop,0.235409,0.367534,0.007835,1,
id0402,id0447,original,crop,0.453887,0.503786,0.019766,1,
id0402,id0460,original,crop,0.200218,0.266714,0.006889,1,
id0402,id0462,original,crop,0.295920,0.314259,0.016337,1,
id0402,id0465,original,crop,0.275577,0.333562,0.002353,1,
id0402,id0466,original,crop,0.365052,0.464022,0.018728,1,
id0402,id0468,original,crop,0.305624,0.421098,0.002375,1,
id0402,id0470,original,crop,0.223321,0.327302,0.004726,1,
id0402,id0476,original,crop,0.337777,0.419005,0.017169,1,
id0402,id0486,original,crop,0.348275,0.398559,0.004670,1,
id0402,id0491,original,crop,0.297275,0.435224,0.015084,1,
id0402,id0498,original,crop,0.289693,0.427185,0.004754,1,
id0404,id0411,original,crop,0.309587,0.403324,0.002612,1,
id0404,id0412,original,crop,0.218146,0.324546,0.008421,1,
id0404,id0418,original,crop,0.301484,0.435370,0.012993,1,
id0404,id0421,original,crop,0.319044,0.399340,0.006899,1,
id0404,id0422,original,crop,0.229009,0.301430,0.008163,1,
id0404,id0431,original,crop,0.283628,0.407834,0.008381,1,
id0404,id0437,original,crop,0.410840,0.652823,0.015624,1,
id0404,id0441,original,crop,0.250451,0.398363,0.007783,1,
id0404,id0447,original,crop,0.503725,0.578679,0.020259,1,
id0404,id0460,original,crop,0.243574,0.322282,0.007374,1,
id0404,id0462,original,crop,0.311853,0.338253,0.016221,1,
id0404,id0465,original,crop,0.284854,0.355896,0.002600,1,
id0404,id0466,original,crop,0.409648,0.505292,0.018719,1,
id0404,id0468,original,crop,0.274039,0.403079,0.001667,1,
id0404,id0470,original,crop,0.198381,0.325208,0.004333,1,
id0404,id0476,original,crop,0.416856,0.512968,0.018364,1,
id0404,id0486,original,crop,0.364966,0.439955,0.005569,1,
id0404,id0491,original,crop,0.366881,0.522053,0.015743,1,
id0404,id0498,original,crop,0.354615,0.519680,0.006090,1,
id0411,id0412,original,crop,0.349532,0.450229,0.013256,1,
id0411,id0418,original,crop,0.438750,0.524344,0.019098,1,
id0411,id0421,original,crop,0.295364,0.394520,0.010235,1,
id0411,id0422,original,crop,0.332680,0.459961,0.013332,1,
id0411,id0431,original,crop,0.357571,0.521427,0.013020,1,
id0411,id0437,original,crop,0.456442,0.674474,0.019568,1,
id0411,id0441,original,crop,0.214827,0.308567,0.010629,1,
id0411,id0447,original,crop,0.490217,0.639740,0.026664,1,
id0411,id0460,original,crop,0.296883,0.405594,0.011669,1,
id0411,id0462,original,crop,0.377575,0.515422,0.023615,1,
id0411,id0465,original,crop,0.280850,0.347262,0.004728,1,
id0411,id0466,original,crop,0.384575,0.578336,0.024880,1,
id0411,id0468,original,crop,0.322885,0.413418,0.003095,1,
id0411,id0470,original,crop,0.353529,0.440050,0.008196,1,
id0411,id0476,original,crop,0.420208,0.597917,0.024612,1,
id0411,id0486,original,crop,0.324308,0.482696,0.009983,1,
id0411,id0491,original,crop,0.356798,0.519555,0.020480,1,
id0411,id0498,original,crop,0.308693,0.443745,0.008777,1,
id0412,id0418,original,crop,0.286749,0.358436,0.015563,1,
id0412,id0421,original,crop,0.302943,0.364570,0.008148,1,
id0412,id0422,original,crop,0.253256,0.345616,0.010574,1,
id0412,id0431,original,crop,0.261738,0.317951,0.010542,1,
id0412,id0437,original,crop,0.386717,0.610828,0.017973,1,
id0412,id0441,original,crop,0.300312,0.428828,0.009792,1,
id0412,id0447,original,crop,0.408681,0.476821,0.022536,1,
id0412,id0460,original,crop,0.263142,0.345911,0.009169,1,
id0412,id0462,original,crop,0.258951,0.292488,0.019405,1,
id0412,id0465,original,crop,0.302869,0.378140,0.003069,1,
id0412,id0466,original,crop,0.359976,0.469144,0.022087,1,
id0412,id0468,original,crop,0.308968,0.422259,0.002434,1,
id0412,id0470,original,crop,0.257752,0.328543,0.006210,1,
id0412,id0476,original,crop,0.347668,0.446230,0.020470,1,
id0412,id0486,original,crop,0.368430,0.470153,0.006457,1,
id0412,id0491,original,crop,0.339943,0.513512,0.018123,1,
id0412,id0498,original,crop,0.364585,0.511564,0.006494,1,
id0418,id0421,original,crop,0.369229,0.517867,0.006323,1,
id0418,id0422,original,crop,0.322775,0.495925,0.007876,1,
id0418,id0431,original,crop,0.344582,0.419701,0.007493,1,
id0418,id0437,original,crop,0.390005,0.630457,0.015029,1,
id0418,id0441,original,crop,0.367867,0.527567,0.007373,1,
id0418,id0447,original,crop,0.516494,0.540070,0.018885,1,
id0418,id0460,original,crop,0.307640,0.500589,0.006983,1,
id0418,id0462,original,crop,0.410867,0.458968,0.015470,1,
id0418,id0465,original,crop,0.422876,0.457016,0.002067,1,
id0418,id0466,original,crop,0.453255,0.546114,0.018020,1,
id0418,id0468,original,crop,0.391486,0.539556,0.001731,1,
id0418,id0470,original,crop,0.307819,0.397897,0.003944,1,
id0418,id0476,original,crop,0.403558,0.543603,0.016951,1,
id0418,id0486,original,crop,0.470327,0.604009,0.004784,1,
id0418,id0491,original,crop,0.373128,0.563722,0.015064,1,
id0418,id0498,original,crop,0.401312,0.584266,0.005198,1,
id0421,id0422,original,crop,0.257735,0.425072,0.010591,1,
id0421,id0431,original,crop,0.330757,0.519527,0.011751,1,
id0421,id0437,original,crop,0.395903,0.639052,0.017577,1,
id0421,id0441,original,crop,0.256471,0.395720,0.009763,1,
id0421,id0447,original,crop,0.407444,0.559338,0.022770,1,
id0421,id0460,original,crop,0.201648,0.274595,0.008525,1,
id0421,id0462,original,crop,0.326840,0.409096,0.019526,1,
id0421,id0465,original,crop,0.329783,0.393525,0.003532,1,
id0421,id0466,original,crop,0.346490,0.513437,0.021453,1,
id0421,id0468,original,crop,0.360513,0.522105,0.003858,1,
id0421,id0470,original,crop,0.382815,0.480029,0.007374,1,
id0421,id0476,original,crop,0.297387,0.426644,0.019398,1,
id0421,id0486,original,crop,0.305494,0.410798,0.006210,1,
id0421,id0491,original,crop,0.275356,0.432185,0.016915,1,
id0421,id0498,original,crop,0.234395,0.370166,0.005499,1,
id0422,id0431,original,crop,0.263494,0.455329,0.009853,1,
id0422,id0437,original,crop,0.369047,0.573486,0.016548,1,
id0422,id0441,original,crop,0.248051,0.413093,0.008707,1,
id0422,id0447,original,crop,0.406360,0.533819,0.020970,1,
id0422,id0460,original,crop,0.194269,0.310412,0.007504,1,
id0422,id0462,original,crop,0.272742,0.356249,0.017564,1,
id0422,id0465,original,crop,0.287564,0.399008,0.002994,1,
id0422,id0466,original,crop,0.334963,0.479673,0.019981,1,
id0422,id0468,original,crop,0.315886,0.486908,0.002722,1,
id0422,id0470,original,crop,0.241271,0.384413,0.005295,1,
id0422,id0476,original,crop,0.306629,0.431908,0.018269,1,
id0422,id0486,original,crop,0.307596,0.454964,0.005535,1,
id0422,id0491,original,crop,0.304982,0.434891,0.016244,1,
id0422,id0498,original,crop,0.327702,0.483098,0.005779,1,
id0431,id0437,original,crop,0.406171,0.630603,0.013518,1,
id0431,id0441,original,crop,0.298886,0.504444,0.006048,1,
id0431,id0447,original,crop,0.341002,0.441156,0.017260,1,
id0431,id0460,original,crop,0.330717,0.513881,0.006604,1,
id0431,id0462,original,crop,0.266161,0.348461,0.014250,1,
id0431,id0465,original,crop,0.326847,0.476695,0.001772,1,
id0431,id0466,original,crop,0.284583,0.442043,0.016493,1,
id0431,id0468,original,crop,0.305890,0.457187,0.001264,1,
id0431,id0470,original,crop,0.247632,0.353718,0.002825,1,
id0431,id0476,original,crop,0.337154,0.530519,0.016476,1,
id0431,id0486,original,crop,0.418949,0.604777,0.004986,1,
id0431,id0491,original,crop,0.386687,0.623158,0.014511,1,
id0431,id0498,original,crop,0.434914,0.655719,0.005503,1,
id0437,id0441,original,crop,0.336689,0.462389,0.006133,1,
id0437,id0447,original,crop,0.415288,0.481936,0.018386,1,
id0437,id0460,original,crop,0.383953,0.591906,0.007005,1,
id0437,id0462,original,crop,0.470101,0.588258,0.016446,1,
id0437,id0465,original,crop,0.394984,0.511433,0.002695,1,
id0437,id0466,original,crop,0.405369,0.512989,0.017431,1,
id0437,id0468,original,crop,0.537403,0.758046,0.003987,1,
id0437,id0470,original,crop,0.411726,0.610769,0.006036,1,
id0437,id0476,original,crop,0.370798,0.531226,0.017258,1,
id0437,id0486,original,crop,0.534355,0.720606,0.006326,1,
id0437,id0491,original,crop,0.259729,0.393819,0.012752,1,
id0437,id0498,original,crop,0.409972,0.607735,0.004926,1,
id0441,id0447,original,crop,0.405120,0.503157,0.023243,1,
id0441,id0460,original,crop,0.215857,0.348196,0.009484,1,
id0441,id0462,original,crop,0.343782,0.422628,0.020404,1,
id0441,id0465,original,crop,0.198906,0.260728,0.003394,1,
id0441,id0466,original,crop,0.325193,0.436953,0.021961,1,
id0441,id0468,original,crop,0.351042,0.491592,0.002872,1,
id0441,id0470,original,crop,0.280436,0.403871,0.006590,1,
id0441,id0476,original,crop,0.339167,0.461198,0.021181,1,
id0441,id0486,original,crop,0.358541,0.485261,0.008130,1,
id0441,id0491,original,crop,0.262593,0.373551,0.017554,1,
id0441,id0498,original,crop,0.261249,0.405046,0.006934,1,
id0447,id0460,original,crop,0.417431,0.524738,0.001846,1,
id0447,id0462,original,crop,0.315803,0.444722,0.006429,1,
id0447,id0465,original,crop,0.407628,0.561013,0.002154,1,
id0447,id0466,original,crop,0.235278,0.315375,0.007314,1,
id0447,id0468,original,crop,0.545201,0.714983,0.004915,1,
id0447,id0470,original,crop,0.484035,0.603663,0.002766,1,
id0447,id0476,original,crop,0.232137,0.373638,0.007068,1,
id0447,id0486,original,crop,0.426920,0.588953,0.001943,1,
id0447,id0491,original,crop,0.362332,0.506514,0.005510,1,
id0447,id0498,original,crop,0.457734,0.564036,0.001684,1,
id0460,id0462,original,crop,0.293692,0.494864,0.018128,1,
id0460,id0465,original,crop,0.279804,0.457027,0.003367,1,
id0460,id0466,original,crop,0.331595,0.594079,0.020131,1,
id0460,id0468,original,crop,0.351528,0.603244,0.003659,1,
id0460,id0470,original,crop,0.302722,0.525135,0.006478,1,
id0460,id0476,original,crop,0.304470,0.510587,0.018318,1,
id0460,id0486,original,crop,0.296735,0.507088,0.005599,1,
id0460,id0491,original,crop,0.258366,0.465726,0.015799,1,
id0460,id0498,original,crop,0.238959,0.480198,0.005319,1,
id0462,id0465,original,crop,0.320385,0.471634,0.001613,1,
id0462,id0466,original,crop,0.267492,0.418000,0.015297,1,
id0462,id0468,original,crop,0.355113,0.471828,0.002048,1,
id0462,id0470,original,crop,0.322122,0.397400,0.003462,1,
id0462,id0476,original,crop,0.285703,0.420700,0.014524,1,
id0462,id0486,original,crop,0.295444,0.445616,0.003005,1,
id0462,id0491,original,crop,0.396071,0.536476,0.012468,1,
id0462,id0498,original,crop,0.418402,0.540051,0.003623,1,
id0465,id0466,original,crop,0.345851,0.461945,0.020352,1,
id0465,id0468,original,crop,0.385231,0.481135,0.002251,1,
id0465,id0470,original,crop,0.280135,0.377412,0.005172,1,
id0465,id0476,original,crop,0.349491,0.467822,0.019136,1,
id0465,id0486,original,crop,0.331163,0.430870,0.006351,1,
id0465,id0491,original,crop,0.311850,0.410071,0.016487,1,
id0465,id0498,original,crop,0.281236,0.377375,0.005895,1,
id0466,id0468,original,crop,0.455653,0.675148,0.004336,1,
id0466,id0470,original,crop,0.403579,0.556940,0.002807,1,
id0466,id0476,original,crop,0.228243,0.352320,0.008184,1,
id0466,id0486,original,crop,0.395492,0.536103,0.001903,1,
id0466,id0491,original,crop,0.306731,0.444958,0.006198,1,
id0466,id0498,original,crop,0.399153,0.524764,0.001805,1,
id0468,id0470,original,crop,0.301538,0.345530,0.008010,1,
id0468,id0476,original,crop,0.478503,0.700840,0.026441,1,
id0468,id0486,original,crop,0.422627,0.611741,0.010460,1,
id0468,id0491,original,crop,0.488188,0.701742,0.023899,1,
id0468,id0498,original,crop,0.444195,0.667834,0.010897,1,
id0470,id0476,original,crop,0.419072,0.547207,0.019687,1,
id0470,id0486,original,crop,0.415587,0.541437,0.006308,1,
id0470,id0491,original,crop,0.400990,0.530506,0.017060,1,
id0470,id0498,original,crop,0.419937,0.577511,0.007112,1,
id0476,id0486,original,crop,0.332094,0.476005,0.002266,1,
id0476,id0491,original,crop,0.255288,0.364684,0.009042,1,
id0476,id0498,original,crop,0.325334,0.410686,0.001679,1,
id0486,id0491,original,crop,0.387684,0.461321,0.012991,1,
id0486,id0498,original,crop,0.318965,0.329650,0.003529,1,
id0491,id0498,original,crop,0.263266,0.378425,0.003284,1,
