kind,test,rows,arm,method,gt,what,delta,ci_low,ci_high,p_le0,rho_method,rho_ref
ref,facescape,cross,factorized_s1234,i_e2-dP,sr,factorized_s1234|i_e2|shape - factorized_s1234|dP|shape (sr),0.03379051877028383,0.004354612153053625,0.06584124919045264,0.007,0.7802928261989397,0.7465023074286559
ref,facescape,cross,factorized_s1234,i_e2-dP,fr,factorized_s1234|i_e2|form - factorized_s1234|dP|form (fr),0.02755271720610053,0.0014657283161732542,0.055707144813951545,0.019,0.6882093330452991,0.6606566158391985
ref,facescape,cross,factorized_s1234,i_e2-dP,fr_nosize,factorized_s1234|i_e2|shape - factorized_s1234|dP|shape (fr),0.03640362391936125,0.0038667577095921695,0.07258697665099516,0.014,0.7129575682997856,0.6765539443804244
ref,facescape,cross,factorized_s1234,i_nf_e2-dP,sr,factorized_s1234|i_nf_e2|shape - factorized_s1234|dP|shape (sr),0.008802992498643136,-0.02362171992450614,0.03985638971873711,0.295,0.755305299927299,0.7465023074286559
ref,facescape,cross,factorized_s1234,i_nf_e2-dP,fr,factorized_s1234|i_nf_e2|form - factorized_s1234|dP|form (fr),0.013720919982147084,-0.015814140026091116,0.04298807070484841,0.171,0.6743775358213456,0.6606566158391985
ref,facescape,cross,factorized_s1234,i_nf_e2-dP,fr_nosize,factorized_s1234|i_nf_e2|shape - factorized_s1234|dP|shape (fr),0.018374118348572277,-0.01649062174264524,0.05437732887758063,0.156,0.6949280627289967,0.6765539443804244
ref,facescape,cross,factorized_s1234,i_pre-dP,sr,factorized_s1234|i_pre|shape - factorized_s1234|dP|shape (sr),0.037975303507117864,0.01427459708394844,0.06532638217352489,0.002,0.7844776109357737,0.7465023074286559
ref,facescape,cross,factorized_s1234,i_pre-dP,fr,factorized_s1234|i_pre|form - factorized_s1234|dP|form (fr),0.029542760798076717,0.0031390820866128515,0.054706178523606465,0.013,0.6901993766372753,0.6606566158391985
ref,facescape,cross,factorized_s1234,i_pre-dP,fr_nosize,factorized_s1234|i_pre|shape - factorized_s1234|dP|shape (fr),0.02698753163601464,-0.002084422908468095,0.05779091049609203,0.037,0.703541476016439,0.6765539443804244
ref,facescape,cross,factorized_s1234,i_nf_pre-dP,sr,factorized_s1234|i_nf_pre|shape - factorized_s1234|dP|shape (sr),0.0,0.0,0.0,1.0,0.7465023074286559,0.7465023074286559
ref,facescape,cross,factorized_s1234,i_nf_pre-dP,fr,factorized_s1234|i_nf_pre|form - factorized_s1234|dP|form (fr),0.006466575566070887,0.004225732419755113,0.00863924834755126,0.0,0.6671231914052694,0.6606566158391985
ref,facescape,cross,factorized_s1234,i_nf_pre-dP,fr_nosize,factorized_s1234|i_nf_pre|shape - factorized_s1234|dP|shape (fr),0.0,0.0,0.0,1.0,0.6765539443804244,0.6765539443804244
ref,facescape,cross,factorized_s1234,joint-dP,sr,factorized_s1234|joint|shape - factorized_s1234|dP|shape (sr),0.14190118094112325,0.10593646002816265,0.18468915748862103,0.0,0.8884034883697791,0.7465023074286559
ref,facescape,cross,factorized_s1234,joint-dP,fr,factorized_s1234|joint|form - factorized_s1234|dP|form (fr),0.11662817503814404,0.07504446145285461,0.15778083894287775,0.0,0.7772847908773426,0.6606566158391985
ref,facescape,cross,factorized_s1234,joint-dP,fr_nosize,factorized_s1234|joint|shape - factorized_s1234|dP|shape (fr),0.12878712455991015,0.07933034537073057,0.17913733201369364,0.0,0.8053410689403345,0.6765539443804244
ref,facescape,cross,factorized_s1234,crit_logo-dP,sr,factorized_s1234|crit_logo|shape - factorized_s1234|dP|shape (sr),0.050058037901525965,0.025581051576886872,0.07660300363711293,0.0,0.7965603453301818,0.7465023074286559
ref,facescape,cross,factorized_s1234,crit_logo-dP,fr,factorized_s1234|crit_logo|form - factorized_s1234|dP|form (fr),0.045644640793799374,0.020597651884193057,0.07038615806677068,0.002,0.7063012566329979,0.6606566158391985
ref,facescape,cross,factorized_s1234,crit_logo-dP,fr_nosize,factorized_s1234|crit_logo|shape - factorized_s1234|dP|shape (fr),0.05188164997810685,0.01968808499501921,0.08436711084386259,0.002,0.7284355943585312,0.6765539443804244
ref,facescape,cross,factorized_s1234,crit_joint-dP,sr,factorized_s1234|crit_joint|shape - factorized_s1234|dP|shape (sr),0.13262163786283865,0.10017599938415674,0.17220580302283764,0.0,0.8791239452914945,0.7465023074286559
ref,facescape,cross,factorized_s1234,crit_joint-dP,fr,factorized_s1234|crit_joint|form - factorized_s1234|dP|form (fr),0.1138043921845674,0.07819546572392155,0.14932108532113317,0.0,0.7744610080237659,0.6606566158391985
ref,facescape,cross,factorized_s1234,crit_joint-dP,fr_nosize,factorized_s1234|crit_joint|shape - factorized_s1234|dP|shape (fr),0.12332883103741576,0.07875269998748953,0.16702022830031985,0.0,0.7998827754178401,0.6765539443804244
pair,facescape,cross,factorized_s1234,i_e2-i_pre,sr,factorized_s1234|i_e2|shape - factorized_s1234|i_pre|shape (sr),-0.004184784736834035,-0.03161203808631233,0.02470463016780708,0.612,0.7802928261989397,0.7844776109357737
pair,facescape,cross,factorized_s1234,i_e2-i_pre,fr,factorized_s1234|i_e2|form - factorized_s1234|i_pre|form (fr),-0.001990043591976187,-0.027172126444096893,0.02518893435618052,0.595,0.6882093330452991,0.6901993766372753
pair,facescape,cross,factorized_s1234,i_e2-i_pre,fr_nosize,factorized_s1234|i_e2|shape - factorized_s1234|i_pre|shape (fr),0.009416092283346611,-0.02007528345672469,0.04161502756227749,0.272,0.7129575682997856,0.703541476016439
pair,facescape,cross,factorized_s1234,i_e2-i_nf_e2,sr,factorized_s1234|i_e2|shape - factorized_s1234|i_nf_e2|shape (sr),0.024987526271640692,0.01464458216605026,0.03616093850665789,0.0,0.7802928261989397,0.755305299927299
pair,facescape,cross,factorized_s1234,i_e2-i_nf_e2,fr,factorized_s1234|i_e2|form - factorized_s1234|i_nf_e2|form (fr),0.013831797223953446,0.004444413872030731,0.02442719106061169,0.002,0.6882093330452991,0.6743775358213456
pair,facescape,cross,factorized_s1234,i_e2-i_nf_e2,fr_nosize,factorized_s1234|i_e2|shape - factorized_s1234|i_nf_e2|shape (fr),0.018029505570788973,0.006677644120031317,0.0306566440405354,0.001,0.7129575682997856,0.6949280627289967
pair,facescape,cross,factorized_s1234,i_nf_e2-i_nf_pre,sr,factorized_s1234|i_nf_e2|shape - factorized_s1234|i_nf_pre|shape (sr),0.008802992498643136,-0.02362171992450614,0.03985638971873711,0.295,0.755305299927299,0.7465023074286559
pair,facescape,cross,factorized_s1234,i_nf_e2-i_nf_pre,fr,factorized_s1234|i_nf_e2|form - factorized_s1234|i_nf_pre|form (fr),0.007254344416076197,-0.02219749306546726,0.03696174679103294,0.319,0.6743775358213456,0.6671231914052694
pair,facescape,cross,factorized_s1234,i_nf_e2-i_nf_pre,fr_nosize,factorized_s1234|i_nf_e2|shape - factorized_s1234|i_nf_pre|shape (fr),0.018374118348572277,-0.01649062174264524,0.05437732887758063,0.156,0.6949280627289967,0.6765539443804244
pair,facescape,cross,factorized_s1234,joint-i_e2,sr,factorized_s1234|joint|shape - factorized_s1234|i_e2|shape (sr),0.10811066217083942,0.08351374842205005,0.13737403077544302,0.0,0.8884034883697791,0.7802928261989397
pair,facescape,cross,factorized_s1234,joint-i_e2,fr,factorized_s1234|joint|form - factorized_s1234|i_e2|form (fr),0.08907545783204351,0.061231866979639546,0.11386174589052188,0.0,0.7772847908773426,0.6882093330452991
pair,facescape,cross,factorized_s1234,joint-i_e2,fr_nosize,factorized_s1234|joint|shape - factorized_s1234|i_e2|shape (fr),0.0923835006405489,0.06141854366126763,0.12183407484528863,0.0,0.8053410689403345,0.7129575682997856
ref,facescape,cross,factorized_s2345,i_e2-dP,sr,factorized_s2345|i_e2|shape - factorized_s2345|dP|shape (sr),0.01637878646681401,-0.012496570048912775,0.04457871483855951,0.136,0.7693761444250354,0.7529973579582214
ref,facescape,cross,factorized_s2345,i_e2-dP,fr,factorized_s2345|i_e2|form - factorized_s2345|dP|form (fr),0.016868592633066837,-0.00818673480204406,0.041722808213931976,0.088,0.6855676408804354,0.6686990482473686
ref,facescape,cross,factorized_s2345,i_e2-dP,fr_nosize,factorized_s2345|i_e2|shape - factorized_s2345|dP|shape (fr),0.020901316092035827,-0.010679640268544262,0.052646177365247855,0.088,0.7048700006925203,0.6839686846004844
ref,facescape,cross,factorized_s2345,i_nf_e2-dP,sr,factorized_s2345|i_nf_e2|shape - factorized_s2345|dP|shape (sr),0.01709986036088429,-0.00935345439981639,0.04279395883338217,0.11,0.7700972183191057,0.7529973579582214
ref,facescape,cross,factorized_s2345,i_nf_e2-dP,fr,factorized_s2345|i_nf_e2|form - factorized_s2345|dP|form (fr),0.022815761082023545,-0.0003443674202135843,0.045973926123728935,0.027,0.6915148093293921,0.6686990482473686
ref,facescape,cross,factorized_s2345,i_nf_e2-dP,fr_nosize,factorized_s2345|i_nf_e2|shape - factorized_s2345|dP|shape (fr),0.02419905081833995,-0.004574981676996557,0.054296880931004154,0.053,0.7081677354188244,0.6839686846004844
ref,facescape,cross,factorized_s2345,i_pre-dP,sr,factorized_s2345|i_pre|shape - factorized_s2345|dP|shape (sr),0.0,0.0,0.0,1.0,0.7529973579582214,0.7529973579582214
ref,facescape,cross,factorized_s2345,i_pre-dP,fr,factorized_s2345|i_pre|form - factorized_s2345|dP|form (fr),0.006905464394596494,0.004537346634590858,0.009182093215044576,0.0,0.6756045126419651,0.6686990482473686
ref,facescape,cross,factorized_s2345,i_pre-dP,fr_nosize,factorized_s2345|i_pre|shape - factorized_s2345|dP|shape (fr),0.0,0.0,0.0,1.0,0.6839686846004844,0.6839686846004844
ref,facescape,cross,factorized_s2345,i_nf_pre-dP,sr,factorized_s2345|i_nf_pre|shape - factorized_s2345|dP|shape (sr),0.0,0.0,0.0,1.0,0.7529973579582214,0.7529973579582214
ref,facescape,cross,factorized_s2345,i_nf_pre-dP,fr,factorized_s2345|i_nf_pre|form - factorized_s2345|dP|form (fr),0.00716146062135492,0.00469998382810948,0.009523076148027509,0.0,0.6758605088687235,0.6686990482473686
ref,facescape,cross,factorized_s2345,i_nf_pre-dP,fr_nosize,factorized_s2345|i_nf_pre|shape - factorized_s2345|dP|shape (fr),0.0,0.0,0.0,1.0,0.6839686846004844,0.6839686846004844
ref,facescape,cross,factorized_s2345,joint-dP,sr,factorized_s2345|joint|shape - factorized_s2345|dP|shape (sr),0.11997870382084541,0.08378753223341721,0.16107146758006052,0.0,0.8729760617790668,0.7529973579582214
ref,facescape,cross,factorized_s2345,joint-dP,fr,factorized_s2345|joint|form - factorized_s2345|dP|form (fr),0.08972179183149909,0.057476429279027304,0.12552713629816514,0.0,0.7584208400788677,0.6686990482473686
ref,facescape,cross,factorized_s2345,joint-dP,fr_nosize,factorized_s2345|joint|shape - factorized_s2345|dP|shape (fr),0.10673016229938204,0.06283507993235517,0.15302374462882912,0.0,0.7906988468998665,0.6839686846004844
ref,facescape,cross,factorized_s2345,crit_logo-dP,sr,factorized_s2345|crit_logo|shape - factorized_s2345|dP|shape (sr),0.0311716129109868,0.006857123978420715,0.05791468213776904,0.005,0.7841689708692082,0.7529973579582214
ref,facescape,cross,factorized_s2345,crit_logo-dP,fr,factorized_s2345|crit_logo|form - factorized_s2345|dP|form (fr),0.03389543347781421,0.012368031333327941,0.05434120058728233,0.0,0.7025944817251828,0.6686990482473686
ref,facescape,cross,factorized_s2345,crit_logo-dP,fr_nosize,factorized_s2345|crit_logo|shape - factorized_s2345|dP|shape (fr),0.03774625043985813,0.010255860203268928,0.06458308090643368,0.002,0.7217149350403426,0.6839686846004844
ref,facescape,cross,factorized_s2345,crit_joint-dP,sr,factorized_s2345|crit_joint|shape - factorized_s2345|dP|shape (sr),0.10430568384955019,0.07210456565561278,0.13918623662154408,0.0,0.8573030418077716,0.7529973579582214
ref,facescape,cross,factorized_s2345,crit_joint-dP,fr,factorized_s2345|crit_joint|form - factorized_s2345|dP|form (fr),0.08589381062987278,0.058190569716238656,0.11476285565073226,0.0,0.7545928588772414,0.6686990482473686
ref,facescape,cross,factorized_s2345,crit_joint-dP,fr_nosize,factorized_s2345|crit_joint|shape - factorized_s2345|dP|shape (fr),0.09622735204459898,0.059669868834258226,0.13487735863669018,0.0,0.7801960366450834,0.6839686846004844
pair,facescape,cross,factorized_s2345,i_e2-i_pre,sr,factorized_s2345|i_e2|shape - factorized_s2345|i_pre|shape (sr),0.01637878646681401,-0.012496570048912775,0.04457871483855951,0.136,0.7693761444250354,0.7529973579582214
pair,facescape,cross,factorized_s2345,i_e2-i_pre,fr,factorized_s2345|i_e2|form - factorized_s2345|i_pre|form (fr),0.009963128238470342,-0.015220987980136897,0.03543203883392628,0.222,0.6855676408804354,0.6756045126419651
pair,facescape,cross,factorized_s2345,i_e2-i_pre,fr_nosize,factorized_s2345|i_e2|shape - factorized_s2345|i_pre|shape (fr),0.020901316092035827,-0.010679640268544262,0.052646177365247855,0.088,0.7048700006925203,0.6839686846004844
pair,facescape,cross,factorized_s2345,i_e2-i_nf_e2,sr,factorized_s2345|i_e2|shape - factorized_s2345|i_nf_e2|shape (sr),-0.0007210738940702788,-0.012065722146777503,0.011309924021347083,0.536,0.7693761444250354,0.7700972183191057
pair,facescape,cross,factorized_s2345,i_e2-i_nf_e2,fr,factorized_s2345|i_e2|form - factorized_s2345|i_nf_e2|form (fr),-0.005947168448956708,-0.017169172816551188,0.004411013140490316,0.878,0.6855676408804354,0.6915148093293921
pair,facescape,cross,factorized_s2345,i_e2-i_nf_e2,fr_nosize,factorized_s2345|i_e2|shape - factorized_s2345|i_nf_e2|shape (fr),-0.0032977347263041246,-0.016165212665418503,0.008965319188508012,0.683,0.7048700006925203,0.7081677354188244
pair,facescape,cross,factorized_s2345,i_nf_e2-i_nf_pre,sr,factorized_s2345|i_nf_e2|shape - factorized_s2345|i_nf_pre|shape (sr),0.01709986036088429,-0.00935345439981639,0.04279395883338217,0.11,0.7700972183191057,0.7529973579582214
pair,facescape,cross,factorized_s2345,i_nf_e2-i_nf_pre,fr,factorized_s2345|i_nf_e2|form - factorized_s2345|i_nf_pre|form (fr),0.015654300460668624,-0.0074669591916759915,0.03956642227295888,0.088,0.6915148093293921,0.6758605088687235
pair,facescape,cross,factorized_s2345,i_nf_e2-i_nf_pre,fr_nosize,factorized_s2345|i_nf_e2|shape - factorized_s2345|i_nf_pre|shape (fr),0.02419905081833995,-0.004574981676996557,0.054296880931004154,0.053,0.7081677354188244,0.6839686846004844
pair,facescape,cross,factorized_s2345,joint-i_e2,sr,factorized_s2345|joint|shape - factorized_s2345|i_e2|shape (sr),0.1035999173540314,0.07393063983005442,0.13580746326599188,0.0,0.8729760617790668,0.7693761444250354
pair,facescape,cross,factorized_s2345,joint-i_e2,fr,factorized_s2345|joint|form - factorized_s2345|i_e2|form (fr),0.07285319919843225,0.0448773447119457,0.10304601608337481,0.0,0.7584208400788677,0.6855676408804354
pair,facescape,cross,factorized_s2345,joint-i_e2,fr_nosize,factorized_s2345|joint|shape - factorized_s2345|i_e2|shape (fr),0.08582884620734621,0.04785977394638234,0.1221117409928497,0.0,0.7906988468998665,0.7048700006925203
ref,facescape,cross,factorizedc3m_e123,i_e2-dP,sr,factorizedc3m_e123|i_e2|shape - factorizedc3m_e123|dP|shape (sr),0.023788696091098238,-0.0045454731513492105,0.0532800029837431,0.061,0.7695352515642571,0.7457465554731588
ref,facescape,cross,factorizedc3m_e123,i_e2-dP,fr,factorizedc3m_e123|i_e2|form - factorizedc3m_e123|dP|form (fr),0.02927596514792441,-0.0010771165182864636,0.05915226371968038,0.029,0.6942631444214195,0.664987179273495
ref,facescape,cross,factorizedc3m_e123,i_e2-dP,fr_nosize,factorizedc3m_e123|i_e2|shape - factorizedc3m_e123|dP|shape (fr),0.022686298303557062,-0.012257704941926777,0.056552924389512586,0.096,0.6976153321793889,0.6749290338758318
ref,facescape,cross,factorizedc3m_e123,i_nf_e2-dP,sr,factorizedc3m_e123|i_nf_e2|shape - factorizedc3m_e123|dP|shape (sr),0.01312053347050468,-0.013422624463721037,0.0418738514144111,0.191,0.7588670889436635,0.7457465554731588
ref,facescape,cross,factorizedc3m_e123,i_nf_e2-dP,fr,factorizedc3m_e123|i_nf_e2|form - factorizedc3m_e123|dP|form (fr),0.019307289589549415,-0.00866069559251503,0.046383307971593644,0.091,0.6842944688630445,0.664987179273495
ref,facescape,cross,factorizedc3m_e123,i_nf_e2-dP,fr_nosize,factorizedc3m_e123|i_nf_e2|shape - factorizedc3m_e123|dP|shape (fr),0.010982831419626748,-0.021300910486483183,0.04220129689348214,0.246,0.6859118652954586,0.6749290338758318
ref,facescape,cross,factorizedc3m_e123,i_pre-dP,sr,factorizedc3m_e123|i_pre|shape - factorizedc3m_e123|dP|shape (sr),0.013329716432975425,-0.004290002952440782,0.03014111763926965,0.063,0.7590762719061342,0.7457465554731588
ref,facescape,cross,factorizedc3m_e123,i_pre-dP,fr,factorizedc3m_e123|i_pre|form - factorizedc3m_e123|dP|form (fr),0.010702131862993958,-0.005903285276988925,0.029231866148545175,0.105,0.675689311136489,0.664987179273495
ref,facescape,cross,factorizedc3m_e123,i_pre-dP,fr_nosize,factorizedc3m_e123|i_pre|shape - factorizedc3m_e123|dP|shape (fr),0.0026630097123320207,-0.01543026460291278,0.02058221034618408,0.367,0.6775920435881638,0.6749290338758318
ref,facescape,cross,factorizedc3m_e123,i_nf_pre-dP,sr,factorizedc3m_e123|i_nf_pre|shape - factorizedc3m_e123|dP|shape (sr),0.0028290880820039943,-0.01484293923167089,0.01952684694631838,0.359,0.7485756435551628,0.7457465554731588
ref,facescape,cross,factorizedc3m_e123,i_nf_pre-dP,fr,factorizedc3m_e123|i_nf_pre|form - factorizedc3m_e123|dP|form (fr),0.0006836327400604469,-0.016512110933635905,0.019414375328451493,0.45,0.6656708120135555,0.664987179273495
ref,facescape,cross,factorizedc3m_e123,i_nf_pre-dP,fr_nosize,factorizedc3m_e123|i_nf_pre|shape - factorizedc3m_e123|dP|shape (fr),-0.008305237479666827,-0.026982903032287658,0.010161164675654612,0.802,0.666623796396165,0.6749290338758318
ref,facescape,cross,factorizedc3m_e123,joint-dP,sr,factorizedc3m_e123|joint|shape - factorizedc3m_e123|dP|shape (sr),0.13998238257401552,0.10826949986311306,0.17583826779859868,0.0,0.8857289380471743,0.7457465554731588
ref,facescape,cross,factorizedc3m_e123,joint-dP,fr,factorizedc3m_e123|joint|form - factorizedc3m_e123|dP|form (fr),0.12262046013922812,0.08777129442968731,0.15678209567119153,0.0,0.7876076394127232,0.664987179273495
ref,facescape,cross,factorizedc3m_e123,joint-dP,fr_nosize,factorizedc3m_e123|joint|shape - factorizedc3m_e123|dP|shape (fr),0.12164213812823654,0.07960815049145227,0.16307649116586478,0.0,0.7965711720040684,0.6749290338758318
pair,facescape,cross,factorizedc3m_e123,i_e2-i_pre,sr,factorizedc3m_e123|i_e2|shape - factorizedc3m_e123|i_pre|shape (sr),0.010458979658122813,-0.017382138940929846,0.03943364591059948,0.245,0.7695352515642571,0.7590762719061342
pair,facescape,cross,factorizedc3m_e123,i_e2-i_pre,fr,factorizedc3m_e123|i_e2|form - factorizedc3m_e123|i_pre|form (fr),0.018573833284930452,-0.012176047454743677,0.0493211763284365,0.124,0.6942631444214195,0.675689311136489
pair,facescape,cross,factorizedc3m_e123,i_e2-i_pre,fr_nosize,factorizedc3m_e123|i_e2|shape - factorizedc3m_e123|i_pre|shape (fr),0.02002328859122504,-0.014841803889519996,0.05570156413295571,0.141,0.6976153321793889,0.6775920435881638
pair,facescape,cross,factorizedc3m_e123,i_e2-i_nf_e2,sr,factorizedc3m_e123|i_e2|shape - factorizedc3m_e123|i_nf_e2|shape (sr),0.010668162620593558,-0.0004368897301792873,0.02230355252392828,0.029,0.7695352515642571,0.7588670889436635
pair,facescape,cross,factorizedc3m_e123,i_e2-i_nf_e2,fr,factorizedc3m_e123|i_e2|form - factorizedc3m_e123|i_nf_e2|form (fr),0.009968675558374995,-0.0004069943961161614,0.021049695768970814,0.037,0.6942631444214195,0.6842944688630445
pair,facescape,cross,factorizedc3m_e123,i_e2-i_nf_e2,fr_nosize,factorizedc3m_e123|i_e2|shape - factorizedc3m_e123|i_nf_e2|shape (fr),0.011703466883930314,-0.0008105544500252221,0.02512768282572318,0.036,0.6976153321793889,0.6859118652954586
pair,facescape,cross,factorizedc3m_e123,i_nf_e2-i_nf_pre,sr,factorizedc3m_e123|i_nf_e2|shape - factorizedc3m_e123|i_nf_pre|shape (sr),0.010291445388500686,-0.01766634739034358,0.04041828297396787,0.25,0.7588670889436635,0.7485756435551628
pair,facescape,cross,factorizedc3m_e123,i_nf_e2-i_nf_pre,fr,factorizedc3m_e123|i_nf_e2|form - factorizedc3m_e123|i_nf_pre|form (fr),0.018623656849488968,-0.012581183647764543,0.04926281751011587,0.136,0.6842944688630445,0.6656708120135555
pair,facescape,cross,factorizedc3m_e123,i_nf_e2-i_nf_pre,fr_nosize,factorizedc3m_e123|i_nf_e2|shape - factorizedc3m_e123|i_nf_pre|shape (fr),0.019288068899293576,-0.015020074860496103,0.05492287149901563,0.155,0.6859118652954586,0.666623796396165
pair,facescape,cross,factorizedc3m_e123,joint-i_e2,sr,factorizedc3m_e123|joint|shape - factorizedc3m_e123|i_e2|shape (sr),0.11619368648291728,0.088248163107114,0.14816787786139296,0.0,0.8857289380471743,0.7695352515642571
pair,facescape,cross,factorizedc3m_e123,joint-i_e2,fr,factorizedc3m_e123|joint|form - factorizedc3m_e123|i_e2|form (fr),0.0933444949913037,0.06613296169462728,0.1236754362224112,0.0,0.7876076394127232,0.6942631444214195
pair,facescape,cross,factorizedc3m_e123,joint-i_e2,fr_nosize,factorizedc3m_e123|joint|shape - factorizedc3m_e123|i_e2|shape (fr),0.09895583982467948,0.0641941374166811,0.1376651070716565,0.0,0.7965711720040684,0.6976153321793889
ref,hifi3d,cross,factorized_s1234,i_e2-dP,sr,factorized_s1234|i_e2|shape - factorized_s1234|dP|shape (sr),0.023578237800063406,-0.015821539068025803,0.06418078920728916,0.139,0.6452550304535554,0.621676792653492
ref,hifi3d,cross,factorized_s1234,i_e2-dP,fr,factorized_s1234|i_e2|form - factorized_s1234|dP|form (fr),-0.0009455501305117853,-0.019500357685226333,0.017137308292775665,0.558,0.7475980745670571,0.7485436246975689
ref,hifi3d,cross,factorized_s1234,i_e2-dP,fr_nosize,factorized_s1234|i_e2|shape - factorized_s1234|dP|shape (fr),-0.0024277783313703116,-0.054380152935153275,0.04730665784665071,0.546,0.42333374000488777,0.4257615183362581
ref,hifi3d,cross,factorized_s1234,i_nf_e2-dP,sr,factorized_s1234|i_nf_e2|shape - factorized_s1234|dP|shape (sr),0.017768361090397367,-0.022982004875125698,0.060509191959781064,0.226,0.6394451537438893,0.621676792653492
ref,hifi3d,cross,factorized_s1234,i_nf_e2-dP,fr,factorized_s1234|i_nf_e2|form - factorized_s1234|dP|form (fr),-0.006164818103570058,-0.025440551079612496,0.012933297341873142,0.727,0.7423788065939988,0.7485436246975689
ref,hifi3d,cross,factorized_s1234,i_nf_e2-dP,fr_nosize,factorized_s1234|i_nf_e2|shape - factorized_s1234|dP|shape (fr),-0.00931749305908236,-0.06073799681433837,0.03869585910868891,0.643,0.4164440252771757,0.4257615183362581
ref,hifi3d,cross,factorized_s1234,i_pre-dP,sr,factorized_s1234|i_pre|shape - factorized_s1234|dP|shape (sr),0.0,0.0,0.0,1.0,0.621676792653492,0.621676792653492
ref,hifi3d,cross,factorized_s1234,i_pre-dP,fr,factorized_s1234|i_pre|form - factorized_s1234|dP|form (fr),0.0001546843410451526,4.618033631528518e-05,0.0002619634967350237,0.004,0.748698309038614,0.7485436246975689
ref,hifi3d,cross,factorized_s1234,i_pre-dP,fr_nosize,factorized_s1234|i_pre|shape - factorized_s1234|dP|shape (fr),0.0,0.0,0.0,1.0,0.4257615183362581,0.4257615183362581
ref,hifi3d,cross,factorized_s1234,i_nf_pre-dP,sr,factorized_s1234|i_nf_pre|shape - factorized_s1234|dP|shape (sr),0.0,0.0,0.0,1.0,0.621676792653492,0.621676792653492
ref,hifi3d,cross,factorized_s1234,i_nf_pre-dP,fr,factorized_s1234|i_nf_pre|form - factorized_s1234|dP|form (fr),5.437012655229445e-05,1.6509028365321865e-05,9.143427374823375e-05,0.004,0.7485979948241211,0.7485436246975689
ref,hifi3d,cross,factorized_s1234,i_nf_pre-dP,fr_nosize,factorized_s1234|i_nf_pre|shape - factorized_s1234|dP|shape (fr),0.0,0.0,0.0,1.0,0.4257615183362581,0.4257615183362581
ref,hifi3d,cross,factorized_s1234,joint-dP,sr,factorized_s1234|joint|shape - factorized_s1234|dP|shape (sr),0.15314616235170275,0.10614289502339827,0.19876309941641015,0.0,0.7748229550051947,0.621676792653492
ref,hifi3d,cross,factorized_s1234,joint-dP,fr,factorized_s1234|joint|form - factorized_s1234|dP|form (fr),0.0470911139561756,0.022382726335042093,0.0761969052033126,0.0,0.7956347386537445,0.7485436246975689
ref,hifi3d,cross,factorized_s1234,joint-dP,fr_nosize,factorized_s1234|joint|shape - factorized_s1234|dP|shape (fr),0.09224290977059635,0.034430379343785955,0.15136843598665783,0.001,0.5180044281068544,0.4257615183362581
ref,hifi3d,cross,factorized_s1234,crit_logo-dP,sr,factorized_s1234|crit_logo|shape - factorized_s1234|dP|shape (sr),0.02173641763811185,-0.009316904812759094,0.05179519685239022,0.086,0.6434132102916038,0.621676792653492
ref,hifi3d,cross,factorized_s1234,crit_logo-dP,fr,factorized_s1234|crit_logo|form - factorized_s1234|dP|form (fr),0.0018381870834275338,-0.013173633061177439,0.01603369415446437,0.406,0.7503818117809964,0.7485436246975689
ref,hifi3d,cross,factorized_s1234,crit_logo-dP,fr_nosize,factorized_s1234|crit_logo|shape - factorized_s1234|dP|shape (fr),0.0002376355605534508,-0.03793213321629209,0.039056113136741934,0.492,0.42599915389681153,0.4257615183362581
ref,hifi3d,cross,factorized_s1234,crit_joint-dP,sr,factorized_s1234|crit_joint|shape - factorized_s1234|dP|shape (sr),0.12238536039372816,0.07951263529300209,0.16373569053034392,0.0,0.7440621530472201,0.621676792653492
ref,hifi3d,cross,factorized_s1234,crit_joint-dP,fr,factorized_s1234|crit_joint|form - factorized_s1234|dP|form (fr),0.03750607748219459,0.015966169669401932,0.06322288630112632,0.0,0.7860497021797634,0.7485436246975689
ref,hifi3d,cross,factorized_s1234,crit_joint-dP,fr_nosize,factorized_s1234|crit_joint|shape - factorized_s1234|dP|shape (fr),0.06592245943251157,0.013360526367360353,0.11971609656623261,0.007,0.49168397776876965,0.4257615183362581
pair,hifi3d,cross,factorized_s1234,i_e2-i_pre,sr,factorized_s1234|i_e2|shape - factorized_s1234|i_pre|shape (sr),0.023578237800063406,-0.015821539068025803,0.06418078920728916,0.139,0.6452550304535554,0.621676792653492
pair,hifi3d,cross,factorized_s1234,i_e2-i_pre,fr,factorized_s1234|i_e2|form - factorized_s1234|i_pre|form (fr),-0.0011002344715569379,-0.01967015317793117,0.01704270909025602,0.566,0.7475980745670571,0.748698309038614
pair,hifi3d,cross,factorized_s1234,i_e2-i_pre,fr_nosize,factorized_s1234|i_e2|shape - factorized_s1234|i_pre|shape (fr),-0.0024277783313703116,-0.054380152935153275,0.04730665784665071,0.546,0.42333374000488777,0.4257615183362581
pair,hifi3d,cross,factorized_s1234,i_e2-i_nf_e2,sr,factorized_s1234|i_e2|shape - factorized_s1234|i_nf_e2|shape (sr),0.00580987670966604,-0.004504091997943546,0.016263441911098266,0.132,0.6452550304535554,0.6394451537438893
pair,hifi3d,cross,factorized_s1234,i_e2-i_nf_e2,fr,factorized_s1234|i_e2|form - factorized_s1234|i_nf_e2|form (fr),0.0052192679730582725,0.0011926845520238815,0.009543511822059885,0.005,0.7475980745670571,0.7423788065939988
pair,hifi3d,cross,factorized_s1234,i_e2-i_nf_e2,fr_nosize,factorized_s1234|i_e2|shape - factorized_s1234|i_nf_e2|shape (fr),0.0068897147277120485,-0.00544758223036441,0.019686873185622157,0.143,0.42333374000488777,0.4164440252771757
pair,hifi3d,cross,factorized_s1234,i_nf_e2-i_nf_pre,sr,factorized_s1234|i_nf_e2|shape - factorized_s1234|i_nf_pre|shape (sr),0.017768361090397367,-0.022982004875125698,0.060509191959781064,0.226,0.6394451537438893,0.621676792653492
pair,hifi3d,cross,factorized_s1234,i_nf_e2-i_nf_pre,fr,factorized_s1234|i_nf_e2|form - factorized_s1234|i_nf_pre|form (fr),-0.006219188230122352,-0.02551918494582262,0.012882062398914663,0.731,0.7423788065939988,0.7485979948241211
pair,hifi3d,cross,factorized_s1234,i_nf_e2-i_nf_pre,fr_nosize,factorized_s1234|i_nf_e2|shape - factorized_s1234|i_nf_pre|shape (fr),-0.00931749305908236,-0.06073799681433837,0.03869585910868891,0.643,0.4164440252771757,0.4257615183362581
pair,hifi3d,cross,factorized_s1234,joint-i_e2,sr,factorized_s1234|joint|shape - factorized_s1234|i_e2|shape (sr),0.12956792455163935,0.08430429296137032,0.1858830784607689,0.0,0.7748229550051947,0.6452550304535554
pair,hifi3d,cross,factorized_s1234,joint-i_e2,fr,factorized_s1234|joint|form - factorized_s1234|i_e2|form (fr),0.048036664086687386,0.02665392533425637,0.07939974576075481,0.0,0.7956347386537445,0.7475980745670571
pair,hifi3d,cross,factorized_s1234,joint-i_e2,fr_nosize,factorized_s1234|joint|shape - factorized_s1234|i_e2|shape (fr),0.09467068810196666,0.05549540200211284,0.14368075071428374,0.0,0.5180044281068544,0.42333374000488777
ref,hifi3d,cross,factorized_s2345,i_e2-dP,sr,factorized_s2345|i_e2|shape - factorized_s2345|dP|shape (sr),0.0269162758525735,-0.015791297988507973,0.07753812764397901,0.133,0.6397655470553921,0.6128492712028186
ref,hifi3d,cross,factorized_s2345,i_e2-dP,fr,factorized_s2345|i_e2|form - factorized_s2345|dP|form (fr),0.003483502548427553,-0.015627410775587807,0.024486314267607827,0.345,0.7343727531912074,0.7308892506427799
ref,hifi3d,cross,factorized_s2345,i_e2-dP,fr_nosize,factorized_s2345|i_e2|shape - factorized_s2345|dP|shape (fr),-0.0033446376431144342,-0.053825311903221186,0.054599148470099876,0.565,0.41398753951027906,0.4173321771533935
ref,hifi3d,cross,factorized_s2345,i_nf_e2-dP,sr,factorized_s2345|i_nf_e2|shape - factorized_s2345|dP|shape (sr),0.02569663377285858,-0.017505059212638584,0.07446866310954524,0.156,0.6385459049756772,0.6128492712028186
ref,hifi3d,cross,factorized_s2345,i_nf_e2-dP,fr,factorized_s2345|i_nf_e2|form - factorized_s2345|dP|form (fr),0.0020102956308889475,-0.016693605027324077,0.022181407585004757,0.414,0.7328995462736688,0.7308892506427799
ref,hifi3d,cross,factorized_s2345,i_nf_e2-dP,fr_nosize,factorized_s2345|i_nf_e2|shape - factorized_s2345|dP|shape (fr),0.00044369467155841447,-0.04906050016756834,0.05657707601196739,0.5,0.4177758718249519,0.4173321771533935
ref,hifi3d,cross,factorized_s2345,i_pre-dP,sr,factorized_s2345|i_pre|shape - factorized_s2345|dP|shape (sr),0.0,0.0,0.0,1.0,0.6128492712028186,0.6128492712028186
ref,hifi3d,cross,factorized_s2345,i_pre-dP,fr,factorized_s2345|i_pre|form - factorized_s2345|dP|form (fr),0.0005289389650889875,0.0001599997714625434,0.0009289681759708621,0.003,0.7314181896078689,0.7308892506427799
ref,hifi3d,cross,factorized_s2345,i_pre-dP,fr_nosize,factorized_s2345|i_pre|shape - factorized_s2345|dP|shape (fr),0.0,0.0,0.0,1.0,0.4173321771533935,0.4173321771533935
ref,hifi3d,cross,factorized_s2345,i_nf_pre-dP,sr,factorized_s2345|i_nf_pre|shape - factorized_s2345|dP|shape (sr),0.0,0.0,0.0,1.0,0.6128492712028186,0.6128492712028186
ref,hifi3d,cross,factorized_s2345,i_nf_pre-dP,fr,factorized_s2345|i_nf_pre|form - factorized_s2345|dP|form (fr),6.133493981619331e-05,1.9180125130105475e-05,0.00010887637916553449,0.003,0.7309505855825961,0.7308892506427799
ref,hifi3d,cross,factorized_s2345,i_nf_pre-dP,fr_nosize,factorized_s2345|i_nf_pre|shape - factorized_s2345|dP|shape (fr),0.0,0.0,0.0,1.0,0.4173321771533935,0.4173321771533935
ref,hifi3d,cross,factorized_s2345,joint-dP,sr,factorized_s2345|joint|shape - factorized_s2345|dP|shape (sr),0.15468387385786841,0.10317861767863243,0.21032289194579054,0.0,0.767533145060687,0.6128492712028186
ref,hifi3d,cross,factorized_s2345,joint-dP,fr,factorized_s2345|joint|form - factorized_s2345|dP|form (fr),0.05216002496785155,0.02517196606028512,0.08430008032942386,0.0,0.7830492756106314,0.7308892506427799
ref,hifi3d,cross,factorized_s2345,joint-dP,fr_nosize,factorized_s2345|joint|shape - factorized_s2345|dP|shape (fr),0.09767470811663265,0.036862150295522485,0.1668947362333732,0.0,0.5150068852700261,0.4173321771533935
ref,hifi3d,cross,factorized_s2345,crit_logo-dP,sr,factorized_s2345|crit_logo|shape - factorized_s2345|dP|shape (sr),0.0261884128119092,-0.012776861772381878,0.06764215057743765,0.097,0.6390376840147278,0.6128492712028186
ref,hifi3d,cross,factorized_s2345,crit_logo-dP,fr,factorized_s2345|crit_logo|form - factorized_s2345|dP|form (fr),0.00709055814221593,-0.008824048920281368,0.024352123546647442,0.192,0.7379798087849958,0.7308892506427799
ref,hifi3d,cross,factorized_s2345,crit_logo-dP,fr_nosize,factorized_s2345|crit_logo|shape - factorized_s2345|dP|shape (fr),-0.00025658665288624816,-0.044268566488860836,0.046056228520363236,0.508,0.41707559050050724,0.4173321771533935
ref,hifi3d,cross,factorized_s2345,crit_joint-dP,sr,factorized_s2345|crit_joint|shape - factorized_s2345|dP|shape (sr),0.12364217896085461,0.0794539276239674,0.1736645016829664,0.0,0.7364914501636732,0.6128492712028186
ref,hifi3d,cross,factorized_s2345,crit_joint-dP,fr,factorized_s2345|crit_joint|form - factorized_s2345|dP|form (fr),0.04362282329439249,0.021728150303496063,0.07073425216565174,0.0,0.7745120739371724,0.7308892506427799
ref,hifi3d,cross,factorized_s2345,crit_joint-dP,fr_nosize,factorized_s2345|crit_joint|shape - factorized_s2345|dP|shape (fr),0.07442238868558565,0.023581947076225986,0.13292331618890676,0.001,0.49175456583897914,0.4173321771533935
pair,hifi3d,cross,factorized_s2345,i_e2-i_pre,sr,factorized_s2345|i_e2|shape - factorized_s2345|i_pre|shape (sr),0.0269162758525735,-0.015791297988507973,0.07753812764397901,0.133,0.6397655470553921,0.6128492712028186
pair,hifi3d,cross,factorized_s2345,i_e2-i_pre,fr,factorized_s2345|i_e2|form - factorized_s2345|i_pre|form (fr),0.0029545635833385653,-0.016145118206931708,0.024188179759980732,0.377,0.7343727531912074,0.7314181896078689
pair,hifi3d,cross,factorized_s2345,i_e2-i_pre,fr_nosize,factorized_s2345|i_e2|shape - factorized_s2345|i_pre|shape (fr),-0.0033446376431144342,-0.053825311903221186,0.054599148470099876,0.565,0.41398753951027906,0.4173321771533935
pair,hifi3d,cross,factorized_s2345,i_e2-i_nf_e2,sr,factorized_s2345|i_e2|shape - factorized_s2345|i_nf_e2|shape (sr),0.0012196420797149221,-0.011245089140819791,0.014716364262636925,0.421,0.6397655470553921,0.6385459049756772
pair,hifi3d,cross,factorized_s2345,i_e2-i_nf_e2,fr,factorized_s2345|i_e2|form - factorized_s2345|i_nf_e2|form (fr),0.0014732069175386053,-0.003368165712317253,0.006505069588412443,0.262,0.7343727531912074,0.7328995462736688
pair,hifi3d,cross,factorized_s2345,i_e2-i_nf_e2,fr_nosize,factorized_s2345|i_e2|shape - factorized_s2345|i_nf_e2|shape (fr),-0.0037883323146728487,-0.015600977288439948,0.008748165926956212,0.714,0.41398753951027906,0.4177758718249519
pair,hifi3d,cross,factorized_s2345,i_nf_e2-i_nf_pre,sr,factorized_s2345|i_nf_e2|shape - factorized_s2345|i_nf_pre|shape (sr),0.02569663377285858,-0.017505059212638584,0.07446866310954524,0.156,0.6385459049756772,0.6128492712028186
pair,hifi3d,cross,factorized_s2345,i_nf_e2-i_nf_pre,fr,factorized_s2345|i_nf_e2|form - factorized_s2345|i_nf_pre|form (fr),0.0019489606910727542,-0.01677327449613083,0.022165252423867368,0.422,0.7328995462736688,0.7309505855825961
pair,hifi3d,cross,factorized_s2345,i_nf_e2-i_nf_pre,fr_nosize,factorized_s2345|i_nf_e2|shape - factorized_s2345|i_nf_pre|shape (fr),0.00044369467155841447,-0.04906050016756834,0.05657707601196739,0.5,0.4177758718249519,0.4173321771533935
pair,hifi3d,cross,factorized_s2345,joint-i_e2,sr,factorized_s2345|joint|shape - factorized_s2345|i_e2|shape (sr),0.1277675980052949,0.08044256612394832,0.1876241301597723,0.0,0.767533145060687,0.6397655470553921
pair,hifi3d,cross,factorized_s2345,joint-i_e2,fr,factorized_s2345|joint|form - factorized_s2345|i_e2|form (fr),0.048676522419423995,0.025556687315572656,0.08020448048718792,0.0,0.7830492756106314,0.7343727531912074
pair,hifi3d,cross,factorized_s2345,joint-i_e2,fr_nosize,factorized_s2345|joint|shape - factorized_s2345|i_e2|shape (fr),0.10101934575974708,0.060555174258678145,0.1482584585387618,0.0,0.5150068852700261,0.41398753951027906
ref,hifi3d,cross,factorizedc3m_e123,i_e2-dP,sr,factorizedc3m_e123|i_e2|shape - factorizedc3m_e123|dP|shape (sr),0.061138487034659406,0.02640596082925297,0.09766134583839099,0.001,0.6561176235195798,0.5949791364849204
ref,hifi3d,cross,factorizedc3m_e123,i_e2-dP,fr,factorizedc3m_e123|i_e2|form - factorizedc3m_e123|dP|form (fr),0.018451459523330604,0.003216001269020533,0.035563882177048194,0.008,0.7666438103901352,0.7481923508668046
ref,hifi3d,cross,factorizedc3m_e123,i_e2-dP,fr_nosize,factorizedc3m_e123|i_e2|shape - factorizedc3m_e123|dP|shape (fr),0.03563509770493695,-0.0052975519222597895,0.07814077358893731,0.047,0.43584521188315933,0.4002101141782224
ref,hifi3d,cross,factorizedc3m_e123,i_nf_e2-dP,sr,factorizedc3m_e123|i_nf_e2|shape - factorizedc3m_e123|dP|shape (sr),0.06564130649148048,0.030849747198527476,0.10122365929478554,0.0,0.6606204429764009,0.5949791364849204
ref,hifi3d,cross,factorizedc3m_e123,i_nf_e2-dP,fr,factorizedc3m_e123|i_nf_e2|form - factorizedc3m_e123|dP|form (fr),0.019170226669624868,0.004923811655947802,0.03639800148895678,0.004,0.7673625775364294,0.7481923508668046
ref,hifi3d,cross,factorizedc3m_e123,i_nf_e2-dP,fr_nosize,factorizedc3m_e123|i_nf_e2|shape - factorizedc3m_e123|dP|shape (fr),0.03743395009891087,-0.0044524830069116355,0.07952669813322595,0.036,0.43764406427713326,0.4002101141782224
ref,hifi3d,cross,factorizedc3m_e123,i_pre-dP,sr,factorizedc3m_e123|i_pre|shape - factorizedc3m_e123|dP|shape (sr),-0.030959682329346205,-0.05343103582154712,-0.010632873078436342,0.999,0.5640194541555742,0.5949791364849204
ref,hifi3d,cross,factorizedc3m_e123,i_pre-dP,fr,factorizedc3m_e123|i_pre|form - factorizedc3m_e123|dP|form (fr),-0.0047980177904874965,-0.014008866801104644,0.004466576021812076,0.84,0.7433943330763171,0.7481923508668046
ref,hifi3d,cross,factorizedc3m_e123,i_pre-dP,fr_nosize,factorizedc3m_e123|i_pre|shape - factorizedc3m_e123|dP|shape (fr),-0.013584301559539269,-0.03597516023665531,0.010514803423386487,0.853,0.3866258126186831,0.4002101141782224
ref,hifi3d,cross,factorizedc3m_e123,i_nf_pre-dP,sr,factorizedc3m_e123|i_nf_pre|shape - factorizedc3m_e123|dP|shape (sr),-0.03542237949638383,-0.059158341777456915,-0.014653754505217755,0.999,0.5595567569885366,0.5949791364849204
ref,hifi3d,cross,factorizedc3m_e123,i_nf_pre-dP,fr,factorizedc3m_e123|i_nf_pre|form - factorizedc3m_e123|dP|form (fr),-0.00772862626816373,-0.016827340652551506,0.0012226762269441315,0.953,0.7404637245986408,0.7481923508668046
ref,hifi3d,cross,factorizedc3m_e123,i_nf_pre-dP,fr_nosize,factorizedc3m_e123|i_nf_pre|shape - factorizedc3m_e123|dP|shape (fr),-0.013552769152263555,-0.036826340543820425,0.011494010125396803,0.855,0.38665734502595883,0.4002101141782224
ref,hifi3d,cross,factorizedc3m_e123,joint-dP,sr,factorizedc3m_e123|joint|shape - factorizedc3m_e123|dP|shape (sr),0.1985507728200835,0.13672749827196023,0.2687116953583638,0.0,0.7935299093050039,0.5949791364849204
ref,hifi3d,cross,factorizedc3m_e123,joint-dP,fr,factorizedc3m_e123|joint|form - factorizedc3m_e123|dP|form (fr),0.07013713111858888,0.04118488920447785,0.10557671832309996,0.0,0.8183294819853935,0.7481923508668046
ref,hifi3d,cross,factorizedc3m_e123,joint-dP,fr_nosize,factorizedc3m_e123|joint|shape - factorizedc3m_e123|dP|shape (fr),0.150277706047936,0.0887937981859391,0.2159169435444557,0.0,0.5504878202261584,0.4002101141782224
pair,hifi3d,cross,factorizedc3m_e123,i_e2-i_pre,sr,factorizedc3m_e123|i_e2|shape - factorizedc3m_e123|i_pre|shape (sr),0.09209816936400561,0.05045099851668113,0.13403019055744148,0.0,0.6561176235195798,0.5640194541555742
pair,hifi3d,cross,factorizedc3m_e123,i_e2-i_pre,fr,factorizedc3m_e123|i_e2|form - factorizedc3m_e123|i_pre|form (fr),0.0232494773138181,0.005831110406397125,0.04241096980969524,0.003,0.7666438103901352,0.7433943330763171
pair,hifi3d,cross,factorizedc3m_e123,i_e2-i_pre,fr_nosize,factorizedc3m_e123|i_e2|shape - factorizedc3m_e123|i_pre|shape (fr),0.049219399264476216,0.0035140011178783144,0.09172676320055172,0.019,0.43584521188315933,0.3866258126186831
pair,hifi3d,cross,factorizedc3m_e123,i_e2-i_nf_e2,sr,factorizedc3m_e123|i_e2|shape - factorizedc3m_e123|i_nf_e2|shape (sr),-0.004502819456821072,-0.01796868500620211,0.009314760666487915,0.734,0.6561176235195798,0.6606204429764009
pair,hifi3d,cross,factorizedc3m_e123,i_e2-i_nf_e2,fr,factorizedc3m_e123|i_e2|form - factorizedc3m_e123|i_nf_e2|form (fr),-0.0007187671462942635,-0.0057739702794978726,0.004127733951143466,0.606,0.7666438103901352,0.7673625775364294
pair,hifi3d,cross,factorizedc3m_e123,i_e2-i_nf_e2,fr_nosize,factorizedc3m_e123|i_e2|shape - factorizedc3m_e123|i_nf_e2|shape (fr),-0.0017988523939739265,-0.015720670200106823,0.013535018333191548,0.602,0.43584521188315933,0.43764406427713326
pair,hifi3d,cross,factorizedc3m_e123,i_nf_e2-i_nf_pre,sr,factorizedc3m_e123|i_nf_e2|shape - factorizedc3m_e123|i_nf_pre|shape (sr),0.1010636859878643,0.060769236656506125,0.14122368097408358,0.0,0.6606204429764009,0.5595567569885366
pair,hifi3d,cross,factorizedc3m_e123,i_nf_e2-i_nf_pre,fr,factorizedc3m_e123|i_nf_e2|form - factorizedc3m_e123|i_nf_pre|form (fr),0.026898852937788598,0.009667314710802608,0.0467511336673209,0.0,0.7673625775364294,0.7404637245986408
pair,hifi3d,cross,factorizedc3m_e123,i_nf_e2-i_nf_pre,fr_nosize,factorizedc3m_e123|i_nf_e2|shape - factorizedc3m_e123|i_nf_pre|shape (fr),0.05098671925117443,0.006259527010190344,0.09594280566050178,0.01,0.43764406427713326,0.38665734502595883
pair,hifi3d,cross,factorizedc3m_e123,joint-i_e2,sr,factorizedc3m_e123|joint|shape - factorizedc3m_e123|i_e2|shape (sr),0.13741228578542408,0.09427069958426533,0.19070223604246198,0.0,0.7935299093050039,0.6561176235195798
pair,hifi3d,cross,factorizedc3m_e123,joint-i_e2,fr,factorizedc3m_e123|joint|form - factorizedc3m_e123|i_e2|form (fr),0.051685671595258276,0.03212981624915568,0.07934558383760686,0.0,0.8183294819853935,0.7666438103901352
pair,hifi3d,cross,factorizedc3m_e123,joint-i_e2,fr_nosize,factorizedc3m_e123|joint|shape - factorizedc3m_e123|i_e2|shape (fr),0.11464260834299905,0.0731699800052077,0.16107850688394618,0.0,0.5504878202261584,0.43584521188315933
ref,faceverse_neutral,cross,factorized_s1234,i_e2-dP,sr,factorized_s1234|i_e2|shape - factorized_s1234|dP|shape (sr),0.01550086367716802,-0.04805652053687514,0.07215464967643422,0.315,0.3489436696642334,0.3334428059870654
ref,faceverse_neutral,cross,factorized_s1234,i_e2-dP,fr,factorized_s1234|i_e2|form - factorized_s1234|dP|form (fr),0.02723858114162714,-0.02891604563605572,0.07860371557954039,0.172,0.36782403749720327,0.34058545635557613
ref,faceverse_neutral,cross,factorized_s1234,i_e2-dP,fr_nosize,factorized_s1234|i_e2|shape - factorized_s1234|dP|shape (fr),0.019251779638340683,-0.042063351249306116,0.07607772295125652,0.271,0.33985877340850607,0.3206069937701654
ref,faceverse_neutral,cross,factorized_s1234,i_nf_e2-dP,sr,factorized_s1234|i_nf_e2|shape - factorized_s1234|dP|shape (sr),-0.0146011104804874,-0.07747281390914992,0.049058891854071224,0.683,0.318841695506578,0.3334428059870654
ref,faceverse_neutral,cross,factorized_s1234,i_nf_e2-dP,fr,factorized_s1234|i_nf_e2|form - factorized_s1234|dP|form (fr),0.004614781488739672,-0.05698063804201182,0.06342046893158641,0.452,0.3452002378443158,0.34058545635557613
ref,faceverse_neutral,cross,factorized_s1234,i_nf_e2-dP,fr_nosize,factorized_s1234|i_nf_e2|shape - factorized_s1234|dP|shape (fr),-0.009186604537725407,-0.07562185978502764,0.05297263761418268,0.617,0.31142038923244,0.3206069937701654
ref,faceverse_neutral,cross,factorized_s1234,i_pre-dP,sr,factorized_s1234|i_pre|shape - factorized_s1234|dP|shape (sr),0.0259852994016172,-0.016197050659872758,0.07074895545776255,0.108,0.3594281053886826,0.3334428059870654
ref,faceverse_neutral,cross,factorized_s1234,i_pre-dP,fr,factorized_s1234|i_pre|form - factorized_s1234|dP|form (fr),0.018800056441152846,-0.018732928927629622,0.057195343636429266,0.158,0.359385512796729,0.34058545635557613
ref,faceverse_neutral,cross,factorized_s1234,i_pre-dP,fr_nosize,factorized_s1234|i_pre|shape - factorized_s1234|dP|shape (fr),0.021080646696834904,-0.01886722974808931,0.06484634763307386,0.155,0.3416876404670003,0.3206069937701654
ref,faceverse_neutral,cross,factorized_s1234,i_nf_pre-dP,sr,factorized_s1234|i_nf_pre|shape - factorized_s1234|dP|shape (sr),0.024118509208744643,-0.01588050727554092,0.06698140753943724,0.114,0.35756131519581,0.3334428059870654
ref,faceverse_neutral,cross,factorized_s1234,i_nf_pre-dP,fr,factorized_s1234|i_nf_pre|form - factorized_s1234|dP|form (fr),0.01609715189261568,-0.018870555887110278,0.053763064348775175,0.178,0.3566826082481918,0.34058545635557613
ref,faceverse_neutral,cross,factorized_s1234,i_nf_pre-dP,fr_nosize,factorized_s1234|i_nf_pre|shape - factorized_s1234|dP|shape (fr),0.019044964411163157,-0.018375994990019868,0.060750612618523464,0.173,0.33965195818132854,0.3206069937701654
ref,faceverse_neutral,cross,factorized_s1234,joint-dP,sr,factorized_s1234|joint|shape - factorized_s1234|dP|shape (sr),0.11197022117159977,0.05584797805288297,0.16617581187112201,0.0,0.44541302715866515,0.3334428059870654
ref,faceverse_neutral,cross,factorized_s1234,joint-dP,fr,factorized_s1234|joint|form - factorized_s1234|dP|form (fr),0.0961136256076332,0.04407712349592759,0.14309162726389976,0.0,0.43669908196320933,0.34058545635557613
ref,faceverse_neutral,cross,factorized_s1234,joint-dP,fr_nosize,factorized_s1234|joint|shape - factorized_s1234|dP|shape (fr),0.1152355502317321,0.056822714212793446,0.17183849992422215,0.0,0.4358425440018975,0.3206069937701654
ref,faceverse_neutral,cross,factorized_s1234,crit_logo-dP,sr,factorized_s1234|crit_logo|shape - factorized_s1234|dP|shape (sr),0.02680549285588152,-0.031931191389700485,0.0821899858039382,0.194,0.3602482988429469,0.3334428059870654
ref,faceverse_neutral,cross,factorized_s1234,crit_logo-dP,fr,factorized_s1234|crit_logo|form - factorized_s1234|dP|form (fr),0.031113941117088317,-0.024744052596182512,0.08071202798718399,0.115,0.37169939747266445,0.34058545635557613
ref,faceverse_neutral,cross,factorized_s1234,crit_logo-dP,fr_nosize,factorized_s1234|crit_logo|shape - factorized_s1234|dP|shape (fr),0.030988035240708756,-0.027503482871541717,0.08567552378741265,0.138,0.35159502901087414,0.3206069937701654
ref,faceverse_neutral,cross,factorized_s1234,crit_joint-dP,sr,factorized_s1234|crit_joint|shape - factorized_s1234|dP|shape (sr),0.0897700038556235,0.034969599510876845,0.13841535185504295,0.002,0.4232128098426889,0.3334428059870654
ref,faceverse_neutral,cross,factorized_s1234,crit_joint-dP,fr,factorized_s1234|crit_joint|form - factorized_s1234|dP|form (fr),0.07360721024174971,0.023035960167597673,0.12135866504065605,0.004,0.41419266659732584,0.34058545635557613
ref,faceverse_neutral,cross,factorized_s1234,crit_joint-dP,fr_nosize,factorized_s1234|crit_joint|shape - factorized_s1234|dP|shape (fr),0.08233941537714512,0.02495139651802356,0.13495986875957527,0.003,0.4029464091473105,0.3206069937701654
pair,faceverse_neutral,cross,factorized_s1234,i_e2-i_pre,sr,factorized_s1234|i_e2|shape - factorized_s1234|i_pre|shape (sr),-0.010484435724449181,-0.07040225174858074,0.04558832291170765,0.663,0.3489436696642334,0.3594281053886826
pair,faceverse_neutral,cross,factorized_s1234,i_e2-i_pre,fr,factorized_s1234|i_e2|form - factorized_s1234|i_pre|form (fr),0.008438524700474292,-0.04277300831540772,0.056321387114307474,0.419,0.36782403749720327,0.359385512796729
pair,faceverse_neutral,cross,factorized_s1234,i_e2-i_pre,fr_nosize,factorized_s1234|i_e2|shape - factorized_s1234|i_pre|shape (fr),-0.0018288670584942213,-0.05894464769139862,0.05339155631158308,0.566,0.33985877340850607,0.3416876404670003
pair,faceverse_neutral,cross,factorized_s1234,i_e2-i_nf_e2,sr,factorized_s1234|i_e2|shape - factorized_s1234|i_nf_e2|shape (sr),0.03010197415765542,0.0037367390630670965,0.05511838539934171,0.011,0.3489436696642334,0.318841695506578
pair,faceverse_neutral,cross,factorized_s1234,i_e2-i_nf_e2,fr,factorized_s1234|i_e2|form - factorized_s1234|i_nf_e2|form (fr),0.022623799652887466,-0.00013081360999377527,0.04376069791650969,0.028,0.36782403749720327,0.3452002378443158
pair,faceverse_neutral,cross,factorized_s1234,i_e2-i_nf_e2,fr_nosize,factorized_s1234|i_e2|shape - factorized_s1234|i_nf_e2|shape (fr),0.02843838417606609,0.0036701526219240317,0.05215487338869111,0.012,0.33985877340850607,0.31142038923244
pair,faceverse_neutral,cross,factorized_s1234,i_nf_e2-i_nf_pre,sr,factorized_s1234|i_nf_e2|shape - factorized_s1234|i_nf_pre|shape (sr),-0.03871961968923204,-0.10454261840063617,0.025783221784014734,0.889,0.318841695506578,0.35756131519581
pair,faceverse_neutral,cross,factorized_s1234,i_nf_e2-i_nf_pre,fr,factorized_s1234|i_nf_e2|form - factorized_s1234|i_nf_pre|form (fr),-0.011482370403876008,-0.06753547556857491,0.04655988533842737,0.674,0.3452002378443158,0.3566826082481918
pair,faceverse_neutral,cross,factorized_s1234,i_nf_e2-i_nf_pre,fr_nosize,factorized_s1234|i_nf_e2|shape - factorized_s1234|i_nf_pre|shape (fr),-0.028231568948888563,-0.09210972136143629,0.03671533734097068,0.818,0.31142038923244,0.33965195818132854
pair,faceverse_neutral,cross,factorized_s1234,joint-i_e2,sr,factorized_s1234|joint|shape - factorized_s1234|i_e2|shape (sr),0.09646935749443175,0.05144804596260505,0.1424036576417906,0.0,0.44541302715866515,0.3489436696642334
pair,faceverse_neutral,cross,factorized_s1234,joint-i_e2,fr,factorized_s1234|joint|form - factorized_s1234|i_e2|form (fr),0.06887504446600606,0.030454788014754552,0.10970665895433959,0.001,0.43669908196320933,0.36782403749720327
pair,faceverse_neutral,cross,factorized_s1234,joint-i_e2,fr_nosize,factorized_s1234|joint|shape - factorized_s1234|i_e2|shape (fr),0.09598377059339142,0.04946527027982298,0.14208677210420054,0.0,0.4358425440018975,0.33985877340850607
ref,faceverse_neutral,cross,factorized_s2345,i_e2-dP,sr,factorized_s2345|i_e2|shape - factorized_s2345|dP|shape (sr),-0.028531989578104044,-0.10241648638258603,0.052055074635950806,0.748,0.34338068640221164,0.3719126759803157
ref,faceverse_neutral,cross,factorized_s2345,i_e2-dP,fr,factorized_s2345|i_e2|form - factorized_s2345|dP|form (fr),-0.024291607382530833,-0.09239595054018822,0.04699112547445121,0.737,0.3461326235156111,0.3704242308981419
ref,faceverse_neutral,cross,factorized_s2345,i_e2-dP,fr_nosize,factorized_s2345|i_e2|shape - factorized_s2345|dP|shape (fr),-0.034205822982781964,-0.11044084564313242,0.04648960792187615,0.788,0.3269825762085871,0.3611883991913691
ref,faceverse_neutral,cross,factorized_s2345,i_nf_e2-dP,sr,factorized_s2345|i_nf_e2|shape - factorized_s2345|dP|shape (sr),-0.048884389710412535,-0.1231270775708578,0.028315561593877377,0.907,0.32302828626990315,0.3719126759803157
ref,faceverse_neutral,cross,factorized_s2345,i_nf_e2-dP,fr,factorized_s2345|i_nf_e2|form - factorized_s2345|dP|form (fr),-0.03690712068671559,-0.10309545257793519,0.02812438990692489,0.866,0.3335171102114263,0.3704242308981419
ref,faceverse_neutral,cross,factorized_s2345,i_nf_e2-dP,fr_nosize,factorized_s2345|i_nf_e2|shape - factorized_s2345|dP|shape (fr),-0.05146203520408227,-0.127942262708167,0.025347393370818636,0.901,0.3097263639872868,0.3611883991913691
ref,faceverse_neutral,cross,factorized_s2345,i_pre-dP,sr,factorized_s2345|i_pre|shape - factorized_s2345|dP|shape (sr),-0.0025248594390384627,-0.04673428811024352,0.04578371218222528,0.546,0.3693878165412772,0.3719126759803157
ref,faceverse_neutral,cross,factorized_s2345,i_pre-dP,fr,factorized_s2345|i_pre|form - factorized_s2345|dP|form (fr),-0.00047311308313596756,-0.03656029841945482,0.0364729824768387,0.505,0.36995111781500595,0.3704242308981419
ref,faceverse_neutral,cross,factorized_s2345,i_pre-dP,fr_nosize,factorized_s2345|i_pre|shape - factorized_s2345|dP|shape (fr),0.0011320748296818617,-0.04064099961951311,0.046559375360256235,0.474,0.36232047402105094,0.3611883991913691
ref,faceverse_neutral,cross,factorized_s2345,i_nf_pre-dP,sr,factorized_s2345|i_nf_pre|shape - factorized_s2345|dP|shape (sr),0.007861249570901951,-0.03996480553866862,0.0592691912775285,0.374,0.37977392555121764,0.3719126759803157
ref,faceverse_neutral,cross,factorized_s2345,i_nf_pre-dP,fr,factorized_s2345|i_nf_pre|form - factorized_s2345|dP|form (fr),0.008607002761888694,-0.03208711231593602,0.04783524494906046,0.329,0.3790312336600306,0.3704242308981419
ref,faceverse_neutral,cross,factorized_s2345,i_nf_pre-dP,fr_nosize,factorized_s2345|i_nf_pre|shape - factorized_s2345|dP|shape (fr),0.012191025012218859,-0.03429274977140119,0.05693252583002183,0.294,0.37337942420358794,0.3611883991913691
ref,faceverse_neutral,cross,factorized_s2345,joint-dP,sr,factorized_s2345|joint|shape - factorized_s2345|dP|shape (sr),0.05934063484779295,-0.009689972985412923,0.1274936417033784,0.05,0.43125331082810864,0.3719126759803157
ref,faceverse_neutral,cross,factorized_s2345,joint-dP,fr,factorized_s2345|joint|form - factorized_s2345|dP|form (fr),0.04065741442802778,-0.021305244680310368,0.10034779440807758,0.111,0.4110816453261697,0.3704242308981419
ref,faceverse_neutral,cross,factorized_s2345,joint-dP,fr_nosize,factorized_s2345|joint|shape - factorized_s2345|dP|shape (fr),0.05299914986101256,-0.016242677022387433,0.12446490226819101,0.077,0.41418754905238164,0.3611883991913691
ref,faceverse_neutral,cross,factorized_s2345,crit_logo-dP,sr,factorized_s2345|crit_logo|shape - factorized_s2345|dP|shape (sr),0.007992033547520039,-0.058474053824582886,0.07262548939643644,0.401,0.3799047095278357,0.3719126759803157
ref,faceverse_neutral,cross,factorized_s2345,crit_logo-dP,fr,factorized_s2345|crit_logo|form - factorized_s2345|dP|form (fr),0.011538149954045451,-0.04713618483399892,0.06811368648998116,0.351,0.38196238085218737,0.3704242308981419
ref,faceverse_neutral,cross,factorized_s2345,crit_logo-dP,fr_nosize,factorized_s2345|crit_logo|shape - factorized_s2345|dP|shape (fr),0.0121588271831366,-0.05229293711121304,0.07339719697315855,0.354,0.3733472263745057,0.3611883991913691
ref,faceverse_neutral,cross,factorized_s2345,crit_joint-dP,sr,factorized_s2345|crit_joint|shape - factorized_s2345|dP|shape (sr),0.052496280708714094,-0.008794970913708865,0.11202585663274588,0.048,0.4244089566890298,0.3719126759803157
ref,faceverse_neutral,cross,factorized_s2345,crit_joint-dP,fr,factorized_s2345|crit_joint|form - factorized_s2345|dP|form (fr),0.03962241925095983,-0.016342036850128496,0.0884773243721289,0.074,0.41004665014910174,0.3704242308981419
ref,faceverse_neutral,cross,factorized_s2345,crit_joint-dP,fr_nosize,factorized_s2345|crit_joint|shape - factorized_s2345|dP|shape (fr),0.05082072169292695,-0.00946177442023388,0.11022932776997074,0.056,0.41200912088429603,0.3611883991913691
pair,faceverse_neutral,cross,factorized_s2345,i_e2-i_pre,sr,factorized_s2345|i_e2|shape - factorized_s2345|i_pre|shape (sr),-0.026007130139065582,-0.09796312713695754,0.04534099197834948,0.746,0.34338068640221164,0.3693878165412772
pair,faceverse_neutral,cross,factorized_s2345,i_e2-i_pre,fr,factorized_s2345|i_e2|form - factorized_s2345|i_pre|form (fr),-0.023818494299394866,-0.08924985179445727,0.04180016804674709,0.751,0.3461326235156111,0.36995111781500595
pair,faceverse_neutral,cross,factorized_s2345,i_e2-i_pre,fr_nosize,factorized_s2345|i_e2|shape - factorized_s2345|i_pre|shape (fr),-0.035337897812463825,-0.1094887972189031,0.03607639537440063,0.822,0.3269825762085871,0.36232047402105094
pair,faceverse_neutral,cross,factorized_s2345,i_e2-i_nf_e2,sr,factorized_s2345|i_e2|shape - factorized_s2345|i_nf_e2|shape (sr),0.02035240013230849,-0.010032924155582225,0.05313375325522206,0.089,0.34338068640221164,0.32302828626990315
pair,faceverse_neutral,cross,factorized_s2345,i_e2-i_nf_e2,fr,factorized_s2345|i_e2|form - factorized_s2345|i_nf_e2|form (fr),0.012615513304184756,-0.013518933414960103,0.038302132774254795,0.159,0.3461326235156111,0.3335171102114263
pair,faceverse_neutral,cross,factorized_s2345,i_e2-i_nf_e2,fr_nosize,factorized_s2345|i_e2|shape - factorized_s2345|i_nf_e2|shape (fr),0.017256212221300304,-0.01401228519268074,0.048900172203251345,0.122,0.3269825762085871,0.3097263639872868
pair,faceverse_neutral,cross,factorized_s2345,i_nf_e2-i_nf_pre,sr,factorized_s2345|i_nf_e2|shape - factorized_s2345|i_nf_pre|shape (sr),-0.056745639281314486,-0.1317628876021392,0.015345041400064017,0.938,0.32302828626990315,0.37977392555121764
pair,faceverse_neutral,cross,factorized_s2345,i_nf_e2-i_nf_pre,fr,factorized_s2345|i_nf_e2|form - factorized_s2345|i_nf_pre|form (fr),-0.04551412344860428,-0.10984767121436748,0.018602917391390125,0.915,0.3335171102114263,0.3790312336600306
pair,faceverse_neutral,cross,factorized_s2345,i_nf_e2-i_nf_pre,fr_nosize,factorized_s2345|i_nf_e2|shape - factorized_s2345|i_nf_pre|shape (fr),-0.06365306021630113,-0.13925491594744596,0.009301839029097784,0.951,0.3097263639872868,0.37337942420358794
pair,faceverse_neutral,cross,factorized_s2345,joint-i_e2,sr,factorized_s2345|joint|shape - factorized_s2345|i_e2|shape (sr),0.087872624425897,0.03826926698425662,0.13535667286944283,0.001,0.43125331082810864,0.34338068640221164
pair,faceverse_neutral,cross,factorized_s2345,joint-i_e2,fr,factorized_s2345|joint|form - factorized_s2345|i_e2|form (fr),0.06494902181055862,0.02084061614638368,0.10582448378066746,0.001,0.4110816453261697,0.3461326235156111
pair,faceverse_neutral,cross,factorized_s2345,joint-i_e2,fr_nosize,factorized_s2345|joint|shape - factorized_s2345|i_e2|shape (fr),0.08720497284379453,0.03542732401789933,0.1377874852577909,0.001,0.41418754905238164,0.3269825762085871
ref,faceverse_neutral,cross,factorizedc3m_e123,i_e2-dP,sr,factorizedc3m_e123|i_e2|shape - factorizedc3m_e123|dP|shape (sr),-0.014149678710317581,-0.06973531363708568,0.03985385522134269,0.679,0.36752027112786434,0.3816699498381819
ref,faceverse_neutral,cross,factorizedc3m_e123,i_e2-dP,fr,factorizedc3m_e123|i_e2|form - factorizedc3m_e123|dP|form (fr),-0.01082009596115513,-0.06075515767247187,0.03934082918132032,0.662,0.3365402969350176,0.3473603928961727
ref,faceverse_neutral,cross,factorizedc3m_e123,i_e2-dP,fr_nosize,factorizedc3m_e123|i_e2|shape - factorizedc3m_e123|dP|shape (fr),-0.01683053659196354,-0.0729133066717095,0.03725872049229564,0.716,0.3457337401717173,0.36256427676368086
ref,faceverse_neutral,cross,factorizedc3m_e123,i_nf_e2-dP,sr,factorizedc3m_e123|i_nf_e2|shape - factorizedc3m_e123|dP|shape (sr),-0.03385259057544826,-0.0897316091399196,0.02142989293565113,0.882,0.34781735926273366,0.3816699498381819
ref,faceverse_neutral,cross,factorizedc3m_e123,i_nf_e2-dP,fr,factorizedc3m_e123|i_nf_e2|form - factorizedc3m_e123|dP|form (fr),-0.032276970581100295,-0.08058100866035431,0.01736347431407822,0.894,0.3150834223150724,0.3473603928961727
ref,faceverse_neutral,cross,factorizedc3m_e123,i_nf_e2-dP,fr_nosize,factorizedc3m_e123|i_nf_e2|shape - factorizedc3m_e123|dP|shape (fr),-0.041800791890635014,-0.09690830617184591,0.015636586012171275,0.924,0.32076348487304585,0.36256427676368086
ref,faceverse_neutral,cross,factorizedc3m_e123,i_pre-dP,sr,factorizedc3m_e123|i_pre|shape - factorizedc3m_e123|dP|shape (sr),0.02085995311859762,-0.02174819451552708,0.06278542284360498,0.173,0.40252990295677954,0.3816699498381819
ref,faceverse_neutral,cross,factorizedc3m_e123,i_pre-dP,fr,factorizedc3m_e123|i_pre|form - factorizedc3m_e123|dP|form (fr),0.023157659494217275,-0.014859012172053305,0.05961434802243305,0.107,0.37051805239039,0.3473603928961727
ref,faceverse_neutral,cross,factorizedc3m_e123,i_pre-dP,fr_nosize,factorizedc3m_e123|i_pre|shape - factorizedc3m_e123|dP|shape (fr),0.01797912011491254,-0.026169063200579157,0.057457327430310436,0.21,0.3805433968785934,0.36256427676368086
ref,faceverse_neutral,cross,factorizedc3m_e123,i_nf_pre-dP,sr,factorizedc3m_e123|i_nf_pre|shape - factorizedc3m_e123|dP|shape (sr),0.022165269031811152,-0.023014105309284247,0.06394479395127639,0.167,0.4038352188699931,0.3816699498381819
ref,faceverse_neutral,cross,factorizedc3m_e123,i_nf_pre-dP,fr,factorizedc3m_e123|i_nf_pre|form - factorizedc3m_e123|dP|form (fr),0.022892293327746838,-0.016412481365089854,0.059943101079035804,0.124,0.37025268622391955,0.3473603928961727
ref,faceverse_neutral,cross,factorizedc3m_e123,i_nf_pre-dP,fr_nosize,factorizedc3m_e123|i_nf_pre|shape - factorizedc3m_e123|dP|shape (fr),0.019603833664661396,-0.026513338343688273,0.06358290712832174,0.203,0.38216811042834226,0.36256427676368086
ref,faceverse_neutral,cross,factorizedc3m_e123,joint-dP,sr,factorizedc3m_e123|joint|shape - factorizedc3m_e123|dP|shape (sr),0.06353814013138215,0.009693272284131473,0.11598015464943369,0.008,0.44520808996956407,0.3816699498381819
ref,faceverse_neutral,cross,factorizedc3m_e123,joint-dP,fr,factorizedc3m_e123|joint|form - factorizedc3m_e123|dP|form (fr),0.04493984090956549,-0.0021976955224307787,0.09214371716954615,0.029,0.3923002338057382,0.3473603928961727
ref,faceverse_neutral,cross,factorizedc3m_e123,joint-dP,fr_nosize,factorizedc3m_e123|joint|shape - factorizedc3m_e123|dP|shape (fr),0.06067967237003624,0.004038085036737839,0.11607819650151639,0.016,0.4232439491337171,0.36256427676368086
pair,faceverse_neutral,cross,factorizedc3m_e123,i_e2-i_pre,sr,factorizedc3m_e123|i_e2|shape - factorizedc3m_e123|i_pre|shape (sr),-0.0350096318289152,-0.08832818452158181,0.016069707507191406,0.909,0.36752027112786434,0.40252990295677954
pair,faceverse_neutral,cross,factorizedc3m_e123,i_e2-i_pre,fr,factorizedc3m_e123|i_e2|form - factorizedc3m_e123|i_pre|form (fr),-0.033977755455372405,-0.08235542667734051,0.01480854535279662,0.926,0.3365402969350176,0.37051805239039
pair,faceverse_neutral,cross,factorizedc3m_e123,i_e2-i_pre,fr_nosize,factorizedc3m_e123|i_e2|shape - factorizedc3m_e123|i_pre|shape (fr),-0.03480965670687608,-0.09153877892936856,0.02199554428179175,0.89,0.3457337401717173,0.3805433968785934
pair,faceverse_neutral,cross,factorizedc3m_e123,i_e2-i_nf_e2,sr,factorizedc3m_e123|i_e2|shape - factorizedc3m_e123|i_nf_e2|shape (sr),0.01970291186513068,-0.005663653067243291,0.04449269213098328,0.057,0.36752027112786434,0.34781735926273366
pair,faceverse_neutral,cross,factorizedc3m_e123,i_e2-i_nf_e2,fr,factorizedc3m_e123|i_e2|form - factorizedc3m_e123|i_nf_e2|form (fr),0.021456874619945165,-0.0010889760072212123,0.04471925921330219,0.032,0.3365402969350176,0.3150834223150724
pair,faceverse_neutral,cross,factorizedc3m_e123,i_e2-i_nf_e2,fr_nosize,factorizedc3m_e123|i_e2|shape - factorizedc3m_e123|i_nf_e2|shape (fr),0.024970255298671473,-0.0005975788209749407,0.05187266508789904,0.028,0.3457337401717173,0.32076348487304585
pair,faceverse_neutral,cross,factorizedc3m_e123,i_nf_e2-i_nf_pre,sr,factorizedc3m_e123|i_nf_e2|shape - factorizedc3m_e123|i_nf_pre|shape (sr),-0.05601785960725941,-0.11030042576140948,-0.005689386032694958,0.982,0.34781735926273366,0.4038352188699931
pair,faceverse_neutral,cross,factorizedc3m_e123,i_nf_e2-i_nf_pre,fr,factorizedc3m_e123|i_nf_e2|form - factorizedc3m_e123|i_nf_pre|form (fr),-0.05516926390884713,-0.10069498789907019,-0.007554621493905607,0.988,0.3150834223150724,0.37025268622391955
pair,faceverse_neutral,cross,factorizedc3m_e123,i_nf_e2-i_nf_pre,fr_nosize,factorizedc3m_e123|i_nf_e2|shape - factorizedc3m_e123|i_nf_pre|shape (fr),-0.06140462555529641,-0.11743685441288843,-0.005011139125371727,0.985,0.32076348487304585,0.38216811042834226
pair,faceverse_neutral,cross,factorizedc3m_e123,joint-i_e2,sr,factorizedc3m_e123|joint|shape - factorizedc3m_e123|i_e2|shape (sr),0.07768781884169973,0.034512657125081087,0.11987337296118127,0.0,0.44520808996956407,0.36752027112786434
pair,faceverse_neutral,cross,factorizedc3m_e123,joint-i_e2,fr,factorizedc3m_e123|joint|form - factorizedc3m_e123|i_e2|form (fr),0.05575993687072062,0.01807130155699874,0.09331118036104373,0.003,0.3923002338057382,0.3365402969350176
pair,faceverse_neutral,cross,factorizedc3m_e123,joint-i_e2,fr_nosize,factorizedc3m_e123|joint|shape - factorizedc3m_e123|i_e2|shape (fr),0.07751020896199978,0.034425706578086315,0.12035880170409884,0.001,0.4232439491337171,0.3457337401717173
ref,faceverse,cross,factorized_s1234,i_e2-dP,sr,factorized_s1234|i_e2|shape - factorized_s1234|dP|shape (sr),0.0021673220652482783,-0.0513994935765918,0.05367242466329337,0.494,0.28825210686591707,0.2860847848006688
ref,faceverse,cross,factorized_s1234,i_e2-dP,fr,factorized_s1234|i_e2|form - factorized_s1234|dP|form (fr),0.007705664805347068,-0.04080553039933507,0.05327196783821453,0.388,0.31037680227488895,0.3026711374695419
ref,faceverse,cross,factorized_s1234,i_e2-dP,fr_nosize,factorized_s1234|i_e2|shape - factorized_s1234|dP|shape (fr),0.0029023460490729125,-0.05081703479490565,0.052249907036412586,0.468,0.2857409426217387,0.2828385965726658
ref,faceverse,cross,factorized_s1234,i_nf_e2-dP,sr,factorized_s1234|i_nf_e2|shape - factorized_s1234|dP|shape (sr),-0.01757966946167655,-0.07416950734530724,0.041620178523596923,0.742,0.26850511533899224,0.2860847848006688
ref,faceverse,cross,factorized_s1234,i_nf_e2-dP,fr,factorized_s1234|i_nf_e2|form - factorized_s1234|dP|form (fr),-0.006727731394327974,-0.05869181163331021,0.04450165226569315,0.611,0.2959434060752139,0.3026711374695419
ref,faceverse,cross,factorized_s1234,i_nf_e2-dP,fr_nosize,factorized_s1234|i_nf_e2|shape - factorized_s1234|dP|shape (fr),-0.01629876252398965,-0.07256993358245205,0.039155952033462796,0.725,0.26653983404867615,0.2828385965726658
ref,faceverse,cross,factorized_s1234,i_pre-dP,sr,factorized_s1234|i_pre|shape - factorized_s1234|dP|shape (sr),0.0007474215353697189,-0.03651810606405211,0.041043835906636815,0.476,0.2868322063360385,0.2860847848006688
ref,faceverse,cross,factorized_s1234,i_pre-dP,fr,factorized_s1234|i_pre|form - factorized_s1234|dP|form (fr),0.003007010756428674,-0.02872901743575772,0.037837687870252476,0.417,0.30567814822597056,0.3026711374695419
ref,faceverse,cross,factorized_s1234,i_pre-dP,fr_nosize,factorized_s1234|i_pre|shape - factorized_s1234|dP|shape (fr),0.004468351205338783,-0.031104017357328505,0.042420101961678405,0.397,0.2873069477780046,0.2828385965726658
ref,faceverse,cross,factorized_s1234,i_nf_pre-dP,sr,factorized_s1234|i_nf_pre|shape - factorized_s1234|dP|shape (sr),-0.0011464976116304926,-0.03809523421275421,0.04064204784050532,0.504,0.2849382871890383,0.2860847848006688
ref,faceverse,cross,factorized_s1234,i_nf_pre-dP,fr,factorized_s1234|i_nf_pre|form - factorized_s1234|dP|form (fr),0.0008502009087476003,-0.030810916605985166,0.03542676659209067,0.452,0.3035213383782895,0.3026711374695419
ref,faceverse,cross,factorized_s1234,i_nf_pre-dP,fr_nosize,factorized_s1234|i_nf_pre|shape - factorized_s1234|dP|shape (fr),0.0018084254263305843,-0.03447698323039156,0.040978797887988395,0.441,0.2846470219989964,0.2828385965726658
ref,faceverse,cross,factorized_s1234,joint-dP,sr,factorized_s1234|joint|shape - factorized_s1234|dP|shape (sr),0.04769139391848154,-0.0109896862705036,0.09649353646481079,0.048,0.33377617871915033,0.2860847848006688
ref,faceverse,cross,factorized_s1234,joint-dP,fr,factorized_s1234|joint|form - factorized_s1234|dP|form (fr),0.04206577110622983,-0.00726941275506717,0.08535435782446121,0.047,0.3447369085757717,0.3026711374695419
ref,faceverse,cross,factorized_s1234,joint-dP,fr_nosize,factorized_s1234|joint|shape - factorized_s1234|dP|shape (fr),0.05034530413444277,-0.005644154925349957,0.09927046160028963,0.037,0.33318390070710857,0.2828385965726658
ref,faceverse,cross,factorized_s1234,crit_logo-dP,sr,factorized_s1234|crit_logo|shape - factorized_s1234|dP|shape (sr),0.0012276126065113302,-0.044041158271069435,0.049025953600682376,0.499,0.2873123974071801,0.2860847848006688
ref,faceverse,cross,factorized_s1234,crit_logo-dP,fr,factorized_s1234|crit_logo|form - factorized_s1234|dP|form (fr),0.007277171589002485,-0.03472602242396241,0.04976981063495963,0.371,0.30994830905854437,0.3026711374695419
ref,faceverse,cross,factorized_s1234,crit_logo-dP,fr_nosize,factorized_s1234|crit_logo|shape - factorized_s1234|dP|shape (fr),0.0050473026248905595,-0.041013285950795696,0.051435446722300576,0.415,0.28788589919755636,0.2828385965726658
ref,faceverse,cross,factorized_s1234,crit_joint-dP,sr,factorized_s1234|crit_joint|shape - factorized_s1234|dP|shape (sr),0.0401554282880639,-0.009180108706192378,0.08832803404966498,0.05,0.3262402130887327,0.2860847848006688
ref,faceverse,cross,factorized_s1234,crit_joint-dP,fr,factorized_s1234|crit_joint|form - factorized_s1234|dP|form (fr),0.03439603246635836,-0.00926350951407946,0.07745898977196215,0.058,0.33706716993590025,0.3026711374695419
ref,faceverse,cross,factorized_s1234,crit_joint-dP,fr_nosize,factorized_s1234|crit_joint|shape - factorized_s1234|dP|shape (fr),0.03699405959034202,-0.010754767827095151,0.08453387669889084,0.065,0.3198326561630078,0.2828385965726658
pair,faceverse,cross,factorized_s1234,i_e2-i_pre,sr,factorized_s1234|i_e2|shape - factorized_s1234|i_pre|shape (sr),0.0014199005298785594,-0.049978579674323564,0.046415434206075294,0.512,0.28825210686591707,0.2868322063360385
pair,faceverse,cross,factorized_s1234,i_e2-i_pre,fr,factorized_s1234|i_e2|form - factorized_s1234|i_pre|form (fr),0.004698654048918394,-0.04143443934466042,0.04469636812970283,0.463,0.31037680227488895,0.30567814822597056
pair,faceverse,cross,factorized_s1234,i_e2-i_pre,fr_nosize,factorized_s1234|i_e2|shape - factorized_s1234|i_pre|shape (fr),-0.0015660051562658706,-0.05333321227410895,0.04410961298789102,0.564,0.2857409426217387,0.2873069477780046
pair,faceverse,cross,factorized_s1234,i_e2-i_nf_e2,sr,factorized_s1234|i_e2|shape - factorized_s1234|i_nf_e2|shape (sr),0.01974699152692483,-0.005498987823579763,0.04369124027188605,0.058,0.28825210686591707,0.26850511533899224
pair,faceverse,cross,factorized_s1234,i_e2-i_nf_e2,fr,factorized_s1234|i_e2|form - factorized_s1234|i_nf_e2|form (fr),0.014433396199675042,-0.007807915221466874,0.03370491538229545,0.093,0.31037680227488895,0.2959434060752139
pair,faceverse,cross,factorized_s1234,i_e2-i_nf_e2,fr_nosize,factorized_s1234|i_e2|shape - factorized_s1234|i_nf_e2|shape (fr),0.019201108573062564,-0.004897828768667792,0.040702238882189413,0.06,0.2857409426217387,0.26653983404867615
pair,faceverse,cross,factorized_s1234,i_nf_e2-i_nf_pre,sr,factorized_s1234|i_nf_e2|shape - factorized_s1234|i_nf_pre|shape (sr),-0.016433171850046058,-0.07256557610672215,0.03624830480217731,0.762,0.26850511533899224,0.2849382871890383
pair,faceverse,cross,factorized_s1234,i_nf_e2-i_nf_pre,fr,factorized_s1234|i_nf_e2|form - factorized_s1234|i_nf_pre|form (fr),-0.007577932303075574,-0.05516030000957502,0.03815110195829913,0.648,0.2959434060752139,0.3035213383782895
pair,faceverse,cross,factorized_s1234,i_nf_e2-i_nf_pre,fr_nosize,factorized_s1234|i_nf_e2|shape - factorized_s1234|i_nf_pre|shape (fr),-0.018107187950320236,-0.07353392342504116,0.034383958934375555,0.748,0.26653983404867615,0.2846470219989964
pair,faceverse,cross,factorized_s1234,joint-i_e2,sr,factorized_s1234|joint|shape - factorized_s1234|i_e2|shape (sr),0.04552407185323326,0.0064888309245617936,0.08406048746689465,0.009,0.33377617871915033,0.28825210686591707
pair,faceverse,cross,factorized_s1234,joint-i_e2,fr,factorized_s1234|joint|form - factorized_s1234|i_e2|form (fr),0.034360106300882765,0.000367300849690654,0.06922499021426885,0.024,0.3447369085757717,0.31037680227488895
pair,faceverse,cross,factorized_s1234,joint-i_e2,fr_nosize,factorized_s1234|joint|shape - factorized_s1234|i_e2|shape (fr),0.04744295808536986,0.008815097758571047,0.08522762143457052,0.008,0.33318390070710857,0.2857409426217387
ref,faceverse,cross,factorized_s2345,i_e2-dP,sr,factorized_s2345|i_e2|shape - factorized_s2345|dP|shape (sr),-0.05096944685295057,-0.11824996077515691,0.02036008626495191,0.927,0.262081057210136,0.3130505040630866
ref,faceverse,cross,factorized_s2345,i_e2-dP,fr,factorized_s2345|i_e2|form - factorized_s2345|dP|form (fr),-0.042003601680561,-0.09781092957497069,0.0169315782681461,0.918,0.276022042152768,0.318025643833329
ref,faceverse,cross,factorized_s2345,i_e2-dP,fr_nosize,factorized_s2345|i_e2|shape - factorized_s2345|dP|shape (fr),-0.05296048530700459,-0.12065336365688326,0.015361412476555042,0.933,0.25463727022116395,0.30759775552816854
ref,faceverse,cross,factorized_s2345,i_nf_e2-dP,sr,factorized_s2345|i_nf_e2|shape - factorized_s2345|dP|shape (sr),-0.06407973721158364,-0.13163363777731307,-0.0002987058814097727,0.976,0.24897076685150296,0.3130505040630866
ref,faceverse,cross,factorized_s2345,i_nf_e2-dP,fr,factorized_s2345|i_nf_e2|form - factorized_s2345|dP|form (fr),-0.04945841415140978,-0.10570498754872379,0.005753599526168548,0.958,0.2685672296819192,0.318025643833329
ref,faceverse,cross,factorized_s2345,i_nf_e2-dP,fr_nosize,factorized_s2345|i_nf_e2|shape - factorized_s2345|dP|shape (fr),-0.06452802262361018,-0.1306118056795975,0.0012536958830561796,0.97,0.24306973290455836,0.30759775552816854
ref,faceverse,cross,factorized_s2345,i_pre-dP,sr,factorized_s2345|i_pre|shape - factorized_s2345|dP|shape (sr),-0.0247057764922452,-0.06248220542505767,0.014227639496297826,0.899,0.2883447275708414,0.3130505040630866
ref,faceverse,cross,factorized_s2345,i_pre-dP,fr,factorized_s2345|i_pre|form - factorized_s2345|dP|form (fr),-0.01680106445103946,-0.04927391940868699,0.013668299135734665,0.858,0.3012245793822895,0.318025643833329
ref,faceverse,cross,factorized_s2345,i_pre-dP,fr_nosize,factorized_s2345|i_pre|shape - factorized_s2345|dP|shape (fr),-0.019824316609513504,-0.0587390890677795,0.017883117175764,0.837,0.28777343891865503,0.30759775552816854
ref,faceverse,cross,factorized_s2345,i_nf_pre-dP,sr,factorized_s2345|i_nf_pre|shape - factorized_s2345|dP|shape (sr),-0.019213622146848852,-0.06050888493804901,0.022595343242393328,0.803,0.29383688191623775,0.3130505040630866
ref,faceverse,cross,factorized_s2345,i_nf_pre-dP,fr,factorized_s2345|i_nf_pre|form - factorized_s2345|dP|form (fr),-0.012521747067523958,-0.04739313794441133,0.01899120180569178,0.744,0.305503896765805,0.318025643833329
ref,faceverse,cross,factorized_s2345,i_nf_pre-dP,fr_nosize,factorized_s2345|i_nf_pre|shape - factorized_s2345|dP|shape (fr),-0.014583866973028436,-0.05638583552220873,0.02358789530250504,0.733,0.2930138885551401,0.30759775552816854
ref,faceverse,cross,factorized_s2345,joint-dP,sr,factorized_s2345|joint|shape - factorized_s2345|dP|shape (sr),-0.007872638240443097,-0.06780827152965095,0.05069026062938997,0.588,0.3051778658226435,0.3130505040630866
ref,faceverse,cross,factorized_s2345,joint-dP,fr,factorized_s2345|joint|form - factorized_s2345|dP|form (fr),-0.009386896875639095,-0.059764966185081925,0.03933091847352043,0.631,0.3086387469576899,0.318025643833329
ref,faceverse,cross,factorized_s2345,joint-dP,fr_nosize,factorized_s2345|joint|shape - factorized_s2345|dP|shape (fr),-0.010769989622926412,-0.06983326898126896,0.047847455470029034,0.63,0.2968277659052421,0.30759775552816854
ref,faceverse,cross,factorized_s2345,crit_logo-dP,sr,factorized_s2345|crit_logo|shape - factorized_s2345|dP|shape (sr),-0.02223075104779393,-0.07848520155044023,0.03758341606597709,0.765,0.29081975301529267,0.3130505040630866
ref,faceverse,cross,factorized_s2345,crit_logo-dP,fr,factorized_s2345|crit_logo|form - factorized_s2345|dP|form (fr),-0.015040475176979318,-0.060635819942120986,0.03231208511438607,0.728,0.30298516865634967,0.318025643833329
ref,faceverse,cross,factorized_s2345,crit_logo-dP,fr_nosize,factorized_s2345|crit_logo|shape - factorized_s2345|dP|shape (fr),-0.019391001449730938,-0.07457015013171217,0.03599345342282466,0.753,0.2882067540784376,0.30759775552816854
ref,faceverse,cross,factorized_s2345,crit_joint-dP,sr,factorized_s2345|crit_joint|shape - factorized_s2345|dP|shape (sr),-0.001003612020147926,-0.05092408822690045,0.049067347677979684,0.509,0.3120468920429387,0.3130505040630866
ref,faceverse,cross,factorized_s2345,crit_joint-dP,fr,factorized_s2345|crit_joint|form - factorized_s2345|dP|form (fr),-0.002169299917286982,-0.0446291082386594,0.039899715612932145,0.531,0.315856343916042,0.318025643833329
ref,faceverse,cross,factorized_s2345,crit_joint-dP,fr_nosize,factorized_s2345|crit_joint|shape - factorized_s2345|dP|shape (fr),-0.002108972465233172,-0.05329817059863411,0.04755356510219777,0.523,0.30548878306293537,0.30759775552816854
pair,faceverse,cross,factorized_s2345,i_e2-i_pre,sr,factorized_s2345|i_e2|shape - factorized_s2345|i_pre|shape (sr),-0.02626367036070537,-0.08934370798466675,0.03707059402187665,0.79,0.262081057210136,0.2883447275708414
pair,faceverse,cross,factorized_s2345,i_e2-i_pre,fr,factorized_s2345|i_e2|form - factorized_s2345|i_pre|form (fr),-0.025202537229521538,-0.07983967033380261,0.027862764596977944,0.809,0.276022042152768,0.3012245793822895
pair,faceverse,cross,factorized_s2345,i_e2-i_pre,fr_nosize,factorized_s2345|i_e2|shape - factorized_s2345|i_pre|shape (fr),-0.033136168697491086,-0.09645585413184372,0.028830344937954385,0.852,0.25463727022116395,0.28777343891865503
pair,faceverse,cross,factorized_s2345,i_e2-i_nf_e2,sr,factorized_s2345|i_e2|shape - factorized_s2345|i_nf_e2|shape (sr),0.013110290358633064,-0.012280878856126885,0.04317903904730949,0.156,0.262081057210136,0.24897076685150296
pair,faceverse,cross,factorized_s2345,i_e2-i_nf_e2,fr,factorized_s2345|i_e2|form - factorized_s2345|i_nf_e2|form (fr),0.007454812470848782,-0.015362332298793963,0.031781166836869844,0.236,0.276022042152768,0.2685672296819192
pair,faceverse,cross,factorized_s2345,i_e2-i_nf_e2,fr_nosize,factorized_s2345|i_e2|shape - factorized_s2345|i_nf_e2|shape (fr),0.011567537316605592,-0.01368392713410633,0.039658250548785655,0.176,0.25463727022116395,0.24306973290455836
pair,faceverse,cross,factorized_s2345,i_nf_e2-i_nf_pre,sr,factorized_s2345|i_nf_e2|shape - factorized_s2345|i_nf_pre|shape (sr),-0.044866115064734785,-0.11247570077078123,0.014274835069061033,0.925,0.24897076685150296,0.29383688191623775
pair,faceverse,cross,factorized_s2345,i_nf_e2-i_nf_pre,fr,factorized_s2345|i_nf_e2|form - factorized_s2345|i_nf_pre|form (fr),-0.03693666708388582,-0.09211270093418505,0.015623505197262248,0.902,0.2685672296819192,0.305503896765805
pair,faceverse,cross,factorized_s2345,i_nf_e2-i_nf_pre,fr_nosize,factorized_s2345|i_nf_e2|shape - factorized_s2345|i_nf_pre|shape (fr),-0.049944155650581745,-0.11554019230069781,0.011942462374739022,0.94,0.24306973290455836,0.2930138885551401
pair,faceverse,cross,factorized_s2345,joint-i_e2,sr,factorized_s2345|joint|shape - factorized_s2345|i_e2|shape (sr),0.043096808612507476,0.007943935219462227,0.07770091384659006,0.01,0.3051778658226435,0.262081057210136
pair,faceverse,cross,factorized_s2345,joint-i_e2,fr,factorized_s2345|joint|form - factorized_s2345|i_e2|form (fr),0.0326167048049219,0.0020541790098263014,0.06342200562481663,0.02,0.3086387469576899,0.276022042152768
pair,faceverse,cross,factorized_s2345,joint-i_e2,fr_nosize,factorized_s2345|joint|shape - factorized_s2345|i_e2|shape (fr),0.04219049568407818,0.005532055220746202,0.08015611087709462,0.012,0.2968277659052421,0.25463727022116395
ref,faceverse,cross,factorizedc3m_e123,i_e2-dP,sr,factorizedc3m_e123|i_e2|shape - factorizedc3m_e123|dP|shape (sr),-0.03720480484773092,-0.0817240390382074,0.009423842632362392,0.937,0.2758492542518042,0.3130540590995351
ref,faceverse,cross,factorizedc3m_e123,i_e2-dP,fr,factorizedc3m_e123|i_e2|form - factorizedc3m_e123|dP|form (fr),-0.02654592110843923,-0.0638331817008967,0.01331618746750817,0.914,0.26287536281319734,0.2894212839216366
ref,faceverse,cross,factorizedc3m_e123,i_e2-dP,fr_nosize,factorizedc3m_e123|i_e2|shape - factorizedc3m_e123|dP|shape (fr),-0.037510052945325445,-0.08160184317415282,0.006235974485643024,0.948,0.26596128181301293,0.3034713347583384
ref,faceverse,cross,factorizedc3m_e123,i_nf_e2-dP,sr,factorizedc3m_e123|i_nf_e2|shape - factorizedc3m_e123|dP|shape (sr),-0.049332735438340214,-0.09069184981569085,-0.005456823991593201,0.986,0.2637213236611949,0.3130540590995351
ref,faceverse,cross,factorizedc3m_e123,i_nf_e2-dP,fr,factorizedc3m_e123|i_nf_e2|form - factorizedc3m_e123|dP|form (fr),-0.040693443414306085,-0.07489392084025905,-0.003753439804764207,0.982,0.2487278405073305,0.2894212839216366
ref,faceverse,cross,factorizedc3m_e123,i_nf_e2-dP,fr_nosize,factorizedc3m_e123|i_nf_e2|shape - factorizedc3m_e123|dP|shape (fr),-0.053657412491251055,-0.09356368746948313,-0.011998243733779087,0.994,0.24981392226708732,0.3034713347583384
ref,faceverse,cross,factorizedc3m_e123,i_pre-dP,sr,factorizedc3m_e123|i_pre|shape - factorizedc3m_e123|dP|shape (sr),-0.0038789677750548646,-0.03821698032174797,0.030802737592166226,0.588,0.30917509132448023,0.3130540590995351
ref,faceverse,cross,factorizedc3m_e123,i_pre-dP,fr,factorizedc3m_e123|i_pre|form - factorizedc3m_e123|dP|form (fr),0.002638431605616609,-0.026951734616668218,0.0333662160632829,0.439,0.2920597155272532,0.2894212839216366
ref,faceverse,cross,factorizedc3m_e123,i_pre-dP,fr_nosize,factorizedc3m_e123|i_pre|shape - factorizedc3m_e123|dP|shape (fr),-0.004239187188185556,-0.038160070274231954,0.030724605353100502,0.608,0.2992321475701528,0.3034713347583384
ref,faceverse,cross,factorizedc3m_e123,i_nf_pre-dP,sr,factorizedc3m_e123|i_nf_pre|shape - factorizedc3m_e123|dP|shape (sr),0.0016232279410945405,-0.03420756638701663,0.03860805415694225,0.459,0.31467728704062964,0.3130540590995351
ref,faceverse,cross,factorizedc3m_e123,i_nf_pre-dP,fr,factorizedc3m_e123|i_nf_pre|form - factorizedc3m_e123|dP|form (fr),0.005895418106567241,-0.0246111807870504,0.03775067082729275,0.363,0.2953167020282038,0.2894212839216366
ref,faceverse,cross,factorizedc3m_e123,i_nf_pre-dP,fr_nosize,factorizedc3m_e123|i_nf_pre|shape - factorizedc3m_e123|dP|shape (fr),0.0012462319535286315,-0.03530444670892448,0.03773107778541115,0.472,0.304717566711867,0.3034713347583384
ref,faceverse,cross,factorizedc3m_e123,joint-dP,sr,factorizedc3m_e123|joint|shape - factorizedc3m_e123|dP|shape (sr),0.0055527219552651275,-0.0395031308149219,0.05020011701994843,0.407,0.3186067810548002,0.3130540590995351
ref,faceverse,cross,factorizedc3m_e123,joint-dP,fr,factorizedc3m_e123|joint|form - factorizedc3m_e123|dP|form (fr),0.0032675454547680394,-0.03503687299996282,0.041632153086029876,0.431,0.2926888293764046,0.2894212839216366
ref,faceverse,cross,factorizedc3m_e123,joint-dP,fr_nosize,factorizedc3m_e123|joint|shape - factorizedc3m_e123|dP|shape (fr),0.003327389440251627,-0.04173261661868768,0.046953033349528814,0.431,0.30679872419859,0.3034713347583384
pair,faceverse,cross,factorizedc3m_e123,i_e2-i_pre,sr,factorizedc3m_e123|i_e2|shape - factorizedc3m_e123|i_pre|shape (sr),-0.03332583707267606,-0.0769239515640556,0.0067897954653202116,0.937,0.2758492542518042,0.30917509132448023
pair,faceverse,cross,factorizedc3m_e123,i_e2-i_pre,fr,factorizedc3m_e123|i_e2|form - factorizedc3m_e123|i_pre|form (fr),-0.02918435271405584,-0.06633799584763003,0.00557170164328407,0.944,0.26287536281319734,0.2920597155272532
pair,faceverse,cross,factorizedc3m_e123,i_e2-i_pre,fr_nosize,factorizedc3m_e123|i_e2|shape - factorizedc3m_e123|i_pre|shape (fr),-0.03327086575713989,-0.07662230116042379,0.007299385548090335,0.937,0.26596128181301293,0.2992321475701528
pair,faceverse,cross,factorizedc3m_e123,i_e2-i_nf_e2,sr,factorizedc3m_e123|i_e2|shape - factorizedc3m_e123|i_nf_e2|shape (sr),0.012127930590609293,-0.009646723924048419,0.035610165834511216,0.122,0.2758492542518042,0.2637213236611949
pair,faceverse,cross,factorizedc3m_e123,i_e2-i_nf_e2,fr,factorizedc3m_e123|i_e2|form - factorizedc3m_e123|i_nf_e2|form (fr),0.014147522305866855,-0.004836485220893451,0.03434505898912533,0.069,0.26287536281319734,0.2487278405073305
pair,faceverse,cross,factorizedc3m_e123,i_e2-i_nf_e2,fr_nosize,factorizedc3m_e123|i_e2|shape - factorizedc3m_e123|i_nf_e2|shape (fr),0.01614735954592561,-0.006352013314243061,0.03939883397567949,0.079,0.26596128181301293,0.24981392226708732
pair,faceverse,cross,factorizedc3m_e123,i_nf_e2-i_nf_pre,sr,factorizedc3m_e123|i_nf_e2|shape - factorizedc3m_e123|i_nf_pre|shape (sr),-0.050955963379434754,-0.09421074649027444,-0.010324582730221722,0.992,0.2637213236611949,0.31467728704062964
pair,faceverse,cross,factorizedc3m_e123,i_nf_e2-i_nf_pre,fr,factorizedc3m_e123|i_nf_e2|form - factorizedc3m_e123|i_nf_pre|form (fr),-0.046588861520873326,-0.0835105459848748,-0.0104178672241282,0.994,0.2487278405073305,0.2953167020282038
pair,faceverse,cross,factorizedc3m_e123,i_nf_e2-i_nf_pre,fr_nosize,factorizedc3m_e123|i_nf_e2|shape - factorizedc3m_e123|i_nf_pre|shape (fr),-0.05490364444477969,-0.0964659809924572,-0.011906459219830471,0.993,0.24981392226708732,0.304717566711867
pair,faceverse,cross,factorizedc3m_e123,joint-i_e2,sr,factorizedc3m_e123|joint|shape - factorizedc3m_e123|i_e2|shape (sr),0.04275752680299605,0.010242790473331933,0.07744284322560742,0.012,0.3186067810548002,0.2758492542518042
pair,faceverse,cross,factorizedc3m_e123,joint-i_e2,fr,factorizedc3m_e123|joint|form - factorizedc3m_e123|i_e2|form (fr),0.02981346656320727,-0.0011201873115820379,0.058325751976038474,0.028,0.2926888293764046,0.26287536281319734
pair,faceverse,cross,factorizedc3m_e123,joint-i_e2,fr_nosize,factorizedc3m_e123|joint|shape - factorizedc3m_e123|i_e2|shape (fr),0.04083744238557707,0.007201305886134023,0.07412476597754136,0.009,0.30679872419859,0.26596128181301293
ref,flame2023_s1,cross,factorized_s1234,i_e2-dP,sr,factorized_s1234|i_e2|shape - factorized_s1234|dP|shape (sr),0.028163867979214663,0.009739709451672374,0.04767373495145044,0.0,0.8343943482798197,0.8062304803006051
ref,flame2023_s1,cross,factorized_s1234,i_e2-dP,fr,factorized_s1234|i_e2|form - factorized_s1234|dP|form (fr),0.004898281081332834,-0.004822689182250125,0.015249136167025421,0.163,0.8135775643765119,0.808679283295179
ref,flame2023_s1,cross,factorized_s1234,i_e2-dP,fr_nosize,factorized_s1234|i_e2|shape - factorized_s1234|dP|shape (fr),0.00011721725186097931,-0.0228809985652043,0.02170052432506081,0.518,0.6052893873081089,0.6051721700562479
ref,flame2023_s1,cross,factorized_s1234,i_nf_e2-dP,sr,factorized_s1234|i_nf_e2|shape - factorized_s1234|dP|shape (sr),0.005131934530679838,-0.013032682436022293,0.024508014139051883,0.276,0.8113624148312849,0.8062304803006051
ref,flame2023_s1,cross,factorized_s1234,i_nf_e2-dP,fr,factorized_s1234|i_nf_e2|form - factorized_s1234|dP|form (fr),-0.0023314041154886,-0.011920188260649316,0.007846769387244013,0.664,0.8063478791796904,0.808679283295179
ref,flame2023_s1,cross,factorized_s1234,i_nf_e2-dP,fr_nosize,factorized_s1234|i_nf_e2|shape - factorized_s1234|dP|shape (fr),-0.006114254273847597,-0.027203358975657007,0.013544491715026558,0.725,0.5990579157824003,0.6051721700562479
ref,flame2023_s1,cross,factorized_s1234,i_pre-dP,sr,factorized_s1234|i_pre|shape - factorized_s1234|dP|shape (sr),-0.001094818626961036,-0.017615499635630454,0.014278984300291772,0.538,0.805135661673644,0.8062304803006051
ref,flame2023_s1,cross,factorized_s1234,i_pre-dP,fr,factorized_s1234|i_pre|form - factorized_s1234|dP|form (fr),-0.004558344382365909,-0.013246335928810202,0.004316699007114057,0.862,0.8041209389128131,0.808679283295179
ref,flame2023_s1,cross,factorized_s1234,i_pre-dP,fr_nosize,factorized_s1234|i_pre|shape - factorized_s1234|dP|shape (fr),-0.02612466337515218,-0.04904760309325799,-0.0056772843655969315,0.994,0.5790475066810957,0.6051721700562479
ref,flame2023_s1,cross,factorized_s1234,i_nf_pre-dP,sr,factorized_s1234|i_nf_pre|shape - factorized_s1234|dP|shape (sr),-0.013299231000912237,-0.030403274242593512,0.0031659610554194105,0.944,0.7929312492996928,0.8062304803006051
ref,flame2023_s1,cross,factorized_s1234,i_nf_pre-dP,fr,factorized_s1234|i_nf_pre|form - factorized_s1234|dP|form (fr),-0.006229847905320662,-0.015065141422918732,0.002542157981983476,0.921,0.8024494353898584,0.808679283295179
ref,flame2023_s1,cross,factorized_s1234,i_nf_pre-dP,fr_nosize,factorized_s1234|i_nf_pre|shape - factorized_s1234|dP|shape (fr),-0.032828241065062214,-0.05408322285146233,-0.013884440938615445,0.999,0.5723439289911857,0.6051721700562479
ref,flame2023_s1,cross,factorized_s1234,crit_logo-dP,sr,factorized_s1234|crit_logo|shape - factorized_s1234|dP|shape (sr),0.03319268162429567,0.01688334648704682,0.050830721444410615,0.0,0.8394231619249007,0.8062304803006051
ref,flame2023_s1,cross,factorized_s1234,crit_logo-dP,fr,factorized_s1234|crit_logo|form - factorized_s1234|dP|form (fr),0.011143362096360132,0.0023693745496931734,0.02139964105842637,0.011,0.8198226453915392,0.808679283295179
ref,flame2023_s1,cross,factorized_s1234,crit_logo-dP,fr_nosize,factorized_s1234|crit_logo|shape - factorized_s1234|dP|shape (fr),0.011957042681608243,-0.008986415986016367,0.031308690101220324,0.133,0.6171292127378561,0.6051721700562479
pair,flame2023_s1,cross,factorized_s1234,i_e2-i_pre,sr,factorized_s1234|i_e2|shape - factorized_s1234|i_pre|shape (sr),0.0292586866061757,0.013361471910155253,0.0460671163583138,0.0,0.8343943482798197,0.805135661673644
pair,flame2023_s1,cross,factorized_s1234,i_e2-i_pre,fr,factorized_s1234|i_e2|form - factorized_s1234|i_pre|form (fr),0.009456625463698742,0.0007403225541970732,0.018614585014126984,0.01,0.8135775643765119,0.8041209389128131
pair,flame2023_s1,cross,factorized_s1234,i_e2-i_pre,fr_nosize,factorized_s1234|i_e2|shape - factorized_s1234|i_pre|shape (fr),0.02624188062701316,0.00716223586958401,0.04525565337483345,0.003,0.6052893873081089,0.5790475066810957
pair,flame2023_s1,cross,factorized_s1234,i_e2-i_nf_e2,sr,factorized_s1234|i_e2|shape - factorized_s1234|i_nf_e2|shape (sr),0.023031933448534825,0.015394452566758522,0.03106327045746358,0.0,0.8343943482798197,0.8113624148312849
pair,flame2023_s1,cross,factorized_s1234,i_e2-i_nf_e2,fr,factorized_s1234|i_e2|form - factorized_s1234|i_nf_e2|form (fr),0.007229685196821434,0.0031375858919150874,0.01199110222306304,0.001,0.8135775643765119,0.8063478791796904
pair,flame2023_s1,cross,factorized_s1234,i_e2-i_nf_e2,fr_nosize,factorized_s1234|i_e2|shape - factorized_s1234|i_nf_e2|shape (fr),0.006231471525708576,-0.003819474558388186,0.01635509538064099,0.134,0.6052893873081089,0.5990579157824003
pair,flame2023_s1,cross,factorized_s1234,i_nf_e2-i_nf_pre,sr,factorized_s1234|i_nf_e2|shape - factorized_s1234|i_nf_pre|shape (sr),0.018431165531592075,0.001391440643088085,0.036416697333736536,0.017,0.8113624148312849,0.7929312492996928
pair,flame2023_s1,cross,factorized_s1234,i_nf_e2-i_nf_pre,fr,factorized_s1234|i_nf_e2|form - factorized_s1234|i_nf_pre|form (fr),0.0038984437898320623,-0.005149121429999279,0.013409318436018919,0.181,0.8063478791796904,0.8024494353898584
pair,flame2023_s1,cross,factorized_s1234,i_nf_e2-i_nf_pre,fr_nosize,factorized_s1234|i_nf_e2|shape - factorized_s1234|i_nf_pre|shape (fr),0.026713986791214617,0.007992265334065338,0.046760276946646626,0.004,0.5990579157824003,0.5723439289911857
ref,flame2023_s1,cross,factorized_s2345,i_e2-dP,sr,factorized_s2345|i_e2|shape - factorized_s2345|dP|shape (sr),0.029845640902786297,0.013543455278245312,0.048371659649677615,0.0,0.836026138538971,0.8061804976361847
ref,flame2023_s1,cross,factorized_s2345,i_e2-dP,fr,factorized_s2345|i_e2|form - factorized_s2345|dP|form (fr),0.009532023611346085,0.0014986701585827879,0.017439105276553454,0.01,0.8131103648468402,0.8035783412354941
ref,flame2023_s1,cross,factorized_s2345,i_e2-dP,fr_nosize,factorized_s2345|i_e2|shape - factorized_s2345|dP|shape (fr),-0.0031653343280788615,-0.024143111766276662,0.01711932828419209,0.637,0.5979835765387316,0.6011489108668104
ref,flame2023_s1,cross,factorized_s2345,i_nf_e2-dP,sr,factorized_s2345|i_nf_e2|shape - factorized_s2345|dP|shape (sr),0.017242074483769243,-0.0005376430715790301,0.035782042008098806,0.027,0.823422572119954,0.8061804976361847
ref,flame2023_s1,cross,factorized_s2345,i_nf_e2-dP,fr,factorized_s2345|i_nf_e2|form - factorized_s2345|dP|form (fr),0.007349652346557933,-0.0009760584295838814,0.015268903856910506,0.042,0.810927993582052,0.8035783412354941
ref,flame2023_s1,cross,factorized_s2345,i_nf_e2-dP,fr_nosize,factorized_s2345|i_nf_e2|shape - factorized_s2345|dP|shape (fr),-0.0077199026131206105,-0.02937289547254958,0.011577187999086202,0.785,0.5934290082536898,0.6011489108668104
ref,flame2023_s1,cross,factorized_s2345,i_pre-dP,sr,factorized_s2345|i_pre|shape - factorized_s2345|dP|shape (sr),0.0,0.0,0.0,1.0,0.8061804976361847,0.8061804976361847
ref,flame2023_s1,cross,factorized_s2345,i_pre-dP,fr,factorized_s2345|i_pre|form - factorized_s2345|dP|form (fr),0.0023932133902832,0.0008690602877659326,0.003996623998117912,0.0,0.8059715546257773,0.8035783412354941
ref,flame2023_s1,cross,factorized_s2345,i_pre-dP,fr_nosize,factorized_s2345|i_pre|shape - factorized_s2345|dP|shape (fr),0.0,0.0,0.0,1.0,0.6011489108668104,0.6011489108668104
ref,flame2023_s1,cross,factorized_s2345,i_nf_pre-dP,sr,factorized_s2345|i_nf_pre|shape - factorized_s2345|dP|shape (sr),0.0,0.0,0.0,1.0,0.8061804976361847,0.8061804976361847
ref,flame2023_s1,cross,factorized_s2345,i_nf_pre-dP,fr,factorized_s2345|i_nf_pre|form - factorized_s2345|dP|form (fr),0.002413879067089675,0.0008734017102404151,0.0040349916517696755,0.0,0.8059922203025838,0.8035783412354941
ref,flame2023_s1,cross,factorized_s2345,i_nf_pre-dP,fr_nosize,factorized_s2345|i_nf_pre|shape - factorized_s2345|dP|shape (fr),0.0,0.0,0.0,1.0,0.6011489108668104,0.6011489108668104
ref,flame2023_s1,cross,factorized_s2345,crit_logo-dP,sr,factorized_s2345|crit_logo|shape - factorized_s2345|dP|shape (sr),0.017466180893400796,0.002037753312440674,0.034352817445582905,0.014,0.8236466785295855,0.8061804976361847
ref,flame2023_s1,cross,factorized_s2345,crit_logo-dP,fr,factorized_s2345|crit_logo|form - factorized_s2345|dP|form (fr),0.007772190416832081,-0.00027520767544592637,0.015647049669709312,0.03,0.8113505316523262,0.8035783412354941
ref,flame2023_s1,cross,factorized_s2345,crit_logo-dP,fr_nosize,factorized_s2345|crit_logo|shape - factorized_s2345|dP|shape (fr),0.005217772470271109,-0.013601180715084432,0.023196463667433168,0.319,0.6063666833370815,0.6011489108668104
pair,flame2023_s1,cross,factorized_s2345,i_e2-i_pre,sr,factorized_s2345|i_e2|shape - factorized_s2345|i_pre|shape (sr),0.029845640902786297,0.013543455278245312,0.048371659649677615,0.0,0.836026138538971,0.8061804976361847
pair,flame2023_s1,cross,factorized_s2345,i_e2-i_pre,fr,factorized_s2345|i_e2|form - factorized_s2345|i_pre|form (fr),0.007138810221062886,-0.0008485748130482473,0.015338703254131617,0.044,0.8131103648468402,0.8059715546257773
pair,flame2023_s1,cross,factorized_s2345,i_e2-i_pre,fr_nosize,factorized_s2345|i_e2|shape - factorized_s2345|i_pre|shape (fr),-0.0031653343280788615,-0.024143111766276662,0.01711932828419209,0.637,0.5979835765387316,0.6011489108668104
pair,flame2023_s1,cross,factorized_s2345,i_e2-i_nf_e2,sr,factorized_s2345|i_e2|shape - factorized_s2345|i_nf_e2|shape (sr),0.012603566419017054,0.0051103043502810416,0.020643730877674543,0.0,0.836026138538971,0.823422572119954
pair,flame2023_s1,cross,factorized_s2345,i_e2-i_nf_e2,fr,factorized_s2345|i_e2|form - factorized_s2345|i_nf_e2|form (fr),0.002182371264788152,-0.0011065203607559942,0.005605342656710135,0.115,0.8131103648468402,0.810927993582052
pair,flame2023_s1,cross,factorized_s2345,i_e2-i_nf_e2,fr_nosize,factorized_s2345|i_e2|shape - factorized_s2345|i_nf_e2|shape (fr),0.004554568285041749,-0.005538695091945747,0.015258469893770842,0.205,0.5979835765387316,0.5934290082536898
pair,flame2023_s1,cross,factorized_s2345,i_nf_e2-i_nf_pre,sr,factorized_s2345|i_nf_e2|shape - factorized_s2345|i_nf_pre|shape (sr),0.017242074483769243,-0.0005376430715790301,0.035782042008098806,0.027,0.823422572119954,0.8061804976361847
pair,flame2023_s1,cross,factorized_s2345,i_nf_e2-i_nf_pre,fr,factorized_s2345|i_nf_e2|form - factorized_s2345|i_nf_pre|form (fr),0.0049357732794682585,-0.0035023150691134404,0.013023908181636302,0.129,0.810927993582052,0.8059922203025838
pair,flame2023_s1,cross,factorized_s2345,i_nf_e2-i_nf_pre,fr_nosize,factorized_s2345|i_nf_e2|shape - factorized_s2345|i_nf_pre|shape (fr),-0.0077199026131206105,-0.02937289547254958,0.011577187999086202,0.785,0.5934290082536898,0.6011489108668104
ref,flame2023_s1,cross,factorizedc3m_e123,i_e2-dP,sr,factorizedc3m_e123|i_e2|shape - factorizedc3m_e123|dP|shape (sr),0.025488531400483017,0.010450242670436205,0.04196212555854545,0.0,0.8441907745531422,0.8187022431526592
ref,flame2023_s1,cross,factorizedc3m_e123,i_e2-dP,fr,factorizedc3m_e123|i_e2|form - factorizedc3m_e123|dP|form (fr),0.004162865812957106,-0.00425628827497331,0.013035069758824416,0.163,0.8364910910104415,0.8323282251974844
ref,flame2023_s1,cross,factorizedc3m_e123,i_e2-dP,fr_nosize,factorizedc3m_e123|i_e2|shape - factorizedc3m_e123|dP|shape (fr),-0.018128487373233915,-0.036830491750626936,0.000595976220025218,0.973,0.5799633191923027,0.5980918065655366
ref,flame2023_s1,cross,factorizedc3m_e123,i_nf_e2-dP,sr,factorizedc3m_e123|i_nf_e2|shape - factorizedc3m_e123|dP|shape (sr),-0.0055881350859878776,-0.02123017090641437,0.010590231707368893,0.74,0.8131141080666713,0.8187022431526592
ref,flame2023_s1,cross,factorizedc3m_e123,i_nf_e2-dP,fr,factorizedc3m_e123|i_nf_e2|form - factorizedc3m_e123|dP|form (fr),-0.004595945456212669,-0.013351397871074375,0.004270535594014381,0.83,0.8277322797412717,0.8323282251974844
ref,flame2023_s1,cross,factorizedc3m_e123,i_nf_e2-dP,fr_nosize,factorizedc3m_e123|i_nf_e2|shape - factorizedc3m_e123|dP|shape (fr),-0.023382439361356533,-0.04205459781557449,-0.005427681847978693,0.993,0.5747093672041801,0.5980918065655366
ref,flame2023_s1,cross,factorizedc3m_e123,i_pre-dP,sr,factorizedc3m_e123|i_pre|shape - factorizedc3m_e123|dP|shape (sr),0.0233484394338499,0.012062196682062595,0.03489375768577502,0.0,0.8420506825865091,0.8187022431526592
ref,flame2023_s1,cross,factorizedc3m_e123,i_pre-dP,fr,factorizedc3m_e123|i_pre|form - factorizedc3m_e123|dP|form (fr),0.008804056920572845,0.0027874864225880813,0.015164909901329437,0.002,0.8411322821180572,0.8323282251974844
ref,flame2023_s1,cross,factorizedc3m_e123,i_pre-dP,fr_nosize,factorizedc3m_e123|i_pre|shape - factorizedc3m_e123|dP|shape (fr),0.004754017206787253,-0.010141452619813964,0.01855911972892539,0.276,0.6028458237723239,0.5980918065655366
ref,flame2023_s1,cross,factorizedc3m_e123,i_nf_pre-dP,sr,factorizedc3m_e123|i_nf_pre|shape - factorizedc3m_e123|dP|shape (sr),0.001741310219053105,-0.011587056125315914,0.013618010829191488,0.381,0.8204435533717123,0.8187022431526592
ref,flame2023_s1,cross,factorizedc3m_e123,i_nf_pre-dP,fr,factorizedc3m_e123|i_nf_pre|form - factorizedc3m_e123|dP|form (fr),0.002434172283151348,-0.003925119482474642,0.00870381873545551,0.224,0.8347623974806357,0.8323282251974844
ref,flame2023_s1,cross,factorizedc3m_e123,i_nf_pre-dP,fr_nosize,factorizedc3m_e123|i_nf_pre|shape - factorizedc3m_e123|dP|shape (fr),-0.007630118624683213,-0.02319833956844681,0.007561180783223428,0.848,0.5904616879408534,0.5980918065655366
pair,flame2023_s1,cross,factorizedc3m_e123,i_e2-i_pre,sr,factorizedc3m_e123|i_e2|shape - factorizedc3m_e123|i_pre|shape (sr),0.0021400919666331175,-0.010006897174004376,0.015116569158823926,0.372,0.8441907745531422,0.8420506825865091
pair,flame2023_s1,cross,factorizedc3m_e123,i_e2-i_pre,fr,factorizedc3m_e123|i_e2|form - factorizedc3m_e123|i_pre|form (fr),-0.004641191107615739,-0.010541406203816772,0.0022150421348083363,0.912,0.8364910910104415,0.8411322821180572
pair,flame2023_s1,cross,factorizedc3m_e123,i_e2-i_pre,fr_nosize,factorizedc3m_e123|i_e2|shape - factorizedc3m_e123|i_pre|shape (fr),-0.022882504580021168,-0.038626859079067065,-0.006859825537677438,0.998,0.5799633191923027,0.6028458237723239
pair,flame2023_s1,cross,factorizedc3m_e123,i_e2-i_nf_e2,sr,factorizedc3m_e123|i_e2|shape - factorizedc3m_e123|i_nf_e2|shape (sr),0.031076666486470894,0.020016188222765217,0.04170373513886403,0.0,0.8441907745531422,0.8131141080666713
pair,flame2023_s1,cross,factorizedc3m_e123,i_e2-i_nf_e2,fr,factorizedc3m_e123|i_e2|form - factorizedc3m_e123|i_nf_e2|form (fr),0.008758811269169775,0.003021302039264734,0.014170319806257579,0.001,0.8364910910104415,0.8277322797412717
pair,flame2023_s1,cross,factorizedc3m_e123,i_e2-i_nf_e2,fr_nosize,factorizedc3m_e123|i_e2|shape - factorizedc3m_e123|i_nf_e2|shape (fr),0.005253951988122618,-0.009329659522335465,0.018096759165948505,0.242,0.5799633191923027,0.5747093672041801
pair,flame2023_s1,cross,factorizedc3m_e123,i_nf_e2-i_nf_pre,sr,factorizedc3m_e123|i_nf_e2|shape - factorizedc3m_e123|i_nf_pre|shape (sr),-0.0073294453050409825,-0.022014986407635016,0.007776657250790946,0.812,0.8131141080666713,0.8204435533717123
pair,flame2023_s1,cross,factorizedc3m_e123,i_nf_e2-i_nf_pre,fr,factorizedc3m_e123|i_nf_e2|form - factorizedc3m_e123|i_nf_pre|form (fr),-0.007030117739364017,-0.015132054825458579,0.0014621089073369906,0.938,0.8277322797412717,0.8347623974806357
pair,flame2023_s1,cross,factorizedc3m_e123,i_nf_e2-i_nf_pre,fr_nosize,factorizedc3m_e123|i_nf_e2|shape - factorizedc3m_e123|i_nf_pre|shape (fr),-0.01575232073667332,-0.03554034430280101,0.004295575600570574,0.925,0.5747093672041801,0.5904616879408534
ref,flame2023_s1,cross_half,factorized_s1234,i_e2-dP,sr,factorized_s1234|i_e2|shape - factorized_s1234|dP|shape (sr),0.018038374089195952,-0.00778728106978932,0.045498717711795734,0.107,0.839537667318304,0.8214992932291081
ref,flame2023_s1,cross_half,factorized_s1234,i_e2-dP,fr,factorized_s1234|i_e2|form - factorized_s1234|dP|form (fr),0.002182656383119763,-0.012402851862670428,0.018245549025817393,0.393,0.8356022730829646,0.8334196166998449
ref,flame2023_s1,cross_half,factorized_s1234,i_e2-dP,fr_nosize,factorized_s1234|i_e2|shape - factorized_s1234|dP|shape (fr),0.0039358527256080356,-0.030195623543861388,0.03692391672194938,0.417,0.6332135347187745,0.6292776819931665
ref,flame2023_s1,cross_half,factorized_s1234,i_nf_e2-dP,sr,factorized_s1234|i_nf_e2|shape - factorized_s1234|dP|shape (sr),-0.004668302476023789,-0.03061504845649586,0.023238932295262187,0.635,0.8168309907530843,0.8214992932291081
ref,flame2023_s1,cross_half,factorized_s1234,i_nf_e2-dP,fr,factorized_s1234|i_nf_e2|form - factorized_s1234|dP|form (fr),-0.004617609077590679,-0.01827863080069982,0.010809396493772848,0.75,0.8288020076222542,0.8334196166998449
ref,flame2023_s1,cross_half,factorized_s1234,i_nf_e2-dP,fr_nosize,factorized_s1234|i_nf_e2|shape - factorized_s1234|dP|shape (fr),-0.0013385820793077041,-0.03326746314608267,0.03194187198803124,0.532,0.6279390999138588,0.6292776819931665
ref,flame2023_s1,cross_half,factorized_s1234,i_pre-dP,sr,factorized_s1234|i_pre|shape - factorized_s1234|dP|shape (sr),0.00583801429782127,-0.014539193373624346,0.026024150413829186,0.291,0.8273373075269294,0.8214992932291081
ref,flame2023_s1,cross_half,factorized_s1234,i_pre-dP,fr,factorized_s1234|i_pre|form - factorized_s1234|dP|form (fr),0.0029366389549312366,-0.007829004473157946,0.012767002723974871,0.31,0.8363562556547761,0.8334196166998449
ref,flame2023_s1,cross_half,factorized_s1234,i_pre-dP,fr_nosize,factorized_s1234|i_pre|shape - factorized_s1234|dP|shape (fr),-0.004012594212431386,-0.031140786037642393,0.021823259394725906,0.629,0.6252650877807351,0.6292776819931665
ref,flame2023_s1,cross_half,factorized_s1234,i_nf_pre-dP,sr,factorized_s1234|i_nf_pre|shape - factorized_s1234|dP|shape (sr),-0.009035388040746106,-0.031795289102080335,0.01180336443075036,0.79,0.812463905188362,0.8214992932291081
ref,flame2023_s1,cross_half,factorized_s1234,i_nf_pre-dP,fr,factorized_s1234|i_nf_pre|form - factorized_s1234|dP|form (fr),0.000234355068625125,-0.01131068187551983,0.010926329919052728,0.482,0.83365397176847,0.8334196166998449
ref,flame2023_s1,cross_half,factorized_s1234,i_nf_pre-dP,fr_nosize,factorized_s1234|i_nf_pre|shape - factorized_s1234|dP|shape (fr),-0.011995046101310636,-0.04011702928171941,0.014262666067316942,0.829,0.6172826358918558,0.6292776819931665
ref,flame2023_s1,cross_half,factorized_s1234,joint-dP,sr,factorized_s1234|joint|shape - factorized_s1234|dP|shape (sr),0.0749201062935102,0.045735403846480345,0.10648072907179976,0.0,0.8964193995226183,0.8214992932291081
ref,flame2023_s1,cross_half,factorized_s1234,joint-dP,fr,factorized_s1234|joint|form - factorized_s1234|dP|form (fr),0.020534168399218178,0.0047875990341065214,0.03903371198423309,0.006,0.8539537850990631,0.8334196166998449
ref,flame2023_s1,cross_half,factorized_s1234,joint-dP,fr_nosize,factorized_s1234|joint|shape - factorized_s1234|dP|shape (fr),0.012550571574579172,-0.024379780188620505,0.05372773620883158,0.26,0.6418282535677456,0.6292776819931665
ref,flame2023_s1,cross_half,factorized_s1234,crit_logo-dP,sr,factorized_s1234|crit_logo|shape - factorized_s1234|dP|shape (sr),0.028790332039622557,0.0074718902610557475,0.053112141867797585,0.007,0.8502896252687306,0.8214992932291081
ref,flame2023_s1,cross_half,factorized_s1234,crit_logo-dP,fr,factorized_s1234|crit_logo|form - factorized_s1234|dP|form (fr),0.010150864577588625,-0.0024722945351500075,0.023730821093021902,0.058,0.8435704812774335,0.8334196166998449
ref,flame2023_s1,cross_half,factorized_s1234,crit_logo-dP,fr_nosize,factorized_s1234|crit_logo|shape - factorized_s1234|dP|shape (fr),0.0183147329044947,-0.011113254590135188,0.04674264668543009,0.093,0.6475924148976612,0.6292776819931665
ref,flame2023_s1,cross_half,factorized_s1234,crit_joint-dP,sr,factorized_s1234|crit_joint|shape - factorized_s1234|dP|shape (sr),0.07625553484370728,0.05022507981429161,0.10672123135349756,0.0,0.8977548280728154,0.8214992932291081
ref,flame2023_s1,cross_half,factorized_s1234,crit_joint-dP,fr,factorized_s1234|crit_joint|form - factorized_s1234|dP|form (fr),0.027791944880471098,0.013705259217337385,0.044129635300675714,0.0,0.861211561580316,0.8334196166998449
ref,flame2023_s1,cross_half,factorized_s1234,crit_joint-dP,fr_nosize,factorized_s1234|crit_joint|shape - factorized_s1234|dP|shape (fr),0.013256565316316138,-0.020346270597589422,0.050658221014830286,0.217,0.6425342473094826,0.6292776819931665
pair,flame2023_s1,cross_half,factorized_s1234,i_e2-i_pre,sr,factorized_s1234|i_e2|shape - factorized_s1234|i_pre|shape (sr),0.012200359791374682,-0.008122527382754223,0.03350425993554426,0.139,0.839537667318304,0.8273373075269294
pair,flame2023_s1,cross_half,factorized_s1234,i_e2-i_pre,fr,factorized_s1234|i_e2|form - factorized_s1234|i_pre|form (fr),-0.0007539825718114734,-0.012508898461765958,0.011917342934054597,0.554,0.8356022730829646,0.8363562556547761
pair,flame2023_s1,cross_half,factorized_s1234,i_e2-i_pre,fr_nosize,factorized_s1234|i_e2|shape - factorized_s1234|i_pre|shape (fr),0.007948446938039422,-0.019394319597526712,0.038310866171154465,0.297,0.6332135347187745,0.6252650877807351
pair,flame2023_s1,cross_half,factorized_s1234,i_e2-i_nf_e2,sr,factorized_s1234|i_e2|shape - factorized_s1234|i_nf_e2|shape (sr),0.02270667656521974,0.012455894682564864,0.03308341392980606,0.0,0.839537667318304,0.8168309907530843
pair,flame2023_s1,cross_half,factorized_s1234,i_e2-i_nf_e2,fr,factorized_s1234|i_e2|form - factorized_s1234|i_nf_e2|form (fr),0.006800265460710442,0.001300527410466945,0.01243000277315879,0.009,0.8356022730829646,0.8288020076222542
pair,flame2023_s1,cross_half,factorized_s1234,i_e2-i_nf_e2,fr_nosize,factorized_s1234|i_e2|shape - factorized_s1234|i_nf_e2|shape (fr),0.00527443480491574,-0.009922370934799946,0.019955268339426062,0.255,0.6332135347187745,0.6279390999138588
pair,flame2023_s1,cross_half,factorized_s1234,i_nf_e2-i_nf_pre,sr,factorized_s1234|i_nf_e2|shape - factorized_s1234|i_nf_pre|shape (sr),0.004367085564722317,-0.017492846727260102,0.026567006534624783,0.359,0.8168309907530843,0.812463905188362
pair,flame2023_s1,cross_half,factorized_s1234,i_nf_e2-i_nf_pre,fr,factorized_s1234|i_nf_e2|form - factorized_s1234|i_nf_pre|form (fr),-0.004851964146215804,-0.017242677780480387,0.008949534051650736,0.759,0.8288020076222542,0.83365397176847
pair,flame2023_s1,cross_half,factorized_s1234,i_nf_e2-i_nf_pre,fr_nosize,factorized_s1234|i_nf_e2|shape - factorized_s1234|i_nf_pre|shape (fr),0.010656464022002932,-0.021389670324433653,0.04406787244684856,0.252,0.6279390999138588,0.6172826358918558
pair,flame2023_s1,cross_half,factorized_s1234,joint-i_e2,sr,factorized_s1234|joint|shape - factorized_s1234|i_e2|shape (sr),0.05688173220431425,0.03754293491753924,0.07615300067634338,0.0,0.8964193995226183,0.839537667318304
pair,flame2023_s1,cross_half,factorized_s1234,joint-i_e2,fr,factorized_s1234|joint|form - factorized_s1234|i_e2|form (fr),0.018351512016098415,0.009120150963963415,0.027740486289786905,0.0,0.8539537850990631,0.8356022730829646
pair,flame2023_s1,cross_half,factorized_s1234,joint-i_e2,fr_nosize,factorized_s1234|joint|shape - factorized_s1234|i_e2|shape (fr),0.008614718848971137,-0.018874219417821605,0.03394696337397771,0.257,0.6418282535677456,0.6332135347187745
ref,flame2023_s1,cross_half,factorized_s2345,i_e2-dP,sr,factorized_s2345|i_e2|shape - factorized_s2345|dP|shape (sr),0.018870609123427085,-0.005993070273198247,0.04293840569858184,0.063,0.8453561785362014,0.8264855694127743
ref,flame2023_s1,cross_half,factorized_s2345,i_e2-dP,fr,factorized_s2345|i_e2|form - factorized_s2345|dP|form (fr),0.008908216022425641,-0.0029193730513989934,0.020365729428237146,0.059,0.840678136675067,0.8317699206526413
ref,flame2023_s1,cross_half,factorized_s2345,i_e2-dP,fr_nosize,factorized_s2345|i_e2|shape - factorized_s2345|dP|shape (fr),-0.006346729751612101,-0.0348448779870445,0.024206093997098728,0.638,0.6210416339099659,0.627388363661578
ref,flame2023_s1,cross_half,factorized_s2345,i_nf_e2-dP,sr,factorized_s2345|i_nf_e2|shape - factorized_s2345|dP|shape (sr),0.0076403115934122745,-0.02002523624074643,0.03382226207423647,0.27,0.8341258810061866,0.8264855694127743
ref,flame2023_s1,cross_half,factorized_s2345,i_nf_e2-dP,fr,factorized_s2345|i_nf_e2|form - factorized_s2345|dP|form (fr),0.006618390683048925,-0.0051101345032323105,0.017418936326042453,0.133,0.8383883113356903,0.8317699206526413
ref,flame2023_s1,cross_half,factorized_s2345,i_nf_e2-dP,fr_nosize,factorized_s2345|i_nf_e2|shape - factorized_s2345|dP|shape (fr),-0.014616933890088446,-0.041967788061880236,0.01443954198513313,0.829,0.6127714297714896,0.627388363661578
ref,flame2023_s1,cross_half,factorized_s2345,i_pre-dP,sr,factorized_s2345|i_pre|shape - factorized_s2345|dP|shape (sr),0.0,0.0,0.0,1.0,0.8264855694127743,0.8264855694127743
ref,flame2023_s1,cross_half,factorized_s2345,i_pre-dP,fr,factorized_s2345|i_pre|form - factorized_s2345|dP|form (fr),0.0016039248941585038,-0.00027718503084592493,0.0037251317953369777,0.042,0.8333738455467998,0.8317699206526413
ref,flame2023_s1,cross_half,factorized_s2345,i_pre-dP,fr_nosize,factorized_s2345|i_pre|shape - factorized_s2345|dP|shape (fr),0.0,0.0,0.0,1.0,0.627388363661578,0.627388363661578
ref,flame2023_s1,cross_half,factorized_s2345,i_nf_pre-dP,sr,factorized_s2345|i_nf_pre|shape - factorized_s2345|dP|shape (sr),0.0,0.0,0.0,1.0,0.8264855694127743,0.8264855694127743
ref,flame2023_s1,cross_half,factorized_s2345,i_nf_pre-dP,fr,factorized_s2345|i_nf_pre|form - factorized_s2345|dP|form (fr),0.0016163260762334097,-0.00028504851536496613,0.0037601942637663366,0.042,0.8333862467288747,0.8317699206526413
ref,flame2023_s1,cross_half,factorized_s2345,i_nf_pre-dP,fr_nosize,factorized_s2345|i_nf_pre|shape - factorized_s2345|dP|shape (fr),0.0,0.0,0.0,1.0,0.627388363661578,0.627388363661578
ref,flame2023_s1,cross_half,factorized_s2345,joint-dP,sr,factorized_s2345|joint|shape - factorized_s2345|dP|shape (sr),0.07200166263800845,0.0481896348053398,0.09646590537505804,0.0,0.8984872320507827,0.8264855694127743
ref,flame2023_s1,cross_half,factorized_s2345,joint-dP,fr,factorized_s2345|joint|form - factorized_s2345|dP|form (fr),0.024691399875988673,0.012929771829161964,0.03623954066912569,0.0,0.85646132052863,0.8317699206526413
ref,flame2023_s1,cross_half,factorized_s2345,joint-dP,fr_nosize,factorized_s2345|joint|shape - factorized_s2345|dP|shape (fr),0.0033304086738076277,-0.03193619987292726,0.03988601704689962,0.413,0.6307187723353856,0.627388363661578
ref,flame2023_s1,cross_half,factorized_s2345,crit_logo-dP,sr,factorized_s2345|crit_logo|shape - factorized_s2345|dP|shape (sr),0.010456217377644128,-0.013628672119356847,0.032902027130779034,0.174,0.8369417867904184,0.8264855694127743
ref,flame2023_s1,cross_half,factorized_s2345,crit_logo-dP,fr,factorized_s2345|crit_logo|form - factorized_s2345|dP|form (fr),0.008275470263685691,-0.0018908341982630276,0.018471320999593206,0.073,0.840045390916327,0.8317699206526413
ref,flame2023_s1,cross_half,factorized_s2345,crit_logo-dP,fr_nosize,factorized_s2345|crit_logo|shape - factorized_s2345|dP|shape (fr),0.010230500391518738,-0.015991264520242056,0.036666907402567776,0.201,0.6376188640530968,0.627388363661578
ref,flame2023_s1,cross_half,factorized_s2345,crit_joint-dP,sr,factorized_s2345|crit_joint|shape - factorized_s2345|dP|shape (sr),0.06553748625189382,0.04280043475172877,0.08709633224710502,0.0,0.8920230556646681,0.8264855694127743
ref,flame2023_s1,cross_half,factorized_s2345,crit_joint-dP,fr,factorized_s2345|crit_joint|form - factorized_s2345|dP|form (fr),0.025386191463851016,0.01474892625254795,0.03664597206333694,0.0,0.8571561121164923,0.8317699206526413
ref,flame2023_s1,cross_half,factorized_s2345,crit_joint-dP,fr_nosize,factorized_s2345|crit_joint|shape - factorized_s2345|dP|shape (fr),0.011119804794112453,-0.019041580278306644,0.042016870951528215,0.221,0.6385081684556905,0.627388363661578
pair,flame2023_s1,cross_half,factorized_s2345,i_e2-i_pre,sr,factorized_s2345|i_e2|shape - factorized_s2345|i_pre|shape (sr),0.018870609123427085,-0.005993070273198247,0.04293840569858184,0.063,0.8453561785362014,0.8264855694127743
pair,flame2023_s1,cross_half,factorized_s2345,i_e2-i_pre,fr,factorized_s2345|i_e2|form - factorized_s2345|i_pre|form (fr),0.0073042911282671374,-0.004842590126195983,0.019438836206875424,0.11,0.840678136675067,0.8333738455467998
pair,flame2023_s1,cross_half,factorized_s2345,i_e2-i_pre,fr_nosize,factorized_s2345|i_e2|shape - factorized_s2345|i_pre|shape (fr),-0.006346729751612101,-0.0348448779870445,0.024206093997098728,0.638,0.6210416339099659,0.627388363661578
pair,flame2023_s1,cross_half,factorized_s2345,i_e2-i_nf_e2,sr,factorized_s2345|i_e2|shape - factorized_s2345|i_nf_e2|shape (sr),0.01123029753001481,-0.00017894805250673578,0.0234706470379881,0.029,0.8453561785362014,0.8341258810061866
pair,flame2023_s1,cross_half,factorized_s2345,i_e2-i_nf_e2,fr,factorized_s2345|i_e2|form - factorized_s2345|i_nf_e2|form (fr),0.0022898253393767165,-0.003074142433191376,0.007541505214025251,0.187,0.840678136675067,0.8383883113356903
pair,flame2023_s1,cross_half,factorized_s2345,i_e2-i_nf_e2,fr_nosize,factorized_s2345|i_e2|shape - factorized_s2345|i_nf_e2|shape (fr),0.008270204138476345,-0.007106079318454084,0.022122217772720238,0.134,0.6210416339099659,0.6127714297714896
pair,flame2023_s1,cross_half,factorized_s2345,i_nf_e2-i_nf_pre,sr,factorized_s2345|i_nf_e2|shape - factorized_s2345|i_nf_pre|shape (sr),0.0076403115934122745,-0.02002523624074643,0.03382226207423647,0.27,0.8341258810061866,0.8264855694127743
pair,flame2023_s1,cross_half,factorized_s2345,i_nf_e2-i_nf_pre,fr,factorized_s2345|i_nf_e2|form - factorized_s2345|i_nf_pre|form (fr),0.005002064606815515,-0.006943242622173068,0.01654834941297347,0.199,0.8383883113356903,0.8333862467288747
pair,flame2023_s1,cross_half,factorized_s2345,i_nf_e2-i_nf_pre,fr_nosize,factorized_s2345|i_nf_e2|shape - factorized_s2345|i_nf_pre|shape (fr),-0.014616933890088446,-0.041967788061880236,0.01443954198513313,0.829,0.6127714297714896,0.627388363661578
pair,flame2023_s1,cross_half,factorized_s2345,joint-i_e2,sr,factorized_s2345|joint|shape - factorized_s2345|i_e2|shape (sr),0.05313105351458136,0.03610114668620052,0.06961382351854033,0.0,0.8984872320507827,0.8453561785362014
pair,flame2023_s1,cross_half,factorized_s2345,joint-i_e2,fr,factorized_s2345|joint|form - factorized_s2345|i_e2|form (fr),0.015783183853563032,0.007945226910343616,0.02481753550954112,0.0,0.85646132052863,0.840678136675067
pair,flame2023_s1,cross_half,factorized_s2345,joint-i_e2,fr_nosize,factorized_s2345|joint|shape - factorized_s2345|i_e2|shape (fr),0.009677138425419729,-0.018672787861739648,0.037676062967224526,0.259,0.6307187723353856,0.6210416339099659
ref,flame2023_s1,cross_half,factorizedc3m_e123,i_e2-dP,sr,factorizedc3m_e123|i_e2|shape - factorizedc3m_e123|dP|shape (sr),0.023316301687311802,0.004174514660516451,0.043960186893248404,0.011,0.8462405948136119,0.8229242931263001
ref,flame2023_s1,cross_half,factorizedc3m_e123,i_e2-dP,fr,factorizedc3m_e123|i_e2|form - factorizedc3m_e123|dP|form (fr),0.0023183370601617126,-0.00856042260398943,0.013085496736445195,0.326,0.8535346618680597,0.851216324807898
ref,flame2023_s1,cross_half,factorizedc3m_e123,i_e2-dP,fr_nosize,factorizedc3m_e123|i_e2|shape - factorizedc3m_e123|dP|shape (fr),-0.013874348182280838,-0.04528574454101036,0.01495150097555613,0.817,0.6062912286155276,0.6201655767978085
ref,flame2023_s1,cross_half,factorizedc3m_e123,i_nf_e2-dP,sr,factorizedc3m_e123|i_nf_e2|shape - factorizedc3m_e123|dP|shape (sr),-0.006048627715108612,-0.028043224782434508,0.015736733807354422,0.725,0.8168756654111915,0.8229242931263001
ref,flame2023_s1,cross_half,factorizedc3m_e123,i_nf_e2-dP,fr,factorizedc3m_e123|i_nf_e2|form - factorizedc3m_e123|dP|form (fr),-0.005939238300164074,-0.018889804761641996,0.005387281987744913,0.824,0.8452770865077339,0.851216324807898
ref,flame2023_s1,cross_half,factorizedc3m_e123,i_nf_e2-dP,fr_nosize,factorizedc3m_e123|i_nf_e2|shape - factorizedc3m_e123|dP|shape (fr),-0.015815665095906595,-0.04847003754795867,0.014631860743793506,0.851,0.6043499117019019,0.6201655767978085
ref,flame2023_s1,cross_half,factorizedc3m_e123,i_pre-dP,sr,factorizedc3m_e123|i_pre|shape - factorizedc3m_e123|dP|shape (sr),0.023076414929475653,0.006580990953156241,0.0391970696984771,0.003,0.8460007080557758,0.8229242931263001
ref,flame2023_s1,cross_half,factorizedc3m_e123,i_pre-dP,fr,factorizedc3m_e123|i_pre|form - factorizedc3m_e123|dP|form (fr),0.00838488969412099,0.00019032071086617924,0.017074449813807662,0.024,0.859601214502019,0.851216324807898
ref,flame2023_s1,cross_half,factorizedc3m_e123,i_pre-dP,fr_nosize,factorizedc3m_e123|i_pre|shape - factorizedc3m_e123|dP|shape (fr),0.0012398279105820809,-0.020469989446914853,0.022531337698998732,0.455,0.6214054047083906,0.6201655767978085
ref,flame2023_s1,cross_half,factorizedc3m_e123,i_nf_pre-dP,sr,factorizedc3m_e123|i_nf_pre|shape - factorizedc3m_e123|dP|shape (sr),0.0006938282461923517,-0.019255811476006315,0.018643862697076515,0.444,0.8236181213724925,0.8229242931263001
ref,flame2023_s1,cross_half,factorizedc3m_e123,i_nf_pre-dP,fr,factorizedc3m_e123|i_nf_pre|form - factorizedc3m_e123|dP|form (fr),0.0026698294761045016,-0.007199523847600383,0.011388498828654878,0.286,0.8538861542840025,0.851216324807898
ref,flame2023_s1,cross_half,factorizedc3m_e123,i_nf_pre-dP,fr_nosize,factorizedc3m_e123|i_nf_pre|shape - factorizedc3m_e123|dP|shape (fr),-0.008254140990355152,-0.03141112750963688,0.015269214528665661,0.748,0.6119114358074533,0.6201655767978085
ref,flame2023_s1,cross_half,factorizedc3m_e123,joint-dP,sr,factorizedc3m_e123|joint|shape - factorizedc3m_e123|dP|shape (sr),0.0874992367246964,0.062002634322425185,0.11348670829235741,0.0,0.9104235298509965,0.8229242931263001
ref,flame2023_s1,cross_half,factorizedc3m_e123,joint-dP,fr,factorizedc3m_e123|joint|form - factorizedc3m_e123|dP|form (fr),0.02601466575706879,0.013742456322171137,0.038883265249864754,0.0,0.8772309905649668,0.851216324807898
ref,flame2023_s1,cross_half,factorizedc3m_e123,joint-dP,fr_nosize,factorizedc3m_e123|joint|shape - factorizedc3m_e123|dP|shape (fr),-0.005428962884309052,-0.04463483656507399,0.03282228883070358,0.606,0.6147366139134994,0.6201655767978085
pair,flame2023_s1,cross_half,factorizedc3m_e123,i_e2-i_pre,sr,factorizedc3m_e123|i_e2|shape - factorizedc3m_e123|i_pre|shape (sr),0.00023988675783614966,-0.01682533598720152,0.016486762607305736,0.474,0.8462405948136119,0.8460007080557758
pair,flame2023_s1,cross_half,factorizedc3m_e123,i_e2-i_pre,fr,factorizedc3m_e123|i_e2|form - factorizedc3m_e123|i_pre|form (fr),-0.006066552633959277,-0.0147151154729032,0.0035818648145328445,0.903,0.8535346618680597,0.859601214502019
pair,flame2023_s1,cross_half,factorizedc3m_e123,i_e2-i_pre,fr_nosize,factorizedc3m_e123|i_e2|shape - factorizedc3m_e123|i_pre|shape (fr),-0.015114176092862919,-0.03963469674608893,0.010115151766864687,0.882,0.6062912286155276,0.6214054047083906
pair,flame2023_s1,cross_half,factorizedc3m_e123,i_e2-i_nf_e2,sr,factorizedc3m_e123|i_e2|shape - factorizedc3m_e123|i_nf_e2|shape (sr),0.029364929402420414,0.01627812393137834,0.04375388498308799,0.0,0.8462405948136119,0.8168756654111915
pair,flame2023_s1,cross_half,factorizedc3m_e123,i_e2-i_nf_e2,fr,factorizedc3m_e123|i_e2|form - factorizedc3m_e123|i_nf_e2|form (fr),0.008257575360325786,0.0018154414083331129,0.01498604960511969,0.005,0.8535346618680597,0.8452770865077339
pair,flame2023_s1,cross_half,factorizedc3m_e123,i_e2-i_nf_e2,fr_nosize,factorizedc3m_e123|i_e2|shape - factorizedc3m_e123|i_nf_e2|shape (fr),0.0019413169136257569,-0.014898334155971277,0.018906731334209444,0.386,0.6062912286155276,0.6043499117019019
pair,flame2023_s1,cross_half,factorizedc3m_e123,i_nf_e2-i_nf_pre,sr,factorizedc3m_e123|i_nf_e2|shape - factorizedc3m_e123|i_nf_pre|shape (sr),-0.006742455961300964,-0.029363809457248917,0.015640289300572208,0.714,0.8168756654111915,0.8236181213724925
pair,flame2023_s1,cross_half,factorizedc3m_e123,i_nf_e2-i_nf_pre,fr,factorizedc3m_e123|i_nf_e2|form - factorizedc3m_e123|i_nf_pre|form (fr),-0.008609067776268575,-0.020683251269895286,0.0025477530552799202,0.917,0.8452770865077339,0.8538861542840025
pair,flame2023_s1,cross_half,factorizedc3m_e123,i_nf_e2-i_nf_pre,fr_nosize,factorizedc3m_e123|i_nf_e2|shape - factorizedc3m_e123|i_nf_pre|shape (fr),-0.007561524105551443,-0.04148761736967849,0.0267512593001865,0.68,0.6043499117019019,0.6119114358074533
pair,flame2023_s1,cross_half,factorizedc3m_e123,joint-i_e2,sr,factorizedc3m_e123|joint|shape - factorizedc3m_e123|i_e2|shape (sr),0.06418293503738459,0.04400934830503279,0.0828900701016579,0.0,0.9104235298509965,0.8462405948136119
pair,flame2023_s1,cross_half,factorizedc3m_e123,joint-i_e2,fr,factorizedc3m_e123|joint|form - factorizedc3m_e123|i_e2|form (fr),0.023696328696907076,0.012827568146525128,0.035988075264351695,0.0,0.8772309905649668,0.8535346618680597
pair,flame2023_s1,cross_half,factorizedc3m_e123,joint-i_e2,fr_nosize,factorizedc3m_e123|joint|shape - factorizedc3m_e123|i_e2|shape (fr),0.008445385297971786,-0.021866370347928005,0.04027596164285527,0.312,0.6147366139134994,0.6062912286155276
ref,famos,cross,factorized_s1234,i_e2-dP,sr,factorized_s1234|i_e2|shape - factorized_s1234|dP|shape (sr),0.05258166135300413,0.027239683891518433,0.08441687517418166,0.0,0.8914364831126079,0.8388548217596038
ref,famos,cross,factorized_s1234,i_e2-dP,fr,factorized_s1234|i_e2|form - factorized_s1234|dP|form (fr),0.02667658067948131,0.01052305807325836,0.047306986677531075,0.0,0.8504531653896588,0.8237765847101775
ref,famos,cross,factorized_s1234,i_e2-dP,fr_nosize,factorized_s1234|i_e2|shape - factorized_s1234|dP|shape (fr),0.021421635768189784,-0.01180147215340219,0.062336778588189895,0.113,0.667672945305816,0.6462513095376262
ref,famos,cross,factorized_s1234,i_pre-dP,sr,factorized_s1234|i_pre|shape - factorized_s1234|dP|shape (sr),0.02138348626897324,0.004003039280825697,0.04023211256377626,0.007,0.860238308028577,0.8388548217596038
ref,famos,cross,factorized_s1234,i_pre-dP,fr,factorized_s1234|i_pre|form - factorized_s1234|dP|form (fr),0.002220203493875861,-0.0094053805460904,0.012938957461247912,0.363,0.8259967882040533,0.8237765847101775
ref,famos,cross,factorized_s1234,i_pre-dP,fr_nosize,factorized_s1234|i_pre|shape - factorized_s1234|dP|shape (fr),-0.016161363454158528,-0.044905921939939905,0.010236502527030287,0.871,0.6300899460834677,0.6462513095376262
pair,famos,cross,factorized_s1234,i_e2-i_pre,sr,factorized_s1234|i_e2|shape - factorized_s1234|i_pre|shape (sr),0.031198175084030888,0.009916820137211804,0.060141740616988765,0.0,0.8914364831126079,0.860238308028577
pair,famos,cross,factorized_s1234,i_e2-i_pre,fr,factorized_s1234|i_e2|form - factorized_s1234|i_pre|form (fr),0.02445637718560545,0.010632219163189117,0.04383836928155452,0.0,0.8504531653896588,0.8259967882040533
pair,famos,cross,factorized_s1234,i_e2-i_pre,fr_nosize,factorized_s1234|i_e2|shape - factorized_s1234|i_pre|shape (fr),0.03758299922234831,0.010461010924951492,0.07021943301346914,0.003,0.667672945305816,0.6300899460834677
ref,famos,cross,factorized_s2345,i_e2-dP,sr,factorized_s2345|i_e2|shape - factorized_s2345|dP|shape (sr),0.028680651031115056,-0.004483978866581439,0.06852219275017066,0.043,0.8569901170815573,0.8283094660504422
ref,famos,cross,factorized_s2345,i_e2-dP,fr,factorized_s2345|i_e2|form - factorized_s2345|dP|form (fr),0.01815223187251125,8.024037104863995e-05,0.037795634664461994,0.024,0.8333626982181835,0.8152104663456723
ref,famos,cross,factorized_s2345,i_e2-dP,fr_nosize,factorized_s2345|i_e2|shape - factorized_s2345|dP|shape (fr),-0.009887599345952625,-0.056476011122886374,0.036344514622576186,0.674,0.6223410236185388,0.6322286229644914
ref,famos,cross,factorized_s2345,i_pre-dP,sr,factorized_s2345|i_pre|shape - factorized_s2345|dP|shape (sr),-0.018178845516163,-0.03692584976599836,-0.0004920301728731769,0.976,0.8101306205342792,0.8283094660504422
ref,famos,cross,factorized_s2345,i_pre-dP,fr,factorized_s2345|i_pre|form - factorized_s2345|dP|form (fr),-0.005407800768729931,-0.01646144082634312,0.00649032157690779,0.821,0.8098026655769424,0.8152104663456723
ref,famos,cross,factorized_s2345,i_pre-dP,fr_nosize,factorized_s2345|i_pre|shape - factorized_s2345|dP|shape (fr),-0.03720054959787067,-0.0681280108481888,-0.009010566216844484,0.997,0.5950280733666208,0.6322286229644914
pair,famos,cross,factorized_s2345,i_e2-i_pre,sr,factorized_s2345|i_e2|shape - factorized_s2345|i_pre|shape (sr),0.04685949654727806,0.0188996029580153,0.08206247954243098,0.0,0.8569901170815573,0.8101306205342792
pair,famos,cross,factorized_s2345,i_e2-i_pre,fr,factorized_s2345|i_e2|form - factorized_s2345|i_pre|form (fr),0.02356003264124118,0.009915242924639352,0.04185473696978457,0.0,0.8333626982181835,0.8098026655769424
pair,famos,cross,factorized_s2345,i_e2-i_pre,fr_nosize,factorized_s2345|i_e2|shape - factorized_s2345|i_pre|shape (fr),0.027312950251918044,-0.004633027480658683,0.06219374445069363,0.049,0.6223410236185388,0.5950280733666208
ref,famos,cross,factorizedc3m_e123,i_e2-dP,sr,factorizedc3m_e123|i_e2|shape - factorizedc3m_e123|dP|shape (sr),0.04311492450748966,0.015307220419610232,0.0759253589213816,0.002,0.8816015975879598,0.8384866730804701
ref,famos,cross,factorizedc3m_e123,i_e2-dP,fr,factorizedc3m_e123|i_e2|form - factorizedc3m_e123|dP|form (fr),0.02625114905021797,0.008204589860413511,0.048271784433219445,0.004,0.8627007406191775,0.8364495915689595
ref,famos,cross,factorizedc3m_e123,i_e2-dP,fr_nosize,factorizedc3m_e123|i_e2|shape - factorizedc3m_e123|dP|shape (fr),0.02122255243105331,-0.014277341684961056,0.05789022372331479,0.112,0.6514453731115504,0.6302228206804971
ref,famos,cross,factorizedc3m_e123,i_pre-dP,sr,factorizedc3m_e123|i_pre|shape - factorizedc3m_e123|dP|shape (sr),0.02563882184398103,0.00865518580071437,0.04440654345641418,0.002,0.8641254949244511,0.8384866730804701
ref,famos,cross,factorizedc3m_e123,i_pre-dP,fr,factorizedc3m_e123|i_pre|form - factorizedc3m_e123|dP|form (fr),0.007964096623337968,-0.0034139118022299543,0.020616895637695917,0.095,0.8444136881922975,0.8364495915689595
ref,famos,cross,factorizedc3m_e123,i_pre-dP,fr_nosize,factorizedc3m_e123|i_pre|shape - factorizedc3m_e123|dP|shape (fr),0.0015582219373159178,-0.02287281615727878,0.024732545907924255,0.436,0.631781042617813,0.6302228206804971
pair,famos,cross,factorizedc3m_e123,i_e2-i_pre,sr,factorizedc3m_e123|i_e2|shape - factorizedc3m_e123|i_pre|shape (sr),0.01747610266350863,-0.0030089525417973466,0.04093156862611366,0.054,0.8816015975879598,0.8641254949244511
pair,famos,cross,factorizedc3m_e123,i_e2-i_pre,fr,factorizedc3m_e123|i_e2|form - factorizedc3m_e123|i_pre|form (fr),0.01828705242688,0.005612111939364584,0.03394863604882103,0.002,0.8627007406191775,0.8444136881922975
pair,famos,cross,factorizedc3m_e123,i_e2-i_pre,fr_nosize,factorizedc3m_e123|i_e2|shape - factorizedc3m_e123|i_pre|shape (fr),0.019664330493737392,-0.008018458952652024,0.047835334136831074,0.077,0.6514453731115504,0.631781042617813
same,facescape,same_original,factorized_s1234,dP,sr,factorized_s1234|dP|shape same_original - cross (sr),0.031620540807135056,0.01800034411391075,0.046434636052245536,0.0,0.7781228482357909,0.7465023074286559
same,facescape,same_original,factorized_s1234,dP,fr,factorized_s1234|dP|form same_original - cross (fr),0.03332885771393923,0.020451235732524962,0.047940597122345774,0.0,0.6939854735531378,0.6606566158391985
same,facescape,same_original,factorized_s2345,dP,sr,factorized_s2345|dP|shape same_original - cross (sr),0.024769987095471624,0.015046455463977117,0.036443678213255774,0.0,0.777767345053693,0.7529973579582214
same,facescape,same_original,factorized_s2345,dP,fr,factorized_s2345|dP|form same_original - cross (fr),0.037485574709893,0.026084351690728015,0.050883318238213265,0.0,0.7061846229572616,0.6686990482473686
same,facescape,same_original,factorizedc3m_e123,dP,sr,factorizedc3m_e123|dP|shape same_original - cross (sr),0.04584673819620766,0.033917493320273495,0.0607895948795398,0.0,0.7915932936693665,0.7457465554731588
same,facescape,same_original,factorizedc3m_e123,dP,fr,factorizedc3m_e123|dP|form same_original - cross (fr),0.05017239455956757,0.03697914042946929,0.066160005192151,0.0,0.7151595738330626,0.664987179273495
same,facescape,same_remesh,factorized_s1234,dP,sr,factorized_s1234|dP|shape same_remesh - cross (sr),0.053037752615696765,0.04149709751646927,0.06800178780991208,0.0,0.7995400600443526,0.7465023074286559
same,facescape,same_remesh,factorized_s1234,dP,fr,factorized_s1234|dP|form same_remesh - cross (fr),0.05508564532540039,0.04219317506486516,0.07123655873415866,0.0,0.7157422611645989,0.6606566158391985
same,facescape,same_remesh,factorized_s2345,dP,sr,factorized_s2345|dP|shape same_remesh - cross (sr),0.05002508845361808,0.03527784605916476,0.0672201104235933,0.0,0.8030224464118395,0.7529973579582214
same,facescape,same_remesh,factorized_s2345,dP,fr,factorized_s2345|dP|form same_remesh - cross (fr),0.06708488760370568,0.04972856641585051,0.08621215262838804,0.0,0.7357839358510743,0.6686990482473686
same,facescape,same_remesh,factorizedc3m_e123,dP,sr,factorizedc3m_e123|dP|shape same_remesh - cross (sr),0.06238568627647911,0.0468019534136561,0.0813982173736721,0.0,0.8081322417496379,0.7457465554731588
same,facescape,same_remesh,factorizedc3m_e123,dP,fr,factorizedc3m_e123|dP|form same_remesh - cross (fr),0.06857143031399471,0.05218857836894796,0.08763403276401868,0.0,0.7335586095874898,0.664987179273495
same,facescape,same_down8k,factorized_s1234,dP,sr,factorized_s1234|dP|shape same_down8k - cross (sr),0.032392698979611834,0.016938185748956964,0.04921214206613387,0.0,0.7788950064082677,0.7465023074286559
same,facescape,same_down8k,factorized_s1234,dP,fr,factorized_s1234|dP|form same_down8k - cross (fr),0.030168273129897782,0.016794909584373914,0.04519552607246702,0.0,0.6908248889690963,0.6606566158391985
same,facescape,same_down8k,factorized_s2345,dP,sr,factorized_s2345|dP|shape same_down8k - cross (sr),0.0279661241198772,0.01733397580134762,0.041893851452604415,0.0,0.7809634820780986,0.7529973579582214
same,facescape,same_down8k,factorized_s2345,dP,fr,factorized_s2345|dP|form same_down8k - cross (fr),0.03687339779507437,0.02471144839188706,0.05147687415464197,0.0,0.705572446042443,0.6686990482473686
same,facescape,same_down8k,factorizedc3m_e123,dP,sr,factorizedc3m_e123|dP|shape same_down8k - cross (sr),0.03327703987222541,0.020612199897787252,0.04857134766452581,0.0,0.7790235953453842,0.7457465554731588
same,facescape,same_down8k,factorizedc3m_e123,dP,fr,factorizedc3m_e123|dP|form same_down8k - cross (fr),0.030409904358564277,0.01647831832831993,0.045355661907373335,0.0,0.6953970836320593,0.664987179273495
same,facescape,same_noisy,factorized_s1234,dP,sr,factorized_s1234|dP|shape same_noisy - cross (sr),0.0447908269249806,0.02576617081705797,0.06745292388769272,0.0,0.7912931343536365,0.7465023074286559
same,facescape,same_noisy,factorized_s1234,dP,fr,factorized_s1234|dP|form same_noisy - cross (fr),0.04589909530295544,0.025868078111653807,0.06631671749093938,0.0,0.706555711142154,0.6606566158391985
same,facescape,same_noisy,factorized_s2345,dP,sr,factorized_s2345|dP|shape same_noisy - cross (sr),0.013619922027064635,-0.0040113448419058385,0.03504523105581113,0.07,0.7666172799852861,0.7529973579582214
same,facescape,same_noisy,factorized_s2345,dP,fr,factorized_s2345|dP|form same_noisy - cross (fr),0.03344951628251991,0.018419729661953512,0.05250295432509651,0.0,0.7021485645298885,0.6686990482473686
same,facescape,same_noisy,factorizedc3m_e123,dP,sr,factorizedc3m_e123|dP|shape same_noisy - cross (sr),0.024673414831995477,0.0021531461857291828,0.04571788229805713,0.011,0.7704199703051543,0.7457465554731588
same,facescape,same_noisy,factorizedc3m_e123,dP,fr,factorizedc3m_e123|dP|form same_noisy - cross (fr),0.005065737106154988,-0.019496068589229483,0.02744712902781693,0.339,0.67005291637965,0.664987179273495
same,facescape,same_up60k,factorized_s1234,dP,sr,factorized_s1234|dP|shape same_up60k - cross (sr),0.0557501903070452,0.042532174872572874,0.0706200051455857,0.0,0.8022524977357011,0.7465023074286559
same,facescape,same_up60k,factorized_s1234,dP,fr,factorized_s1234|dP|form same_up60k - cross (fr),0.06300990881343982,0.04774796180544368,0.07992414834067031,0.0,0.7236665246526384,0.6606566158391985
same,facescape,same_up60k,factorized_s2345,dP,sr,factorized_s2345|dP|shape same_up60k - cross (sr),0.03606361080475973,0.0262299748346256,0.04808686838114721,0.0,0.7890609687629812,0.7529973579582214
same,facescape,same_up60k,factorized_s2345,dP,fr,factorized_s2345|dP|form same_up60k - cross (fr),0.051409486568047225,0.039081079470061605,0.0666264897272384,0.0,0.7201085348154158,0.6686990482473686
same,facescape,same_up60k,factorizedc3m_e123,dP,sr,factorizedc3m_e123|dP|shape same_up60k - cross (sr),0.05463881708774254,0.040694001601079666,0.07026235073024253,0.0,0.8003853725609014,0.7457465554731588
same,facescape,same_up60k,factorizedc3m_e123,dP,fr,factorizedc3m_e123|dP|form same_up60k - cross (fr),0.06108992834333771,0.047917567945642,0.07670165169453781,0.0,0.7260771076168328,0.664987179273495
same,facescape,lavg,factorized_s1234,dP,sr,factorized_s1234|dP|shape lavg - cross (sr),0.05579195079701238,0.04646509734892066,0.06677610383860512,0.0,0.8022942582256682,0.7465023074286559
same,facescape,lavg,factorized_s1234,dP,fr,factorized_s1234|dP|form lavg - cross (fr),0.05438267781964057,0.04432918289636223,0.06602065449674813,0.0,0.7150392936588391,0.6606566158391985
same,facescape,lavg,factorized_s2345,dP,sr,factorized_s2345|dP|shape lavg - cross (sr),0.03875780991117428,0.030674117651677414,0.04965648849495946,0.0,0.7917551678693957,0.7529973579582214
same,facescape,lavg,factorized_s2345,dP,fr,factorized_s2345|dP|form lavg - cross (fr),0.05042710380258064,0.040483130049429446,0.0629146801404728,0.0,0.7191261520499492,0.6686990482473686
same,facescape,lavg,factorizedc3m_e123,dP,sr,factorizedc3m_e123|dP|shape lavg - cross (sr),0.05683435967306538,0.04556858996754193,0.07102555034173148,0.0,0.8025809151462242,0.7457465554731588
same,facescape,lavg,factorizedc3m_e123,dP,fr,factorizedc3m_e123|dP|form lavg - cross (fr),0.053704964256186094,0.04337662644230643,0.0661502481991492,0.0,0.7186921435296811,0.664987179273495
same,hifi3d,same_original,factorized_s1234,dP,sr,factorized_s1234|dP|shape same_original - cross (sr),0.020005221737338652,0.014314200223218646,0.027330187473941867,0.0,0.6416820143908306,0.621676792653492
same,hifi3d,same_original,factorized_s1234,dP,fr,factorized_s1234|dP|form same_original - cross (fr),0.01399952824467765,0.010917272244993437,0.018081629140136245,0.0,0.7625431529422465,0.7485436246975689
same,hifi3d,same_original,factorized_s2345,dP,sr,factorized_s2345|dP|shape same_original - cross (sr),0.010663300193242242,0.004947178113512785,0.017347011785924814,0.0,0.6235125713960609,0.6128492712028186
same,hifi3d,same_original,factorized_s2345,dP,fr,factorized_s2345|dP|form same_original - cross (fr),0.015507365102785164,0.012175480063645019,0.019487719937010338,0.0,0.746396615745565,0.7308892506427799
same,hifi3d,same_original,factorizedc3m_e123,dP,sr,factorizedc3m_e123|dP|shape same_original - cross (sr),0.024299070477204032,0.014326630543058484,0.03685875710237869,0.0,0.6192782069621244,0.5949791364849204
same,hifi3d,same_original,factorizedc3m_e123,dP,fr,factorizedc3m_e123|dP|form same_original - cross (fr),0.024423312935363928,0.01940046801976278,0.03085950850494752,0.0,0.7726156638021685,0.7481923508668046
same,hifi3d,same_remesh,factorized_s1234,dP,sr,factorized_s1234|dP|shape same_remesh - cross (sr),0.020040978733293136,0.013337562020653972,0.02780492254848472,0.0,0.6417177713867851,0.621676792653492
same,hifi3d,same_remesh,factorized_s1234,dP,fr,factorized_s1234|dP|form same_remesh - cross (fr),0.0157860303009979,0.011614346220146909,0.020847775479804213,0.0,0.7643296549985668,0.7485436246975689
same,hifi3d,same_remesh,factorized_s2345,dP,sr,factorized_s2345|dP|shape same_remesh - cross (sr),0.019345409349521114,0.013583836414381023,0.025516637182196714,0.0,0.6321946805523397,0.6128492712028186
same,hifi3d,same_remesh,factorized_s2345,dP,fr,factorized_s2345|dP|form same_remesh - cross (fr),0.0172186487089383,0.013727035412530642,0.02174948088836503,0.0,0.7481078993517182,0.7308892506427799
same,hifi3d,same_remesh,factorizedc3m_e123,dP,sr,factorizedc3m_e123|dP|shape same_remesh - cross (sr),0.022041884309339288,0.011069326374103383,0.03452318905898443,0.0,0.6170210207942597,0.5949791364849204
same,hifi3d,same_remesh,factorizedc3m_e123,dP,fr,factorizedc3m_e123|dP|form same_remesh - cross (fr),0.021323773256623935,0.015573051219867132,0.028780871510480987,0.0,0.7695161241234285,0.7481923508668046
same,hifi3d,same_down8k,factorized_s1234,dP,sr,factorized_s1234|dP|shape same_down8k - cross (sr),0.013115188787520049,0.00481905597268785,0.022568101499145513,0.0,0.634791981441012,0.621676792653492
same,hifi3d,same_down8k,factorized_s1234,dP,fr,factorized_s1234|dP|form same_down8k - cross (fr),0.00927343783836665,0.005357354192574129,0.013944711149835406,0.0,0.7578170625359355,0.7485436246975689
same,hifi3d,same_down8k,factorized_s2345,dP,sr,factorized_s2345|dP|shape same_down8k - cross (sr),0.011084386741507468,0.004441174488700908,0.018632000087021216,0.002,0.6239336579443261,0.6128492712028186
same,hifi3d,same_down8k,factorized_s2345,dP,fr,factorized_s2345|dP|form same_down8k - cross (fr),0.01698818187641915,0.013055004445171539,0.02167390809386587,0.0,0.747877432519199,0.7308892506427799
same,hifi3d,same_down8k,factorizedc3m_e123,dP,sr,factorizedc3m_e123|dP|shape same_down8k - cross (sr),0.02100935244757529,0.008492263504764633,0.03689860899371567,0.0,0.6159884889324957,0.5949791364849204
same,hifi3d,same_down8k,factorizedc3m_e123,dP,fr,factorizedc3m_e123|dP|form same_down8k - cross (fr),0.022949342909249104,0.015806635538052567,0.03127837464601226,0.0,0.7711416937760537,0.7481923508668046
same,hifi3d,same_noisy,factorized_s1234,dP,sr,factorized_s1234|dP|shape same_noisy - cross (sr),-0.0030098183363915787,-0.022531440251801444,0.013955941083535409,0.633,0.6186669743171004,0.621676792653492
same,hifi3d,same_noisy,factorized_s1234,dP,fr,factorized_s1234|dP|form same_noisy - cross (fr),0.005927565833452109,-0.00445392110039596,0.01471706756906718,0.127,0.754471190531021,0.7485436246975689
same,hifi3d,same_noisy,factorized_s2345,dP,sr,factorized_s2345|dP|shape same_noisy - cross (sr),-0.01607882173440245,-0.03478860198261799,0.002188667734139407,0.953,0.5967704494684162,0.6128492712028186
same,hifi3d,same_noisy,factorized_s2345,dP,fr,factorized_s2345|dP|form same_noisy - cross (fr),0.004349146209572385,-0.004335548044588622,0.011974918137535411,0.15,0.7352383968523523,0.7308892506427799
same,hifi3d,same_noisy,factorizedc3m_e123,dP,sr,factorizedc3m_e123|dP|shape same_noisy - cross (sr),0.01847192691111299,-0.007981595173816997,0.04435127731023245,0.068,0.6134510633960334,0.5949791364849204
same,hifi3d,same_noisy,factorizedc3m_e123,dP,fr,factorizedc3m_e123|dP|form same_noisy - cross (fr),0.014541984256986829,0.0016640020452966396,0.028050188760928508,0.011,0.7627343351237914,0.7481923508668046
same,hifi3d,same_up60k,factorized_s1234,dP,sr,factorized_s1234|dP|shape same_up60k - cross (sr),0.014345626993458982,0.006612294373007599,0.02291515422956373,0.0,0.6360224196469509,0.621676792653492
same,hifi3d,same_up60k,factorized_s1234,dP,fr,factorized_s1234|dP|form same_up60k - cross (fr),0.010625219016674126,0.006773230111246911,0.015301274160832708,0.0,0.759168843714243,0.7485436246975689
same,hifi3d,same_up60k,factorized_s2345,dP,sr,factorized_s2345|dP|shape same_up60k - cross (sr),0.010902743376728363,0.004013788581185291,0.017396329085513074,0.001,0.623752014579547,0.6128492712028186
same,hifi3d,same_up60k,factorized_s2345,dP,fr,factorized_s2345|dP|form same_up60k - cross (fr),0.014501539880012904,0.010803286612771926,0.01863635699132586,0.0,0.7453907905227928,0.7308892506427799
same,hifi3d,same_up60k,factorizedc3m_e123,dP,sr,factorizedc3m_e123|dP|shape same_up60k - cross (sr),0.010188966058424453,-0.0016743244524529465,0.02256800465874339,0.039,0.6051681025433449,0.5949791364849204
same,hifi3d,same_up60k,factorizedc3m_e123,dP,fr,factorizedc3m_e123|dP|form same_up60k - cross (fr),0.012596056730462823,0.005780966507500376,0.02034571774809275,0.0,0.7607884075972674,0.7481923508668046
same,hifi3d,lavg,factorized_s1234,dP,sr,factorized_s1234|dP|shape lavg - cross (sr),0.016892589615271403,0.01242904304807157,0.02185235073415067,0.0,0.6385693822687634,0.621676792653492
same,hifi3d,lavg,factorized_s1234,dP,fr,factorized_s1234|dP|form lavg - cross (fr),0.012620451792355825,0.010067503887455111,0.01575990541367916,0.0,0.7611640764899247,0.7485436246975689
same,hifi3d,lavg,factorized_s2345,dP,sr,factorized_s2345|dP|shape lavg - cross (sr),0.009829195438861738,0.007189598840432817,0.012523766458615953,0.0,0.6226784666416804,0.6128492712028186
same,hifi3d,lavg,factorized_s2345,dP,fr,factorized_s2345|dP|form lavg - cross (fr),0.014756466901575394,0.012186257888842528,0.01762743680306914,0.0,0.7456457175443553,0.7308892506427799
same,hifi3d,lavg,factorizedc3m_e123,dP,sr,factorizedc3m_e123|dP|shape lavg - cross (sr),0.025431952573255368,0.018762738357029036,0.033452136918712,0.0,0.6204110890581758,0.5949791364849204
same,hifi3d,lavg,factorizedc3m_e123,dP,fr,factorizedc3m_e123|dP|form lavg - cross (fr),0.02192596469642416,0.017912753998768946,0.027016560353277517,0.0,0.7701183155632287,0.7481923508668046
same,faceverse_neutral,same_original,factorized_s1234,dP,sr,factorized_s1234|dP|shape same_original - cross (sr),0.011729197683914228,0.0034754213854835568,0.021150874764217717,0.001,0.3451720036709796,0.3334428059870654
same,faceverse_neutral,same_original,factorized_s1234,dP,fr,factorized_s1234|dP|form same_original - cross (fr),0.005815058378632221,-0.0006888948111658007,0.013329619479054568,0.049,0.34640051473420835,0.34058545635557613
same,faceverse_neutral,same_original,factorized_s2345,dP,sr,factorized_s2345|dP|shape same_original - cross (sr),0.004880501344593391,-0.0018500878451440882,0.011504361000635512,0.08,0.3767931773249091,0.3719126759803157
same,faceverse_neutral,same_original,factorized_s2345,dP,fr,factorized_s2345|dP|form same_original - cross (fr),0.004951174038773487,-0.0009355725289357977,0.011345897604212457,0.054,0.3753754049369154,0.3704242308981419
same,faceverse_neutral,same_original,factorizedc3m_e123,dP,sr,factorizedc3m_e123|dP|shape same_original - cross (sr),0.01842301308777211,0.005400668905663492,0.031589695035828154,0.003,0.40009296292595403,0.3816699498381819
same,faceverse_neutral,same_original,factorizedc3m_e123,dP,fr,factorizedc3m_e123|dP|form same_original - cross (fr),0.03562912905610033,0.020189153268347044,0.05092829092128455,0.0,0.38298952195227304,0.3473603928961727
same,faceverse_neutral,same_remesh,factorized_s1234,dP,sr,factorized_s1234|dP|shape same_remesh - cross (sr),0.011516718280725535,0.0012122705839406668,0.022446440015308343,0.011,0.3449595242677909,0.3334428059870654
same,faceverse_neutral,same_remesh,factorized_s1234,dP,fr,factorized_s1234|dP|form same_remesh - cross (fr),0.008347129903380324,-0.0006498842023375679,0.018431181530836872,0.037,0.34893258625895646,0.34058545635557613
same,faceverse_neutral,same_remesh,factorized_s2345,dP,sr,factorized_s2345|dP|shape same_remesh - cross (sr),0.011357521925993375,0.0027482670618439176,0.020421848148982014,0.007,0.38327019790630906,0.3719126759803157
same,faceverse_neutral,same_remesh,factorized_s2345,dP,fr,factorized_s2345|dP|form same_remesh - cross (fr),0.013499913199527425,0.005416210078697976,0.022572534421545772,0.0,0.38392414409766934,0.3704242308981419
same,faceverse_neutral,same_remesh,factorizedc3m_e123,dP,sr,factorizedc3m_e123|dP|shape same_remesh - cross (sr),0.01661271046573315,-0.00019497455192092194,0.03215599347147491,0.027,0.39828266030391507,0.3816699498381819
same,faceverse_neutral,same_remesh,factorizedc3m_e123,dP,fr,factorizedc3m_e123|dP|form same_remesh - cross (fr),0.03500786448442511,0.014343920659710761,0.05547789452837114,0.0,0.3823682573805978,0.3473603928961727
same,faceverse_neutral,same_down8k,factorized_s1234,dP,sr,factorized_s1234|dP|shape same_down8k - cross (sr),0.005111633515868297,-0.006982784660715158,0.01890374369852408,0.21,0.3385544395029337,0.3334428059870654
same,faceverse_neutral,same_down8k,factorized_s1234,dP,fr,factorized_s1234|dP|form same_down8k - cross (fr),0.0001404169567733593,-0.011545128746361322,0.012799809572105239,0.48,0.3407258733123495,0.34058545635557613
same,faceverse_neutral,same_down8k,factorized_s2345,dP,sr,factorized_s2345|dP|shape same_down8k - cross (sr),0.003285563323104479,-0.006033287417235666,0.012387115524332892,0.251,0.37519823930342017,0.3719126759803157
same,faceverse_neutral,same_down8k,factorized_s2345,dP,fr,factorized_s2345|dP|form same_down8k - cross (fr),0.00425496908380274,-0.003737102873136154,0.012971925892448105,0.14,0.37467919998194466,0.3704242308981419
same,faceverse_neutral,same_down8k,factorizedc3m_e123,dP,sr,factorizedc3m_e123|dP|shape same_down8k - cross (sr),0.01360603082641254,-0.0049709556583598935,0.030581025236963898,0.066,0.39527598066459446,0.3816699498381819
same,faceverse_neutral,same_down8k,factorizedc3m_e123,dP,fr,factorizedc3m_e123|dP|form same_down8k - cross (fr),0.0246599552211218,0.0037483643235729242,0.04545656674245497,0.009,0.3720203481172945,0.3473603928961727
same,faceverse_neutral,same_noisy,factorized_s1234,dP,sr,factorized_s1234|dP|shape same_noisy - cross (sr),0.03154479015035988,0.008640042492166346,0.05344183276637986,0.003,0.36498759613742526,0.3334428059870654
same,faceverse_neutral,same_noisy,factorized_s1234,dP,fr,factorized_s1234|dP|form same_noisy - cross (fr),0.03024838297726873,0.009867756289190198,0.049891900465128286,0.001,0.37083383933284486,0.34058545635557613
same,faceverse_neutral,same_noisy,factorized_s2345,dP,sr,factorized_s2345|dP|shape same_noisy - cross (sr),0.016932169737947422,-0.0045046384424778,0.037948969484816936,0.049,0.3888448457182631,0.3719126759803157
same,faceverse_neutral,same_noisy,factorized_s2345,dP,fr,factorized_s2345|dP|form same_noisy - cross (fr),0.0162423737036948,-0.0015513923983393586,0.033769715629103796,0.038,0.3866666046018367,0.3704242308981419
same,faceverse_neutral,same_noisy,factorizedc3m_e123,dP,sr,factorizedc3m_e123|dP|shape same_noisy - cross (sr),0.05076275859277474,0.021996098910727378,0.08113613072159204,0.0,0.43243270843095666,0.3816699498381819
same,faceverse_neutral,same_noisy,factorizedc3m_e123,dP,fr,factorizedc3m_e123|dP|form same_noisy - cross (fr),0.07036284049259794,0.04083874489938147,0.10248356004167307,0.0,0.41772323338877065,0.3473603928961727
same,faceverse_neutral,same_up60k,factorized_s1234,dP,sr,factorized_s1234|dP|shape same_up60k - cross (sr),0.015044486488296926,0.0027652856731593084,0.028386408741142642,0.011,0.3484872924753623,0.3334428059870654
same,faceverse_neutral,same_up60k,factorized_s1234,dP,fr,factorized_s1234|dP|form same_up60k - cross (fr),0.013122677380334236,0.0021147264972183797,0.024162182461985735,0.008,0.35370813373591037,0.34058545635557613
same,faceverse_neutral,same_up60k,factorized_s2345,dP,sr,factorized_s2345|dP|shape same_up60k - cross (sr),0.006766282476860841,-0.002480640439418921,0.016397184558287873,0.085,0.37867895845717653,0.3719126759803157
same,faceverse_neutral,same_up60k,factorized_s2345,dP,fr,factorized_s2345|dP|form same_up60k - cross (fr),0.008524560796543623,-0.00022359727102137233,0.017853703164476077,0.031,0.37894879169468554,0.3704242308981419
same,faceverse_neutral,same_up60k,factorizedc3m_e123,dP,sr,factorizedc3m_e123|dP|shape same_up60k - cross (sr),0.045523023904811,0.025829991002730156,0.06494217560133742,0.0,0.4271929737429929,0.3816699498381819
same,faceverse_neutral,same_up60k,factorizedc3m_e123,dP,fr,factorizedc3m_e123|dP|form same_up60k - cross (fr),0.06589597974853645,0.04613699130485102,0.08616549357312323,0.0,0.41325637264470916,0.3473603928961727
same,faceverse_neutral,lavg,factorized_s1234,dP,sr,factorized_s1234|dP|shape lavg - cross (sr),0.01717099413636608,0.011577131442713417,0.02351077159955522,0.0,0.35061380012343146,0.3334428059870654
same,faceverse_neutral,lavg,factorized_s1234,dP,fr,factorized_s1234|dP|form lavg - cross (fr),0.013410012228038115,0.008771110252201886,0.018561815370237416,0.0,0.35399546858361425,0.34058545635557613
same,faceverse_neutral,lavg,factorized_s2345,dP,sr,factorized_s2345|dP|shape lavg - cross (sr),0.011108092426528438,0.007677172052874842,0.01497053912445961,0.0,0.3830207684068441,0.3719126759803157
same,faceverse_neutral,lavg,factorized_s2345,dP,fr,factorized_s2345|dP|form lavg - cross (fr),0.011529924948373793,0.00821891273033121,0.015373527324916246,0.0,0.3819541558465157,0.3704242308981419
same,faceverse_neutral,lavg,factorizedc3m_e123,dP,sr,factorizedc3m_e123|dP|shape lavg - cross (sr),0.03513156321434402,0.02462572209765607,0.046420646552926534,0.0,0.41680151305252594,0.3816699498381819
same,faceverse_neutral,lavg,factorizedc3m_e123,dP,fr,factorizedc3m_e123|dP|form lavg - cross (fr),0.05175800398586694,0.036871799945889634,0.06646895495302628,0.0,0.39911839688203965,0.3473603928961727
same,flame2023_s1,same_original,factorized_s1234,dP,sr,factorized_s1234|dP|shape same_original - cross (sr),0.003710983105645549,-0.0015427124777247143,0.00923537023127788,0.081,0.8099414634062506,0.8062304803006051
same,flame2023_s1,same_original,factorized_s1234,dP,fr,factorized_s1234|dP|form same_original - cross (fr),0.0086732968451525,0.005360749225461916,0.012519907205746956,0.0,0.8173525801403315,0.808679283295179
same,flame2023_s1,same_original,factorized_s2345,dP,sr,factorized_s2345|dP|shape same_original - cross (sr),0.002767656410743502,-1.3579950999972884e-05,0.005944205995283296,0.028,0.8089481540469282,0.8061804976361847
same,flame2023_s1,same_original,factorized_s2345,dP,fr,factorized_s2345|dP|form same_original - cross (fr),0.008353622940001415,0.006204113679169268,0.011008988326575356,0.0,0.8119319641754955,0.8035783412354941
same,flame2023_s1,same_original,factorizedc3m_e123,dP,sr,factorizedc3m_e123|dP|shape same_original - cross (sr),0.006772442164909465,0.0029144770322416277,0.010629886047501948,0.0,0.8254746853175686,0.8187022431526592
same,flame2023_s1,same_original,factorizedc3m_e123,dP,fr,factorizedc3m_e123|dP|form same_original - cross (fr),0.005708849559007856,0.0025676145690516324,0.008992541433540955,0.0,0.8380370747564923,0.8323282251974844
same,flame2023_s1,same_remesh,factorized_s1234,dP,sr,factorized_s1234|dP|shape same_remesh - cross (sr),0.025513056101094445,0.019160499243176005,0.03261631596468995,0.0,0.8317435364016995,0.8062304803006051
same,flame2023_s1,same_remesh,factorized_s1234,dP,fr,factorized_s1234|dP|form same_remesh - cross (fr),0.020392345653651556,0.016079796030104086,0.025228005123726596,0.0,0.8290716289488306,0.808679283295179
same,flame2023_s1,same_remesh,factorized_s2345,dP,sr,factorized_s2345|dP|shape same_remesh - cross (sr),0.03028206813598633,0.023176759267150314,0.037871984722422654,0.0,0.836462565772171,0.8061804976361847
same,flame2023_s1,same_remesh,factorized_s2345,dP,fr,factorized_s2345|dP|form same_remesh - cross (fr),0.019838321209326604,0.015577309517838903,0.024642829400386253,0.0,0.8234166624448207,0.8035783412354941
same,flame2023_s1,same_remesh,factorizedc3m_e123,dP,sr,factorizedc3m_e123|dP|shape same_remesh - cross (sr),0.02659450416583853,0.020456026622333208,0.03303696951547231,0.0,0.8452967473184977,0.8187022431526592
same,flame2023_s1,same_remesh,factorizedc3m_e123,dP,fr,factorizedc3m_e123|dP|form same_remesh - cross (fr),0.01896586679891743,0.014010407405345782,0.024979819624490307,0.0,0.8512940919964018,0.8323282251974844
same,flame2023_s1,same_down8k,factorized_s1234,dP,sr,factorized_s1234|dP|shape same_down8k - cross (sr),0.012821697118286401,0.007530650607009562,0.01886804802945013,0.0,0.8190521774188915,0.8062304803006051
same,flame2023_s1,same_down8k,factorized_s1234,dP,fr,factorized_s1234|dP|form same_down8k - cross (fr),0.008007655921506207,0.004769782847761731,0.011725807895091582,0.0,0.8166869392166852,0.808679283295179
same,flame2023_s1,same_down8k,factorized_s2345,dP,sr,factorized_s2345|dP|shape same_down8k - cross (sr),0.007320764112658917,0.0034385554090927777,0.011662399750033674,0.0,0.8135012617488436,0.8061804976361847
same,flame2023_s1,same_down8k,factorized_s2345,dP,fr,factorized_s2345|dP|form same_down8k - cross (fr),0.007909370024602458,0.005206423349802344,0.011246795494683295,0.0,0.8114877112600966,0.8035783412354941
same,flame2023_s1,same_down8k,factorizedc3m_e123,dP,sr,factorizedc3m_e123|dP|shape same_down8k - cross (sr),0.009673962988610896,0.004498780226692284,0.015417513835526055,0.0,0.82837620614127,0.8187022431526592
same,flame2023_s1,same_down8k,factorizedc3m_e123,dP,fr,factorizedc3m_e123|dP|form same_down8k - cross (fr),0.004602039359170806,0.0006671492352408076,0.008817070564120484,0.01,0.8369302645566552,0.8323282251974844
same,flame2023_s1,same_noisy,factorized_s1234,dP,sr,factorized_s1234|dP|shape same_noisy - cross (sr),-0.005543264188520691,-0.01837686821776687,0.007136172231835272,0.796,0.8006872161120844,0.8062304803006051
same,flame2023_s1,same_noisy,factorized_s1234,dP,fr,factorized_s1234|dP|form same_noisy - cross (fr),0.005533836329717601,-0.00024601689596036037,0.011759339733420467,0.034,0.8142131196248966,0.808679283295179
same,flame2023_s1,same_noisy,factorized_s2345,dP,sr,factorized_s2345|dP|shape same_noisy - cross (sr),-0.012583083356307201,-0.021401526066555675,-0.004145664040238492,0.999,0.7935974142798775,0.8061804976361847
same,flame2023_s1,same_noisy,factorized_s2345,dP,fr,factorized_s2345|dP|form same_noisy - cross (fr),-0.0020172310205134325,-0.007085841312994748,0.002429998994552801,0.795,0.8015611102149807,0.8035783412354941
same,flame2023_s1,same_noisy,factorizedc3m_e123,dP,sr,factorizedc3m_e123|dP|shape same_noisy - cross (sr),0.0008974006284839797,-0.008739552370633698,0.011587258765574848,0.409,0.8195996437811431,0.8187022431526592
same,flame2023_s1,same_noisy,factorizedc3m_e123,dP,fr,factorizedc3m_e123|dP|form same_noisy - cross (fr),0.013936496916744257,0.006861380544218429,0.021453987359229213,0.0,0.8462647221142287,0.8323282251974844
same,flame2023_s1,same_up60k,factorized_s1234,dP,sr,factorized_s1234|dP|shape same_up60k - cross (sr),0.02070004169853701,0.015691753984726137,0.027449632253436045,0.0,0.8269305219991421,0.8062304803006051
same,flame2023_s1,same_up60k,factorized_s1234,dP,fr,factorized_s1234|dP|form same_up60k - cross (fr),0.016329933190735724,0.012332053620440547,0.021336996531747518,0.0,0.8250092164859147,0.808679283295179
same,flame2023_s1,same_up60k,factorized_s2345,dP,sr,factorized_s2345|dP|shape same_up60k - cross (sr),0.007738090145908982,0.0037615623949176615,0.011844989977613839,0.0,0.8139185877820937,0.8061804976361847
same,flame2023_s1,same_up60k,factorized_s2345,dP,fr,factorized_s2345|dP|form same_up60k - cross (fr),0.008497456748429277,0.006135315060884952,0.011226779374805021,0.0,0.8120757979839234,0.8035783412354941
same,flame2023_s1,same_up60k,factorizedc3m_e123,dP,sr,factorizedc3m_e123|dP|shape same_up60k - cross (sr),0.01468774992482913,0.010460269904656747,0.019508076940367162,0.0,0.8333899930774883,0.8187022431526592
same,flame2023_s1,same_up60k,factorizedc3m_e123,dP,fr,factorizedc3m_e123|dP|form same_up60k - cross (fr),0.011735008185772222,0.008190845230707695,0.01614183008924452,0.0,0.8440632333832566,0.8323282251974844
same,flame2023_s1,lavg,factorized_s1234,dP,sr,factorized_s1234|dP|shape lavg - cross (sr),0.01897127181563829,0.015950967537374565,0.022653434826138203,0.0,0.8252017521162434,0.8062304803006051
same,flame2023_s1,lavg,factorized_s1234,dP,fr,factorized_s1234|dP|form lavg - cross (fr),0.014399704552733539,0.011920191735626556,0.01746609316125714,0.0,0.8230789878479126,0.808679283295179
same,flame2023_s1,lavg,factorized_s2345,dP,sr,factorized_s2345|dP|shape lavg - cross (sr),0.011631151952691932,0.009728119268287216,0.013727093414932936,0.0,0.8178116495888766,0.8061804976361847
same,flame2023_s1,lavg,factorized_s2345,dP,fr,factorized_s2345|dP|form lavg - cross (fr),0.009843432147353282,0.00817079899320763,0.011816800948369382,0.0,0.8134217733828474,0.8035783412354941
same,flame2023_s1,lavg,factorizedc3m_e123,dP,sr,factorizedc3m_e123|dP|shape lavg - cross (sr),0.019700552605406374,0.01646775322752151,0.023169312631191166,0.0,0.8384027957580655,0.8187022431526592
same,flame2023_s1,lavg,factorizedc3m_e123,dP,fr,factorizedc3m_e123|dP|form lavg - cross (fr),0.014549069857987651,0.012031601675275935,0.017558291402784764,0.0,0.846877295055472,0.8323282251974844
same,famos,same_original,factorized_s1234,dP,sr,factorized_s1234|dP|shape same_original - cross (sr),0.010476766736939425,0.0004677376668365485,0.02082502445484601,0.022,0.8493315884965432,0.8388548217596038
same,famos,same_original,factorized_s1234,dP,fr,factorized_s1234|dP|form same_original - cross (fr),0.015122963263035971,0.00906714194196388,0.021816222404368448,0.0,0.8388995479732134,0.8237765847101775
same,famos,same_original,factorized_s2345,dP,sr,factorized_s2345|dP|shape same_original - cross (sr),0.01769618161947606,0.009697106673491438,0.027062178673892514,0.0,0.8460056476699183,0.8283094660504422
same,famos,same_original,factorized_s2345,dP,fr,factorized_s2345|dP|form same_original - cross (fr),0.016457633822088202,0.011995127058383409,0.021539833078814175,0.0,0.8316681001677605,0.8152104663456723
same,famos,same_original,factorizedc3m_e123,dP,sr,factorizedc3m_e123|dP|shape same_original - cross (sr),0.017432488128903967,0.007815740468072754,0.028077519134843743,0.0,0.8559191612093741,0.8384866730804701
same,famos,same_original,factorizedc3m_e123,dP,fr,factorizedc3m_e123|dP|form same_original - cross (fr),0.01756190709913319,0.009766219916683815,0.02632961991107049,0.0,0.8540114986680927,0.8364495915689595
same,famos,same_remesh,factorized_s1234,dP,sr,factorized_s1234|dP|shape same_remesh - cross (sr),0.026030818912287312,0.007335869588464093,0.045036415668698884,0.005,0.8648856406718911,0.8388548217596038
same,famos,same_remesh,factorized_s1234,dP,fr,factorized_s1234|dP|form same_remesh - cross (fr),0.0260262244165117,0.017371913595984518,0.03685862826164389,0.0,0.8498028091266892,0.8237765847101775
same,famos,same_remesh,factorized_s2345,dP,sr,factorized_s2345|dP|shape same_remesh - cross (sr),0.030775544551807088,0.0196030482907121,0.04580343440299719,0.0,0.8590850106022493,0.8283094660504422
same,famos,same_remesh,factorized_s2345,dP,fr,factorized_s2345|dP|form same_remesh - cross (fr),0.019261275523717813,0.0128112800253263,0.027482747881535617,0.0,0.8344717418693901,0.8152104663456723
same,famos,same_remesh,factorizedc3m_e123,dP,sr,factorizedc3m_e123|dP|shape same_remesh - cross (sr),0.02979087125923474,0.018975046951373316,0.042396600824537944,0.0,0.8682775443397048,0.8384866730804701
same,famos,same_remesh,factorizedc3m_e123,dP,fr,factorizedc3m_e123|dP|form same_remesh - cross (fr),0.028110218101554674,0.021493064431309692,0.03588695800412701,0.0,0.8645598096705142,0.8364495915689595
same,famos,same_down8k,factorized_s1234,dP,sr,factorized_s1234|dP|shape same_down8k - cross (sr),0.019202584812867074,0.007768134080996053,0.03169591564668125,0.001,0.8580574065724709,0.8388548217596038
same,famos,same_down8k,factorized_s1234,dP,fr,factorized_s1234|dP|form same_down8k - cross (fr),0.01390142615275991,0.0059443841534479154,0.022170821565031196,0.0,0.8376780108629374,0.8237765847101775
same,famos,same_down8k,factorized_s2345,dP,sr,factorized_s2345|dP|shape same_down8k - cross (sr),0.017655417471989288,0.008527143417133388,0.02870160961215737,0.0,0.8459648835224315,0.8283094660504422
same,famos,same_down8k,factorized_s2345,dP,fr,factorized_s2345|dP|form same_down8k - cross (fr),0.013397186471859057,0.007446642012267693,0.020189135243980704,0.0,0.8286076528175313,0.8152104663456723
same,famos,same_down8k,factorizedc3m_e123,dP,sr,factorizedc3m_e123|dP|shape same_down8k - cross (sr),0.012045794929242293,0.0012012543056092648,0.02425999166064352,0.017,0.8505324680097124,0.8384866730804701
same,famos,same_down8k,factorizedc3m_e123,dP,fr,factorizedc3m_e123|dP|form same_down8k - cross (fr),0.011223901129140845,0.0010228147916122425,0.0210766446956953,0.016,0.8476734926981003,0.8364495915689595
same,famos,same_noisy,factorized_s1234,dP,sr,factorized_s1234|dP|shape same_noisy - cross (sr),-0.007066855808571915,-0.029753087985025108,0.014237727767195356,0.729,0.8317879659510319,0.8388548217596038
same,famos,same_noisy,factorized_s1234,dP,fr,factorized_s1234|dP|form same_noisy - cross (fr),0.011584781978801528,-0.0012227157785958953,0.024349333305342755,0.032,0.835361366688979,0.8237765847101775
same,famos,same_noisy,factorized_s2345,dP,sr,factorized_s2345|dP|shape same_noisy - cross (sr),-0.022964425746508144,-0.041234436163329585,-0.00830524165906513,1.0,0.8053450403039341,0.8283094660504422
same,famos,same_noisy,factorized_s2345,dP,fr,factorized_s2345|dP|form same_noisy - cross (fr),0.007535793707987959,-0.0023787208174956245,0.01740189039416922,0.074,0.8227462600536602,0.8152104663456723
same,famos,same_noisy,factorizedc3m_e123,dP,sr,factorizedc3m_e123|dP|shape same_noisy - cross (sr),0.015573588469276256,0.0014348896371570387,0.030929274164615175,0.016,0.8540602615497463,0.8384866730804701
same,famos,same_noisy,factorizedc3m_e123,dP,fr,factorizedc3m_e123|dP|form same_noisy - cross (fr),0.014151881637922248,0.0022396635313298194,0.027974862429811318,0.007,0.8506014732068817,0.8364495915689595
same,famos,same_up60k,factorized_s1234,dP,sr,factorized_s1234|dP|shape same_up60k - cross (sr),0.033186595338323466,0.02339350029385343,0.04549157675245395,0.0,0.8720414170979273,0.8388548217596038
same,famos,same_up60k,factorized_s1234,dP,fr,factorized_s1234|dP|form same_up60k - cross (fr),0.028017170311872897,0.021358792836606653,0.035921763841745585,0.0,0.8517937550220503,0.8237765847101775
same,famos,same_up60k,factorized_s2345,dP,sr,factorized_s2345|dP|shape same_up60k - cross (sr),0.024622925304068954,0.01443734145290021,0.03607876208683583,0.0,0.8529323913545112,0.8283094660504422
same,famos,same_up60k,factorized_s2345,dP,fr,factorized_s2345|dP|form same_up60k - cross (fr),0.022627880860671246,0.01626834366773415,0.030206306382462068,0.0,0.8378383472063435,0.8152104663456723
same,famos,same_up60k,factorizedc3m_e123,dP,sr,factorizedc3m_e123|dP|shape same_up60k - cross (sr),0.027233403312936444,0.018220978442602603,0.03894075984501957,0.0,0.8657200763934065,0.8384866730804701
same,famos,same_up60k,factorizedc3m_e123,dP,fr,factorizedc3m_e123|dP|form same_up60k - cross (fr),0.02726398716590317,0.02006110347789324,0.036554200788169976,0.0,0.8637135787348627,0.8364495915689595
same,famos,lavg,factorized_s1234,dP,sr,factorized_s1234|dP|shape lavg - cross (sr),0.028352653725842836,0.021482888325780134,0.037693523442739026,0.0,0.8672074754854466,0.8388548217596038
same,famos,lavg,factorized_s1234,dP,fr,factorized_s1234|dP|form lavg - cross (fr),0.023035593051320635,0.018101384113220015,0.028856983644799643,0.0,0.8468121777614981,0.8237765847101775
same,famos,lavg,factorized_s2345,dP,sr,factorized_s2345|dP|shape lavg - cross (sr),0.02098005883231613,0.01548395308195252,0.028458449603429206,0.0,0.8492895248827583,0.8283094660504422
same,famos,lavg,factorized_s2345,dP,fr,factorized_s2345|dP|form lavg - cross (fr),0.018704415234785388,0.014584740721436906,0.02351820300365324,0.0,0.8339148815804577,0.8152104663456723
same,famos,lavg,factorizedc3m_e123,dP,sr,factorizedc3m_e123|dP|shape lavg - cross (sr),0.02985165486966157,0.023082532158596895,0.03932285484716427,0.0,0.8683383279501317,0.8384866730804701
same,famos,lavg,factorizedc3m_e123,dP,fr,factorizedc3m_e123|dP|form lavg - cross (fr),0.02552489852713935,0.02113960776077274,0.031134037004930237,0.0,0.8619744900960988,0.8364495915689595
mean,media dei 4 bersagli,-,factorized_s1234,i_e2-dP,sr,media: i_e2-dP (sr),0.025258372056682354,0.004302239195648844,0.04528236788741965,0.008,0.652221468649137,0.6269630965924546
mean,media dei 4 bersagli,-,factorized_s1234,i_e2-dP,fr,media: i_e2-dP (fr),0.014686007324637207,-0.0008920620537961831,0.030967226735107496,0.032,0.6543022523715178,0.6396162450468806
mean,media dei 4 bersagli,-,factorized_s1234,i_pre-dP,sr,media: i_pre-dP (sr),0.015716446070443424,0.002860369323297271,0.02884786160511519,0.008,0.6426795426628981,0.6269630965924546
mean,media dei 4 bersagli,-,factorized_s1234,i_pre-dP,fr,media: i_pre-dP (fr),0.010984789299477216,-0.0002443802059514471,0.02289423027740894,0.026,0.6506010343463579,0.6396162450468806
mean,media dei 4 bersagli,-,factorized_s1234,joint-dP,sr,media: joint-dP (sr),0.12048441768948392,0.0977268313876825,0.14181528794044362,0.0,0.7512647175140643,0.6307802998245804
mean,media dei 4 bersagli,-,factorized_s1234,joint-dP,fr,media: joint-dP (fr),0.07009177075029283,0.052071727590505754,0.08741302838145919,0.0,0.7158930991483399,0.645801328398047
mean,media dei 4 bersagli,-,factorized_s2345,i_e2-dP,sr,media: i_e2-dP (sr),0.011152178411017455,-0.013193480978573036,0.03696506351694664,0.177,0.6471371291054026,0.6359849506943851
mean,media dei 4 bersagli,-,factorized_s2345,i_e2-dP,fr,media: i_e2-dP (fr),0.0013981278525774243,-0.018048624558341587,0.021286750150075463,0.447,0.6447958456085235,0.6433977177559461
mean,media dei 4 bersagli,-,factorized_s2345,i_pre-dP,sr,media: i_pre-dP (sr),-0.0006312148597595879,-0.011683572027560827,0.011445928045556292,0.546,0.6353537358346255,0.6359849506943851
mean,media dei 4 bersagli,-,factorized_s2345,i_pre-dP,fr,media: i_pre-dP (fr),0.0023386259167080814,-0.006658929847471009,0.011627969895937784,0.283,0.6457363436726542,0.6433977177559461
mean,media dei 4 bersagli,-,factorized_s2345,joint-dP,sr,media: joint-dP (sr),0.10150121879112883,0.07595322829694497,0.12958025851689697,0.0,0.7425624374296613,0.6410612186385325
mean,media dei 4 bersagli,-,factorized_s2345,joint-dP,fr,media: joint-dP (fr),0.05180765777584173,0.032497524462820955,0.0734175452673693,0.0,0.7022532703860747,0.6504456126102329
mean,media dei 4 bersagli,-,factorizedc3m_e123,i_e2-dP,sr,media: i_e2-dP (sr),0.02406650895398088,0.004745755598417103,0.0424521490414505,0.005,0.6593409801912109,0.63527447123723
mean,media dei 4 bersagli,-,factorizedc3m_e123,i_e2-dP,fr,media: i_e2-dP (fr),0.010267548630764178,-0.0044525345917824305,0.024765233294874026,0.085,0.6584845856892534,0.6482170370584892
mean,media dei 4 bersagli,-,factorizedc3m_e123,i_pre-dP,sr,media: i_pre-dP (sr),0.006644606664019226,-0.0057809769359992375,0.01999379326980243,0.155,0.6419190779012492,0.63527447123723
mean,media dei 4 bersagli,-,factorizedc3m_e123,i_pre-dP,fr,media: i_pre-dP (fr),0.009466457621824076,-0.000998233056160397,0.020446762145733946,0.044,0.6576834946803133,0.6482170370584892
mean,media dei 4 bersagli,-,factorizedc3m_e123,joint-dP,sr,media: joint-dP (sr),0.12239263306254433,0.09924587473897024,0.14573024230988227,0.0,0.7587226167931846,0.6363299837306403
mean,media dei 4 bersagli,-,factorizedc3m_e123,joint-dP,fr,media: joint-dP (fr),0.0659280244811129,0.04926164575764795,0.08377681017256486,0.0,0.7188670864422054,0.6529390619610925
