subject_a,subject_b,topology_a,topology_b,gt_distance,latent_distance,raw_chamfer,n_mesh_pairs,mesh_pair_index
id0001,id0004,noisy,crop,0.322800,0.422895,0.015693,1,
id0001,id0018,noisy,crop,0.366204,0.493007,0.009933,1,
id0001,id0020,noisy,crop,0.345168,0.477656,0.009084,1,
id0001,id0026,noisy,crop,0.465494,0.475876,0.005583,1,
id0001,id0027,noisy,crop,0.364464,0.444013,0.009088,1,
id0001,id0041,noisy,crop,0.287332,0.456176,0.008132,1,
id0001,id0042,noisy,crop,0.491159,0.588628,0.004959,1,
id0001,id0045,noisy,crop,0.360608,0.355941,0.007064,1,
id0001,id0048,noisy,crop,0.335410,0.366783,0.010649,1,
id0001,id0056,noisy,crop,0.350707,0.575666,0.007585,1,
id0001,id0062,noisy,crop,0.483203,0.544130,0.005585,1,
id0001,id0069,noisy,crop,0.345951,0.522278,0.007519,1,
id0001,id0071,noisy,crop,0.455894,0.600238,0.003648,1,
id0001,id0072,noisy,crop,0.337381,0.416931,0.010937,1,
id0001,id0075,noisy,crop,0.409765,0.469652,0.004107,1,
id0001,id0080,noisy,crop,0.454938,0.499404,0.004625,1,
id0001,id0081,noisy,crop,0.402132,0.528507,0.014983,1,
id0001,id0086,noisy,crop,0.362781,0.457800,0.010399,1,
id0001,id0088,noisy,crop,0.287890,0.475240,0.015816,1,
id0001,id0097,noisy,crop,0.271231,0.391534,0.006193,1,
id0001,id0100,noisy,crop,0.340169,0.397623,0.005874,1,
id0001,id0106,noisy,crop,0.399704,0.521216,0.009980,1,
id0001,id0107,noisy,crop,0.313481,0.440420,0.012274,1,
id0001,id0110,noisy,crop,0.337847,0.368972,0.006123,1,
id0001,id0113,noisy,crop,0.369655,0.498234,0.012177,1,
id0001,id0115,noisy,crop,0.352460,0.378554,0.007958,1,
id0001,id0130,noisy,crop,0.292304,0.423152,0.008353,1,
id0001,id0132,noisy,crop,0.290086,0.410367,0.011056,1,
id0001,id0136,noisy,crop,0.364559,0.470060,0.013147,1,
id0001,id0153,noisy,crop,0.290769,0.541553,0.019977,1,
id0001,id0161,noisy,crop,0.321011,0.437791,0.014342,1,
id0001,id0169,noisy,crop,0.339859,0.454967,0.010846,1,
id0001,id0182,noisy,crop,0.353581,0.432294,0.009847,1,
id0001,id0183,noisy,crop,0.377801,0.599899,0.021614,1,
id0001,id0186,noisy,crop,0.276798,0.426077,0.010060,1,
id0001,id0197,noisy,crop,0.349722,0.418806,0.008516,1,
id0001,id0199,noisy,crop,0.333997,0.591470,0.016092,1,
id0001,id0206,noisy,crop,0.582220,0.634603,0.006920,1,
id0001,id0207,noisy,crop,0.366138,0.510176,0.011213,1,
id0001,id0208,noisy,crop,0.272983,0.401054,0.015068,1,
id0001,id0212,noisy,crop,0.421550,0.362147,0.004290,1,
id0001,id0220,noisy,crop,0.352810,0.386199,0.005815,1,
id0001,id0222,noisy,crop,0.346686,0.407577,0.015614,1,
id0001,id0224,noisy,crop,0.400929,0.557134,0.014289,1,
id0001,id0233,noisy,crop,0.285536,0.534727,0.018925,1,
id0001,id0239,noisy,crop,0.522106,0.643903,0.007460,1,
id0001,id0242,noisy,crop,0.298460,0.443661,0.011700,1,
id0001,id0246,noisy,crop,0.385500,0.474868,0.006037,1,
id0001,id0258,noisy,crop,0.322260,0.470841,0.007371,1,
id0001,id0273,noisy,crop,0.281542,0.497084,0.008433,1,
id0001,id0275,noisy,crop,0.283546,0.422378,0.015404,1,
id0001,id0285,noisy,crop,0.310977,0.433841,0.013470,1,
id0001,id0290,noisy,crop,0.412985,0.615784,0.015900,1,
id0001,id0296,noisy,crop,0.295725,0.408191,0.019801,1,
id0001,id0299,noisy,crop,0.273174,0.353820,0.012586,1,
id0001,id0303,noisy,crop,0.274224,0.369518,0.011424,1,
id0001,id0319,noisy,crop,0.418635,0.388997,0.006187,1,
id0001,id0321,noisy,crop,0.346538,0.457062,0.012743,1,
id0001,id0326,noisy,crop,0.362382,0.471573,0.020303,1,
id0001,id0328,noisy,crop,0.260064,0.474897,0.012680,1,
id0001,id0330,noisy,crop,0.382978,0.497527,0.005891,1,
id0001,id0342,noisy,crop,0.302526,0.470465,0.009626,1,
id0001,id0346,noisy,crop,0.364628,0.491295,0.010038,1,
id0001,id0363,noisy,crop,0.316617,0.371464,0.005322,1,
id0001,id0367,noisy,crop,0.400716,0.436991,0.007165,1,
id0001,id0368,noisy,crop,0.278228,0.391796,0.019831,1,
id0001,id0369,noisy,crop,0.323987,0.530934,0.021727,1,
id0001,id0372,noisy,crop,0.441989,0.396367,0.011551,1,
id0001,id0373,noisy,crop,0.348212,0.529587,0.013366,1,
id0001,id0374,noisy,crop,0.441220,0.540601,0.006052,1,
id0001,id0378,noisy,crop,0.309927,0.426864,0.013378,1,
id0001,id0381,noisy,crop,0.386134,0.360901,0.014194,1,
id0001,id0382,noisy,crop,0.362844,0.440976,0.004000,1,
id0001,id0392,noisy,crop,0.343611,0.474069,0.007867,1,
id0001,id0396,noisy,crop,0.337015,0.469127,0.005557,1,
id0001,id0398,noisy,crop,0.483421,0.564345,0.007470,1,
id0001,id0399,noisy,crop,0.220824,0.385183,0.008740,1,
id0001,id0401,noisy,crop,0.325417,0.540066,0.005628,1,
id0001,id0402,noisy,crop,0.362388,0.373329,0.008917,1,
id0001,id0404,noisy,crop,0.394736,0.515197,0.011686,1,
id0001,id0411,noisy,crop,0.380956,0.505972,0.003680,1,
id0001,id0412,noisy,crop,0.338277,0.394610,0.011056,1,
id0001,id0418,noisy,crop,0.458799,0.476491,0.017193,1,
id0001,id0421,noisy,crop,0.292851,0.360668,0.008126,1,
id0001,id0422,noisy,crop,0.320140,0.480907,0.011874,1,
id0001,id0431,noisy,crop,0.344573,0.443808,0.011870,1,
id0001,id0437,noisy,crop,0.401537,0.612968,0.017439,1,
id0001,id0441,noisy,crop,0.291814,0.451469,0.010095,1,
id0001,id0447,noisy,crop,0.306172,0.432991,0.022529,1,
id0001,id0460,noisy,crop,0.293119,0.381738,0.009497,1,
id0001,id0462,noisy,crop,0.310316,0.426123,0.020202,1,
id0001,id0465,noisy,crop,0.345278,0.413934,0.003840,1,
id0001,id0466,noisy,crop,0.330986,0.437584,0.022044,1,
id0001,id0468,noisy,crop,0.465759,0.600857,0.004279,1,
id0001,id0470,noisy,crop,0.426994,0.523154,0.007877,1,
id0001,id0476,noisy,crop,0.308868,0.417821,0.020424,1,
id0001,id0486,noisy,crop,0.323589,0.503780,0.007018,1,
id0001,id0491,noisy,crop,0.320884,0.487456,0.017707,1,
id0001,id0498,noisy,crop,0.339398,0.462692,0.006396,1,
id0004,id0018,noisy,crop,0.299500,0.380763,0.004828,1,
id0004,id0020,noisy,crop,0.366351,0.455643,0.005435,1,
id0004,id0026,noisy,crop,0.416234,0.501446,0.003590,1,
id0004,id0027,noisy,crop,0.248048,0.381365,0.004602,1,
id0004,id0041,noisy,crop,0.345277,0.503952,0.005014,1,
id0004,id0042,noisy,crop,0.487255,0.665966,0.003572,1,
id0004,id0045,noisy,crop,0.324312,0.461377,0.003531,1,
id0004,id0048,noisy,crop,0.238472,0.305009,0.005664,1,
id0004,id0056,noisy,crop,0.478388,0.604145,0.004238,1,
id0004,id0062,noisy,crop,0.511633,0.684799,0.004006,1,
id0004,id0069,noisy,crop,0.343675,0.443455,0.004115,1,
id0004,id0071,noisy,crop,0.480545,0.689004,0.003395,1,
id0004,id0072,noisy,crop,0.344321,0.451909,0.006572,1,
id0004,id0075,noisy,crop,0.372617,0.502939,0.002650,1,
id0004,id0080,noisy,crop,0.425929,0.596425,0.002953,1,
id0004,id0081,noisy,crop,0.350165,0.533473,0.009024,1,
id0004,id0086,noisy,crop,0.333849,0.507889,0.006802,1,
id0004,id0088,noisy,crop,0.324047,0.471447,0.009494,1,
id0004,id0097,noisy,crop,0.372316,0.493753,0.004185,1,
id0004,id0100,noisy,crop,0.327457,0.497591,0.004209,1,
id0004,id0106,noisy,crop,0.425352,0.529152,0.006152,1,
id0004,id0107,noisy,crop,0.404081,0.455070,0.007369,1,
id0004,id0110,noisy,crop,0.288532,0.363069,0.003246,1,
id0004,id0113,noisy,crop,0.402826,0.577840,0.008520,1,
id0004,id0115,noisy,crop,0.299737,0.385397,0.004197,1,
id0004,id0130,noisy,crop,0.373116,0.517565,0.004329,1,
id0004,id0132,noisy,crop,0.372023,0.495236,0.006764,1,
id0004,id0136,noisy,crop,0.391691,0.559945,0.008450,1,
id0004,id0153,noisy,crop,0.307025,0.433279,0.011881,1,
id0004,id0161,noisy,crop,0.277533,0.395486,0.008174,1,
id0004,id0169,noisy,crop,0.369937,0.506227,0.006768,1,
id0004,id0182,noisy,crop,0.281358,0.297203,0.004482,1,
id0004,id0183,noisy,crop,0.405535,0.482473,0.013773,1,
id0004,id0186,noisy,crop,0.294698,0.387432,0.005324,1,
id0004,id0197,noisy,crop,0.295977,0.375265,0.004785,1,
id0004,id0199,noisy,crop,0.301516,0.488350,0.009404,1,
id0004,id0206,noisy,crop,0.534421,0.743254,0.005995,1,
id0004,id0207,noisy,crop,0.328717,0.496982,0.006045,1,
id0004,id0208,noisy,crop,0.252515,0.394198,0.008145,1,
id0004,id0212,noisy,crop,0.449904,0.489527,0.003656,1,
id0004,id0220,noisy,crop,0.382646,0.419673,0.003386,1,
id0004,id0222,noisy,crop,0.308054,0.457089,0.009985,1,
id0004,id0224,noisy,crop,0.323367,0.485198,0.008036,1,
id0004,id0233,noisy,crop,0.398470,0.444055,0.011666,1,
id0004,id0239,noisy,crop,0.464611,0.633845,0.004889,1,
id0004,id0242,noisy,crop,0.282912,0.326408,0.005586,1,
id0004,id0246,noisy,crop,0.388364,0.563954,0.003492,1,
id0004,id0258,noisy,crop,0.347289,0.473105,0.004079,1,
id0004,id0273,noisy,crop,0.353197,0.457008,0.004709,1,
id0004,id0275,noisy,crop,0.342961,0.450364,0.008953,1,
id0004,id0285,noisy,crop,0.300694,0.387532,0.007656,1,
id0004,id0290,noisy,crop,0.376412,0.493103,0.009817,1,
id0004,id0296,noisy,crop,0.377190,0.467226,0.013186,1,
id0004,id0299,noisy,crop,0.274334,0.373778,0.007379,1,
id0004,id0303,noisy,crop,0.376417,0.446346,0.007656,1,
id0004,id0319,noisy,crop,0.399626,0.523287,0.003910,1,
id0004,id0321,noisy,crop,0.359361,0.474553,0.008006,1,
id0004,id0326,noisy,crop,0.333240,0.500505,0.013572,1,
id0004,id0328,noisy,crop,0.303851,0.401556,0.006947,1,
id0004,id0330,noisy,crop,0.378090,0.484064,0.003858,1,
id0004,id0342,noisy,crop,0.350086,0.484839,0.005800,1,
id0004,id0346,noisy,crop,0.331411,0.495320,0.005526,1,
id0004,id0363,noisy,crop,0.357624,0.366211,0.002612,1,
id0004,id0367,noisy,crop,0.332776,0.407277,0.003644,1,
id0004,id0368,noisy,crop,0.268145,0.375814,0.012064,1,
id0004,id0369,noisy,crop,0.306576,0.473291,0.014519,1,
id0004,id0372,noisy,crop,0.348164,0.415731,0.006898,1,
id0004,id0373,noisy,crop,0.253746,0.369356,0.006917,1,
id0004,id0374,noisy,crop,0.488771,0.474502,0.002512,1,
id0004,id0378,noisy,crop,0.257372,0.407120,0.007586,1,
id0004,id0381,noisy,crop,0.262163,0.293197,0.008025,1,
id0004,id0382,noisy,crop,0.443676,0.593055,0.003561,1,
id0004,id0392,noisy,crop,0.334855,0.457362,0.004198,1,
id0004,id0396,noisy,crop,0.329644,0.416881,0.002613,1,
id0004,id0398,noisy,crop,0.455912,0.666782,0.006906,1,
id0004,id0399,noisy,crop,0.341713,0.422295,0.004671,1,
id0004,id0401,noisy,crop,0.404764,0.564923,0.003339,1,
id0004,id0402,noisy,crop,0.287139,0.420783,0.004827,1,
id0004,id0404,noisy,crop,0.385459,0.576061,0.007890,1,
id0004,id0411,noisy,crop,0.444882,0.606824,0.003430,1,
id0004,id0412,noisy,crop,0.346228,0.486182,0.006783,1,
id0004,id0418,noisy,crop,0.352156,0.544811,0.011370,1,
id0004,id0421,noisy,crop,0.283581,0.399537,0.003631,1,
id0004,id0422,noisy,crop,0.295274,0.443559,0.006468,1,
id0004,id0431,noisy,crop,0.344802,0.548939,0.008329,1,
id0004,id0437,noisy,crop,0.335827,0.535735,0.011014,1,
id0004,id0441,noisy,crop,0.345794,0.501000,0.006006,1,
id0004,id0447,noisy,crop,0.379462,0.439121,0.015188,1,
id0004,id0460,noisy,crop,0.277219,0.389082,0.004608,1,
id0004,id0462,noisy,crop,0.359342,0.440238,0.013186,1,
id0004,id0465,noisy,crop,0.413186,0.532321,0.002803,1,
id0004,id0466,noisy,crop,0.322157,0.395533,0.014279,1,
id0004,id0468,noisy,crop,0.497404,0.729655,0.004878,1,
id0004,id0470,noisy,crop,0.394680,0.614684,0.005559,1,
id0004,id0476,noisy,crop,0.263739,0.315201,0.012275,1,
id0004,id0486,noisy,crop,0.421167,0.529640,0.003666,1,
id0004,id0491,noisy,crop,0.283154,0.369319,0.010455,1,
id0004,id0498,noisy,crop,0.366030,0.469773,0.002663,1,
id0018,id0020,noisy,crop,0.275566,0.428771,0.003342,1,
id0018,id0026,noisy,crop,0.382527,0.526293,0.002443,1,
id0018,id0027,noisy,crop,0.290609,0.416649,0.002316,1,
id0018,id0041,noisy,crop,0.337230,0.465942,0.002942,1,
id0018,id0042,noisy,crop,0.511120,0.718200,0.003113,1,
id0018,id0045,noisy,crop,0.286276,0.454065,0.001913,1,
id0018,id0048,noisy,crop,0.272980,0.442209,0.003329,1,
id0018,id0056,noisy,crop,0.419521,0.458461,0.002118,1,
id0018,id0062,noisy,crop,0.534391,0.713864,0.003407,1,
id0018,id0069,noisy,crop,0.467310,0.598708,0.003035,1,
id0018,id0071,noisy,crop,0.456118,0.638441,0.003229,1,
id0018,id0072,noisy,crop,0.388603,0.511055,0.004178,1,
id0018,id0075,noisy,crop,0.308999,0.488707,0.002127,1,
id0018,id0080,noisy,crop,0.464278,0.682125,0.002778,1,
id0018,id0081,noisy,crop,0.325128,0.455759,0.005634,1,
id0018,id0086,noisy,crop,0.393905,0.614895,0.004730,1,
id0018,id0088,noisy,crop,0.358025,0.513596,0.006602,1,
id0018,id0097,noisy,crop,0.290321,0.378096,0.002245,1,
id0018,id0100,noisy,crop,0.357246,0.582102,0.003161,1,
id0018,id0106,noisy,crop,0.519131,0.653554,0.004317,1,
id0018,id0107,noisy,crop,0.340912,0.333594,0.004063,1,
id0018,id0110,noisy,crop,0.235144,0.343239,0.001658,1,
id0018,id0113,noisy,crop,0.432251,0.594054,0.005128,1,
id0018,id0115,noisy,crop,0.354310,0.459126,0.002303,1,
id0018,id0130,noisy,crop,0.349795,0.505833,0.002825,1,
id0018,id0132,noisy,crop,0.326289,0.399822,0.003828,1,
id0018,id0136,noisy,crop,0.458846,0.617720,0.005724,1,
id0018,id0153,noisy,crop,0.233688,0.251473,0.006779,1,
id0018,id0161,noisy,crop,0.287563,0.394094,0.004367,1,
id0018,id0169,noisy,crop,0.424750,0.529677,0.003959,1,
id0018,id0182,noisy,crop,0.193836,0.291498,0.002070,1,
id0018,id0183,noisy,crop,0.462025,0.555784,0.010631,1,
id0018,id0186,noisy,crop,0.344592,0.475914,0.003566,1,
id0018,id0197,noisy,crop,0.306567,0.445510,0.003354,1,
id0018,id0199,noisy,crop,0.386478,0.580108,0.006575,1,
id0018,id0206,noisy,crop,0.546436,0.789895,0.005725,1,
id0018,id0207,noisy,crop,0.330534,0.498792,0.003842,1,
id0018,id0208,noisy,crop,0.219759,0.353162,0.004971,1,
id0018,id0212,noisy,crop,0.439102,0.558305,0.003299,1,
id0018,id0220,noisy,crop,0.326173,0.406563,0.002196,1,
id0018,id0222,noisy,crop,0.298091,0.420142,0.006742,1,
id0018,id0224,noisy,crop,0.328001,0.448099,0.005058,1,
id0018,id0233,noisy,crop,0.351839,0.331989,0.006949,1,
id0018,id0239,noisy,crop,0.502849,0.682171,0.003406,1,
id0018,id0242,noisy,crop,0.341463,0.419296,0.003398,1,
id0018,id0246,noisy,crop,0.359223,0.486942,0.001947,1,
id0018,id0258,noisy,crop,0.278820,0.396155,0.002175,1,
id0018,id0273,noisy,crop,0.294283,0.366207,0.002675,1,
id0018,id0275,noisy,crop,0.312723,0.356383,0.005372,1,
id0018,id0285,noisy,crop,0.411593,0.526015,0.004444,1,
id0018,id0290,noisy,crop,0.263703,0.460956,0.005662,1,
id0018,id0296,noisy,crop,0.348008,0.374885,0.009241,1,
id0018,id0299,noisy,crop,0.294161,0.351696,0.004282,1,
id0018,id0303,noisy,crop,0.340705,0.422008,0.004610,1,
id0018,id0319,noisy,crop,0.431257,0.594579,0.002796,1,
id0018,id0321,noisy,crop,0.258891,0.392080,0.005088,1,
id0018,id0326,noisy,crop,0.466424,0.613580,0.009333,1,
id0018,id0328,noisy,crop,0.320845,0.384856,0.003771,1,
id0018,id0330,noisy,crop,0.336254,0.488100,0.002622,1,
id0018,id0342,noisy,crop,0.397614,0.509030,0.003809,1,
id0018,id0346,noisy,crop,0.345890,0.494460,0.003100,1,
id0018,id0363,noisy,crop,0.452520,0.493331,0.002520,1,
id0018,id0367,noisy,crop,0.402012,0.491960,0.002968,1,
id0018,id0368,noisy,crop,0.340517,0.419196,0.008075,1,
id0018,id0369,noisy,crop,0.327552,0.436058,0.008850,1,
id0018,id0372,noisy,crop,0.392301,0.465947,0.004017,1,
id0018,id0373,noisy,crop,0.286644,0.443335,0.004506,1,
id0018,id0374,noisy,crop,0.360947,0.302782,0.001355,1,
id0018,id0378,noisy,crop,0.270982,0.352403,0.004382,1,
id0018,id0381,noisy,crop,0.308404,0.436625,0.005221,1,
id0018,id0382,noisy,crop,0.438496,0.592555,0.002586,1,
id0018,id0392,noisy,crop,0.302090,0.412894,0.002569,1,
id0018,id0396,noisy,crop,0.439248,0.607408,0.002690,1,
id0018,id0398,noisy,crop,0.528230,0.747171,0.005698,1,
id0018,id0399,noisy,crop,0.292709,0.377695,0.002585,1,
id0018,id0401,noisy,crop,0.366870,0.489841,0.002174,1,
id0018,id0402,noisy,crop,0.333401,0.472886,0.002732,1,
id0018,id0404,noisy,crop,0.407667,0.583115,0.005102,1,
id0018,id0411,noisy,crop,0.404419,0.537741,0.002854,1,
id0018,id0412,noisy,crop,0.402996,0.533728,0.003995,1,
id0018,id0418,noisy,crop,0.363427,0.555898,0.007390,1,
id0018,id0421,noisy,crop,0.308484,0.405703,0.001830,1,
id0018,id0422,noisy,crop,0.341853,0.493336,0.003867,1,
id0018,id0431,noisy,crop,0.447872,0.639834,0.005639,1,
id0018,id0437,noisy,crop,0.281543,0.430551,0.006168,1,
id0018,id0441,noisy,crop,0.324058,0.423438,0.003637,1,
id0018,id0447,noisy,crop,0.394627,0.484372,0.010686,1,
id0018,id0460,noisy,crop,0.296181,0.459393,0.002667,1,
id0018,id0462,noisy,crop,0.443242,0.541428,0.008606,1,
id0018,id0465,noisy,crop,0.371929,0.474449,0.002267,1,
id0018,id0466,noisy,crop,0.355834,0.442760,0.009337,1,
id0018,id0468,noisy,crop,0.525207,0.764002,0.004812,1,
id0018,id0470,noisy,crop,0.443988,0.657527,0.004406,1,
id0018,id0476,noisy,crop,0.288014,0.395565,0.008595,1,
id0018,id0486,noisy,crop,0.399879,0.508157,0.002280,1,
id0018,id0491,noisy,crop,0.188877,0.255329,0.005929,1,
id0018,id0498,noisy,crop,0.271085,0.338594,0.001462,1,
id0020,id0026,noisy,crop,0.455089,0.549043,0.002066,1,
id0020,id0027,noisy,crop,0.352512,0.415525,0.002106,1,
id0020,id0041,noisy,crop,0.286346,0.441401,0.001455,1,
id0020,id0042,noisy,crop,0.508775,0.717808,0.002319,1,
id0020,id0045,noisy,crop,0.331734,0.502586,0.001920,1,
id0020,id0048,noisy,crop,0.280180,0.384276,0.003034,1,
id0020,id0056,noisy,crop,0.370600,0.472558,0.001503,1,
id0020,id0062,noisy,crop,0.525262,0.683230,0.001937,1,
id0020,id0069,noisy,crop,0.444480,0.611248,0.002182,1,
id0020,id0071,noisy,crop,0.449276,0.603353,0.002092,1,
id0020,id0072,noisy,crop,0.327863,0.478013,0.002635,1,
id0020,id0075,noisy,crop,0.364030,0.455303,0.001488,1,
id0020,id0080,noisy,crop,0.490913,0.653352,0.002070,1,
id0020,id0081,noisy,crop,0.389761,0.503167,0.005193,1,
id0020,id0086,noisy,crop,0.348211,0.549912,0.002899,1,
id0020,id0088,noisy,crop,0.315994,0.508418,0.005624,1,
id0020,id0097,noisy,crop,0.259220,0.334591,0.001706,1,
id0020,id0100,noisy,crop,0.314824,0.463555,0.001586,1,
id0020,id0106,noisy,crop,0.473760,0.614233,0.003024,1,
id0020,id0107,noisy,crop,0.241004,0.257705,0.003423,1,
id0020,id0110,noisy,crop,0.240634,0.299966,0.001180,1,
id0020,id0113,noisy,crop,0.357343,0.526297,0.003119,1,
id0020,id0115,noisy,crop,0.380457,0.466325,0.002150,1,
id0020,id0130,noisy,crop,0.379781,0.528666,0.002486,1,
id0020,id0132,noisy,crop,0.338499,0.408258,0.003064,1,
id0020,id0136,noisy,crop,0.412491,0.529108,0.003872,1,
id0020,id0153,noisy,crop,0.199670,0.334062,0.006831,1,
id0020,id0161,noisy,crop,0.300244,0.443780,0.004121,1,
id0020,id0169,noisy,crop,0.333506,0.453528,0.002377,1,
id0020,id0182,noisy,crop,0.257291,0.299262,0.002614,1,
id0020,id0183,noisy,crop,0.381559,0.515101,0.009843,1,
id0020,id0186,noisy,crop,0.294117,0.483538,0.002591,1,
id0020,id0197,noisy,crop,0.276460,0.397838,0.002539,1,
id0020,id0199,noisy,crop,0.306657,0.456100,0.005110,1,
id0020,id0206,noisy,crop,0.572790,0.749241,0.003551,1,
id0020,id0207,noisy,crop,0.370967,0.487262,0.002837,1,
id0020,id0208,noisy,crop,0.290813,0.393611,0.004970,1,
id0020,id0212,noisy,crop,0.352615,0.424464,0.002494,1,
id0020,id0220,noisy,crop,0.262141,0.345596,0.001390,1,
id0020,id0222,noisy,crop,0.257909,0.379193,0.005287,1,
id0020,id0224,noisy,crop,0.349421,0.427473,0.003854,1,
id0020,id0233,noisy,crop,0.335685,0.325048,0.006533,1,
id0020,id0239,noisy,crop,0.503937,0.668627,0.002320,1,
id0020,id0242,noisy,crop,0.391146,0.477361,0.003511,1,
id0020,id0246,noisy,crop,0.394227,0.521575,0.001334,1,
id0020,id0258,noisy,crop,0.246461,0.385503,0.001632,1,
id0020,id0273,noisy,crop,0.256970,0.301025,0.001840,1,
id0020,id0275,noisy,crop,0.279283,0.365495,0.004971,1,
id0020,id0285,noisy,crop,0.415054,0.525158,0.003833,1,
id0020,id0290,noisy,crop,0.228495,0.391219,0.005536,1,
id0020,id0296,noisy,crop,0.268310,0.399805,0.007891,1,
id0020,id0299,noisy,crop,0.291979,0.336278,0.003243,1,
id0020,id0303,noisy,crop,0.295318,0.334107,0.003071,1,
id0020,id0319,noisy,crop,0.357576,0.504398,0.001851,1,
id0020,id0321,noisy,crop,0.198172,0.279126,0.003670,1,
id0020,id0326,noisy,crop,0.434222,0.509443,0.007289,1,
id0020,id0328,noisy,crop,0.283497,0.385563,0.003324,1,
id0020,id0330,noisy,crop,0.279663,0.322828,0.001446,1,
id0020,id0342,noisy,crop,0.355589,0.380813,0.002056,1,
id0020,id0346,noisy,crop,0.361000,0.474795,0.002352,1,
id0020,id0363,noisy,crop,0.478254,0.509153,0.002016,1,
id0020,id0367,noisy,crop,0.449815,0.473401,0.002227,1,
id0020,id0368,noisy,crop,0.325525,0.398417,0.007204,1,
id0020,id0369,noisy,crop,0.265521,0.303415,0.007804,1,
id0020,id0372,noisy,crop,0.372119,0.421376,0.002642,1,
id0020,id0373,noisy,crop,0.328483,0.427231,0.004472,1,
id0020,id0374,noisy,crop,0.294529,0.319959,0.001809,1,
id0020,id0378,noisy,crop,0.332301,0.375802,0.004106,1,
id0020,id0381,noisy,crop,0.327838,0.445152,0.004231,1,
id0020,id0382,noisy,crop,0.379804,0.556763,0.001623,1,
id0020,id0392,noisy,crop,0.324917,0.428361,0.001848,1,
id0020,id0396,noisy,crop,0.434739,0.591857,0.002279,1,
id0020,id0398,noisy,crop,0.426271,0.600292,0.003084,1,
id0020,id0399,noisy,crop,0.238162,0.329960,0.002061,1,
id0020,id0401,noisy,crop,0.296557,0.473296,0.001335,1,
id0020,id0402,noisy,crop,0.314376,0.431121,0.001776,1,
id0020,id0404,noisy,crop,0.345746,0.473625,0.002939,1,
id0020,id0411,noisy,crop,0.363889,0.516311,0.002291,1,
id0020,id0412,noisy,crop,0.351925,0.477874,0.002702,1,
id0020,id0418,noisy,crop,0.397871,0.484581,0.005304,1,
id0020,id0421,noisy,crop,0.373521,0.477241,0.002027,1,
id0020,id0422,noisy,crop,0.327218,0.405873,0.002756,1,
id0020,id0431,noisy,crop,0.366727,0.491496,0.003189,1,
id0020,id0437,noisy,crop,0.320878,0.410439,0.005712,1,
id0020,id0441,noisy,crop,0.272626,0.403537,0.002456,1,
id0020,id0447,noisy,crop,0.290759,0.390582,0.009249,1,
id0020,id0460,noisy,crop,0.331565,0.470114,0.002304,1,
id0020,id0462,noisy,crop,0.375715,0.476037,0.007056,1,
id0020,id0465,noisy,crop,0.272896,0.404459,0.001288,1,
id0020,id0466,noisy,crop,0.281512,0.343832,0.008250,1,
id0020,id0468,noisy,crop,0.473484,0.692353,0.003181,1,
id0020,id0470,noisy,crop,0.358264,0.546740,0.002090,1,
id0020,id0476,noisy,crop,0.268600,0.424140,0.008391,1,
id0020,id0486,noisy,crop,0.362366,0.512330,0.001864,1,
id0020,id0491,noisy,crop,0.258850,0.368310,0.006300,1,
id0020,id0498,noisy,crop,0.344788,0.457408,0.001992,1,
id0026,id0027,noisy,crop,0.330191,0.493546,0.008906,1,
id0026,id0041,noisy,crop,0.331795,0.433398,0.008158,1,
id0026,id0042,noisy,crop,0.263575,0.326334,0.002775,1,
id0026,id0045,noisy,crop,0.321618,0.480702,0.007787,1,
id0026,id0048,noisy,crop,0.400423,0.581131,0.011023,1,
id0026,id0056,noisy,crop,0.381525,0.473071,0.007138,1,
id0026,id0062,noisy,crop,0.371594,0.488568,0.005443,1,
id0026,id0069,noisy,crop,0.382939,0.484381,0.006251,1,
id0026,id0071,noisy,crop,0.313544,0.478276,0.003526,1,
id0026,id0072,noisy,crop,0.328796,0.400727,0.010568,1,
id0026,id0075,noisy,crop,0.224633,0.367316,0.003140,1,
id0026,id0080,noisy,crop,0.289239,0.450971,0.002999,1,
id0026,id0081,noisy,crop,0.292258,0.458248,0.014013,1,
id0026,id0086,noisy,crop,0.341817,0.422581,0.009734,1,
id0026,id0088,noisy,crop,0.392749,0.457549,0.014313,1,
id0026,id0097,noisy,crop,0.436645,0.531147,0.007161,1,
id0026,id0100,noisy,crop,0.303367,0.486294,0.005700,1,
id0026,id0106,noisy,crop,0.397318,0.397747,0.007481,1,
id0026,id0107,noisy,crop,0.549377,0.658097,0.013695,1,
id0026,id0110,noisy,crop,0.342431,0.521538,0.006315,1,
id0026,id0113,noisy,crop,0.314328,0.411810,0.010640,1,
id0026,id0115,noisy,crop,0.288851,0.438370,0.007260,1,
id0026,id0130,noisy,crop,0.376261,0.601854,0.009685,1,
id0026,id0132,noisy,crop,0.304324,0.428219,0.011239,1,
id0026,id0136,noisy,crop,0.398495,0.561275,0.012376,1,
id0026,id0153,noisy,crop,0.441178,0.577877,0.019903,1,
id0026,id0161,noisy,crop,0.312517,0.374796,0.013411,1,
id0026,id0169,noisy,crop,0.386004,0.465959,0.009930,1,
id0026,id0182,noisy,crop,0.388857,0.573788,0.010038,1,
id0026,id0183,noisy,crop,0.587221,0.779605,0.020512,1,
id0026,id0186,noisy,crop,0.363869,0.407357,0.009779,1,
id0026,id0197,noisy,crop,0.365561,0.569476,0.007545,1,
id0026,id0199,noisy,crop,0.512822,0.778055,0.015641,1,
id0026,id0206,noisy,crop,0.297222,0.423520,0.003974,1,
id0026,id0207,noisy,crop,0.245842,0.483167,0.010376,1,
id0026,id0208,noisy,crop,0.364376,0.559363,0.015915,1,
id0026,id0212,noisy,crop,0.566878,0.681895,0.005002,1,
id0026,id0220,noisy,crop,0.422628,0.516302,0.006375,1,
id0026,id0222,noisy,crop,0.339101,0.519280,0.015494,1,
id0026,id0224,noisy,crop,0.309100,0.432283,0.012226,1,
id0026,id0233,noisy,crop,0.479106,0.636222,0.018827,1,
id0026,id0239,noisy,crop,0.316758,0.412936,0.005386,1,
id0026,id0242,noisy,crop,0.373065,0.450362,0.011072,1,
id0026,id0246,noisy,crop,0.288746,0.398860,0.006733,1,
id0026,id0258,noisy,crop,0.357495,0.454576,0.007028,1,
id0026,id0273,noisy,crop,0.392651,0.524104,0.008887,1,
id0026,id0275,noisy,crop,0.406405,0.585180,0.016510,1,
id0026,id0285,noisy,crop,0.352377,0.450441,0.011965,1,
id0026,id0290,noisy,crop,0.436927,0.803379,0.015406,1,
id0026,id0296,noisy,crop,0.438025,0.526834,0.020531,1,
id0026,id0299,noisy,crop,0.339492,0.499417,0.013167,1,
id0026,id0303,noisy,crop,0.449361,0.552614,0.012894,1,
id0026,id0319,noisy,crop,0.454308,0.595284,0.007947,1,
id0026,id0321,noisy,crop,0.426141,0.642003,0.013818,1,
id0026,id0326,noisy,crop,0.470577,0.709987,0.019299,1,
id0026,id0328,noisy,crop,0.461709,0.574704,0.013197,1,
id0026,id0330,noisy,crop,0.420171,0.614517,0.006146,1,
id0026,id0342,noisy,crop,0.391602,0.567028,0.010224,1,
id0026,id0346,noisy,crop,0.231225,0.365169,0.008025,1,
id0026,id0363,noisy,crop,0.380254,0.398984,0.005396,1,
id0026,id0367,noisy,crop,0.284075,0.505336,0.006820,1,
id0026,id0368,noisy,crop,0.391941,0.555850,0.019138,1,
id0026,id0369,noisy,crop,0.481499,0.708740,0.021652,1,
id0026,id0372,noisy,crop,0.375525,0.496120,0.012048,1,
id0026,id0373,noisy,crop,0.390541,0.694356,0.012823,1,
id0026,id0374,noisy,crop,0.560424,0.712282,0.007069,1,
id0026,id0378,noisy,crop,0.364026,0.512588,0.014362,1,
id0026,id0381,noisy,crop,0.322692,0.512729,0.013882,1,
id0026,id0382,noisy,crop,0.349736,0.423898,0.003659,1,
id0026,id0392,noisy,crop,0.240488,0.415121,0.006897,1,
id0026,id0396,noisy,crop,0.374143,0.465300,0.004944,1,
id0026,id0398,noisy,crop,0.445529,0.591704,0.006052,1,
id0026,id0399,noisy,crop,0.458282,0.630127,0.010585,1,
id0026,id0401,noisy,crop,0.418225,0.501482,0.006291,1,
id0026,id0402,noisy,crop,0.256530,0.424229,0.008556,1,
id0026,id0404,noisy,crop,0.298118,0.499486,0.010818,1,
id0026,id0411,noisy,crop,0.412569,0.504466,0.004356,1,
id0026,id0412,noisy,crop,0.341175,0.463753,0.010931,1,
id0026,id0418,noisy,crop,0.342093,0.506044,0.016153,1,
id0026,id0421,noisy,crop,0.306784,0.469112,0.008321,1,
id0026,id0422,noisy,crop,0.310234,0.505511,0.010617,1,
id0026,id0431,noisy,crop,0.395751,0.612661,0.011529,1,
id0026,id0437,noisy,crop,0.453268,0.720379,0.018858,1,
id0026,id0441,noisy,crop,0.368081,0.525559,0.010881,1,
id0026,id0447,noisy,crop,0.587150,0.730206,0.023838,1,
id0026,id0460,noisy,crop,0.302496,0.451291,0.009550,1,
id0026,id0462,noisy,crop,0.427018,0.526904,0.019204,1,
id0026,id0465,noisy,crop,0.396176,0.491541,0.003979,1,
id0026,id0466,noisy,crop,0.513205,0.699284,0.022492,1,
id0026,id0468,noisy,crop,0.370116,0.488439,0.002907,1,
id0026,id0470,noisy,crop,0.334839,0.458505,0.007032,1,
id0026,id0476,noisy,crop,0.471402,0.629786,0.020519,1,
id0026,id0486,noisy,crop,0.406025,0.538185,0.006579,1,
id0026,id0491,noisy,crop,0.388937,0.569239,0.018194,1,
id0026,id0498,noisy,crop,0.361584,0.545247,0.006915,1,
id0027,id0041,noisy,crop,0.288491,0.346627,0.004530,1,
id0027,id0042,noisy,crop,0.435188,0.524904,0.002587,1,
id0027,id0045,noisy,crop,0.306277,0.467809,0.004339,1,
id0027,id0048,noisy,crop,0.259443,0.387788,0.006963,1,
id0027,id0056,noisy,crop,0.471796,0.497200,0.003938,1,
id0027,id0062,noisy,crop,0.458276,0.573122,0.003144,1,
id0027,id0069,noisy,crop,0.360515,0.388227,0.003474,1,
id0027,id0071,noisy,crop,0.361867,0.464734,0.001546,1,
id0027,id0072,noisy,crop,0.306605,0.296258,0.006200,1,
id0027,id0075,noisy,crop,0.265497,0.338905,0.001857,1,
id0027,id0080,noisy,crop,0.397498,0.542172,0.002429,1,
id0027,id0081,noisy,crop,0.344527,0.515145,0.010179,1,
id0027,id0086,noisy,crop,0.283554,0.343058,0.006340,1,
id0027,id0088,noisy,crop,0.363207,0.412180,0.010571,1,
id0027,id0097,noisy,crop,0.334744,0.393917,0.003607,1,
id0027,id0100,noisy,crop,0.242230,0.349192,0.003182,1,
id0027,id0106,noisy,crop,0.413932,0.409865,0.005131,1,
id0027,id0107,noisy,crop,0.412436,0.434770,0.008303,1,
id0027,id0110,noisy,crop,0.225657,0.323701,0.003262,1,
id0027,id0113,noisy,crop,0.337893,0.423798,0.007029,1,
id0027,id0115,noisy,crop,0.303259,0.411289,0.004343,1,
id0027,id0130,noisy,crop,0.410698,0.577462,0.005932,1,
id0027,id0132,noisy,crop,0.345669,0.412677,0.007172,1,
id0027,id0136,noisy,crop,0.389995,0.493029,0.008244,1,
id0027,id0153,noisy,crop,0.328423,0.415790,0.013476,1,
id0027,id0161,noisy,crop,0.221057,0.255941,0.008348,1,
id0027,id0169,noisy,crop,0.313778,0.323796,0.005797,1,
id0027,id0182,noisy,crop,0.263599,0.321334,0.005390,1,
id0027,id0183,noisy,crop,0.469733,0.540089,0.015731,1,
id0027,id0186,noisy,crop,0.267222,0.255720,0.005328,1,
id0027,id0197,noisy,crop,0.307554,0.390709,0.005634,1,
id0027,id0199,noisy,crop,0.340340,0.500894,0.010419,1,
id0027,id0206,noisy,crop,0.443601,0.584376,0.004120,1,
id0027,id0207,noisy,crop,0.315093,0.446209,0.006818,1,
id0027,id0208,noisy,crop,0.286435,0.450316,0.010332,1,
id0027,id0212,noisy,crop,0.425004,0.450445,0.003092,1,
id0027,id0220,noisy,crop,0.364917,0.383632,0.003334,1,
id0027,id0222,noisy,crop,0.310288,0.422401,0.011139,1,
id0027,id0224,noisy,crop,0.245232,0.317505,0.007662,1,
id0027,id0233,noisy,crop,0.426219,0.456242,0.012991,1,
id0027,id0239,noisy,crop,0.329948,0.395112,0.002727,1,
id0027,id0242,noisy,crop,0.291893,0.284927,0.006320,1,
id0027,id0246,noisy,crop,0.332253,0.439054,0.003236,1,
id0027,id0258,noisy,crop,0.297361,0.303301,0.003726,1,
id0027,id0273,noisy,crop,0.319917,0.340877,0.004729,1,
id0027,id0275,noisy,crop,0.377979,0.484536,0.010887,1,
id0027,id0285,noisy,crop,0.301974,0.312589,0.007749,1,
id0027,id0290,noisy,crop,0.352663,0.533112,0.010853,1,
id0027,id0296,noisy,crop,0.396155,0.445586,0.014845,1,
id0027,id0299,noisy,crop,0.263955,0.360279,0.007900,1,
id0027,id0303,noisy,crop,0.316126,0.330932,0.007289,1,
id0027,id0319,noisy,crop,0.377321,0.487961,0.003852,1,
id0027,id0321,noisy,crop,0.333810,0.460350,0.009368,1,
id0027,id0326,noisy,crop,0.360349,0.498146,0.013772,1,
id0027,id0328,noisy,crop,0.285182,0.289642,0.007214,1,
id0027,id0330,noisy,crop,0.302521,0.379525,0.003020,1,
id0027,id0342,noisy,crop,0.292963,0.362717,0.005035,1,
id0027,id0346,noisy,crop,0.281297,0.351290,0.005550,1,
id0027,id0363,noisy,crop,0.386113,0.354785,0.002612,1,
id0027,id0367,noisy,crop,0.276202,0.357688,0.003798,1,
id0027,id0368,noisy,crop,0.298663,0.373857,0.013602,1,
id0027,id0369,noisy,crop,0.309366,0.429586,0.015206,1,
id0027,id0372,noisy,crop,0.275747,0.325137,0.007139,1,
id0027,id0373,noisy,crop,0.271524,0.457198,0.008353,1,
id0027,id0374,noisy,crop,0.512557,0.525868,0.003760,1,
id0027,id0378,noisy,crop,0.196178,0.325428,0.008089,1,
id0027,id0381,noisy,crop,0.259664,0.363172,0.009469,1,
id0027,id0382,noisy,crop,0.400467,0.473342,0.002488,1,
id0027,id0392,noisy,crop,0.276814,0.294447,0.003770,1,
id0027,id0396,noisy,crop,0.350419,0.378660,0.002648,1,
id0027,id0398,noisy,crop,0.387527,0.503279,0.004804,1,
id0027,id0399,noisy,crop,0.360969,0.436686,0.005721,1,
id0027,id0401,noisy,crop,0.346608,0.372750,0.002499,1,
id0027,id0402,noisy,crop,0.246365,0.355039,0.005063,1,
id0027,id0404,noisy,crop,0.318837,0.456340,0.007197,1,
id0027,id0411,noisy,crop,0.390069,0.502494,0.002061,1,
id0027,id0412,noisy,crop,0.292033,0.338921,0.006564,1,
id0027,id0418,noisy,crop,0.288804,0.440351,0.011386,1,
id0027,id0421,noisy,crop,0.289313,0.406020,0.004451,1,
id0027,id0422,noisy,crop,0.269314,0.354617,0.006509,1,
id0027,id0431,noisy,crop,0.316387,0.445270,0.007393,1,
id0027,id0437,noisy,crop,0.259071,0.444104,0.011268,1,
id0027,id0441,noisy,crop,0.305213,0.383849,0.005665,1,
id0027,id0447,noisy,crop,0.437590,0.481401,0.016647,1,
id0027,id0460,noisy,crop,0.307821,0.412558,0.005393,1,
id0027,id0462,noisy,crop,0.378574,0.395196,0.014004,1,
id0027,id0465,noisy,crop,0.375290,0.410523,0.002284,1,
id0027,id0466,noisy,crop,0.394887,0.495029,0.015927,1,
id0027,id0468,noisy,crop,0.409806,0.551546,0.002324,1,
id0027,id0470,noisy,crop,0.319506,0.436602,0.004364,1,
id0027,id0476,noisy,crop,0.332137,0.404823,0.014507,1,
id0027,id0486,noisy,crop,0.434650,0.526988,0.004265,1,
id0027,id0491,noisy,crop,0.281089,0.378746,0.011669,1,
id0027,id0498,noisy,crop,0.366134,0.473472,0.003702,1,
id0041,id0042,noisy,crop,0.363482,0.413961,0.003452,1,
id0041,id0045,noisy,crop,0.313738,0.395264,0.007492,1,
id0041,id0048,noisy,crop,0.301145,0.398049,0.011057,1,
id0041,id0056,noisy,crop,0.305265,0.416165,0.006693,1,
id0041,id0062,noisy,crop,0.382166,0.472177,0.004613,1,
id0041,id0069,noisy,crop,0.345310,0.421516,0.006396,1,
id0041,id0071,noisy,crop,0.319246,0.422447,0.002402,1,
id0041,id0072,noisy,crop,0.202838,0.244350,0.009841,1,
id0041,id0075,noisy,crop,0.258028,0.274009,0.003144,1,
id0041,id0080,noisy,crop,0.365095,0.443527,0.003316,1,
id0041,id0081,noisy,crop,0.312001,0.439243,0.014418,1,
id0041,id0086,noisy,crop,0.242059,0.316450,0.009476,1,
id0041,id0088,noisy,crop,0.291898,0.389066,0.015480,1,
id0041,id0097,noisy,crop,0.276259,0.337042,0.005932,1,
id0041,id0100,noisy,crop,0.242526,0.308133,0.004900,1,
id0041,id0106,noisy,crop,0.364249,0.394668,0.008059,1,
id0041,id0107,noisy,crop,0.339952,0.431462,0.012733,1,
id0041,id0110,noisy,crop,0.271472,0.339639,0.005919,1,
id0041,id0113,noisy,crop,0.252149,0.320511,0.010327,1,
id0041,id0115,noisy,crop,0.261325,0.302636,0.007222,1,
id0041,id0130,noisy,crop,0.344144,0.530923,0.009258,1,
id0041,id0132,noisy,crop,0.239942,0.321910,0.010875,1,
id0041,id0136,noisy,crop,0.332769,0.448548,0.012101,1,
id0041,id0153,noisy,crop,0.292204,0.455119,0.019899,1,
id0041,id0161,noisy,crop,0.239894,0.289184,0.013612,1,
id0041,id0169,noisy,crop,0.284520,0.320164,0.009513,1,
id0041,id0182,noisy,crop,0.321892,0.420524,0.010078,1,
id0041,id0183,noisy,crop,0.425083,0.605104,0.022027,1,
id0041,id0186,noisy,crop,0.208030,0.305387,0.009534,1,
id0041,id0197,noisy,crop,0.252636,0.350833,0.008098,1,
id0041,id0199,noisy,crop,0.326810,0.565710,0.015596,1,
id0041,id0206,noisy,crop,0.422535,0.470154,0.004339,1,
id0041,id0207,noisy,crop,0.246343,0.411569,0.010685,1,
id0041,id0208,noisy,crop,0.292039,0.441839,0.015768,1,
id0041,id0212,noisy,crop,0.447184,0.430912,0.003978,1,
id0041,id0220,noisy,crop,0.293610,0.321763,0.005443,1,
id0041,id0222,noisy,crop,0.268144,0.344401,0.015468,1,
id0041,id0224,noisy,crop,0.268495,0.344064,0.012326,1,
id0041,id0233,noisy,crop,0.345060,0.507958,0.019026,1,
id0041,id0239,noisy,crop,0.343758,0.390093,0.005092,1,
id0041,id0242,noisy,crop,0.316979,0.377090,0.011493,1,
id0041,id0246,noisy,crop,0.262075,0.330772,0.005644,1,
id0041,id0258,noisy,crop,0.230917,0.283009,0.006506,1,
id0041,id0273,noisy,crop,0.222892,0.367304,0.008035,1,
id0041,id0275,noisy,crop,0.304111,0.451083,0.016035,1,
id0041,id0285,noisy,crop,0.308969,0.339371,0.012356,1,
id0041,id0290,noisy,crop,0.336846,0.588059,0.015891,1,
id0041,id0296,noisy,crop,0.267541,0.382871,0.020352,1,
id0041,id0299,noisy,crop,0.227115,0.315755,0.012470,1,
id0041,id0303,noisy,crop,0.308222,0.330528,0.011254,1,
id0041,id0319,noisy,crop,0.387229,0.447490,0.006317,1,
id0041,id0321,noisy,crop,0.287989,0.423390,0.013168,1,
id0041,id0326,noisy,crop,0.366761,0.498392,0.019338,1,
id0041,id0328,noisy,crop,0.262702,0.393207,0.012405,1,
id0041,id0330,noisy,crop,0.284766,0.382626,0.004862,1,
id0041,id0342,noisy,crop,0.235924,0.356573,0.008628,1,
id0041,id0346,noisy,crop,0.259996,0.285979,0.008719,1,
id0041,id0363,noisy,crop,0.334157,0.342667,0.005023,1,
id0041,id0367,noisy,crop,0.286296,0.352810,0.006766,1,
id0041,id0368,noisy,crop,0.301585,0.407090,0.019690,1,
id0041,id0369,noisy,crop,0.300081,0.475777,0.021312,1,
id0041,id0372,noisy,crop,0.300863,0.268253,0.010943,1,
id0041,id0373,noisy,crop,0.303393,0.535941,0.013477,1,
id0041,id0374,noisy,crop,0.456335,0.530131,0.006832,1,
id0041,id0378,noisy,crop,0.286320,0.403158,0.013648,1,
id0041,id0381,noisy,crop,0.294193,0.361216,0.014037,1,
id0041,id0382,noisy,crop,0.300492,0.355204,0.003080,1,
id0041,id0392,noisy,crop,0.240158,0.292756,0.006892,1,
id0041,id0396,noisy,crop,0.309335,0.398606,0.005119,1,
id0041,id0398,noisy,crop,0.347233,0.422573,0.005190,1,
id0041,id0399,noisy,crop,0.302502,0.445441,0.009545,1,
id0041,id0401,noisy,crop,0.274399,0.371937,0.004989,1,
id0041,id0402,noisy,crop,0.244332,0.299024,0.008327,1,
id0041,id0404,noisy,crop,0.243784,0.379177,0.010159,1,
id0041,id0411,noisy,crop,0.319543,0.409577,0.002886,1,
id0041,id0412,noisy,crop,0.251410,0.325163,0.010520,1,
id0041,id0418,noisy,crop,0.313515,0.332925,0.015830,1,
id0041,id0421,noisy,crop,0.320715,0.395851,0.008300,1,
id0041,id0422,noisy,crop,0.256495,0.371642,0.010800,1,
id0041,id0431,noisy,crop,0.308329,0.388656,0.010435,1,
id0041,id0437,noisy,crop,0.333974,0.533098,0.017286,1,
id0041,id0441,noisy,crop,0.224606,0.356573,0.009400,1,
id0041,id0447,noisy,crop,0.418971,0.519699,0.023314,1,
id0041,id0460,noisy,crop,0.253387,0.388413,0.009393,1,
id0041,id0462,noisy,crop,0.297771,0.377306,0.019419,1,
id0041,id0465,noisy,crop,0.272831,0.305477,0.003202,1,
id0041,id0466,noisy,crop,0.366379,0.476855,0.022189,1,
id0041,id0468,noisy,crop,0.369731,0.462169,0.002378,1,
id0041,id0470,noisy,crop,0.265050,0.321542,0.006147,1,
id0041,id0476,noisy,crop,0.353810,0.487902,0.021085,1,
id0041,id0486,noisy,crop,0.316573,0.472113,0.006893,1,
id0041,id0491,noisy,crop,0.299522,0.431201,0.017726,1,
id0041,id0498,noisy,crop,0.343671,0.461461,0.006920,1,
id0042,id0045,noisy,crop,0.336427,0.530437,0.012896,1,
id0042,id0048,noisy,crop,0.465875,0.618810,0.016899,1,
id0042,id0056,noisy,crop,0.385479,0.596712,0.012427,1,
id0042,id0062,noisy,crop,0.326056,0.404063,0.008560,1,
id0042,id0069,noisy,crop,0.412684,0.543954,0.011047,1,
id0042,id0071,noisy,crop,0.307223,0.517516,0.006110,1,
id0042,id0072,noisy,crop,0.333826,0.436583,0.016484,1,
id0042,id0075,noisy,crop,0.346963,0.419277,0.006428,1,
id0042,id0080,noisy,crop,0.271436,0.362176,0.005931,1,
id0042,id0081,noisy,crop,0.324743,0.549061,0.020323,1,
id0042,id0086,noisy,crop,0.375664,0.394942,0.015050,1,
id0042,id0088,noisy,crop,0.417882,0.498268,0.021179,1,
id0042,id0097,noisy,crop,0.473463,0.609861,0.011640,1,
id0042,id0100,noisy,crop,0.367709,0.467794,0.009485,1,
id0042,id0106,noisy,crop,0.372444,0.319665,0.012437,1,
id0042,id0107,noisy,crop,0.557782,0.764244,0.020351,1,
id0042,id0110,noisy,crop,0.442718,0.610249,0.011346,1,
id0042,id0113,noisy,crop,0.295061,0.412608,0.016767,1,
id0042,id0115,noisy,crop,0.300132,0.498292,0.012396,1,
id0042,id0130,noisy,crop,0.408083,0.634749,0.014542,1,
id0042,id0132,noisy,crop,0.382061,0.529954,0.017208,1,
id0042,id0136,noisy,crop,0.357258,0.512420,0.018375,1,
id0042,id0153,noisy,crop,0.499258,0.731411,0.028730,1,
id0042,id0161,noisy,crop,0.370256,0.488736,0.020751,1,
id0042,id0169,noisy,crop,0.355525,0.495837,0.016151,1,
id0042,id0182,noisy,crop,0.498335,0.687342,0.016510,1,
id0042,id0183,noisy,crop,0.623279,0.856142,0.028161,1,
id0042,id0186,noisy,crop,0.398544,0.476423,0.015846,1,
id0042,id0197,noisy,crop,0.400226,0.619383,0.012265,1,
id0042,id0199,noisy,crop,0.523902,0.835517,0.022736,1,
id0042,id0206,noisy,crop,0.288280,0.299987,0.006485,1,
id0042,id0207,noisy,crop,0.311823,0.534805,0.016220,1,
id0042,id0208,noisy,crop,0.441787,0.644168,0.023166,1,
id0042,id0212,noisy,crop,0.564634,0.674230,0.007894,1,
id0042,id0220,noisy,crop,0.449445,0.573459,0.010724,1,
id0042,id0222,noisy,crop,0.347747,0.577512,0.022265,1,
id0042,id0224,noisy,crop,0.381125,0.540591,0.018921,1,
id0042,id0233,noisy,crop,0.549986,0.771410,0.027107,1,
id0042,id0239,noisy,crop,0.301533,0.443314,0.009824,1,
id0042,id0242,noisy,crop,0.481578,0.545076,0.017762,1,
id0042,id0246,noisy,crop,0.292296,0.492071,0.011479,1,
id0042,id0258,noisy,crop,0.376492,0.546178,0.012057,1,
id0042,id0273,noisy,crop,0.460834,0.643117,0.014268,1,
id0042,id0275,noisy,crop,0.427674,0.680980,0.023890,1,
id0042,id0285,noisy,crop,0.389905,0.468983,0.018989,1,
id0042,id0290,noisy,crop,0.506682,0.907606,0.022744,1,
id0042,id0296,noisy,crop,0.433350,0.608765,0.028262,1,
id0042,id0299,noisy,crop,0.372160,0.580766,0.020129,1,
id0042,id0303,noisy,crop,0.522272,0.612520,0.019009,1,
id0042,id0319,noisy,crop,0.431601,0.558597,0.012072,1,
id0042,id0321,noisy,crop,0.481064,0.732673,0.019838,1,
id0042,id0326,noisy,crop,0.464806,0.702723,0.027290,1,
id0042,id0328,noisy,crop,0.515743,0.693818,0.020481,1,
id0042,id0330,noisy,crop,0.456262,0.666041,0.010362,1,
id0042,id0342,noisy,crop,0.428267,0.611270,0.015945,1,
id0042,id0346,noisy,crop,0.281269,0.441521,0.013810,1,
id0042,id0363,noisy,crop,0.417415,0.435061,0.009176,1,
id0042,id0367,noisy,crop,0.369618,0.570545,0.011725,1,
id0042,id0368,noisy,crop,0.420765,0.613681,0.027292,1,
id0042,id0369,noisy,crop,0.505157,0.795889,0.030458,1,
id0042,id0372,noisy,crop,0.382930,0.559154,0.018118,1,
id0042,id0373,noisy,crop,0.494883,0.778209,0.019470,1,
id0042,id0374,noisy,crop,0.572230,0.836287,0.011735,1,
id0042,id0378,noisy,crop,0.449078,0.625375,0.021464,1,
id0042,id0381,noisy,crop,0.359313,0.556079,0.020353,1,
id0042,id0382,noisy,crop,0.300237,0.407409,0.006701,1,
id0042,id0392,noisy,crop,0.343731,0.513109,0.011923,1,
id0042,id0396,noisy,crop,0.418163,0.466540,0.008612,1,
id0042,id0398,noisy,crop,0.431358,0.524381,0.009315,1,
id0042,id0399,noisy,crop,0.510588,0.701166,0.016263,1,
id0042,id0401,noisy,crop,0.430235,0.609370,0.010992,1,
id0042,id0402,noisy,crop,0.281000,0.451681,0.014069,1,
id0042,id0404,noisy,crop,0.277014,0.494027,0.016264,1,
id0042,id0411,noisy,crop,0.416605,0.554552,0.007169,1,
id0042,id0412,noisy,crop,0.294473,0.468001,0.017106,1,
id0042,id0418,noisy,crop,0.379658,0.527655,0.023397,1,
id0042,id0421,noisy,crop,0.376736,0.534088,0.013924,1,
id0042,id0422,noisy,crop,0.363246,0.540092,0.016924,1,
id0042,id0431,noisy,crop,0.397031,0.580340,0.017320,1,
id0042,id0437,noisy,crop,0.554747,0.859498,0.027323,1,
id0042,id0441,noisy,crop,0.396160,0.604232,0.016826,1,
id0042,id0447,noisy,crop,0.606141,0.785319,0.032462,1,
id0042,id0460,noisy,crop,0.348040,0.488233,0.015152,1,
id0042,id0462,noisy,crop,0.409793,0.518553,0.027318,1,
id0042,id0465,noisy,crop,0.396173,0.541208,0.007121,1,
id0042,id0466,noisy,crop,0.525120,0.752322,0.031500,1,
id0042,id0468,noisy,crop,0.326169,0.420958,0.004873,1,
id0042,id0470,noisy,crop,0.328483,0.429035,0.011137,1,
id0042,id0476,noisy,crop,0.510119,0.698654,0.028898,1,
id0042,id0486,noisy,crop,0.425984,0.592187,0.011284,1,
id0042,id0491,noisy,crop,0.469898,0.712474,0.026426,1,
id0042,id0498,noisy,crop,0.407352,0.658974,0.011815,1,
id0045,id0048,noisy,crop,0.287502,0.413408,0.008310,1,
id0045,id0056,noisy,crop,0.344228,0.442408,0.005649,1,
id0045,id0062,noisy,crop,0.386503,0.466505,0.004435,1,
id0045,id0069,noisy,crop,0.397357,0.502141,0.005518,1,
id0045,id0071,noisy,crop,0.349833,0.516596,0.002821,1,
id0045,id0072,noisy,crop,0.285301,0.370637,0.008579,1,
id0045,id0075,noisy,crop,0.297862,0.370476,0.002705,1,
id0045,id0080,noisy,crop,0.338093,0.442501,0.003169,1,
id0045,id0081,noisy,crop,0.271371,0.376734,0.012224,1,
id0045,id0086,noisy,crop,0.338372,0.445722,0.008488,1,
id0045,id0088,noisy,crop,0.371927,0.448686,0.012760,1,
id0045,id0097,noisy,crop,0.299338,0.347575,0.004863,1,
id0045,id0100,noisy,crop,0.297371,0.427413,0.004811,1,
id0045,id0106,noisy,crop,0.395645,0.468179,0.007601,1,
id0045,id0107,noisy,crop,0.365750,0.473748,0.010258,1,
id0045,id0110,noisy,crop,0.249484,0.353538,0.004540,1,
id0045,id0113,noisy,crop,0.307482,0.421682,0.009739,1,
id0045,id0115,noisy,crop,0.267676,0.311938,0.005944,1,
id0045,id0130,noisy,crop,0.243585,0.368635,0.006441,1,
id0045,id0132,noisy,crop,0.290786,0.304925,0.009094,1,
id0045,id0136,noisy,crop,0.303670,0.448079,0.010642,1,
id0045,id0153,noisy,crop,0.313757,0.470601,0.016313,1,
id0045,id0161,noisy,crop,0.260725,0.347554,0.011178,1,
id0045,id0169,noisy,crop,0.321935,0.441968,0.008577,1,
id0045,id0182,noisy,crop,0.281743,0.415165,0.007365,1,
id0045,id0183,noisy,crop,0.527420,0.684694,0.017970,1,
id0045,id0186,noisy,crop,0.307422,0.391625,0.007811,1,
id0045,id0197,noisy,crop,0.329408,0.444745,0.006366,1,
id0045,id0199,noisy,crop,0.414273,0.671488,0.012985,1,
id0045,id0206,noisy,crop,0.437701,0.551978,0.005394,1,
id0045,id0207,noisy,crop,0.285213,0.466848,0.008707,1,
id0045,id0208,noisy,crop,0.237292,0.345311,0.012127,1,
id0045,id0212,noisy,crop,0.390712,0.480029,0.003595,1,
id0045,id0220,noisy,crop,0.274262,0.350719,0.004430,1,
id0045,id0222,noisy,crop,0.236709,0.386445,0.012781,1,
id0045,id0224,noisy,crop,0.320364,0.469547,0.011047,1,
id0045,id0233,noisy,crop,0.437442,0.520200,0.015583,1,
id0045,id0239,noisy,crop,0.375975,0.565369,0.005564,1,
id0045,id0242,noisy,crop,0.388186,0.421226,0.008924,1,
id0045,id0246,noisy,crop,0.263212,0.342541,0.004654,1,
id0045,id0258,noisy,crop,0.256965,0.401116,0.005387,1,
id0045,id0273,noisy,crop,0.334678,0.448282,0.006881,1,
id0045,id0275,noisy,crop,0.246926,0.381339,0.012479,1,
id0045,id0285,noisy,crop,0.349620,0.429482,0.010417,1,
id0045,id0290,noisy,crop,0.366241,0.677327,0.013157,1,
id0045,id0296,noisy,crop,0.278435,0.327486,0.016527,1,
id0045,id0299,noisy,crop,0.220855,0.303096,0.010162,1,
id0045,id0303,noisy,crop,0.352359,0.372426,0.009564,1,
id0045,id0319,noisy,crop,0.270875,0.388914,0.005015,1,
id0045,id0321,noisy,crop,0.320844,0.484537,0.010896,1,
id0045,id0326,noisy,crop,0.401949,0.583717,0.017001,1,
id0045,id0328,noisy,crop,0.383525,0.476054,0.010243,1,
id0045,id0330,noisy,crop,0.305134,0.504782,0.004531,1,
id0045,id0342,noisy,crop,0.352240,0.476434,0.007805,1,
id0045,id0346,noisy,crop,0.300019,0.427123,0.007668,1,
id0045,id0363,noisy,crop,0.392962,0.308353,0.003861,1,
id0045,id0367,noisy,crop,0.366380,0.427447,0.005256,1,
id0045,id0368,noisy,crop,0.298567,0.417361,0.016375,1,
id0045,id0369,noisy,crop,0.367351,0.584037,0.018327,1,
id0045,id0372,noisy,crop,0.326787,0.392875,0.009528,1,
id0045,id0373,noisy,crop,0.366378,0.566204,0.010441,1,
id0045,id0374,noisy,crop,0.383201,0.520864,0.004498,1,
id0045,id0378,noisy,crop,0.254150,0.390373,0.010888,1,
id0045,id0381,noisy,crop,0.258406,0.385331,0.011541,1,
id0045,id0382,noisy,crop,0.284446,0.369118,0.002995,1,
id0045,id0392,noisy,crop,0.311929,0.402341,0.005641,1,
id0045,id0396,noisy,crop,0.416510,0.500693,0.004585,1,
id0045,id0398,noisy,crop,0.436278,0.584260,0.006363,1,
id0045,id0399,noisy,crop,0.325259,0.424508,0.007074,1,
id0045,id0401,noisy,crop,0.323145,0.474637,0.004203,1,
id0045,id0402,noisy,crop,0.207385,0.327926,0.006936,1,
id0045,id0404,noisy,crop,0.285472,0.478082,0.009613,1,
id0045,id0411,noisy,crop,0.295715,0.372794,0.002758,1,
id0045,id0412,noisy,crop,0.261970,0.413557,0.008836,1,
id0045,id0418,noisy,crop,0.302671,0.430409,0.013827,1,
id0045,id0421,noisy,crop,0.232628,0.297250,0.006024,1,
id0045,id0422,noisy,crop,0.308147,0.464869,0.009126,1,
id0045,id0431,noisy,crop,0.351367,0.512608,0.009888,1,
id0045,id0437,noisy,crop,0.378894,0.619906,0.014734,1,
id0045,id0441,noisy,crop,0.254725,0.383777,0.007888,1,
id0045,id0447,noisy,crop,0.442170,0.534341,0.019089,1,
id0045,id0460,noisy,crop,0.230295,0.322244,0.007211,1,
id0045,id0462,noisy,crop,0.358672,0.457053,0.017059,1,
id0045,id0465,noisy,crop,0.301942,0.368910,0.002950,1,
id0045,id0466,noisy,crop,0.356116,0.491232,0.018350,1,
id0045,id0468,noisy,crop,0.369224,0.532990,0.003246,1,
id0045,id0470,noisy,crop,0.338335,0.483477,0.006315,1,
id0045,id0476,noisy,crop,0.318406,0.445080,0.016504,1,
id0045,id0486,noisy,crop,0.362085,0.456098,0.005486,1,
id0045,id0491,noisy,crop,0.271567,0.418355,0.014414,1,
id0045,id0498,noisy,crop,0.208912,0.344509,0.004459,1,
id0048,id0056,noisy,crop,0.438283,0.542895,0.002277,1,
id0048,id0062,noisy,crop,0.483911,0.626807,0.002600,1,
id0048,id0069,noisy,crop,0.345378,0.370496,0.002269,1,
id0048,id0071,noisy,crop,0.480740,0.640482,0.002718,1,
id0048,id0072,noisy,crop,0.310490,0.386958,0.003862,1,
id0048,id0075,noisy,crop,0.351198,0.436531,0.001556,1,
id0048,id0080,noisy,crop,0.390122,0.543382,0.001922,1,
id0048,id0081,noisy,crop,0.318693,0.473469,0.005443,1,
id0048,id0086,noisy,crop,0.241506,0.433102,0.003667,1,
id0048,id0088,noisy,crop,0.289267,0.425148,0.006329,1,
id0048,id0097,noisy,crop,0.306803,0.432821,0.002313,1,
id0048,id0100,noisy,crop,0.267631,0.409817,0.002142,1,
id0048,id0106,noisy,crop,0.399369,0.465956,0.003493,1,
id0048,id0107,noisy,crop,0.314860,0.404428,0.004122,1,
id0048,id0110,noisy,crop,0.244179,0.324277,0.001613,1,
id0048,id0113,noisy,crop,0.317642,0.487157,0.004687,1,
id0048,id0115,noisy,crop,0.276086,0.317747,0.002159,1,
id0048,id0130,noisy,crop,0.348310,0.500023,0.002571,1,
id0048,id0132,noisy,crop,0.305165,0.422564,0.003703,1,
id0048,id0136,noisy,crop,0.321697,0.489491,0.004958,1,
id0048,id0153,noisy,crop,0.251430,0.419050,0.007842,1,
id0048,id0161,noisy,crop,0.217796,0.361047,0.004900,1,
id0048,id0169,noisy,crop,0.342159,0.438365,0.003770,1,
id0048,id0182,noisy,crop,0.227122,0.264913,0.002466,1,
id0048,id0183,noisy,crop,0.368527,0.437138,0.010361,1,
id0048,id0186,noisy,crop,0.241396,0.334330,0.003151,1,
id0048,id0197,noisy,crop,0.256626,0.300393,0.002867,1,
id0048,id0199,noisy,crop,0.258019,0.458505,0.006219,1,
id0048,id0206,noisy,crop,0.513226,0.661318,0.004228,1,
id0048,id0207,noisy,crop,0.315825,0.448097,0.003609,1,
id0048,id0208,noisy,crop,0.221554,0.378994,0.005456,1,
id0048,id0212,noisy,crop,0.394040,0.459511,0.002718,1,
id0048,id0220,noisy,crop,0.302711,0.376314,0.001730,1,
id0048,id0222,noisy,crop,0.265685,0.397279,0.006506,1,
id0048,id0224,noisy,crop,0.324869,0.406939,0.004753,1,
id0048,id0233,noisy,crop,0.357085,0.383751,0.007195,1,
id0048,id0239,noisy,crop,0.473281,0.579558,0.003179,1,
id0048,id0242,noisy,crop,0.320073,0.326509,0.003772,1,
id0048,id0246,noisy,crop,0.398357,0.514166,0.002042,1,
id0048,id0258,noisy,crop,0.300437,0.423405,0.002153,1,
id0048,id0273,noisy,crop,0.313359,0.383431,0.002270,1,
id0048,id0275,noisy,crop,0.284332,0.418896,0.005799,1,
id0048,id0285,noisy,crop,0.300510,0.348412,0.004691,1,
id0048,id0290,noisy,crop,0.284249,0.457337,0.005823,1,
id0048,id0296,noisy,crop,0.285846,0.420218,0.009619,1,
id0048,id0299,noisy,crop,0.239562,0.303498,0.004174,1,
id0048,id0303,noisy,crop,0.281518,0.386775,0.004597,1,
id0048,id0319,noisy,crop,0.330198,0.501406,0.002486,1,
id0048,id0321,noisy,crop,0.251356,0.410565,0.004750,1,
id0048,id0326,noisy,crop,0.310475,0.436306,0.008871,1,
id0048,id0328,noisy,crop,0.286185,0.377607,0.004221,1,
id0048,id0330,noisy,crop,0.320369,0.417663,0.002241,1,
id0048,id0342,noisy,crop,0.342756,0.422724,0.003503,1,
id0048,id0346,noisy,crop,0.327557,0.432137,0.003093,1,
id0048,id0363,noisy,crop,0.366916,0.294298,0.001607,1,
id0048,id0367,noisy,crop,0.368069,0.360422,0.002515,1,
id0048,id0368,noisy,crop,0.223973,0.309142,0.007874,1,
id0048,id0369,noisy,crop,0.231362,0.410139,0.009255,1,
id0048,id0372,noisy,crop,0.297083,0.364978,0.003716,1,
id0048,id0373,noisy,crop,0.263181,0.333046,0.004199,1,
id0048,id0374,noisy,crop,0.425324,0.466726,0.001454,1,
id0048,id0378,noisy,crop,0.233767,0.366730,0.004547,1,
id0048,id0381,noisy,crop,0.236921,0.252448,0.004837,1,
id0048,id0382,noisy,crop,0.379913,0.531360,0.002043,1,
id0048,id0392,noisy,crop,0.335533,0.406514,0.002425,1,
id0048,id0396,noisy,crop,0.328773,0.371023,0.001572,1,
id0048,id0398,noisy,crop,0.383245,0.575421,0.004298,1,
id0048,id0399,noisy,crop,0.282838,0.404369,0.002685,1,
id0048,id0401,noisy,crop,0.398819,0.525114,0.002370,1,
id0048,id0402,noisy,crop,0.269989,0.364632,0.002454,1,
id0048,id0404,noisy,crop,0.336293,0.489192,0.004434,1,
id0048,id0411,noisy,crop,0.411655,0.561666,0.002738,1,
id0048,id0412,noisy,crop,0.283665,0.422482,0.003661,1,
id0048,id0418,noisy,crop,0.315107,0.456154,0.007235,1,
id0048,id0421,noisy,crop,0.294029,0.399850,0.002122,1,
id0048,id0422,noisy,crop,0.264091,0.369253,0.003550,1,
id0048,id0431,noisy,crop,0.314791,0.481517,0.005006,1,
id0048,id0437,noisy,crop,0.317788,0.515733,0.007516,1,
id0048,id0441,noisy,crop,0.317408,0.470676,0.003964,1,
id0048,id0447,noisy,crop,0.307848,0.396616,0.010584,1,
id0048,id0460,noisy,crop,0.261791,0.360127,0.002526,1,
id0048,id0462,noisy,crop,0.288409,0.383796,0.008551,1,
id0048,id0465,noisy,crop,0.350048,0.476175,0.001772,1,
id0048,id0466,noisy,crop,0.257934,0.372686,0.009796,1,
id0048,id0468,noisy,crop,0.424240,0.646685,0.003518,1,
id0048,id0470,noisy,crop,0.351409,0.524343,0.003225,1,
id0048,id0476,noisy,crop,0.201524,0.322178,0.008819,1,
id0048,id0486,noisy,crop,0.371131,0.491261,0.001688,1,
id0048,id0491,noisy,crop,0.242828,0.372679,0.006909,1,
id0048,id0498,noisy,crop,0.357248,0.463834,0.001514,1,
id0056,id0062,noisy,crop,0.376901,0.385103,0.007428,1,
id0056,id0069,noisy,crop,0.440619,0.609107,0.009433,1,
id0056,id0071,noisy,crop,0.370268,0.388216,0.004456,1,
id0056,id0072,noisy,crop,0.364177,0.407314,0.014054,1,
id0056,id0075,noisy,crop,0.331446,0.288290,0.005456,1,
id0056,id0080,noisy,crop,0.380890,0.401171,0.005443,1,
id0056,id0081,noisy,crop,0.343343,0.357704,0.018728,1,
id0056,id0086,noisy,crop,0.441969,0.485256,0.013958,1,
id0056,id0088,noisy,crop,0.354732,0.444174,0.019879,1,
id0056,id0097,noisy,crop,0.292466,0.365652,0.009086,1,
id0056,id0100,noisy,crop,0.389169,0.476874,0.008215,1,
id0056,id0106,noisy,crop,0.406965,0.456235,0.011716,1,
id0056,id0107,noisy,crop,0.377795,0.563875,0.017307,1,
id0056,id0110,noisy,crop,0.352546,0.438822,0.008988,1,
id0056,id0113,noisy,crop,0.361790,0.393981,0.014983,1,
id0056,id0115,noisy,crop,0.364146,0.426723,0.010209,1,
id0056,id0130,noisy,crop,0.277351,0.421015,0.012187,1,
id0056,id0132,noisy,crop,0.281528,0.332237,0.015132,1,
id0056,id0136,noisy,crop,0.346134,0.473209,0.016657,1,
id0056,id0153,noisy,crop,0.333013,0.476959,0.024963,1,
id0056,id0161,noisy,crop,0.352165,0.399226,0.018104,1,
id0056,id0169,noisy,crop,0.370065,0.416330,0.013847,1,
id0056,id0182,noisy,crop,0.387574,0.521287,0.013499,1,
id0056,id0183,noisy,crop,0.544717,0.793410,0.026802,1,
id0056,id0186,noisy,crop,0.355161,0.409429,0.013386,1,
id0056,id0197,noisy,crop,0.398900,0.546503,0.011257,1,
id0056,id0199,noisy,crop,0.494607,0.755382,0.020571,1,
id0056,id0206,noisy,crop,0.481995,0.469070,0.007080,1,
id0056,id0207,noisy,crop,0.334750,0.362854,0.014456,1,
id0056,id0208,noisy,crop,0.352088,0.427709,0.020060,1,
id0056,id0212,noisy,crop,0.454501,0.602061,0.006262,1,
id0056,id0220,noisy,crop,0.277874,0.354099,0.008479,1,
id0056,id0222,noisy,crop,0.369639,0.424320,0.020313,1,
id0056,id0224,noisy,crop,0.402003,0.404185,0.016740,1,
id0056,id0233,noisy,crop,0.363359,0.553152,0.024188,1,
id0056,id0239,noisy,crop,0.484794,0.502709,0.008158,1,
id0056,id0242,noisy,crop,0.394697,0.466627,0.015182,1,
id0056,id0246,noisy,crop,0.333073,0.220017,0.008636,1,
id0056,id0258,noisy,crop,0.280350,0.346930,0.009806,1,
id0056,id0273,noisy,crop,0.286455,0.404739,0.011804,1,
id0056,id0275,noisy,crop,0.261166,0.417848,0.020390,1,
id0056,id0285,noisy,crop,0.425434,0.509329,0.016841,1,
id0056,id0290,noisy,crop,0.442366,0.774259,0.020412,1,
id0056,id0296,noisy,crop,0.315024,0.405424,0.025411,1,
id0056,id0299,noisy,crop,0.322750,0.391294,0.016898,1,
id0056,id0303,noisy,crop,0.394272,0.451992,0.015894,1,
id0056,id0319,noisy,crop,0.404763,0.451628,0.009347,1,
id0056,id0321,noisy,crop,0.400512,0.549117,0.017765,1,
id0056,id0326,noisy,crop,0.525360,0.706858,0.025516,1,
id0056,id0328,noisy,crop,0.412178,0.562168,0.016839,1,
id0056,id0330,noisy,crop,0.344997,0.478227,0.007631,1,
id0056,id0342,noisy,crop,0.354387,0.458587,0.012735,1,
id0056,id0346,noisy,crop,0.353845,0.355363,0.012487,1,
id0056,id0363,noisy,crop,0.356006,0.372846,0.007334,1,
id0056,id0367,noisy,crop,0.474675,0.519000,0.009742,1,
id0056,id0368,noisy,crop,0.382223,0.505605,0.025050,1,
id0056,id0369,noisy,crop,0.450246,0.676755,0.027368,1,
id0056,id0372,noisy,crop,0.510124,0.479128,0.015529,1,
id0056,id0373,noisy,crop,0.453250,0.656896,0.017286,1,
id0056,id0374,noisy,crop,0.369216,0.550569,0.009027,1,
id0056,id0378,noisy,crop,0.405643,0.416673,0.018114,1,
id0056,id0381,noisy,crop,0.438852,0.483861,0.018376,1,
id0056,id0382,noisy,crop,0.313622,0.334701,0.005593,1,
id0056,id0392,noisy,crop,0.297031,0.354525,0.010048,1,
id0056,id0396,noisy,crop,0.396366,0.520208,0.007470,1,
id0056,id0398,noisy,crop,0.513522,0.620203,0.008857,1,
id0056,id0399,noisy,crop,0.312966,0.462068,0.013167,1,
id0056,id0401,noisy,crop,0.297310,0.399966,0.007916,1,
id0056,id0402,noisy,crop,0.353860,0.341773,0.012142,1,
id0056,id0404,noisy,crop,0.346941,0.374381,0.014543,1,
id0056,id0411,noisy,crop,0.249507,0.292573,0.004676,1,
id0056,id0412,noisy,crop,0.403825,0.451192,0.015122,1,
id0056,id0418,noisy,crop,0.502081,0.517364,0.021448,1,
id0056,id0421,noisy,crop,0.310877,0.373051,0.011371,1,
id0056,id0422,noisy,crop,0.346207,0.458877,0.014909,1,
id0056,id0431,noisy,crop,0.441563,0.593375,0.015425,1,
id0056,id0437,noisy,crop,0.504833,0.674412,0.022654,1,
id0056,id0441,noisy,crop,0.253403,0.351234,0.013238,1,
id0056,id0447,noisy,crop,0.496477,0.681809,0.029312,1,
id0056,id0460,noisy,crop,0.292056,0.348058,0.012853,1,
id0056,id0462,noisy,crop,0.387965,0.523285,0.025338,1,
id0056,id0465,noisy,crop,0.272214,0.325369,0.005593,1,
id0056,id0466,noisy,crop,0.414345,0.616525,0.027678,1,
id0056,id0468,noisy,crop,0.408171,0.494522,0.004350,1,
id0056,id0470,noisy,crop,0.417933,0.450127,0.009841,1,
id0056,id0476,noisy,crop,0.417040,0.576454,0.026014,1,
id0056,id0486,noisy,crop,0.273303,0.414941,0.010014,1,
id0056,id0491,noisy,crop,0.366892,0.466217,0.022261,1,
id0056,id0498,noisy,crop,0.286481,0.393108,0.009437,1,
id0062,id0069,noisy,crop,0.443103,0.655725,0.010332,1,
id0062,id0071,noisy,crop,0.346447,0.490227,0.005083,1,
id0062,id0072,noisy,crop,0.355807,0.470345,0.014919,1,
id0062,id0075,noisy,crop,0.386993,0.425844,0.006093,1,
id0062,id0080,noisy,crop,0.219021,0.261425,0.005612,1,
id0062,id0081,noisy,crop,0.341269,0.476432,0.019187,1,
id0062,id0086,noisy,crop,0.409844,0.469673,0.014043,1,
id0062,id0088,noisy,crop,0.471360,0.507396,0.020376,1,
id0062,id0097,noisy,crop,0.439750,0.533112,0.010359,1,
id0062,id0100,noisy,crop,0.363022,0.472344,0.008503,1,
id0062,id0106,noisy,crop,0.379588,0.376924,0.012087,1,
id0062,id0107,noisy,crop,0.565660,0.739411,0.018840,1,
id0062,id0110,noisy,crop,0.433277,0.573997,0.010316,1,
id0062,id0113,noisy,crop,0.312935,0.386202,0.015632,1,
id0062,id0115,noisy,crop,0.351401,0.502060,0.011590,1,
id0062,id0130,noisy,crop,0.366714,0.486703,0.012799,1,
id0062,id0132,noisy,crop,0.362698,0.473526,0.016197,1,
id0062,id0136,noisy,crop,0.330940,0.403962,0.016855,1,
id0062,id0153,noisy,crop,0.523883,0.717785,0.027278,1,
id0062,id0161,noisy,crop,0.415119,0.531630,0.019834,1,
id0062,id0169,noisy,crop,0.381687,0.470847,0.014994,1,
id0062,id0182,noisy,crop,0.495608,0.677953,0.015169,1,
id0062,id0183,noisy,crop,0.670635,0.889033,0.027260,1,
id0062,id0186,noisy,crop,0.422612,0.505986,0.014434,1,
id0062,id0197,noisy,crop,0.483377,0.627379,0.011584,1,
id0062,id0199,noisy,crop,0.574050,0.855862,0.021312,1,
id0062,id0206,noisy,crop,0.317060,0.327098,0.006547,1,
id0062,id0207,noisy,crop,0.355943,0.488345,0.015441,1,
id0062,id0208,noisy,crop,0.432306,0.583736,0.021323,1,
id0062,id0212,noisy,crop,0.550038,0.613094,0.006742,1,
id0062,id0220,noisy,crop,0.418511,0.502142,0.009242,1,
id0062,id0222,noisy,crop,0.420020,0.533156,0.020814,1,
id0062,id0224,noisy,crop,0.430335,0.583201,0.018011,1,
id0062,id0233,noisy,crop,0.560467,0.751624,0.026137,1,
id0062,id0239,noisy,crop,0.380804,0.551815,0.009247,1,
id0062,id0242,noisy,crop,0.486489,0.596894,0.016925,1,
id0062,id0246,noisy,crop,0.304779,0.413965,0.010076,1,
id0062,id0258,noisy,crop,0.415078,0.541725,0.011104,1,
id0062,id0273,noisy,crop,0.416794,0.618217,0.013019,1,
id0062,id0275,noisy,crop,0.407963,0.583239,0.022012,1,
id0062,id0285,noisy,crop,0.432096,0.516454,0.018206,1,
id0062,id0290,noisy,crop,0.590795,0.919054,0.021928,1,
id0062,id0296,noisy,crop,0.439463,0.545111,0.025882,1,
id0062,id0299,noisy,crop,0.362506,0.519151,0.018344,1,
id0062,id0303,noisy,crop,0.447433,0.551584,0.016654,1,
id0062,id0319,noisy,crop,0.387199,0.423066,0.009847,1,
id0062,id0321,noisy,crop,0.521564,0.711435,0.018480,1,
id0062,id0326,noisy,crop,0.493024,0.685350,0.025715,1,
id0062,id0328,noisy,crop,0.530132,0.730334,0.019050,1,
id0062,id0330,noisy,crop,0.410918,0.612452,0.008545,1,
id0062,id0342,noisy,crop,0.375566,0.561351,0.013791,1,
id0062,id0346,noisy,crop,0.361082,0.464086,0.013714,1,
id0062,id0363,noisy,crop,0.331116,0.421051,0.008077,1,
id0062,id0367,noisy,crop,0.394008,0.588053,0.010653,1,
id0062,id0368,noisy,crop,0.433209,0.573211,0.025698,1,
id0062,id0369,noisy,crop,0.540623,0.799329,0.028936,1,
id0062,id0372,noisy,crop,0.435021,0.584173,0.016645,1,
id0062,id0373,noisy,crop,0.540448,0.789338,0.018370,1,
id0062,id0374,noisy,crop,0.612639,0.786152,0.010780,1,
id0062,id0378,noisy,crop,0.429316,0.603794,0.020014,1,
id0062,id0381,noisy,crop,0.424752,0.562400,0.019125,1,
id0062,id0382,noisy,crop,0.318633,0.311471,0.006122,1,
id0062,id0392,noisy,crop,0.397195,0.526446,0.011200,1,
id0062,id0396,noisy,crop,0.433962,0.556232,0.008314,1,
id0062,id0398,noisy,crop,0.441859,0.552662,0.008697,1,
id0062,id0399,noisy,crop,0.480430,0.616548,0.014466,1,
id0062,id0401,noisy,crop,0.444639,0.601542,0.009615,1,
id0062,id0402,noisy,crop,0.314802,0.405926,0.012906,1,
id0062,id0404,noisy,crop,0.274250,0.402422,0.014816,1,
id0062,id0411,noisy,crop,0.348128,0.420236,0.005635,1,
id0062,id0412,noisy,crop,0.367796,0.461737,0.015942,1,
id0062,id0418,noisy,crop,0.426949,0.558678,0.022026,1,
id0062,id0421,noisy,crop,0.358609,0.459948,0.012749,1,
id0062,id0422,noisy,crop,0.358827,0.523988,0.015686,1,
id0062,id0431,noisy,crop,0.410400,0.568802,0.016063,1,
id0062,id0437,noisy,crop,0.571993,0.873405,0.025344,1,
id0062,id0441,noisy,crop,0.342496,0.523700,0.014696,1,
id0062,id0447,noisy,crop,0.636419,0.770603,0.030411,1,
id0062,id0460,noisy,crop,0.329556,0.426922,0.013778,1,
id0062,id0462,noisy,crop,0.433712,0.505102,0.026065,1,
id0062,id0465,noisy,crop,0.401769,0.473020,0.006380,1,
id0062,id0466,noisy,crop,0.544822,0.700523,0.028874,1,
id0062,id0468,noisy,crop,0.256785,0.377490,0.004201,1,
id0062,id0470,noisy,crop,0.358195,0.445424,0.009842,1,
id0062,id0476,noisy,crop,0.544809,0.680189,0.027026,1,
id0062,id0486,noisy,crop,0.445742,0.523952,0.010844,1,
id0062,id0491,noisy,crop,0.504189,0.697185,0.024752,1,
id0062,id0498,noisy,crop,0.428824,0.593104,0.010734,1,
id0069,id0071,noisy,crop,0.441094,0.593790,0.002522,1,
id0069,id0072,noisy,crop,0.258222,0.361160,0.007469,1,
id0069,id0075,noisy,crop,0.390255,0.442403,0.002420,1,
id0069,id0080,noisy,crop,0.342138,0.442455,0.002033,1,
id0069,id0081,noisy,crop,0.350090,0.539902,0.011493,1,
id0069,id0086,noisy,crop,0.277277,0.340079,0.007149,1,
id0069,id0088,noisy,crop,0.313297,0.452345,0.011425,1,
id0069,id0097,noisy,crop,0.397299,0.562304,0.005404,1,
id0069,id0100,noisy,crop,0.313812,0.385051,0.003897,1,
id0069,id0106,noisy,crop,0.229812,0.314588,0.005344,1,
id0069,id0107,noisy,crop,0.462823,0.628070,0.010502,1,
id0069,id0110,noisy,crop,0.354888,0.480632,0.004476,1,
id0069,id0113,noisy,crop,0.278204,0.399586,0.008019,1,
id0069,id0115,noisy,crop,0.319243,0.357369,0.005699,1,
id0069,id0130,noisy,crop,0.416187,0.624945,0.007283,1,
id0069,id0132,noisy,crop,0.358432,0.498866,0.008991,1,
id0069,id0136,noisy,crop,0.310414,0.481228,0.008965,1,
id0069,id0153,noisy,crop,0.374085,0.617010,0.016459,1,
id0069,id0161,noisy,crop,0.326816,0.396310,0.010865,1,
id0069,id0169,noisy,crop,0.330511,0.424791,0.007219,1,
id0069,id0182,noisy,crop,0.407728,0.508486,0.007417,1,
id0069,id0183,noisy,crop,0.421016,0.626598,0.017027,1,
id0069,id0186,noisy,crop,0.259704,0.349265,0.006761,1,
id0069,id0197,noisy,crop,0.379855,0.437410,0.006061,1,
id0069,id0199,noisy,crop,0.347491,0.611961,0.011718,1,
id0069,id0206,noisy,crop,0.453438,0.477056,0.003298,1,
id0069,id0207,noisy,crop,0.332020,0.516011,0.007783,1,
id0069,id0208,noisy,crop,0.365978,0.565575,0.012666,1,
id0069,id0212,noisy,crop,0.498906,0.550865,0.003568,1,
id0069,id0220,noisy,crop,0.416348,0.511300,0.004474,1,
id0069,id0222,noisy,crop,0.365949,0.506279,0.012099,1,
id0069,id0224,noisy,crop,0.344041,0.467390,0.009250,1,
id0069,id0233,noisy,crop,0.379618,0.615959,0.015229,1,
id0069,id0239,noisy,crop,0.431149,0.434076,0.004048,1,
id0069,id0242,noisy,crop,0.285744,0.418574,0.008355,1,
id0069,id0246,noisy,crop,0.429552,0.527559,0.005056,1,
id0069,id0258,noisy,crop,0.360010,0.509330,0.005363,1,
id0069,id0273,noisy,crop,0.377400,0.549976,0.006355,1,
id0069,id0275,noisy,crop,0.420775,0.600088,0.013176,1,
id0069,id0285,noisy,crop,0.204085,0.286504,0.009317,1,
id0069,id0290,noisy,crop,0.455438,0.690533,0.012625,1,
id0069,id0296,noisy,crop,0.423024,0.557784,0.017135,1,
id0069,id0299,noisy,crop,0.290111,0.444020,0.009683,1,
id0069,id0303,noisy,crop,0.410429,0.498930,0.009531,1,
id0069,id0319,noisy,crop,0.437539,0.546128,0.005473,1,
id0069,id0321,noisy,crop,0.429392,0.612110,0.010735,1,
id0069,id0326,noisy,crop,0.304822,0.499337,0.014890,1,
id0069,id0328,noisy,crop,0.316366,0.523907,0.010108,1,
id0069,id0330,noisy,crop,0.423357,0.546706,0.004397,1,
id0069,id0342,noisy,crop,0.304763,0.487660,0.006738,1,
id0069,id0346,noisy,crop,0.298486,0.410957,0.006396,1,
id0069,id0363,noisy,crop,0.286404,0.307230,0.003063,1,
id0069,id0367,noisy,crop,0.327047,0.378725,0.004282,1,
id0069,id0368,noisy,crop,0.317670,0.461229,0.015347,1,
id0069,id0369,noisy,crop,0.340875,0.594880,0.017586,1,
id0069,id0372,noisy,crop,0.412866,0.415492,0.008911,1,
id0069,id0373,noisy,crop,0.348386,0.572289,0.009783,1,
id0069,id0374,noisy,crop,0.577704,0.724100,0.005286,1,
id0069,id0378,noisy,crop,0.375997,0.541238,0.011137,1,
id0069,id0381,noisy,crop,0.354062,0.386649,0.010826,1,
id0069,id0382,noisy,crop,0.327783,0.479058,0.002774,1,
id0069,id0392,noisy,crop,0.349905,0.460037,0.005030,1,
id0069,id0396,noisy,crop,0.257624,0.342394,0.003202,1,
id0069,id0398,noisy,crop,0.365861,0.466036,0.004601,1,
id0069,id0399,noisy,crop,0.381619,0.607967,0.007572,1,
id0069,id0401,noisy,crop,0.423652,0.579292,0.004348,1,
id0069,id0402,noisy,crop,0.334300,0.403342,0.006356,1,
id0069,id0404,noisy,crop,0.336138,0.498667,0.008333,1,
id0069,id0411,noisy,crop,0.397559,0.584931,0.003204,1,
id0069,id0412,noisy,crop,0.292253,0.421863,0.008207,1,
id0069,id0418,noisy,crop,0.401517,0.441886,0.012694,1,
id0069,id0421,noisy,crop,0.340214,0.482529,0.006304,1,
id0069,id0422,noisy,crop,0.236142,0.427903,0.007530,1,
id0069,id0431,noisy,crop,0.291882,0.464957,0.008442,1,
id0069,id0437,noisy,crop,0.475594,0.694491,0.015495,1,
id0069,id0441,noisy,crop,0.387647,0.559728,0.008056,1,
id0069,id0447,noisy,crop,0.427418,0.593843,0.018889,1,
id0069,id0460,noisy,crop,0.320435,0.448884,0.006870,1,
id0069,id0462,noisy,crop,0.264732,0.397213,0.015664,1,
id0069,id0465,noisy,crop,0.415952,0.540833,0.002986,1,
id0069,id0466,noisy,crop,0.386398,0.558804,0.017949,1,
id0069,id0468,noisy,crop,0.356952,0.491109,0.002046,1,
id0069,id0470,noisy,crop,0.330985,0.426170,0.004542,1,
id0069,id0476,noisy,crop,0.365774,0.533206,0.016461,1,
id0069,id0486,noisy,crop,0.345283,0.577549,0.004789,1,
id0069,id0491,noisy,crop,0.420281,0.583428,0.015163,1,
id0069,id0498,noisy,crop,0.453549,0.620622,0.005259,1,
id0071,id0072,noisy,crop,0.299783,0.344186,0.017248,1,
id0071,id0075,noisy,crop,0.262625,0.324562,0.007605,1,
id0071,id0080,noisy,crop,0.354582,0.466449,0.007995,1,
id0071,id0081,noisy,crop,0.361211,0.560263,0.023843,1,
id0071,id0086,noisy,crop,0.406848,0.419962,0.016864,1,
id0071,id0088,noisy,crop,0.484030,0.521581,0.024460,1,
id0071,id0097,noisy,crop,0.405221,0.397168,0.011803,1,
id0071,id0100,noisy,crop,0.303929,0.379447,0.010330,1,
id0071,id0106,noisy,crop,0.409813,0.450386,0.014898,1,
id0071,id0107,noisy,crop,0.536584,0.602787,0.021572,1,
id0071,id0110,noisy,crop,0.369964,0.473429,0.012258,1,
id0071,id0113,noisy,crop,0.316349,0.369209,0.018009,1,
id0071,id0115,noisy,crop,0.382236,0.511219,0.014543,1,
id0071,id0130,noisy,crop,0.404122,0.571804,0.016186,1,
id0071,id0132,noisy,crop,0.372492,0.430080,0.019418,1,
id0071,id0136,noisy,crop,0.424870,0.499332,0.020438,1,
id0071,id0153,noisy,crop,0.483948,0.591117,0.030942,1,
id0071,id0161,noisy,crop,0.366012,0.408959,0.022435,1,
id0071,id0169,noisy,crop,0.316726,0.345374,0.017181,1,
id0071,id0182,noisy,crop,0.430369,0.580123,0.017871,1,
id0071,id0183,noisy,crop,0.681603,0.848666,0.031891,1,
id0071,id0186,noisy,crop,0.363485,0.409683,0.016876,1,
id0071,id0197,noisy,crop,0.466983,0.616498,0.015235,1,
id0071,id0199,noisy,crop,0.526335,0.756499,0.024809,1,
id0071,id0206,noisy,crop,0.365530,0.451470,0.008593,1,
id0071,id0207,noisy,crop,0.323273,0.493938,0.018784,1,
id0071,id0208,noisy,crop,0.421935,0.566872,0.025251,1,
id0071,id0212,noisy,crop,0.509303,0.515207,0.007901,1,
id0071,id0220,noisy,crop,0.423956,0.441237,0.011401,1,
id0071,id0222,noisy,crop,0.379599,0.515148,0.024771,1,
id0071,id0224,noisy,crop,0.295730,0.453291,0.020891,1,
id0071,id0233,noisy,crop,0.524181,0.660250,0.030180,1,
id0071,id0239,noisy,crop,0.270001,0.365920,0.010163,1,
id0071,id0242,noisy,crop,0.447505,0.509925,0.019555,1,
id0071,id0246,noisy,crop,0.234918,0.291297,0.011792,1,
id0071,id0258,noisy,crop,0.334649,0.383381,0.013016,1,
id0071,id0273,noisy,crop,0.355105,0.465688,0.015495,1,
id0071,id0275,noisy,crop,0.415485,0.546001,0.025590,1,
id0071,id0285,noisy,crop,0.432372,0.506747,0.021367,1,
id0071,id0290,noisy,crop,0.487352,0.826936,0.025873,1,
id0071,id0296,noisy,crop,0.457201,0.497677,0.029678,1,
id0071,id0299,noisy,crop,0.365758,0.477873,0.021594,1,
id0071,id0303,noisy,crop,0.451734,0.401274,0.018797,1,
id0071,id0319,noisy,crop,0.393328,0.400620,0.011586,1,
id0071,id0321,noisy,crop,0.462670,0.609240,0.022055,1,
id0071,id0326,noisy,crop,0.516046,0.694524,0.030081,1,
id0071,id0328,noisy,crop,0.438303,0.508907,0.021023,1,
id0071,id0330,noisy,crop,0.350224,0.456104,0.010069,1,
id0071,id0342,noisy,crop,0.293472,0.393931,0.015496,1,
id0071,id0346,noisy,crop,0.313642,0.384522,0.016472,1,
id0071,id0363,noisy,crop,0.410181,0.451791,0.010533,1,
id0071,id0367,noisy,crop,0.338577,0.525437,0.012887,1,
id0071,id0368,noisy,crop,0.447870,0.575346,0.030555,1,
id0071,id0369,noisy,crop,0.506328,0.677216,0.032752,1,
id0071,id0372,noisy,crop,0.353867,0.437754,0.019257,1,
id0071,id0373,noisy,crop,0.493559,0.754936,0.022435,1,
id0071,id0374,noisy,crop,0.556941,0.686050,0.012925,1,
id0071,id0378,noisy,crop,0.361339,0.458489,0.022476,1,
id0071,id0381,noisy,crop,0.382528,0.572380,0.023480,1,
id0071,id0382,noisy,crop,0.312856,0.334063,0.007593,1,
id0071,id0392,noisy,crop,0.300925,0.403136,0.013129,1,
id0071,id0396,noisy,crop,0.447874,0.530398,0.010559,1,
id0071,id0398,noisy,crop,0.422379,0.504555,0.010223,1,
id0071,id0399,noisy,crop,0.455137,0.532546,0.016910,1,
id0071,id0401,noisy,crop,0.301773,0.305537,0.009997,1,
id0071,id0402,noisy,crop,0.306068,0.398924,0.015956,1,
id0071,id0404,noisy,crop,0.269247,0.402549,0.017824,1,
id0071,id0411,noisy,crop,0.339228,0.335340,0.006333,1,
id0071,id0412,noisy,crop,0.334942,0.395832,0.018468,1,
id0071,id0418,noisy,crop,0.419520,0.516945,0.025406,1,
id0071,id0421,noisy,crop,0.371255,0.471150,0.015578,1,
id0071,id0422,noisy,crop,0.332387,0.488258,0.018835,1,
id0071,id0431,noisy,crop,0.380381,0.483273,0.018248,1,
id0071,id0437,noisy,crop,0.408987,0.617439,0.026964,1,
id0071,id0441,noisy,crop,0.295547,0.340402,0.016308,1,
id0071,id0447,noisy,crop,0.612899,0.682280,0.033997,1,
id0071,id0460,noisy,crop,0.339201,0.463656,0.016891,1,
id0071,id0462,noisy,crop,0.485067,0.539514,0.030653,1,
id0071,id0465,noisy,crop,0.321046,0.318385,0.007648,1,
id0071,id0466,noisy,crop,0.552442,0.668450,0.033184,1,
id0071,id0468,noisy,crop,0.332194,0.395679,0.005024,1,
id0071,id0470,noisy,crop,0.286733,0.354238,0.011729,1,
id0071,id0476,noisy,crop,0.541665,0.655799,0.031468,1,
id0071,id0486,noisy,crop,0.475565,0.589181,0.014089,1,
id0071,id0491,noisy,crop,0.411589,0.560857,0.028008,1,
id0071,id0498,noisy,crop,0.366499,0.562182,0.013359,1,
id0072,id0075,noisy,crop,0.301250,0.296169,0.002306,1,
id0072,id0080,noisy,crop,0.302650,0.379177,0.002289,1,
id0072,id0081,noisy,crop,0.270803,0.440326,0.012300,1,
id0072,id0086,noisy,crop,0.237997,0.280166,0.007499,1,
id0072,id0088,noisy,crop,0.313431,0.378794,0.012638,1,
id0072,id0097,noisy,crop,0.320510,0.389099,0.004916,1,
id0072,id0100,noisy,crop,0.238635,0.279493,0.003693,1,
id0072,id0106,noisy,crop,0.262689,0.298606,0.006165,1,
id0072,id0107,noisy,crop,0.400233,0.489303,0.010762,1,
id0072,id0110,noisy,crop,0.273224,0.331808,0.004582,1,
id0072,id0113,noisy,crop,0.180049,0.295543,0.008319,1,
id0072,id0115,noisy,crop,0.257836,0.317521,0.006006,1,
id0072,id0130,noisy,crop,0.359615,0.504355,0.007409,1,
id0072,id0132,noisy,crop,0.303943,0.368443,0.009132,1,
id0072,id0136,noisy,crop,0.297459,0.361276,0.009750,1,
id0072,id0153,noisy,crop,0.320904,0.501331,0.017082,1,
id0072,id0161,noisy,crop,0.268716,0.308247,0.011255,1,
id0072,id0169,noisy,crop,0.249544,0.301260,0.007480,1,
id0072,id0182,noisy,crop,0.340612,0.402045,0.008021,1,
id0072,id0183,noisy,crop,0.483623,0.614947,0.018722,1,
id0072,id0186,noisy,crop,0.186488,0.296202,0.007279,1,
id0072,id0197,noisy,crop,0.316954,0.379560,0.006539,1,
id0072,id0199,noisy,crop,0.344705,0.559814,0.012621,1,
id0072,id0206,noisy,crop,0.401810,0.445060,0.003380,1,
id0072,id0207,noisy,crop,0.255162,0.415321,0.008463,1,
id0072,id0208,noisy,crop,0.301914,0.444304,0.013167,1,
id0072,id0212,noisy,crop,0.442645,0.395182,0.003237,1,
id0072,id0220,noisy,crop,0.300834,0.335036,0.004104,1,
id0072,id0222,noisy,crop,0.257251,0.374790,0.012843,1,
id0072,id0224,noisy,crop,0.255420,0.372400,0.009971,1,
id0072,id0233,noisy,crop,0.422378,0.532174,0.016403,1,
id0072,id0239,noisy,crop,0.320836,0.406097,0.003847,1,
id0072,id0242,noisy,crop,0.336495,0.374418,0.009114,1,
id0072,id0246,noisy,crop,0.274838,0.397061,0.004562,1,
id0072,id0258,noisy,crop,0.247336,0.351770,0.005187,1,
id0072,id0273,noisy,crop,0.275753,0.403971,0.006475,1,
id0072,id0275,noisy,crop,0.320075,0.466025,0.013511,1,
id0072,id0285,noisy,crop,0.270181,0.294906,0.010073,1,
id0072,id0290,noisy,crop,0.368654,0.610911,0.013635,1,
id0072,id0296,noisy,crop,0.296680,0.407350,0.017313,1,
id0072,id0299,noisy,crop,0.229323,0.331376,0.010204,1,
id0072,id0303,noisy,crop,0.348259,0.338571,0.009153,1,
id0072,id0319,noisy,crop,0.333780,0.361133,0.004786,1,
id0072,id0321,noisy,crop,0.344545,0.482285,0.011022,1,
id0072,id0326,noisy,crop,0.350768,0.460900,0.016193,1,
id0072,id0328,noisy,crop,0.289243,0.432537,0.010245,1,
id0072,id0330,noisy,crop,0.281095,0.382188,0.003717,1,
id0072,id0342,noisy,crop,0.231432,0.352950,0.006520,1,
id0072,id0346,noisy,crop,0.230351,0.318214,0.006867,1,
id0072,id0363,noisy,crop,0.332678,0.307385,0.003626,1,
id0072,id0367,noisy,crop,0.275464,0.351449,0.004886,1,
id0072,id0368,noisy,crop,0.310890,0.385978,0.016506,1,
id0072,id0369,noisy,crop,0.317430,0.496302,0.018364,1,
id0072,id0372,noisy,crop,0.273376,0.318484,0.008851,1,
id0072,id0373,noisy,crop,0.346549,0.533413,0.011186,1,
id0072,id0374,noisy,crop,0.491988,0.581442,0.005504,1,
id0072,id0378,noisy,crop,0.306027,0.414901,0.011451,1,
id0072,id0381,noisy,crop,0.279127,0.360740,0.011605,1,
id0072,id0382,noisy,crop,0.253523,0.339255,0.002399,1,
id0072,id0392,noisy,crop,0.287126,0.348909,0.005294,1,
id0072,id0396,noisy,crop,0.299279,0.375023,0.003783,1,
id0072,id0398,noisy,crop,0.298384,0.384947,0.004226,1,
id0072,id0399,noisy,crop,0.334676,0.458006,0.007662,1,
id0072,id0401,noisy,crop,0.281715,0.440958,0.003716,1,
id0072,id0402,noisy,crop,0.223799,0.270125,0.006568,1,
id0072,id0404,noisy,crop,0.192989,0.346054,0.008331,1,
id0072,id0411,noisy,crop,0.307388,0.419150,0.002425,1,
id0072,id0412,noisy,crop,0.220919,0.291067,0.008424,1,
id0072,id0418,noisy,crop,0.318555,0.365316,0.013199,1,
id0072,id0421,noisy,crop,0.335991,0.381056,0.006580,1,
id0072,id0422,noisy,crop,0.201018,0.316392,0.008301,1,
id0072,id0431,noisy,crop,0.265938,0.357618,0.008430,1,
id0072,id0437,noisy,crop,0.376856,0.590589,0.014944,1,
id0072,id0441,noisy,crop,0.249848,0.386720,0.007478,1,
id0072,id0447,noisy,crop,0.455458,0.513122,0.019847,1,
id0072,id0460,noisy,crop,0.252464,0.344305,0.007306,1,
id0072,id0462,noisy,crop,0.280116,0.313026,0.016485,1,
id0072,id0465,noisy,crop,0.269449,0.355551,0.002394,1,
id0072,id0466,noisy,crop,0.373600,0.455317,0.018901,1,
id0072,id0468,noisy,crop,0.309370,0.419091,0.001734,1,
id0072,id0470,noisy,crop,0.203177,0.322731,0.004485,1,
id0072,id0476,noisy,crop,0.370286,0.459652,0.017763,1,
id0072,id0486,noisy,crop,0.346347,0.475746,0.005459,1,
id0072,id0491,noisy,crop,0.338837,0.474922,0.015478,1,
id0072,id0498,noisy,crop,0.361038,0.492955,0.005501,1,
id0075,id0080,noisy,crop,0.334963,0.428592,0.002694,1,
id0075,id0081,noisy,crop,0.297685,0.396244,0.013572,1,
id0075,id0086,noisy,crop,0.304356,0.367735,0.008422,1,
id0075,id0088,noisy,crop,0.363789,0.386210,0.013311,1,
id0075,id0097,noisy,crop,0.335417,0.363367,0.005768,1,
id0075,id0100,noisy,crop,0.249633,0.387135,0.004561,1,
id0075,id0106,noisy,crop,0.384503,0.362776,0.006751,1,
id0075,id0107,noisy,crop,0.467453,0.519520,0.012200,1,
id0075,id0110,noisy,crop,0.263129,0.391251,0.005473,1,
id0075,id0113,noisy,crop,0.331437,0.357077,0.009554,1,
id0075,id0115,noisy,crop,0.327756,0.426399,0.006830,1,
id0075,id0130,noisy,crop,0.338867,0.497768,0.008316,1,
id0075,id0132,noisy,crop,0.277262,0.341518,0.010499,1,
id0075,id0136,noisy,crop,0.393503,0.449563,0.011222,1,
id0075,id0153,noisy,crop,0.364686,0.450473,0.018418,1,
id0075,id0161,noisy,crop,0.273351,0.306505,0.012005,1,
id0075,id0169,noisy,crop,0.360506,0.354817,0.008773,1,
id0075,id0182,noisy,crop,0.306150,0.451041,0.008924,1,
id0075,id0183,noisy,crop,0.541693,0.707381,0.018984,1,
id0075,id0186,noisy,crop,0.311701,0.340540,0.008319,1,
id0075,id0197,noisy,crop,0.341163,0.484555,0.007055,1,
id0075,id0199,noisy,crop,0.453849,0.678337,0.013900,1,
id0075,id0206,noisy,crop,0.346340,0.430265,0.003548,1,
id0075,id0207,noisy,crop,0.210720,0.381484,0.009394,1,
id0075,id0208,noisy,crop,0.302297,0.437322,0.014419,1,
id0075,id0212,noisy,crop,0.493156,0.549197,0.004111,1,
id0075,id0220,noisy,crop,0.360321,0.365407,0.005218,1,
id0075,id0222,noisy,crop,0.313656,0.405960,0.014227,1,
id0075,id0224,noisy,crop,0.229409,0.314707,0.010783,1,
id0075,id0233,noisy,crop,0.402412,0.524834,0.017817,1,
id0075,id0239,noisy,crop,0.339471,0.395960,0.004309,1,
id0075,id0242,noisy,crop,0.303741,0.378934,0.009607,1,
id0075,id0246,noisy,crop,0.266679,0.308847,0.005589,1,
id0075,id0258,noisy,crop,0.253725,0.283376,0.005678,1,
id0075,id0273,noisy,crop,0.292203,0.361587,0.007873,1,
id0075,id0275,noisy,crop,0.368479,0.469257,0.015214,1,
id0075,id0285,noisy,crop,0.346117,0.419085,0.010955,1,
id0075,id0290,noisy,crop,0.387021,0.701188,0.015058,1,
id0075,id0296,noisy,crop,0.394207,0.391840,0.018437,1,
id0075,id0299,noisy,crop,0.316631,0.390822,0.011855,1,
id0075,id0303,noisy,crop,0.378194,0.393525,0.010826,1,
id0075,id0319,noisy,crop,0.426035,0.452929,0.006234,1,
id0075,id0321,noisy,crop,0.335721,0.501997,0.012648,1,
id0075,id0326,noisy,crop,0.460176,0.635809,0.017918,1,
id0075,id0328,noisy,crop,0.365089,0.457716,0.011349,1,
id0075,id0330,noisy,crop,0.336840,0.434365,0.004867,1,
id0075,id0342,noisy,crop,0.321437,0.421555,0.008275,1,
id0075,id0346,noisy,crop,0.255099,0.300463,0.007682,1,
id0075,id0363,noisy,crop,0.367795,0.350225,0.004386,1,
id0075,id0367,noisy,crop,0.313323,0.463556,0.005754,1,
id0075,id0368,noisy,crop,0.363803,0.463892,0.018242,1,
id0075,id0369,noisy,crop,0.416192,0.587731,0.020313,1,
id0075,id0372,noisy,crop,0.380564,0.417890,0.010691,1,
id0075,id0373,noisy,crop,0.344668,0.599386,0.011717,1,
id0075,id0374,noisy,crop,0.480092,0.558393,0.006111,1,
id0075,id0378,noisy,crop,0.270529,0.368338,0.012511,1,
id0075,id0381,noisy,crop,0.308351,0.441075,0.012905,1,
id0075,id0382,noisy,crop,0.335217,0.355403,0.002978,1,
id0075,id0392,noisy,crop,0.183623,0.289107,0.005536,1,
id0075,id0396,noisy,crop,0.371618,0.447136,0.004331,1,
id0075,id0398,noisy,crop,0.415584,0.526444,0.005181,1,
id0075,id0399,noisy,crop,0.358976,0.472845,0.008806,1,
id0075,id0401,noisy,crop,0.335479,0.362162,0.004562,1,
id0075,id0402,noisy,crop,0.251347,0.324490,0.007618,1,
id0075,id0404,noisy,crop,0.289356,0.370394,0.009736,1,
id0075,id0411,noisy,crop,0.347716,0.374154,0.003080,1,
id0075,id0412,noisy,crop,0.328764,0.368910,0.009600,1,
id0075,id0418,noisy,crop,0.332899,0.441551,0.014606,1,
id0075,id0421,noisy,crop,0.289675,0.389928,0.007317,1,
id0075,id0422,noisy,crop,0.280032,0.390481,0.009457,1,
id0075,id0431,noisy,crop,0.383993,0.518136,0.010082,1,
id0075,id0437,noisy,crop,0.367364,0.593295,0.016662,1,
id0075,id0441,noisy,crop,0.288904,0.357410,0.008843,1,
id0075,id0447,noisy,crop,0.525410,0.621661,0.021500,1,
id0075,id0460,noisy,crop,0.268134,0.362332,0.008379,1,
id0075,id0462,noisy,crop,0.402074,0.453972,0.018357,1,
id0075,id0465,noisy,crop,0.311816,0.326598,0.003000,1,
id0075,id0466,noisy,crop,0.477472,0.588476,0.020772,1,
id0075,id0468,noisy,crop,0.383989,0.463861,0.002050,1,
id0075,id0470,noisy,crop,0.326257,0.389031,0.005741,1,
id0075,id0476,noisy,crop,0.409485,0.516874,0.018716,1,
id0075,id0486,noisy,crop,0.356759,0.459849,0.006134,1,
id0075,id0491,noisy,crop,0.316167,0.444715,0.016646,1,
id0075,id0498,noisy,crop,0.291075,0.421745,0.005809,1,
id0080,id0081,noisy,crop,0.283818,0.455474,0.014845,1,
id0080,id0086,noisy,crop,0.322211,0.412957,0.010184,1,
id0080,id0088,noisy,crop,0.368613,0.453868,0.014882,1,
id0080,id0097,noisy,crop,0.410462,0.557127,0.007840,1,
id0080,id0100,noisy,crop,0.321134,0.449148,0.005883,1,
id0080,id0106,noisy,crop,0.275705,0.282881,0.007899,1,
id0080,id0107,noisy,crop,0.536213,0.714766,0.014561,1,
id0080,id0110,noisy,crop,0.363907,0.549029,0.007070,1,
id0080,id0113,noisy,crop,0.269432,0.384180,0.011627,1,
id0080,id0115,noisy,crop,0.277375,0.453992,0.008218,1,
id0080,id0130,noisy,crop,0.356579,0.516329,0.009873,1,
id0080,id0132,noisy,crop,0.326902,0.472879,0.012285,1,
id0080,id0136,noisy,crop,0.295856,0.415439,0.012724,1,
id0080,id0153,noisy,crop,0.448172,0.676013,0.021568,1,
id0080,id0161,noisy,crop,0.352598,0.476951,0.015045,1,
id0080,id0169,noisy,crop,0.359346,0.466456,0.011031,1,
id0080,id0182,noisy,crop,0.414397,0.620859,0.010999,1,
id0080,id0183,noisy,crop,0.569783,0.805318,0.020846,1,
id0080,id0186,noisy,crop,0.351603,0.457342,0.010443,1,
id0080,id0197,noisy,crop,0.420985,0.573244,0.007813,1,
id0080,id0199,noisy,crop,0.492498,0.795433,0.015814,1,
id0080,id0206,noisy,crop,0.250034,0.322622,0.003791,1,
id0080,id0207,noisy,crop,0.281195,0.470495,0.011099,1,
id0080,id0208,noisy,crop,0.364800,0.560065,0.016658,1,
id0080,id0212,noisy,crop,0.524046,0.629866,0.004992,1,
id0080,id0220,noisy,crop,0.395703,0.513924,0.006684,1,
id0080,id0222,noisy,crop,0.363671,0.519354,0.015982,1,
id0080,id0224,noisy,crop,0.372497,0.524021,0.013170,1,
id0080,id0233,noisy,crop,0.490630,0.693087,0.020461,1,
id0080,id0239,noisy,crop,0.362106,0.509505,0.006349,1,
id0080,id0242,noisy,crop,0.399422,0.516956,0.012147,1,
id0080,id0246,noisy,crop,0.306441,0.463529,0.007617,1,
id0080,id0258,noisy,crop,0.374368,0.533080,0.007991,1,
id0080,id0273,noisy,crop,0.394407,0.594138,0.009681,1,
id0080,id0275,noisy,crop,0.394518,0.591235,0.017526,1,
id0080,id0285,noisy,crop,0.335812,0.444267,0.013313,1,
id0080,id0290,noisy,crop,0.514586,0.856614,0.016820,1,
id0080,id0296,noisy,crop,0.417373,0.542557,0.021151,1,
id0080,id0299,noisy,crop,0.324415,0.501980,0.013965,1,
id0080,id0303,noisy,crop,0.435671,0.558087,0.013303,1,
id0080,id0319,noisy,crop,0.384992,0.479783,0.007902,1,
id0080,id0321,noisy,crop,0.469397,0.677816,0.014276,1,
id0080,id0326,noisy,crop,0.400483,0.643577,0.019973,1,
id0080,id0328,noisy,crop,0.467895,0.679972,0.014582,1,
id0080,id0330,noisy,crop,0.415730,0.612732,0.006463,1,
id0080,id0342,noisy,crop,0.363681,0.561565,0.010528,1,
id0080,id0346,noisy,crop,0.255792,0.422702,0.009044,1,
id0080,id0363,noisy,crop,0.280988,0.348062,0.005425,1,
id0080,id0367,noisy,crop,0.331434,0.538057,0.006972,1,
id0080,id0368,noisy,crop,0.374746,0.532882,0.020097,1,
id0080,id0369,noisy,crop,0.463408,0.747819,0.022986,1,
id0080,id0372,noisy,crop,0.390657,0.552702,0.012794,1,
id0080,id0373,noisy,crop,0.453446,0.714978,0.013278,1,
id0080,id0374,noisy,crop,0.581292,0.770970,0.007662,1,
id0080,id0378,noisy,crop,0.357343,0.570454,0.015588,1,
id0080,id0381,noisy,crop,0.334422,0.492735,0.014512,1,
id0080,id0382,noisy,crop,0.285879,0.369290,0.004097,1,
id0080,id0392,noisy,crop,0.347689,0.499412,0.007710,1,
id0080,id0396,noisy,crop,0.360395,0.465993,0.005254,1,
id0080,id0398,noisy,crop,0.381935,0.537513,0.006029,1,
id0080,id0399,noisy,crop,0.428889,0.623728,0.011070,1,
id0080,id0401,noisy,crop,0.428164,0.610734,0.006995,1,
id0080,id0402,noisy,crop,0.251132,0.391474,0.009213,1,
id0080,id0404,noisy,crop,0.270235,0.425233,0.011430,1,
id0080,id0411,noisy,crop,0.353807,0.496150,0.004574,1,
id0080,id0412,noisy,crop,0.302912,0.441968,0.011965,1,
id0080,id0418,noisy,crop,0.345148,0.516865,0.016796,1,
id0080,id0421,noisy,crop,0.302001,0.450454,0.009131,1,
id0080,id0422,noisy,crop,0.271662,0.476368,0.011178,1,
id0080,id0431,noisy,crop,0.360176,0.559248,0.012114,1,
id0080,id0437,noisy,crop,0.518463,0.836617,0.020633,1,
id0080,id0441,noisy,crop,0.358940,0.559729,0.011716,1,
id0080,id0447,noisy,crop,0.573417,0.727877,0.024558,1,
id0080,id0460,noisy,crop,0.272658,0.396888,0.010038,1,
id0080,id0462,noisy,crop,0.349238,0.459477,0.020465,1,
id0080,id0465,noisy,crop,0.379385,0.508201,0.004204,1,
id0080,id0466,noisy,crop,0.481378,0.666693,0.023140,1,
id0080,id0468,noisy,crop,0.254366,0.421227,0.002790,1,
id0080,id0470,noisy,crop,0.327850,0.447282,0.006941,1,
id0080,id0476,noisy,crop,0.460014,0.623334,0.021246,1,
id0080,id0486,noisy,crop,0.384891,0.516626,0.007119,1,
id0080,id0491,noisy,crop,0.439780,0.664272,0.019980,1,
id0080,id0498,noisy,crop,0.382857,0.589731,0.007545,1,
id0081,id0086,noisy,crop,0.324369,0.506644,0.006989,1,
id0081,id0088,noisy,crop,0.338483,0.449301,0.010338,1,
id0081,id0097,noisy,crop,0.353380,0.503256,0.004893,1,
id0081,id0100,noisy,crop,0.309479,0.543276,0.004001,1,
id0081,id0106,noisy,crop,0.343619,0.446933,0.005402,1,
id0081,id0107,noisy,crop,0.440360,0.628769,0.009184,1,
id0081,id0110,noisy,crop,0.298228,0.513378,0.004029,1,
id0081,id0113,noisy,crop,0.293940,0.487299,0.008322,1,
id0081,id0115,noisy,crop,0.264713,0.409469,0.004468,1,
id0081,id0130,noisy,crop,0.290334,0.484075,0.005697,1,
id0081,id0132,noisy,crop,0.285635,0.400879,0.007674,1,
id0081,id0136,noisy,crop,0.302477,0.545443,0.008744,1,
id0081,id0153,noisy,crop,0.327423,0.539738,0.013954,1,
id0081,id0161,noisy,crop,0.299325,0.425947,0.009647,1,
id0081,id0169,noisy,crop,0.333362,0.529314,0.007359,1,
id0081,id0182,noisy,crop,0.326451,0.546815,0.006064,1,
id0081,id0183,noisy,crop,0.535670,0.758691,0.015645,1,
id0081,id0186,noisy,crop,0.315701,0.452117,0.006470,1,
id0081,id0197,noisy,crop,0.322657,0.539707,0.005186,1,
id0081,id0199,noisy,crop,0.445981,0.784515,0.011104,1,
id0081,id0206,noisy,crop,0.369567,0.498786,0.003974,1,
id0081,id0207,noisy,crop,0.233094,0.459644,0.006934,1,
id0081,id0208,noisy,crop,0.254947,0.466580,0.010403,1,
id0081,id0212,noisy,crop,0.478482,0.680461,0.003716,1,
id0081,id0220,noisy,crop,0.307930,0.484608,0.003914,1,
id0081,id0222,noisy,crop,0.247637,0.481360,0.011266,1,
id0081,id0224,noisy,crop,0.271509,0.466717,0.008407,1,
id0081,id0233,noisy,crop,0.427333,0.597275,0.013364,1,
id0081,id0239,noisy,crop,0.389604,0.557030,0.004659,1,
id0081,id0242,noisy,crop,0.373414,0.457166,0.007375,1,
id0081,id0246,noisy,crop,0.272182,0.401872,0.004437,1,
id0081,id0258,noisy,crop,0.285741,0.475703,0.004740,1,
id0081,id0273,noisy,crop,0.308959,0.517233,0.005529,1,
id0081,id0275,noisy,crop,0.302897,0.513679,0.011314,1,
id0081,id0285,noisy,crop,0.349481,0.494425,0.008706,1,
id0081,id0290,noisy,crop,0.360288,0.775386,0.010877,1,
id0081,id0296,noisy,crop,0.336042,0.453233,0.015509,1,
id0081,id0299,noisy,crop,0.234102,0.448580,0.008644,1,
id0081,id0303,noisy,crop,0.398004,0.544614,0.009160,1,
id0081,id0319,noisy,crop,0.354215,0.568974,0.005045,1,
id0081,id0321,noisy,crop,0.337397,0.592700,0.009395,1,
id0081,id0326,noisy,crop,0.409518,0.708360,0.014627,1,
id0081,id0328,noisy,crop,0.414563,0.597272,0.008970,1,
id0081,id0330,noisy,crop,0.341439,0.618118,0.004212,1,
id0081,id0342,noisy,crop,0.342135,0.590331,0.006949,1,
id0081,id0346,noisy,crop,0.244040,0.418522,0.005639,1,
id0081,id0363,noisy,crop,0.323421,0.341659,0.002840,1,
id0081,id0367,noisy,crop,0.326883,0.531048,0.004476,1,
id0081,id0368,noisy,crop,0.301946,0.518204,0.013559,1,
id0081,id0369,noisy,crop,0.399981,0.711848,0.016217,1,
id0081,id0372,noisy,crop,0.326123,0.523168,0.007987,1,
id0081,id0373,noisy,crop,0.340778,0.644143,0.008136,1,
id0081,id0374,noisy,crop,0.419124,0.630267,0.003899,1,
id0081,id0378,noisy,crop,0.320400,0.492509,0.009773,1,
id0081,id0381,noisy,crop,0.254639,0.447984,0.009071,1,
id0081,id0382,noisy,crop,0.303124,0.453539,0.002974,1,
id0081,id0392,noisy,crop,0.307831,0.448220,0.004786,1,
id0081,id0396,noisy,crop,0.327405,0.497971,0.002601,1,
id0081,id0398,noisy,crop,0.420387,0.679460,0.005517,1,
id0081,id0399,noisy,crop,0.367654,0.575044,0.006558,1,
id0081,id0401,noisy,crop,0.381771,0.552145,0.004591,1,
id0081,id0402,noisy,crop,0.211158,0.418259,0.005434,1,
id0081,id0404,noisy,crop,0.232627,0.509702,0.007958,1,
id0081,id0411,noisy,crop,0.333534,0.498542,0.003422,1,
id0081,id0412,noisy,crop,0.304638,0.515206,0.007817,1,
id0081,id0418,noisy,crop,0.325062,0.532818,0.012293,1,
id0081,id0421,noisy,crop,0.288342,0.415750,0.004985,1,
id0081,id0422,noisy,crop,0.251628,0.521917,0.007007,1,
id0081,id0431,noisy,crop,0.386974,0.664623,0.009005,1,
id0081,id0437,noisy,crop,0.463113,0.742141,0.014242,1,
id0081,id0441,noisy,crop,0.303814,0.518285,0.007683,1,
id0081,id0447,noisy,crop,0.525578,0.715248,0.018077,1,
id0081,id0460,noisy,crop,0.208216,0.389011,0.005693,1,
id0081,id0462,noisy,crop,0.351188,0.537359,0.014392,1,
id0081,id0465,noisy,crop,0.311579,0.481510,0.002884,1,
id0081,id0466,noisy,crop,0.420813,0.652472,0.016592,1,
id0081,id0468,noisy,crop,0.378969,0.593219,0.003259,1,
id0081,id0470,noisy,crop,0.298456,0.553188,0.005024,1,
id0081,id0476,noisy,crop,0.382502,0.568105,0.014726,1,
id0081,id0486,noisy,crop,0.318838,0.485439,0.003733,1,
id0081,id0491,noisy,crop,0.326247,0.517465,0.012621,1,
id0081,id0498,noisy,crop,0.269818,0.449391,0.003857,1,
id0086,id0088,noisy,crop,0.272251,0.366223,0.010035,1,
id0086,id0097,noisy,crop,0.332701,0.430364,0.003701,1,
id0086,id0100,noisy,crop,0.205849,0.237723,0.002193,1,
id0086,id0106,noisy,crop,0.304441,0.278298,0.004280,1,
id0086,id0107,noisy,crop,0.399834,0.498543,0.008364,1,
id0086,id0110,noisy,crop,0.303053,0.376984,0.003406,1,
id0086,id0113,noisy,crop,0.234272,0.300033,0.006126,1,
id0086,id0115,noisy,crop,0.256873,0.359896,0.004672,1,
id0086,id0130,noisy,crop,0.382891,0.557070,0.005900,1,
id0086,id0132,noisy,crop,0.283176,0.383077,0.006744,1,
id0086,id0136,noisy,crop,0.309308,0.385611,0.007597,1,
id0086,id0153,noisy,crop,0.327040,0.540178,0.014290,1,
id0086,id0161,noisy,crop,0.243024,0.321858,0.008947,1,
id0086,id0169,noisy,crop,0.330568,0.312142,0.005754,1,
id0086,id0182,noisy,crop,0.335079,0.447149,0.006543,1,
id0086,id0183,noisy,crop,0.395568,0.559685,0.015284,1,
id0086,id0186,noisy,crop,0.221086,0.316516,0.005816,1,
id0086,id0197,noisy,crop,0.294717,0.361414,0.004728,1,
id0086,id0199,noisy,crop,0.328423,0.544496,0.010324,1,
id0086,id0206,noisy,crop,0.394075,0.412318,0.002086,1,
id0086,id0207,noisy,crop,0.269765,0.425783,0.006457,1,
id0086,id0208,noisy,crop,0.306862,0.493235,0.010973,1,
id0086,id0212,noisy,crop,0.477018,0.430642,0.002864,1,
id0086,id0220,noisy,crop,0.355076,0.385535,0.003074,1,
id0086,id0222,noisy,crop,0.306083,0.383141,0.010163,1,
id0086,id0224,noisy,crop,0.305513,0.380860,0.007708,1,
id0086,id0233,noisy,crop,0.381312,0.540587,0.013168,1,
id0086,id0239,noisy,crop,0.386874,0.417214,0.003197,1,
id0086,id0242,noisy,crop,0.316727,0.380812,0.007454,1,
id0086,id0246,noisy,crop,0.357459,0.458774,0.003818,1,
id0086,id0258,noisy,crop,0.300470,0.365203,0.003692,1,
id0086,id0273,noisy,crop,0.323432,0.435872,0.004890,1,
id0086,id0275,noisy,crop,0.367614,0.524608,0.011507,1,
id0086,id0285,noisy,crop,0.249928,0.274294,0.007852,1,
id0086,id0290,noisy,crop,0.376762,0.596204,0.010654,1,
id0086,id0296,noisy,crop,0.339997,0.465991,0.014559,1,
id0086,id0299,noisy,crop,0.276756,0.386070,0.008293,1,
id0086,id0303,noisy,crop,0.323360,0.387303,0.007247,1,
id0086,id0319,noisy,crop,0.389267,0.447123,0.004268,1,
id0086,id0321,noisy,crop,0.295628,0.476601,0.008381,1,
id0086,id0326,noisy,crop,0.315880,0.424102,0.012873,1,
id0086,id0328,noisy,crop,0.295786,0.465595,0.008447,1,
id0086,id0330,noisy,crop,0.374697,0.445967,0.003246,1,
id0086,id0342,noisy,crop,0.318531,0.409075,0.005708,1,
id0086,id0346,noisy,crop,0.277882,0.320103,0.005011,1,
id0086,id0363,noisy,crop,0.348632,0.356482,0.003122,1,
id0086,id0367,noisy,crop,0.312798,0.374095,0.004318,1,
id0086,id0368,noisy,crop,0.302746,0.391577,0.013602,1,
id0086,id0369,noisy,crop,0.306923,0.478137,0.014995,1,
id0086,id0372,noisy,crop,0.316050,0.349255,0.006936,1,
id0086,id0373,noisy,crop,0.301413,0.526096,0.008767,1,
id0086,id0374,noisy,crop,0.525183,0.632626,0.004626,1,
id0086,id0378,noisy,crop,0.308265,0.449105,0.009313,1,
id0086,id0381,noisy,crop,0.283800,0.374004,0.009185,1,
id0086,id0382,noisy,crop,0.298095,0.354997,0.001588,1,
id0086,id0392,noisy,crop,0.300506,0.343066,0.003798,1,
id0086,id0396,noisy,crop,0.276655,0.346998,0.002877,1,
id0086,id0398,noisy,crop,0.274494,0.323570,0.002688,1,
id0086,id0399,noisy,crop,0.334159,0.497123,0.006129,1,
id0086,id0401,noisy,crop,0.387359,0.488720,0.003437,1,
id0086,id0402,noisy,crop,0.256312,0.293621,0.004842,1,
id0086,id0404,noisy,crop,0.269727,0.375340,0.006245,1,
id0086,id0411,noisy,crop,0.384383,0.498289,0.002588,1,
id0086,id0412,noisy,crop,0.218952,0.259161,0.006109,1,
id0086,id0418,noisy,crop,0.288993,0.331755,0.010285,1,
id0086,id0421,noisy,crop,0.328472,0.423376,0.005294,1,
id0086,id0422,noisy,crop,0.245862,0.338096,0.006539,1,
id0086,id0431,noisy,crop,0.262096,0.321487,0.006341,1,
id0086,id0437,noisy,crop,0.398099,0.627504,0.013113,1,
id0086,id0441,noisy,crop,0.333551,0.468127,0.006578,1,
id0086,id0447,noisy,crop,0.401511,0.502920,0.016629,1,
id0086,id0460,noisy,crop,0.290399,0.392317,0.005861,1,
id0086,id0462,noisy,crop,0.249012,0.277011,0.013269,1,
id0086,id0465,noisy,crop,0.350479,0.415149,0.001785,1,
id0086,id0466,noisy,crop,0.368738,0.499805,0.016252,1,
id0086,id0468,noisy,crop,0.326199,0.406261,0.001379,1,
id0086,id0470,noisy,crop,0.273130,0.290215,0.003197,1,
id0086,id0476,noisy,crop,0.324466,0.478087,0.014967,1,
id0086,id0486,noisy,crop,0.334099,0.470548,0.003644,1,
id0086,id0491,noisy,crop,0.350487,0.537186,0.013110,1,
id0086,id0498,noisy,crop,0.418799,0.549218,0.004328,1,
id0088,id0097,noisy,crop,0.313715,0.453020,0.004856,1,
id0088,id0100,noisy,crop,0.320630,0.387284,0.003251,1,
id0088,id0106,noisy,crop,0.309543,0.318478,0.004049,1,
id0088,id0107,noisy,crop,0.346096,0.482755,0.008356,1,
id0088,id0110,noisy,crop,0.333394,0.387180,0.003925,1,
id0088,id0113,noisy,crop,0.327737,0.416633,0.006864,1,
id0088,id0115,noisy,crop,0.319261,0.363488,0.004412,1,
id0088,id0130,noisy,crop,0.342216,0.496701,0.005395,1,
id0088,id0132,noisy,crop,0.298632,0.382578,0.006786,1,
id0088,id0136,noisy,crop,0.336056,0.447010,0.007254,1,
id0088,id0153,noisy,crop,0.242546,0.446971,0.012851,1,
id0088,id0161,noisy,crop,0.268306,0.326279,0.008241,1,
id0088,id0169,noisy,crop,0.340395,0.407281,0.006227,1,
id0088,id0182,noisy,crop,0.328026,0.416434,0.006013,1,
id0088,id0183,noisy,crop,0.301683,0.504138,0.012331,1,
id0088,id0186,noisy,crop,0.245523,0.329644,0.005013,1,
id0088,id0197,noisy,crop,0.254720,0.325452,0.003807,1,
id0088,id0199,noisy,crop,0.310757,0.557027,0.008692,1,
id0088,id0206,noisy,crop,0.467895,0.457554,0.002458,1,
id0088,id0207,noisy,crop,0.289745,0.335787,0.005094,1,
id0088,id0208,noisy,crop,0.260748,0.400147,0.009474,1,
id0088,id0212,noisy,crop,0.448802,0.533879,0.003738,1,
id0088,id0220,noisy,crop,0.321899,0.385187,0.003586,1,
id0088,id0222,noisy,crop,0.279664,0.323131,0.009094,1,
id0088,id0224,noisy,crop,0.351310,0.356963,0.007081,1,
id0088,id0233,noisy,crop,0.314036,0.484531,0.012372,1,
id0088,id0239,noisy,crop,0.499442,0.491159,0.003710,1,
id0088,id0242,noisy,crop,0.260729,0.283145,0.005761,1,
id0088,id0246,noisy,crop,0.426239,0.466027,0.004261,1,
id0088,id0258,noisy,crop,0.300349,0.360111,0.004072,1,
id0088,id0273,noisy,crop,0.289780,0.424758,0.005351,1,
id0088,id0275,noisy,crop,0.311973,0.470701,0.010512,1,
id0088,id0285,noisy,crop,0.283799,0.307602,0.007123,1,
id0088,id0290,noisy,crop,0.361395,0.568446,0.010182,1,
id0088,id0296,noisy,crop,0.291721,0.392366,0.012991,1,
id0088,id0299,noisy,crop,0.284275,0.374800,0.007828,1,
id0088,id0303,noisy,crop,0.345088,0.444860,0.008173,1,
id0088,id0319,noisy,crop,0.423981,0.521792,0.005224,1,
id0088,id0321,noisy,crop,0.280251,0.422553,0.007755,1,
id0088,id0326,noisy,crop,0.352044,0.476444,0.012007,1,
id0088,id0328,noisy,crop,0.301408,0.474437,0.008012,1,
id0088,id0330,noisy,crop,0.386507,0.488980,0.004376,1,
id0088,id0342,noisy,crop,0.337129,0.471115,0.006020,1,
id0088,id0346,noisy,crop,0.263873,0.281095,0.004233,1,
id0088,id0363,noisy,crop,0.327619,0.294281,0.002617,1,
id0088,id0367,noisy,crop,0.382524,0.383659,0.003006,1,
id0088,id0368,noisy,crop,0.264187,0.353572,0.011811,1,
id0088,id0369,noisy,crop,0.314272,0.505821,0.014721,1,
id0088,id0372,noisy,crop,0.436828,0.394358,0.007156,1,
id0088,id0373,noisy,crop,0.287901,0.463085,0.006976,1,
id0088,id0374,noisy,crop,0.422993,0.537987,0.003928,1,
id0088,id0378,noisy,crop,0.330108,0.424540,0.008895,1,
id0088,id0381,noisy,crop,0.326974,0.251057,0.007499,1,
id0088,id0382,noisy,crop,0.355614,0.438376,0.002729,1,
id0088,id0392,noisy,crop,0.289968,0.318285,0.003427,1,
id0088,id0396,noisy,crop,0.276398,0.303352,0.001923,1,
id0088,id0398,noisy,crop,0.426378,0.522292,0.004511,1,
id0088,id0399,noisy,crop,0.279928,0.462264,0.005845,1,
id0088,id0401,noisy,crop,0.363199,0.515402,0.003986,1,
id0088,id0402,noisy,crop,0.318044,0.309573,0.004510,1,
id0088,id0404,noisy,crop,0.357762,0.412093,0.006637,1,
id0088,id0411,noisy,crop,0.410292,0.550377,0.004193,1,
id0088,id0412,noisy,crop,0.319165,0.347609,0.006168,1,
id0088,id0418,noisy,crop,0.398385,0.395080,0.009913,1,
id0088,id0421,noisy,crop,0.300577,0.371244,0.004518,1,
id0088,id0422,noisy,crop,0.237594,0.341210,0.005640,1,
id0088,id0431,noisy,crop,0.352224,0.485047,0.007163,1,
id0088,id0437,noisy,crop,0.446193,0.636395,0.013273,1,
id0088,id0441,noisy,crop,0.332538,0.483970,0.006774,1,
id0088,id0447,noisy,crop,0.354652,0.535586,0.015586,1,
id0088,id0460,noisy,crop,0.269008,0.326614,0.005059,1,
id0088,id0462,noisy,crop,0.270320,0.328200,0.012029,1,
id0088,id0465,noisy,crop,0.318061,0.422008,0.002248,1,
id0088,id0466,noisy,crop,0.318715,0.476916,0.014977,1,
id0088,id0468,noisy,crop,0.434881,0.566341,0.003122,1,
id0088,id0470,noisy,crop,0.374391,0.439856,0.003983,1,
id0088,id0476,noisy,crop,0.258061,0.393342,0.012686,1,
id0088,id0486,noisy,crop,0.244070,0.399595,0.002908,1,
id0088,id0491,noisy,crop,0.328613,0.465463,0.012286,1,
id0088,id0498,noisy,crop,0.355646,0.453554,0.003639,1,
id0097,id0100,noisy,crop,0.278213,0.375839,0.002524,1,
id0097,id0106,noisy,crop,0.381397,0.514746,0.005179,1,
id0097,id0107,noisy,crop,0.229454,0.353320,0.007325,1,
id0097,id0110,noisy,crop,0.235823,0.284193,0.002849,1,
id0097,id0113,noisy,crop,0.322840,0.422783,0.006083,1,
id0097,id0115,noisy,crop,0.362106,0.406295,0.003972,1,
id0097,id0130,noisy,crop,0.288586,0.428473,0.005085,1,
id0097,id0132,noisy,crop,0.259259,0.317669,0.006170,1,
id0097,id0136,noisy,crop,0.330290,0.425550,0.007639,1,
id0097,id0153,noisy,crop,0.222926,0.420314,0.012719,1,
id0097,id0161,noisy,crop,0.276486,0.368775,0.007965,1,
id0097,id0169,noisy,crop,0.303661,0.379046,0.005231,1,
id0097,id0182,noisy,crop,0.266193,0.351012,0.005303,1,
id0097,id0183,noisy,crop,0.427913,0.624725,0.016180,1,
id0097,id0186,noisy,crop,0.288628,0.425617,0.005675,1,
id0097,id0197,noisy,crop,0.348629,0.413764,0.005427,1,
id0097,id0199,noisy,crop,0.352199,0.591728,0.010561,1,
id0097,id0206,noisy,crop,0.524703,0.611624,0.004075,1,
id0097,id0207,noisy,crop,0.354462,0.476954,0.006763,1,
id0097,id0208,noisy,crop,0.258427,0.368267,0.009663,1,
id0097,id0212,noisy,crop,0.311303,0.350126,0.002225,1,
id0097,id0220,noisy,crop,0.219661,0.310130,0.002692,1,
id0097,id0222,noisy,crop,0.304904,0.358074,0.010272,1,
id0097,id0224,noisy,crop,0.358212,0.438668,0.007949,1,
id0097,id0233,noisy,crop,0.308370,0.446025,0.012299,1,
id0097,id0239,noisy,crop,0.502170,0.587568,0.003013,1,
id0097,id0242,noisy,crop,0.331529,0.460823,0.006804,1,
id0097,id0246,noisy,crop,0.351969,0.387552,0.002457,1,
id0097,id0258,noisy,crop,0.185392,0.336703,0.003148,1,
id0097,id0273,noisy,crop,0.228109,0.362127,0.004442,1,
id0097,id0275,noisy,crop,0.249545,0.356560,0.009820,1,
id0097,id0285,noisy,crop,0.338682,0.452900,0.007383,1,
id0097,id0290,noisy,crop,0.330375,0.561523,0.010364,1,
id0097,id0296,noisy,crop,0.263915,0.317989,0.013447,1,
id0097,id0299,noisy,crop,0.244813,0.291675,0.007207,1,
id0097,id0303,noisy,crop,0.233520,0.247860,0.005887,1,
id0097,id0319,noisy,crop,0.325996,0.367232,0.002766,1,
id0097,id0321,noisy,crop,0.283868,0.389793,0.008343,1,
id0097,id0326,noisy,crop,0.383242,0.514141,0.013003,1,
id0097,id0328,noisy,crop,0.258765,0.402895,0.006875,1,
id0097,id0330,noisy,crop,0.266807,0.380352,0.002351,1,
id0097,id0342,noisy,crop,0.298020,0.390507,0.004644,1,
id0097,id0346,noisy,crop,0.337033,0.439489,0.005413,1,
id0097,id0363,noisy,crop,0.374701,0.429102,0.003006,1,
id0097,id0367,noisy,crop,0.451700,0.458016,0.004353,1,
id0097,id0368,noisy,crop,0.304724,0.383963,0.013422,1,
id0097,id0369,noisy,crop,0.285693,0.443269,0.013939,1,
id0097,id0372,noisy,crop,0.413690,0.390067,0.006360,1,
id0097,id0373,noisy,crop,0.366057,0.526945,0.008850,1,
id0097,id0374,noisy,crop,0.314573,0.441437,0.003720,1,
id0097,id0378,noisy,crop,0.287431,0.348328,0.007713,1,
id0097,id0381,noisy,crop,0.370084,0.437333,0.009302,1,
id0097,id0382,noisy,crop,0.282018,0.394914,0.001477,1,
id0097,id0392,noisy,crop,0.300510,0.381081,0.003785,1,
id0097,id0396,noisy,crop,0.398674,0.564630,0.003651,1,
id0097,id0398,noisy,crop,0.408595,0.519163,0.003748,1,
id0097,id0399,noisy,crop,0.173352,0.347985,0.004975,1,
id0097,id0401,noisy,crop,0.240483,0.422729,0.002113,1,
id0097,id0402,noisy,crop,0.306630,0.355050,0.004693,1,
id0097,id0404,noisy,crop,0.346706,0.430816,0.006278,1,
id0097,id0411,noisy,crop,0.252510,0.370674,0.001090,1,
id0097,id0412,noisy,crop,0.319052,0.383555,0.005927,1,
id0097,id0418,noisy,crop,0.419260,0.419705,0.010252,1,
id0097,id0421,noisy,crop,0.278287,0.359055,0.004102,1,
id0097,id0422,noisy,crop,0.304535,0.418147,0.006565,1,
id0097,id0431,noisy,crop,0.329341,0.428625,0.006143,1,
id0097,id0437,noisy,crop,0.342948,0.499105,0.010046,1,
id0097,id0441,noisy,crop,0.214742,0.311219,0.004707,1,
id0097,id0447,noisy,crop,0.318164,0.429953,0.015372,1,
id0097,id0460,noisy,crop,0.265560,0.397789,0.005145,1,
id0097,id0462,noisy,crop,0.316001,0.430446,0.013134,1,
id0097,id0465,noisy,crop,0.230411,0.318475,0.001580,1,
id0097,id0466,noisy,crop,0.302304,0.425454,0.014424,1,
id0097,id0468,noisy,crop,0.406387,0.540882,0.001950,1,
id0097,id0470,noisy,crop,0.368679,0.463577,0.003846,1,
id0097,id0476,noisy,crop,0.288564,0.427254,0.014299,1,
id0097,id0486,noisy,crop,0.302941,0.487555,0.004268,1,
id0097,id0491,noisy,crop,0.257850,0.395169,0.010892,1,
id0097,id0498,noisy,crop,0.277884,0.385631,0.003579,1,
id0100,id0106,noisy,crop,0.312130,0.335019,0.004767,1,
id0100,id0107,noisy,crop,0.373397,0.488690,0.009038,1,
id0100,id0110,noisy,crop,0.247765,0.381382,0.003844,1,
id0100,id0113,noisy,crop,0.218738,0.303088,0.006466,1,
id0100,id0115,noisy,crop,0.276984,0.350333,0.004714,1,
id0100,id0130,noisy,crop,0.345937,0.552629,0.006373,1,
id0100,id0132,noisy,crop,0.278497,0.363988,0.007167,1,
id0100,id0136,noisy,crop,0.294678,0.426786,0.008053,1,
id0100,id0153,noisy,crop,0.333820,0.538773,0.015130,1,
id0100,id0161,noisy,crop,0.217282,0.317833,0.009421,1,
id0100,id0169,noisy,crop,0.254919,0.288005,0.005897,1,
id0100,id0182,noisy,crop,0.281893,0.449024,0.007008,1,
id0100,id0183,noisy,crop,0.461969,0.625773,0.016948,1,
id0100,id0186,noisy,crop,0.234790,0.318077,0.006378,1,
id0100,id0197,noisy,crop,0.309088,0.414467,0.005676,1,
id0100,id0199,noisy,crop,0.325157,0.577377,0.011268,1,
id0100,id0206,noisy,crop,0.381796,0.434688,0.002516,1,
id0100,id0207,noisy,crop,0.283909,0.459358,0.007379,1,
id0100,id0208,noisy,crop,0.282223,0.500831,0.011636,1,
id0100,id0212,noisy,crop,0.384697,0.404946,0.002813,1,
id0100,id0220,noisy,crop,0.303845,0.395398,0.003491,1,
id0100,id0222,noisy,crop,0.283037,0.416552,0.011380,1,
id0100,id0224,noisy,crop,0.240644,0.382229,0.008262,1,
id0100,id0233,noisy,crop,0.396423,0.542087,0.014055,1,
id0100,id0239,noisy,crop,0.316771,0.368977,0.002911,1,
id0100,id0242,noisy,crop,0.324874,0.404966,0.008041,1,
id0100,id0246,noisy,crop,0.311059,0.392018,0.003597,1,
id0100,id0258,noisy,crop,0.251582,0.369981,0.004138,1,
id0100,id0273,noisy,crop,0.290329,0.417367,0.005250,1,
id0100,id0275,noisy,crop,0.308731,0.499566,0.011923,1,
id0100,id0285,noisy,crop,0.277587,0.331653,0.008421,1,
id0100,id0290,noisy,crop,0.358113,0.638699,0.011801,1,
id0100,id0296,noisy,crop,0.339237,0.447316,0.015429,1,
id0100,id0299,noisy,crop,0.251368,0.370245,0.008582,1,
id0100,id0303,noisy,crop,0.279486,0.320823,0.007490,1,
id0100,id0319,noisy,crop,0.311392,0.411213,0.004005,1,
id0100,id0321,noisy,crop,0.305860,0.475244,0.009417,1,
id0100,id0326,noisy,crop,0.332714,0.481578,0.013800,1,
id0100,id0328,noisy,crop,0.300063,0.409558,0.008594,1,
id0100,id0330,noisy,crop,0.280752,0.410692,0.003135,1,
id0100,id0342,noisy,crop,0.242274,0.352941,0.005479,1,
id0100,id0346,noisy,crop,0.240719,0.324222,0.005681,1,
id0100,id0363,noisy,crop,0.350327,0.333407,0.003233,1,
id0100,id0367,noisy,crop,0.302132,0.385447,0.004674,1,
id0100,id0368,noisy,crop,0.264951,0.415848,0.014454,1,
id0100,id0369,noisy,crop,0.303128,0.498771,0.015836,1,
id0100,id0372,noisy,crop,0.282238,0.314277,0.007244,1,
id0100,id0373,noisy,crop,0.339440,0.575156,0.009737,1,
id0100,id0374,noisy,crop,0.483190,0.634066,0.005062,1,
id0100,id0378,noisy,crop,0.261631,0.415004,0.009539,1,
id0100,id0381,noisy,crop,0.265107,0.403336,0.010092,1,
id0100,id0382,noisy,crop,0.300596,0.349930,0.001820,1,
id0100,id0392,noisy,crop,0.261117,0.362263,0.004328,1,
id0100,id0396,noisy,crop,0.307084,0.375421,0.003239,1,
id0100,id0398,noisy,crop,0.284001,0.350389,0.003031,1,
id0100,id0399,noisy,crop,0.317071,0.488464,0.006670,1,
id0100,id0401,noisy,crop,0.321974,0.401780,0.003267,1,
id0100,id0402,noisy,crop,0.209886,0.314669,0.005298,1,
id0100,id0404,noisy,crop,0.230173,0.372723,0.006598,1,
id0100,id0411,noisy,crop,0.335501,0.445752,0.002032,1,
id0100,id0412,noisy,crop,0.245770,0.295751,0.006797,1,
id0100,id0418,noisy,crop,0.304493,0.358969,0.011090,1,
id0100,id0421,noisy,crop,0.279166,0.426514,0.005499,1,
id0100,id0422,noisy,crop,0.214770,0.377150,0.007136,1,
id0100,id0431,noisy,crop,0.208772,0.315308,0.006538,1,
id0100,id0437,noisy,crop,0.332997,0.551693,0.012900,1,
id0100,id0441,noisy,crop,0.248943,0.404256,0.006305,1,
id0100,id0447,noisy,crop,0.392904,0.504549,0.017428,1,
id0100,id0460,noisy,crop,0.247531,0.398498,0.006143,1,
id0100,id0462,noisy,crop,0.285179,0.366069,0.014199,1,
id0100,id0465,noisy,crop,0.282701,0.361168,0.001884,1,
id0100,id0466,noisy,crop,0.350453,0.517317,0.016740,1,
id0100,id0468,noisy,crop,0.294604,0.395120,0.001392,1,
id0100,id0470,noisy,crop,0.198776,0.278802,0.003378,1,
id0100,id0476,noisy,crop,0.338209,0.519061,0.016214,1,
id0100,id0486,noisy,crop,0.363965,0.535211,0.004601,1,
id0100,id0491,noisy,crop,0.309713,0.512118,0.013506,1,
id0100,id0498,noisy,crop,0.358536,0.555667,0.004923,1,
id0106,id0107,noisy,crop,0.454091,0.693819,0.012511,1,
id0106,id0110,noisy,crop,0.377912,0.528553,0.005929,1,
id0106,id0113,noisy,crop,0.268664,0.377854,0.009053,1,
id0106,id0115,noisy,crop,0.363749,0.470080,0.006907,1,
id0106,id0130,noisy,crop,0.390905,0.593652,0.008412,1,
id0106,id0132,noisy,crop,0.377657,0.514831,0.010342,1,
id0106,id0136,noisy,crop,0.245880,0.411619,0.010178,1,
id0106,id0153,noisy,crop,0.413027,0.660200,0.018719,1,
id0106,id0161,noisy,crop,0.352656,0.450490,0.012357,1,
id0106,id0169,noisy,crop,0.312033,0.420316,0.008564,1,
id0106,id0182,noisy,crop,0.439648,0.580645,0.009133,1,
id0106,id0183,noisy,crop,0.466147,0.720220,0.017983,1,
id0106,id0186,noisy,crop,0.292766,0.404568,0.008173,1,
id0106,id0197,noisy,crop,0.412992,0.525737,0.006695,1,
id0106,id0199,noisy,crop,0.374640,0.704286,0.013120,1,
id0106,id0206,noisy,crop,0.420335,0.337091,0.002648,1,
id0106,id0207,noisy,crop,0.350510,0.464017,0.008989,1,
id0106,id0208,noisy,crop,0.392323,0.584039,0.014432,1,
id0106,id0212,noisy,crop,0.464512,0.595330,0.004424,1,
id0106,id0220,noisy,crop,0.383359,0.516428,0.005475,1,
id0106,id0222,noisy,crop,0.371177,0.519086,0.013580,1,
id0106,id0224,noisy,crop,0.370362,0.464989,0.010355,1,
id0106,id0233,noisy,crop,0.445682,0.669380,0.017446,1,
id0106,id0239,noisy,crop,0.437636,0.438173,0.004461,1,
id0106,id0242,noisy,crop,0.369287,0.462562,0.009795,1,
id0106,id0246,noisy,crop,0.416888,0.523589,0.006423,1,
id0106,id0258,noisy,crop,0.346109,0.505072,0.006278,1,
id0106,id0273,noisy,crop,0.388393,0.562334,0.007925,1,
id0106,id0275,noisy,crop,0.405760,0.628162,0.015400,1,
id0106,id0285,noisy,crop,0.257657,0.369375,0.010703,1,
id0106,id0290,noisy,crop,0.498934,0.785368,0.014655,1,
id0106,id0296,noisy,crop,0.390305,0.567269,0.018436,1,
id0106,id0299,noisy,crop,0.327450,0.507717,0.011758,1,
id0106,id0303,noisy,crop,0.437748,0.536254,0.011044,1,
id0106,id0319,noisy,crop,0.390693,0.500198,0.006583,1,
id0106,id0321,noisy,crop,0.467472,0.652655,0.012268,1,
id0106,id0326,noisy,crop,0.325195,0.573130,0.016571,1,
id0106,id0328,noisy,crop,0.380293,0.620515,0.012002,1,
id0106,id0330,noisy,crop,0.406433,0.556172,0.005336,1,
id0106,id0342,noisy,crop,0.322227,0.511805,0.008265,1,
id0106,id0346,noisy,crop,0.282370,0.393023,0.007283,1,
id0106,id0363,noisy,crop,0.320119,0.345218,0.004119,1,
id0106,id0367,noisy,crop,0.407536,0.491254,0.005549,1,
id0106,id0368,noisy,crop,0.325859,0.506228,0.017238,1,
id0106,id0369,noisy,crop,0.374849,0.677905,0.019891,1,
id0106,id0372,noisy,crop,0.436709,0.514739,0.010564,1,
id0106,id0373,noisy,crop,0.445575,0.654973,0.011216,1,
id0106,id0374,noisy,crop,0.564283,0.768952,0.006778,1,
id0106,id0378,noisy,crop,0.401648,0.558079,0.012968,1,
id0106,id0381,noisy,crop,0.386511,0.459350,0.012204,1,
id0106,id0382,noisy,crop,0.274062,0.425177,0.003176,1,
id0106,id0392,noisy,crop,0.380825,0.468067,0.005808,1,
id0106,id0396,noisy,crop,0.305536,0.381556,0.003824,1,
id0106,id0398,noisy,crop,0.313629,0.459695,0.004568,1,
id0106,id0399,noisy,crop,0.401420,0.626566,0.009320,1,
id0106,id0401,noisy,crop,0.408783,0.592562,0.005617,1,
id0106,id0402,noisy,crop,0.323353,0.389262,0.007513,1,
id0106,id0404,noisy,crop,0.315461,0.413356,0.009231,1,
id0106,id0411,noisy,crop,0.358647,0.554044,0.003949,1,
id0106,id0412,noisy,crop,0.285841,0.404834,0.009497,1,
id0106,id0418,noisy,crop,0.440570,0.489074,0.013988,1,
id0106,id0421,noisy,crop,0.347912,0.492124,0.007590,1,
id0106,id0422,noisy,crop,0.250374,0.410785,0.008716,1,
id0106,id0431,noisy,crop,0.303406,0.495422,0.009502,1,
id0106,id0437,noisy,crop,0.531362,0.785436,0.017933,1,
id0106,id0441,noisy,crop,0.374819,0.566175,0.009596,1,
id0106,id0447,noisy,crop,0.449451,0.684247,0.020929,1,
id0106,id0460,noisy,crop,0.311196,0.420755,0.008090,1,
id0106,id0462,noisy,crop,0.235375,0.401057,0.017348,1,
id0106,id0465,noisy,crop,0.357883,0.523499,0.003409,1,
id0106,id0466,noisy,crop,0.405969,0.636059,0.020229,1,
id0106,id0468,noisy,crop,0.314268,0.428043,0.001868,1,
id0106,id0470,noisy,crop,0.325705,0.403873,0.005080,1,
id0106,id0476,noisy,crop,0.395817,0.585779,0.018391,1,
id0106,id0486,noisy,crop,0.320759,0.545989,0.005737,1,
id0106,id0491,noisy,crop,0.461154,0.651505,0.017475,1,
id0106,id0498,noisy,crop,0.430084,0.634331,0.006400,1,
id0107,id0110,noisy,crop,0.316717,0.251251,0.001787,1,
id0107,id0113,noisy,crop,0.385110,0.499402,0.004978,1,
id0107,id0115,noisy,crop,0.420675,0.386478,0.002677,1,
id0107,id0130,noisy,crop,0.367561,0.475893,0.003572,1,
id0107,id0132,noisy,crop,0.366296,0.329271,0.004143,1,
id0107,id0136,noisy,crop,0.364598,0.517451,0.006042,1,
id0107,id0153,noisy,crop,0.224905,0.325598,0.009221,1,
id0107,id0161,noisy,crop,0.315841,0.366686,0.005670,1,
id0107,id0169,noisy,crop,0.336007,0.436967,0.004091,1,
id0107,id0182,noisy,crop,0.317627,0.272357,0.003428,1,
id0107,id0183,noisy,crop,0.383571,0.488498,0.012683,1,
id0107,id0186,noisy,crop,0.336030,0.433317,0.004059,1,
id0107,id0197,noisy,crop,0.351594,0.359809,0.003974,1,
id0107,id0199,noisy,crop,0.300369,0.465903,0.007558,1,
id0107,id0206,noisy,crop,0.657997,0.716012,0.004341,1,
id0107,id0207,noisy,crop,0.467835,0.489463,0.004891,1,
id0107,id0208,noisy,crop,0.310402,0.334502,0.006835,1,
id0107,id0212,noisy,crop,0.305634,0.388980,0.002316,1,
id0107,id0220,noisy,crop,0.258220,0.322648,0.001998,1,
id0107,id0222,noisy,crop,0.337854,0.341238,0.007992,1,
id0107,id0224,noisy,crop,0.453442,0.424953,0.005770,1,
id0107,id0233,noisy,crop,0.364901,0.322811,0.008666,1,
id0107,id0239,noisy,crop,0.582517,0.642538,0.002880,1,
id0107,id0242,noisy,crop,0.429744,0.419618,0.004692,1,
id0107,id0246,noisy,crop,0.471941,0.470967,0.001868,1,
id0107,id0258,noisy,crop,0.280906,0.349045,0.002275,1,
id0107,id0273,noisy,crop,0.329603,0.326687,0.002745,1,
id0107,id0275,noisy,crop,0.271493,0.335434,0.007191,1,
id0107,id0285,noisy,crop,0.416256,0.472780,0.005660,1,
id0107,id0290,noisy,crop,0.321900,0.390859,0.007274,1,
id0107,id0296,noisy,crop,0.250251,0.351901,0.011121,1,
id0107,id0299,noisy,crop,0.307548,0.282311,0.005033,1,
id0107,id0303,noisy,crop,0.314063,0.305903,0.004637,1,
id0107,id0319,noisy,crop,0.353474,0.481110,0.002321,1,
id0107,id0321,noisy,crop,0.283130,0.268475,0.005620,1,
id0107,id0326,noisy,crop,0.384815,0.477610,0.010385,1,
id0107,id0328,noisy,crop,0.303284,0.338317,0.004581,1,
id0107,id0330,noisy,crop,0.326670,0.403728,0.002222,1,
id0107,id0342,noisy,crop,0.384337,0.419185,0.003679,1,
id0107,id0346,noisy,crop,0.445168,0.458593,0.003792,1,
id0107,id0363,noisy,crop,0.492786,0.459163,0.002298,1,
id0107,id0367,noisy,crop,0.538074,0.419988,0.003248,1,
id0107,id0368,noisy,crop,0.294117,0.347204,0.010076,1,
id0107,id0369,noisy,crop,0.250131,0.314107,0.010462,1,
id0107,id0372,noisy,crop,0.428425,0.358763,0.004218,1,
id0107,id0373,noisy,crop,0.408188,0.403224,0.005856,1,
id0107,id0374,noisy,crop,0.287878,0.331192,0.002113,1,
id0107,id0378,noisy,crop,0.364215,0.318831,0.005143,1,
id0107,id0381,noisy,crop,0.420427,0.394790,0.006566,1,
id0107,id0382,noisy,crop,0.383102,0.495066,0.001612,1,
id0107,id0392,noisy,crop,0.420060,0.385332,0.002824,1,
id0107,id0396,noisy,crop,0.451683,0.550644,0.002279,1,
id0107,id0398,noisy,crop,0.419607,0.578348,0.003817,1,
id0107,id0399,noisy,crop,0.245558,0.304123,0.003155,1,
id0107,id0401,noisy,crop,0.343580,0.456516,0.001825,1,
id0107,id0402,noisy,crop,0.389205,0.385677,0.003081,1,
id0107,id0404,noisy,crop,0.433478,0.503051,0.005060,1,
id0107,id0411,noisy,crop,0.379955,0.486711,0.001868,1,
id0107,id0412,noisy,crop,0.363069,0.414900,0.004136,1,
id0107,id0418,noisy,crop,0.474396,0.424513,0.008044,1,
id0107,id0421,noisy,crop,0.372598,0.389668,0.002704,1,
id0107,id0422,noisy,crop,0.394884,0.425036,0.004799,1,
id0107,id0431,noisy,crop,0.380209,0.463334,0.005051,1,
id0107,id0437,noisy,crop,0.386529,0.414236,0.007413,1,
id0107,id0441,noisy,crop,0.326461,0.390070,0.003999,1,
id0107,id0447,noisy,crop,0.256624,0.334471,0.012157,1,
id0107,id0460,noisy,crop,0.356829,0.422905,0.003426,1,
id0107,id0462,noisy,crop,0.322783,0.439464,0.010110,1,
id0107,id0465,noisy,crop,0.305929,0.384862,0.001479,1,
id0107,id0466,noisy,crop,0.252332,0.353115,0.011532,1,
id0107,id0468,noisy,crop,0.495664,0.654626,0.002944,1,
id0107,id0470,noisy,crop,0.422134,0.525987,0.003352,1,
id0107,id0476,noisy,crop,0.252441,0.367915,0.011174,1,
id0107,id0486,noisy,crop,0.348157,0.472179,0.002512,1,
id0107,id0491,noisy,crop,0.318971,0.331551,0.007977,1,
id0107,id0498,noisy,crop,0.341133,0.381720,0.002236,1,
id0110,id0113,noisy,crop,0.310158,0.398912,0.005202,1,
id0110,id0115,noisy,crop,0.318039,0.338484,0.003250,1,
id0110,id0130,noisy,crop,0.333581,0.476914,0.004298,1,
id0110,id0132,noisy,crop,0.296964,0.310154,0.005284,1,
id0110,id0136,noisy,crop,0.334790,0.466562,0.006382,1,
id0110,id0153,noisy,crop,0.244116,0.346420,0.010657,1,
id0110,id0161,noisy,crop,0.246717,0.260634,0.006654,1,
id0110,id0169,noisy,crop,0.282912,0.349093,0.004069,1,
id0110,id0182,noisy,crop,0.194870,0.270190,0.003910,1,
id0110,id0183,noisy,crop,0.461201,0.578266,0.013764,1,
id0110,id0186,noisy,crop,0.244232,0.302249,0.004112,1,
id0110,id0197,noisy,crop,0.299817,0.397265,0.004224,1,
id0110,id0199,noisy,crop,0.327028,0.540843,0.008664,1,
id0110,id0206,noisy,crop,0.472494,0.598639,0.003830,1,
id0110,id0207,noisy,crop,0.299907,0.439369,0.005178,1,
id0110,id0208,noisy,crop,0.229565,0.358562,0.007952,1,
id0110,id0212,noisy,crop,0.333743,0.442673,0.002367,1,
id0110,id0220,noisy,crop,0.237587,0.327770,0.002116,1,
id0110,id0222,noisy,crop,0.256883,0.371782,0.008624,1,
id0110,id0224,noisy,crop,0.276822,0.337324,0.006151,1,
id0110,id0233,noisy,crop,0.361472,0.380232,0.010144,1,
id0110,id0239,noisy,crop,0.413194,0.485572,0.002612,1,
id0110,id0242,noisy,crop,0.305825,0.339001,0.005391,1,
id0110,id0246,noisy,crop,0.306364,0.368697,0.002119,1,
id0110,id0258,noisy,crop,0.211862,0.316837,0.002807,1,
id0110,id0273,noisy,crop,0.227279,0.300136,0.003227,1,
id0110,id0275,noisy,crop,0.276724,0.372613,0.008197,1,
id0110,id0285,noisy,crop,0.307500,0.376400,0.005971,1,
id0110,id0290,noisy,crop,0.287068,0.532886,0.008451,1,
id0110,id0296,noisy,crop,0.312721,0.362207,0.012141,1,
id0110,id0299,noisy,crop,0.214272,0.266297,0.005611,1,
id0110,id0303,noisy,crop,0.287565,0.290320,0.005382,1,
id0110,id0319,noisy,crop,0.298992,0.437085,0.002763,1,
id0110,id0321,noisy,crop,0.270041,0.408416,0.007089,1,
id0110,id0326,noisy,crop,0.370817,0.525369,0.011219,1,
id0110,id0328,noisy,crop,0.273033,0.306574,0.005740,1,
id0110,id0330,noisy,crop,0.228531,0.380792,0.001996,1,
id0110,id0342,noisy,crop,0.282683,0.359828,0.003671,1,
id0110,id0346,noisy,crop,0.270157,0.360534,0.003860,1,
id0110,id0363,noisy,crop,0.375999,0.334461,0.002315,1,
id0110,id0367,noisy,crop,0.356451,0.357700,0.003015,1,
id0110,id0368,noisy,crop,0.276779,0.361840,0.010921,1,
id0110,id0369,noisy,crop,0.262308,0.425911,0.012122,1,
id0110,id0372,noisy,crop,0.319230,0.319236,0.005172,1,
id0110,id0373,noisy,crop,0.298926,0.465226,0.006842,1,
id0110,id0374,noisy,crop,0.379659,0.455153,0.002766,1,
id0110,id0378,noisy,crop,0.228567,0.285164,0.006538,1,
id0110,id0381,noisy,crop,0.286081,0.375393,0.007441,1,
id0110,id0382,noisy,crop,0.321512,0.422568,0.001806,1,
id0110,id0392,noisy,crop,0.275302,0.321674,0.003077,1,
id0110,id0396,noisy,crop,0.381231,0.459991,0.002881,1,
id0110,id0398,noisy,crop,0.359877,0.537242,0.003760,1,
id0110,id0399,noisy,crop,0.249750,0.379117,0.004077,1,
id0110,id0401,noisy,crop,0.268448,0.364760,0.001721,1,
id0110,id0402,noisy,crop,0.232829,0.323710,0.003466,1,
id0110,id0404,noisy,crop,0.311420,0.444353,0.005540,1,
id0110,id0411,noisy,crop,0.296187,0.409385,0.001755,1,
id0110,id0412,noisy,crop,0.289117,0.366709,0.004909,1,
id0110,id0418,noisy,crop,0.317324,0.411504,0.008738,1,
id0110,id0421,noisy,crop,0.259617,0.343003,0.003197,1,
id0110,id0422,noisy,crop,0.250357,0.366517,0.004850,1,
id0110,id0431,noisy,crop,0.316012,0.462013,0.005574,1,
id0110,id0437,noisy,crop,0.276091,0.436772,0.009004,1,
id0110,id0441,noisy,crop,0.240384,0.333256,0.004216,1,
id0110,id0447,noisy,crop,0.375103,0.451245,0.013820,1,
id0110,id0460,noisy,crop,0.255778,0.359461,0.004059,1,
id0110,id0462,noisy,crop,0.321440,0.417643,0.011113,1,
id0110,id0465,noisy,crop,0.263111,0.356281,0.001667,1,
id0110,id0466,noisy,crop,0.321856,0.437312,0.012674,1,
id0110,id0468,noisy,crop,0.391245,0.542514,0.002441,1,
id0110,id0470,noisy,crop,0.310097,0.448070,0.003270,1,
id0110,id0476,noisy,crop,0.267099,0.393890,0.011969,1,
id0110,id0486,noisy,crop,0.343895,0.474176,0.003028,1,
id0110,id0491,noisy,crop,0.227186,0.320727,0.009341,1,
id0110,id0498,noisy,crop,0.283168,0.383560,0.002681,1,
id0113,id0115,noisy,crop,0.234052,0.319888,0.006971,1,
id0113,id0130,noisy,crop,0.349556,0.542250,0.009290,1,
id0113,id0132,noisy,crop,0.287492,0.373701,0.010611,1,
id0113,id0136,noisy,crop,0.239166,0.359635,0.011171,1,
id0113,id0153,noisy,crop,0.357333,0.576204,0.019488,1,
id0113,id0161,noisy,crop,0.258170,0.352233,0.013067,1,
id0113,id0169,noisy,crop,0.222419,0.302590,0.008842,1,
id0113,id0182,noisy,crop,0.376427,0.490487,0.009734,1,
id0113,id0183,noisy,crop,0.507166,0.688374,0.021226,1,
id0113,id0186,noisy,crop,0.242666,0.331177,0.009270,1,
id0113,id0197,noisy,crop,0.347405,0.440212,0.007905,1,
id0113,id0199,noisy,crop,0.375619,0.632028,0.014850,1,
id0113,id0206,noisy,crop,0.364226,0.362210,0.003660,1,
id0113,id0207,noisy,crop,0.300088,0.455246,0.010436,1,
id0113,id0208,noisy,crop,0.328508,0.515635,0.015701,1,
id0113,id0212,noisy,crop,0.421904,0.459662,0.003897,1,
id0113,id0220,noisy,crop,0.302598,0.403586,0.005491,1,
id0113,id0222,noisy,crop,0.296577,0.426486,0.015027,1,
id0113,id0224,noisy,crop,0.313013,0.402976,0.011524,1,
id0113,id0233,noisy,crop,0.437280,0.584816,0.018238,1,
id0113,id0239,noisy,crop,0.324364,0.380964,0.004626,1,
id0113,id0242,noisy,crop,0.393957,0.455980,0.011267,1,
id0113,id0246,noisy,crop,0.297616,0.381343,0.005985,1,
id0113,id0258,noisy,crop,0.287135,0.408973,0.006511,1,
id0113,id0273,noisy,crop,0.332205,0.458458,0.007817,1,
id0113,id0275,noisy,crop,0.304862,0.513528,0.015892,1,
id0113,id0285,noisy,crop,0.272176,0.331075,0.011883,1,
id0113,id0290,noisy,crop,0.407460,0.700285,0.015161,1,
id0113,id0296,noisy,crop,0.300483,0.472124,0.020195,1,
id0113,id0299,noisy,crop,0.231995,0.364597,0.012029,1,
id0113,id0303,noisy,crop,0.335372,0.395723,0.010897,1,
id0113,id0319,noisy,crop,0.310577,0.412309,0.006187,1,
id0113,id0321,noisy,crop,0.372492,0.556980,0.012970,1,
id0113,id0326,noisy,crop,0.325538,0.501377,0.018082,1,
id0113,id0328,noisy,crop,0.357188,0.509107,0.012174,1,
id0113,id0330,noisy,crop,0.302647,0.442292,0.004699,1,
id0113,id0342,noisy,crop,0.254583,0.383660,0.008227,1,
id0113,id0346,noisy,crop,0.253576,0.336224,0.008299,1,
id0113,id0363,noisy,crop,0.325431,0.321599,0.004823,1,
id0113,id0367,noisy,crop,0.313151,0.371634,0.006619,1,
id0113,id0368,noisy,crop,0.294373,0.438220,0.018795,1,
id0113,id0369,noisy,crop,0.329816,0.566053,0.020211,1,
id0113,id0372,noisy,crop,0.297095,0.363781,0.010523,1,
id0113,id0373,noisy,crop,0.411183,0.612255,0.012980,1,
id0113,id0374,noisy,crop,0.500464,0.669625,0.007064,1,
id0113,id0378,noisy,crop,0.341997,0.481334,0.013392,1,
id0113,id0381,noisy,crop,0.324829,0.436907,0.013669,1,
id0113,id0382,noisy,crop,0.212867,0.298473,0.002876,1,
id0113,id0392,noisy,crop,0.325249,0.386855,0.006737,1,
id0113,id0396,noisy,crop,0.321982,0.415528,0.004867,1,
id0113,id0398,noisy,crop,0.262899,0.339394,0.004543,1,
id0113,id0399,noisy,crop,0.364897,0.533959,0.009667,1,
id0113,id0401,noisy,crop,0.333326,0.468152,0.005292,1,
id0113,id0402,noisy,crop,0.231491,0.306285,0.008108,1,
id0113,id0404,noisy,crop,0.181654,0.347552,0.009420,1,
id0113,id0411,noisy,crop,0.306597,0.401004,0.002955,1,
id0113,id0412,noisy,crop,0.214743,0.324127,0.010096,1,
id0113,id0418,noisy,crop,0.322540,0.351426,0.015041,1,
id0113,id0421,noisy,crop,0.328109,0.426759,0.008346,1,
id0113,id0422,noisy,crop,0.224248,0.361876,0.009951,1,
id0113,id0431,noisy,crop,0.237186,0.365336,0.009757,1,
id0113,id0437,noisy,crop,0.438067,0.660594,0.017244,1,
id0113,id0441,noisy,crop,0.269828,0.431706,0.009505,1,
id0113,id0447,noisy,crop,0.444634,0.573841,0.022346,1,
id0113,id0460,noisy,crop,0.258894,0.397076,0.009061,1,
id0113,id0462,noisy,crop,0.256985,0.365918,0.018662,1,
id0113,id0465,noisy,crop,0.286918,0.393319,0.003346,1,
id0113,id0466,noisy,crop,0.350294,0.535150,0.021163,1,
id0113,id0468,noisy,crop,0.200979,0.296189,0.001613,1,
id0113,id0470,noisy,crop,0.197301,0.253916,0.005496,1,
id0113,id0476,noisy,crop,0.386558,0.556051,0.020564,1,
id0113,id0486,noisy,crop,0.357867,0.505827,0.006744,1,
id0113,id0491,noisy,crop,0.381169,0.557495,0.017642,1,
id0113,id0498,noisy,crop,0.388963,0.553476,0.007193,1,
id0115,id0130,noisy,crop,0.323087,0.554749,0.009058,1,
id0115,id0132,noisy,crop,0.256724,0.414903,0.011004,1,
id0115,id0136,noisy,crop,0.293179,0.508337,0.012899,1,
id0115,id0153,noisy,crop,0.316600,0.590374,0.019648,1,
id0115,id0161,noisy,crop,0.210773,0.372027,0.013875,1,
id0115,id0169,noisy,crop,0.310917,0.450702,0.010528,1,
id0115,id0182,noisy,crop,0.324615,0.525876,0.009487,1,
id0115,id0183,noisy,crop,0.476469,0.702143,0.021903,1,
id0115,id0186,noisy,crop,0.267623,0.381862,0.010328,1,
id0115,id0197,noisy,crop,0.281178,0.458615,0.008016,1,
id0115,id0199,noisy,crop,0.385774,0.673174,0.016068,1,
id0115,id0206,noisy,crop,0.392991,0.476868,0.005467,1,
id0115,id0207,noisy,crop,0.272651,0.511566,0.011077,1,
id0115,id0208,noisy,crop,0.281801,0.512534,0.015305,1,
id0115,id0212,noisy,crop,0.479754,0.554637,0.004348,1,
id0115,id0220,noisy,crop,0.337337,0.466741,0.005992,1,
id0115,id0222,noisy,crop,0.290564,0.478009,0.015806,1,
id0115,id0224,noisy,crop,0.320031,0.473258,0.012963,1,
id0115,id0233,noisy,crop,0.412882,0.619771,0.018659,1,
id0115,id0239,noisy,crop,0.335192,0.458435,0.006176,1,
id0115,id0242,noisy,crop,0.330478,0.440534,0.011445,1,
id0115,id0246,noisy,crop,0.275347,0.427939,0.006205,1,
id0115,id0258,noisy,crop,0.310691,0.484134,0.007007,1,
id0115,id0273,noisy,crop,0.354685,0.540885,0.008444,1,
id0115,id0275,noisy,crop,0.299786,0.538454,0.015761,1,
id0115,id0285,noisy,crop,0.281552,0.374336,0.012795,1,
id0115,id0290,noisy,crop,0.391224,0.727484,0.015063,1,
id0115,id0296,noisy,crop,0.326627,0.502054,0.021031,1,
id0115,id0299,noisy,crop,0.228059,0.412065,0.012924,1,
id0115,id0303,noisy,crop,0.355119,0.490827,0.012418,1,
id0115,id0319,noisy,crop,0.360065,0.507310,0.006825,1,
id0115,id0321,noisy,crop,0.359986,0.588317,0.013207,1,
id0115,id0326,noisy,crop,0.363551,0.582127,0.020223,1,
id0115,id0328,noisy,crop,0.359960,0.533098,0.012931,1,
id0115,id0330,noisy,crop,0.358265,0.572265,0.005560,1,
id0115,id0342,noisy,crop,0.316471,0.509678,0.010101,1,
id0115,id0346,noisy,crop,0.257144,0.404256,0.008981,1,
id0115,id0363,noisy,crop,0.320262,0.317648,0.005247,1,
id0115,id0367,noisy,crop,0.287228,0.404174,0.007334,1,
id0115,id0368,noisy,crop,0.287993,0.486853,0.019523,1,
id0115,id0369,noisy,crop,0.347987,0.637750,0.021361,1,
id0115,id0372,noisy,crop,0.296426,0.387794,0.011643,1,
id0115,id0373,noisy,crop,0.312743,0.613259,0.012865,1,
id0115,id0374,noisy,crop,0.499095,0.683022,0.006095,1,
id0115,id0378,noisy,crop,0.301339,0.521573,0.013880,1,
id0115,id0381,noisy,crop,0.269178,0.403991,0.014089,1,
id0115,id0382,noisy,crop,0.302594,0.411495,0.003712,1,
id0115,id0392,noisy,crop,0.293863,0.448577,0.007565,1,
id0115,id0396,noisy,crop,0.286770,0.404429,0.004974,1,
id0115,id0398,noisy,crop,0.383203,0.513139,0.006713,1,
id0115,id0399,noisy,crop,0.374570,0.580400,0.009857,1,
id0115,id0401,noisy,crop,0.379613,0.537874,0.006121,1,
id0115,id0402,noisy,crop,0.215594,0.371061,0.008658,1,
id0115,id0404,noisy,crop,0.249392,0.498241,0.011039,1,
id0115,id0411,noisy,crop,0.340860,0.503011,0.003508,1,
id0115,id0412,noisy,crop,0.263314,0.440631,0.011342,1,
id0115,id0418,noisy,crop,0.287194,0.425750,0.016826,1,
id0115,id0421,noisy,crop,0.245409,0.429416,0.008061,1,
id0115,id0422,noisy,crop,0.259790,0.480982,0.011172,1,
id0115,id0431,noisy,crop,0.304351,0.497828,0.011875,1,
id0115,id0437,noisy,crop,0.405363,0.696072,0.018027,1,
id0115,id0441,noisy,crop,0.279388,0.512239,0.010688,1,
id0115,id0447,noisy,crop,0.454329,0.620725,0.023871,1,
id0115,id0460,noisy,crop,0.228866,0.408803,0.009304,1,
id0115,id0462,noisy,crop,0.305887,0.449068,0.019957,1,
id0115,id0465,noisy,crop,0.356056,0.476914,0.003853,1,
id0115,id0466,noisy,crop,0.346899,0.576699,0.021971,1,
id0115,id0468,noisy,crop,0.321147,0.491546,0.003451,1,
id0115,id0470,noisy,crop,0.297402,0.424273,0.007404,1,
id0115,id0476,noisy,crop,0.353572,0.563198,0.020953,1,
id0115,id0486,noisy,crop,0.364640,0.535337,0.006728,1,
id0115,id0491,noisy,crop,0.317064,0.547442,0.017586,1,
id0115,id0498,noisy,crop,0.345438,0.549813,0.006613,1,
id0130,id0132,noisy,crop,0.244093,0.351306,0.009455,1,
id0130,id0136,noisy,crop,0.306408,0.435429,0.011116,1,
id0130,id0153,noisy,crop,0.333282,0.525822,0.016849,1,
id0130,id0161,noisy,crop,0.307026,0.452101,0.012017,1,
id0130,id0169,noisy,crop,0.373685,0.496263,0.009589,1,
id0130,id0182,noisy,crop,0.351816,0.493654,0.007840,1,
id0130,id0183,noisy,crop,0.510146,0.743416,0.017816,1,
id0130,id0186,noisy,crop,0.348980,0.472509,0.008519,1,
id0130,id0197,noisy,crop,0.372835,0.524413,0.006342,1,
id0130,id0199,noisy,crop,0.458971,0.750628,0.013496,1,
id0130,id0206,noisy,crop,0.471346,0.546338,0.005654,1,
id0130,id0207,noisy,crop,0.304332,0.426355,0.008966,1,
id0130,id0208,noisy,crop,0.232676,0.355298,0.012201,1,
id0130,id0212,noisy,crop,0.435511,0.546314,0.003960,1,
id0130,id0220,noisy,crop,0.292388,0.386419,0.004721,1,
id0130,id0222,noisy,crop,0.320295,0.419131,0.013146,1,
id0130,id0224,noisy,crop,0.390473,0.533153,0.011721,1,
id0130,id0233,noisy,crop,0.375068,0.552468,0.016067,1,
id0130,id0239,noisy,crop,0.495224,0.661532,0.006695,1,
id0130,id0242,noisy,crop,0.372354,0.475743,0.009614,1,
id0130,id0246,noisy,crop,0.330951,0.384559,0.005281,1,
id0130,id0258,noisy,crop,0.307829,0.471115,0.005915,1,
id0130,id0273,noisy,crop,0.310102,0.495528,0.007143,1,
id0130,id0275,noisy,crop,0.208740,0.380684,0.012898,1,
id0130,id0285,noisy,crop,0.371727,0.508683,0.011328,1,
id0130,id0290,noisy,crop,0.449292,0.750832,0.013433,1,
id0130,id0296,noisy,crop,0.256659,0.379466,0.016793,1,
id0130,id0299,noisy,crop,0.265467,0.378781,0.010833,1,
id0130,id0303,noisy,crop,0.337739,0.458506,0.010257,1,
id0130,id0319,noisy,crop,0.345211,0.388088,0.005285,1,
id0130,id0321,noisy,crop,0.348815,0.532619,0.010722,1,
id0130,id0326,noisy,crop,0.443456,0.640831,0.017849,1,
id0130,id0328,noisy,crop,0.412932,0.601229,0.011149,1,
id0130,id0330,noisy,crop,0.368112,0.558471,0.004993,1,
id0130,id0342,noisy,crop,0.356428,0.536446,0.008640,1,
id0130,id0346,noisy,crop,0.340686,0.465196,0.008188,1,
id0130,id0363,noisy,crop,0.319664,0.337075,0.004179,1,
id0130,id0367,noisy,crop,0.438141,0.536295,0.006051,1,
id0130,id0368,noisy,crop,0.298341,0.449771,0.016725,1,
id0130,id0369,noisy,crop,0.432295,0.671166,0.019241,1,
id0130,id0372,noisy,crop,0.448963,0.522013,0.010115,1,
id0130,id0373,noisy,crop,0.417194,0.617868,0.010427,1,
id0130,id0374,noisy,crop,0.370401,0.553216,0.004480,1,
id0130,id0378,noisy,crop,0.328384,0.431610,0.011618,1,
id0130,id0381,noisy,crop,0.354115,0.428434,0.011479,1,
id0130,id0382,noisy,crop,0.295463,0.374357,0.003308,1,
id0130,id0392,noisy,crop,0.319163,0.463789,0.006204,1,
id0130,id0396,noisy,crop,0.382300,0.533747,0.004392,1,
id0130,id0398,noisy,crop,0.511081,0.663192,0.006819,1,
id0130,id0399,noisy,crop,0.266405,0.425066,0.007131,1,
id0130,id0401,noisy,crop,0.358146,0.554904,0.005256,1,
id0130,id0402,noisy,crop,0.303072,0.352068,0.007162,1,
id0130,id0404,noisy,crop,0.327843,0.457866,0.009933,1,
id0130,id0411,noisy,crop,0.303066,0.403494,0.003448,1,
id0130,id0412,noisy,crop,0.346610,0.457963,0.009539,1,
id0130,id0418,noisy,crop,0.425446,0.539311,0.014841,1,
id0130,id0421,noisy,crop,0.206351,0.292108,0.006363,1,
id0130,id0422,noisy,crop,0.308344,0.492757,0.009615,1,
id0130,id0431,noisy,crop,0.403008,0.589645,0.010888,1,
id0130,id0437,noisy,crop,0.482127,0.730759,0.016014,1,
id0130,id0441,noisy,crop,0.264992,0.446188,0.008963,1,
id0130,id0447,noisy,crop,0.432081,0.606782,0.019858,1,
id0130,id0460,noisy,crop,0.205993,0.282410,0.007383,1,
id0130,id0462,noisy,crop,0.364310,0.487455,0.017638,1,
id0130,id0465,noisy,crop,0.326860,0.413651,0.003251,1,
id0130,id0466,noisy,crop,0.378059,0.548917,0.019097,1,
id0130,id0468,noisy,crop,0.399628,0.571959,0.003920,1,
id0130,id0470,noisy,crop,0.415874,0.552274,0.006759,1,
id0130,id0476,noisy,crop,0.341390,0.487915,0.016944,1,
id0130,id0486,noisy,crop,0.288027,0.406140,0.005247,1,
id0130,id0491,noisy,crop,0.328545,0.499069,0.015112,1,
id0130,id0498,noisy,crop,0.211044,0.369454,0.004555,1,
id0132,id0136,noisy,crop,0.327843,0.420986,0.011601,1,
id0132,id0153,noisy,crop,0.294654,0.493879,0.018169,1,
id0132,id0161,noisy,crop,0.250696,0.339712,0.012588,1,
id0132,id0169,noisy,crop,0.369265,0.389563,0.009308,1,
id0132,id0182,noisy,crop,0.318556,0.466972,0.008774,1,
id0132,id0183,noisy,crop,0.452260,0.695001,0.020285,1,
id0132,id0186,noisy,crop,0.272768,0.385722,0.009126,1,
id0132,id0197,noisy,crop,0.327468,0.446672,0.007299,1,
id0132,id0199,noisy,crop,0.426519,0.684237,0.014763,1,
id0132,id0206,noisy,crop,0.420136,0.450723,0.004788,1,
id0132,id0207,noisy,crop,0.252130,0.415654,0.009925,1,
id0132,id0208,noisy,crop,0.246159,0.388269,0.014113,1,
id0132,id0212,noisy,crop,0.469247,0.479330,0.003890,1,
id0132,id0220,noisy,crop,0.295128,0.342704,0.005089,1,
id0132,id0222,noisy,crop,0.321969,0.364126,0.014526,1,
id0132,id0224,noisy,crop,0.344766,0.434966,0.011810,1,
id0132,id0233,noisy,crop,0.311383,0.525110,0.017119,1,
id0132,id0239,noisy,crop,0.439543,0.520909,0.005679,1,
id0132,id0242,noisy,crop,0.300150,0.432835,0.010411,1,
id0132,id0246,noisy,crop,0.292914,0.282806,0.005271,1,
id0132,id0258,noisy,crop,0.282999,0.373417,0.006137,1,
id0132,id0273,noisy,crop,0.257216,0.427013,0.007240,1,
id0132,id0275,noisy,crop,0.269950,0.393722,0.014590,1,
id0132,id0285,noisy,crop,0.314647,0.420753,0.011689,1,
id0132,id0290,noisy,crop,0.378622,0.686504,0.014015,1,
id0132,id0296,noisy,crop,0.281953,0.365008,0.019308,1,
id0132,id0299,noisy,crop,0.245362,0.318656,0.011387,1,
id0132,id0303,noisy,crop,0.284289,0.385608,0.010717,1,
id0132,id0319,noisy,crop,0.387588,0.395992,0.005910,1,
id0132,id0321,noisy,crop,0.299479,0.474522,0.011829,1,
id0132,id0326,noisy,crop,0.415573,0.574768,0.018461,1,
id0132,id0328,noisy,crop,0.333034,0.505907,0.011447,1,
id0132,id0330,noisy,crop,0.375186,0.502101,0.004972,1,
id0132,id0342,noisy,crop,0.315689,0.461394,0.008770,1,
id0132,id0346,noisy,crop,0.285733,0.356306,0.008117,1,
id0132,id0363,noisy,crop,0.286592,0.321029,0.004530,1,
id0132,id0367,noisy,crop,0.347437,0.438963,0.006504,1,
id0132,id0368,noisy,crop,0.296998,0.420181,0.018121,1,
id0132,id0369,noisy,crop,0.371616,0.585056,0.019900,1,
id0132,id0372,noisy,crop,0.417602,0.390731,0.010256,1,
id0132,id0373,noisy,crop,0.316343,0.592953,0.011741,1,
id0132,id0374,noisy,crop,0.419974,0.556470,0.005518,1,
id0132,id0378,noisy,crop,0.293555,0.401393,0.012391,1,
id0132,id0381,noisy,crop,0.340292,0.406615,0.012785,1,
id0132,id0382,noisy,crop,0.280951,0.264317,0.002918,1,
id0132,id0392,noisy,crop,0.235875,0.368030,0.006551,1,
id0132,id0396,noisy,crop,0.291879,0.469177,0.004356,1,
id0132,id0398,noisy,crop,0.442944,0.517527,0.005691,1,
id0132,id0399,noisy,crop,0.275127,0.436495,0.008556,1,
id0132,id0401,noisy,crop,0.341375,0.452541,0.005193,1,
id0132,id0402,noisy,crop,0.279107,0.282524,0.007581,1,
id0132,id0404,noisy,crop,0.300512,0.398171,0.009976,1,
id0132,id0411,noisy,crop,0.314538,0.349354,0.003047,1,
id0132,id0412,noisy,crop,0.309553,0.359186,0.009933,1,
id0132,id0418,noisy,crop,0.382016,0.402999,0.015432,1,
id0132,id0421,noisy,crop,0.224396,0.306400,0.007166,1,
id0132,id0422,noisy,crop,0.276335,0.440978,0.010296,1,
id0132,id0431,noisy,crop,0.366501,0.473015,0.010474,1,
id0132,id0437,noisy,crop,0.422602,0.646832,0.016546,1,
id0132,id0441,noisy,crop,0.277428,0.391239,0.009416,1,
id0132,id0447,noisy,crop,0.425908,0.564181,0.021896,1,
id0132,id0460,noisy,crop,0.221807,0.313652,0.008311,1,
id0132,id0462,noisy,crop,0.303353,0.418037,0.018343,1,
id0132,id0465,noisy,crop,0.314764,0.331688,0.003125,1,
id0132,id0466,noisy,crop,0.381822,0.533182,0.020809,1,
id0132,id0468,noisy,crop,0.365926,0.446751,0.002865,1,
id0132,id0470,noisy,crop,0.363839,0.400263,0.006416,1,
id0132,id0476,noisy,crop,0.354196,0.511318,0.019460,1,
id0132,id0486,noisy,crop,0.267207,0.402062,0.005716,1,
id0132,id0491,noisy,crop,0.291009,0.470857,0.016168,1,
id0132,id0498,noisy,crop,0.292322,0.396268,0.005776,1,
id0136,id0153,noisy,crop,0.375625,0.571031,0.015239,1,
id0136,id0161,noisy,crop,0.295263,0.409868,0.009860,1,
id0136,id0169,noisy,crop,0.284364,0.357935,0.006507,1,
id0136,id0182,noisy,crop,0.392730,0.454722,0.006859,1,
id0136,id0183,noisy,crop,0.482447,0.663672,0.015870,1,
id0136,id0186,noisy,crop,0.309905,0.373232,0.006272,1,
id0136,id0197,noisy,crop,0.376193,0.431131,0.005201,1,
id0136,id0199,noisy,crop,0.360567,0.632757,0.010735,1,
id0136,id0206,noisy,crop,0.441859,0.428232,0.002804,1,
id0136,id0207,noisy,crop,0.345672,0.439660,0.007109,1,
id0136,id0208,noisy,crop,0.330841,0.447042,0.011313,1,
id0136,id0212,noisy,crop,0.379092,0.445994,0.003192,1,
id0136,id0220,noisy,crop,0.300351,0.390352,0.003690,1,
id0136,id0222,noisy,crop,0.317272,0.409940,0.011029,1,
id0136,id0224,noisy,crop,0.397653,0.456288,0.008398,1,
id0136,id0233,noisy,crop,0.433041,0.559870,0.014086,1,
id0136,id0239,noisy,crop,0.442633,0.522577,0.003712,1,
id0136,id0242,noisy,crop,0.398616,0.459419,0.008051,1,
id0136,id0246,noisy,crop,0.347872,0.442533,0.004203,1,
id0136,id0258,noisy,crop,0.323088,0.451475,0.004666,1,
id0136,id0273,noisy,crop,0.364297,0.475955,0.005456,1,
id0136,id0275,noisy,crop,0.305378,0.470154,0.011772,1,
id0136,id0285,noisy,crop,0.273611,0.350084,0.008729,1,
id0136,id0290,noisy,crop,0.469948,0.693452,0.011808,1,
id0136,id0296,noisy,crop,0.291889,0.433800,0.015176,1,
id0136,id0299,noisy,crop,0.237999,0.342650,0.008576,1,
id0136,id0303,noisy,crop,0.340394,0.390304,0.008105,1,
id0136,id0319,noisy,crop,0.275924,0.346795,0.004223,1,
id0136,id0321,noisy,crop,0.419227,0.547841,0.009594,1,
id0136,id0326,noisy,crop,0.283377,0.470760,0.013703,1,
id0136,id0328,noisy,crop,0.399262,0.549501,0.009212,1,
id0136,id0330,noisy,crop,0.332330,0.448418,0.003443,1,
id0136,id0342,noisy,crop,0.289520,0.411665,0.005755,1,
id0136,id0346,noisy,crop,0.327468,0.408471,0.006047,1,
id0136,id0363,noisy,crop,0.311094,0.275680,0.002599,1,
id0136,id0367,noisy,crop,0.408463,0.412609,0.004195,1,
id0136,id0368,noisy,crop,0.255206,0.386274,0.013976,1,
id0136,id0369,noisy,crop,0.337324,0.573676,0.016212,1,
id0136,id0372,noisy,crop,0.382124,0.437294,0.007727,1,
id0136,id0373,noisy,crop,0.446686,0.569860,0.008886,1,
id0136,id0374,noisy,crop,0.490074,0.636769,0.004905,1,
id0136,id0378,noisy,crop,0.351718,0.466592,0.009942,1,
id0136,id0381,noisy,crop,0.357840,0.392603,0.009587,1,
id0136,id0382,noisy,crop,0.270395,0.344505,0.002208,1,
id0136,id0392,noisy,crop,0.381689,0.432239,0.004497,1,
id0136,id0396,noisy,crop,0.329909,0.449469,0.003006,1,
id0136,id0398,noisy,crop,0.324225,0.433722,0.003905,1,
id0136,id0399,noisy,crop,0.353879,0.482675,0.006597,1,
id0136,id0401,noisy,crop,0.393476,0.541753,0.004001,1,
id0136,id0402,noisy,crop,0.268442,0.304737,0.005368,1,
id0136,id0404,noisy,crop,0.266355,0.358659,0.006928,1,
id0136,id0411,noisy,crop,0.316782,0.419479,0.002436,1,
id0136,id0412,noisy,crop,0.264668,0.355008,0.007339,1,
id0136,id0418,noisy,crop,0.393415,0.408460,0.011456,1,
id0136,id0421,noisy,crop,0.298324,0.376548,0.005525,1,
id0136,id0422,noisy,crop,0.256559,0.350778,0.006794,1,
id0136,id0431,noisy,crop,0.261734,0.408105,0.007410,1,
id0136,id0437,noisy,crop,0.499855,0.700674,0.014078,1,
id0136,id0441,noisy,crop,0.289974,0.443732,0.006907,1,
id0136,id0447,noisy,crop,0.387035,0.537800,0.017227,1,
id0136,id0460,noisy,crop,0.264918,0.339006,0.005901,1,
id0136,id0462,noisy,crop,0.210186,0.347100,0.014347,1,
id0136,id0465,noisy,crop,0.312958,0.422534,0.002416,1,
id0136,id0466,noisy,crop,0.312550,0.481327,0.016275,1,
id0136,id0468,noisy,crop,0.280806,0.400174,0.001680,1,
id0136,id0470,noisy,crop,0.299260,0.385786,0.003752,1,
id0136,id0476,noisy,crop,0.331873,0.469849,0.015254,1,
id0136,id0486,noisy,crop,0.345185,0.473590,0.004320,1,
id0136,id0491,noisy,crop,0.405673,0.549465,0.013736,1,
id0136,id0498,noisy,crop,0.367741,0.505742,0.004573,1,
id0153,id0161,noisy,crop,0.255279,0.298927,0.005485,1,
id0153,id0169,noisy,crop,0.347720,0.416590,0.004280,1,
id0153,id0182,noisy,crop,0.210087,0.221143,0.002937,1,
id0153,id0183,noisy,crop,0.342825,0.485471,0.011777,1,
id0153,id0186,noisy,crop,0.260809,0.350775,0.003639,1,
id0153,id0197,noisy,crop,0.288512,0.352472,0.003725,1,
id0153,id0199,noisy,crop,0.310012,0.478366,0.007187,1,
id0153,id0206,noisy,crop,0.576520,0.679230,0.004539,1,
id0153,id0207,noisy,crop,0.350796,0.382447,0.004318,1,
id0153,id0208,noisy,crop,0.217870,0.303771,0.006417,1,
id0153,id0212,noisy,crop,0.371633,0.483083,0.002757,1,
id0153,id0220,noisy,crop,0.247627,0.306639,0.002246,1,
id0153,id0222,noisy,crop,0.289048,0.344476,0.007933,1,
id0153,id0224,noisy,crop,0.345030,0.326395,0.005423,1,
id0153,id0233,noisy,crop,0.248839,0.287429,0.008631,1,
id0153,id0239,noisy,crop,0.517218,0.568230,0.002830,1,
id0153,id0242,noisy,crop,0.304116,0.294643,0.003814,1,
id0153,id0246,noisy,crop,0.410485,0.429261,0.002214,1,
id0153,id0258,noisy,crop,0.218569,0.302289,0.002426,1,
id0153,id0273,noisy,crop,0.237810,0.270607,0.003073,1,
id0153,id0275,noisy,crop,0.254249,0.327844,0.007066,1,
id0153,id0285,noisy,crop,0.335914,0.405493,0.005195,1,
id0153,id0290,noisy,crop,0.229677,0.415884,0.007190,1,
id0153,id0296,noisy,crop,0.277264,0.349647,0.010999,1,
id0153,id0299,noisy,crop,0.247382,0.272966,0.005140,1,
id0153,id0303,noisy,crop,0.307223,0.360534,0.005411,1,
id0153,id0319,noisy,crop,0.385832,0.504837,0.002884,1,
id0153,id0321,noisy,crop,0.215136,0.335671,0.006068,1,
id0153,id0326,noisy,crop,0.406616,0.523329,0.010351,1,
id0153,id0328,noisy,crop,0.234319,0.321664,0.004543,1,
id0153,id0330,noisy,crop,0.313606,0.378217,0.002481,1,
id0153,id0342,noisy,crop,0.352313,0.394940,0.003817,1,
id0153,id0346,noisy,crop,0.328882,0.369905,0.003441,1,
id0153,id0363,noisy,crop,0.395870,0.372559,0.001933,1,
id0153,id0367,noisy,crop,0.437294,0.387323,0.002678,1,
id0153,id0368,noisy,crop,0.283593,0.333696,0.009555,1,
id0153,id0369,noisy,crop,0.247783,0.374541,0.010796,1,
id0153,id0372,noisy,crop,0.410423,0.364518,0.004640,1,
id0153,id0373,noisy,crop,0.271225,0.359312,0.005242,1,
id0153,id0374,noisy,crop,0.273860,0.310753,0.001816,1,
id0153,id0378,noisy,crop,0.298834,0.282355,0.005334,1,
id0153,id0381,noisy,crop,0.323818,0.317314,0.006030,1,
id0153,id0382,noisy,crop,0.360192,0.505639,0.002171,1,
id0153,id0392,noisy,crop,0.304850,0.311876,0.002622,1,
id0153,id0396,noisy,crop,0.353046,0.457743,0.001757,1,
id0153,id0398,noisy,crop,0.454532,0.631883,0.004879,1,
id0153,id0399,noisy,crop,0.194113,0.322549,0.003331,1,
id0153,id0401,noisy,crop,0.310802,0.423297,0.002061,1,
id0153,id0402,noisy,crop,0.319486,0.349163,0.003145,1,
id0153,id0404,noisy,crop,0.381713,0.462936,0.005392,1,
id0153,id0411,noisy,crop,0.342936,0.482183,0.002429,1,
id0153,id0412,noisy,crop,0.342443,0.424018,0.004493,1,
id0153,id0418,noisy,crop,0.411169,0.473609,0.008460,1,
id0153,id0421,noisy,crop,0.297618,0.340790,0.002382,1,
id0153,id0422,noisy,crop,0.287749,0.359065,0.004246,1,
id0153,id0431,noisy,crop,0.375653,0.529759,0.005803,1,
id0153,id0437,noisy,crop,0.343120,0.419999,0.007908,1,
id0153,id0441,noisy,crop,0.288877,0.367883,0.004162,1,
id0153,id0447,noisy,crop,0.301554,0.438819,0.012340,1,
id0153,id0460,noisy,crop,0.264015,0.345065,0.003080,1,
id0153,id0462,noisy,crop,0.318085,0.417499,0.009936,1,
id0153,id0465,noisy,crop,0.292938,0.398246,0.001852,1,
id0153,id0466,noisy,crop,0.261824,0.373692,0.011290,1,
id0153,id0468,noisy,crop,0.471986,0.666399,0.003504,1,
id0153,id0470,noisy,crop,0.403696,0.537307,0.003821,1,
id0153,id0476,noisy,crop,0.212282,0.334025,0.010273,1,
id0153,id0486,noisy,crop,0.271331,0.420930,0.002338,1,
id0153,id0491,noisy,crop,0.207745,0.224405,0.007788,1,
id0153,id0498,noisy,crop,0.292147,0.340296,0.001927,1,
id0161,id0169,noisy,crop,0.268786,0.375521,0.008802,1,
id0161,id0182,noisy,crop,0.249710,0.409985,0.007925,1,
id0161,id0183,noisy,crop,0.409360,0.628856,0.019559,1,
id0161,id0186,noisy,crop,0.210981,0.282346,0.008446,1,
id0161,id0197,noisy,crop,0.250565,0.411228,0.007474,1,
id0161,id0199,noisy,crop,0.310345,0.610913,0.014155,1,
id0161,id0206,noisy,crop,0.454134,0.508356,0.004880,1,
id0161,id0207,noisy,crop,0.280372,0.446027,0.009623,1,
id0161,id0208,noisy,crop,0.237416,0.450533,0.013670,1,
id0161,id0212,noisy,crop,0.400008,0.500908,0.003824,1,
id0161,id0220,noisy,crop,0.279107,0.393290,0.005134,1,
id0161,id0222,noisy,crop,0.274923,0.424278,0.014476,1,
id0161,id0224,noisy,crop,0.286511,0.363259,0.010976,1,
id0161,id0233,noisy,crop,0.369239,0.527310,0.016788,1,
id0161,id0239,noisy,crop,0.367052,0.372551,0.004558,1,
id0161,id0242,noisy,crop,0.281792,0.310142,0.009100,1,
id0161,id0246,noisy,crop,0.314627,0.357911,0.005207,1,
id0161,id0258,noisy,crop,0.240424,0.343924,0.005540,1,
id0161,id0273,noisy,crop,0.299516,0.416957,0.007318,1,
id0161,id0275,noisy,crop,0.253630,0.482206,0.014331,1,
id0161,id0285,noisy,crop,0.265510,0.316474,0.010845,1,
id0161,id0290,noisy,crop,0.322268,0.635155,0.013858,1,
id0161,id0296,noisy,crop,0.277122,0.421312,0.018870,1,
id0161,id0299,noisy,crop,0.228383,0.361125,0.011479,1,
id0161,id0303,noisy,crop,0.288099,0.395030,0.010618,1,
id0161,id0319,noisy,crop,0.336119,0.485233,0.005738,1,
id0161,id0321,noisy,crop,0.291330,0.502287,0.012149,1,
id0161,id0326,noisy,crop,0.338163,0.564237,0.018044,1,
id0161,id0328,noisy,crop,0.273917,0.374288,0.010484,1,
id0161,id0330,noisy,crop,0.299680,0.472962,0.004818,1,
id0161,id0342,noisy,crop,0.280419,0.430938,0.008373,1,
id0161,id0346,noisy,crop,0.259759,0.323872,0.007691,1,
id0161,id0363,noisy,crop,0.340536,0.303618,0.004421,1,
id0161,id0367,noisy,crop,0.327150,0.365848,0.006046,1,
id0161,id0368,noisy,crop,0.229341,0.430974,0.017675,1,
id0161,id0369,noisy,crop,0.282142,0.541586,0.019335,1,
id0161,id0372,noisy,crop,0.304895,0.312608,0.010194,1,
id0161,id0373,noisy,crop,0.285423,0.543212,0.011359,1,
id0161,id0374,noisy,crop,0.424694,0.574469,0.005285,1,
id0161,id0378,noisy,crop,0.229237,0.389867,0.011506,1,
id0161,id0381,noisy,crop,0.268287,0.359108,0.012755,1,
id0161,id0382,noisy,crop,0.306225,0.407681,0.003118,1,
id0161,id0392,noisy,crop,0.240400,0.319258,0.005850,1,
id0161,id0396,noisy,crop,0.288882,0.357463,0.004007,1,
id0161,id0398,noisy,crop,0.370674,0.520168,0.006055,1,
id0161,id0399,noisy,crop,0.299701,0.491303,0.008331,1,
id0161,id0401,noisy,crop,0.316914,0.400910,0.004526,1,
id0161,id0402,noisy,crop,0.217735,0.333792,0.007536,1,
id0161,id0404,noisy,crop,0.288604,0.464202,0.009938,1,
id0161,id0411,noisy,crop,0.324423,0.459375,0.002925,1,
id0161,id0412,noisy,crop,0.255116,0.367126,0.009439,1,
id0161,id0418,noisy,crop,0.321089,0.417252,0.015093,1,
id0161,id0421,noisy,crop,0.228201,0.371214,0.006736,1,
id0161,id0422,noisy,crop,0.238974,0.418620,0.009606,1,
id0161,id0431,noisy,crop,0.290943,0.474216,0.010321,1,
id0161,id0437,noisy,crop,0.312365,0.539974,0.015242,1,
id0161,id0441,noisy,crop,0.238724,0.403769,0.008750,1,
id0161,id0447,noisy,crop,0.361344,0.556557,0.021131,1,
id0161,id0460,noisy,crop,0.227916,0.370959,0.007941,1,
id0161,id0462,noisy,crop,0.286046,0.417666,0.018059,1,
id0161,id0465,noisy,crop,0.295465,0.398748,0.003149,1,
id0161,id0466,noisy,crop,0.301052,0.533676,0.020116,1,
id0161,id0468,noisy,crop,0.342881,0.511221,0.002868,1,
id0161,id0470,noisy,crop,0.298746,0.410456,0.006445,1,
id0161,id0476,noisy,crop,0.260110,0.480136,0.018572,1,
id0161,id0486,noisy,crop,0.334576,0.508099,0.005988,1,
id0161,id0491,noisy,crop,0.250825,0.408891,0.015360,1,
id0161,id0498,noisy,crop,0.309988,0.463033,0.005429,1,
id0169,id0182,noisy,crop,0.363158,0.469743,0.011693,1,
id0169,id0183,noisy,crop,0.495954,0.668190,0.024023,1,
id0169,id0186,noisy,crop,0.250719,0.273350,0.010913,1,
id0169,id0197,noisy,crop,0.332562,0.452649,0.009998,1,
id0169,id0199,noisy,crop,0.299983,0.611203,0.017716,1,
id0169,id0206,noisy,crop,0.452671,0.428785,0.005146,1,
id0169,id0207,noisy,crop,0.345146,0.454375,0.012602,1,
id0169,id0208,noisy,crop,0.329802,0.517349,0.018118,1,
id0169,id0212,noisy,crop,0.325289,0.434004,0.004678,1,
id0169,id0220,noisy,crop,0.288065,0.410816,0.006825,1,
id0169,id0222,noisy,crop,0.271629,0.448866,0.017759,1,
id0169,id0224,noisy,crop,0.309400,0.407485,0.014376,1,
id0169,id0233,noisy,crop,0.442293,0.583510,0.021789,1,
id0169,id0239,noisy,crop,0.350549,0.342372,0.006113,1,
id0169,id0242,noisy,crop,0.385366,0.392621,0.013331,1,
id0169,id0246,noisy,crop,0.300613,0.378899,0.007186,1,
id0169,id0258,noisy,crop,0.264319,0.394333,0.008264,1,
id0169,id0273,noisy,crop,0.321998,0.443587,0.009914,1,
id0169,id0275,noisy,crop,0.290937,0.521614,0.018351,1,
id0169,id0285,noisy,crop,0.302528,0.315160,0.014417,1,
id0169,id0290,noisy,crop,0.394913,0.692766,0.018495,1,
id0169,id0296,noisy,crop,0.311258,0.478218,0.022516,1,
id0169,id0299,noisy,crop,0.234042,0.386149,0.014542,1,
id0169,id0303,noisy,crop,0.324147,0.359555,0.013017,1,
id0169,id0319,noisy,crop,0.285033,0.412528,0.007309,1,
id0169,id0321,noisy,crop,0.370307,0.546717,0.015590,1,
id0169,id0326,noisy,crop,0.314916,0.511695,0.021582,1,
id0169,id0328,noisy,crop,0.324378,0.431908,0.014431,1,
id0169,id0330,noisy,crop,0.251613,0.419602,0.006006,1,
id0169,id0342,noisy,crop,0.232479,0.353147,0.009940,1,
id0169,id0346,noisy,crop,0.264931,0.327583,0.010537,1,
id0169,id0363,noisy,crop,0.357760,0.289218,0.005903,1,
id0169,id0367,noisy,crop,0.363148,0.369765,0.007860,1,
id0169,id0368,noisy,crop,0.252330,0.436963,0.022083,1,
id0169,id0369,noisy,crop,0.306022,0.566044,0.024311,1,
id0169,id0372,noisy,crop,0.299686,0.331145,0.012982,1,
id0169,id0373,noisy,crop,0.412478,0.601428,0.015611,1,
id0169,id0374,noisy,crop,0.457426,0.656102,0.008296,1,
id0169,id0378,noisy,crop,0.327663,0.435410,0.015697,1,
id0169,id0381,noisy,crop,0.329945,0.401011,0.016284,1,
id0169,id0382,noisy,crop,0.280668,0.360665,0.004220,1,
id0169,id0392,noisy,crop,0.333907,0.373325,0.008464,1,
id0169,id0396,noisy,crop,0.373885,0.339083,0.006106,1,
id0169,id0398,noisy,crop,0.289650,0.401752,0.006193,1,
id0169,id0399,noisy,crop,0.345471,0.505157,0.011350,1,
id0169,id0401,noisy,crop,0.258901,0.398871,0.006102,1,
id0169,id0402,noisy,crop,0.252700,0.325902,0.010172,1,
id0169,id0404,noisy,crop,0.258244,0.396336,0.012149,1,
id0169,id0411,noisy,crop,0.316268,0.445442,0.003708,1,
id0169,id0412,noisy,crop,0.248186,0.324627,0.012476,1,
id0169,id0418,noisy,crop,0.386024,0.421034,0.018144,1,
id0169,id0421,noisy,crop,0.313097,0.422259,0.010049,1,
id0169,id0422,noisy,crop,0.256349,0.385950,0.012437,1,
id0169,id0431,noisy,crop,0.220804,0.378588,0.012105,1,
id0169,id0437,noisy,crop,0.396121,0.592839,0.019945,1,
id0169,id0441,noisy,crop,0.238044,0.403282,0.011062,1,
id0169,id0447,noisy,crop,0.397070,0.557745,0.025355,1,
id0169,id0460,noisy,crop,0.294285,0.397774,0.011035,1,
id0169,id0462,noisy,crop,0.304396,0.398096,0.022177,1,
id0169,id0465,noisy,crop,0.235761,0.374143,0.004246,1,
id0169,id0466,noisy,crop,0.324389,0.549020,0.024651,1,
id0169,id0468,noisy,crop,0.308982,0.398698,0.002647,1,
id0169,id0470,noisy,crop,0.235393,0.317892,0.007236,1,
id0169,id0476,noisy,crop,0.353175,0.525517,0.023278,1,
id0169,id0486,noisy,crop,0.392350,0.544367,0.008687,1,
id0169,id0491,noisy,crop,0.363481,0.519917,0.020552,1,
id0169,id0498,noisy,crop,0.359111,0.557095,0.008533,1,
id0182,id0183,noisy,crop,0.440595,0.573478,0.013375,1,
id0182,id0186,noisy,crop,0.271680,0.354524,0.004270,1,
id0182,id0197,noisy,crop,0.328952,0.435450,0.004887,1,
id0182,id0199,noisy,crop,0.337526,0.557321,0.008471,1,
id0182,id0206,noisy,crop,0.542993,0.705392,0.005471,1,
id0182,id0207,noisy,crop,0.341938,0.475614,0.005358,1,
id0182,id0208,noisy,crop,0.220455,0.387457,0.007447,1,
id0182,id0212,noisy,crop,0.380124,0.525759,0.003415,1,
id0182,id0220,noisy,crop,0.270457,0.389507,0.002817,1,
id0182,id0222,noisy,crop,0.303335,0.450344,0.009372,1,
id0182,id0224,noisy,crop,0.308300,0.373702,0.006255,1,
id0182,id0233,noisy,crop,0.329672,0.379035,0.009644,1,
id0182,id0239,noisy,crop,0.464826,0.553337,0.003265,1,
id0182,id0242,noisy,crop,0.319188,0.343939,0.004668,1,
id0182,id0246,noisy,crop,0.384937,0.458334,0.002660,1,
id0182,id0258,noisy,crop,0.249929,0.379067,0.003230,1,
id0182,id0273,noisy,crop,0.258716,0.337048,0.003503,1,
id0182,id0275,noisy,crop,0.282723,0.414345,0.007946,1,
id0182,id0285,noisy,crop,0.378713,0.438854,0.006287,1,
id0182,id0290,noisy,crop,0.242371,0.524719,0.008213,1,
id0182,id0296,noisy,crop,0.347494,0.414585,0.012436,1,
id0182,id0299,noisy,crop,0.282774,0.338195,0.005838,1,
id0182,id0303,noisy,crop,0.308566,0.382386,0.006205,1,
id0182,id0319,noisy,crop,0.346815,0.526279,0.003320,1,
id0182,id0321,noisy,crop,0.267628,0.459506,0.007504,1,
id0182,id0326,noisy,crop,0.428306,0.589421,0.011770,1,
id0182,id0328,noisy,crop,0.284820,0.327209,0.005231,1,
id0182,id0330,noisy,crop,0.273147,0.420272,0.002799,1,
id0182,id0342,noisy,crop,0.338326,0.434153,0.004184,1,
id0182,id0346,noisy,crop,0.333379,0.445672,0.004420,1,
id0182,id0363,noisy,crop,0.407268,0.372232,0.002265,1,
id0182,id0367,noisy,crop,0.397063,0.426059,0.003225,1,
id0182,id0368,noisy,crop,0.292181,0.404035,0.010714,1,
id0182,id0369,noisy,crop,0.288154,0.469107,0.012117,1,
id0182,id0372,noisy,crop,0.360329,0.402197,0.005489,1,
id0182,id0373,noisy,crop,0.293153,0.429534,0.006222,1,
id0182,id0374,noisy,crop,0.345451,0.429809,0.002337,1,
id0182,id0378,noisy,crop,0.226487,0.312237,0.005904,1,
id0182,id0381,noisy,crop,0.286073,0.388395,0.007282,1,
id0182,id0382,noisy,crop,0.413366,0.546503,0.003046,1,
id0182,id0392,noisy,crop,0.305824,0.383018,0.003427,1,
id0182,id0396,noisy,crop,0.375636,0.472235,0.002328,1,
id0182,id0398,noisy,crop,0.459468,0.656061,0.005900,1,
id0182,id0399,noisy,crop,0.264513,0.413398,0.004215,1,
id0182,id0401,noisy,crop,0.335385,0.433546,0.002377,1,
id0182,id0402,noisy,crop,0.293039,0.413496,0.004024,1,
id0182,id0404,noisy,crop,0.369478,0.527935,0.006484,1,
id0182,id0411,noisy,crop,0.370471,0.504363,0.002691,1,
id0182,id0412,noisy,crop,0.357058,0.475646,0.005517,1,
id0182,id0418,noisy,crop,0.364104,0.519919,0.009836,1,
id0182,id0421,noisy,crop,0.290488,0.408539,0.003092,1,
id0182,id0422,noisy,crop,0.262052,0.422737,0.005049,1,
id0182,id0431,noisy,crop,0.383979,0.576803,0.006901,1,
id0182,id0437,noisy,crop,0.266531,0.435869,0.008544,1,
id0182,id0441,noisy,crop,0.278938,0.403770,0.004671,1,
id0182,id0447,noisy,crop,0.356610,0.488504,0.013686,1,
id0182,id0460,noisy,crop,0.248296,0.401153,0.003779,1,
id0182,id0462,noisy,crop,0.375730,0.496886,0.011470,1,
id0182,id0465,noisy,crop,0.321960,0.452719,0.002486,1,
id0182,id0466,noisy,crop,0.306274,0.472562,0.012567,1,
id0182,id0468,noisy,crop,0.465104,0.666127,0.003937,1,
id0182,id0470,noisy,crop,0.384362,0.568631,0.004637,1,
id0182,id0476,noisy,crop,0.242306,0.388343,0.011585,1,
id0182,id0486,noisy,crop,0.381650,0.528821,0.003345,1,
id0182,id0491,noisy,crop,0.188484,0.285019,0.008429,1,
id0182,id0498,noisy,crop,0.284516,0.405669,0.002527,1,
id0183,id0186,noisy,crop,0.398428,0.533257,0.003384,1,
id0183,id0197,noisy,crop,0.336062,0.318871,0.002162,1,
id0183,id0199,noisy,crop,0.315903,0.426739,0.005794,1,
id0183,id0206,noisy,crop,0.665719,0.766080,0.002958,1,
id0183,id0207,noisy,crop,0.485427,0.588920,0.003220,1,
id0183,id0208,noisy,crop,0.426467,0.566611,0.006211,1,
id0183,id0212,noisy,crop,0.545022,0.577197,0.003992,1,
id0183,id0220,noisy,crop,0.453195,0.556735,0.002514,1,
id0183,id0222,noisy,crop,0.420815,0.486943,0.005787,1,
id0183,id0224,noisy,crop,0.505578,0.558412,0.004624,1,
id0183,id0233,noisy,crop,0.334537,0.511426,0.007695,1,
id0183,id0239,noisy,crop,0.668442,0.720490,0.003481,1,
id0183,id0242,noisy,crop,0.381522,0.467134,0.003895,1,
id0183,id0246,noisy,crop,0.608263,0.731896,0.003197,1,
id0183,id0258,noisy,crop,0.444299,0.561794,0.002563,1,
id0183,id0273,noisy,crop,0.440473,0.567059,0.003108,1,
id0183,id0275,noisy,crop,0.476831,0.617728,0.006992,1,
id0183,id0285,noisy,crop,0.375183,0.447332,0.004398,1,
id0183,id0290,noisy,crop,0.404964,0.355866,0.005939,1,
id0183,id0296,noisy,crop,0.426266,0.596925,0.009608,1,
id0183,id0299,noisy,crop,0.430671,0.512501,0.004949,1,
id0183,id0303,noisy,crop,0.448542,0.575591,0.005591,1,
id0183,id0319,noisy,crop,0.589373,0.731197,0.004447,1,
id0183,id0321,noisy,crop,0.348466,0.445742,0.004485,1,
id0183,id0326,noisy,crop,0.382948,0.405203,0.008034,1,
id0183,id0328,noisy,crop,0.358581,0.531579,0.005182,1,
id0183,id0330,noisy,crop,0.537911,0.605608,0.003782,1,
id0183,id0342,noisy,crop,0.483498,0.612071,0.004776,1,
id0183,id0346,noisy,crop,0.460233,0.542988,0.002425,1,
id0183,id0363,noisy,crop,0.494776,0.552275,0.002395,1,
id0183,id0367,noisy,crop,0.534628,0.478920,0.002497,1,
id0183,id0368,noisy,crop,0.391206,0.440948,0.007806,1,
id0183,id0369,noisy,crop,0.328737,0.395342,0.009660,1,
id0183,id0372,noisy,crop,0.550924,0.502713,0.004526,1,
id0183,id0373,noisy,crop,0.338299,0.383263,0.004060,1,
id0183,id0374,noisy,crop,0.512372,0.581949,0.002522,1,
id0183,id0378,noisy,crop,0.467699,0.589874,0.005814,1,
id0183,id0381,noisy,crop,0.454109,0.384858,0.004688,1,
id0183,id0382,noisy,crop,0.526389,0.695095,0.002362,1,
id0183,id0392,noisy,crop,0.476604,0.536465,0.002377,1,
id0183,id0396,noisy,crop,0.408063,0.492434,0.001611,1,
id0183,id0398,noisy,crop,0.527491,0.622785,0.003726,1,
id0183,id0399,noisy,crop,0.385353,0.575687,0.003725,1,
id0183,id0401,noisy,crop,0.527012,0.718858,0.003453,1,
id0183,id0402,noisy,crop,0.495889,0.540399,0.002585,1,
id0183,id0404,noisy,crop,0.543894,0.651857,0.004579,1,
id0183,id0411,noisy,crop,0.585554,0.793520,0.004681,1,
id0183,id0412,noisy,crop,0.472189,0.541176,0.003727,1,
id0183,id0418,noisy,crop,0.512016,0.517237,0.006544,1,
id0183,id0421,noisy,crop,0.463429,0.587828,0.002808,1,
id0183,id0422,noisy,crop,0.432806,0.513297,0.003719,1,
id0183,id0431,noisy,crop,0.446837,0.555201,0.004803,1,
id0183,id0437,noisy,crop,0.509488,0.644134,0.009340,1,
id0183,id0441,noisy,crop,0.505270,0.689738,0.005390,1,
id0183,id0447,noisy,crop,0.325122,0.471515,0.011131,1,
id0183,id0460,noisy,crop,0.456365,0.585975,0.003197,1,
id0183,id0462,noisy,crop,0.356824,0.441916,0.007819,1,
id0183,id0465,noisy,crop,0.502967,0.651812,0.002238,1,
id0183,id0466,noisy,crop,0.385249,0.457138,0.010554,1,
id0183,id0468,noisy,crop,0.610376,0.798316,0.003976,1,
id0183,id0470,noisy,crop,0.536892,0.642743,0.003299,1,
id0183,id0476,noisy,crop,0.309417,0.447549,0.008884,1,
id0183,id0486,noisy,crop,0.386231,0.589452,0.001251,1,
id0183,id0491,noisy,crop,0.458551,0.575640,0.008380,1,
id0183,id0498,noisy,crop,0.525652,0.647198,0.002233,1,
id0186,id0197,noisy,crop,0.295795,0.404417,0.009269,1,
id0186,id0199,noisy,crop,0.278645,0.569721,0.016378,1,
id0186,id0206,noisy,crop,0.473101,0.505545,0.005542,1,
id0186,id0207,noisy,crop,0.261450,0.418835,0.011304,1,
id0186,id0208,noisy,crop,0.241827,0.463244,0.016348,1,
id0186,id0212,noisy,crop,0.424131,0.485988,0.004744,1,
id0186,id0220,noisy,crop,0.281272,0.378296,0.006140,1,
id0186,id0222,noisy,crop,0.283634,0.429408,0.016752,1,
id0186,id0224,noisy,crop,0.256210,0.357127,0.013225,1,
id0186,id0233,noisy,crop,0.342818,0.524836,0.019904,1,
id0186,id0239,noisy,crop,0.383020,0.362375,0.006082,1,
id0186,id0242,noisy,crop,0.262012,0.295427,0.011417,1,
id0186,id0246,noisy,crop,0.336612,0.391677,0.006553,1,
id0186,id0258,noisy,crop,0.248549,0.359807,0.007530,1,
id0186,id0273,noisy,crop,0.243252,0.400867,0.008722,1,
id0186,id0275,noisy,crop,0.283147,0.499358,0.017040,1,
id0186,id0285,noisy,crop,0.254345,0.301305,0.013412,1,
id0186,id0290,noisy,crop,0.312352,0.628545,0.016817,1,
id0186,id0296,noisy,crop,0.283182,0.454200,0.021730,1,
id0186,id0299,noisy,crop,0.233419,0.364889,0.013265,1,
id0186,id0303,noisy,crop,0.300972,0.395580,0.012456,1,
id0186,id0319,noisy,crop,0.350821,0.465709,0.006860,1,
id0186,id0321,noisy,crop,0.308085,0.511798,0.014235,1,
id0186,id0326,noisy,crop,0.335113,0.529131,0.020627,1,
id0186,id0328,noisy,crop,0.217608,0.380924,0.012885,1,
id0186,id0330,noisy,crop,0.287583,0.424079,0.005879,1,
id0186,id0342,noisy,crop,0.236520,0.386283,0.009323,1,
id0186,id0346,noisy,crop,0.240133,0.318005,0.009558,1,
id0186,id0363,noisy,crop,0.311975,0.250062,0.004905,1,
id0186,id0367,noisy,crop,0.299007,0.341911,0.006943,1,
id0186,id0368,noisy,crop,0.247674,0.419313,0.020493,1,
id0186,id0369,noisy,crop,0.278994,0.539176,0.022788,1,
id0186,id0372,noisy,crop,0.310965,0.299820,0.011924,1,
id0186,id0373,noisy,crop,0.266682,0.513026,0.013787,1,
id0186,id0374,noisy,crop,0.447921,0.588341,0.006990,1,
id0186,id0378,noisy,crop,0.247815,0.388103,0.013943,1,
id0186,id0381,noisy,crop,0.274857,0.324806,0.014759,1,
id0186,id0382,noisy,crop,0.310014,0.422722,0.004300,1,
id0186,id0392,noisy,crop,0.274935,0.337434,0.007594,1,
id0186,id0396,noisy,crop,0.242593,0.259241,0.004865,1,
id0186,id0398,noisy,crop,0.343688,0.491689,0.006859,1,
id0186,id0399,noisy,crop,0.278469,0.479700,0.010063,1,
id0186,id0401,noisy,crop,0.274993,0.404093,0.005590,1,
id0186,id0402,noisy,crop,0.263668,0.316780,0.009265,1,
id0186,id0404,noisy,crop,0.276550,0.436645,0.011808,1,
id0186,id0411,noisy,crop,0.344911,0.483874,0.003880,1,
id0186,id0412,noisy,crop,0.219198,0.349105,0.011449,1,
id0186,id0418,noisy,crop,0.342154,0.431192,0.017565,1,
id0186,id0421,noisy,crop,0.297572,0.405628,0.008807,1,
id0186,id0422,noisy,crop,0.187527,0.377065,0.011511,1,
id0186,id0431,noisy,crop,0.292008,0.451880,0.012001,1,
id0186,id0437,noisy,crop,0.329431,0.554798,0.018372,1,
id0186,id0441,noisy,crop,0.251657,0.420425,0.010385,1,
id0186,id0447,noisy,crop,0.375868,0.545261,0.024148,1,
id0186,id0460,noisy,crop,0.239512,0.357013,0.009780,1,
id0186,id0462,noisy,crop,0.250403,0.397797,0.020875,1,
id0186,id0465,noisy,crop,0.269132,0.398209,0.003988,1,
id0186,id0466,noisy,crop,0.327995,0.521743,0.023662,1,
id0186,id0468,noisy,crop,0.365582,0.507733,0.003346,1,
id0186,id0470,noisy,crop,0.270635,0.391400,0.007327,1,
id0186,id0476,noisy,crop,0.288363,0.464309,0.021576,1,
id0186,id0486,noisy,crop,0.324181,0.507344,0.007425,1,
id0186,id0491,noisy,crop,0.265703,0.433081,0.018545,1,
id0186,id0498,noisy,crop,0.342231,0.501940,0.007161,1,
id0197,id0199,noisy,crop,0.279553,0.512688,0.008850,1,
id0197,id0206,noisy,crop,0.477551,0.546843,0.002517,1,
id0197,id0207,noisy,crop,0.307771,0.410961,0.004799,1,
id0197,id0208,noisy,crop,0.299335,0.407742,0.008614,1,
id0197,id0212,noisy,crop,0.464887,0.487221,0.003133,1,
id0197,id0220,noisy,crop,0.317494,0.362814,0.002669,1,
id0197,id0222,noisy,crop,0.201158,0.304214,0.007959,1,
id0197,id0224,noisy,crop,0.319691,0.410686,0.006779,1,
id0197,id0233,noisy,crop,0.399826,0.485681,0.011123,1,
id0197,id0239,noisy,crop,0.437066,0.541938,0.003425,1,
id0197,id0242,noisy,crop,0.351783,0.362818,0.006143,1,
id0197,id0246,noisy,crop,0.373300,0.480563,0.003109,1,
id0197,id0258,noisy,crop,0.279571,0.370451,0.003089,1,
id0197,id0273,noisy,crop,0.339698,0.440553,0.004310,1,
id0197,id0275,noisy,crop,0.321618,0.452140,0.008890,1,
id0197,id0285,noisy,crop,0.331742,0.307938,0.006309,1,
id0197,id0290,noisy,crop,0.306106,0.506864,0.008647,1,
id0197,id0296,noisy,crop,0.288567,0.392355,0.011985,1,
id0197,id0299,noisy,crop,0.270154,0.334446,0.006885,1,
id0197,id0303,noisy,crop,0.371956,0.424897,0.006988,1,
id0197,id0319,noisy,crop,0.444687,0.539887,0.004418,1,
id0197,id0321,noisy,crop,0.246642,0.396975,0.006704,1,
id0197,id0326,noisy,crop,0.354605,0.427384,0.011426,1,
id0197,id0328,noisy,crop,0.338844,0.463746,0.007463,1,
id0197,id0330,noisy,crop,0.355093,0.472191,0.003164,1,
id0197,id0342,noisy,crop,0.361141,0.465032,0.005708,1,
id0197,id0346,noisy,crop,0.279342,0.348891,0.003697,1,
id0197,id0363,noisy,crop,0.424656,0.370937,0.002792,1,
id0197,id0367,noisy,crop,0.354479,0.352723,0.003379,1,
id0197,id0368,noisy,crop,0.271003,0.347681,0.011033,1,
id0197,id0369,noisy,crop,0.276224,0.444879,0.013187,1,
id0197,id0372,noisy,crop,0.334106,0.352858,0.006151,1,
id0197,id0373,noisy,crop,0.255968,0.438426,0.006877,1,
id0197,id0374,noisy,crop,0.429339,0.499556,0.003172,1,
id0197,id0378,noisy,crop,0.348384,0.471497,0.008395,1,
id0197,id0381,noisy,crop,0.262185,0.261681,0.006983,1,
id0197,id0382,noisy,crop,0.382828,0.468623,0.001797,1,
id0197,id0392,noisy,crop,0.288852,0.346837,0.003135,1,
id0197,id0396,noisy,crop,0.371714,0.404028,0.002556,1,
id0197,id0398,noisy,crop,0.411092,0.509392,0.003620,1,
id0197,id0399,noisy,crop,0.349533,0.456890,0.005082,1,
id0197,id0401,noisy,crop,0.391113,0.537190,0.003463,1,
id0197,id0402,noisy,crop,0.273649,0.342414,0.003725,1,
id0197,id0404,noisy,crop,0.326421,0.456151,0.005453,1,
id0197,id0411,noisy,crop,0.418663,0.549199,0.003073,1,
id0197,id0412,noisy,crop,0.325067,0.390217,0.005494,1,
id0197,id0418,noisy,crop,0.318032,0.353327,0.008874,1,
id0197,id0421,noisy,crop,0.324028,0.393881,0.003904,1,
id0197,id0422,noisy,crop,0.309368,0.381967,0.005450,1,
id0197,id0431,noisy,crop,0.336093,0.447421,0.006162,1,
id0197,id0437,noisy,crop,0.370639,0.608494,0.011796,1,
id0197,id0441,noisy,crop,0.334347,0.476310,0.005876,1,
id0197,id0447,noisy,crop,0.360699,0.480245,0.014985,1,
id0197,id0460,noisy,crop,0.312246,0.399100,0.004715,1,
id0197,id0462,noisy,crop,0.330795,0.337684,0.010958,1,
id0197,id0465,noisy,crop,0.352650,0.437007,0.001691,1,
id0197,id0466,noisy,crop,0.312978,0.402014,0.013551,1,
id0197,id0468,noisy,crop,0.457015,0.593697,0.002692,1,
id0197,id0470,noisy,crop,0.344886,0.447006,0.003649,1,
id0197,id0476,noisy,crop,0.256074,0.392287,0.012191,1,
id0197,id0486,noisy,crop,0.330816,0.432316,0.002502,1,
id0197,id0491,noisy,crop,0.306318,0.447723,0.010772,1,
id0197,id0498,noisy,crop,0.359109,0.456728,0.002973,1,
id0199,id0206,noisy,crop,0.593995,0.749482,0.002839,1,
id0199,id0207,noisy,crop,0.419706,0.632557,0.003771,1,
id0199,id0208,noisy,crop,0.336792,0.590966,0.006536,1,
id0199,id0212,noisy,crop,0.365931,0.505959,0.002724,1,
id0199,id0220,noisy,crop,0.370418,0.558124,0.002049,1,
id0199,id0222,noisy,crop,0.301849,0.545934,0.006710,1,
id0199,id0224,noisy,crop,0.373335,0.511735,0.004598,1,
id0199,id0233,noisy,crop,0.395373,0.547575,0.008474,1,
id0199,id0239,noisy,crop,0.510900,0.579120,0.002334,1,
id0199,id0242,noisy,crop,0.366010,0.448495,0.004077,1,
id0199,id0246,noisy,crop,0.481964,0.661343,0.002149,1,
id0199,id0258,noisy,crop,0.341162,0.542931,0.002329,1,
id0199,id0273,noisy,crop,0.352736,0.532582,0.002716,1,
id0199,id0275,noisy,crop,0.363987,0.624673,0.006864,1,
id0199,id0285,noisy,crop,0.326529,0.435659,0.004815,1,
id0199,id0290,noisy,crop,0.328036,0.491453,0.007196,1,
id0199,id0296,noisy,crop,0.326940,0.592638,0.010078,1,
id0199,id0299,noisy,crop,0.315998,0.490590,0.004705,1,
id0199,id0303,noisy,crop,0.357172,0.473219,0.004922,1,
id0199,id0319,noisy,crop,0.395406,0.647086,0.002789,1,
id0199,id0321,noisy,crop,0.309045,0.489869,0.005269,1,
id0199,id0326,noisy,crop,0.266222,0.462839,0.008837,1,
id0199,id0328,noisy,crop,0.264229,0.378714,0.004634,1,
id0199,id0330,noisy,crop,0.359778,0.525122,0.002396,1,
id0199,id0342,noisy,crop,0.333165,0.498064,0.003256,1,
id0199,id0346,noisy,crop,0.371580,0.535892,0.002929,1,
id0199,id0363,noisy,crop,0.438724,0.473917,0.001501,1,
id0199,id0367,noisy,crop,0.417961,0.424159,0.001915,1,
id0199,id0368,noisy,crop,0.252927,0.472822,0.008623,1,
id0199,id0369,noisy,crop,0.201038,0.439198,0.010593,1,
id0199,id0372,noisy,crop,0.344181,0.382524,0.004004,1,
id0199,id0373,noisy,crop,0.320420,0.452354,0.005008,1,
id0199,id0374,noisy,crop,0.477618,0.639695,0.002417,1,
id0199,id0378,noisy,crop,0.344834,0.525031,0.005353,1,
id0199,id0381,noisy,crop,0.328157,0.401734,0.005475,1,
id0199,id0382,noisy,crop,0.438408,0.669863,0.001811,1,
id0199,id0392,noisy,crop,0.406864,0.526971,0.002283,1,
id0199,id0396,noisy,crop,0.365509,0.424501,0.001382,1,
id0199,id0398,noisy,crop,0.342268,0.553725,0.003097,1,
id0199,id0399,noisy,crop,0.341952,0.575748,0.003411,1,
id0199,id0401,noisy,crop,0.384306,0.580065,0.001838,1,
id0199,id0402,noisy,crop,0.365419,0.527135,0.002532,1,
id0199,id0404,noisy,crop,0.413759,0.635851,0.004488,1,
id0199,id0411,noisy,crop,0.483217,0.731260,0.002676,1,
id0199,id0412,noisy,crop,0.323726,0.520175,0.003844,1,
id0199,id0418,noisy,crop,0.400766,0.497527,0.006930,1,
id0199,id0421,noisy,crop,0.396389,0.603360,0.002686,1,
id0199,id0422,noisy,crop,0.320755,0.518233,0.003679,1,
id0199,id0431,noisy,crop,0.290151,0.474358,0.004195,1,
id0199,id0437,noisy,crop,0.342172,0.506094,0.008339,1,
id0199,id0441,noisy,crop,0.367620,0.600378,0.003980,1,
id0199,id0447,noisy,crop,0.245628,0.445520,0.011164,1,
id0199,id0460,noisy,crop,0.364167,0.578172,0.002918,1,
id0199,id0462,noisy,crop,0.291581,0.503982,0.008973,1,
id0199,id0465,noisy,crop,0.358126,0.584926,0.001389,1,
id0199,id0466,noisy,crop,0.255558,0.506186,0.010930,1,
id0199,id0468,noisy,crop,0.493004,0.734321,0.002740,1,
id0199,id0470,noisy,crop,0.368983,0.563223,0.002370,1,
id0199,id0476,noisy,crop,0.244360,0.491138,0.009823,1,
id0199,id0486,noisy,crop,0.428304,0.696369,0.001976,1,
id0199,id0491,noisy,crop,0.336663,0.538599,0.008582,1,
id0199,id0498,noisy,crop,0.449407,0.679615,0.002329,1,
id0206,id0207,noisy,crop,0.325429,0.608562,0.012197,1,
id0206,id0208,noisy,crop,0.479824,0.722909,0.018958,1,
id0206,id0212,noisy,crop,0.643854,0.755773,0.006158,1,
id0206,id0220,noisy,crop,0.521351,0.666595,0.008100,1,
id0206,id0222,noisy,crop,0.424647,0.634788,0.017085,1,
id0206,id0224,noisy,crop,0.386198,0.601049,0.013696,1,
id0206,id0233,noisy,crop,0.601200,0.833917,0.022552,1,
id0206,id0239,noisy,crop,0.344455,0.495088,0.006545,1,
id0206,id0242,noisy,crop,0.498565,0.633879,0.013947,1,
id0206,id0246,noisy,crop,0.365506,0.554387,0.009216,1,
id0206,id0258,noisy,crop,0.470480,0.614812,0.009157,1,
id0206,id0273,noisy,crop,0.494502,0.707374,0.011461,1,
id0206,id0275,noisy,crop,0.526197,0.758150,0.020019,1,
id0206,id0285,noisy,crop,0.445615,0.555538,0.014184,1,
id0206,id0290,noisy,crop,0.605359,0.974988,0.019209,1,
id0206,id0296,noisy,crop,0.527380,0.654405,0.022223,1,
id0206,id0299,noisy,crop,0.425634,0.655903,0.015749,1,
id0206,id0303,noisy,crop,0.528420,0.664552,0.014672,1,
id0206,id0319,noisy,crop,0.521157,0.648403,0.009564,1,
id0206,id0321,noisy,crop,0.522977,0.772796,0.015813,1,
id0206,id0326,noisy,crop,0.499955,0.761444,0.020329,1,
id0206,id0328,noisy,crop,0.576923,0.756752,0.016475,1,
id0206,id0330,noisy,crop,0.511168,0.734287,0.007855,1,
id0206,id0342,noisy,crop,0.461135,0.673520,0.011557,1,
id0206,id0346,noisy,crop,0.320784,0.495231,0.009896,1,
id0206,id0363,noisy,crop,0.403964,0.510132,0.006858,1,
id0206,id0367,noisy,crop,0.356152,0.649869,0.008398,1,
id0206,id0368,noisy,crop,0.494471,0.684815,0.021539,1,
id0206,id0369,noisy,crop,0.585807,0.852743,0.024991,1,
id0206,id0372,noisy,crop,0.436451,0.636268,0.014126,1,
id0206,id0373,noisy,crop,0.522852,0.865799,0.015468,1,
id0206,id0374,noisy,crop,0.677221,0.912853,0.010468,1,
id0206,id0378,noisy,crop,0.466930,0.697355,0.017710,1,
id0206,id0381,noisy,crop,0.407769,0.637563,0.015735,1,
id0206,id0382,noisy,crop,0.395606,0.480093,0.004817,1,
id0206,id0392,noisy,crop,0.379692,0.581880,0.008577,1,
id0206,id0396,noisy,crop,0.462613,0.565351,0.006581,1,
id0206,id0398,noisy,crop,0.418322,0.560025,0.005319,1,
id0206,id0399,noisy,crop,0.571766,0.783190,0.013297,1,
id0206,id0401,noisy,crop,0.504895,0.658943,0.008474,1,
id0206,id0402,noisy,crop,0.345261,0.544525,0.010381,1,
id0206,id0404,noisy,crop,0.332890,0.549026,0.011693,1,
id0206,id0411,noisy,crop,0.478563,0.624577,0.005967,1,
id0206,id0412,noisy,crop,0.392556,0.543008,0.012870,1,
id0206,id0418,noisy,crop,0.363193,0.562907,0.017041,1,
id0206,id0421,noisy,crop,0.422741,0.625494,0.011086,1,
id0206,id0422,noisy,crop,0.395430,0.615851,0.012153,1,
id0206,id0431,noisy,crop,0.435475,0.633369,0.012159,1,
id0206,id0437,noisy,crop,0.589646,0.913252,0.023216,1,
id0206,id0441,noisy,crop,0.457943,0.670016,0.012927,1,
id0206,id0447,noisy,crop,0.694076,0.852397,0.026244,1,
id0206,id0460,noisy,crop,0.398669,0.585529,0.011728,1,
id0206,id0462,noisy,crop,0.499608,0.597885,0.021118,1,
id0206,id0465,noisy,crop,0.473635,0.593668,0.005032,1,
id0206,id0466,noisy,crop,0.624498,0.825472,0.025235,1,
id0206,id0468,noisy,crop,0.346580,0.461181,0.002753,1,
id0206,id0470,noisy,crop,0.360173,0.474799,0.006841,1,
id0206,id0476,noisy,crop,0.589597,0.776837,0.023225,1,
id0206,id0486,noisy,crop,0.494175,0.677260,0.008555,1,
id0206,id0491,noisy,crop,0.541140,0.795434,0.022593,1,
id0206,id0498,noisy,crop,0.486747,0.737231,0.009834,1,
id0207,id0208,noisy,crop,0.273306,0.412254,0.015174,1,
id0207,id0212,noisy,crop,0.512156,0.570344,0.004833,1,
id0207,id0220,noisy,crop,0.349998,0.352485,0.005885,1,
id0207,id0222,noisy,crop,0.266487,0.389182,0.015119,1,
id0207,id0224,noisy,crop,0.245721,0.379409,0.012380,1,
id0207,id0233,noisy,crop,0.382409,0.515993,0.018977,1,
id0207,id0239,noisy,crop,0.365914,0.493391,0.006246,1,
id0207,id0242,noisy,crop,0.285842,0.346948,0.010748,1,
id0207,id0246,noisy,crop,0.251739,0.376156,0.006503,1,
id0207,id0258,noisy,crop,0.284975,0.364658,0.007045,1,
id0207,id0273,noisy,crop,0.278422,0.405690,0.008595,1,
id0207,id0275,noisy,crop,0.346364,0.444646,0.016028,1,
id0207,id0285,noisy,crop,0.313824,0.395625,0.012582,1,
id0207,id0290,noisy,crop,0.379828,0.684887,0.015738,1,
id0207,id0296,noisy,crop,0.351428,0.421869,0.019779,1,
id0207,id0299,noisy,crop,0.262238,0.392557,0.012783,1,
id0207,id0303,noisy,crop,0.382100,0.464743,0.012396,1,
id0207,id0319,noisy,crop,0.409122,0.464333,0.007189,1,
id0207,id0321,noisy,crop,0.336854,0.505530,0.012904,1,
id0207,id0326,noisy,crop,0.404034,0.598200,0.019521,1,
id0207,id0328,noisy,crop,0.361331,0.536463,0.012894,1,
id0207,id0330,noisy,crop,0.358433,0.456820,0.005959,1,
id0207,id0342,noisy,crop,0.316851,0.450133,0.009594,1,
id0207,id0346,noisy,crop,0.199252,0.301407,0.008653,1,
id0207,id0363,noisy,crop,0.288943,0.271224,0.004564,1,
id0207,id0367,noisy,crop,0.258354,0.472325,0.006360,1,
id0207,id0368,noisy,crop,0.326485,0.425368,0.019245,1,
id0207,id0369,noisy,crop,0.395873,0.614859,0.022047,1,
id0207,id0372,noisy,crop,0.349396,0.456608,0.011670,1,
id0207,id0373,noisy,crop,0.295578,0.543383,0.012242,1,
id0207,id0374,noisy,crop,0.482490,0.546391,0.006288,1,
id0207,id0378,noisy,crop,0.280567,0.410086,0.013912,1,
id0207,id0381,noisy,crop,0.245983,0.333171,0.013137,1,
id0207,id0382,noisy,crop,0.323995,0.397970,0.003914,1,
id0207,id0392,noisy,crop,0.211089,0.344434,0.006750,1,
id0207,id0396,noisy,crop,0.277623,0.332662,0.004272,1,
id0207,id0398,noisy,crop,0.420879,0.588260,0.006610,1,
id0207,id0399,noisy,crop,0.350961,0.444362,0.009506,1,
id0207,id0401,noisy,crop,0.336760,0.475796,0.006000,1,
id0207,id0402,noisy,crop,0.226296,0.299259,0.008445,1,
id0207,id0404,noisy,crop,0.245999,0.351434,0.010830,1,
id0207,id0411,noisy,crop,0.379064,0.458915,0.004285,1,
id0207,id0412,noisy,crop,0.273647,0.401330,0.010991,1,
id0207,id0418,noisy,crop,0.306441,0.504800,0.016424,1,
id0207,id0421,noisy,crop,0.282977,0.362877,0.008100,1,
id0207,id0422,noisy,crop,0.233418,0.374000,0.010661,1,
id0207,id0431,noisy,crop,0.370972,0.549928,0.011754,1,
id0207,id0437,noisy,crop,0.409703,0.674715,0.018884,1,
id0207,id0441,noisy,crop,0.294992,0.437476,0.010417,1,
id0207,id0447,noisy,crop,0.506376,0.620966,0.023240,1,
id0207,id0460,noisy,crop,0.211183,0.271738,0.009051,1,
id0207,id0462,noisy,crop,0.341686,0.410889,0.019573,1,
id0207,id0465,noisy,crop,0.322444,0.391083,0.003622,1,
id0207,id0466,noisy,crop,0.446185,0.545149,0.022371,1,
id0207,id0468,noisy,crop,0.396046,0.547427,0.003403,1,
id0207,id0470,noisy,crop,0.315516,0.458205,0.006912,1,
id0207,id0476,noisy,crop,0.392807,0.478319,0.020010,1,
id0207,id0486,noisy,crop,0.335717,0.383243,0.006252,1,
id0207,id0491,noisy,crop,0.311022,0.465188,0.017962,1,
id0207,id0498,noisy,crop,0.304487,0.445214,0.006371,1,
id0208,id0212,noisy,crop,0.396225,0.489124,0.003104,1,
id0208,id0220,noisy,crop,0.269006,0.307942,0.003077,1,
id0208,id0222,noisy,crop,0.251992,0.327968,0.009792,1,
id0208,id0224,noisy,crop,0.298768,0.418063,0.007677,1,
id0208,id0233,noisy,crop,0.329124,0.409221,0.011378,1,
id0208,id0239,noisy,crop,0.464380,0.614936,0.004361,1,
id0208,id0242,noisy,crop,0.283075,0.347214,0.005576,1,
id0208,id0246,noisy,crop,0.338345,0.393190,0.003092,1,
id0208,id0258,noisy,crop,0.253159,0.373071,0.003781,1,
id0208,id0273,noisy,crop,0.264070,0.384352,0.004556,1,
id0208,id0275,noisy,crop,0.210063,0.314280,0.008961,1,
id0208,id0285,noisy,crop,0.309487,0.433655,0.007412,1,
id0208,id0290,noisy,crop,0.320910,0.577982,0.009850,1,
id0208,id0296,noisy,crop,0.256978,0.284779,0.012746,1,
id0208,id0299,noisy,crop,0.211177,0.271752,0.006961,1,
id0208,id0303,noisy,crop,0.276889,0.387243,0.007266,1,
id0208,id0319,noisy,crop,0.328135,0.422307,0.003456,1,
id0208,id0321,noisy,crop,0.240388,0.394431,0.007745,1,
id0208,id0326,noisy,crop,0.372345,0.549879,0.013046,1,
id0208,id0328,noisy,crop,0.293614,0.444280,0.006770,1,
id0208,id0330,noisy,crop,0.309624,0.470527,0.003504,1,
id0208,id0342,noisy,crop,0.317696,0.464559,0.005432,1,
id0208,id0346,noisy,crop,0.286940,0.409563,0.005151,1,
id0208,id0363,noisy,crop,0.326040,0.287907,0.002210,1,
id0208,id0367,noisy,crop,0.356853,0.418668,0.003421,1,
id0208,id0368,noisy,crop,0.225369,0.352603,0.012039,1,
id0208,id0369,noisy,crop,0.327012,0.522128,0.014304,1,
id0208,id0372,noisy,crop,0.348491,0.396480,0.006493,1,
id0208,id0373,noisy,crop,0.282830,0.446209,0.006874,1,
id0208,id0374,noisy,crop,0.355657,0.407113,0.002662,1,
id0208,id0378,noisy,crop,0.213849,0.326352,0.007266,1,
id0208,id0381,noisy,crop,0.262975,0.295150,0.007808,1,
id0208,id0382,noisy,crop,0.344591,0.432529,0.002818,1,
id0208,id0392,noisy,crop,0.284743,0.374155,0.003889,1,
id0208,id0396,noisy,crop,0.330114,0.452987,0.002351,1,
id0208,id0398,noisy,crop,0.445749,0.631700,0.005754,1,
id0208,id0399,noisy,crop,0.235965,0.339142,0.004521,1,
id0208,id0401,noisy,crop,0.321269,0.485315,0.003022,1,
id0208,id0402,noisy,crop,0.264744,0.312084,0.004449,1,
id0208,id0404,noisy,crop,0.324350,0.464105,0.007344,1,
id0208,id0411,noisy,crop,0.342174,0.438830,0.002794,1,
id0208,id0412,noisy,crop,0.296345,0.419560,0.006322,1,
id0208,id0418,noisy,crop,0.322377,0.450557,0.010698,1,
id0208,id0421,noisy,crop,0.219069,0.276196,0.003520,1,
id0208,id0422,noisy,crop,0.237856,0.413261,0.006162,1,
id0208,id0431,noisy,crop,0.345937,0.537517,0.007625,1,
id0208,id0437,noisy,crop,0.351815,0.580272,0.011004,1,
id0208,id0441,noisy,crop,0.260184,0.391703,0.005724,1,
id0208,id0447,noisy,crop,0.360722,0.477502,0.014793,1,
id0208,id0460,noisy,crop,0.185085,0.254747,0.004407,1,
id0208,id0462,noisy,crop,0.327168,0.428792,0.012800,1,
id0208,id0465,noisy,crop,0.287670,0.370098,0.002167,1,
id0208,id0466,noisy,crop,0.306432,0.423353,0.014078,1,
id0208,id0468,noisy,crop,0.430406,0.626276,0.003936,1,
id0208,id0470,noisy,crop,0.358062,0.531529,0.004766,1,
id0208,id0476,noisy,crop,0.242528,0.342731,0.012389,1,
id0208,id0486,noisy,crop,0.303470,0.386485,0.003283,1,
id0208,id0491,noisy,crop,0.210870,0.340883,0.010378,1,
id0208,id0498,noisy,crop,0.224473,0.288051,0.002587,1,
id0212,id0220,noisy,crop,0.317224,0.394329,0.003476,1,
id0212,id0222,noisy,crop,0.384811,0.449706,0.011808,1,
id0212,id0224,noisy,crop,0.486792,0.521253,0.009602,1,
id0212,id0233,noisy,crop,0.497529,0.522756,0.014876,1,
id0212,id0239,noisy,crop,0.566148,0.583713,0.003865,1,
id0212,id0242,noisy,crop,0.498312,0.488801,0.008447,1,
id0212,id0246,noisy,crop,0.469491,0.487639,0.003711,1,
id0212,id0258,noisy,crop,0.333507,0.437613,0.004616,1,
id0212,id0273,noisy,crop,0.408144,0.439696,0.005798,1,
id0212,id0275,noisy,crop,0.359840,0.459889,0.011738,1,
id0212,id0285,noisy,crop,0.451572,0.437103,0.009055,1,
id0212,id0290,noisy,crop,0.429023,0.577915,0.012232,1,
id0212,id0296,noisy,crop,0.355530,0.443130,0.015260,1,
id0212,id0299,noisy,crop,0.354071,0.359740,0.008879,1,
id0212,id0303,noisy,crop,0.351432,0.238812,0.007148,1,
id0212,id0319,noisy,crop,0.277795,0.357365,0.003362,1,
id0212,id0321,noisy,crop,0.415148,0.456899,0.009710,1,
id0212,id0326,noisy,crop,0.413478,0.459876,0.014617,1,
id0212,id0328,noisy,crop,0.403212,0.388349,0.008884,1,
id0212,id0330,noisy,crop,0.319007,0.375110,0.002854,1,
id0212,id0342,noisy,crop,0.397574,0.361012,0.005605,1,
id0212,id0346,noisy,crop,0.463472,0.485680,0.006547,1,
id0212,id0363,noisy,crop,0.520666,0.455105,0.003862,1,
id0212,id0367,noisy,crop,0.573459,0.440267,0.004847,1,
id0212,id0368,noisy,crop,0.366152,0.419076,0.015071,1,
id0212,id0369,noisy,crop,0.332282,0.435016,0.016316,1,
id0212,id0372,noisy,crop,0.446465,0.383474,0.007832,1,
id0212,id0373,noisy,crop,0.521926,0.559577,0.010464,1,
id0212,id0374,noisy,crop,0.413082,0.551920,0.004489,1,
id0212,id0378,noisy,crop,0.395226,0.421503,0.009700,1,
id0212,id0381,noisy,crop,0.445509,0.462412,0.010764,1,
id0212,id0382,noisy,crop,0.421256,0.457195,0.002368,1,
id0212,id0392,noisy,crop,0.477415,0.466099,0.005135,1,
id0212,id0396,noisy,crop,0.535752,0.546274,0.004446,1,
id0212,id0398,noisy,crop,0.412664,0.471917,0.003963,1,
id0212,id0399,noisy,crop,0.347193,0.406351,0.006150,1,
id0212,id0401,noisy,crop,0.355895,0.456239,0.002836,1,
id0212,id0402,noisy,crop,0.396278,0.403214,0.005880,1,
id0212,id0404,noisy,crop,0.451214,0.489143,0.007567,1,
id0212,id0411,noisy,crop,0.383117,0.463311,0.001834,1,
id0212,id0412,noisy,crop,0.404867,0.397902,0.007396,1,
id0212,id0418,noisy,crop,0.529365,0.469653,0.011692,1,
id0212,id0421,noisy,crop,0.393810,0.435508,0.005595,1,
id0212,id0422,noisy,crop,0.423740,0.445070,0.007744,1,
id0212,id0431,noisy,crop,0.371749,0.360905,0.007392,1,
id0212,id0437,noisy,crop,0.403965,0.490621,0.012395,1,
id0212,id0441,noisy,crop,0.331351,0.384512,0.006140,1,
id0212,id0447,noisy,crop,0.352362,0.414580,0.017272,1,
id0212,id0460,noisy,crop,0.403997,0.475066,0.006674,1,
id0212,id0462,noisy,crop,0.391265,0.437640,0.015077,1,
id0212,id0465,noisy,crop,0.312425,0.387755,0.001975,1,
id0212,id0466,noisy,crop,0.308301,0.426649,0.016311,1,
id0212,id0468,noisy,crop,0.494855,0.542874,0.002289,1,
id0212,id0470,noisy,crop,0.433512,0.470674,0.004290,1,
id0212,id0476,noisy,crop,0.363185,0.458413,0.016034,1,
id0212,id0486,noisy,crop,0.487437,0.586788,0.005464,1,
id0212,id0491,noisy,crop,0.382901,0.482756,0.013425,1,
id0212,id0498,noisy,crop,0.406059,0.525963,0.004969,1,
id0220,id0222,noisy,crop,0.267547,0.293131,0.011539,1,
id0220,id0224,noisy,crop,0.369747,0.358663,0.009105,1,
id0220,id0233,noisy,crop,0.387139,0.396300,0.014350,1,
id0220,id0239,noisy,crop,0.482724,0.542559,0.003824,1,
id0220,id0242,noisy,crop,0.382248,0.379094,0.008118,1,
id0220,id0246,noisy,crop,0.355109,0.357241,0.003320,1,
id0220,id0258,noisy,crop,0.203282,0.271096,0.004218,1,
id0220,id0273,noisy,crop,0.270872,0.289265,0.005328,1,
id0220,id0275,noisy,crop,0.216635,0.305613,0.011419,1,
id0220,id0285,noisy,crop,0.368549,0.384351,0.008852,1,
id0220,id0290,noisy,crop,0.322151,0.521012,0.011798,1,
id0220,id0296,noisy,crop,0.233337,0.312217,0.015416,1,
id0220,id0299,noisy,crop,0.249975,0.237622,0.008545,1,
id0220,id0303,noisy,crop,0.291015,0.278042,0.007648,1,
id0220,id0319,noisy,crop,0.264420,0.352473,0.003655,1,
id0220,id0321,noisy,crop,0.305151,0.367361,0.009632,1,
id0220,id0326,noisy,crop,0.413000,0.492316,0.014871,1,
id0220,id0328,noisy,crop,0.342344,0.416438,0.008872,1,
id0220,id0330,noisy,crop,0.221762,0.311951,0.002852,1,
id0220,id0342,noisy,crop,0.309856,0.348378,0.005588,1,
id0220,id0346,noisy,crop,0.328602,0.354809,0.005998,1,
id0220,id0363,noisy,crop,0.407879,0.350839,0.003104,1,
id0220,id0367,noisy,crop,0.469948,0.404202,0.004691,1,
id0220,id0368,noisy,crop,0.295894,0.322822,0.014841,1,
id0220,id0369,noisy,crop,0.296397,0.429117,0.016351,1,
id0220,id0372,noisy,crop,0.395667,0.360065,0.007701,1,
id0220,id0373,noisy,crop,0.373557,0.442602,0.009749,1,
id0220,id0374,noisy,crop,0.300964,0.384811,0.004248,1,
id0220,id0378,noisy,crop,0.333050,0.320715,0.009618,1,
id0220,id0381,noisy,crop,0.351371,0.340163,0.010149,1,
id0220,id0382,noisy,crop,0.306040,0.371212,0.002130,1,
id0220,id0392,noisy,crop,0.332249,0.306956,0.004721,1,
id0220,id0396,noisy,crop,0.394294,0.467442,0.003757,1,
id0220,id0398,noisy,crop,0.388347,0.510782,0.004190,1,
id0220,id0399,noisy,crop,0.247782,0.301788,0.006179,1,
id0220,id0401,noisy,crop,0.292796,0.419699,0.003109,1,
id0220,id0402,noisy,crop,0.278562,0.259306,0.005462,1,
id0220,id0404,noisy,crop,0.314830,0.344173,0.007442,1,
id0220,id0411,noisy,crop,0.245632,0.351236,0.001867,1,
id0220,id0412,noisy,crop,0.343553,0.349683,0.007390,1,
id0220,id0418,noisy,crop,0.412742,0.408304,0.011823,1,
id0220,id0421,noisy,crop,0.305159,0.309336,0.005221,1,
id0220,id0422,noisy,crop,0.293885,0.322564,0.007507,1,
id0220,id0431,noisy,crop,0.335661,0.435064,0.007744,1,
id0220,id0437,noisy,crop,0.400322,0.525798,0.012797,1,
id0220,id0441,noisy,crop,0.225377,0.303778,0.006145,1,
id0220,id0447,noisy,crop,0.372195,0.449993,0.018054,1,
id0220,id0460,noisy,crop,0.269943,0.302390,0.006182,1,
id0220,id0462,noisy,crop,0.293259,0.355770,0.014776,1,
id0220,id0465,noisy,crop,0.214501,0.302331,0.001907,1,
id0220,id0466,noisy,crop,0.277247,0.379587,0.016840,1,
id0220,id0468,noisy,crop,0.389025,0.526566,0.002184,1,
id0220,id0470,noisy,crop,0.322153,0.425728,0.004398,1,
id0220,id0476,noisy,crop,0.285236,0.370851,0.015950,1,
id0220,id0486,noisy,crop,0.295640,0.375111,0.004595,1,
id0220,id0491,noisy,crop,0.295143,0.342322,0.012954,1,
id0220,id0498,noisy,crop,0.273421,0.335166,0.004154,1,
id0222,id0224,noisy,crop,0.277499,0.402059,0.006718,1,
id0222,id0233,noisy,crop,0.420331,0.442072,0.011224,1,
id0222,id0239,noisy,crop,0.406942,0.557839,0.003433,1,
id0222,id0242,noisy,crop,0.379093,0.372722,0.006052,1,
id0222,id0246,noisy,crop,0.303261,0.423280,0.002859,1,
id0222,id0258,noisy,crop,0.229935,0.345136,0.003041,1,
id0222,id0273,noisy,crop,0.318235,0.394151,0.004196,1,
id0222,id0275,noisy,crop,0.267182,0.374024,0.008742,1,
id0222,id0285,noisy,crop,0.333911,0.341826,0.006487,1,
id0222,id0290,noisy,crop,0.293668,0.503679,0.008963,1,
id0222,id0296,noisy,crop,0.246892,0.302420,0.011370,1,
id0222,id0299,noisy,crop,0.211306,0.260580,0.006498,1,
id0222,id0303,noisy,crop,0.345667,0.329065,0.006266,1,
id0222,id0319,noisy,crop,0.349153,0.448921,0.003689,1,
id0222,id0321,noisy,crop,0.256050,0.332764,0.006642,1,
id0222,id0326,noisy,crop,0.318836,0.406352,0.011071,1,
id0222,id0328,noisy,crop,0.370995,0.428202,0.007225,1,
id0222,id0330,noisy,crop,0.291790,0.432963,0.002930,1,
id0222,id0342,noisy,crop,0.334356,0.418102,0.004935,1,
id0222,id0346,noisy,crop,0.251098,0.345066,0.003868,1,
id0222,id0363,noisy,crop,0.403082,0.332942,0.002273,1,
id0222,id0367,noisy,crop,0.336502,0.341429,0.002769,1,
id0222,id0368,noisy,crop,0.257729,0.305081,0.011084,1,
id0222,id0369,noisy,crop,0.289632,0.419125,0.013193,1,
id0222,id0372,noisy,crop,0.276945,0.325001,0.005819,1,
id0222,id0373,noisy,crop,0.310415,0.444317,0.006822,1,
id0222,id0374,noisy,crop,0.373407,0.453404,0.003135,1,
id0222,id0378,noisy,crop,0.301345,0.405305,0.008032,1,
id0222,id0381,noisy,crop,0.216114,0.273661,0.007032,1,
id0222,id0382,noisy,crop,0.307332,0.397716,0.001534,1,
id0222,id0392,noisy,crop,0.290747,0.334777,0.002944,1,
id0222,id0396,noisy,crop,0.403493,0.437496,0.002527,1,
id0222,id0398,noisy,crop,0.368818,0.478699,0.003170,1,
id0222,id0399,noisy,crop,0.332202,0.380708,0.004618,1,
id0222,id0401,noisy,crop,0.324403,0.485042,0.002806,1,
id0222,id0402,noisy,crop,0.207216,0.297012,0.003637,1,
id0222,id0404,noisy,crop,0.255132,0.417559,0.005463,1,
id0222,id0411,noisy,crop,0.359934,0.472599,0.002678,1,
id0222,id0412,noisy,crop,0.258415,0.344531,0.005213,1,
id0222,id0418,noisy,crop,0.275313,0.310730,0.008469,1,
id0222,id0421,noisy,crop,0.300215,0.335529,0.003868,1,
id0222,id0422,noisy,crop,0.269156,0.359469,0.005222,1,
id0222,id0431,noisy,crop,0.298100,0.405896,0.005648,1,
id0222,id0437,noisy,crop,0.368334,0.572058,0.011571,1,
id0222,id0441,noisy,crop,0.273585,0.404557,0.005281,1,
id0222,id0447,noisy,crop,0.385851,0.421254,0.014134,1,
id0222,id0460,noisy,crop,0.255521,0.350062,0.004464,1,
id0222,id0462,noisy,crop,0.330883,0.332789,0.011165,1,
id0222,id0465,noisy,crop,0.270638,0.348397,0.001353,1,
id0222,id0466,noisy,crop,0.309087,0.366995,0.013371,1,
id0222,id0468,noisy,crop,0.402107,0.547964,0.002196,1,
id0222,id0470,noisy,crop,0.277360,0.421405,0.002972,1,
id0222,id0476,noisy,crop,0.278529,0.354893,0.011882,1,
id0222,id0486,noisy,crop,0.333042,0.407724,0.002547,1,
id0222,id0491,noisy,crop,0.289282,0.421667,0.010947,1,
id0222,id0498,noisy,crop,0.280249,0.390088,0.002833,1,
id0224,id0233,noisy,crop,0.409726,0.546257,0.017547,1,
id0224,id0239,noisy,crop,0.296494,0.369219,0.004428,1,
id0224,id0242,noisy,crop,0.310919,0.352898,0.009623,1,
id0224,id0246,noisy,crop,0.321781,0.440512,0.005912,1,
id0224,id0258,noisy,crop,0.260001,0.380766,0.006115,1,
id0224,id0273,noisy,crop,0.281081,0.412257,0.007619,1,
id0224,id0275,noisy,crop,0.377411,0.559405,0.015184,1,
id0224,id0285,noisy,crop,0.351827,0.413066,0.011342,1,
id0224,id0290,noisy,crop,0.341670,0.664655,0.015112,1,
id0224,id0296,noisy,crop,0.402240,0.486321,0.019398,1,
id0224,id0299,noisy,crop,0.290507,0.442867,0.011659,1,
id0224,id0303,noisy,crop,0.395051,0.454285,0.011202,1,
id0224,id0319,noisy,crop,0.422388,0.550884,0.006359,1,
id0224,id0321,noisy,crop,0.338503,0.534333,0.012944,1,
id0224,id0326,noisy,crop,0.414867,0.627733,0.017961,1,
id0224,id0328,noisy,crop,0.326790,0.413622,0.010976,1,
id0224,id0330,noisy,crop,0.294890,0.467271,0.005068,1,
id0224,id0342,noisy,crop,0.280797,0.450909,0.007967,1,
id0224,id0346,noisy,crop,0.231811,0.359821,0.007928,1,
id0224,id0363,noisy,crop,0.378075,0.329112,0.003876,1,
id0224,id0367,noisy,crop,0.259738,0.444453,0.005714,1,
id0224,id0368,noisy,crop,0.322235,0.489929,0.017758,1,
id0224,id0369,noisy,crop,0.368751,0.584520,0.020483,1,
id0224,id0372,noisy,crop,0.297345,0.392355,0.010325,1,
id0224,id0373,noisy,crop,0.276766,0.553428,0.011409,1,
id0224,id0374,noisy,crop,0.489732,0.609472,0.006297,1,
id0224,id0378,noisy,crop,0.274956,0.414697,0.012226,1,
id0224,id0381,noisy,crop,0.247226,0.405049,0.012624,1,
id0224,id0382,noisy,crop,0.383398,0.497283,0.003776,1,
id0224,id0392,noisy,crop,0.243752,0.367745,0.005931,1,
id0224,id0396,noisy,crop,0.325529,0.349657,0.003620,1,
id0224,id0398,noisy,crop,0.389461,0.551853,0.005651,1,
id0224,id0399,noisy,crop,0.383566,0.548438,0.009126,1,
id0224,id0401,noisy,crop,0.331790,0.414150,0.004909,1,
id0224,id0402,noisy,crop,0.259157,0.403146,0.007736,1,
id0224,id0404,noisy,crop,0.248582,0.473634,0.009981,1,
id0224,id0411,noisy,crop,0.397241,0.535024,0.003587,1,
id0224,id0412,noisy,crop,0.317291,0.444097,0.010065,1,
id0224,id0418,noisy,crop,0.302429,0.474082,0.015099,1,
id0224,id0421,noisy,crop,0.352378,0.488870,0.007538,1,
id0224,id0422,noisy,crop,0.224414,0.427605,0.009359,1,
id0224,id0431,noisy,crop,0.356571,0.545968,0.010281,1,
id0224,id0437,noisy,crop,0.342101,0.564637,0.016691,1,
id0224,id0441,noisy,crop,0.288350,0.464142,0.009052,1,
id0224,id0447,noisy,crop,0.493221,0.620336,0.021565,1,
id0224,id0460,noisy,crop,0.270864,0.426431,0.008147,1,
id0224,id0462,noisy,crop,0.400732,0.494712,0.018494,1,
id0224,id0465,noisy,crop,0.331814,0.434896,0.003577,1,
id0224,id0466,noisy,crop,0.447942,0.609363,0.020953,1,
id0224,id0468,noisy,crop,0.412785,0.573667,0.002513,1,
id0224,id0470,noisy,crop,0.253377,0.451354,0.005688,1,
id0224,id0476,noisy,crop,0.380866,0.527231,0.018882,1,
id0224,id0486,noisy,crop,0.393943,0.569776,0.006293,1,
id0224,id0491,noisy,crop,0.306934,0.461465,0.016412,1,
id0224,id0498,noisy,crop,0.335386,0.534304,0.006238,1,
id0233,id0239,noisy,crop,0.589202,0.563427,0.004366,1,
id0233,id0242,noisy,crop,0.292918,0.288706,0.007101,1,
id0233,id0246,noisy,crop,0.473883,0.434810,0.003911,1,
id0233,id0258,noisy,crop,0.344233,0.353443,0.004277,1,
id0233,id0273,noisy,crop,0.263323,0.297264,0.004937,1,
id0233,id0275,noisy,crop,0.383285,0.363065,0.010900,1,
id0233,id0285,noisy,crop,0.375625,0.403839,0.008528,1,
id0233,id0290,noisy,crop,0.358314,0.463537,0.010428,1,
id0233,id0296,noisy,crop,0.405793,0.390022,0.015494,1,
id0233,id0299,noisy,crop,0.351210,0.291395,0.008268,1,
id0233,id0303,noisy,crop,0.368592,0.375303,0.008306,1,
id0233,id0319,noisy,crop,0.510307,0.508703,0.004396,1,
id0233,id0321,noisy,crop,0.321539,0.360080,0.008972,1,
id0233,id0326,noisy,crop,0.459129,0.516338,0.014417,1,
id0233,id0328,noisy,crop,0.267806,0.349196,0.007703,1,
id0233,id0330,noisy,crop,0.442767,0.419989,0.003746,1,
id0233,id0342,noisy,crop,0.389362,0.413194,0.006278,1,
id0233,id0346,noisy,crop,0.404756,0.375298,0.005738,1,
id0233,id0363,noisy,crop,0.348888,0.299748,0.002974,1,
id0233,id0367,noisy,crop,0.465502,0.387625,0.004515,1,
id0233,id0368,noisy,crop,0.380624,0.330006,0.013961,1,
id0233,id0369,noisy,crop,0.357021,0.421855,0.015298,1,
id0233,id0372,noisy,crop,0.533140,0.372679,0.007476,1,
id0233,id0373,noisy,crop,0.322755,0.361227,0.008045,1,
id0233,id0374,noisy,crop,0.423150,0.399368,0.003353,1,
id0233,id0378,noisy,crop,0.366356,0.268284,0.008548,1,
id0233,id0381,noisy,crop,0.433288,0.298273,0.009443,1,
id0233,id0382,noisy,crop,0.440125,0.488817,0.002479,1,
id0233,id0392,noisy,crop,0.352552,0.342011,0.004653,1,
id0233,id0396,noisy,crop,0.343587,0.391854,0.002601,1,
id0233,id0398,noisy,crop,0.544466,0.608305,0.005097,1,
id0233,id0399,noisy,crop,0.250842,0.349558,0.005676,1,
id0233,id0401,noisy,crop,0.400259,0.441561,0.003564,1,
id0233,id0402,noisy,crop,0.439202,0.340720,0.005385,1,
id0233,id0404,noisy,crop,0.474932,0.470338,0.007957,1,
id0233,id0411,noisy,crop,0.438135,0.503783,0.002881,1,
id0233,id0412,noisy,crop,0.433227,0.415391,0.007317,1,
id0233,id0418,noisy,crop,0.503456,0.467739,0.012061,1,
id0233,id0421,noisy,crop,0.363147,0.353684,0.004869,1,
id0233,id0422,noisy,crop,0.338883,0.374741,0.007117,1,
id0233,id0431,noisy,crop,0.446269,0.523935,0.008218,1,
id0233,id0437,noisy,crop,0.450290,0.468219,0.012176,1,
id0233,id0441,noisy,crop,0.388212,0.418816,0.007228,1,
id0233,id0447,noisy,crop,0.354559,0.432365,0.016746,1,
id0233,id0460,noisy,crop,0.330338,0.326202,0.005622,1,
id0233,id0462,noisy,crop,0.371103,0.423560,0.014406,1,
id0233,id0465,noisy,crop,0.406432,0.411898,0.002465,1,
id0233,id0466,noisy,crop,0.395817,0.428714,0.016145,1,
id0233,id0468,noisy,crop,0.534347,0.641688,0.003179,1,
id0233,id0470,noisy,crop,0.500596,0.524001,0.005108,1,
id0233,id0476,noisy,crop,0.339367,0.354583,0.014829,1,
id0233,id0486,noisy,crop,0.312496,0.425548,0.003756,1,
id0233,id0491,noisy,crop,0.337080,0.310046,0.012019,1,
id0233,id0498,noisy,crop,0.391276,0.386633,0.003698,1,
id0239,id0242,noisy,crop,0.468902,0.524243,0.017642,1,
id0239,id0246,noisy,crop,0.315654,0.494731,0.011027,1,
id0239,id0258,noisy,crop,0.403488,0.516910,0.011756,1,
id0239,id0273,noisy,crop,0.452858,0.601068,0.014012,1,
id0239,id0275,noisy,crop,0.477709,0.731271,0.024186,1,
id0239,id0285,noisy,crop,0.429462,0.467476,0.019198,1,
id0239,id0290,noisy,crop,0.515034,0.872049,0.023614,1,
id0239,id0296,noisy,crop,0.510041,0.659214,0.028883,1,
id0239,id0299,noisy,crop,0.390365,0.600688,0.020078,1,
id0239,id0303,noisy,crop,0.507133,0.567804,0.018083,1,
id0239,id0319,noisy,crop,0.431160,0.608576,0.011265,1,
id0239,id0321,noisy,crop,0.501893,0.738496,0.020864,1,
id0239,id0326,noisy,crop,0.502365,0.726079,0.027749,1,
id0239,id0328,noisy,crop,0.473615,0.560220,0.019460,1,
id0239,id0330,noisy,crop,0.396990,0.581945,0.009198,1,
id0239,id0342,noisy,crop,0.358061,0.518064,0.014358,1,
id0239,id0346,noisy,crop,0.312854,0.446164,0.014532,1,
id0239,id0363,noisy,crop,0.462757,0.477908,0.009309,1,
id0239,id0367,noisy,crop,0.291682,0.534957,0.011501,1,
id0239,id0368,noisy,crop,0.454218,0.656785,0.027975,1,
id0239,id0369,noisy,crop,0.504639,0.746237,0.030404,1,
id0239,id0372,noisy,crop,0.305565,0.475910,0.017791,1,
id0239,id0373,noisy,crop,0.478993,0.780658,0.020302,1,
id0239,id0374,noisy,crop,0.651392,0.842587,0.011992,1,
id0239,id0378,noisy,crop,0.393233,0.605917,0.020900,1,
id0239,id0381,noisy,crop,0.358618,0.587381,0.021532,1,
id0239,id0382,noisy,crop,0.408636,0.524325,0.007049,1,
id0239,id0392,noisy,crop,0.370298,0.498829,0.011808,1,
id0239,id0396,noisy,crop,0.426997,0.450552,0.008939,1,
id0239,id0398,noisy,crop,0.412790,0.521219,0.009309,1,
id0239,id0399,noisy,crop,0.543328,0.724675,0.016225,1,
id0239,id0401,noisy,crop,0.426509,0.478236,0.009475,1,
id0239,id0402,noisy,crop,0.288367,0.514739,0.014470,1,
id0239,id0404,noisy,crop,0.288712,0.542385,0.016346,1,
id0239,id0411,noisy,crop,0.429896,0.584112,0.006065,1,
id0239,id0412,noisy,crop,0.339404,0.502830,0.017145,1,
id0239,id0418,noisy,crop,0.349154,0.562068,0.023665,1,
id0239,id0421,noisy,crop,0.405241,0.620235,0.014209,1,
id0239,id0422,noisy,crop,0.355077,0.557080,0.016814,1,
id0239,id0431,noisy,crop,0.394355,0.556184,0.016925,1,
id0239,id0437,noisy,crop,0.432743,0.699853,0.025437,1,
id0239,id0441,noisy,crop,0.383917,0.556159,0.015475,1,
id0239,id0447,noisy,crop,0.646356,0.781337,0.032534,1,
id0239,id0460,noisy,crop,0.387875,0.581787,0.015408,1,
id0239,id0462,noisy,crop,0.484251,0.581847,0.028264,1,
id0239,id0465,noisy,crop,0.443853,0.543596,0.007155,1,
id0239,id0466,noisy,crop,0.564435,0.763627,0.031248,1,
id0239,id0468,noisy,crop,0.341460,0.488114,0.004362,1,
id0239,id0470,noisy,crop,0.276756,0.415735,0.010651,1,
id0239,id0476,noisy,crop,0.551087,0.734969,0.029516,1,
id0239,id0486,noisy,crop,0.528643,0.726176,0.012586,1,
id0239,id0491,noisy,crop,0.471070,0.661607,0.026064,1,
id0239,id0498,noisy,crop,0.469018,0.732080,0.012308,1,
id0242,id0246,noisy,crop,0.404702,0.434048,0.005575,1,
id0242,id0258,noisy,crop,0.308529,0.362891,0.005953,1,
id0242,id0273,noisy,crop,0.289782,0.402199,0.007602,1,
id0242,id0275,noisy,crop,0.390679,0.474285,0.014525,1,
id0242,id0285,noisy,crop,0.254317,0.310566,0.010892,1,
id0242,id0290,noisy,crop,0.407891,0.590509,0.014368,1,
id0242,id0296,noisy,crop,0.410910,0.431284,0.018501,1,
id0242,id0299,noisy,crop,0.319387,0.377000,0.011446,1,
id0242,id0303,noisy,crop,0.356661,0.435038,0.011058,1,
id0242,id0319,noisy,crop,0.464741,0.491873,0.006107,1,
id0242,id0321,noisy,crop,0.365004,0.473739,0.011987,1,
id0242,id0326,noisy,crop,0.401243,0.533093,0.017933,1,
id0242,id0328,noisy,crop,0.245624,0.409356,0.010624,1,
id0242,id0330,noisy,crop,0.396913,0.468576,0.005429,1,
id0242,id0342,noisy,crop,0.323656,0.442958,0.008383,1,
id0242,id0346,noisy,crop,0.302419,0.313543,0.007716,1,
id0242,id0363,noisy,crop,0.283750,0.249159,0.003897,1,
id0242,id0367,noisy,crop,0.335460,0.380246,0.005275,1,
id0242,id0368,noisy,crop,0.332835,0.389932,0.017588,1,
id0242,id0369,noisy,crop,0.359819,0.531150,0.019928,1,
id0242,id0372,noisy,crop,0.461654,0.368419,0.010561,1,
id0242,id0373,noisy,crop,0.247632,0.465220,0.010765,1,
id0242,id0374,noisy,crop,0.510435,0.542323,0.005127,1,
id0242,id0378,noisy,crop,0.276264,0.362373,0.011567,1,
id0242,id0381,noisy,crop,0.361402,0.274129,0.012256,1,
id0242,id0382,noisy,crop,0.411291,0.450148,0.003744,1,
id0242,id0392,noisy,crop,0.250182,0.325900,0.005704,1,
id0242,id0396,noisy,crop,0.245091,0.253940,0.003397,1,
id0242,id0398,noisy,crop,0.486689,0.564114,0.006918,1,
id0242,id0399,noisy,crop,0.297542,0.451713,0.008181,1,
id0242,id0401,noisy,crop,0.361365,0.460411,0.004658,1,
id0242,id0402,noisy,crop,0.348024,0.313866,0.007570,1,
id0242,id0404,noisy,crop,0.396943,0.447892,0.010361,1,
id0242,id0411,noisy,crop,0.418032,0.526102,0.003689,1,
id0242,id0412,noisy,crop,0.368041,0.362336,0.009527,1,
id0242,id0418,noisy,crop,0.421574,0.464841,0.015201,1,
id0242,id0421,noisy,crop,0.276965,0.354644,0.006528,1,
id0242,id0422,noisy,crop,0.266938,0.367338,0.009330,1,
id0242,id0431,noisy,crop,0.383572,0.506634,0.010775,1,
id0242,id0437,noisy,crop,0.396758,0.578449,0.016097,1,
id0242,id0441,noisy,crop,0.340187,0.453356,0.008978,1,
id0242,id0447,noisy,crop,0.409536,0.541756,0.021046,1,
id0242,id0460,noisy,crop,0.286010,0.302601,0.007677,1,
id0242,id0462,noisy,crop,0.338925,0.376585,0.018131,1,
id0242,id0465,noisy,crop,0.374121,0.430088,0.003361,1,
id0242,id0466,noisy,crop,0.404746,0.503467,0.020197,1,
id0242,id0468,noisy,crop,0.480385,0.580978,0.003504,1,
id0242,id0470,noisy,crop,0.413583,0.468887,0.006639,1,
id0242,id0476,noisy,crop,0.324870,0.403823,0.017914,1,
id0242,id0486,noisy,crop,0.332722,0.447841,0.005707,1,
id0242,id0491,noisy,crop,0.321024,0.408902,0.015795,1,
id0242,id0498,noisy,crop,0.373284,0.455194,0.005215,1,
id0246,id0258,noisy,crop,0.298299,0.370965,0.009662,1,
id0246,id0273,noisy,crop,0.320576,0.440499,0.011466,1,
id0246,id0275,noisy,crop,0.332442,0.438262,0.020191,1,
id0246,id0285,noisy,crop,0.372854,0.457562,0.016902,1,
id0246,id0290,noisy,crop,0.427600,0.766142,0.020224,1,
id0246,id0296,noisy,crop,0.363989,0.401044,0.025050,1,
id0246,id0299,noisy,crop,0.264699,0.378130,0.016708,1,
id0246,id0303,noisy,crop,0.394235,0.400124,0.015116,1,
id0246,id0319,noisy,crop,0.334364,0.380069,0.008561,1,
id0246,id0321,noisy,crop,0.406469,0.551466,0.017328,1,
id0246,id0326,noisy,crop,0.452308,0.653571,0.025388,1,
id0246,id0328,noisy,crop,0.408351,0.520696,0.016639,1,
id0246,id0330,noisy,crop,0.326388,0.477500,0.007191,1,
id0246,id0342,noisy,crop,0.312557,0.434208,0.012382,1,
id0246,id0346,noisy,crop,0.272059,0.352611,0.012495,1,
id0246,id0363,noisy,crop,0.352645,0.355074,0.007622,1,
id0246,id0367,noisy,crop,0.316452,0.484231,0.010032,1,
id0246,id0368,noisy,crop,0.381364,0.498424,0.024994,1,
id0246,id0369,noisy,crop,0.440472,0.656742,0.026851,1,
id0246,id0372,noisy,crop,0.330282,0.412974,0.015172,1,
id0246,id0373,noisy,crop,0.407588,0.678768,0.017566,1,
id0246,id0374,noisy,crop,0.475000,0.593328,0.008916,1,
id0246,id0378,noisy,crop,0.303793,0.421973,0.017811,1,
id0246,id0381,noisy,crop,0.317463,0.468574,0.018554,1,
id0246,id0382,noisy,crop,0.276400,0.281382,0.005201,1,
id0246,id0392,noisy,crop,0.287487,0.382328,0.010330,1,
id0246,id0396,noisy,crop,0.414381,0.495728,0.007866,1,
id0246,id0398,noisy,crop,0.423078,0.559127,0.008392,1,
id0246,id0399,noisy,crop,0.395805,0.468396,0.012746,1,
id0246,id0401,noisy,crop,0.292219,0.383328,0.007564,1,
id0246,id0402,noisy,crop,0.217821,0.322858,0.011908,1,
id0246,id0404,noisy,crop,0.233532,0.392388,0.014295,1,
id0246,id0411,noisy,crop,0.295615,0.293933,0.004158,1,
id0246,id0412,noisy,crop,0.294173,0.394764,0.014820,1,
id0246,id0418,noisy,crop,0.353160,0.488183,0.021166,1,
id0246,id0421,noisy,crop,0.287141,0.351101,0.011272,1,
id0246,id0422,noisy,crop,0.335111,0.472392,0.015116,1,
id0246,id0431,noisy,crop,0.368271,0.517241,0.015105,1,
id0246,id0437,noisy,crop,0.393309,0.645409,0.021836,1,
id0246,id0441,noisy,crop,0.251896,0.335665,0.012912,1,
id0246,id0447,noisy,crop,0.557835,0.650265,0.029009,1,
id0246,id0460,noisy,crop,0.270471,0.356497,0.012890,1,
id0246,id0462,noisy,crop,0.400380,0.480322,0.025192,1,
id0246,id0465,noisy,crop,0.306742,0.302692,0.005284,1,
id0246,id0466,noisy,crop,0.469095,0.592628,0.027306,1,
id0246,id0468,noisy,crop,0.349240,0.452736,0.004267,1,
id0246,id0470,noisy,crop,0.314922,0.415972,0.009661,1,
id0246,id0476,noisy,crop,0.471874,0.578922,0.026186,1,
id0246,id0486,noisy,crop,0.421057,0.470416,0.010124,1,
id0246,id0491,noisy,crop,0.332013,0.480506,0.022107,1,
id0246,id0498,noisy,crop,0.298545,0.435443,0.009386,1,
id0258,id0273,noisy,crop,0.231813,0.279411,0.006437,1,
id0258,id0275,noisy,crop,0.261157,0.378149,0.012975,1,
id0258,id0285,noisy,crop,0.317975,0.357205,0.009412,1,
id0258,id0290,noisy,crop,0.278653,0.553425,0.013150,1,
id0258,id0296,noisy,crop,0.276316,0.316607,0.016599,1,
id0258,id0299,noisy,crop,0.248307,0.293792,0.010156,1,
id0258,id0303,noisy,crop,0.312777,0.301101,0.008777,1,
id0258,id0319,noisy,crop,0.328000,0.415158,0.004627,1,
id0258,id0321,noisy,crop,0.256379,0.388631,0.010915,1,
id0258,id0326,noisy,crop,0.396761,0.534931,0.016253,1,
id0258,id0328,noisy,crop,0.264936,0.359958,0.009569,1,
id0258,id0330,noisy,crop,0.231432,0.342902,0.003592,1,
id0258,id0342,noisy,crop,0.294021,0.352223,0.006783,1,
id0258,id0346,noisy,crop,0.266297,0.285208,0.006589,1,
id0258,id0363,noisy,crop,0.389533,0.352596,0.003636,1,
id0258,id0367,noisy,crop,0.396161,0.393823,0.005142,1,
id0258,id0368,noisy,crop,0.289823,0.367102,0.016497,1,
id0258,id0369,noisy,crop,0.283052,0.454576,0.017951,1,
id0258,id0372,noisy,crop,0.363590,0.326772,0.008856,1,
id0258,id0373,noisy,crop,0.323282,0.482270,0.010662,1,
id0258,id0374,noisy,crop,0.317611,0.429312,0.004896,1,
id0258,id0378,noisy,crop,0.285009,0.302247,0.010609,1,
id0258,id0381,noisy,crop,0.284611,0.354670,0.011443,1,
id0258,id0382,noisy,crop,0.267576,0.362988,0.002196,1,
id0258,id0392,noisy,crop,0.227425,0.210859,0.004636,1,
id0258,id0396,noisy,crop,0.371685,0.425799,0.003896,1,
id0258,id0398,noisy,crop,0.376812,0.499706,0.004490,1,
id0258,id0399,noisy,crop,0.239231,0.360213,0.007105,1,
id0258,id0401,noisy,crop,0.231799,0.329565,0.003377,1,
id0258,id0402,noisy,crop,0.244482,0.271525,0.006406,1,
id0258,id0404,noisy,crop,0.268839,0.355941,0.008332,1,
id0258,id0411,noisy,crop,0.260324,0.364769,0.002016,1,
id0258,id0412,noisy,crop,0.278338,0.321961,0.008103,1,
id0258,id0418,noisy,crop,0.361750,0.389822,0.012953,1,
id0258,id0421,noisy,crop,0.290087,0.327314,0.005938,1,
id0258,id0422,noisy,crop,0.263324,0.334741,0.008390,1,
id0258,id0431,noisy,crop,0.321940,0.442105,0.008488,1,
id0258,id0437,noisy,crop,0.324317,0.489200,0.013887,1,
id0258,id0441,noisy,crop,0.209575,0.281353,0.006938,1,
id0258,id0447,noisy,crop,0.372273,0.498819,0.019325,1,
id0258,id0460,noisy,crop,0.244783,0.327886,0.007074,1,
id0258,id0462,noisy,crop,0.305833,0.375775,0.016368,1,
id0258,id0465,noisy,crop,0.199790,0.280231,0.002178,1,
id0258,id0466,noisy,crop,0.322732,0.462989,0.018590,1,
id0258,id0468,noisy,crop,0.386700,0.509706,0.001857,1,
id0258,id0470,noisy,crop,0.298473,0.385911,0.004944,1,
id0258,id0476,noisy,crop,0.281349,0.411067,0.017148,1,
id0258,id0486,noisy,crop,0.292073,0.410428,0.005331,1,
id0258,id0491,noisy,crop,0.234404,0.330807,0.014214,1,
id0258,id0498,noisy,crop,0.228826,0.353669,0.004620,1,
id0273,id0275,noisy,crop,0.299147,0.371521,0.012535,1,
id0273,id0285,noisy,crop,0.362369,0.439015,0.010043,1,
id0273,id0290,noisy,crop,0.301152,0.531955,0.012735,1,
id0273,id0296,noisy,crop,0.315346,0.378294,0.016986,1,
id0273,id0299,noisy,crop,0.262451,0.306473,0.009239,1,
id0273,id0303,noisy,crop,0.289955,0.302607,0.008729,1,
id0273,id0319,noisy,crop,0.366790,0.431790,0.004590,1,
id0273,id0321,noisy,crop,0.270378,0.382761,0.010633,1,
id0273,id0326,noisy,crop,0.440685,0.569894,0.016256,1,
id0273,id0328,noisy,crop,0.233629,0.333669,0.009001,1,
id0273,id0330,noisy,crop,0.256668,0.299351,0.003508,1,
id0273,id0342,noisy,crop,0.258605,0.335336,0.006087,1,
id0273,id0346,noisy,crop,0.305843,0.353641,0.006979,1,
id0273,id0363,noisy,crop,0.332391,0.355262,0.003280,1,
id0273,id0367,noisy,crop,0.369326,0.424719,0.004794,1,
id0273,id0368,noisy,crop,0.318571,0.379536,0.015869,1,
id0273,id0369,noisy,crop,0.323096,0.444227,0.017735,1,
id0273,id0372,noisy,crop,0.378896,0.370797,0.008263,1,
id0273,id0373,noisy,crop,0.306545,0.449895,0.010011,1,
id0273,id0374,noisy,crop,0.372780,0.393774,0.004555,1,
id0273,id0378,noisy,crop,0.268403,0.238953,0.010146,1,
id0273,id0381,noisy,crop,0.328386,0.390731,0.010926,1,
id0273,id0382,noisy,crop,0.348569,0.437970,0.002855,1,
id0273,id0392,noisy,crop,0.254253,0.304558,0.005189,1,
id0273,id0396,noisy,crop,0.327324,0.450094,0.003326,1,
id0273,id0398,noisy,crop,0.429466,0.563784,0.005148,1,
id0273,id0399,noisy,crop,0.215019,0.329413,0.006771,1,
id0273,id0401,noisy,crop,0.252559,0.328262,0.003422,1,
id0273,id0402,noisy,crop,0.293559,0.324940,0.006219,1,
id0273,id0404,noisy,crop,0.313348,0.393118,0.008569,1,
id0273,id0411,noisy,crop,0.323295,0.405330,0.002552,1,
id0273,id0412,noisy,crop,0.342873,0.385644,0.008392,1,
id0273,id0418,noisy,crop,0.406482,0.476745,0.013556,1,
id0273,id0421,noisy,crop,0.313345,0.381350,0.005986,1,
id0273,id0422,noisy,crop,0.252837,0.349580,0.008138,1,
id0273,id0431,noisy,crop,0.377170,0.500843,0.008831,1,
id0273,id0437,noisy,crop,0.330768,0.442320,0.013617,1,
id0273,id0441,noisy,crop,0.225170,0.315995,0.007118,1,
id0273,id0447,noisy,crop,0.395035,0.489241,0.018998,1,
id0273,id0460,noisy,crop,0.244181,0.353777,0.006722,1,
id0273,id0462,noisy,crop,0.346478,0.448641,0.016390,1,
id0273,id0465,noisy,crop,0.249298,0.313885,0.002673,1,
id0273,id0466,noisy,crop,0.381269,0.472531,0.018363,1,
id0273,id0468,noisy,crop,0.434959,0.576056,0.002621,1,
id0273,id0470,noisy,crop,0.337876,0.462441,0.004929,1,
id0273,id0476,noisy,crop,0.323489,0.409888,0.016825,1,
id0273,id0486,noisy,crop,0.293219,0.445076,0.004987,1,
id0273,id0491,noisy,crop,0.246439,0.313367,0.013690,1,
id0273,id0498,noisy,crop,0.286220,0.374508,0.004816,1,
id0275,id0285,noisy,crop,0.364741,0.416620,0.009855,1,
id0275,id0290,noisy,crop,0.352355,0.582099,0.011547,1,
id0275,id0296,noisy,crop,0.202739,0.314148,0.015689,1,
id0275,id0299,noisy,crop,0.232467,0.224430,0.009021,1,
id0275,id0303,noisy,crop,0.301787,0.334293,0.008903,1,
id0275,id0319,noisy,crop,0.297327,0.371936,0.004443,1,
id0275,id0321,noisy,crop,0.303362,0.418909,0.009519,1,
id0275,id0326,noisy,crop,0.407756,0.518823,0.016238,1,
id0275,id0328,noisy,crop,0.359255,0.443613,0.009035,1,
id0275,id0330,noisy,crop,0.280316,0.414047,0.003929,1,
id0275,id0342,noisy,crop,0.331808,0.397359,0.006989,1,
id0275,id0346,noisy,crop,0.326083,0.398680,0.006725,1,
id0275,id0363,noisy,crop,0.376451,0.303956,0.003625,1,
id0275,id0367,noisy,crop,0.441308,0.387465,0.005082,1,
id0275,id0368,noisy,crop,0.232321,0.334028,0.014853,1,
id0275,id0369,noisy,crop,0.342958,0.506970,0.016659,1,
id0275,id0372,noisy,crop,0.383092,0.366322,0.008208,1,
id0275,id0373,noisy,crop,0.385213,0.477813,0.009418,1,
id0275,id0374,noisy,crop,0.299525,0.417663,0.003569,1,
id0275,id0378,noisy,crop,0.312319,0.349431,0.009752,1,
id0275,id0381,noisy,crop,0.331110,0.328954,0.010202,1,
id0275,id0382,noisy,crop,0.299797,0.388301,0.003020,1,
id0275,id0392,noisy,crop,0.331916,0.378734,0.005505,1,
id0275,id0396,noisy,crop,0.391581,0.469368,0.003742,1,
id0275,id0398,noisy,crop,0.445963,0.589831,0.006192,1,
id0275,id0399,noisy,crop,0.249857,0.316588,0.006195,1,
id0275,id0401,noisy,crop,0.292745,0.452538,0.003947,1,
id0275,id0402,noisy,crop,0.279811,0.292843,0.006035,1,
id0275,id0404,noisy,crop,0.310427,0.417513,0.008671,1,
id0275,id0411,noisy,crop,0.279378,0.374582,0.002829,1,
id0275,id0412,noisy,crop,0.314411,0.402481,0.008286,1,
id0275,id0418,noisy,crop,0.415975,0.455017,0.013160,1,
id0275,id0421,noisy,crop,0.238905,0.267249,0.005258,1,
id0275,id0422,noisy,crop,0.295647,0.395074,0.008379,1,
id0275,id0431,noisy,crop,0.342008,0.485152,0.009359,1,
id0275,id0437,noisy,crop,0.407298,0.559386,0.013032,1,
id0275,id0441,noisy,crop,0.210404,0.336326,0.007300,1,
id0275,id0447,noisy,crop,0.364442,0.457608,0.018110,1,
id0275,id0460,noisy,crop,0.235663,0.276086,0.006342,1,
id0275,id0462,noisy,crop,0.333086,0.417014,0.015641,1,
id0275,id0465,noisy,crop,0.250042,0.341863,0.002600,1,
id0275,id0466,noisy,crop,0.268624,0.390656,0.016904,1,
id0275,id0468,noisy,crop,0.385019,0.566257,0.003810,1,
id0275,id0470,noisy,crop,0.359535,0.485110,0.005938,1,
id0275,id0476,noisy,crop,0.276828,0.390815,0.015837,1,
id0275,id0486,noisy,crop,0.312783,0.401398,0.004729,1,
id0275,id0491,noisy,crop,0.267146,0.355342,0.012801,1,
id0275,id0498,noisy,crop,0.248654,0.335754,0.004089,1,
id0285,id0290,noisy,crop,0.443652,0.634369,0.010652,1,
id0285,id0296,noisy,crop,0.353664,0.510962,0.014655,1,
id0285,id0299,noisy,crop,0.257728,0.403648,0.008034,1,
id0285,id0303,noisy,crop,0.337943,0.451982,0.007671,1,
id0285,id0319,noisy,crop,0.403351,0.507325,0.004305,1,
id0285,id0321,noisy,crop,0.398127,0.575730,0.009120,1,
id0285,id0326,noisy,crop,0.242273,0.440011,0.012951,1,
id0285,id0328,noisy,crop,0.295606,0.501987,0.008245,1,
id0285,id0330,noisy,crop,0.382928,0.499204,0.003287,1,
id0285,id0342,noisy,crop,0.300980,0.457657,0.005654,1,
id0285,id0346,noisy,crop,0.263856,0.377372,0.004719,1,
id0285,id0363,noisy,crop,0.290510,0.314500,0.002615,1,
id0285,id0367,noisy,crop,0.342876,0.366465,0.003737,1,
id0285,id0368,noisy,crop,0.274321,0.391218,0.013307,1,
id0285,id0369,noisy,crop,0.309684,0.542740,0.015141,1,
id0285,id0372,noisy,crop,0.396522,0.407670,0.007348,1,
id0285,id0373,noisy,crop,0.341387,0.524350,0.008456,1,
id0285,id0374,noisy,crop,0.532681,0.669009,0.004082,1,
id0285,id0378,noisy,crop,0.329954,0.505476,0.009124,1,
id0285,id0381,noisy,crop,0.353207,0.345128,0.009118,1,
id0285,id0382,noisy,crop,0.292904,0.450871,0.001934,1,
id0285,id0392,noisy,crop,0.306277,0.407399,0.003708,1,
id0285,id0396,noisy,crop,0.288873,0.347817,0.002833,1,
id0285,id0398,noisy,crop,0.341358,0.455338,0.003796,1,
id0285,id0399,noisy,crop,0.337527,0.551061,0.006129,1,
id0285,id0401,noisy,crop,0.386731,0.562393,0.003247,1,
id0285,id0402,noisy,crop,0.292235,0.360876,0.004872,1,
id0285,id0404,noisy,crop,0.321526,0.450740,0.006720,1,
id0285,id0411,noisy,crop,0.368649,0.551142,0.002202,1,
id0285,id0412,noisy,crop,0.264675,0.370736,0.006430,1,
id0285,id0418,noisy,crop,0.384730,0.436154,0.010623,1,
id0285,id0421,noisy,crop,0.273898,0.421994,0.004487,1,
id0285,id0422,noisy,crop,0.256971,0.374689,0.006282,1,
id0285,id0431,noisy,crop,0.248543,0.435668,0.006811,1,
id0285,id0437,noisy,crop,0.432496,0.665826,0.012797,1,
id0285,id0441,noisy,crop,0.342752,0.511707,0.006216,1,
id0285,id0447,noisy,crop,0.373626,0.555692,0.016828,1,
id0285,id0460,noisy,crop,0.304065,0.410380,0.005545,1,
id0285,id0462,noisy,crop,0.210380,0.315712,0.013136,1,
id0285,id0465,noisy,crop,0.366802,0.514035,0.002018,1,
id0285,id0466,noisy,crop,0.343235,0.502611,0.015611,1,
id0285,id0468,noisy,crop,0.352832,0.485452,0.001870,1,
id0285,id0470,noisy,crop,0.327451,0.423747,0.003898,1,
id0285,id0476,noisy,crop,0.314912,0.468695,0.014491,1,
id0285,id0486,noisy,crop,0.329879,0.523876,0.003789,1,
id0285,id0491,noisy,crop,0.371136,0.535946,0.012485,1,
id0285,id0498,noisy,crop,0.405850,0.569904,0.003744,1,
id0290,id0296,noisy,crop,0.357030,0.473465,0.010773,1,
id0290,id0299,noisy,crop,0.340688,0.377166,0.004315,1,
id0290,id0303,noisy,crop,0.403237,0.428165,0.004972,1,
id0290,id0319,noisy,crop,0.431939,0.639378,0.003219,1,
id0290,id0321,noisy,crop,0.240474,0.362752,0.005220,1,
id0290,id0326,noisy,crop,0.466616,0.550490,0.009387,1,
id0290,id0328,noisy,crop,0.329607,0.331973,0.004218,1,
id0290,id0330,noisy,crop,0.342469,0.445017,0.002450,1,
id0290,id0342,noisy,crop,0.432360,0.481166,0.003872,1,
id0290,id0346,noisy,crop,0.363302,0.473539,0.002912,1,
id0290,id0363,noisy,crop,0.520436,0.470848,0.002054,1,
id0290,id0367,noisy,crop,0.449165,0.449835,0.002755,1,
id0290,id0368,noisy,crop,0.360186,0.391100,0.008487,1,
id0290,id0369,noisy,crop,0.278684,0.356284,0.009365,1,
id0290,id0372,noisy,crop,0.372519,0.425492,0.003888,1,
id0290,id0373,noisy,crop,0.279919,0.326600,0.004545,1,
id0290,id0374,noisy,crop,0.335530,0.363434,0.001632,1,
id0290,id0378,noisy,crop,0.350746,0.358477,0.004793,1,
id0290,id0381,noisy,crop,0.309657,0.395908,0.005347,1,
id0290,id0382,noisy,crop,0.437539,0.624000,0.002212,1,
id0290,id0392,noisy,crop,0.357400,0.405695,0.002625,1,
id0290,id0396,noisy,crop,0.435790,0.502526,0.001723,1,
id0290,id0398,noisy,crop,0.473025,0.670028,0.004541,1,
id0290,id0399,noisy,crop,0.325328,0.419233,0.003268,1,
id0290,id0401,noisy,crop,0.380977,0.495839,0.002440,1,
id0290,id0402,noisy,crop,0.353114,0.470049,0.002749,1,
id0290,id0404,noisy,crop,0.401799,0.573270,0.004748,1,
id0290,id0411,noisy,crop,0.454415,0.614852,0.002977,1,
id0290,id0412,noisy,crop,0.384081,0.515277,0.004017,1,
id0290,id0418,noisy,crop,0.418386,0.527586,0.007681,1,
id0290,id0421,noisy,crop,0.415887,0.492521,0.002373,1,
id0290,id0422,noisy,crop,0.359744,0.456346,0.003950,1,
id0290,id0431,noisy,crop,0.442211,0.591048,0.005298,1,
id0290,id0437,noisy,crop,0.323014,0.403537,0.007357,1,
id0290,id0441,noisy,crop,0.373585,0.493347,0.004288,1,
id0290,id0447,noisy,crop,0.368772,0.441520,0.011664,1,
id0290,id0460,noisy,crop,0.348798,0.493007,0.002906,1,
id0290,id0462,noisy,crop,0.412165,0.513503,0.008848,1,
id0290,id0465,noisy,crop,0.343024,0.503850,0.002001,1,
id0290,id0466,noisy,crop,0.354236,0.459116,0.010572,1,
id0290,id0468,noisy,crop,0.547049,0.750261,0.003718,1,
id0290,id0470,noisy,crop,0.413950,0.607556,0.003753,1,
id0290,id0476,noisy,crop,0.298053,0.396950,0.009918,1,
id0290,id0486,noisy,crop,0.399321,0.530999,0.001821,1,
id0290,id0491,noisy,crop,0.247423,0.319651,0.006778,1,
id0290,id0498,noisy,crop,0.367581,0.461631,0.001904,1,
id0296,id0299,noisy,crop,0.248687,0.250939,0.008090,1,
id0296,id0303,noisy,crop,0.292395,0.336324,0.007232,1,
id0296,id0319,noisy,crop,0.311218,0.377856,0.003666,1,
id0296,id0321,noisy,crop,0.295442,0.392575,0.008227,1,
id0296,id0326,noisy,crop,0.357400,0.469356,0.013436,1,
id0296,id0328,noisy,crop,0.351220,0.482491,0.008096,1,
id0296,id0330,noisy,crop,0.295239,0.437460,0.003089,1,
id0296,id0342,noisy,crop,0.341788,0.431247,0.005885,1,
id0296,id0346,noisy,crop,0.350640,0.415995,0.005414,1,
id0296,id0363,noisy,crop,0.410270,0.361290,0.002885,1,
id0296,id0367,noisy,crop,0.440692,0.400004,0.003940,1,
id0296,id0368,noisy,crop,0.268197,0.350943,0.013262,1,
id0296,id0369,noisy,crop,0.307488,0.488094,0.015122,1,
id0296,id0372,noisy,crop,0.365584,0.377749,0.007131,1,
id0296,id0373,noisy,crop,0.392328,0.497559,0.008388,1,
id0296,id0374,noisy,crop,0.341296,0.438499,0.003524,1,
id0296,id0378,noisy,crop,0.337826,0.420092,0.008892,1,
id0296,id0381,noisy,crop,0.342767,0.338001,0.008808,1,
id0296,id0382,noisy,crop,0.300191,0.379544,0.001758,1,
id0296,id0392,noisy,crop,0.356678,0.386727,0.003939,1,
id0296,id0396,noisy,crop,0.404600,0.511501,0.003257,1,
id0296,id0398,noisy,crop,0.392750,0.536512,0.004031,1,
id0296,id0399,noisy,crop,0.269093,0.351803,0.005273,1,
id0296,id0401,noisy,crop,0.325979,0.505074,0.003165,1,
id0296,id0402,noisy,crop,0.298617,0.307272,0.004812,1,
id0296,id0404,noisy,crop,0.320859,0.424054,0.006816,1,
id0296,id0411,noisy,crop,0.325366,0.397988,0.002151,1,
id0296,id0412,noisy,crop,0.305064,0.392289,0.006525,1,
id0296,id0418,noisy,crop,0.403287,0.380513,0.010721,1,
id0296,id0421,noisy,crop,0.307827,0.311838,0.004598,1,
id0296,id0422,noisy,crop,0.330843,0.403710,0.006827,1,
id0296,id0431,noisy,crop,0.351692,0.449555,0.007235,1,
id0296,id0437,noisy,crop,0.414372,0.608479,0.012157,1,
id0296,id0441,noisy,crop,0.250521,0.368268,0.006062,1,
id0296,id0447,noisy,crop,0.340236,0.453990,0.016045,1,
id0296,id0460,noisy,crop,0.278515,0.332065,0.005482,1,
id0296,id0462,noisy,crop,0.287394,0.380948,0.013445,1,
id0296,id0465,noisy,crop,0.243564,0.336173,0.001586,1,
id0296,id0466,noisy,crop,0.257540,0.362212,0.015295,1,
id0296,id0468,noisy,crop,0.411323,0.553199,0.002285,1,
id0296,id0470,noisy,crop,0.358291,0.468028,0.004307,1,
id0296,id0476,noisy,crop,0.279067,0.388327,0.013985,1,
id0296,id0486,noisy,crop,0.314362,0.406745,0.003715,1,
id0296,id0491,noisy,crop,0.318018,0.417846,0.012007,1,
id0296,id0498,noisy,crop,0.292693,0.349581,0.003283,1,
id0299,id0303,noisy,crop,0.277142,0.287239,0.006726,1,
id0299,id0319,noisy,crop,0.291391,0.373377,0.003374,1,
id0299,id0321,noisy,crop,0.287071,0.405981,0.008161,1,
id0299,id0326,noisy,crop,0.289032,0.450872,0.012880,1,
id0299,id0328,noisy,crop,0.296224,0.403756,0.007332,1,
id0299,id0330,noisy,crop,0.258421,0.375705,0.002607,1,
id0299,id0342,noisy,crop,0.225743,0.342619,0.004707,1,
id0299,id0346,noisy,crop,0.243815,0.332451,0.005144,1,
id0299,id0363,noisy,crop,0.284739,0.244274,0.002379,1,
id0299,id0367,noisy,crop,0.307523,0.325967,0.003560,1,
id0299,id0368,noisy,crop,0.214987,0.295390,0.012585,1,
id0299,id0369,noisy,crop,0.259987,0.448120,0.014095,1,
id0299,id0372,noisy,crop,0.281277,0.320163,0.006304,1,
id0299,id0373,noisy,crop,0.298633,0.454237,0.007870,1,
id0299,id0374,noisy,crop,0.404127,0.469422,0.003353,1,
id0299,id0378,noisy,crop,0.241994,0.336133,0.008237,1,
id0299,id0381,noisy,crop,0.262077,0.302522,0.008581,1,
id0299,id0382,noisy,crop,0.261935,0.348140,0.001966,1,
id0299,id0392,noisy,crop,0.290532,0.328213,0.004051,1,
id0299,id0396,noisy,crop,0.323315,0.423023,0.002881,1,
id0299,id0398,noisy,crop,0.351841,0.484445,0.004095,1,
id0299,id0399,noisy,crop,0.271371,0.357843,0.005112,1,
id0299,id0401,noisy,crop,0.282552,0.426929,0.002704,1,
id0299,id0402,noisy,crop,0.205729,0.249033,0.004504,1,
id0299,id0404,noisy,crop,0.239470,0.369205,0.006508,1,
id0299,id0411,noisy,crop,0.259597,0.372800,0.001875,1,
id0299,id0412,noisy,crop,0.235409,0.335621,0.006305,1,
id0299,id0418,noisy,crop,0.293853,0.372262,0.010479,1,
id0299,id0421,noisy,crop,0.217300,0.284583,0.004231,1,
id0299,id0422,noisy,crop,0.221051,0.324818,0.006109,1,
id0299,id0431,noisy,crop,0.251377,0.413160,0.006658,1,
id0299,id0437,noisy,crop,0.356666,0.542289,0.011323,1,
id0299,id0441,noisy,crop,0.208310,0.339376,0.005531,1,
id0299,id0447,noisy,crop,0.375486,0.443877,0.015695,1,
id0299,id0460,noisy,crop,0.191329,0.291919,0.005002,1,
id0299,id0462,noisy,crop,0.272024,0.342037,0.013015,1,
id0299,id0465,noisy,crop,0.278565,0.333334,0.001967,1,
id0299,id0466,noisy,crop,0.274704,0.386415,0.014356,1,
id0299,id0468,noisy,crop,0.325174,0.483118,0.002264,1,
id0299,id0470,noisy,crop,0.273330,0.402222,0.003709,1,
id0299,id0476,noisy,crop,0.281345,0.380680,0.013753,1,
id0299,id0486,noisy,crop,0.311976,0.405127,0.003600,1,
id0299,id0491,noisy,crop,0.258975,0.378537,0.011259,1,
id0299,id0498,noisy,crop,0.277710,0.375469,0.003470,1,
id0303,id0319,noisy,crop,0.333783,0.312581,0.002062,1,
id0303,id0321,noisy,crop,0.314556,0.431626,0.007148,1,
id0303,id0326,noisy,crop,0.356380,0.451528,0.010836,1,
id0303,id0328,noisy,crop,0.294444,0.403889,0.005859,1,
id0303,id0330,noisy,crop,0.303555,0.328331,0.001669,1,
id0303,id0342,noisy,crop,0.291822,0.327286,0.003097,1,
id0303,id0346,noisy,crop,0.372944,0.453144,0.004897,1,
id0303,id0363,noisy,crop,0.366574,0.412273,0.002387,1,
id0303,id0367,noisy,crop,0.427870,0.419730,0.003395,1,
id0303,id0368,noisy,crop,0.288597,0.369444,0.011313,1,
id0303,id0369,noisy,crop,0.319468,0.431950,0.012242,1,
id0303,id0372,noisy,crop,0.389885,0.362091,0.004961,1,
id0303,id0373,noisy,crop,0.391884,0.532390,0.007845,1,
id0303,id0374,noisy,crop,0.431839,0.504491,0.003504,1,
id0303,id0378,noisy,crop,0.298396,0.386564,0.006691,1,
id0303,id0381,noisy,crop,0.393643,0.433863,0.007848,1,
id0303,id0382,noisy,crop,0.374654,0.401635,0.001634,1,
id0303,id0392,noisy,crop,0.342034,0.415024,0.003244,1,
id0303,id0396,noisy,crop,0.399195,0.544188,0.003457,1,
id0303,id0398,noisy,crop,0.417749,0.453934,0.003138,1,
id0303,id0399,noisy,crop,0.252985,0.368234,0.004003,1,
id0303,id0401,noisy,crop,0.324923,0.434284,0.001635,1,
id0303,id0402,noisy,crop,0.339459,0.348300,0.003806,1,
id0303,id0404,noisy,crop,0.363532,0.410357,0.005078,1,
id0303,id0411,noisy,crop,0.337777,0.382711,0.001212,1,
id0303,id0412,noisy,crop,0.354851,0.363882,0.004841,1,
id0303,id0418,noisy,crop,0.413716,0.414706,0.008639,1,
id0303,id0421,noisy,crop,0.300911,0.394420,0.003721,1,
id0303,id0422,noisy,crop,0.316261,0.393534,0.005301,1,
id0303,id0431,noisy,crop,0.281837,0.351782,0.004775,1,
id0303,id0437,noisy,crop,0.364532,0.506695,0.008821,1,
id0303,id0441,noisy,crop,0.259329,0.318103,0.003579,1,
id0303,id0447,noisy,crop,0.307803,0.410706,0.013178,1,
id0303,id0460,noisy,crop,0.326023,0.414899,0.004413,1,
id0303,id0462,noisy,crop,0.339708,0.400101,0.011350,1,
id0303,id0465,noisy,crop,0.309077,0.340254,0.001522,1,
id0303,id0466,noisy,crop,0.300962,0.400278,0.012638,1,
id0303,id0468,noisy,crop,0.395582,0.496614,0.001888,1,
id0303,id0470,noisy,crop,0.376945,0.422308,0.002802,1,
id0303,id0476,noisy,crop,0.312311,0.436728,0.012334,1,
id0303,id0486,noisy,crop,0.390507,0.527226,0.003803,1,
id0303,id0491,noisy,crop,0.310261,0.439700,0.009829,1,
id0303,id0498,noisy,crop,0.359843,0.462058,0.003295,1,
id0319,id0321,noisy,crop,0.407739,0.537783,0.008469,1,
id0319,id0326,noisy,crop,0.395357,0.528795,0.013109,1,
id0319,id0328,noisy,crop,0.413922,0.528378,0.007508,1,
id0319,id0330,noisy,crop,0.276872,0.417314,0.002376,1,
id0319,id0342,noisy,crop,0.330047,0.401717,0.004165,1,
id0319,id0346,noisy,crop,0.387830,0.514077,0.006018,1,
id0319,id0363,noisy,crop,0.427745,0.416187,0.002835,1,
id0319,id0367,noisy,crop,0.465456,0.502503,0.004327,1,
id0319,id0368,noisy,crop,0.337215,0.454670,0.013329,1,
id0319,id0369,noisy,crop,0.354007,0.567063,0.014519,1,
id0319,id0372,noisy,crop,0.352848,0.458534,0.006491,1,
id0319,id0373,noisy,crop,0.482736,0.617608,0.009147,1,
id0319,id0374,noisy,crop,0.442941,0.606265,0.004073,1,
id0319,id0378,noisy,crop,0.322198,0.453999,0.007983,1,
id0319,id0381,noisy,crop,0.357664,0.485272,0.009243,1,
id0319,id0382,noisy,crop,0.331552,0.407812,0.002135,1,
id0319,id0392,noisy,crop,0.430548,0.516957,0.004393,1,
id0319,id0396,noisy,crop,0.441490,0.564659,0.003941,1,
id0319,id0398,noisy,crop,0.364952,0.509057,0.004250,1,
id0319,id0399,noisy,crop,0.345903,0.432417,0.004862,1,
id0319,id0401,noisy,crop,0.346127,0.528840,0.002353,1,
id0319,id0402,noisy,crop,0.273239,0.371376,0.004793,1,
id0319,id0404,noisy,crop,0.307969,0.426199,0.006344,1,
id0319,id0411,noisy,crop,0.305891,0.401912,0.001454,1,
id0319,id0412,noisy,crop,0.314316,0.414272,0.006182,1,
id0319,id0418,noisy,crop,0.426953,0.501370,0.010366,1,
id0319,id0421,noisy,crop,0.325239,0.419456,0.004498,1,
id0319,id0422,noisy,crop,0.325309,0.438847,0.006488,1,
id0319,id0431,noisy,crop,0.318871,0.413150,0.006450,1,
id0319,id0437,noisy,crop,0.423191,0.638269,0.010570,1,
id0319,id0441,noisy,crop,0.265412,0.404223,0.004689,1,
id0319,id0447,noisy,crop,0.409884,0.505497,0.015118,1,
id0319,id0460,noisy,crop,0.294302,0.391511,0.005119,1,
id0319,id0462,noisy,crop,0.334840,0.433712,0.013332,1,
id0319,id0465,noisy,crop,0.271479,0.407413,0.001861,1,
id0319,id0466,noisy,crop,0.322221,0.458820,0.014260,1,
id0319,id0468,noisy,crop,0.376413,0.508168,0.002619,1,
id0319,id0470,noisy,crop,0.319552,0.474532,0.003722,1,
id0319,id0476,noisy,crop,0.380351,0.502332,0.014229,1,
id0319,id0486,noisy,crop,0.449569,0.553036,0.004816,1,
id0319,id0491,noisy,crop,0.368333,0.533713,0.011663,1,
id0319,id0498,noisy,crop,0.367319,0.525897,0.003992,1,
id0321,id0326,noisy,crop,0.423003,0.499236,0.008482,1,
id0321,id0328,noisy,crop,0.304802,0.397687,0.004571,1,
id0321,id0330,noisy,crop,0.355449,0.410192,0.002246,1,
id0321,id0342,noisy,crop,0.388202,0.428468,0.003436,1,
id0321,id0346,noisy,crop,0.347467,0.393323,0.002825,1,
id0321,id0363,noisy,crop,0.456856,0.430038,0.002176,1,
id0321,id0367,noisy,crop,0.430016,0.445266,0.002593,1,
id0321,id0368,noisy,crop,0.311532,0.355375,0.008386,1,
id0321,id0369,noisy,crop,0.302517,0.366071,0.009560,1,
id0321,id0372,noisy,crop,0.363331,0.379609,0.003636,1,
id0321,id0373,noisy,crop,0.292954,0.432903,0.004868,1,
id0321,id0374,noisy,crop,0.342143,0.350695,0.002031,1,
id0321,id0378,noisy,crop,0.317455,0.334371,0.005075,1,
id0321,id0381,noisy,crop,0.297181,0.360470,0.004858,1,
id0321,id0382,noisy,crop,0.376441,0.457383,0.001485,1,
id0321,id0392,noisy,crop,0.306567,0.348136,0.002279,1,
id0321,id0396,noisy,crop,0.407204,0.519854,0.002033,1,
id0321,id0398,noisy,crop,0.439474,0.556812,0.003092,1,
id0321,id0399,noisy,crop,0.266040,0.316442,0.002658,1,
id0321,id0401,noisy,crop,0.347909,0.447486,0.001964,1,
id0321,id0402,noisy,crop,0.312151,0.348079,0.002250,1,
id0321,id0404,noisy,crop,0.350908,0.444655,0.003813,1,
id0321,id0411,noisy,crop,0.395667,0.481438,0.002649,1,
id0321,id0412,noisy,crop,0.325181,0.400870,0.003215,1,
id0321,id0418,noisy,crop,0.344246,0.388903,0.006231,1,
id0321,id0421,noisy,crop,0.335926,0.382945,0.002350,1,
id0321,id0422,noisy,crop,0.323898,0.407174,0.003689,1,
id0321,id0431,noisy,crop,0.380116,0.460045,0.004034,1,
id0321,id0437,noisy,crop,0.354109,0.485819,0.007815,1,
id0321,id0441,noisy,crop,0.328977,0.396065,0.003728,1,
id0321,id0447,noisy,crop,0.330557,0.402412,0.010625,1,
id0321,id0460,noisy,crop,0.303301,0.387030,0.002817,1,
id0321,id0462,noisy,crop,0.374892,0.420294,0.008165,1,
id0321,id0465,noisy,crop,0.313161,0.333414,0.001191,1,
id0321,id0466,noisy,crop,0.342075,0.397913,0.010135,1,
id0321,id0468,noisy,crop,0.485337,0.634594,0.003246,1,
id0321,id0470,noisy,crop,0.375209,0.484441,0.002464,1,
id0321,id0476,noisy,crop,0.263298,0.385706,0.009338,1,
id0321,id0486,noisy,crop,0.309606,0.412745,0.001575,1,
id0321,id0491,noisy,crop,0.268454,0.370862,0.007800,1,
id0321,id0498,noisy,crop,0.316486,0.370439,0.002006,1,
id0326,id0328,noisy,crop,0.377632,0.559617,0.007087,1,
id0326,id0330,noisy,crop,0.418216,0.588047,0.002651,1,
id0326,id0342,noisy,crop,0.355142,0.537899,0.004362,1,
id0326,id0346,noisy,crop,0.365976,0.543104,0.004054,1,
id0326,id0363,noisy,crop,0.366558,0.444808,0.001891,1,
id0326,id0367,noisy,crop,0.384413,0.434401,0.002900,1,
id0326,id0368,noisy,crop,0.271800,0.457867,0.011077,1,
id0326,id0369,noisy,crop,0.270679,0.540914,0.013094,1,
id0326,id0372,noisy,crop,0.365913,0.464676,0.005726,1,
id0326,id0373,noisy,crop,0.407007,0.576787,0.007081,1,
id0326,id0374,noisy,crop,0.577327,0.758265,0.003780,1,
id0326,id0378,noisy,crop,0.368324,0.620252,0.007876,1,
id0326,id0381,noisy,crop,0.344318,0.431647,0.007421,1,
id0326,id0382,noisy,crop,0.376705,0.572682,0.001384,1,
id0326,id0392,noisy,crop,0.432039,0.576910,0.003159,1,
id0326,id0396,noisy,crop,0.397663,0.459642,0.002337,1,
id0326,id0398,noisy,crop,0.322376,0.450127,0.002451,1,
id0326,id0399,noisy,crop,0.410277,0.624653,0.004910,1,
id0326,id0401,noisy,crop,0.455033,0.685056,0.002869,1,
id0326,id0402,noisy,crop,0.334037,0.498536,0.003640,1,
id0326,id0404,noisy,crop,0.365503,0.587365,0.005159,1,
id0326,id0411,noisy,crop,0.466823,0.697474,0.002115,1,
id0326,id0412,noisy,crop,0.290672,0.467864,0.005127,1,
id0326,id0418,noisy,crop,0.369137,0.464823,0.008397,1,
id0326,id0421,noisy,crop,0.372173,0.560731,0.004005,1,
id0326,id0422,noisy,crop,0.332177,0.498385,0.005054,1,
id0326,id0431,noisy,crop,0.240278,0.409570,0.005006,1,
id0326,id0437,noisy,crop,0.452002,0.711572,0.011624,1,
id0326,id0441,noisy,crop,0.397708,0.638371,0.005330,1,
id0326,id0447,noisy,crop,0.323934,0.505749,0.014088,1,
id0326,id0460,noisy,crop,0.357179,0.556705,0.004447,1,
id0326,id0462,noisy,crop,0.250464,0.411133,0.011098,1,
id0326,id0465,noisy,crop,0.415202,0.606304,0.001552,1,
id0326,id0466,noisy,crop,0.310854,0.511720,0.013242,1,
id0326,id0468,noisy,crop,0.407540,0.588194,0.001458,1,
id0326,id0470,noisy,crop,0.365509,0.515045,0.002506,1,
id0326,id0476,noisy,crop,0.327154,0.529111,0.012403,1,
id0326,id0486,noisy,crop,0.439296,0.666415,0.002827,1,
id0326,id0491,noisy,crop,0.438021,0.670702,0.011484,1,
id0326,id0498,noisy,crop,0.476795,0.707464,0.003335,1,
id0328,id0330,noisy,crop,0.322535,0.350978,0.003093,1,
id0328,id0342,noisy,crop,0.281492,0.327124,0.005209,1,
id0328,id0346,noisy,crop,0.344374,0.381500,0.005664,1,
id0328,id0363,noisy,crop,0.367638,0.381137,0.002999,1,
id0328,id0367,noisy,crop,0.381502,0.348617,0.004086,1,
id0328,id0368,noisy,crop,0.312911,0.389170,0.014003,1,
id0328,id0369,noisy,crop,0.249979,0.369107,0.015175,1,
id0328,id0372,noisy,crop,0.376371,0.259066,0.007006,1,
id0328,id0373,noisy,crop,0.281678,0.446531,0.008704,1,
id0328,id0374,noisy,crop,0.447384,0.474737,0.003496,1,
id0328,id0378,noisy,crop,0.276565,0.310235,0.008135,1,
id0328,id0381,noisy,crop,0.360409,0.367382,0.009747,1,
id0328,id0382,noisy,crop,0.403268,0.482942,0.002303,1,
id0328,id0392,noisy,crop,0.319820,0.343877,0.004178,1,
id0328,id0396,noisy,crop,0.299634,0.413345,0.002804,1,
id0328,id0398,noisy,crop,0.415648,0.511351,0.004674,1,
id0328,id0399,noisy,crop,0.233608,0.390842,0.005349,1,
id0328,id0401,noisy,crop,0.283959,0.351965,0.002381,1,
id0328,id0402,noisy,crop,0.356381,0.360652,0.005256,1,
id0328,id0404,noisy,crop,0.386884,0.481381,0.007706,1,
id0328,id0411,noisy,crop,0.395953,0.493041,0.002130,1,
id0328,id0412,noisy,crop,0.321731,0.364372,0.006653,1,
id0328,id0418,noisy,crop,0.430385,0.437186,0.011544,1,
id0328,id0421,noisy,crop,0.350255,0.408734,0.004567,1,
id0328,id0422,noisy,crop,0.289057,0.387137,0.006934,1,
id0328,id0431,noisy,crop,0.333081,0.403570,0.007368,1,
id0328,id0437,noisy,crop,0.290098,0.351950,0.010887,1,
id0328,id0441,noisy,crop,0.302854,0.359710,0.005897,1,
id0328,id0447,noisy,crop,0.310737,0.413012,0.016296,1,
id0328,id0460,noisy,crop,0.328287,0.415114,0.005606,1,
id0328,id0462,noisy,crop,0.309158,0.411406,0.014302,1,
id0328,id0465,noisy,crop,0.324432,0.378157,0.001988,1,
id0328,id0466,noisy,crop,0.335037,0.422695,0.015931,1,
id0328,id0468,noisy,crop,0.477004,0.596113,0.002619,1,
id0328,id0470,noisy,crop,0.373068,0.451777,0.004504,1,
id0328,id0476,noisy,crop,0.281686,0.408607,0.014670,1,
id0328,id0486,noisy,crop,0.368877,0.543293,0.004335,1,
id0328,id0491,noisy,crop,0.268788,0.336048,0.011860,1,
id0328,id0498,noisy,crop,0.392076,0.475728,0.003704,1,
id0330,id0342,noisy,crop,0.232973,0.257210,0.006470,1,
id0330,id0346,noisy,crop,0.326657,0.409369,0.008233,1,
id0330,id0363,noisy,crop,0.420534,0.395894,0.004412,1,
id0330,id0367,noisy,crop,0.407424,0.434751,0.005895,1,
id0330,id0368,noisy,crop,0.331181,0.444331,0.017760,1,
id0330,id0369,noisy,crop,0.297370,0.481049,0.019299,1,
id0330,id0372,noisy,crop,0.319068,0.385817,0.009609,1,
id0330,id0373,noisy,crop,0.407759,0.536522,0.012429,1,
id0330,id0374,noisy,crop,0.390597,0.525939,0.005909,1,
id0330,id0378,noisy,crop,0.304272,0.386503,0.012001,1,
id0330,id0381,noisy,crop,0.340109,0.452474,0.012749,1,
id0330,id0382,noisy,crop,0.356874,0.479132,0.003261,1,
id0330,id0392,noisy,crop,0.328691,0.391330,0.006343,1,
id0330,id0396,noisy,crop,0.429811,0.479071,0.005206,1,
id0330,id0398,noisy,crop,0.360275,0.506649,0.005183,1,
id0330,id0399,noisy,crop,0.308936,0.428309,0.008111,1,
id0330,id0401,noisy,crop,0.261059,0.359680,0.003781,1,
id0330,id0402,noisy,crop,0.273692,0.383632,0.007447,1,
id0330,id0404,noisy,crop,0.265464,0.385396,0.008932,1,
id0330,id0411,noisy,crop,0.288563,0.413572,0.002191,1,
id0330,id0412,noisy,crop,0.334360,0.428414,0.009581,1,
id0330,id0418,noisy,crop,0.398158,0.505686,0.014469,1,
id0330,id0421,noisy,crop,0.342846,0.476382,0.007367,1,
id0330,id0422,noisy,crop,0.271975,0.361054,0.009215,1,
id0330,id0431,noisy,crop,0.322271,0.448406,0.009446,1,
id0330,id0437,noisy,crop,0.307730,0.466492,0.014639,1,
id0330,id0441,noisy,crop,0.195143,0.326402,0.007396,1,
id0330,id0447,noisy,crop,0.420334,0.530231,0.020837,1,
id0330,id0460,noisy,crop,0.310165,0.439907,0.008234,1,
id0330,id0462,noisy,crop,0.369629,0.469221,0.018036,1,
id0330,id0465,noisy,crop,0.232647,0.366795,0.003018,1,
id0330,id0466,noisy,crop,0.331813,0.481655,0.019374,1,
id0330,id0468,noisy,crop,0.393437,0.532222,0.002353,1,
id0330,id0470,noisy,crop,0.285121,0.428005,0.005473,1,
id0330,id0476,noisy,crop,0.347893,0.495961,0.018914,1,
id0330,id0486,noisy,crop,0.420132,0.567052,0.006897,1,
id0330,id0491,noisy,crop,0.286580,0.418763,0.015622,1,
id0330,id0498,noisy,crop,0.320551,0.521903,0.006215,1,
id0342,id0346,noisy,crop,0.276333,0.357075,0.010171,1,
id0342,id0363,noisy,crop,0.301401,0.325271,0.005411,1,
id0342,id0367,noisy,crop,0.312452,0.365895,0.007178,1,
id0342,id0368,noisy,crop,0.294670,0.432431,0.020799,1,
id0342,id0369,noisy,crop,0.316160,0.493856,0.022799,1,
id0342,id0372,noisy,crop,0.330193,0.304368,0.011798,1,
id0342,id0373,noisy,crop,0.382927,0.564028,0.014744,1,
id0342,id0374,noisy,crop,0.516839,0.590433,0.007580,1,
id0342,id0378,noisy,crop,0.290480,0.409084,0.014601,1,
id0342,id0381,noisy,crop,0.346875,0.406386,0.015285,1,
id0342,id0382,noisy,crop,0.331366,0.412057,0.004224,1,
id0342,id0392,noisy,crop,0.297494,0.381383,0.008042,1,
id0342,id0396,noisy,crop,0.306749,0.402925,0.005870,1,
id0342,id0398,noisy,crop,0.340221,0.422228,0.006144,1,
id0342,id0399,noisy,crop,0.319991,0.451802,0.010086,1,
id0342,id0401,noisy,crop,0.277139,0.353701,0.005123,1,
id0342,id0402,noisy,crop,0.283805,0.334930,0.009361,1,
id0342,id0404,noisy,crop,0.266655,0.373894,0.011179,1,
id0342,id0411,noisy,crop,0.309387,0.411670,0.003180,1,
id0342,id0412,noisy,crop,0.309444,0.368170,0.011755,1,
id0342,id0418,noisy,crop,0.384567,0.435469,0.017131,1,
id0342,id0421,noisy,crop,0.306102,0.444060,0.009392,1,
id0342,id0422,noisy,crop,0.203653,0.357627,0.011362,1,
id0342,id0431,noisy,crop,0.252889,0.358195,0.011368,1,
id0342,id0437,noisy,crop,0.341223,0.499233,0.018056,1,
id0342,id0441,noisy,crop,0.213583,0.340599,0.009668,1,
id0342,id0447,noisy,crop,0.422758,0.512945,0.024174,1,
id0342,id0460,noisy,crop,0.271319,0.410305,0.010169,1,
id0342,id0462,noisy,crop,0.306693,0.413970,0.021128,1,
id0342,id0465,noisy,crop,0.288142,0.346813,0.003937,1,
id0342,id0466,noisy,crop,0.356388,0.471862,0.022841,1,
id0342,id0468,noisy,crop,0.336417,0.457319,0.002923,1,
id0342,id0470,noisy,crop,0.248571,0.338723,0.006450,1,
id0342,id0476,noisy,crop,0.374314,0.510846,0.022149,1,
id0342,id0486,noisy,crop,0.384077,0.562225,0.008384,1,
id0342,id0491,noisy,crop,0.349160,0.460444,0.019072,1,
id0342,id0498,noisy,crop,0.375161,0.550822,0.008083,1,
id0346,id0363,noisy,crop,0.316403,0.294972,0.004390,1,
id0346,id0367,noisy,crop,0.256252,0.396763,0.005506,1,
id0346,id0368,noisy,crop,0.294868,0.433722,0.017264,1,
id0346,id0369,noisy,crop,0.353427,0.556154,0.019757,1,
id0346,id0372,noisy,crop,0.318903,0.354549,0.010221,1,
id0346,id0373,noisy,crop,0.306943,0.569269,0.011325,1,
id0346,id0374,noisy,crop,0.483211,0.595149,0.005918,1,
id0346,id0378,noisy,crop,0.309723,0.409434,0.012627,1,
id0346,id0381,noisy,crop,0.264761,0.361462,0.012106,1,
id0346,id0382,noisy,crop,0.295496,0.379899,0.003206,1,
id0346,id0392,noisy,crop,0.234055,0.314425,0.005833,1,
id0346,id0396,noisy,crop,0.295619,0.335510,0.003883,1,
id0346,id0398,noisy,crop,0.353234,0.486301,0.004977,1,
id0346,id0399,noisy,crop,0.356888,0.504599,0.008994,1,
id0346,id0401,noisy,crop,0.310402,0.400828,0.004893,1,
id0346,id0402,noisy,crop,0.216638,0.312265,0.007210,1,
id0346,id0404,noisy,crop,0.242733,0.385816,0.009411,1,
id0346,id0411,noisy,crop,0.350019,0.471539,0.003791,1,
id0346,id0412,noisy,crop,0.261003,0.349035,0.009522,1,
id0346,id0418,noisy,crop,0.309785,0.407784,0.014146,1,
id0346,id0421,noisy,crop,0.268256,0.398681,0.007205,1,
id0346,id0422,noisy,crop,0.190227,0.374543,0.009047,1,
id0346,id0431,noisy,crop,0.295257,0.473891,0.009860,1,
id0346,id0437,noisy,crop,0.393996,0.590510,0.016741,1,
id0346,id0441,noisy,crop,0.285192,0.424329,0.009181,1,
id0346,id0447,noisy,crop,0.482238,0.597491,0.021664,1,
id0346,id0460,noisy,crop,0.246573,0.362502,0.008194,1,
id0346,id0462,noisy,crop,0.321531,0.397575,0.017279,1,
id0346,id0465,noisy,crop,0.287571,0.365951,0.002887,1,
id0346,id0466,noisy,crop,0.404390,0.552819,0.020422,1,
id0346,id0468,noisy,crop,0.343245,0.483309,0.002662,1,
id0346,id0470,noisy,crop,0.255571,0.367662,0.005586,1,
id0346,id0476,noisy,crop,0.377751,0.511571,0.018674,1,
id0346,id0486,noisy,crop,0.320555,0.476101,0.005538,1,
id0346,id0491,noisy,crop,0.324709,0.468883,0.016416,1,
id0346,id0498,noisy,crop,0.325334,0.492764,0.005952,1,
id0363,id0367,noisy,crop,0.326670,0.503476,0.007513,1,
id0363,id0368,noisy,crop,0.323885,0.517836,0.021355,1,
id0363,id0369,noisy,crop,0.430454,0.723937,0.024532,1,
id0363,id0372,noisy,crop,0.451468,0.496866,0.013510,1,
id0363,id0373,noisy,crop,0.383348,0.659613,0.014187,1,
id0363,id0374,noisy,crop,0.566471,0.715361,0.007731,1,
id0363,id0378,noisy,crop,0.319935,0.504432,0.015544,1,
id0363,id0381,noisy,crop,0.388863,0.423808,0.015506,1,
id0363,id0382,noisy,crop,0.358069,0.454895,0.005051,1,
id0363,id0392,noisy,crop,0.317842,0.483712,0.008560,1,
id0363,id0396,noisy,crop,0.279469,0.390831,0.005344,1,
id0363,id0398,noisy,crop,0.475361,0.614754,0.008061,1,
id0363,id0399,noisy,crop,0.363578,0.584877,0.011025,1,
id0363,id0401,noisy,crop,0.409478,0.547650,0.007037,1,
id0363,id0402,noisy,crop,0.334026,0.412351,0.010169,1,
id0363,id0404,noisy,crop,0.340849,0.498934,0.012896,1,
id0363,id0411,noisy,crop,0.372674,0.525410,0.004557,1,
id0363,id0412,noisy,crop,0.351477,0.478283,0.012928,1,
id0363,id0418,noisy,crop,0.427077,0.549532,0.018855,1,
id0363,id0421,noisy,crop,0.264742,0.444559,0.009519,1,
id0363,id0422,noisy,crop,0.262706,0.506503,0.012332,1,
id0363,id0431,noisy,crop,0.358492,0.589902,0.013399,1,
id0363,id0437,noisy,crop,0.493949,0.741806,0.020887,1,
id0363,id0441,noisy,crop,0.342511,0.526127,0.011889,1,
id0363,id0447,noisy,crop,0.482377,0.686053,0.025192,1,
id0363,id0460,noisy,crop,0.261565,0.388173,0.010412,1,
id0363,id0462,noisy,crop,0.335670,0.507691,0.022278,1,
id0363,id0465,noisy,crop,0.403938,0.496277,0.005008,1,
id0363,id0466,noisy,crop,0.441681,0.648629,0.024267,1,
id0363,id0468,noisy,crop,0.362503,0.543626,0.003952,1,
id0363,id0470,noisy,crop,0.407080,0.511673,0.008135,1,
id0363,id0476,noisy,crop,0.410480,0.571594,0.021985,1,
id0363,id0486,noisy,crop,0.358021,0.559495,0.008098,1,
id0363,id0491,noisy,crop,0.395805,0.572402,0.020187,1,
id0363,id0498,noisy,crop,0.381126,0.559807,0.007827,1,
id0367,id0368,noisy,crop,0.366408,0.471876,0.021979,1,
id0367,id0369,noisy,crop,0.426351,0.591158,0.025099,1,
id0367,id0372,noisy,crop,0.284217,0.311689,0.013577,1,
id0367,id0373,noisy,crop,0.315371,0.590079,0.015138,1,
id0367,id0374,noisy,crop,0.628638,0.664530,0.008199,1,
id0367,id0378,noisy,crop,0.318378,0.495794,0.016321,1,
id0367,id0381,noisy,crop,0.295684,0.375081,0.016144,1,
id0367,id0382,noisy,crop,0.417932,0.443889,0.005240,1,
id0367,id0392,noisy,crop,0.301725,0.416957,0.008831,1,
id0367,id0396,noisy,crop,0.322883,0.350974,0.005813,1,
id0367,id0398,noisy,crop,0.416602,0.488369,0.007876,1,
id0367,id0399,noisy,crop,0.458551,0.562257,0.011810,1,
id0367,id0401,noisy,crop,0.408185,0.474893,0.006884,1,
id0367,id0402,noisy,crop,0.278348,0.382316,0.010483,1,
id0367,id0404,noisy,crop,0.294452,0.512530,0.013273,1,
id0367,id0411,noisy,crop,0.461591,0.530413,0.004995,1,
id0367,id0412,noisy,crop,0.311972,0.410408,0.013178,1,
id0367,id0418,noisy,crop,0.283030,0.398128,0.018920,1,
id0367,id0421,noisy,crop,0.356864,0.450953,0.010192,1,
id0367,id0422,noisy,crop,0.273158,0.458481,0.012866,1,
id0367,id0431,noisy,crop,0.348589,0.462333,0.013400,1,
id0367,id0437,noisy,crop,0.370097,0.622660,0.021044,1,
id0367,id0441,noisy,crop,0.359278,0.485936,0.012068,1,
id0367,id0447,noisy,crop,0.550887,0.579982,0.026263,1,
id0367,id0460,noisy,crop,0.304741,0.436246,0.011197,1,
id0367,id0462,noisy,crop,0.415099,0.450690,0.022586,1,
id0367,id0465,noisy,crop,0.436692,0.444207,0.004967,1,
id0367,id0466,noisy,crop,0.488193,0.554848,0.025291,1,
id0367,id0468,noisy,crop,0.406067,0.509109,0.004103,1,
id0367,id0470,noisy,crop,0.283134,0.403607,0.008224,1,
id0367,id0476,noisy,crop,0.453345,0.531345,0.023087,1,
id0367,id0486,noisy,crop,0.473376,0.569047,0.008449,1,
id0367,id0491,noisy,crop,0.393893,0.521570,0.020811,1,
id0367,id0498,noisy,crop,0.442060,0.555595,0.008573,1,
id0368,id0369,noisy,crop,0.278135,0.521229,0.016238,1,
id0368,id0372,noisy,crop,0.339419,0.374698,0.007708,1,
id0368,id0373,noisy,crop,0.323270,0.432841,0.008062,1,
id0368,id0374,noisy,crop,0.424353,0.540679,0.003953,1,
id0368,id0378,noisy,crop,0.273512,0.382897,0.009230,1,
id0368,id0381,noisy,crop,0.279138,0.258663,0.008969,1,
id0368,id0382,noisy,crop,0.349536,0.446904,0.003123,1,
id0368,id0392,noisy,crop,0.328979,0.394704,0.004688,1,
id0368,id0396,noisy,crop,0.319289,0.339598,0.002465,1,
id0368,id0398,noisy,crop,0.367813,0.540317,0.005365,1,
id0368,id0399,noisy,crop,0.305552,0.423327,0.006341,1,
id0368,id0401,noisy,crop,0.363195,0.512127,0.004208,1,
id0368,id0402,noisy,crop,0.264642,0.326025,0.005329,1,
id0368,id0404,noisy,crop,0.313792,0.457472,0.007930,1,
id0368,id0411,noisy,crop,0.383470,0.515781,0.003363,1,
id0368,id0412,noisy,crop,0.277275,0.382982,0.007557,1,
id0368,id0418,noisy,crop,0.360971,0.436149,0.012085,1,
id0368,id0421,noisy,crop,0.246977,0.347061,0.005015,1,
id0368,id0422,noisy,crop,0.244065,0.391575,0.007200,1,
id0368,id0431,noisy,crop,0.277444,0.469745,0.008363,1,
id0368,id0437,noisy,crop,0.395894,0.601216,0.013528,1,
id0368,id0441,noisy,crop,0.288680,0.454094,0.007245,1,
id0368,id0447,noisy,crop,0.305555,0.458111,0.017020,1,
id0368,id0460,noisy,crop,0.239035,0.317744,0.005663,1,
id0368,id0462,noisy,crop,0.245476,0.385643,0.014212,1,
id0368,id0465,noisy,crop,0.316165,0.434487,0.002787,1,
id0368,id0466,noisy,crop,0.255650,0.464108,0.016425,1,
id0368,id0468,noisy,crop,0.377307,0.565252,0.003151,1,
id0368,id0470,noisy,crop,0.327615,0.476687,0.004958,1,
id0368,id0476,noisy,crop,0.221592,0.370939,0.014421,1,
id0368,id0486,noisy,crop,0.329100,0.469637,0.003973,1,
id0368,id0491,noisy,crop,0.302179,0.442759,0.012722,1,
id0368,id0498,noisy,crop,0.312178,0.449043,0.003903,1,
id0369,id0372,noisy,crop,0.347727,0.386428,0.004376,1,
id0369,id0373,noisy,crop,0.308865,0.418868,0.006094,1,
id0369,id0374,noisy,crop,0.439228,0.538878,0.002190,1,
id0369,id0378,noisy,crop,0.319610,0.494308,0.006105,1,
id0369,id0381,noisy,crop,0.330092,0.422995,0.006577,1,
id0369,id0382,noisy,crop,0.376796,0.611676,0.001235,1,
id0369,id0392,noisy,crop,0.380153,0.495916,0.002815,1,
id0369,id0396,noisy,crop,0.375339,0.524978,0.002216,1,
id0369,id0398,noisy,crop,0.333605,0.508675,0.003012,1,
id0369,id0399,noisy,crop,0.293778,0.496658,0.003500,1,
id0369,id0401,noisy,crop,0.372611,0.580740,0.002001,1,
id0369,id0402,noisy,crop,0.333655,0.486227,0.003095,1,
id0369,id0404,noisy,crop,0.370975,0.587778,0.004636,1,
id0369,id0411,noisy,crop,0.405657,0.657018,0.001874,1,
id0369,id0412,noisy,crop,0.302253,0.470207,0.004217,1,
id0369,id0418,noisy,crop,0.396910,0.451480,0.007843,1,
id0369,id0421,noisy,crop,0.371761,0.541722,0.003037,1,
id0369,id0422,noisy,crop,0.304319,0.452407,0.004333,1,
id0369,id0431,noisy,crop,0.286435,0.420366,0.004832,1,
id0369,id0437,noisy,crop,0.320811,0.473886,0.008370,1,
id0369,id0441,noisy,crop,0.335377,0.547472,0.004370,1,
id0369,id0447,noisy,crop,0.259280,0.357931,0.012622,1,
id0369,id0460,noisy,crop,0.341006,0.557011,0.003660,1,
id0369,id0462,noisy,crop,0.254366,0.433887,0.010079,1,
id0369,id0465,noisy,crop,0.341972,0.540301,0.001301,1,
id0369,id0466,noisy,crop,0.216423,0.377693,0.011442,1,
id0369,id0468,noisy,crop,0.454635,0.684272,0.002194,1,
id0369,id0470,noisy,crop,0.359321,0.544297,0.002861,1,
id0369,id0476,noisy,crop,0.241311,0.430870,0.011309,1,
id0369,id0486,noisy,crop,0.383549,0.624991,0.002301,1,
id0369,id0491,noisy,crop,0.308094,0.493456,0.008849,1,
id0369,id0498,noisy,crop,0.420813,0.599321,0.002455,1,
id0372,id0373,noisy,crop,0.393890,0.515006,0.010823,1,
id0372,id0374,noisy,crop,0.553656,0.585846,0.004800,1,
id0372,id0378,noisy,crop,0.305931,0.445753,0.010744,1,
id0372,id0381,noisy,crop,0.251565,0.366904,0.011373,1,
id0372,id0382,noisy,crop,0.399647,0.472076,0.002535,1,
id0372,id0392,noisy,crop,0.391991,0.426150,0.005554,1,
id0372,id0396,noisy,crop,0.417764,0.401398,0.003831,1,
id0372,id0398,noisy,crop,0.346982,0.438572,0.004637,1,
id0372,id0399,noisy,crop,0.440006,0.489905,0.007045,1,
id0372,id0401,noisy,crop,0.382928,0.456309,0.003647,1,
id0372,id0402,noisy,crop,0.244836,0.378210,0.006435,1,
id0372,id0404,noisy,crop,0.270722,0.507009,0.008479,1,
id0372,id0411,noisy,crop,0.450043,0.529968,0.002398,1,
id0372,id0412,noisy,crop,0.258469,0.382803,0.008364,1,
id0372,id0418,noisy,crop,0.256923,0.373720,0.013378,1,
id0372,id0421,noisy,crop,0.398139,0.456327,0.006244,1,
id0372,id0422,noisy,crop,0.321812,0.426483,0.008626,1,
id0372,id0431,noisy,crop,0.318000,0.359003,0.008611,1,
id0372,id0437,noisy,crop,0.306321,0.501898,0.013960,1,
id0372,id0441,noisy,crop,0.332090,0.444715,0.007495,1,
id0372,id0447,noisy,crop,0.485227,0.449854,0.019348,1,
id0372,id0460,noisy,crop,0.336339,0.447038,0.007125,1,
id0372,id0462,noisy,crop,0.401520,0.406990,0.016558,1,
id0372,id0465,noisy,crop,0.363217,0.418038,0.002411,1,
id0372,id0466,noisy,crop,0.414976,0.436747,0.018490,1,
id0372,id0468,noisy,crop,0.400486,0.554030,0.002399,1,
id0372,id0470,noisy,crop,0.235245,0.410697,0.004843,1,
id0372,id0476,noisy,crop,0.412583,0.468162,0.017447,1,
id0372,id0486,noisy,crop,0.510439,0.586367,0.005284,1,
id0372,id0491,noisy,crop,0.354563,0.465692,0.014473,1,
id0372,id0498,noisy,crop,0.431900,0.551832,0.005130,1,
id0373,id0374,noisy,crop,0.469390,0.433922,0.002867,1,
id0373,id0378,noisy,crop,0.297376,0.377769,0.007612,1,
id0373,id0381,noisy,crop,0.277948,0.267559,0.007798,1,
id0373,id0382,noisy,crop,0.455828,0.571933,0.003007,1,
id0373,id0392,noisy,crop,0.301899,0.380609,0.003888,1,
id0373,id0396,noisy,crop,0.295011,0.369248,0.001683,1,
id0373,id0398,noisy,crop,0.479281,0.648844,0.005589,1,
id0373,id0399,noisy,crop,0.340529,0.439120,0.005247,1,
id0373,id0401,noisy,crop,0.412575,0.523528,0.003666,1,
id0373,id0402,noisy,crop,0.334375,0.401182,0.004575,1,
id0373,id0404,noisy,crop,0.399653,0.548829,0.007430,1,
id0373,id0411,noisy,crop,0.454953,0.605075,0.003600,1,
id0373,id0412,noisy,crop,0.368775,0.483730,0.006561,1,
id0373,id0418,noisy,crop,0.351211,0.482228,0.011004,1,
id0373,id0421,noisy,crop,0.342958,0.430319,0.003993,1,
id0373,id0422,noisy,crop,0.307924,0.436663,0.006164,1,
id0373,id0431,noisy,crop,0.406537,0.580915,0.007857,1,
id0373,id0437,noisy,crop,0.360031,0.533966,0.011659,1,
id0373,id0441,noisy,crop,0.376048,0.512033,0.006616,1,
id0373,id0447,noisy,crop,0.405099,0.487527,0.015676,1,
id0373,id0460,noisy,crop,0.300464,0.391690,0.004627,1,
id0373,id0462,noisy,crop,0.377932,0.458948,0.012776,1,
id0373,id0465,noisy,crop,0.415658,0.489206,0.002609,1,
id0373,id0466,noisy,crop,0.372974,0.472373,0.014987,1,
id0373,id0468,noisy,crop,0.529465,0.718686,0.003786,1,
id0373,id0470,noisy,crop,0.409604,0.572359,0.004890,1,
id0373,id0476,noisy,crop,0.290062,0.365585,0.012917,1,
id0373,id0486,noisy,crop,0.365975,0.464438,0.002911,1,
id0373,id0491,noisy,crop,0.265997,0.351078,0.010643,1,
id0373,id0498,noisy,crop,0.384710,0.429655,0.002968,1,
id0374,id0378,noisy,crop,0.466171,0.340619,0.006866,1,
id0374,id0381,noisy,crop,0.471812,0.489357,0.007891,1,
id0374,id0382,noisy,crop,0.449944,0.595883,0.002964,1,
id0374,id0392,noisy,crop,0.444586,0.426951,0.003893,1,
id0374,id0396,noisy,crop,0.554511,0.641808,0.002841,1,
id0374,id0398,noisy,crop,0.588294,0.781471,0.006304,1,
id0374,id0399,noisy,crop,0.314847,0.324643,0.004309,1,
id0374,id0401,noisy,crop,0.382946,0.480751,0.002738,1,
id0374,id0402,noisy,crop,0.446936,0.475829,0.004583,1,
id0374,id0404,noisy,crop,0.491666,0.555374,0.007311,1,
id0374,id0411,noisy,crop,0.402865,0.498708,0.002695,1,
id0374,id0412,noisy,crop,0.495529,0.573446,0.006474,1,
id0374,id0418,noisy,crop,0.560807,0.611848,0.010984,1,
id0374,id0421,noisy,crop,0.417540,0.439743,0.003441,1,
id0374,id0422,noisy,crop,0.469122,0.511106,0.006302,1,
id0374,id0431,noisy,crop,0.536374,0.682908,0.008071,1,
id0374,id0437,noisy,crop,0.482325,0.493540,0.009636,1,
id0374,id0441,noisy,crop,0.385741,0.407559,0.005353,1,
id0374,id0447,noisy,crop,0.436110,0.539802,0.015075,1,
id0374,id0460,noisy,crop,0.403737,0.451403,0.004489,1,
id0374,id0462,noisy,crop,0.487800,0.598247,0.012819,1,
id0374,id0465,noisy,crop,0.344692,0.440046,0.002234,1,
id0374,id0466,noisy,crop,0.391009,0.502291,0.013956,1,
id0374,id0468,noisy,crop,0.595522,0.782405,0.004338,1,
id0374,id0470,noisy,crop,0.527500,0.670295,0.005449,1,
id0374,id0476,noisy,crop,0.350434,0.437507,0.012642,1,
id0374,id0486,noisy,crop,0.376420,0.464700,0.003466,1,
id0374,id0491,noisy,crop,0.327227,0.281395,0.009178,1,
id0374,id0498,noisy,crop,0.293935,0.301472,0.002488,1,
id0378,id0381,noisy,crop,0.258883,0.367996,0.011684,1,
id0378,id0382,noisy,crop,0.375325,0.458596,0.003556,1,
id0378,id0392,noisy,crop,0.282779,0.368325,0.005630,1,
id0378,id0396,noisy,crop,0.341484,0.398684,0.003608,1,
id0378,id0398,noisy,crop,0.436635,0.614776,0.006737,1,
id0378,id0399,noisy,crop,0.299539,0.371497,0.006866,1,
id0378,id0401,noisy,crop,0.327158,0.367714,0.003676,1,
id0378,id0402,noisy,crop,0.239892,0.350199,0.006963,1,
id0378,id0404,noisy,crop,0.317791,0.472050,0.009745,1,
id0378,id0411,noisy,crop,0.368724,0.456088,0.002802,1,
id0378,id0412,noisy,crop,0.286274,0.402384,0.008692,1,
id0378,id0418,noisy,crop,0.318898,0.506755,0.014407,1,
id0378,id0421,noisy,crop,0.248029,0.369845,0.005951,1,
id0378,id0422,noisy,crop,0.260000,0.434362,0.008978,1,
id0378,id0431,noisy,crop,0.351046,0.523867,0.009745,1,
id0378,id0437,noisy,crop,0.271075,0.480988,0.013442,1,
id0378,id0441,noisy,crop,0.264786,0.367722,0.007503,1,
id0378,id0447,noisy,crop,0.404842,0.496686,0.018777,1,
id0378,id0460,noisy,crop,0.224651,0.325694,0.006939,1,
id0378,id0462,noisy,crop,0.355400,0.481481,0.017276,1,
id0378,id0465,noisy,crop,0.333051,0.362988,0.003190,1,
id0378,id0466,noisy,crop,0.375135,0.519964,0.018632,1,
id0378,id0468,noisy,crop,0.421750,0.613011,0.003601,1,
id0378,id0470,noisy,crop,0.348253,0.507597,0.006162,1,
id0378,id0476,noisy,crop,0.312932,0.419756,0.016933,1,
id0378,id0486,noisy,crop,0.404509,0.499684,0.005774,1,
id0378,id0491,noisy,crop,0.243114,0.342973,0.013838,1,
id0378,id0498,noisy,crop,0.296324,0.408517,0.004751,1,
id0381,id0382,noisy,crop,0.377482,0.500385,0.002788,1,
id0381,id0392,noisy,crop,0.304762,0.411903,0.004917,1,
id0381,id0396,noisy,crop,0.353904,0.288411,0.002785,1,
id0381,id0398,noisy,crop,0.401344,0.566977,0.005277,1,
id0381,id0399,noisy,crop,0.365413,0.489170,0.006432,1,
id0381,id0401,noisy,crop,0.380073,0.546022,0.004601,1,
id0381,id0402,noisy,crop,0.189996,0.359142,0.005658,1,
id0381,id0404,noisy,crop,0.256773,0.496418,0.008077,1,
id0381,id0411,noisy,crop,0.421998,0.581804,0.003370,1,
id0381,id0412,noisy,crop,0.272537,0.425353,0.007923,1,
id0381,id0418,noisy,crop,0.252667,0.455805,0.012539,1,
id0381,id0421,noisy,crop,0.305261,0.403724,0.005343,1,
id0381,id0422,noisy,crop,0.257963,0.425468,0.007674,1,
id0381,id0431,noisy,crop,0.335173,0.506724,0.008925,1,
id0381,id0437,noisy,crop,0.337790,0.634108,0.014638,1,
id0381,id0441,noisy,crop,0.304663,0.516078,0.007872,1,
id0381,id0447,noisy,crop,0.441186,0.527756,0.018085,1,
id0381,id0460,noisy,crop,0.237167,0.355364,0.006149,1,
id0381,id0462,noisy,crop,0.358762,0.398053,0.014884,1,
id0381,id0465,noisy,crop,0.346624,0.477423,0.002563,1,
id0381,id0466,noisy,crop,0.371010,0.492292,0.017272,1,
id0381,id0468,noisy,crop,0.427909,0.619925,0.003198,1,
id0381,id0470,noisy,crop,0.305041,0.500229,0.005166,1,
id0381,id0476,noisy,crop,0.317799,0.408812,0.015228,1,
id0381,id0486,noisy,crop,0.403657,0.494803,0.003992,1,
id0381,id0491,noisy,crop,0.270061,0.469790,0.013797,1,
id0381,id0498,noisy,crop,0.328005,0.499377,0.004003,1,
id0382,id0392,noisy,crop,0.336285,0.400152,0.006576,1,
id0382,id0396,noisy,crop,0.391719,0.517273,0.005346,1,
id0382,id0398,noisy,crop,0.328842,0.418077,0.004323,1,
id0382,id0399,noisy,crop,0.330464,0.476023,0.009004,1,
id0382,id0401,noisy,crop,0.314808,0.501918,0.005021,1,
id0382,id0402,noisy,crop,0.265893,0.288324,0.007858,1,
id0382,id0404,noisy,crop,0.239586,0.329758,0.009463,1,
id0382,id0411,noisy,crop,0.245869,0.348873,0.002674,1,
id0382,id0412,noisy,crop,0.233227,0.298294,0.009818,1,
id0382,id0418,noisy,crop,0.404473,0.403872,0.014746,1,
id0382,id0421,noisy,crop,0.306134,0.337867,0.007895,1,
id0382,id0422,noisy,crop,0.308426,0.389359,0.010132,1,
id0382,id0431,noisy,crop,0.314524,0.402769,0.009876,1,
id0382,id0437,noisy,crop,0.490222,0.702778,0.016959,1,
id0382,id0441,noisy,crop,0.295433,0.409965,0.009422,1,
id0382,id0447,noisy,crop,0.458357,0.577460,0.022068,1,
id0382,id0460,noisy,crop,0.283278,0.357805,0.008965,1,
id0382,id0462,noisy,crop,0.270189,0.347409,0.018517,1,
id0382,id0465,noisy,crop,0.279857,0.368187,0.002887,1,
id0382,id0466,noisy,crop,0.386882,0.527769,0.020873,1,
id0382,id0468,noisy,crop,0.248895,0.330694,0.001829,1,
id0382,id0470,noisy,crop,0.304610,0.349762,0.005739,1,
id0382,id0476,noisy,crop,0.405574,0.540096,0.020228,1,
id0382,id0486,noisy,crop,0.283578,0.428202,0.006331,1,
id0382,id0491,noisy,crop,0.396245,0.564650,0.017454,1,
id0382,id0498,noisy,crop,0.334916,0.482669,0.006538,1,
id0392,id0396,noisy,crop,0.318582,0.380354,0.005001,1,
id0392,id0398,noisy,crop,0.445610,0.513631,0.006540,1,
id0392,id0399,noisy,crop,0.311636,0.436711,0.010031,1,
id0392,id0401,noisy,crop,0.307914,0.357531,0.005694,1,
id0392,id0402,noisy,crop,0.263153,0.291103,0.008971,1,
id0392,id0404,noisy,crop,0.296270,0.381861,0.011171,1,
id0392,id0411,noisy,crop,0.348857,0.411168,0.003691,1,
id0392,id0412,noisy,crop,0.325721,0.339521,0.011282,1,
id0392,id0418,noisy,crop,0.370062,0.400824,0.016823,1,
id0392,id0421,noisy,crop,0.259913,0.345345,0.008439,1,
id0392,id0422,noisy,crop,0.252434,0.363035,0.011205,1,
id0392,id0431,noisy,crop,0.349446,0.478879,0.011747,1,
id0392,id0437,noisy,crop,0.364464,0.549452,0.018643,1,
id0392,id0441,noisy,crop,0.263996,0.351298,0.010191,1,
id0392,id0447,noisy,crop,0.452529,0.561491,0.024057,1,
id0392,id0460,noisy,crop,0.258632,0.342350,0.009653,1,
id0392,id0462,noisy,crop,0.380229,0.395474,0.020439,1,
id0392,id0465,noisy,crop,0.301825,0.335404,0.003744,1,
id0392,id0466,noisy,crop,0.416769,0.520562,0.023021,1,
id0392,id0468,noisy,crop,0.404677,0.493797,0.002833,1,
id0392,id0470,noisy,crop,0.330755,0.376182,0.007008,1,
id0392,id0476,noisy,crop,0.357637,0.460233,0.020945,1,
id0392,id0486,noisy,crop,0.313447,0.423398,0.007097,1,
id0392,id0491,noisy,crop,0.267808,0.389469,0.018214,1,
id0392,id0498,noisy,crop,0.292905,0.406543,0.006775,1,
id0396,id0398,noisy,crop,0.434064,0.568573,0.009019,1,
id0396,id0399,noisy,crop,0.368911,0.593432,0.012391,1,
id0396,id0401,noisy,crop,0.420079,0.562072,0.008638,1,
id0396,id0402,noisy,crop,0.331562,0.393800,0.011272,1,
id0396,id0404,noisy,crop,0.341950,0.481216,0.014082,1,
id0396,id0411,noisy,crop,0.431370,0.595544,0.006230,1,
id0396,id0412,noisy,crop,0.334044,0.443306,0.014210,1,
id0396,id0418,noisy,crop,0.423745,0.550277,0.020775,1,
id0396,id0421,noisy,crop,0.322661,0.489608,0.010668,1,
id0396,id0422,noisy,crop,0.230366,0.453471,0.013665,1,
id0396,id0431,noisy,crop,0.359612,0.552538,0.014973,1,
id0396,id0437,noisy,crop,0.474152,0.732524,0.022180,1,
id0396,id0441,noisy,crop,0.372539,0.575565,0.013947,1,
id0396,id0447,noisy,crop,0.448912,0.675590,0.027356,1,
id0396,id0460,noisy,crop,0.270844,0.389840,0.011460,1,
id0396,id0462,noisy,crop,0.277450,0.453823,0.023587,1,
id0396,id0465,noisy,crop,0.403751,0.528914,0.005767,1,
id0396,id0466,noisy,crop,0.406411,0.636831,0.026604,1,
id0396,id0468,noisy,crop,0.421676,0.562012,0.005134,1,
id0396,id0470,noisy,crop,0.354499,0.472469,0.009416,1,
id0396,id0476,noisy,crop,0.378272,0.570851,0.024233,1,
id0396,id0486,noisy,crop,0.328229,0.535169,0.008552,1,
id0396,id0491,noisy,crop,0.391823,0.585393,0.021664,1,
id0396,id0498,noisy,crop,0.437012,0.620120,0.009102,1,
id0398,id0399,noisy,crop,0.457229,0.631430,0.007800,1,
id0398,id0401,noisy,crop,0.417295,0.597476,0.003944,1,
id0398,id0402,noisy,crop,0.327117,0.455384,0.005607,1,
id0398,id0404,noisy,crop,0.322935,0.467156,0.006334,1,
id0398,id0411,noisy,crop,0.423926,0.577681,0.002773,1,
id0398,id0412,noisy,crop,0.298256,0.394920,0.007150,1,
id0398,id0418,noisy,crop,0.373546,0.364670,0.010148,1,
id0398,id0421,noisy,crop,0.453945,0.585597,0.006801,1,
id0398,id0422,noisy,crop,0.348143,0.438519,0.007149,1,
id0398,id0431,noisy,crop,0.260728,0.282038,0.005840,1,
id0398,id0437,noisy,crop,0.478185,0.700195,0.013915,1,
id0398,id0441,noisy,crop,0.391508,0.566524,0.006909,1,
id0398,id0447,noisy,crop,0.459389,0.550512,0.017639,1,
id0398,id0460,noisy,crop,0.406621,0.578057,0.007213,1,
id0398,id0462,noisy,crop,0.295371,0.396895,0.013767,1,
id0398,id0465,noisy,crop,0.342753,0.522185,0.002306,1,
id0398,id0466,noisy,crop,0.393692,0.561484,0.016754,1,
id0398,id0468,noisy,crop,0.313317,0.382669,0.001020,1,
id0398,id0470,noisy,crop,0.262555,0.313924,0.002842,1,
id0398,id0476,noisy,crop,0.430725,0.622746,0.016909,1,
id0398,id0486,noisy,crop,0.462028,0.638602,0.005213,1,
id0398,id0491,noisy,crop,0.489895,0.695946,0.015044,1,
id0398,id0498,noisy,crop,0.516975,0.710189,0.006441,1,
id0399,id0401,noisy,crop,0.277777,0.444386,0.002455,1,
id0399,id0402,noisy,crop,0.334493,0.308444,0.004471,1,
id0399,id0404,noisy,crop,0.383984,0.415338,0.006788,1,
id0399,id0411,noisy,crop,0.317708,0.421042,0.001963,1,
id0399,id0412,noisy,crop,0.342022,0.385917,0.006029,1,
id0399,id0418,noisy,crop,0.453455,0.475914,0.010572,1,
id0399,id0421,noisy,crop,0.285345,0.297187,0.003933,1,
id0399,id0422,noisy,crop,0.297708,0.364118,0.006359,1,
id0399,id0431,noisy,crop,0.367184,0.463650,0.007059,1,
id0399,id0437,noisy,crop,0.366427,0.481564,0.010575,1,
id0399,id0441,noisy,crop,0.260331,0.332356,0.005297,1,
id0399,id0447,noisy,crop,0.282595,0.377516,0.015086,1,
id0399,id0460,noisy,crop,0.273197,0.308467,0.004848,1,
id0399,id0462,noisy,crop,0.309046,0.390696,0.013066,1,
id0399,id0465,noisy,crop,0.269685,0.341819,0.001631,1,
id0399,id0466,noisy,crop,0.293099,0.337796,0.014412,1,
id0399,id0468,noisy,crop,0.457013,0.620971,0.002981,1,
id0399,id0470,noisy,crop,0.411378,0.517883,0.004293,1,
id0399,id0476,noisy,crop,0.261795,0.317700,0.013389,1,
id0399,id0486,noisy,crop,0.275961,0.390617,0.003548,1,
id0399,id0491,noisy,crop,0.256791,0.320400,0.010855,1,
id0399,id0498,noisy,crop,0.287418,0.334102,0.002867,1,
id0401,id0402,noisy,crop,0.321851,0.364458,0.009594,1,
id0401,id0404,noisy,crop,0.329277,0.397659,0.011883,1,
id0401,id0411,noisy,crop,0.270475,0.344416,0.003040,1,
id0401,id0412,noisy,crop,0.315868,0.386422,0.011553,1,
id0401,id0418,noisy,crop,0.434160,0.493900,0.017255,1,
id0401,id0421,noisy,crop,0.338303,0.424492,0.009071,1,
id0401,id0422,noisy,crop,0.306677,0.409467,0.011857,1,
id0401,id0431,noisy,crop,0.353495,0.458612,0.011621,1,
id0401,id0437,noisy,crop,0.344696,0.409531,0.017269,1,
id0401,id0441,noisy,crop,0.197266,0.232608,0.009265,1,
id0401,id0447,noisy,crop,0.432471,0.543147,0.024169,1,
id0401,id0460,noisy,crop,0.310484,0.428823,0.010325,1,
id0401,id0462,noisy,crop,0.401666,0.496159,0.021511,1,
id0401,id0465,noisy,crop,0.195767,0.257590,0.003748,1,
id0401,id0466,noisy,crop,0.401225,0.525357,0.023572,1,
id0401,id0468,noisy,crop,0.422057,0.525599,0.003226,1,
id0401,id0470,noisy,crop,0.332081,0.414475,0.007123,1,
id0401,id0476,noisy,crop,0.391364,0.532842,0.022198,1,
id0401,id0486,noisy,crop,0.385273,0.538101,0.008579,1,
id0401,id0491,noisy,crop,0.305484,0.385595,0.018632,1,
id0401,id0498,noisy,crop,0.300450,0.464208,0.007680,1,
id0402,id0404,noisy,crop,0.183373,0.376382,0.008999,1,
id0402,id0411,noisy,crop,0.303578,0.427324,0.002901,1,
id0402,id0412,noisy,crop,0.214635,0.319031,0.009048,1,
id0402,id0418,noisy,crop,0.254257,0.382715,0.013932,1,
id0402,id0421,noisy,crop,0.241344,0.354045,0.006591,1,
id0402,id0422,noisy,crop,0.238289,0.355867,0.008904,1,
id0402,id0431,noisy,crop,0.281636,0.405362,0.009499,1,
id0402,id0437,noisy,crop,0.368647,0.617962,0.015972,1,
id0402,id0441,noisy,crop,0.235409,0.412058,0.008458,1,
id0402,id0447,noisy,crop,0.453887,0.524628,0.020456,1,
id0402,id0460,noisy,crop,0.200218,0.316148,0.007514,1,
id0402,id0462,noisy,crop,0.295920,0.352072,0.017132,1,
id0402,id0465,noisy,crop,0.275577,0.366207,0.002695,1,
id0402,id0466,noisy,crop,0.365052,0.493049,0.019454,1,
id0402,id0468,noisy,crop,0.305624,0.438357,0.002425,1,
id0402,id0470,noisy,crop,0.223321,0.351980,0.005227,1,
id0402,id0476,noisy,crop,0.337777,0.447814,0.017844,1,
id0402,id0486,noisy,crop,0.348275,0.453082,0.005202,1,
id0402,id0491,noisy,crop,0.297275,0.475645,0.015765,1,
id0402,id0498,noisy,crop,0.289693,0.465790,0.005237,1,
id0404,id0411,noisy,crop,0.309587,0.408001,0.002487,1,
id0404,id0412,noisy,crop,0.218146,0.326880,0.008164,1,
id0404,id0418,noisy,crop,0.301484,0.433300,0.012568,1,
id0404,id0421,noisy,crop,0.319044,0.402481,0.006579,1,
id0404,id0422,noisy,crop,0.229009,0.309441,0.007934,1,
id0404,id0431,noisy,crop,0.283628,0.405342,0.008116,1,
id0404,id0437,noisy,crop,0.410840,0.653103,0.014954,1,
id0404,id0441,noisy,crop,0.250451,0.404689,0.007520,1,
id0404,id0447,noisy,crop,0.503725,0.580827,0.019452,1,
id0404,id0460,noisy,crop,0.243574,0.328715,0.007095,1,
id0404,id0462,noisy,crop,0.311853,0.342441,0.015628,1,
id0404,id0465,noisy,crop,0.284854,0.357396,0.002505,1,
id0404,id0466,noisy,crop,0.409648,0.507706,0.017964,1,
id0404,id0468,noisy,crop,0.274039,0.403580,0.001632,1,
id0404,id0470,noisy,crop,0.198381,0.325614,0.004270,1,
id0404,id0476,noisy,crop,0.416856,0.518501,0.017590,1,
id0404,id0486,noisy,crop,0.364966,0.448688,0.005317,1,
id0404,id0491,noisy,crop,0.366881,0.525779,0.015091,1,
id0404,id0498,noisy,crop,0.354615,0.525187,0.005752,1,
id0411,id0412,noisy,crop,0.349532,0.451004,0.013666,1,
id0411,id0418,noisy,crop,0.438750,0.520849,0.019424,1,
id0411,id0421,noisy,crop,0.295364,0.393973,0.010494,1,
id0411,id0422,noisy,crop,0.332680,0.468399,0.013710,1,
id0411,id0431,noisy,crop,0.357571,0.522569,0.013395,1,
id0411,id0437,noisy,crop,0.456442,0.681587,0.019903,1,
id0411,id0441,noisy,crop,0.214827,0.320505,0.011090,1,
id0411,id0447,noisy,crop,0.490217,0.638365,0.026862,1,
id0411,id0460,noisy,crop,0.296883,0.406870,0.011932,1,
id0411,id0462,noisy,crop,0.377575,0.518215,0.023905,1,
id0411,id0465,noisy,crop,0.280850,0.348646,0.004920,1,
id0411,id0466,noisy,crop,0.384575,0.583165,0.025134,1,
id0411,id0468,noisy,crop,0.322885,0.416163,0.003219,1,
id0411,id0470,noisy,crop,0.353529,0.446353,0.008501,1,
id0411,id0476,noisy,crop,0.420208,0.593575,0.024698,1,
id0411,id0486,noisy,crop,0.324308,0.493815,0.010094,1,
id0411,id0491,noisy,crop,0.356798,0.524398,0.020729,1,
id0411,id0498,noisy,crop,0.308693,0.440041,0.008909,1,
id0412,id0418,noisy,crop,0.286749,0.355815,0.014901,1,
id0412,id0421,noisy,crop,0.302943,0.361465,0.007715,1,
id0412,id0422,noisy,crop,0.253256,0.360260,0.010096,1,
id0412,id0431,noisy,crop,0.261738,0.320755,0.010048,1,
id0412,id0437,noisy,crop,0.386717,0.624829,0.017151,1,
id0412,id0441,noisy,crop,0.300312,0.432017,0.009318,1,
id0412,id0447,noisy,crop,0.408681,0.484379,0.021572,1,
id0412,id0460,noisy,crop,0.263142,0.347905,0.008706,1,
id0412,id0462,noisy,crop,0.258951,0.303812,0.018515,1,
id0412,id0465,noisy,crop,0.302869,0.378718,0.002975,1,
id0412,id0466,noisy,crop,0.359976,0.479411,0.021097,1,
id0412,id0468,noisy,crop,0.308968,0.406655,0.002346,1,
id0412,id0470,noisy,crop,0.257752,0.327145,0.005942,1,
id0412,id0476,noisy,crop,0.347668,0.459020,0.019532,1,
id0412,id0486,noisy,crop,0.368430,0.474176,0.006140,1,
id0412,id0491,noisy,crop,0.339943,0.523705,0.017255,1,
id0412,id0498,noisy,crop,0.364585,0.511890,0.006162,1,
id0418,id0421,noisy,crop,0.369229,0.528600,0.006258,1,
id0418,id0422,noisy,crop,0.322775,0.517105,0.007905,1,
id0418,id0431,noisy,crop,0.344582,0.425462,0.007529,1,
id0418,id0437,noisy,crop,0.390005,0.659687,0.014740,1,
id0418,id0441,noisy,crop,0.367867,0.546812,0.007345,1,
id0418,id0447,noisy,crop,0.516494,0.547882,0.018599,1,
id0418,id0460,noisy,crop,0.307640,0.510308,0.006923,1,
id0418,id0462,noisy,crop,0.410867,0.469016,0.015317,1,
id0418,id0465,noisy,crop,0.422876,0.474144,0.002096,1,
id0418,id0466,noisy,crop,0.453255,0.552334,0.017743,1,
id0418,id0468,noisy,crop,0.391486,0.546913,0.001684,1,
id0418,id0470,noisy,crop,0.307819,0.418194,0.004032,1,
id0418,id0476,noisy,crop,0.403558,0.553504,0.016654,1,
id0418,id0486,noisy,crop,0.470327,0.620825,0.004765,1,
id0418,id0491,noisy,crop,0.373128,0.586047,0.014772,1,
id0418,id0498,noisy,crop,0.401312,0.598838,0.005095,1,
id0421,id0422,noisy,crop,0.257735,0.430748,0.010273,1,
id0421,id0431,noisy,crop,0.330757,0.508720,0.011363,1,
id0421,id0437,noisy,crop,0.395903,0.640033,0.016986,1,
id0421,id0441,noisy,crop,0.256471,0.400570,0.009470,1,
id0421,id0447,noisy,crop,0.407444,0.556261,0.022020,1,
id0421,id0460,noisy,crop,0.201648,0.292907,0.008253,1,
id0421,id0462,noisy,crop,0.326840,0.411720,0.018863,1,
id0421,id0465,noisy,crop,0.329783,0.391673,0.003472,1,
id0421,id0466,noisy,crop,0.346490,0.514565,0.020710,1,
id0421,id0468,noisy,crop,0.360513,0.511280,0.003564,1,
id0421,id0470,noisy,crop,0.382815,0.470617,0.007078,1,
id0421,id0476,noisy,crop,0.297387,0.435432,0.018754,1,
id0421,id0486,noisy,crop,0.305494,0.424040,0.006039,1,
id0421,id0491,noisy,crop,0.275356,0.442285,0.016344,1,
id0421,id0498,noisy,crop,0.234395,0.380254,0.005375,1,
id0422,id0431,noisy,crop,0.263494,0.453813,0.008943,1,
id0422,id0437,noisy,crop,0.369047,0.571950,0.015032,1,
id0422,id0441,noisy,crop,0.248051,0.414616,0.007819,1,
id0422,id0447,noisy,crop,0.406360,0.532975,0.019272,1,
id0422,id0460,noisy,crop,0.194269,0.310865,0.006691,1,
id0422,id0462,noisy,crop,0.272742,0.362380,0.016018,1,
id0422,id0465,noisy,crop,0.287564,0.399437,0.002709,1,
id0422,id0466,noisy,crop,0.334963,0.481146,0.018244,1,
id0422,id0468,noisy,crop,0.315886,0.486687,0.002495,1,
id0422,id0470,noisy,crop,0.241271,0.383847,0.004755,1,
id0422,id0476,noisy,crop,0.306629,0.436872,0.016688,1,
id0422,id0486,noisy,crop,0.307596,0.464739,0.004916,1,
id0422,id0491,noisy,crop,0.304982,0.435636,0.014766,1,
id0422,id0498,noisy,crop,0.327702,0.486886,0.005112,1,
id0431,id0437,noisy,crop,0.406171,0.638953,0.013211,1,
id0431,id0441,noisy,crop,0.298886,0.512831,0.006012,1,
id0431,id0447,noisy,crop,0.341002,0.441835,0.016913,1,
id0431,id0460,noisy,crop,0.330717,0.514532,0.006461,1,
id0431,id0462,noisy,crop,0.266161,0.352971,0.013977,1,
id0431,id0465,noisy,crop,0.326847,0.478484,0.001736,1,
id0431,id0466,noisy,crop,0.284583,0.448408,0.016123,1,
id0431,id0468,noisy,crop,0.305890,0.455599,0.001163,1,
id0431,id0470,noisy,crop,0.247632,0.354601,0.002921,1,
id0431,id0476,noisy,crop,0.337154,0.534092,0.016034,1,
id0431,id0486,noisy,crop,0.418949,0.605966,0.004818,1,
id0431,id0491,noisy,crop,0.386687,0.629613,0.014159,1,
id0431,id0498,noisy,crop,0.434914,0.658060,0.005247,1,
id0437,id0441,noisy,crop,0.336689,0.452635,0.006334,1,
id0437,id0447,noisy,crop,0.415288,0.488221,0.018474,1,
id0437,id0460,noisy,crop,0.383953,0.578934,0.007152,1,
id0437,id0462,noisy,crop,0.470101,0.583065,0.016526,1,
id0437,id0465,noisy,crop,0.394984,0.493284,0.002653,1,
id0437,id0466,noisy,crop,0.405369,0.519899,0.017504,1,
id0437,id0468,noisy,crop,0.537403,0.735765,0.003512,1,
id0437,id0470,noisy,crop,0.411726,0.593379,0.005972,1,
id0437,id0476,noisy,crop,0.370798,0.530658,0.017281,1,
id0437,id0486,noisy,crop,0.534355,0.717854,0.006306,1,
id0437,id0491,noisy,crop,0.259729,0.397674,0.012923,1,
id0437,id0498,noisy,crop,0.409972,0.598214,0.004979,1,
id0441,id0447,noisy,crop,0.405120,0.505261,0.022474,1,
id0441,id0460,noisy,crop,0.215857,0.347355,0.009197,1,
id0441,id0462,noisy,crop,0.343782,0.418836,0.019757,1,
id0441,id0465,noisy,crop,0.198906,0.262981,0.003325,1,
id0441,id0466,noisy,crop,0.325193,0.445103,0.021197,1,
id0441,id0468,noisy,crop,0.351042,0.478749,0.002728,1,
id0441,id0470,noisy,crop,0.280436,0.391071,0.006419,1,
id0441,id0476,noisy,crop,0.339167,0.463967,0.020416,1,
id0441,id0486,noisy,crop,0.358541,0.485246,0.007803,1,
id0441,id0491,noisy,crop,0.262593,0.382987,0.017009,1,
id0441,id0498,noisy,crop,0.261249,0.411723,0.006662,1,
id0447,id0460,noisy,crop,0.417431,0.515055,0.001811,1,
id0447,id0462,noisy,crop,0.315803,0.434032,0.006243,1,
id0447,id0465,noisy,crop,0.407628,0.547467,0.001709,1,
id0447,id0466,noisy,crop,0.235278,0.313205,0.007123,1,
id0447,id0468,noisy,crop,0.545201,0.688949,0.003812,1,
id0447,id0470,noisy,crop,0.484035,0.582501,0.002407,1,
id0447,id0476,noisy,crop,0.232137,0.378086,0.006844,1,
id0447,id0486,noisy,crop,0.426920,0.582443,0.001746,1,
id0447,id0491,noisy,crop,0.362332,0.506089,0.005382,1,
id0447,id0498,noisy,crop,0.457734,0.556474,0.001495,1,
id0460,id0462,noisy,crop,0.293692,0.502892,0.017691,1,
id0460,id0465,noisy,crop,0.279804,0.455034,0.003343,1,
id0460,id0466,noisy,crop,0.331595,0.598128,0.019634,1,
id0460,id0468,noisy,crop,0.351528,0.600706,0.003491,1,
id0460,id0470,noisy,crop,0.302722,0.524936,0.006384,1,
id0460,id0476,noisy,crop,0.304470,0.519000,0.017913,1,
id0460,id0486,noisy,crop,0.296735,0.516203,0.005556,1,
id0460,id0491,noisy,crop,0.258366,0.471925,0.015395,1,
id0460,id0498,noisy,crop,0.238959,0.483576,0.005246,1,
id0462,id0465,noisy,crop,0.320385,0.479607,0.001567,1,
id0462,id0466,noisy,crop,0.267492,0.425568,0.014500,1,
id0462,id0468,noisy,crop,0.355113,0.472246,0.001804,1,
id0462,id0470,noisy,crop,0.322122,0.399264,0.003290,1,
id0462,id0476,noisy,crop,0.285703,0.432350,0.013818,1,
id0462,id0486,noisy,crop,0.295444,0.457709,0.002902,1,
id0462,id0491,noisy,crop,0.396071,0.545092,0.011832,1,
id0462,id0498,noisy,crop,0.418402,0.548720,0.003441,1,
id0465,id0466,noisy,crop,0.345851,0.490677,0.019396,1,
id0465,id0468,noisy,crop,0.385231,0.470259,0.002086,1,
id0465,id0470,noisy,crop,0.280135,0.364493,0.004933,1,
id0465,id0476,noisy,crop,0.349491,0.488912,0.018200,1,
id0465,id0486,noisy,crop,0.331163,0.452907,0.005966,1,
id0465,id0491,noisy,crop,0.311850,0.414617,0.015656,1,
id0465,id0498,noisy,crop,0.281236,0.394321,0.005533,1,
id0466,id0468,noisy,crop,0.455653,0.624488,0.003085,1,
id0466,id0470,noisy,crop,0.403579,0.514460,0.002685,1,
id0466,id0476,noisy,crop,0.228243,0.377128,0.008891,1,
id0466,id0486,noisy,crop,0.395492,0.538789,0.001993,1,
id0466,id0491,noisy,crop,0.306731,0.453331,0.006959,1,
id0466,id0498,noisy,crop,0.399153,0.530979,0.001876,1,
id0468,id0470,noisy,crop,0.301538,0.340140,0.007761,1,
id0468,id0476,noisy,crop,0.478503,0.697629,0.025320,1,
id0468,id0486,noisy,crop,0.422627,0.609411,0.009906,1,
id0468,id0491,noisy,crop,0.488188,0.697966,0.022941,1,
id0468,id0498,noisy,crop,0.444195,0.665570,0.010328,1,
id0470,id0476,noisy,crop,0.419072,0.560743,0.020272,1,
id0470,id0486,noisy,crop,0.415587,0.551380,0.006700,1,
id0470,id0491,noisy,crop,0.400990,0.540569,0.017742,1,
id0470,id0498,noisy,crop,0.419937,0.579589,0.007357,1,
id0476,id0486,noisy,crop,0.332094,0.482801,0.002374,1,
id0476,id0491,noisy,crop,0.255288,0.368058,0.009097,1,
id0476,id0498,noisy,crop,0.325334,0.412311,0.001831,1,
id0486,id0491,noisy,crop,0.387684,0.460249,0.012555,1,
id0486,id0498,noisy,crop,0.318965,0.332769,0.003500,1,
id0491,id0498,noisy,crop,0.263266,0.384952,0.003177,1,
