scenario,noise_mode,sigma,group_type,group,metric,n,mean,std,cv,min,p05,p25,p50,p75,p95,max,iqr,range,std_vs_raw,iqr_vs_raw,range_vs_raw,median_vs_raw
clean,none,0.0,overall,all,latent_distance,1350,0.4440101624,0.1038484143,0.2338874718,0.1939938217,0.2748047352,0.3691529855,0.4424621016,0.5156537294,0.6202318698,0.7108680606,0.1465007439,0.5168742388,6.32252278,7.968127192,5.70293273,11.38651989
clean,none,0.0,overall,all,raw_chamfer,1350,0.04366272569,0.01642515463,0.3761825304,0.021434738,0.02631345749,0.03181330136,0.0388584138,0.05019914541,0.07914462762,0.112067797,0.01838584405,0.09063305905,1,1,1,1
clean,none,0.0,overall,all,rigid_p2p,1350,0.03150518233,0.009138772409,0.2900720369,0.01900665005,0.02179558828,0.02497916139,0.02878040258,0.03600648823,0.05022490473,0.080998872,0.01102732684,0.06199222194,0.5563888202,0.5997726734,0.6839912786,0.7406479001
clean,none,0.0,overall,all,nicp_p2p,1350,0.02382011999,0.002925114521,0.1228001589,0.01815680681,0.01980315977,0.02184976881,0.02319136767,0.02540155554,0.02940905801,0.03574504602,0.003551786738,0.01758823921,0.1780874875,0.1931805104,0.1940598651,0.5968171473
clean,none,0.0,overall,all,nicp_p2tri,1350,0.02182663926,0.003110868329,0.1425262173,0.01577456977,0.01748881907,0.0197563493,0.02116963454,0.02352764523,0.02770355522,0.0341595363,0.003771295922,0.01838496653,0.1893965931,0.2051195426,0.2028505572,0.5447889523
clean,none,0.0,topology_pair,crop__to__down8k,latent_distance,45,0.4613704224,0.0899587876,0.1949816963,0.2787344158,0.3507608056,0.3908834755,0.4402625263,0.5419336557,0.5946504593,0.6827988029,0.1510501802,0.4040643871,5.795451601,6.222761418,6.886783706,6.536274101
clean,none,0.0,topology_pair,crop__to__down8k,raw_chamfer,45,0.06518143654,0.01552230849,0.2381400183,0.03563445165,0.03942782763,0.0523251554,0.0673568029,0.07659897374,0.08549238573,0.09430688922,0.02427381833,0.05867243757,1,1,1,1
clean,none,0.0,topology_pair,crop__to__down8k,rigid_p2p,45,0.04705526194,0.01234821346,0.2624193969,0.02686319868,0.02771182731,0.0405027762,0.04497320701,0.05802205562,0.06437299271,0.080998872,0.01751927942,0.05413567332,0.7955139834,0.7217356238,0.9226763973,0.6676861887
clean,none,0.0,topology_pair,crop__to__down8k,nicp_p2p,45,0.02515410122,0.002465137412,0.09800141098,0.01908638601,0.02148046116,0.02347152994,0.02482046935,0.02671182438,0.0294341145,0.03066548417,0.00324029444,0.01157909816,0.1588125512,0.1334892762,0.1973515784,0.368492391
clean,none,0.0,topology_pair,crop__to__down8k,nicp_p2tri,45,0.02331276627,0.002580860256,0.1107058779,0.01715753781,0.01933198443,0.02182220684,0.02304924662,0.02508024963,0.02783574715,0.02896821878,0.003258042794,0.01181068097,0.1662678111,0.1342204489,0.2012986244,0.3421962687
clean,none,0.0,topology_pair,crop__to__noisy,latent_distance,45,0.460992578,0.09336431447,0.2025288886,0.2713053823,0.3310549974,0.3853271604,0.4527671635,0.5251978636,0.616657424,0.6608833671,0.1398707032,0.3895779848,7.585505225,7.639042634,8.467013782,8.678399888
clean,none,0.0,topology_pair,crop__to__noisy,raw_chamfer,45,0.05194246737,0.01230825261,0.2369593366,0.03119122284,0.03220725551,0.04228390705,0.05217173319,0.06059388514,0.07067516648,0.07720248429,0.01830997808,0.04601126145,1,1,1,1
clean,none,0.0,topology_pair,crop__to__noisy,rigid_p2p,45,0.03884392427,0.01089125027,0.2803849115,0.02337428362,0.02495293387,0.03095606542,0.03650573064,0.04474256575,0.05717697886,0.06927458104,0.01378650034,0.04590029741,0.8848738011,0.7529501276,0.9975883288,0.6997224053
clean,none,0.0,topology_pair,crop__to__noisy,nicp_p2p,45,0.0244013999,0.002138612042,0.08764300618,0.01894693011,0.02158668736,0.0229972535,0.02405653177,0.02557771283,0.02770379666,0.02982885292,0.002580459332,0.01088192282,0.1737543184,0.1409318635,0.2365056396,0.4611027907
clean,none,0.0,topology_pair,crop__to__noisy,nicp_p2tri,45,0.02227617186,0.002236915341,0.1004174036,0.01686197842,0.01921351089,0.02076790143,0.02195571214,0.02357519694,0.02562462024,0.02794260627,0.002807295517,0.01108062786,0.1817410978,0.1533205285,0.2408242571,0.4208353988
clean,none,0.0,topology_pair,crop__to__original,latent_distance,45,0.4621106287,0.09461389809,0.2047429603,0.2849236429,0.324351722,0.3991324902,0.4483105242,0.5166251659,0.6097825766,0.6602566242,0.1174926758,0.3753329813,7.978677331,5.975097228,8.319253339,8.755732699
clean,none,0.0,topology_pair,crop__to__original,raw_chamfer,45,0.05119483357,0.0118583437,0.2316316487,0.03096577641,0.03273415666,0.04091655957,0.05120194273,0.06058028575,0.07055184126,0.07608196245,0.01966372618,0.04511618604,1,1,1,1
clean,none,0.0,topology_pair,crop__to__original,rigid_p2p,45,0.04085797194,0.01124716051,0.2752745664,0.02564975241,0.02591114354,0.03214869842,0.03783041089,0.04679326664,0.06100376822,0.07283968749,0.01464456822,0.04718993508,0.9484596491,0.7447504145,1.045964635,0.7388471779
clean,none,0.0,topology_pair,crop__to__original,nicp_p2p,45,0.02463484242,0.002532112841,0.1027858347,0.01901491947,0.02119256516,0.02277994968,0.02455474845,0.02583913275,0.02801632832,0.03087657204,0.003059183067,0.01186165257,0.2135300599,0.1555749424,0.26291346,0.4795667339
clean,none,0.0,topology_pair,crop__to__original,nicp_p2tri,45,0.0226936765,0.002645944065,0.1165938919,0.01708631025,0.01898754535,0.02070204531,0.022602349,0.02412349648,0.02645195815,0.02903793091,0.003421451168,0.01195162066,0.2231293114,0.1739981088,0.2649076021,0.441435379
clean,none,0.0,topology_pair,crop__to__remesh,latent_distance,45,0.484644509,0.08568331168,0.1767962085,0.3134374022,0.3633420408,0.4189724326,0.4847306907,0.5432928801,0.6076772094,0.7108680606,0.1243204474,0.3974306583,5.422390333,5.125762461,6.488718958,8.561066669
clean,none,0.0,topology_pair,crop__to__remesh,raw_chamfer,45,0.05784573809,0.01580176019,0.27317069,0.02918664336,0.03275193535,0.0466344262,0.05662036163,0.07088846614,0.08238473561,0.09043612279,0.02425403994,0.06124947943,1,1,1,1
clean,none,0.0,topology_pair,crop__to__remesh,rigid_p2p,45,0.03883629011,0.01220731178,0.3143274434,0.0229133951,0.0254869957,0.0299134708,0.03634529688,0.04477943655,0.06182774838,0.07656657606,0.01486596575,0.05365318096,0.7725286068,0.6129274044,0.8759777464,0.641912129
clean,none,0.0,topology_pair,crop__to__remesh,nicp_p2p,45,0.02443850041,0.002588280278,0.1059099468,0.01873360505,0.02073677496,0.02278590627,0.02422105583,0.02615941917,0.02813238926,0.03089405762,0.003373512896,0.01216045257,0.1637969598,0.139090762,0.1985396885,0.4277799565
clean,none,0.0,topology_pair,crop__to__remesh,nicp_p2tri,45,0.02252584339,0.002727865339,0.1210993654,0.01673371493,0.01844363235,0.02084000117,0.02243903605,0.02446573667,0.02645519012,0.02929494593,0.003625735507,0.012561231,0.1726304732,0.1494899619,0.2050830655,0.3963068304
clean,none,0.0,topology_pair,crop__to__up60k,latent_distance,45,0.4737403697,0.08944383156,0.1888034824,0.2998006046,0.3609725237,0.4001227021,0.4583393931,0.5488774776,0.6140323877,0.7023862004,0.1487547755,0.4025855958,6.009730264,6.589674106,7.104582357,7.427474511
clean,none,0.0,topology_pair,crop__to__up60k,raw_chamfer,45,0.06010760988,0.01488316907,0.247608732,0.0307885646,0.03631334587,0.04826595377,0.06170864571,0.07083987369,0.08151245572,0.08745418906,0.02257391991,0.05666562447,1,1,1,1
clean,none,0.0,topology_pair,crop__to__up60k,rigid_p2p,45,0.04208445194,0.01112844595,0.2644312909,0.02519996878,0.02604904668,0.03518593517,0.04032065372,0.05072682435,0.06036777857,0.07576660238,0.01554088918,0.0505666336,0.7477201867,0.6884444189,0.8923687699,0.6534036398
clean,none,0.0,topology_pair,crop__to__up60k,nicp_p2p,45,0.02495340003,0.002268871144,0.09092432863,0.01962507405,0.02195804551,0.02326283327,0.02484555568,0.02653300601,0.0280018405,0.0307461655,0.003270172743,0.01112109146,0.1524454325,0.1448650813,0.1962581647,0.4026268183
clean,none,0.0,topology_pair,crop__to__up60k,nicp_p2tri,45,0.02307695567,0.002372018733,0.1027873333,0.01770007495,0.01994792083,0.02115988347,0.02289682459,0.0248001111,0.0262354863,0.02912276471,0.003640227625,0.01142268976,0.159375918,0.1612581084,0.2015805855,0.371047271
clean,none,0.0,topology_pair,down8k__to__crop,latent_distance,45,0.4782525761,0.1054247833,0.2204374603,0.207732901,0.3333968461,0.4199736416,0.4692482948,0.5399151444,0.6424933314,0.6846507192,0.1199415028,0.4769178182,5.575435268,3.716785173,6.388354985,6.351405102
clean,none,0.0,topology_pair,down8k__to__crop,raw_chamfer,45,0.07266995128,0.01890879872,0.2602010651,0.03741355205,0.04737184925,0.05562193148,0.07388102118,0.0878921589,0.1011208133,0.112067797,0.03227022742,0.074654245,1,1,1,1
clean,none,0.0,topology_pair,down8k__to__crop,rigid_p2p,45,0.03780889333,0.00742526072,0.1963892636,0.02423955909,0.02831219031,0.03174283293,0.03836712097,0.04185314295,0.05197880355,0.05850032148,0.01011031002,0.03426076239,0.3926881252,0.3133014803,0.4589258439,0.519309565
clean,none,0.0,topology_pair,down8k__to__crop,nicp_p2p,45,0.02859975084,0.002584911969,0.09038232478,0.02306643134,0.02502007711,0.02676354754,0.02854551577,0.02987544625,0.03261741733,0.03520470123,0.00311189871,0.01213826988,0.1367041876,0.09643250013,0.1625931638,0.3863714295
clean,none,0.0,topology_pair,down8k__to__crop,nicp_p2tri,45,0.02691272145,0.002748955402,0.1021433453,0.0208886092,0.02328516584,0.02488280679,0.02696417034,0.02813980217,0.03121648536,0.03385848167,0.003256995379,0.01296987247,0.1453796956,0.1009288016,0.1737325516,0.364967483
clean,none,0.0,topology_pair,down8k__to__noisy,latent_distance,45,0.434173688,0.105569663,0.2431507619,0.2296732366,0.255387938,0.3475759029,0.4415649176,0.5061088204,0.5964006901,0.6731755137,0.1585329175,0.4435022771,14.1133047,15.30740786,14.38148053,11.41781092
clean,none,0.0,topology_pair,down8k__to__noisy,raw_chamfer,45,0.03787900141,0.007480151903,0.197474897,0.0250825729,0.02662738424,0.0324743072,0.03867334295,0.04283092139,0.04894454168,0.05592100267,0.01035661419,0.03083842977,1,1,1,1
clean,none,0.0,topology_pair,down8k__to__noisy,rigid_p2p,45,0.02610320124,0.004610291107,0.1766178433,0.01919718735,0.02061463647,0.02302263693,0.02441166951,0.02783957789,0.03481543534,0.03866276841,0.004816940965,0.01946558106,0.616336562,0.4651076959,0.6312118097,0.6312272911
clean,none,0.0,topology_pair,down8k__to__noisy,nicp_p2p,45,0.02267605504,0.001932637467,0.08522811678,0.01906336905,0.01952150344,0.02130371674,0.0225127065,0.02390643771,0.02550809831,0.02809319035,0.002602720965,0.009029821299,0.258368746,0.2513100244,0.2928106706,0.5821246571
clean,none,0.0,topology_pair,down8k__to__noisy,nicp_p2tri,45,0.02039737953,0.002133253922,0.104584705,0.01626425507,0.01679094292,0.01901845406,0.02025863844,0.02175746366,0.02363041831,0.02633412367,0.002739009602,0.01006986861,0.285188583,0.264469599,0.3265363601,0.523839857
clean,none,0.0,topology_pair,down8k__to__original,latent_distance,45,0.440888126,0.108993822,0.2472142376,0.2305246741,0.2511187196,0.3613860905,0.4392439425,0.5123628974,0.6056462288,0.6988747716,0.1509768069,0.4683500975,12.38941204,13.00961686,12.94098256,10.43560914
clean,none,0.0,topology_pair,down8k__to__original,raw_chamfer,45,0.04166915666,0.008797336113,0.21112345,0.02680446003,0.027162132,0.03634481506,0.04209087718,0.04794983068,0.05504993714,0.06299569168,0.01160501562,0.03619123165,1,1,1,1
clean,none,0.0,topology_pair,down8k__to__original,rigid_p2p,45,0.02773703799,0.005430166528,0.1957731222,0.01900665005,0.02117431429,0.02397598717,0.02652993974,0.03026574903,0.03743783904,0.04268705854,0.006289761864,0.02368040849,0.617251229,0.5419865057,0.6543134182,0.630301422
clean,none,0.0,topology_pair,down8k__to__original,nicp_p2p,45,0.02302837164,0.002278330734,0.0989358158,0.01879504536,0.01944938492,0.02175449332,0.02292424318,0.02475019805,0.02604101388,0.03008780107,0.002995704731,0.01129275571,0.2589796167,0.2581387935,0.3120301573,0.5446368599
clean,none,0.0,topology_pair,down8k__to__original,nicp_p2tri,45,0.02097106315,0.002452381426,0.1169412064,0.01617911245,0.01709843564,0.0195634567,0.02090509106,0.022640453,0.0242051864,0.02851086588,0.0030769963,0.01233175343,0.2787640934,0.2651436586,0.3407387058,0.496665607
clean,none,0.0,topology_pair,down8k__to__remesh,latent_distance,45,0.4259702424,0.08896416771,0.2088506634,0.2737323344,0.2809593558,0.3684753776,0.4346273541,0.4934245944,0.5430948615,0.617737174,0.1249492168,0.3440048397,14.10079732,12.36397736,14.08877771,11.10567038
clean,none,0.0,topology_pair,down8k__to__remesh,raw_chamfer,45,0.03903645033,0.006309158674,0.1616222434,0.02804185383,0.0295027741,0.03338741504,0.03913562526,0.04349332297,0.05100294466,0.0524587938,0.01010590793,0.02441693997,1,1,1,1
clean,none,0.0,topology_pair,down8k__to__remesh,rigid_p2p,45,0.02910041549,0.005944128976,0.2042626841,0.02068899272,0.02245397405,0.02418391205,0.02746009094,0.03192923679,0.04035371147,0.04578669961,0.007745324737,0.02509770689,0.9421428883,0.7664155258,1.027880927,0.7016648067
clean,none,0.0,topology_pair,down8k__to__remesh,nicp_p2p,45,0.0231670606,0.001907846975,0.08235170653,0.01997554901,0.02025868114,0.02217506115,0.02285566745,0.02433982885,0.02681807676,0.02812478821,0.002164767696,0.00814923921,0.3023932467,0.2142081357,0.3337535015,0.5840118126
clean,none,0.0,topology_pair,down8k__to__remesh,nicp_p2tri,45,0.02111241906,0.002080667105,0.09855180968,0.01750219841,0.01785974673,0.02007747415,0.02077843021,0.0224506266,0.02507754609,0.02649572878,0.002373152451,0.008993530368,0.329785192,0.234828228,0.3683315919,0.5309339015
clean,none,0.0,topology_pair,down8k__to__up60k,latent_distance,45,0.4175110625,0.104645008,0.2506400845,0.2294514179,0.2516118526,0.341212064,0.4076681137,0.4913160801,0.5639313936,0.6727576852,0.1501040161,0.4433062673,15.3205014,13.67118387,15.20473771,12.18222777
clean,none,0.0,topology_pair,down8k__to__up60k,raw_chamfer,45,0.03448218507,0.006830390549,0.1980846207,0.02198627116,0.02436345201,0.02896034916,0.03346416777,0.0399399408,0.04586262518,0.05114206954,0.01097959163,0.02915579839,1,1,1,1
clean,none,0.0,topology_pair,down8k__to__up60k,rigid_p2p,45,0.0275844495,0.005188100937,0.1880806408,0.01991107403,0.02105740833,0.02381786295,0.02657202943,0.02942564606,0.03665468444,0.04072711397,0.005607783111,0.02081603994,0.7595613896,0.5107460549,0.7139588379,0.7940442331
clean,none,0.0,topology_pair,down8k__to__up60k,nicp_p2p,45,0.02277509123,0.002273306597,0.09981547709,0.01851656795,0.01914373747,0.0216729962,0.02262094566,0.02429236158,0.0264109659,0.02981981324,0.00261936538,0.01130324528,0.3328223445,0.2385667398,0.3876842998,0.6759751449
clean,none,0.0,topology_pair,down8k__to__up60k,nicp_p2tri,45,0.02066734709,0.002437139668,0.1179222306,0.01592463307,0.01679689967,0.01947965986,0.02040978985,0.02224810041,0.0244325518,0.02824823909,0.002768440554,0.01232360601,0.3568082456,0.2521442187,0.422681137,0.6098998185
clean,none,0.0,topology_pair,noisy__to__crop,latent_distance,45,0.4702667448,0.09996346517,0.2125675827,0.2125110328,0.3299993694,0.4046510756,0.4674443603,0.5411227345,0.6315817356,0.6475308537,0.1364716589,0.4350198209,6.085145732,4.85660285,7.139965112,8.715535623
clean,none,0.0,topology_pair,noisy__to__crop,raw_chamfer,45,0.05665844101,0.01642745623,0.2899383735,0.02797300972,0.03538766355,0.04300893521,0.05363346333,0.07110916559,0.08152933717,0.08890045322,0.02810023038,0.0609274435,1,1,1,1
clean,none,0.0,topology_pair,noisy__to__crop,rigid_p2p,45,0.03544763812,0.007083949028,0.1998426243,0.02512552005,0.02664522078,0.02942214173,0.03488516854,0.03889118302,0.04834813906,0.05342317,0.009469041284,0.02829764995,0.4312261697,0.3369737955,0.4644483393,0.6504366187
clean,none,0.0,topology_pair,noisy__to__crop,nicp_p2p,45,0.02767451082,0.002549291744,0.09211695778,0.02180857181,0.0241399999,0.02569295178,0.02772977138,0.02939590518,0.0315161565,0.03283468734,0.003702953394,0.01102611553,0.1551848143,0.1317766205,0.1809712487,0.5170236948
clean,none,0.0,topology_pair,noisy__to__crop,nicp_p2tri,45,0.02595602693,0.002699004891,0.1039837452,0.01977382883,0.02220200118,0.02386760415,0.02600433823,0.02771624566,0.03008416319,0.03139093121,0.003848641508,0.01161710238,0.1642984071,0.1369612084,0.1906710952,0.4848528626
clean,none,0.0,topology_pair,noisy__to__down8k,latent_distance,45,0.4218984392,0.09821832813,0.2328008805,0.2434530556,0.2771486998,0.3396452665,0.4294763803,0.4936491251,0.5735252976,0.6529118419,0.1540038586,0.4094587862,13.48783016,20.69582675,12.82332606,13.67023094
clean,none,0.0,topology_pair,noisy__to__down8k,raw_chamfer,45,0.03335901072,0.00728199621,0.2182917315,0.02266158258,0.02472159007,0.02830276283,0.03141690746,0.03574406297,0.04923841335,0.05459236125,0.007441300145,0.03193077867,1,1,1,1
clean,none,0.0,topology_pair,noisy__to__down8k,rigid_p2p,45,0.02877771475,0.006650957869,0.2311148723,0.02096032164,0.02127615436,0.02423878314,0.02736798523,0.03029534544,0.04148025851,0.05109768581,0.0060565623,0.03013736417,0.9133426711,0.813911841,0.9438343013,0.8711228265
clean,none,0.0,topology_pair,noisy__to__down8k,nicp_p2p,45,0.02219292776,0.001572052213,0.07083572883,0.01998133937,0.02021606011,0.02090103903,0.02211699821,0.02294009084,0.0254713768,0.02642776699,0.00203905181,0.006446427622,0.2158820422,0.2740182186,0.2018875796,0.7039839371
clean,none,0.0,topology_pair,noisy__to__down8k,nicp_p2tri,45,0.02024164827,0.001665682076,0.08228984386,0.01800888117,0.0181208141,0.0187813986,0.0202587946,0.02113937297,0.0238741024,0.02470502552,0.002357974372,0.006696144344,0.2287397614,0.3168766649,0.2097081444,0.644837326
clean,none,0.0,topology_pair,noisy__to__original,latent_distance,45,0.4246830705,0.110456381,0.2600913214,0.2286069989,0.2443783224,0.3488669991,0.4306535125,0.4970820248,0.5969710588,0.6722647548,0.1482150257,0.4436577559,19.03391328,15.80768426,19.05527544,13.71920429
clean,none,0.0,topology_pair,noisy__to__original,raw_chamfer,45,0.03165533899,0.005803135664,0.1833224931,0.021434738,0.02417185281,0.02653979124,0.03139056052,0.03591592903,0.04004372787,0.04471741146,0.009376137784,0.02328267346,1,1,1,1
clean,none,0.0,topology_pair,noisy__to__original,rigid_p2p,45,0.02795533445,0.005345874887,0.1912291515,0.02193869286,0.02213573128,0.02397661045,0.02684859691,0.03010378208,0.03733201501,0.04713759686,0.006127171627,0.02519890399,0.9212045342,0.6534856641,1.082302857,0.8553079798
clean,none,0.0,topology_pair,noisy__to__original,nicp_p2p,45,0.02301099964,0.001854304552,0.08058339843,0.01980193558,0.02058845978,0.02170345425,0.02282687224,0.02400831312,0.02678700705,0.02812983859,0.002304858865,0.008327903015,0.3195349307,0.2458217785,0.3576867162,0.7271890611
clean,none,0.0,topology_pair,noisy__to__original,nicp_p2tri,45,0.02105526986,0.001973133328,0.09371208921,0.01779520026,0.018327961,0.01969802109,0.02086842254,0.02219355147,0.02505944144,0.02663296265,0.002495530374,0.008837762388,0.3400115803,0.2661576047,0.3795853772,0.664799296
clean,none,0.0,topology_pair,noisy__to__remesh,latent_distance,45,0.4378886037,0.09026268937,0.2061316248,0.2691592276,0.3036343694,0.3521445096,0.437651366,0.5071943402,0.5668798685,0.6696212292,0.1550498307,0.4004620016,14.42802032,19.01408588,15.45417834,13.14302852
clean,none,0.0,topology_pair,noisy__to__remesh,raw_chamfer,45,0.03474754015,0.006256068912,0.1800435048,0.02680763705,0.02768682438,0.02979653818,0.03329912625,0.03795101017,0.04645712895,0.05272049975,0.008154471987,0.0259128627,1,1,1,1
clean,none,0.0,topology_pair,noisy__to__remesh,rigid_p2p,45,0.02864650331,0.006050833974,0.2112241731,0.02079481268,0.02140418558,0.02438304081,0.02683281779,0.03074408666,0.04091243034,0.04820424355,0.006361045848,0.02740943087,0.9671942651,0.7800683917,1.057753872,0.8058114674
clean,none,0.0,topology_pair,noisy__to__remesh,nicp_p2p,45,0.02308802306,0.001705469138,0.07386813212,0.01995290754,0.02015560039,0.02218612025,0.02314811499,0.02402203515,0.02592196643,0.0271566053,0.001835914903,0.00720369776,0.2726103504,0.2251420945,0.2779969872,0.6951568281
clean,none,0.0,topology_pair,noisy__to__remesh,nicp_p2tri,45,0.02119276573,0.001838098639,0.08673236245,0.0176735022,0.01808396928,0.02023781267,0.02123625526,0.0221086505,0.02410583175,0.02542407866,0.001870837829,0.007750576464,0.2938104846,0.2294247662,0.2991015139,0.6377421166
clean,none,0.0,topology_pair,noisy__to__up60k,latent_distance,45,0.4335877842,0.1013074947,0.2336493287,0.2510446012,0.2887945056,0.3534797132,0.4375463724,0.5055167675,0.5941197634,0.6765742898,0.1520370543,0.4255296886,16.36671171,22.506353,16.57485015,14.02057465
clean,none,0.0,topology_pair,noisy__to__up60k,raw_chamfer,45,0.03232097251,0.006189850258,0.1915118815,0.02302464346,0.02358396022,0.02786312499,0.03120744928,0.03461842001,0.04497567048,0.04869785828,0.006755295017,0.02567321482,1,1,1,1
clean,none,0.0,topology_pair,noisy__to__up60k,rigid_p2p,45,0.02836749973,0.005287541696,0.1863943508,0.02190300118,0.02225738458,0.02426667344,0.02698281297,0.03003749238,0.03721234908,0.04483507222,0.005770818943,0.02293207104,0.8542277237,0.8542660133,0.8932294302,0.8646273113
clean,none,0.0,topology_pair,noisy__to__up60k,nicp_p2p,45,0.02314841035,0.001838182987,0.07940860558,0.01987048133,0.02056992185,0.02199519173,0.02287135467,0.02415159059,0.0269285564,0.02871565342,0.002156398858,0.00884517209,0.2969672788,0.3192160893,0.3445291971,0.7328812572
clean,none,0.0,topology_pair,noisy__to__up60k,nicp_p2tri,45,0.02125030673,0.001919681321,0.09033664054,0.01772615779,0.01848303479,0.02017983008,0.02096787904,0.02253140474,0.0251277421,0.02715153467,0.002351574657,0.009425376878,0.3101337255,0.348108358,0.3671288128,0.6718869859
clean,none,0.0,topology_pair,original__to__crop,latent_distance,45,0.4692820281,0.0997059395,0.2124648581,0.2177090198,0.3389588058,0.3946919441,0.4663612247,0.5476337075,0.6322054744,0.6468164921,0.1529417634,0.4291074723,6.142413085,5.703474151,6.978148368,8.614185741
clean,none,0.0,topology_pair,original__to__crop,raw_chamfer,45,0.0560726504,0.01623237287,0.2894882398,0.0286146654,0.03402620607,0.04272548306,0.05413874726,0.0695410273,0.07962421273,0.0901076933,0.02681554424,0.0614930279,1,1,1,1
clean,none,0.0,topology_pair,original__to__crop,rigid_p2p,45,0.03467265233,0.007013126388,0.2022667987,0.02335244195,0.02656885078,0.02889595349,0.03344208355,0.0381024333,0.04730519873,0.05271380588,0.009206479813,0.02936136393,0.4320456686,0.3433262339,0.4774746819,0.6177107015
clean,none,0.0,topology_pair,original__to__crop,nicp_p2p,45,0.02686223491,0.002602051687,0.09686653757,0.0211006002,0.02322570885,0.02514886122,0.02706032545,0.02828013715,0.03097247026,0.03248841847,0.003131275929,0.01138781827,0.1603001427,0.1167709259,0.1851887711,0.4998328706
clean,none,0.0,topology_pair,original__to__crop,nicp_p2tri,45,0.02506683479,0.002773202127,0.1106323216,0.01881650788,0.02133684991,0.0230184124,0.02536966648,0.02657452082,0.02945422014,0.03099360734,0.003556108429,0.01217709946,0.1708439148,0.1326136959,0.1980240667,0.4686046089
clean,none,0.0,topology_pair,original__to__down8k,latent_distance,45,0.428537133,0.0990139277,0.2310509874,0.2471103966,0.2886301517,0.3461156487,0.4233030975,0.5006430149,0.5934407115,0.6598080397,0.1545273662,0.412697643,11.33874626,14.98455877,10.98336852,12.66840136
clean,none,0.0,topology_pair,original__to__down8k,raw_chamfer,45,0.03558321497,0.008732352362,0.2454065033,0.02295205693,0.02541997214,0.02905781702,0.03341408955,0.03937025721,0.05407808795,0.06052683577,0.01031244019,0.03757477884,1,1,1,1
clean,none,0.0,topology_pair,original__to__down8k,rigid_p2p,45,0.02753544537,0.006474432774,0.2351308536,0.02012031985,0.02076435754,0.02316977499,0.02570153558,0.03007696466,0.04034639909,0.05112856296,0.006907189666,0.03100824312,0.7414305453,0.6697919733,0.8252408683,0.769182579
clean,none,0.0,topology_pair,original__to__down8k,nicp_p2p,45,0.02115882832,0.001663485484,0.07861897921,0.01815680681,0.01913644332,0.0198653773,0.02091190494,0.02189533976,0.02472451694,0.02576011177,0.002029962458,0.007603304957,0.1904968346,0.196845986,0.2023512897,0.6258409319
clean,none,0.0,topology_pair,original__to__down8k,nicp_p2tri,45,0.01906726027,0.001795381253,0.09416042091,0.01577456977,0.01700009318,0.01770374753,0.01887025919,0.01986499544,0.02289497119,0.02379121363,0.002161247909,0.008016643866,0.2056011002,0.2095767702,0.2133517246,0.5647395886
clean,none,0.0,topology_pair,original__to__noisy,latent_distance,45,0.4251527803,0.1063974326,0.2502569372,0.230384782,0.2563936532,0.3335356712,0.4282250702,0.4933799505,0.6044600844,0.6422005892,0.1598442793,0.4118158072,18.73476585,22.79724436,16.17388675,14.47583713
clean,none,0.0,topology_pair,original__to__noisy,raw_chamfer,45,0.03074134478,0.005679143978,0.1847396078,0.02253644187,0.0233970231,0.02647345769,0.02958205915,0.03348501912,0.04045431962,0.04799821329,0.00701156143,0.02546177141,1,1,1,1
clean,none,0.0,topology_pair,original__to__noisy,rigid_p2p,45,0.02550176437,0.005043922645,0.1977872029,0.01920662756,0.02065567637,0.02205647268,0.02412268836,0.02717877308,0.03401892175,0.04600732223,0.005122300404,0.02680069467,0.8881484013,0.7305505992,1.052585629,0.8154499401
clean,none,0.0,topology_pair,original__to__noisy,nicp_p2p,45,0.02170795281,0.001553125452,0.07154638051,0.01870679722,0.0194579447,0.02077288741,0.02139646824,0.02271760561,0.02425727081,0.02565662702,0.001944718206,0.006949829791,0.273478795,0.2773587917,0.2729515429,0.7232920512
clean,none,0.0,topology_pair,original__to__noisy,nicp_p2tri,45,0.01937359921,0.001715984114,0.08857332578,0.0161035864,0.01693115698,0.01821638035,0.01913459236,0.02060994861,0.02236060718,0.02359768505,0.002393568257,0.007494098646,0.3021554165,0.3413744971,0.2943274655,0.6468309818
clean,none,0.0,topology_pair,original__to__remesh,latent_distance,45,0.4484877129,0.09180777936,0.2047052276,0.2769125402,0.3152426302,0.3693906069,0.4510176182,0.5246023536,0.5811764002,0.682046771,0.1552117467,0.4051342309,12.9259385,18.39016451,13.20110884,13.26512418
clean,none,0.0,topology_pair,original__to__remesh,raw_chamfer,45,0.03586059437,0.007102600666,0.1980614318,0.02637896322,0.02806631656,0.03091963818,0.03400025602,0.03935957065,0.05085304035,0.05706837242,0.008439932477,0.03068940919,1,1,1,1
clean,none,0.0,topology_pair,original__to__remesh,rigid_p2p,45,0.02747696333,0.00602863551,0.219406906,0.01974087768,0.02031838854,0.02341554104,0.02588571428,0.02959944824,0.03912672285,0.04829799089,0.006183907201,0.02855711321,0.8487926879,0.7326962885,0.9305201358,0.7613388047
clean,none,0.0,topology_pair,original__to__remesh,nicp_p2p,45,0.02197558825,0.001770529929,0.08056803347,0.0187772204,0.01898605453,0.02103096363,0.0220242484,0.02289243634,0.024762852,0.02667042125,0.001861472701,0.007893200856,0.2492791039,0.2205554021,0.2571962466,0.6477671341
clean,none,0.0,topology_pair,original__to__remesh,nicp_p2tri,45,0.01993301098,0.001932927459,0.09697117313,0.01645107253,0.0166212608,0.01899152721,0.020007054,0.02099986092,0.02296937869,0.02480847889,0.002008333709,0.008357406357,0.2721436203,0.2379561347,0.2723221651,0.5884383339
clean,none,0.0,topology_pair,original__to__up60k,latent_distance,45,0.4412065685,0.1008898929,0.228668157,0.2596678734,0.3024893939,0.3600400388,0.4293730855,0.5226224065,0.6008826256,0.6825910211,0.1625823677,0.4229231477,13.56026601,17.09849069,13.62770765,13.19277662
clean,none,0.0,topology_pair,original__to__up60k,raw_chamfer,45,0.03377049661,0.007440111634,0.2203139539,0.02242155624,0.02398097274,0.02841390524,0.03254607411,0.0379224853,0.04925203659,0.05345561996,0.009508580063,0.03103406372,1,1,1,1
clean,none,0.0,topology_pair,original__to__up60k,rigid_p2p,45,0.0269331016,0.005465752257,0.2029380922,0.02027565718,0.02129480501,0.02284490307,0.02585440198,0.02916498008,0.03768782696,0.04642140569,0.006320077016,0.0261457485,0.7346330977,0.6646709576,0.8424854938,0.7943938767
clean,none,0.0,topology_pair,original__to__up60k,nicp_p2p,45,0.02204206624,0.001965758134,0.08918211718,0.01858583321,0.01964068833,0.02072960138,0.02180213845,0.02321951102,0.02588916312,0.02726409149,0.002489909635,0.008678258276,0.2642108386,0.261859249,0.2796365424,0.6698853563
clean,none,0.0,topology_pair,original__to__up60k,nicp_p2tri,45,0.02001473702,0.002076324273,0.1037397729,0.0164687504,0.01730652481,0.01850900349,0.01978967966,0.02120306304,0.02415571309,0.02536149082,0.002694059549,0.008892740422,0.2790716558,0.2833293227,0.2865477271,0.6080512076
clean,none,0.0,topology_pair,remesh__to__crop,latent_distance,45,0.4910527004,0.1064017598,0.2166809381,0.2045739591,0.3339075208,0.4195129573,0.4814975262,0.5852949023,0.6779105425,0.6948528886,0.165781945,0.4902789295,5.960195005,6.573268114,6.772150024,7.842284371
clean,none,0.0,topology_pair,remesh__to__crop,raw_chamfer,45,0.06194884906,0.01785206016,0.2881742022,0.02835950504,0.03883837686,0.04738067103,0.06139761113,0.07260129829,0.09031674938,0.100755853,0.02522062726,0.07239634795,1,1,1,1
clean,none,0.0,topology_pair,remesh__to__crop,rigid_p2p,45,0.03509295754,0.007281530464,0.2074926417,0.02557381922,0.02663709127,0.02987096257,0.03384440127,0.03697455562,0.04962820435,0.05498050419,0.007103593054,0.02940668496,0.4078818018,0.2816580643,0.4061901711,0.5512331937
clean,none,0.0,topology_pair,remesh__to__crop,nicp_p2p,45,0.02790435131,0.002894445412,0.1037273857,0.02194199179,0.02415038233,0.02601032409,0.02741655353,0.02919677137,0.03219313833,0.03574504602,0.003186447272,0.01380305423,0.1621350917,0.1263429033,0.1906595377,0.4465410466
clean,none,0.0,topology_pair,remesh__to__crop,nicp_p2tri,45,0.02604089755,0.003044564528,0.1169147309,0.01967428619,0.0222466827,0.0241055099,0.02558942096,0.02744616423,0.03066863601,0.0341595363,0.003340654327,0.01448525011,0.1705441558,0.1324572261,0.200082608,0.4167820292
clean,none,0.0,topology_pair,remesh__to__down8k,latent_distance,45,0.4139726496,0.1049374076,0.2534887456,0.2068590373,0.2667804897,0.3323127329,0.4206711352,0.4859150648,0.5825232387,0.6223006845,0.1536023319,0.4154416472,16.15076645,20.41558279,13.71654217,11.28971343
clean,none,0.0,topology_pair,remesh__to__down8k,raw_chamfer,45,0.03788780315,0.006497363948,0.1714895932,0.02856193608,0.03004170666,0.03315163286,0.03726145379,0.04067541181,0.04993266711,0.05884957286,0.007523778941,0.03028763678,1,1,1,1
clean,none,0.0,topology_pair,remesh__to__down8k,rigid_p2p,45,0.03134159871,0.006987530046,0.222947467,0.02245332923,0.0234485838,0.02720017871,0.02841700275,0.03547164743,0.04546538688,0.05420848617,0.008271468721,0.03175515694,1.075440764,1.099376894,1.048452779,0.7626380579
clean,none,0.0,topology_pair,remesh__to__down8k,nicp_p2p,45,0.02263297606,0.001988790042,0.08787134472,0.01958129095,0.01982019949,0.02096827118,0.0224298572,0.02398998026,0.02608877512,0.02766293959,0.003021709075,0.008081648644,0.3060918332,0.4016211931,0.2668299512,0.6019587248
clean,none,0.0,topology_pair,remesh__to__down8k,nicp_p2tri,45,0.02055157619,0.002147543286,0.1044953081,0.01712273511,0.01753632967,0.01894504495,0.02035099928,0.02198383694,0.02428131329,0.02582997088,0.003038791989,0.008707235763,0.3305253181,0.4038917162,0.2874848185,0.5461676133
clean,none,0.0,topology_pair,remesh__to__noisy,latent_distance,45,0.4395789607,0.111347673,0.253305283,0.1962187737,0.2592204988,0.365737617,0.4382775724,0.5075858831,0.6267953038,0.6760640144,0.1418482661,0.4798452407,18.0418398,14.78456162,18.2395283,12.68089316
clean,none,0.0,topology_pair,remesh__to__noisy,raw_chamfer,45,0.0364718582,0.006171636276,0.1692163926,0.02748645369,0.02907811055,0.03173474846,0.03456204283,0.04132909895,0.04661440648,0.0537944389,0.009594350498,0.02630798521,1,1,1,1
clean,none,0.0,topology_pair,remesh__to__noisy,rigid_p2p,45,0.02838805463,0.005302080481,0.1867715329,0.02230506816,0.02321899118,0.0248948679,0.02682948475,0.03007265788,0.03913354057,0.04883419052,0.005177789976,0.02652912236,0.8591044974,0.5396707133,1.008405705,0.7762702245
clean,none,0.0,topology_pair,remesh__to__noisy,nicp_p2p,45,0.02316837369,0.001488505431,0.06424729894,0.02025408354,0.02082555781,0.02214334797,0.02303661186,0.02416720794,0.02573471299,0.02657837228,0.002023859961,0.006324288738,0.2411848923,0.2109428837,0.2403942639,0.6665292319
clean,none,0.0,topology_pair,remesh__to__noisy,nicp_p2tri,45,0.02089993121,0.001621465612,0.07758234207,0.01754676279,0.01832554748,0.01980724597,0.0208234983,0.02196216209,0.02356958429,0.02483056029,0.002154916118,0.007283797498,0.2627286411,0.2246026053,0.276866413,0.6024961662
clean,none,0.0,topology_pair,remesh__to__original,latent_distance,45,0.4479575035,0.1146506848,0.2559409852,0.1939938217,0.2616616488,0.3724515736,0.4586018622,0.5207545757,0.6396722674,0.681373477,0.1483030021,0.4873796552,15.93577627,11.88398755,17.57487849,12.44451104
clean,none,0.0,topology_pair,remesh__to__original,raw_chamfer,45,0.03826646181,0.007194546585,0.1880118057,0.0268534098,0.02950264597,0.03200067659,0.03685173816,0.0444799056,0.05147024165,0.0545850186,0.012479229,0.02773160881,1,1,1,1
clean,none,0.0,topology_pair,remesh__to__original,rigid_p2p,45,0.02953413112,0.005940144016,0.2011281115,0.02201871849,0.02367833332,0.02563262272,0.028432731,0.03089499843,0.0419093015,0.05083055944,0.005262375709,0.02881184095,0.8256453615,0.4216907717,1.0389531,0.7715438246
clean,none,0.0,topology_pair,remesh__to__original,nicp_p2p,45,0.02326033791,0.001972002021,0.08477959472,0.01944389257,0.02038484063,0.02216494483,0.02299919622,0.02409690238,0.02729546638,0.02929156134,0.001931957553,0.009847668779,0.2740967756,0.1548138552,0.3551062921,0.6241007172
clean,none,0.0,topology_pair,remesh__to__original,nicp_p2tri,45,0.02120977704,0.002097256173,0.09888157566,0.01704025943,0.01818132748,0.02012778042,0.02094550064,0.02218934397,0.02556895804,0.0274690289,0.002061563544,0.01042876947,0.291506372,0.1651995923,0.3760607451,0.5683721225
clean,none,0.0,topology_pair,remesh__to__up60k,latent_distance,45,0.418645373,0.1090943477,0.2605889249,0.1999173015,0.2684466839,0.3378180265,0.4208971262,0.4757180214,0.6031569362,0.6502632499,0.1378999949,0.4503459483,17.58807048,13.97747302,15.95529602,12.54816309
clean,none,0.0,topology_pair,remesh__to__up60k,raw_chamfer,45,0.0346198878,0.006202746787,0.1791671545,0.02535550553,0.02684235855,0.0296188554,0.03354252914,0.03948472991,0.04520626571,0.05358098927,0.009865874513,0.02822548374,1,1,1,1
clean,none,0.0,topology_pair,remesh__to__up60k,rigid_p2p,45,0.02969464467,0.005994001755,0.2018546382,0.02197653333,0.02333152617,0.02561180126,0.02795138175,0.03346383723,0.04246972823,0.04888613311,0.007852035967,0.02690959978,0.966346356,0.7958783539,0.953379578,0.8333116931
clean,none,0.0,topology_pair,remesh__to__up60k,nicp_p2p,45,0.0232531022,0.00195039374,0.0838767113,0.01980465601,0.02035462926,0.0220451975,0.02309360308,0.02390629403,0.0270917167,0.02907070099,0.001861096531,0.009266044977,0.3144403289,0.1886397935,0.3282864897,0.688487233
clean,none,0.0,topology_pair,remesh__to__up60k,nicp_p2tri,45,0.02118242381,0.002061552698,0.09732373955,0.01738025595,0.01808682695,0.01991735774,0.02107671005,0.02180323764,0.02544648353,0.02710936599,0.001885879901,0.00972911004,0.3323612536,0.1911518233,0.3446924109,0.6283578068
clean,none,0.0,topology_pair,up60k__to__crop,latent_distance,45,0.4799375657,0.1027423449,0.2140743968,0.2070592195,0.322868824,0.419570744,0.4864472151,0.5475685596,0.6439330101,0.6653476357,0.1279978156,0.4582884163,5.652211486,4.106585619,6.337306295,7.265635156
clean,none,0.0,topology_pair,up60k__to__crop,raw_chamfer,45,0.06705524817,0.01817737095,0.2710805111,0.03176669406,0.04494906115,0.04992827397,0.06695178118,0.08109718837,0.09369773903,0.1040826584,0.0311689144,0.07231596437,1,1,1,1
clean,none,0.0,topology_pair,up60k__to__crop,rigid_p2p,45,0.03564216738,0.006693107106,0.1877861982,0.02384641893,0.0274645166,0.03023034896,0.03484417822,0.03922757337,0.04788279265,0.05442360874,0.008997224407,0.03057718982,0.3682109544,0.288660179,0.4228276575,0.5204369116
clean,none,0.0,topology_pair,up60k__to__crop,nicp_p2p,45,0.02802025863,0.002688455461,0.09594684677,0.02249388403,0.02414559877,0.02614746054,0.02788120473,0.02953660684,0.03211124919,0.0342359568,0.003389146298,0.01174207277,0.1479012267,0.1087348201,0.1623717926,0.4164370872
clean,none,0.0,topology_pair,up60k__to__crop,nicp_p2tri,45,0.02634047569,0.002839316071,0.1077928927,0.02056212139,0.02213862072,0.02420345397,0.0263435415,0.02787963137,0.03067543149,0.03285747409,0.003676177398,0.0122953527,0.1562005902,0.1179437099,0.1700226611,0.3934703609
clean,none,0.0,topology_pair,up60k__to__down8k,latent_distance,45,0.4023409473,0.1022895335,0.2542359515,0.2066000104,0.2487307787,0.3259185553,0.4003736079,0.4789490998,0.5379794717,0.6216287017,0.1530305445,0.4150286913,17.01704488,18.82733146,14.29299282,12.6443171
clean,none,0.0,topology_pair,up60k__to__down8k,raw_chamfer,45,0.03241479265,0.006011004513,0.1854401655,0.02265197961,0.02462655379,0.027617313,0.0316643125,0.03574541893,0.04271532537,0.05168919362,0.00812810593,0.02903721401,1,1,1,1
clean,none,0.0,topology_pair,up60k__to__down8k,rigid_p2p,45,0.02711691361,0.005810081777,0.2142604377,0.02030239233,0.02080934898,0.02366221909,0.02577684501,0.02915478294,0.03798838367,0.04856000957,0.005492563849,0.02825761724,0.9665741831,0.6757495407,0.9731518054,0.8140661514
clean,none,0.0,topology_pair,up60k__to__down8k,nicp_p2p,45,0.02169340507,0.001815292346,0.08367945651,0.01862433265,0.0192094501,0.02007019279,0.02159668242,0.022797913,0.02543053454,0.02615011482,0.002727720217,0.007525782172,0.30199484,0.3355911254,0.2591771431,0.6820512026
clean,none,0.0,topology_pair,up60k__to__down8k,nicp_p2tri,45,0.01962815646,0.001938466397,0.09875947346,0.01639748571,0.01708855632,0.01812103473,0.01951638083,0.02076201552,0.02357348553,0.02447576868,0.002640980788,0.008078282968,0.3224862655,0.3249195828,0.278204478,0.6163525841
clean,none,0.0,topology_pair,up60k__to__noisy,latent_distance,45,0.431947673,0.1070642909,0.2478640299,0.212215364,0.2477451563,0.3437902927,0.4368842542,0.5148531795,0.5885145068,0.6542868018,0.1710628867,0.4420714378,16.13590882,15.71902027,16.45023963,12.77948423
clean,none,0.0,topology_pair,up60k__to__noisy,raw_chamfer,45,0.03521061115,0.006635157159,0.1884419765,0.02262852146,0.02557449445,0.02961974866,0.03418637611,0.04050228992,0.04668537407,0.04950177364,0.01088254126,0.02687325218,1,1,1,1
clean,none,0.0,topology_pair,up60k__to__noisy,rigid_p2p,45,0.0259134212,0.004614948296,0.1780910463,0.0199193809,0.02078609612,0.02286474699,0.02488514559,0.02752436549,0.03504267421,0.04256958287,0.0046596185,0.02265020197,0.6955296138,0.4281737498,0.8428530281,0.7279258119
clean,none,0.0,topology_pair,up60k__to__noisy,nicp_p2p,45,0.02256598099,0.001745153742,0.07733560279,0.01934279896,0.01975452191,0.02145743576,0.02264559304,0.02344683233,0.02568080227,0.02663370946,0.001989396565,0.007290910494,0.2630161879,0.1828062506,0.2713073374,0.6624157226
clean,none,0.0,topology_pair,up60k__to__noisy,nicp_p2tri,45,0.02037908549,0.001910122619,0.09372955524,0.01675806014,0.01719647255,0.01918449221,0.02041820097,0.02136941782,0.02387564194,0.02487364831,0.002184925612,0.008115588165,0.2878790318,0.2007734737,0.3019950139,0.5972613448
clean,none,0.0,topology_pair,up60k__to__original,latent_distance,45,0.4392353849,0.1104910378,0.2515531344,0.2088828832,0.2435036182,0.3568646908,0.4451354444,0.5272589922,0.5985417485,0.6807630658,0.1703943014,0.4718801826,13.887322,13.87056551,14.09230643,11.90697914
clean,none,0.0,topology_pair,up60k__to__original,raw_chamfer,45,0.03818057091,0.007956252317,0.2083848441,0.02289025259,0.02599551397,0.03225754927,0.03738441458,0.04454214584,0.04932826529,0.05637520304,0.01228459657,0.03348495045,1,1,1,1
clean,none,0.0,topology_pair,up60k__to__original,rigid_p2p,45,0.02717064351,0.005238960207,0.1928169351,0.01995257228,0.02114420548,0.02355889293,0.02600261207,0.02914501515,0.03747740041,0.04451939911,0.005586122217,0.02456682683,0.6584708476,0.4547257361,0.7336677075,0.6955468573
clean,none,0.0,topology_pair,up60k__to__original,nicp_p2p,45,0.02280063816,0.002017534472,0.08848587736,0.01932158158,0.01941056747,0.02173053079,0.02280713773,0.02353986679,0.02615562697,0.02824562415,0.001809335991,0.008924042565,0.2535784929,0.1472849337,0.2665090569,0.610070747
clean,none,0.0,topology_pair,up60k__to__original,nicp_p2tri,45,0.02083457102,0.002137739617,0.102605406,0.01704460001,0.01718349125,0.01977129006,0.0208622478,0.02161820992,0.02435912107,0.02666202671,0.001846919854,0.009617426702,0.268686755,0.1503443637,0.2872163934,0.5580466628
clean,none,0.0,topology_pair,up60k__to__remesh,latent_distance,45,0.414991047,0.09211860938,0.2219773416,0.256185919,0.2700259864,0.3517129421,0.4353925288,0.4838989675,0.5434621453,0.6070728302,0.1321860254,0.3508869112,14.48079025,13.92049676,12.46069039,12.94995481
clean,none,0.0,topology_pair,up60k__to__remesh,raw_chamfer,45,0.03504725303,0.006361435239,0.181510238,0.02401759394,0.02672842566,0.03027179212,0.033621162,0.03976757576,0.04484665706,0.05217710198,0.009495783638,0.02815950804,1,1,1,1
clean,none,0.0,topology_pair,up60k__to__remesh,rigid_p2p,45,0.02793442229,0.005791183771,0.2073135328,0.01988185772,0.02149154687,0.02396936931,0.02621819797,0.03047667036,0.03794374003,0.04651036327,0.006507301048,0.02662850555,0.9103580488,0.6852832052,0.9456310643,0.7798123684
clean,none,0.0,topology_pair,up60k__to__remesh,nicp_p2p,45,0.02261406034,0.001789588675,0.07913610595,0.01954713873,0.01973527768,0.02167191501,0.02258141468,0.02367635551,0.02578697303,0.02713371386,0.0020044405,0.007586575125,0.281318383,0.2110874233,0.2694143348,0.671642898
clean,none,0.0,topology_pair,up60k__to__remesh,nicp_p2tri,45,0.02063447955,0.00193113199,0.0935876277,0.01732128598,0.01750190828,0.01953008644,0.02075706058,0.02176451118,0.02413265022,0.02529040689,0.00223442474,0.007969120908,0.3035686,0.23530704,0.2829992945,0.6173808202
jitter_sigma0.0010,jitter,0.0010,overall,all,latent_distance,1350,0.4437052501,0.1039114661,0.234190301,0.192343697,0.2741619483,0.3683297783,0.4417089969,0.515262574,0.6187283516,0.7091324329,0.1469327956,0.516788736,6.311157838,7.931114214,5.735267483,11.44046657
jitter_sigma0.0010,jitter,0.0010,overall,all,raw_chamfer,1350,0.04359722563,0.01646472307,0.3776552942,0.02143112524,0.02611411357,0.03169089177,0.03860935165,0.05021701454,0.07974565572,0.1115382977,0.01852612277,0.09010717242,1,1,1,1
jitter_sigma0.0010,jitter,0.0010,overall,all,rigid_p2p,1350,0.03144483864,0.009234679654,0.2936787102,0.01932441101,0.02170625733,0.02477844024,0.02856310087,0.03591609686,0.04936469502,0.08440551964,0.01113765662,0.06508110863,0.5608767066,0.6011865922,0.7222633546,0.739797475
jitter_sigma0.0010,jitter,0.0010,overall,all,nicp_p2p,1350,0.02378411829,0.002888917611,0.1214641458,0.01834299012,0.01976347564,0.02182798262,0.02316552647,0.02533467915,0.0294824908,0.03553525446,0.00350669653,0.01719226434,0.1754610508,0.1892838871,0.1907979563,0.599997811
jitter_sigma0.0010,jitter,0.0010,overall,all,nicp_p2tri,1350,0.02178554959,0.003067877997,0.1408216939,0.01593719663,0.01749543815,0.01969569654,0.02119130427,0.02349676431,0.02786137937,0.0340022558,0.003801067772,0.01806505918,0.1863303733,0.2051734094,0.2004841423,0.548864546
jitter_sigma0.0010,jitter,0.0010,topology_pair,crop__to__down8k,latent_distance,45,0.4602432364,0.08985643155,0.1952368323,0.2791517079,0.3504886627,0.388988167,0.4399086237,0.5398615003,0.5918195724,0.6821296215,0.1508733332,0.4029779136,5.758617216,6.111280225,6.855873382,6.531521146
jitter_sigma0.0010,jitter,0.0010,topology_pair,crop__to__down8k,raw_chamfer,45,0.06526151771,0.01560382088,0.2390968128,0.03520985715,0.03981100261,0.05200247616,0.06735163431,0.07669015659,0.08543548654,0.09398835131,0.02468768043,0.05877849417,1,1,1,1
jitter_sigma0.0010,jitter,0.0010,topology_pair,crop__to__down8k,rigid_p2p,45,0.04706224221,0.01269833859,0.2698200935,0.02698688384,0.02791287882,0.03908421965,0.04589662402,0.05647430653,0.0662223727,0.08440551964,0.01739008688,0.0574186358,0.8137967419,0.7044034342,0.9768646955,0.6814478148
jitter_sigma0.0010,jitter,0.0010,topology_pair,crop__to__down8k,nicp_p2p,45,0.02508578451,0.002346794614,0.09355077627,0.01954830867,0.0220040979,0.023517454,0.02472171613,0.02648663596,0.0290544702,0.03086545222,0.002969181964,0.01131714355,0.1503987153,0.1202697828,0.1925388479,0.3670544357
jitter_sigma0.0010,jitter,0.0010,topology_pair,crop__to__down8k,nicp_p2tri,45,0.02324009453,0.00244629635,0.1052618933,0.01761304758,0.01992289047,0.02163827391,0.02281586102,0.02470396235,0.02728071141,0.02924565512,0.003065688439,0.01163260754,0.1567754698,0.1241788773,0.1979058447,0.3387573479
jitter_sigma0.0010,jitter,0.0010,topology_pair,crop__to__noisy,latent_distance,45,0.4607237074,0.09360492657,0.2031693292,0.272852242,0.3297922134,0.3835774064,0.4529051781,0.5252645016,0.6180352807,0.6603664756,0.1416870952,0.3875142336,7.464864709,6.981961198,8.165218069,8.632247633
jitter_sigma0.0010,jitter,0.0010,topology_pair,crop__to__noisy,raw_chamfer,45,0.05206745084,0.01253940027,0.2408299249,0.03127686699,0.03239070642,0.04144024444,0.05246665727,0.06173355332,0.07072625462,0.07873600774,0.02029330888,0.04745914075,1,1,1,1
jitter_sigma0.0010,jitter,0.0010,topology_pair,crop__to__noisy,rigid_p2p,45,0.03986846739,0.01098465873,0.2755224731,0.02475516314,0.02623897295,0.0323263198,0.03856031108,0.04781499841,0.05720960492,0.07645350455,0.01548867861,0.0516983414,0.8760114914,0.7632406673,1.089323165,0.7349488815
jitter_sigma0.0010,jitter,0.0010,topology_pair,crop__to__noisy,nicp_p2p,45,0.02469331242,0.002087632306,0.08454241659,0.01963853669,0.02178023684,0.02355063057,0.02456470155,0.02584248484,0.02811492897,0.03094877802,0.002291854267,0.01131024132,0.1664858175,0.1129364502,0.2383153412,0.4681964285
jitter_sigma0.0010,jitter,0.0010,topology_pair,crop__to__noisy,nicp_p2tri,45,0.02257455454,0.002181537055,0.09663699238,0.01742833108,0.01940529193,0.0214716567,0.02236843235,0.02383384474,0.02610662934,0.02910427238,0.002362188035,0.01167594131,0.1739745927,0.1164023102,0.2460209166,0.4263361439
jitter_sigma0.0010,jitter,0.0010,topology_pair,crop__to__original,latent_distance,45,0.4612867594,0.09469743836,0.2052897388,0.2844190001,0.3235295177,0.3980175257,0.4453163445,0.5162075162,0.6088419557,0.6595585346,0.1181899905,0.3751395345,7.838793543,5.852023011,8.079640567,8.730333182
jitter_sigma0.0010,jitter,0.0010,topology_pair,crop__to__original,raw_chamfer,45,0.05126458869,0.01208061392,0.2356522158,0.03108533192,0.03256553664,0.0407746641,0.05100794382,0.06097109708,0.07086378497,0.07751555754,0.02019643298,0.04643022562,1,1,1,1
jitter_sigma0.0010,jitter,0.0010,topology_pair,crop__to__original,rigid_p2p,45,0.04154366216,0.0115366746,0.2776999909,0.02573324548,0.02655251132,0.03315574227,0.03930916843,0.04959892051,0.06095692131,0.07954888255,0.01644317824,0.05381563707,0.9549741995,0.8141624939,1.159064733,0.7706479713
jitter_sigma0.0010,jitter,0.0010,topology_pair,crop__to__original,nicp_p2p,45,0.02477397854,0.002269735009,0.09161770305,0.01967328724,0.02206226441,0.0231806086,0.02469824348,0.02604687215,0.02856328174,0.03141417192,0.002866263559,0.01174088469,0.1878824226,0.1419192965,0.2528715838,0.4842038637
jitter_sigma0.0010,jitter,0.0010,topology_pair,crop__to__original,nicp_p2tri,45,0.02286132505,0.002355748462,0.103045141,0.01772172748,0.020017304,0.02112023957,0.02269621092,0.02426771491,0.02663704248,0.02961943341,0.003147475331,0.01189770593,0.1950023797,0.1558431301,0.2562491517,0.4449544368
jitter_sigma0.0010,jitter,0.0010,topology_pair,crop__to__remesh,latent_distance,45,0.4840813478,0.08574439256,0.1771280653,0.312384814,0.362084192,0.4187281132,0.4856502116,0.5432156324,0.6065542817,0.7091324329,0.1244875193,0.3967476189,5.396896692,5.174990748,6.321824206,8.614526893
jitter_sigma0.0010,jitter,0.0010,topology_pair,crop__to__remesh,raw_chamfer,45,0.05784416582,0.01588772168,0.2746642025,0.02877238399,0.03306959356,0.04675464098,0.05637572644,0.07081024326,0.08241040467,0.09153079138,0.02405560228,0.06275840738,1,1,1,1
jitter_sigma0.0010,jitter,0.0010,topology_pair,crop__to__remesh,rigid_p2p,45,0.03877551442,0.01287810335,0.3321194714,0.02260605248,0.02562146477,0.02849428644,0.03531821588,0.04486849845,0.06296725611,0.08320109785,0.016374212,0.06059504537,0.8105695463,0.6806818558,0.9655287299,0.6264791268
jitter_sigma0.0010,jitter,0.0010,topology_pair,crop__to__remesh,nicp_p2p,45,0.02425033457,0.002615845506,0.1078684295,0.01886150505,0.02035883949,0.02242165387,0.02443706475,0.02621712558,0.02853333919,0.03150135381,0.003795471709,0.01263984877,0.1646457283,0.1577791179,0.2014048682,0.4334678468
jitter_sigma0.0010,jitter,0.0010,topology_pair,crop__to__remesh,nicp_p2tri,45,0.02234451435,0.002728500267,0.12211052,0.0169400919,0.0180732602,0.02034019841,0.02251084868,0.02449944107,0.0266878658,0.02980923622,0.004159242659,0.01286914431,0.171736409,0.1729012066,0.2050584909,0.3993003744
jitter_sigma0.0010,jitter,0.0010,topology_pair,crop__to__up60k,latent_distance,45,0.4733768748,0.08943923763,0.1889387556,0.3016932905,0.361447823,0.4000702798,0.4578397572,0.5497145057,0.6133742332,0.7025891542,0.1496442258,0.4008958638,5.939825365,6.612967569,7.026958729,7.460933638
jitter_sigma0.0010,jitter,0.0010,topology_pair,crop__to__up60k,raw_chamfer,45,0.06026076197,0.0150575534,0.249873266,0.03017408528,0.03633558826,0.04817642636,0.06136494163,0.07080533301,0.08194812914,0.08722520501,0.02262890666,0.05705111973,1,1,1,1
jitter_sigma0.0010,jitter,0.0010,topology_pair,crop__to__up60k,rigid_p2p,45,0.04177959089,0.01099485072,0.2631631972,0.02616788999,0.0276162789,0.03490842592,0.03984437329,0.04907841941,0.06121575407,0.07570022324,0.01416999349,0.04953233326,0.7301883927,0.6261899307,0.8682096599,0.6493019015
jitter_sigma0.0010,jitter,0.0010,topology_pair,crop__to__up60k,nicp_p2p,45,0.02475401512,0.002047286345,0.08270522318,0.01971118165,0.02230209838,0.02328142125,0.02457035078,0.02602952982,0.02767897113,0.0298496165,0.002748108569,0.01013843484,0.1359640767,0.1214423927,0.1777079028,0.4003971997
jitter_sigma0.0010,jitter,0.0010,topology_pair,crop__to__up60k,nicp_p2tri,45,0.02287675076,0.002140867988,0.09358269495,0.01774697788,0.02018633873,0.02124062284,0.0227608993,0.0242979369,0.02592604804,0.0280618413,0.003057314059,0.01031486343,0.1421790068,0.1351065743,0.1808003677,0.3709104693
jitter_sigma0.0010,jitter,0.0010,topology_pair,down8k__to__crop,latent_distance,45,0.4776758313,0.105280399,0.2204013519,0.2078615427,0.3323375583,0.4188592136,0.4692773223,0.53974998,0.6422963023,0.6849362254,0.1208907664,0.4770746827,5.608598188,3.819115503,6.398477187,6.457547167
jitter_sigma0.0010,jitter,0.0010,topology_pair,down8k__to__crop,raw_chamfer,45,0.07238955691,0.01877125005,0.2593088126,0.03697763755,0.04774613703,0.05590324903,0.07267114125,0.08755737583,0.1003022959,0.1115382977,0.0316541268,0.07456066011,1,1,1,1
jitter_sigma0.0010,jitter,0.0010,topology_pair,down8k__to__crop,rigid_p2p,45,0.03761761662,0.007426620049,0.1974239922,0.02462200148,0.02820905278,0.03125586314,0.03805758244,0.04121768911,0.05176946917,0.05905872504,0.009961825971,0.03443672356,0.3956380119,0.3147086014,0.4618618385,0.5236959513
jitter_sigma0.0010,jitter,0.0010,topology_pair,down8k__to__crop,nicp_p2p,45,0.02857562553,0.002549703732,0.08922652384,0.02298317236,0.02490967968,0.02694638454,0.0286320825,0.03049084418,0.0325228313,0.03483513803,0.003544459636,0.01185196567,0.1358302577,0.1119746458,0.1589573598,0.393995223
jitter_sigma0.0010,jitter,0.0010,topology_pair,down8k__to__crop,nicp_p2tri,45,0.02686406246,0.002716546193,0.101121943,0.02089195067,0.02297800443,0.02491544698,0.02691632419,0.02871042337,0.03107460236,0.03348897987,0.003794976393,0.0125970292,0.144718449,0.1198888353,0.1689500761,0.3703853239
jitter_sigma0.0010,jitter,0.0010,topology_pair,down8k__to__noisy,latent_distance,45,0.4337501261,0.10559272,0.2434413586,0.2295256555,0.2554682136,0.3467240334,0.4403939545,0.5050730109,0.5960826159,0.6720224023,0.1583489776,0.4424967468,14.14759639,14.96972157,14.56007753,11.39493312
jitter_sigma0.0010,jitter,0.0010,topology_pair,down8k__to__noisy,raw_chamfer,45,0.03786389493,0.007463650862,0.1971178844,0.02522040902,0.02662530893,0.03210812183,0.03864822635,0.04268607259,0.04913260971,0.05561150728,0.01057795075,0.03039109826,1,1,1,1
jitter_sigma0.0010,jitter,0.0010,topology_pair,down8k__to__noisy,rigid_p2p,45,0.02630553462,0.004454938022,0.1693536393,0.01984726891,0.02045070559,0.02299824659,0.02529316625,0.02770575132,0.03468626944,0.03727684069,0.00470750473,0.01742957178,0.5968845682,0.4450299344,0.5735091122,0.6544457182
jitter_sigma0.0010,jitter,0.0010,topology_pair,down8k__to__noisy,nicp_p2p,45,0.0227847556,0.001903828772,0.08355712941,0.01943748679,0.01988744239,0.0215894685,0.02248751159,0.02415101685,0.02639454251,0.02779347761,0.002561548344,0.00835599082,0.2550800952,0.2421592238,0.2749486296,0.5818510633
jitter_sigma0.0010,jitter,0.0010,topology_pair,down8k__to__noisy,nicp_p2tri,45,0.02052377451,0.002096289837,0.1021395863,0.01677093535,0.01729169008,0.01931665986,0.02011615979,0.02200013108,0.02452746267,0.02612674396,0.00268347122,0.009355808612,0.2808665459,0.2536853577,0.3078470061,0.5204937378
jitter_sigma0.0010,jitter,0.0010,topology_pair,down8k__to__original,latent_distance,45,0.43985446,0.1089683047,0.2477371827,0.2298381925,0.2505299687,0.3597158194,0.440515846,0.5123809576,0.6050887108,0.6968565583,0.1526651382,0.4670183659,12.42707042,13.43829922,12.96403841,10.55676504
jitter_sigma0.0010,jitter,0.0010,topology_pair,down8k__to__original,raw_chamfer,45,0.04160539453,0.008768623738,0.2107568943,0.02675359686,0.02727059846,0.036557596,0.0417282988,0.04791804688,0.05510583869,0.06277773925,0.01136045088,0.03602414239,1,1,1,1
jitter_sigma0.0010,jitter,0.0010,topology_pair,down8k__to__original,rigid_p2p,45,0.02778360017,0.005353266288,0.1926772001,0.01977883922,0.02057710358,0.02392466943,0.02676687104,0.03008329898,0.03682797144,0.04117288915,0.006158629549,0.02139404993,0.6105024515,0.5421113663,0.5938808951,0.6414560817
jitter_sigma0.0010,jitter,0.0010,topology_pair,down8k__to__original,nicp_p2p,45,0.02316448886,0.002320874571,0.1001910547,0.01920856308,0.01947930047,0.02194229899,0.02274742678,0.02472871994,0.02749232888,0.02980283957,0.002786420949,0.01059427649,0.2646794572,0.2452737993,0.2940882359,0.5451318993
jitter_sigma0.0010,jitter,0.0010,topology_pair,down8k__to__original,nicp_p2tri,45,0.02112466931,0.002483648442,0.1175709974,0.01675948364,0.01714797103,0.01984656149,0.02081022809,0.02280649347,0.02575466602,0.02827419893,0.002959931977,0.01151471529,0.2832426748,0.2605470512,0.3196388456,0.4987077999
jitter_sigma0.0010,jitter,0.0010,topology_pair,down8k__to__remesh,latent_distance,45,0.4253715356,0.08903466031,0.209310339,0.2707477808,0.280135262,0.3677939475,0.4366832674,0.4925261736,0.5407153726,0.6164644361,0.1247322261,0.3457166553,14.10942278,12.91725618,14.21465293,11.11082858
jitter_sigma0.0010,jitter,0.0010,topology_pair,down8k__to__remesh,raw_chamfer,45,0.03904788251,0.006310297856,0.1616040986,0.02792465801,0.02916134792,0.03365894754,0.03930249343,0.04331519531,0.05118319258,0.05224580443,0.009656247767,0.02432114642,1,1,1,1
jitter_sigma0.0010,jitter,0.0010,topology_pair,down8k__to__remesh,rigid_p2p,45,0.02930964177,0.006058323403,0.2067006977,0.02055947837,0.02271223172,0.02458234487,0.02749778958,0.03199176836,0.04066948152,0.04578587347,0.007409423485,0.0252263951,0.9600693251,0.7673191144,1.037220642,0.6996449125
jitter_sigma0.0010,jitter,0.0010,topology_pair,down8k__to__remesh,nicp_p2p,45,0.02336446477,0.001959771772,0.083878308,0.02012230157,0.02038194092,0.02216588644,0.02334472611,0.02436524738,0.02676875732,0.02797150142,0.002199360933,0.007849199846,0.3105672373,0.2277655861,0.322731491,0.5939757016
jitter_sigma0.0010,jitter,0.0010,topology_pair,down8k__to__remesh,nicp_p2tri,45,0.02130915683,0.002140438661,0.100446896,0.01753971881,0.01800163059,0.01999593885,0.02133841256,0.02238257149,0.02503703358,0.02614700534,0.002386632633,0.00860728653,0.3391977226,0.2471594237,0.3539013492,0.5429277051
jitter_sigma0.0010,jitter,0.0010,topology_pair,down8k__to__up60k,latent_distance,45,0.416925023,0.1047746524,0.2513033438,0.2293319255,0.2504781902,0.34084782,0.4086034596,0.4906322956,0.5637905836,0.6727176309,0.1497844756,0.4433857054,15.47250886,13.69378744,15.36756086,12.18137919
jitter_sigma0.0010,jitter,0.0010,topology_pair,down8k__to__up60k,raw_chamfer,45,0.03445490103,0.006771665366,0.1965370721,0.02204934579,0.02452109676,0.02891156955,0.03354328384,0.03984970308,0.04613355897,0.05090140041,0.01093813353,0.02885205462,1,1,1,1
jitter_sigma0.0010,jitter,0.0010,topology_pair,down8k__to__up60k,rigid_p2p,45,0.02740778156,0.005276643676,0.19252356,0.01932441101,0.02018427552,0.02375251809,0.02603378732,0.02972508335,0.0364536766,0.0409865949,0.005972565261,0.02166218389,0.7792239266,0.5460314817,0.7508021242,0.7761251834
jitter_sigma0.0010,jitter,0.0010,topology_pair,down8k__to__up60k,nicp_p2p,45,0.02286861998,0.002366490394,0.1034819939,0.0188504277,0.0190058743,0.02170709002,0.02268550313,0.02439092323,0.02733862044,0.02975594069,0.002683833212,0.01090551299,0.349469483,0.2453648242,0.3779804639,0.6763053742
jitter_sigma0.0010,jitter,0.0010,topology_pair,down8k__to__up60k,nicp_p2tri,45,0.02077049488,0.002530441636,0.1218286637,0.01624818351,0.01662394023,0.01950126773,0.02052469486,0.02234416383,0.02536194911,0.02807224324,0.002842896095,0.01182405973,0.3736808449,0.2599068741,0.409816905,0.6118868669
jitter_sigma0.0010,jitter,0.0010,topology_pair,noisy__to__crop,latent_distance,45,0.4707103127,0.1003903486,0.2132741644,0.214087218,0.3293298662,0.404602021,0.4668909609,0.5397233963,0.6329905272,0.6495973468,0.1351213753,0.4355101287,6.052409277,4.68123639,7.049335487,8.715617274
jitter_sigma0.0010,jitter,0.0010,topology_pair,noisy__to__crop,raw_chamfer,45,0.05688564181,0.01658684071,0.2915822022,0.02767398246,0.03530981225,0.04286897193,0.05356946574,0.07173343509,0.0820709271,0.08945429204,0.02886446316,0.06178030958,1,1,1,1
jitter_sigma0.0010,jitter,0.0010,topology_pair,noisy__to__crop,rigid_p2p,45,0.03560965699,0.007050780146,0.1980019113,0.02410461609,0.02742687899,0.03017887845,0.03409493016,0.03932378322,0.04787053718,0.05356009368,0.009144904771,0.02945547759,0.425082767,0.316822271,0.4767777596,0.636462016
jitter_sigma0.0010,jitter,0.0010,topology_pair,noisy__to__crop,nicp_p2p,45,0.02767672293,0.002543211205,0.09188989648,0.02201254903,0.02418590304,0.02584094016,0.02743727041,0.02951698291,0.03156720941,0.03272636992,0.003676042756,0.01071382088,0.1533270409,0.1273553135,0.1734180511,0.512181147
jitter_sigma0.0010,jitter,0.0010,topology_pair,noisy__to__crop,nicp_p2tri,45,0.02598588216,0.002667910765,0.1026677004,0.02009533831,0.02243034396,0.0242279971,0.02563362363,0.02791069764,0.02996108634,0.03117200069,0.003682700542,0.01107666239,0.1608450223,0.1275859704,0.1792911441,0.4785118402
jitter_sigma0.0010,jitter,0.0010,topology_pair,noisy__to__down8k,latent_distance,45,0.4215820657,0.09831828033,0.2332126728,0.2441293299,0.2761786938,0.3384065926,0.4266535342,0.4939802587,0.5720548272,0.6527150869,0.1555736661,0.408585757,13.46542127,20.00839109,12.88270396,13.61184682
jitter_sigma0.0010,jitter,0.0010,topology_pair,noisy__to__down8k,raw_chamfer,45,0.0332562755,0.007301537649,0.2195536794,0.02291251099,0.02460720034,0.02810050398,0.03134427971,0.03587592507,0.04920876527,0.0546283494,0.007775421093,0.03171583841,1,1,1,1
jitter_sigma0.0010,jitter,0.0010,topology_pair,noisy__to__down8k,rigid_p2p,45,0.02781951016,0.005798232436,0.2084232398,0.02069062384,0.02191469321,0.02376095899,0.02642438921,0.02929161161,0.04050585279,0.04708628271,0.005530652617,0.02639565887,0.7941111469,0.7112994334,0.8322548038,0.8430370533
jitter_sigma0.0010,jitter,0.0010,topology_pair,noisy__to__down8k,nicp_p2p,45,0.02203354952,0.001578246752,0.07162925569,0.01938712507,0.02014376242,0.02099439087,0.02168914925,0.02283109445,0.02526560065,0.02697308133,0.001836703581,0.00758595626,0.2161526555,0.2362191783,0.2391851088,0.6919651513
jitter_sigma0.0010,jitter,0.0010,topology_pair,noisy__to__down8k,nicp_p2tri,45,0.02007037928,0.001688601513,0.08413401109,0.01736952294,0.01802562591,0.01890885552,0.01983341967,0.02080964557,0.02362167999,0.02543731708,0.001900790045,0.008067794143,0.2312665625,0.2444613639,0.2543774514,0.6327604223
jitter_sigma0.0010,jitter,0.0010,topology_pair,noisy__to__original,latent_distance,45,0.4244535406,0.1107831116,0.2610017376,0.2251397222,0.2440902233,0.3496266603,0.429681778,0.4964422286,0.596216166,0.6737062335,0.1468155682,0.4485665113,18.9314842,14.97650103,19.22305698,13.55484197
jitter_sigma0.0010,jitter,0.0010,topology_pair,noisy__to__original,raw_chamfer,45,0.03171456847,0.005851792203,0.1845143253,0.02143112524,0.02426988305,0.0263359248,0.03169950478,0.03613898681,0.0401313689,0.04476594195,0.009803062006,0.02333481671,1,1,1,1
jitter_sigma0.0010,jitter,0.0010,topology_pair,noisy__to__original,rigid_p2p,45,0.02734065463,0.005295900273,0.1937005659,0.02085570904,0.02165820384,0.02354585276,0.02607496078,0.02887198636,0.03808924072,0.04437213167,0.005326133601,0.02351642263,0.9050048411,0.5433132625,1.007782616,0.822566818
jitter_sigma0.0010,jitter,0.0010,topology_pair,noisy__to__original,nicp_p2p,45,0.02280407262,0.001921610036,0.08426609002,0.01968926346,0.0199394172,0.0216729265,0.02271700286,0.02351784734,0.02557989944,0.02883225434,0.001844920839,0.009142990877,0.3283797458,0.1881984259,0.391817557,0.7166358911
jitter_sigma0.0010,jitter,0.0010,topology_pair,noisy__to__original,nicp_p2tri,45,0.02083950526,0.002025451667,0.09719288641,0.01762042543,0.0177300292,0.01961602948,0.02089627301,0.02160546883,0.02369178184,0.02732393746,0.001989439355,0.00970351203,0.3461250155,0.2029406072,0.415838365,0.6591987209
jitter_sigma0.0010,jitter,0.0010,topology_pair,noisy__to__remesh,latent_distance,45,0.4380246421,0.09026507642,0.2060730556,0.2676119804,0.3013596117,0.3536346257,0.4398551881,0.5071102381,0.5657806754,0.6689192057,0.1534756124,0.4013072252,14.66751681,18.96216045,15.66947807,13.25611487
jitter_sigma0.0010,jitter,0.0010,topology_pair,noisy__to__remesh,raw_chamfer,45,0.03463241769,0.006154080313,0.1776971036,0.02684072272,0.02755654335,0.02997748507,0.03318130482,0.0380712681,0.04621159907,0.05245148164,0.008093783028,0.02561075892,1,1,1,1
jitter_sigma0.0010,jitter,0.0010,topology_pair,noisy__to__remesh,rigid_p2p,45,0.02824104122,0.005642560016,0.1997999993,0.02065118757,0.02139000756,0.02426363866,0.02662638333,0.02988394337,0.03905886507,0.04329106789,0.005620304716,0.02263988032,0.9168811144,0.6943977491,0.8839988066,0.8024513644
jitter_sigma0.0010,jitter,0.0010,topology_pair,noisy__to__remesh,nicp_p2p,45,0.02298929442,0.001717507742,0.07470902374,0.01991882409,0.02024910544,0.02200898062,0.02287340798,0.02387199449,0.02588182085,0.02728414599,0.001863013862,0.0073653219,0.2790843887,0.2301783796,0.2875870224,0.6893462481
jitter_sigma0.0010,jitter,0.0010,topology_pair,noisy__to__remesh,nicp_p2tri,45,0.02107333375,0.001866816339,0.0885866641,0.01778562932,0.01800410124,0.01990654206,0.02106690957,0.02201661088,0.02441076184,0.02569478421,0.002110068813,0.007909154884,0.3033461124,0.2607024188,0.3088215741,0.6349029878
jitter_sigma0.0010,jitter,0.0010,topology_pair,noisy__to__up60k,latent_distance,45,0.4337283671,0.1015332392,0.2340940712,0.2513570786,0.2886617899,0.3512668014,0.4392081499,0.5072875023,0.5936617613,0.6772465706,0.1560207009,0.425889492,16.37479384,23.29506896,16.68833992,13.9188627
jitter_sigma0.0010,jitter,0.0010,topology_pair,noisy__to__up60k,raw_chamfer,45,0.03226234679,0.006200581226,0.1921925044,0.02304623477,0.02358902273,0.0278229796,0.03155488774,0.03452056445,0.04473148682,0.04856641797,0.006697584849,0.0255201832,1,1,1,1
jitter_sigma0.0010,jitter,0.0010,topology_pair,noisy__to__up60k,rigid_p2p,45,0.0276919714,0.004980809966,0.1798647664,0.02176312558,0.02274420527,0.02377974385,0.02627431427,0.0296622724,0.03765537873,0.04283599778,0.005882528551,0.0210728722,0.8032811415,0.8783059392,0.8257335788,0.8326543414
jitter_sigma0.0010,jitter,0.0010,topology_pair,noisy__to__up60k,nicp_p2p,45,0.02305616591,0.001788277662,0.07756179708,0.01974223691,0.02061178255,0.02197979503,0.02277583872,0.02374836493,0.02603589307,0.02895316004,0.001768569896,0.00921092313,0.2884048441,0.2640608422,0.3609269988,0.7217848122
jitter_sigma0.0010,jitter,0.0010,topology_pair,noisy__to__up60k,nicp_p2tri,45,0.02114901798,0.001872590206,0.08854265515,0.01758799914,0.0185996045,0.01996733968,0.02100112768,0.02186833259,0.02418208789,0.02734399001,0.001900992905,0.009755990867,0.3020023667,0.2838325976,0.3822852991,0.6655427792
jitter_sigma0.0010,jitter,0.0010,topology_pair,original__to__crop,latent_distance,45,0.4692495535,0.099631056,0.2123199804,0.2181526572,0.33884238,0.3957642913,0.4676083922,0.5470768213,0.632554388,0.6460540891,0.15131253,0.4279014319,6.10896959,5.454931011,6.939795023,8.695016446
jitter_sigma0.0010,jitter,0.0010,topology_pair,original__to__crop,raw_chamfer,45,0.0560319537,0.01630897888,0.2910656831,0.02853618939,0.03367258685,0.04236781467,0.05377889681,0.07010648445,0.07987964955,0.09019527738,0.02773866979,0.06165908798,1,1,1,1
jitter_sigma0.0010,jitter,0.0010,topology_pair,original__to__crop,rigid_p2p,45,0.03456246741,0.007331860096,0.2121335843,0.02346631511,0.02615946586,0.02902857969,0.03250040302,0.03797400179,0.04715340294,0.05380275638,0.008945422103,0.03033644127,0.4495597272,0.3224892243,0.4920027568,0.6043337619
jitter_sigma0.0010,jitter,0.0010,topology_pair,original__to__crop,nicp_p2p,45,0.02676972308,0.002556118183,0.09548541741,0.02103651461,0.02310647192,0.02510299403,0.02664876987,0.02863060505,0.03080774963,0.03238904026,0.003527611019,0.01135252565,0.1567307311,0.127173042,0.1841176382,0.4955246657
jitter_sigma0.0010,jitter,0.0010,topology_pair,original__to__crop,nicp_p2tri,45,0.02494824457,0.002680690008,0.1074500452,0.01889450186,0.02095633644,0.0231991404,0.02492128866,0.02670106848,0.02921587652,0.03070099071,0.003501928082,0.01180648885,0.1643689668,0.1262471528,0.1914801084,0.4634027497
jitter_sigma0.0010,jitter,0.0010,topology_pair,original__to__down8k,latent_distance,45,0.4277727538,0.09890413908,0.2312071964,0.2489621937,0.2869412303,0.3474657238,0.422331363,0.4999058545,0.5919372797,0.6592009068,0.1524401307,0.410238713,11.54481896,15.41533378,11.16194687,12.68459516
jitter_sigma0.0010,jitter,0.0010,topology_pair,original__to__down8k,raw_chamfer,45,0.03541993412,0.008566971853,0.2418686558,0.02292877844,0.02528588984,0.02897630057,0.03329482396,0.03886516401,0.05373304728,0.05968210809,0.009888863443,0.03675332965,1,1,1,1
jitter_sigma0.0010,jitter,0.0010,topology_pair,original__to__down8k,rigid_p2p,45,0.02832609036,0.006760886754,0.2386805474,0.01982968082,0.02116208854,0.02368554933,0.02727132626,0.02983405125,0.04172915983,0.04835649138,0.006148501928,0.02852681056,0.789180456,0.6217602218,0.7761694199,0.8190860626
jitter_sigma0.0010,jitter,0.0010,topology_pair,original__to__down8k,nicp_p2p,45,0.02117055384,0.00161876332,0.07646296513,0.01858384109,0.01904769099,0.01990616027,0.021274825,0.02182565543,0.02429486038,0.02603807145,0.001919495159,0.00745423036,0.1889539674,0.1941067515,0.2028178244,0.6389829548
jitter_sigma0.0010,jitter,0.0010,topology_pair,original__to__down8k,nicp_p2tri,45,0.01907620868,0.001757463328,0.09212854385,0.01632796939,0.01691287351,0.01774302007,0.01926853134,0.01987477482,0.02249771859,0.02434942564,0.002131754756,0.008021456247,0.205144053,0.2155712604,0.2182511441,0.5787245296
jitter_sigma0.0010,jitter,0.0010,topology_pair,original__to__noisy,latent_distance,45,0.4250691142,0.1065327943,0.2506246413,0.2309896499,0.2553473353,0.3335881233,0.4269029498,0.49515149,0.6045128584,0.6413918734,0.1615633667,0.4104022235,18.5966201,23.1473165,16.14720479,14.55428464
jitter_sigma0.0010,jitter,0.0010,topology_pair,original__to__noisy,raw_chamfer,45,0.03056213084,0.005728610559,0.1874414644,0.02245707629,0.02326897383,0.02657139527,0.02933177139,0.03355118347,0.0403289018,0.04787337767,0.006979788203,0.02541630138,1,1,1,1
jitter_sigma0.0010,jitter,0.0010,topology_pair,original__to__noisy,rigid_p2p,45,0.02578280686,0.005129165768,0.1989374468,0.02003830296,0.02047906798,0.02193773928,0.02447478036,0.02750046397,0.03735644598,0.04160652529,0.005562724689,0.02156822232,0.8953594793,0.7969761441,0.8485979921,0.834411943
jitter_sigma0.0010,jitter,0.0010,topology_pair,original__to__noisy,nicp_p2p,45,0.02167269474,0.001556236301,0.07180631296,0.01895234427,0.01916590148,0.02049573397,0.02166043927,0.02269081136,0.02413920741,0.02562932043,0.002195077394,0.006676976162,0.2716603415,0.3144905447,0.262704477,0.7384633877
jitter_sigma0.0010,jitter,0.0010,topology_pair,original__to__noisy,nicp_p2tri,45,0.0193449662,0.001728531973,0.08935306247,0.01614823792,0.01651036126,0.01825903589,0.01923972556,0.02044715858,0.02226616175,0.02350872811,0.002188122698,0.007360490185,0.3017366873,0.3134941397,0.2895972185,0.6559346621
jitter_sigma0.0010,jitter,0.0010,topology_pair,original__to__remesh,latent_distance,45,0.448224424,0.09172010322,0.2046298647,0.2763037682,0.3137173712,0.3700169921,0.451819092,0.5237467289,0.5811211348,0.6812056899,0.1537297368,0.4049019217,12.87719861,17.55276542,13.23353469,13.27091545
jitter_sigma0.0010,jitter,0.0010,topology_pair,original__to__remesh,raw_chamfer,45,0.03569388866,0.007122675202,0.1995488715,0.02612982183,0.02778768012,0.03085930085,0.03404581197,0.03961744996,0.05058558866,0.05672647883,0.00875814911,0.030596657,1,1,1,1
jitter_sigma0.0010,jitter,0.0010,topology_pair,original__to__remesh,rigid_p2p,45,0.02761868085,0.00620931075,0.2248228576,0.01950018613,0.02061091924,0.02300840915,0.02637641914,0.02923223793,0.04131909207,0.04556830967,0.006223828779,0.02606812354,0.871766657,0.7106328861,0.8519925409,0.7747331498
jitter_sigma0.0010,jitter,0.0010,topology_pair,original__to__remesh,nicp_p2p,45,0.02198579491,0.001740269157,0.07915425229,0.01883980098,0.01907032159,0.02115366072,0.02214659046,0.0229901344,0.02486901764,0.02717214528,0.001836473681,0.008332344293,0.2443280239,0.2096874189,0.2723285846,0.6504938253
jitter_sigma0.0010,jitter,0.0010,topology_pair,original__to__remesh,nicp_p2tri,45,0.01992720986,0.001883802207,0.09453416811,0.01635483244,0.01682703645,0.01887586062,0.02017799446,0.02090235496,0.02301472212,0.0253082105,0.00202649434,0.008953378062,0.2644795886,0.2313838591,0.2926260233,0.5926718529
jitter_sigma0.0010,jitter,0.0010,topology_pair,original__to__up60k,latent_distance,45,0.4409765455,0.10089888,0.2288078153,0.261192739,0.301797235,0.3591923118,0.4283404052,0.523471415,0.6011456251,0.6829108,0.1642791033,0.421718061,13.70261647,17.40214441,13.83947535,13.26636439
jitter_sigma0.0010,jitter,0.0010,topology_pair,original__to__up60k,raw_chamfer,45,0.03355474504,0.007363475449,0.2194466219,0.02242397138,0.02404246228,0.02832625941,0.03228770087,0.03776642376,0.04877984689,0.0528960847,0.009440164348,0.03047211331,1,1,1,1
jitter_sigma0.0010,jitter,0.0010,topology_pair,original__to__up60k,rigid_p2p,45,0.02709652649,0.005260598797,0.1941429208,0.02105351749,0.02117011006,0.02332704849,0.02582016962,0.02881866417,0.03748855145,0.04447652387,0.005491615686,0.02342300638,0.7144179176,0.581728822,0.768670231,0.7996905609
jitter_sigma0.0010,jitter,0.0010,topology_pair,original__to__up60k,nicp_p2p,45,0.02206593556,0.00194608206,0.08819395193,0.01858559801,0.0195665093,0.02082643074,0.02192581837,0.02319311838,0.02591009543,0.02739590705,0.00236668764,0.008810309034,0.2642885243,0.2507040718,0.2891269451,0.6790764835
jitter_sigma0.0010,jitter,0.0010,topology_pair,original__to__up60k,nicp_p2tri,45,0.02004447488,0.002064706213,0.1030062511,0.01647707113,0.01722885827,0.01862673923,0.01989480853,0.02124279908,0.02423299195,0.025540535,0.002616059849,0.009063463872,0.2803983292,0.2771201594,0.2974346997,0.6161729697
jitter_sigma0.0010,jitter,0.0010,topology_pair,remesh__to__crop,latent_distance,45,0.4915482826,0.1065180145,0.2166989861,0.2047614753,0.3351744711,0.4177275002,0.4821820855,0.5848409534,0.6790435314,0.6950630546,0.1671134531,0.4903015792,5.996116501,6.681674731,6.871952509,7.833764086
jitter_sigma0.0010,jitter,0.0010,topology_pair,remesh__to__crop,raw_chamfer,45,0.06184157397,0.01776450048,0.2872582203,0.02860180121,0.03893003225,0.04692592197,0.06155177514,0.07193663559,0.09056481722,0.09995002117,0.02501071361,0.07134821997,1,1,1,1
jitter_sigma0.0010,jitter,0.0010,topology_pair,remesh__to__crop,rigid_p2p,45,0.03487913748,0.007047038728,0.2020416569,0.02626944526,0.02705763748,0.02993744798,0.03378409784,0.03646836987,0.04844866303,0.05658144856,0.00653092189,0.03031200331,0.3966921972,0.2611249719,0.4248459642,0.5488728434
jitter_sigma0.0010,jitter,0.0010,topology_pair,remesh__to__crop,nicp_p2p,45,0.02796284313,0.002725341253,0.09746295255,0.02234593061,0.02418959509,0.0261510957,0.02741681442,0.02921077167,0.0323436389,0.03553525446,0.003059675974,0.01318932385,0.1534150232,0.1223346131,0.184858485,0.445426868
jitter_sigma0.0010,jitter,0.0010,topology_pair,remesh__to__crop,nicp_p2tri,45,0.02610463238,0.002867519304,0.1098471437,0.02016227129,0.02231245919,0.02416973341,0.02560485984,0.02747597971,0.03073699217,0.0340022558,0.003306246303,0.01383998451,0.1614185159,0.1321932014,0.1939779929,0.4159889748
jitter_sigma0.0010,jitter,0.0010,topology_pair,remesh__to__down8k,latent_distance,45,0.4137799362,0.1049709331,0.2536878276,0.2036214471,0.2653685212,0.3345394433,0.4208330214,0.4845508933,0.5821955562,0.6232867837,0.1500114501,0.4196653366,16.00542241,19.03099681,13.7284277,11.4647649
jitter_sigma0.0010,jitter,0.0010,topology_pair,remesh__to__down8k,raw_chamfer,45,0.03773158198,0.006558460654,0.1738188623,0.02859766905,0.02990875643,0.03274692259,0.03670664205,0.0406294025,0.05014162376,0.05916674411,0.007882479912,0.03056907505,1,1,1,1
jitter_sigma0.0010,jitter,0.0010,topology_pair,remesh__to__down8k,rigid_p2p,45,0.03133271124,0.007390641079,0.2358762069,0.020883415,0.02317579424,0.02711774313,0.0285991831,0.03516575003,0.04567761338,0.0563178242,0.008048006903,0.0354344092,1.126886547,1.020999355,1.159158697,0.7791282859
jitter_sigma0.0010,jitter,0.0010,topology_pair,remesh__to__down8k,nicp_p2p,45,0.0225184701,0.001817336948,0.08070428141,0.01911604688,0.01997514781,0.02111011974,0.022445816,0.02382633916,0.02548121834,0.02639689115,0.002716219425,0.007280844271,0.2770980942,0.3445894509,0.2381767933,0.6114919466
jitter_sigma0.0010,jitter,0.0010,topology_pair,remesh__to__down8k,nicp_p2tri,45,0.02040167282,0.001961872302,0.09616232548,0.01687489121,0.01758055564,0.01882894256,0.02020158519,0.02188141761,0.02366944578,0.0247338391,0.003052475045,0.007858947888,0.2991360939,0.3872480588,0.2570881806,0.5503523084
jitter_sigma0.0010,jitter,0.0010,topology_pair,remesh__to__noisy,latent_distance,45,0.4400390327,0.1114005291,0.2531605627,0.1943003982,0.2594647408,0.367643863,0.4405040145,0.5081906319,0.627619648,0.6756923199,0.1405467689,0.4813919216,18.14011209,14.25507027,18.51620714,12.87129602
jitter_sigma0.0010,jitter,0.0010,topology_pair,remesh__to__noisy,raw_chamfer,45,0.03629110283,0.006141115809,0.1692182196,0.0271631017,0.02873201394,0.03154202757,0.0342237498,0.04140145066,0.04643670162,0.05316151045,0.009859423086,0.02599840875,1,1,1,1
jitter_sigma0.0010,jitter,0.0010,topology_pair,remesh__to__noisy,rigid_p2p,45,0.02802581693,0.005423328249,0.1935118703,0.02120203284,0.02253645266,0.02418927392,0.02674856339,0.02951594577,0.03885021492,0.04747478979,0.005326671842,0.02627275694,0.8831177294,0.540262021,1.010552499,0.7815789778
jitter_sigma0.0010,jitter,0.0010,topology_pair,remesh__to__noisy,nicp_p2p,45,0.02302874453,0.001423709866,0.0618231647,0.01981753958,0.02083427378,0.02180575844,0.02322126021,0.02416999068,0.02510879321,0.02623814851,0.002364232242,0.006420608936,0.2318324406,0.2397941767,0.2469616121,0.678513031
jitter_sigma0.0010,jitter,0.0010,topology_pair,remesh__to__noisy,nicp_p2tri,45,0.02075407301,0.001522025911,0.07333625117,0.01733905463,0.01852945882,0.01947004464,0.02107718699,0.02192344229,0.02317314296,0.0240460296,0.002453397654,0.006706974969,0.2478419165,0.2488378511,0.2579763644,0.6158643372
jitter_sigma0.0010,jitter,0.0010,topology_pair,remesh__to__original,latent_distance,45,0.4477904694,0.1146451746,0.2560241507,0.192343697,0.260987395,0.3733804524,0.4593165219,0.5196668506,0.6403517962,0.6797628999,0.1462863982,0.4874192029,16.01811117,12.39747574,17.82265294,12.6138186
jitter_sigma0.0010,jitter,0.0010,topology_pair,remesh__to__original,raw_chamfer,45,0.03807158142,0.00715722181,0.1879938143,0.02654056136,0.02914477669,0.03213989423,0.03641375674,0.04393958647,0.05162381966,0.0538888582,0.01179969223,0.02734829684,1,1,1,1
jitter_sigma0.0010,jitter,0.0010,topology_pair,remesh__to__original,rigid_p2p,45,0.02943347811,0.006160868673,0.2093150069,0.02170568458,0.02317044343,0.02512290327,0.02760367395,0.03252237621,0.04132521826,0.05096402888,0.007399472939,0.0292583443,0.8607905186,0.6270903336,1.069841551,0.758056197
jitter_sigma0.0010,jitter,0.0010,topology_pair,remesh__to__original,nicp_p2p,45,0.02311554039,0.001689277292,0.07307972316,0.01906277295,0.02083177156,0.02202300671,0.02309066298,0.02396926617,0.02613463634,0.02708871395,0.001946259461,0.008025941001,0.2360241637,0.1649415445,0.2934713284,0.634119219
jitter_sigma0.0010,jitter,0.0010,topology_pair,remesh__to__original,nicp_p2tri,45,0.02105832087,0.001772492906,0.08417066667,0.01681883142,0.01856126777,0.01998178223,0.02106324894,0.02211618082,0.02437024292,0.02509779338,0.002134398586,0.00827896196,0.2476509676,0.1808859539,0.3027231279,0.5784420733
jitter_sigma0.0010,jitter,0.0010,topology_pair,remesh__to__up60k,latent_distance,45,0.4188434756,0.1092244532,0.2607763032,0.1992359906,0.2677459896,0.3388492167,0.4204743803,0.4751719832,0.6023017645,0.6517807841,0.1363227665,0.4525447935,17.56484817,13.84927831,16.2489322,12.62681407
jitter_sigma0.0010,jitter,0.0010,topology_pair,remesh__to__up60k,raw_chamfer,45,0.03441203199,0.006218354532,0.1807029162,0.02560057434,0.02683052206,0.02962310567,0.03330011654,0.0394664176,0.04481896661,0.05345131479,0.009843311936,0.02785074045,1,1,1,1
jitter_sigma0.0010,jitter,0.0010,topology_pair,remesh__to__up60k,rigid_p2p,45,0.02948080885,0.006189828005,0.2099612679,0.02172294933,0.02296996551,0.02506417073,0.02803738943,0.0316196115,0.04190304548,0.05146968327,0.006555440779,0.02974673394,0.995412528,0.6659791766,1.068076951,0.8419606998
jitter_sigma0.0010,jitter,0.0010,topology_pair,remesh__to__up60k,nicp_p2p,45,0.02310191645,0.00170020072,0.07359565702,0.0191531719,0.02036928308,0.02214486994,0.02296633429,0.02381010421,0.02633656027,0.02740119255,0.001665234274,0.008248020647,0.2734164981,0.1691741849,0.2961508568,0.6896772947
jitter_sigma0.0010,jitter,0.0010,topology_pair,remesh__to__up60k,nicp_p2tri,45,0.02102265641,0.001807319969,0.0859701045,0.01688166182,0.01813040388,0.01988314495,0.02097735492,0.02176614162,0.02427480661,0.02554906364,0.00188299667,0.008667401814,0.2906427994,0.1912970637,0.3112090261,0.6299483934
jitter_sigma0.0010,jitter,0.0010,topology_pair,up60k__to__crop,latent_distance,45,0.4798064745,0.1027553391,0.2141599677,0.2071086615,0.3214537203,0.4202398956,0.4861031175,0.5496598482,0.6447138548,0.664481163,0.1294199526,0.4573725015,5.675110505,4.315194474,6.305538425,7.352263358
jitter_sigma0.0010,jitter,0.0010,topology_pair,up60k__to__crop,raw_chamfer,45,0.06699482592,0.01810631511,0.2702643803,0.03180109373,0.04494539015,0.05033861184,0.06611611878,0.08033029666,0.09334368246,0.1043361368,0.02999168483,0.07253504312,1,1,1,1
jitter_sigma0.0010,jitter,0.0010,topology_pair,up60k__to__crop,rigid_p2p,45,0.0353139003,0.006302196039,0.1784621915,0.02423582626,0.02742569083,0.03028104861,0.03477407295,0.03880629265,0.04667087984,0.05365865637,0.008525244037,0.02942283011,0.3480661858,0.2842535885,0.4056360739,0.5259545416
jitter_sigma0.0010,jitter,0.0010,topology_pair,up60k__to__crop,nicp_p2p,45,0.02787310019,0.002584839238,0.09273597915,0.022552197,0.02403416843,0.02640350291,0.02728825118,0.02974292805,0.03178747307,0.03385789366,0.003339425149,0.01130569666,0.1427589889,0.1113450334,0.1558653055,0.4127322003
jitter_sigma0.0010,jitter,0.0010,topology_pair,up60k__to__crop,nicp_p2tri,45,0.02617308418,0.002716534246,0.1037911401,0.02065925759,0.02217396112,0.02454487619,0.02569538216,0.02799295932,0.03030001396,0.03243702972,0.003448083127,0.01177777213,0.1500324185,0.1149679702,0.1623735456,0.3886402081
jitter_sigma0.0010,jitter,0.0010,topology_pair,up60k__to__down8k,latent_distance,45,0.4015436729,0.1022428329,0.2546244402,0.2070150524,0.249245429,0.3236755431,0.3995991051,0.4797564745,0.5370937943,0.6209481955,0.1560809314,0.413933143,17.18434262,20.34371782,14.75264618,12.83245823
jitter_sigma0.0010,jitter,0.0010,topology_pair,up60k__to__down8k,raw_chamfer,45,0.03228617077,0.005949766902,0.18428221,0.0229950129,0.0246147945,0.02750164401,0.03113971602,0.0351738371,0.04264738625,0.05105324313,0.007672193097,0.02805823023,1,1,1,1
jitter_sigma0.0010,jitter,0.0010,topology_pair,up60k__to__down8k,rigid_p2p,45,0.02698071728,0.005679711015,0.2105100082,0.02027415036,0.02116935285,0.02289005798,0.025790182,0.02862121312,0.0384478204,0.0477304142,0.005731155141,0.02745626384,0.9546106777,0.7470035058,0.9785458176,0.8282086447
jitter_sigma0.0010,jitter,0.0010,topology_pair,up60k__to__down8k,nicp_p2p,45,0.0215620955,0.00181835145,0.08433092461,0.01834299012,0.01905819053,0.02008889886,0.02136713386,0.02251525967,0.02544328499,0.02643998196,0.002426360814,0.008096991847,0.3056172587,0.3162538773,0.2885781384,0.6861698367
jitter_sigma0.0010,jitter,0.0010,topology_pair,up60k__to__down8k,nicp_p2tri,45,0.01947436794,0.001961301429,0.1007119428,0.01593719663,0.01687989105,0.01796219249,0.01929012167,0.02049118321,0.02363677672,0.0248431347,0.002528990724,0.008905938072,0.3296434065,0.3296307447,0.3174091166,0.6194700573
jitter_sigma0.0010,jitter,0.0010,topology_pair,up60k__to__noisy,latent_distance,45,0.4317040331,0.1070698975,0.2480169035,0.2123957574,0.2474606395,0.3428439796,0.4359412193,0.5133447051,0.5883378744,0.653026402,0.1705007255,0.4406306446,16.46586915,15.85861002,16.43191123,12.75201208
jitter_sigma0.0010,jitter,0.0010,topology_pair,up60k__to__noisy,raw_chamfer,45,0.03517803078,0.006502535429,0.1848464876,0.02284811096,0.02585423573,0.02990504009,0.03418607327,0.04065634335,0.04647862314,0.04966365533,0.01075130326,0.02681554437,1,1,1,1
jitter_sigma0.0010,jitter,0.0010,topology_pair,up60k__to__noisy,rigid_p2p,45,0.02577862614,0.004564598532,0.1770691156,0.02014009286,0.0210466947,0.02276436325,0.02465397203,0.02739536635,0.03549762095,0.04051724306,0.004631003102,0.0203771502,0.7019721127,0.4307387665,0.7599006723,0.721170046
jitter_sigma0.0010,jitter,0.0010,topology_pair,up60k__to__noisy,nicp_p2p,45,0.02245853653,0.001681941321,0.07489095822,0.01936722794,0.01990504856,0.02144089063,0.02236004193,0.02335961772,0.02517807999,0.02688169365,0.001918727092,0.007514465715,0.258659309,0.1784646053,0.2802279757,0.6540687418
jitter_sigma0.0010,jitter,0.0010,topology_pair,up60k__to__noisy,nicp_p2tri,45,0.0202628593,0.001829139632,0.09027055878,0.01691459732,0.01744507932,0.01908891727,0.02010651518,0.02133479847,0.02342945286,0.02489731731,0.002245881197,0.007982719988,0.281296373,0.2088938563,0.2976900218,0.5881493033
jitter_sigma0.0010,jitter,0.0010,topology_pair,up60k__to__original,latent_distance,45,0.4384558337,0.1103981434,0.2517885154,0.2097382098,0.2424328327,0.3548919559,0.4453240335,0.5254494548,0.5979024529,0.6785141826,0.1705574989,0.4687759727,14.03063546,14.48248035,14.04413417,11.96160542
jitter_sigma0.0010,jitter,0.0010,topology_pair,up60k__to__original,raw_chamfer,45,0.03808605501,0.007868363747,0.2065943491,0.02284963733,0.02602918277,0.03213373385,0.03722945356,0.04391054934,0.04928051118,0.05622841077,0.01177681549,0.03337877344,1,1,1,1
jitter_sigma0.0010,jitter,0.0010,topology_pair,up60k__to__original,rigid_p2p,45,0.02693392285,0.005294236576,0.1965638873,0.01999434902,0.02137120409,0.02338164083,0.02561603792,0.02893297975,0.03779762883,0.04425634995,0.005551338922,0.02426200093,0.6728510205,0.4713786104,0.7268691574,0.6880583911
jitter_sigma0.0010,jitter,0.0010,topology_pair,up60k__to__original,nicp_p2p,45,0.02278285856,0.00210842568,0.09254438703,0.01927935851,0.01939877249,0.02132378973,0.02272502422,0.02396645413,0.0268166384,0.02791097491,0.002642664399,0.008631616403,0.2679624059,0.2243954998,0.2585959732,0.6104044526
jitter_sigma0.0010,jitter,0.0010,topology_pair,up60k__to__original,nicp_p2tri,45,0.02078647738,0.002252131011,0.1083459679,0.01702820865,0.017112149,0.01919343913,0.02073807831,0.0220946865,0.02523351634,0.0262056982,0.002901247368,0.009177489548,0.2862260927,0.2463524515,0.2749498739,0.5570341846
jitter_sigma0.0010,jitter,0.0010,topology_pair,up60k__to__remesh,latent_distance,45,0.4145660718,0.09209284701,0.2221427494,0.2551291883,0.2686956942,0.3508091569,0.4364844859,0.4848020077,0.5419322014,0.6061134934,0.1339928508,0.3509843051,14.46776592,14.23685943,12.26271963,13.0752569
jitter_sigma0.0010,jitter,0.0010,topology_pair,up60k__to__remesh,raw_chamfer,45,0.03494979675,0.006365381324,0.1821292802,0.02327876139,0.02670060221,0.03011384013,0.03338247878,0.03952552615,0.04442946693,0.05190082205,0.009411686013,0.02862206066,1,1,1,1
jitter_sigma0.0010,jitter,0.0010,topology_pair,up60k__to__remesh,rigid_p2p,45,0.02764298192,0.00561163849,0.2030040936,0.01981334573,0.02116211339,0.02371852797,0.02641365129,0.02989216886,0.03815060868,0.04484575051,0.00617364089,0.02503240478,0.8815871673,0.6559548291,0.8745842963,0.791242959
jitter_sigma0.0010,jitter,0.0010,topology_pair,up60k__to__remesh,nicp_p2p,45,0.02257955588,0.001805513385,0.07996230725,0.0193733577,0.01963096164,0.02173359428,0.02260073373,0.02352166095,0.02594215491,0.02728576722,0.001788066671,0.007912409526,0.2836457539,0.1899836722,0.2764444398,0.677023833
jitter_sigma0.0010,jitter,0.0010,topology_pair,up60k__to__remesh,nicp_p2tri,45,0.02057972353,0.001941762184,0.0943531715,0.01705580998,0.01732633771,0.01970605413,0.02056161644,0.02148678829,0.02414574772,0.02554780487,0.001780734162,0.008491994887,0.3050504102,0.1892045867,0.2966940427,0.6159403733
jitter_sigma0.0025,jitter,0.0025,overall,all,latent_distance,1350,0.4437947697,0.103972766,0.2342811882,0.194878459,0.2740898266,0.3688786924,0.4420666695,0.5152127445,0.6211888522,0.7132179737,0.1463340521,0.5183395147,6.403790242,8.140721614,5.778011093,11.49295242
jitter_sigma0.0025,jitter,0.0025,overall,all,raw_chamfer,1350,0.04326882969,0.01623612924,0.3752384651,0.0216663146,0.02619133463,0.0314684132,0.03846415206,0.04944397593,0.07881150621,0.1113753003,0.01797556274,0.08970898574,1,1,1,1
jitter_sigma0.0025,jitter,0.0025,overall,all,rigid_p2p,1350,0.03130889438,0.008898138156,0.2842048028,0.01979558943,0.02184732188,0.02482115933,0.02853622789,0.0357131879,0.04923152991,0.07648799088,0.01089202857,0.05669240145,0.5480455363,0.6059353317,0.6319590059,0.7418915111
jitter_sigma0.0025,jitter,0.0025,overall,all,nicp_p2p,1350,0.02388740444,0.002833086027,0.1186016687,0.01882944879,0.01987600765,0.02197755869,0.02335278832,0.02547811485,0.02929023255,0.03539801762,0.003500556163,0.01656856883,0.1744926999,0.1947397261,0.1846924106,0.6071312397
jitter_sigma0.0025,jitter,0.0025,overall,all,nicp_p2tri,1350,0.02187385568,0.003017063199,0.1379301044,0.01645320017,0.01758736837,0.01983023609,0.02132885054,0.0235983471,0.02769752196,0.03378280548,0.003768111006,0.01732960532,0.1858240443,0.2096240914,0.1931758025,0.554512433
jitter_sigma0.0025,jitter,0.0025,topology_pair,crop__to__down8k,latent_distance,45,0.4606777204,0.08998276071,0.195326921,0.2811193466,0.349083811,0.3852496445,0.436484158,0.5355564356,0.5954797029,0.6844115853,0.1503067911,0.4032922387,5.825650754,6.321671298,6.930823342,6.570826401
jitter_sigma0.0025,jitter,0.0025,topology_pair,crop__to__down8k,raw_chamfer,45,0.06467172095,0.01544595866,0.2388363636,0.03490424258,0.03917881818,0.05179454502,0.06642758937,0.07557097755,0.08433441803,0.09309245757,0.02377643253,0.05818821499,1,1,1,1
jitter_sigma0.0025,jitter,0.0025,topology_pair,crop__to__down8k,rigid_p2p,45,0.04633509303,0.01183976747,0.255524845,0.02680256522,0.02827886998,0.03856755731,0.04534524372,0.0561499382,0.06533474596,0.07648799088,0.01758238089,0.04968542566,0.7665284965,0.7394877625,0.8538743742,0.6826266638
jitter_sigma0.0025,jitter,0.0025,topology_pair,crop__to__down8k,nicp_p2p,45,0.02495998599,0.002127019815,0.08521718786,0.01995174826,0.02212698736,0.02353586294,0.02496257573,0.02615846864,0.02820794202,0.02977211574,0.002622605707,0.009820367481,0.1377072063,0.1103027422,0.1687690107,0.3757862655
jitter_sigma0.0025,jitter,0.0025,topology_pair,crop__to__down8k,nicp_p2tri,45,0.02309160063,0.002236518911,0.09685421752,0.01802393315,0.01997400736,0.02143814594,0.02312380374,0.02456253822,0.02653274455,0.02789421669,0.003124392273,0.009870283544,0.1447963807,0.1314071095,0.1696268488,0.3481054176
jitter_sigma0.0025,jitter,0.0025,topology_pair,crop__to__noisy,latent_distance,45,0.4600676795,0.09370605297,0.2036788437,0.2724996209,0.3284379244,0.3858171999,0.4473654628,0.5222034454,0.6175557733,0.6613544822,0.1363862455,0.3888548613,7.558601806,7.080584479,8.328396083,8.552576653
jitter_sigma0.0025,jitter,0.0025,topology_pair,crop__to__noisy,raw_chamfer,45,0.05170250674,0.01239727338,0.2397808958,0.03085123741,0.03166743995,0.0416948567,0.05230768234,0.06095686054,0.06972093263,0.07754148333,0.01926200385,0.04669024592,1,1,1,1
jitter_sigma0.0025,jitter,0.0025,topology_pair,crop__to__noisy,rigid_p2p,45,0.03902638929,0.01005025196,0.2575245146,0.02526253797,0.02705891676,0.03255325258,0.03578393516,0.04806757522,0.05461091808,0.06966013829,0.01551432264,0.04439760032,0.8106824501,0.805436587,0.9508966904,0.6841047731
jitter_sigma0.0025,jitter,0.0025,topology_pair,crop__to__noisy,nicp_p2p,45,0.02459418054,0.002014101126,0.0818934025,0.01935082461,0.02207020836,0.02332530054,0.02431709086,0.02606081669,0.0274150956,0.02991989023,0.002735516156,0.01056906562,0.162463234,0.1420161774,0.2263656018,0.464885649
jitter_sigma0.0025,jitter,0.0025,topology_pair,crop__to__noisy,nicp_p2tri,45,0.02248924527,0.002115506065,0.09406745489,0.017125805,0.01971987665,0.02107814274,0.02215310216,0.02417101432,0.02548189529,0.02799029334,0.003092871579,0.01086448834,0.1706428502,0.1605685267,0.2326928917,0.423515269
jitter_sigma0.0025,jitter,0.0025,topology_pair,crop__to__original,latent_distance,45,0.4609420068,0.09491965035,0.2059253636,0.2862782478,0.3253817499,0.3994606733,0.451153934,0.5166140795,0.6039989352,0.6602649093,0.1171534061,0.3739866614,7.983715136,5.91477075,8.172058241,8.836304125
jitter_sigma0.0025,jitter,0.0025,topology_pair,crop__to__original,raw_chamfer,45,0.05074509046,0.01188915796,0.2342917877,0.03044567201,0.03209781432,0.04058125955,0.05105685902,0.0603881821,0.06967872379,0.07620974397,0.01980692255,0.04576407197,1,1,1,1
jitter_sigma0.0025,jitter,0.0025,topology_pair,crop__to__original,rigid_p2p,45,0.04068158649,0.01061871129,0.261020088,0.02579645383,0.02612885177,0.03442023309,0.03715771147,0.04717165122,0.05770387727,0.072160802,0.01275141814,0.04636434816,0.8931424179,0.6437859341,1.013116757,0.7277711983
jitter_sigma0.0025,jitter,0.0025,topology_pair,crop__to__original,nicp_p2p,45,0.02462579935,0.002127670335,0.08640005163,0.01918508609,0.02174905486,0.02285506775,0.02448967568,0.02595449273,0.02785845866,0.02963566987,0.003099424989,0.01045058378,0.1789588752,0.1564819058,0.2283578215,0.4796549602
jitter_sigma0.0025,jitter,0.0025,topology_pair,crop__to__original,nicp_p2tri,45,0.02267340904,0.002240883506,0.09883310897,0.01706126772,0.01956944309,0.02089794128,0.02239448138,0.02414429882,0.02625821416,0.02783832897,0.003246357543,0.01077706124,0.1884812628,0.1639001483,0.2354917467,0.4386184699
jitter_sigma0.0025,jitter,0.0025,topology_pair,crop__to__remesh,latent_distance,45,0.4838111387,0.08589593157,0.1775402108,0.3145799339,0.3574396789,0.4203837812,0.4843327701,0.5494897366,0.6090519428,0.7132179737,0.1291059554,0.3986380398,5.49335044,5.401935433,6.518743604,8.796926999
jitter_sigma0.0025,jitter,0.0025,topology_pair,crop__to__remesh,raw_chamfer,45,0.05723889843,0.01563634662,0.2731769312,0.02911319924,0.03248329887,0.04606483729,0.05505704096,0.06996478148,0.08113696624,0.09026578692,0.02389994419,0.06115258768,1,1,1,1
jitter_sigma0.0025,jitter,0.0025,topology_pair,crop__to__remesh,rigid_p2p,45,0.03871965552,0.01149316772,0.2968303194,0.02271387699,0.02548522033,0.02994707366,0.03651854479,0.04599248058,0.06197203195,0.07365717559,0.01604540692,0.0509432986,0.735028968,0.671357506,0.8330522146,0.6632856425
jitter_sigma0.0025,jitter,0.0025,topology_pair,crop__to__remesh,nicp_p2p,45,0.02445371458,0.002351413686,0.09615773009,0.01925394221,0.02121998611,0.02282285687,0.0246095754,0.02623326444,0.02789392515,0.0297031652,0.003410407575,0.01044922299,0.1503812715,0.1426952108,0.1708713136,0.4469832553
jitter_sigma0.0025,jitter,0.0025,topology_pair,crop__to__remesh,nicp_p2tri,45,0.02250685931,0.002471822715,0.1098253062,0.01727372974,0.01905202662,0.02087202845,0.02271280429,0.02451578557,0.02610067458,0.02800639223,0.003643757119,0.01073266249,0.1580818573,0.1524588129,0.1755062687,0.4125322373
jitter_sigma0.0025,jitter,0.0025,topology_pair,crop__to__up60k,latent_distance,45,0.4732537925,0.08966615627,0.1894673803,0.3002420664,0.3589461625,0.4029646516,0.4548311234,0.5441602468,0.6145366549,0.70550704,0.1411955953,0.4052649736,6.057551208,6.083900675,7.261037892,7.345836945
jitter_sigma0.0025,jitter,0.0025,topology_pair,crop__to__up60k,raw_chamfer,45,0.05946741892,0.01480237693,0.2489157458,0.030377605,0.03600899019,0.04743005864,0.06191685532,0.07063812906,0.08027117691,0.08619124758,0.02320807042,0.05581364258,1,1,1,1
jitter_sigma0.0025,jitter,0.0025,topology_pair,crop__to__up60k,rigid_p2p,45,0.04207552612,0.01087218499,0.2583968876,0.02560854134,0.02634672405,0.03504693076,0.03993785791,0.04999948009,0.06095338084,0.07068659119,0.01495254932,0.04507804985,0.7344891326,0.6442823146,0.8076528921,0.6450240036
jitter_sigma0.0025,jitter,0.0025,topology_pair,crop__to__up60k,nicp_p2p,45,0.02486126064,0.002219135522,0.08926078022,0.01927310464,0.02232012284,0.02309305052,0.02489603078,0.02633031595,0.02812137226,0.03032109502,0.003237265427,0.01104799039,0.149917512,0.1394887799,0.1979442638,0.4020881011
jitter_sigma0.0025,jitter,0.0025,topology_pair,crop__to__up60k,nicp_p2tri,45,0.02298103305,0.0023167035,0.1008093716,0.01739225214,0.02024801446,0.02103579389,0.02303019647,0.02452669864,0.02641268267,0.02851462096,0.003490904753,0.01112236882,0.1565088844,0.1504177077,0.1992768848,0.3719535875
jitter_sigma0.0025,jitter,0.0025,topology_pair,down8k__to__crop,latent_distance,45,0.4784587867,0.1056060527,0.2207213153,0.2079393268,0.3355521083,0.4155241251,0.4698591232,0.5411108136,0.6440649033,0.6897317767,0.1255866885,0.48179245,5.669302974,3.88896621,6.469351092,6.497979154
jitter_sigma0.0025,jitter,0.0025,topology_pair,down8k__to__crop,raw_chamfer,45,0.07173008479,0.01862769607,0.2596915384,0.03690222829,0.04681623616,0.05469569938,0.07230849963,0.08698877721,0.0994807883,0.1113753003,0.03229307783,0.07447307205,1,1,1,1
jitter_sigma0.0025,jitter,0.0025,topology_pair,down8k__to__crop,rigid_p2p,45,0.03728637849,0.007243883338,0.1942769352,0.02472123128,0.02817744243,0.03112959952,0.03800207061,0.04092516922,0.05097044296,0.05736380809,0.009795569697,0.03264257681,0.3888770415,0.3033334186,0.4383138215,0.5255546831
jitter_sigma0.0025,jitter,0.0025,topology_pair,down8k__to__crop,nicp_p2p,45,0.02847766744,0.002522238079,0.08856898425,0.02328200911,0.02450453364,0.02645019248,0.02866380155,0.03019161508,0.03257193594,0.03451759624,0.003741422597,0.01123558713,0.1354025785,0.1158583464,0.1508677811,0.3964098509
jitter_sigma0.0025,jitter,0.0025,topology_pair,down8k__to__crop,nicp_p2tri,45,0.02676688511,0.002674643229,0.09992358907,0.02130517037,0.02246877167,0.02448097053,0.02688100347,0.02848688533,0.03108800672,0.03296873653,0.004005914803,0.01166356616,0.143584221,0.1240487148,0.1566145433,0.3717544079
jitter_sigma0.0025,jitter,0.0025,topology_pair,down8k__to__noisy,latent_distance,45,0.4343032877,0.1054928592,0.24290136,0.2231446505,0.2574314773,0.3522440493,0.4416745901,0.5117656589,0.5957903624,0.673982501,0.1595216095,0.4508378506,14.14885753,15.33414013,14.71953761,11.49507041
jitter_sigma0.0025,jitter,0.0025,topology_pair,down8k__to__noisy,raw_chamfer,45,0.03755253107,0.007455927732,0.1985466098,0.02510339459,0.02639960979,0.03188255469,0.03842295649,0.04228559055,0.04873895555,0.05573192808,0.01040303585,0.03062853349,1,1,1,1
jitter_sigma0.0025,jitter,0.0025,topology_pair,down8k__to__noisy,rigid_p2p,45,0.02641394173,0.004513614045,0.170879988,0.01991811837,0.02083265146,0.02316736738,0.0251894847,0.02795335599,0.03460302766,0.03949434348,0.004785988607,0.01957622511,0.6053725582,0.4600569174,0.6391499323,0.6555842391
jitter_sigma0.0025,jitter,0.0025,topology_pair,down8k__to__noisy,nicp_p2p,45,0.02285131991,0.001967759266,0.08611140511,0.01940180631,0.01962014916,0.02168233342,0.0225910623,0.02425780642,0.02598598746,0.02765912023,0.002575472999,0.00825731392,0.2639187686,0.2475693668,0.2695954712,0.5879574182
jitter_sigma0.0025,jitter,0.0025,topology_pair,down8k__to__noisy,nicp_p2tri,45,0.0206134376,0.002154406526,0.104514665,0.01671955926,0.01703502142,0.01927621148,0.02028579519,0.02200726975,0.02409089241,0.02584143866,0.002731058279,0.009121879394,0.2889521737,0.2625251242,0.2978229237,0.5279602883
jitter_sigma0.0025,jitter,0.0025,topology_pair,down8k__to__original,latent_distance,45,0.4403629488,0.1094569388,0.2485607363,0.2273732126,0.2520537078,0.3600232899,0.4392345846,0.5161594152,0.6062676072,0.701620996,0.1561361253,0.4742477834,12.59930354,13.24712557,13.23202422,10.6345449
jitter_sigma0.0025,jitter,0.0025,topology_pair,down8k__to__original,raw_chamfer,45,0.04119659625,0.008687538833,0.2108800149,0.0266647133,0.02702535846,0.03581123836,0.04130262165,0.0475976538,0.05467689022,0.06250562286,0.01178641544,0.03584090956,1,1,1,1
jitter_sigma0.0025,jitter,0.0025,topology_pair,down8k__to__original,rigid_p2p,45,0.02787963608,0.005213141327,0.1869874238,0.02006147539,0.02101032932,0.02409713652,0.02757263858,0.02980538971,0.03648297177,0.04194820967,0.005708253185,0.02188673428,0.6000711395,0.4843078217,0.6106634722,0.6675759909
jitter_sigma0.0025,jitter,0.0025,topology_pair,down8k__to__original,nicp_p2p,45,0.02321849036,0.002263885646,0.09750356767,0.01896666297,0.01946858173,0.02214291749,0.02290930784,0.02473019321,0.02710405779,0.02940266859,0.002587275723,0.01043600562,0.2605899887,0.2195133658,0.2911758029,0.5546695808
jitter_sigma0.0025,jitter,0.0025,topology_pair,down8k__to__original,nicp_p2tri,45,0.02114852006,0.002430506598,0.1149256114,0.01645320017,0.01708132483,0.02002804092,0.02080921876,0.02262474584,0.02535348998,0.02775652085,0.00259670492,0.01130332069,0.2797692931,0.2203133713,0.315374828,0.503823194
jitter_sigma0.0025,jitter,0.0025,topology_pair,down8k__to__remesh,latent_distance,45,0.4260950327,0.08872352514,0.2082247347,0.2687226236,0.2805262446,0.3706843555,0.4354173541,0.489610523,0.5449316382,0.6174779534,0.1189261675,0.3487553298,14.26368357,12.59465295,14.75214361,11.12326905
jitter_sigma0.0025,jitter,0.0025,topology_pair,down8k__to__remesh,raw_chamfer,45,0.03878108814,0.006220239301,0.1603936248,0.02813517917,0.02901922073,0.03363223454,0.03914472916,0.04307482641,0.05056270462,0.05177617257,0.009442591864,0.02364099341,1,1,1,1
jitter_sigma0.0025,jitter,0.0025,topology_pair,down8k__to__remesh,rigid_p2p,45,0.02875765455,0.00580251227,0.2017727927,0.01993801436,0.02171354121,0.0240775287,0.02747482367,0.0321516204,0.03968438644,0.04464639423,0.008074091698,0.02470837987,0.9328438969,0.8550715539,1.045149815,0.7018779862
jitter_sigma0.0025,jitter,0.0025,topology_pair,down8k__to__remesh,nicp_p2p,45,0.02330046941,0.001984036583,0.0851500692,0.01956959828,0.020029061,0.02199605426,0.02330411243,0.02459933058,0.02672764132,0.0280762315,0.00260327632,0.008506633222,0.318964671,0.2756951012,0.3598255401,0.5953320647
jitter_sigma0.0025,jitter,0.0025,topology_pair,down8k__to__remesh,nicp_p2tri,45,0.02120621967,0.002155179191,0.1016295796,0.01709973999,0.01766233264,0.01985197912,0.02114062334,0.02263808808,0.02486393255,0.02642178641,0.002786108966,0.009322046419,0.3464785013,0.2950576501,0.3943170348,0.5400630889
jitter_sigma0.0025,jitter,0.0025,topology_pair,down8k__to__up60k,latent_distance,45,0.4174255427,0.1049627015,0.2514525125,0.224998787,0.2522540867,0.342984587,0.4056033194,0.4860988557,0.5626937628,0.6740522385,0.1431142688,0.4490534514,15.72765249,13.54059134,15.66524117,12.07580237
jitter_sigma0.0025,jitter,0.0025,topology_pair,down8k__to__up60k,raw_chamfer,45,0.03427097279,0.006673767846,0.1947352906,0.0220293207,0.0246681088,0.02898044968,0.03358810513,0.03954972728,0.04601892833,0.05069491523,0.0105692776,0.02866559453,1,1,1,1
jitter_sigma0.0025,jitter,0.0025,topology_pair,down8k__to__up60k,rigid_p2p,45,0.02737403204,0.005260012857,0.1921533828,0.01983998033,0.02132812383,0.02384046562,0.02659626817,0.0287429169,0.03596500739,0.04180201031,0.004902451282,0.02196202998,0.7881623962,0.4638397691,0.7661459788,0.7918359213
jitter_sigma0.0025,jitter,0.0025,topology_pair,down8k__to__up60k,nicp_p2p,45,0.02286781449,0.002190355786,0.09578334591,0.01925548716,0.01943098062,0.02180583261,0.02259222762,0.02412164591,0.02643937305,0.02973232275,0.002315813298,0.01047683559,0.3282037728,0.219108002,0.3654846783,0.6726258457
jitter_sigma0.0025,jitter,0.0025,topology_pair,down8k__to__up60k,nicp_p2tri,45,0.02073695264,0.002359745167,0.1137942111,0.01653613808,0.01704016106,0.01954499229,0.02051102589,0.02198292998,0.02441367599,0.02804918746,0.002437937693,0.01151304939,0.3535851443,0.2306626607,0.401633023,0.6106633826
jitter_sigma0.0025,jitter,0.0025,topology_pair,noisy__to__crop,latent_distance,45,0.4708910512,0.1017757531,0.2161343965,0.2098053992,0.3285418034,0.4036006629,0.4699914455,0.5382228494,0.6367864847,0.6495244503,0.1346221864,0.4397190511,6.185033269,4.768932462,7.273930337,8.902643994
jitter_sigma0.0025,jitter,0.0025,topology_pair,noisy__to__crop,raw_chamfer,45,0.05638936101,0.01645516665,0.29181332,0.02785320408,0.0351429491,0.04244179674,0.05279234415,0.07067079505,0.08055591234,0.08830457366,0.02822899831,0.06045136958,1,1,1,1
jitter_sigma0.0025,jitter,0.0025,topology_pair,noisy__to__crop,rigid_p2p,45,0.03544155194,0.0069183686,0.1952050128,0.02434508084,0.02747981499,0.02960872965,0.03376964086,0.03922285508,0.04834859379,0.05452498116,0.009614125432,0.03017990032,0.420437468,0.3405762162,0.4992426231,0.6396692818
jitter_sigma0.0025,jitter,0.0025,topology_pair,noisy__to__crop,nicp_p2p,45,0.0276138429,0.002401917809,0.08698238118,0.02216036393,0.02416893064,0.0257695459,0.02794588051,0.02923990251,0.03119189083,0.03296730918,0.003470356614,0.01080694525,0.1459673949,0.1229358752,0.1787708918,0.529354795
jitter_sigma0.0025,jitter,0.0025,topology_pair,noisy__to__crop,nicp_p2tri,45,0.0258679548,0.002538951433,0.09815045113,0.02015422735,0.0222740645,0.02406594,0.02628353727,0.02754546529,0.02975518914,0.03138833887,0.003479525291,0.01123411152,0.1542950909,0.1232606716,0.1858371713,0.4978664557
jitter_sigma0.0025,jitter,0.0025,topology_pair,noisy__to__down8k,latent_distance,45,0.4230299069,0.09902393733,0.2340825925,0.2421201169,0.2768937111,0.3371776938,0.429104954,0.4948334992,0.5765990973,0.6553994417,0.1576558053,0.4132793248,13.92249609,21.53727918,13.29190474,13.69824883
jitter_sigma0.0025,jitter,0.0025,topology_pair,noisy__to__down8k,raw_chamfer,45,0.03317255884,0.007112513208,0.2144095438,0.02273089322,0.02480752775,0.02816826513,0.0313255336,0.03548840079,0.04857999899,0.05382345165,0.007320135661,0.03109255843,1,1,1,1
jitter_sigma0.0025,jitter,0.0025,topology_pair,noisy__to__down8k,rigid_p2p,45,0.02748028125,0.005768549795,0.2099159664,0.02122157025,0.02200620437,0.02338967719,0.02572104566,0.02953071241,0.03935667691,0.0498191437,0.00614103522,0.02859757345,0.8110424019,0.8389236899,0.9197562019,0.8210888277
jitter_sigma0.0025,jitter,0.0025,topology_pair,noisy__to__down8k,nicp_p2p,45,0.02217585253,0.001632267138,0.07360560933,0.01936893307,0.02004609919,0.02098891969,0.02190194172,0.02308473834,0.02554335839,0.0266563519,0.002095818647,0.00728741883,0.2294923173,0.2863087167,0.2343782306,0.6991721833
jitter_sigma0.0025,jitter,0.0025,topology_pair,noisy__to__down8k,nicp_p2tri,45,0.02016636935,0.00172849106,0.08571156409,0.01729315675,0.01796525796,0.01893347045,0.01986860873,0.02116038568,0.02384140035,0.02490858546,0.002226915234,0.007615428718,0.2430211388,0.3042177546,0.2449276966,0.6342624196
jitter_sigma0.0025,jitter,0.0025,topology_pair,noisy__to__original,latent_distance,45,0.4250206255,0.1112126289,0.2616640752,0.229133904,0.2436333597,0.3500519395,0.4280130565,0.501288116,0.5969850898,0.6801054478,0.1512361765,0.4509715438,19.34642394,15.85747736,19.57789621,13.51274132
jitter_sigma0.0025,jitter,0.0025,topology_pair,noisy__to__original,raw_chamfer,45,0.03163768302,0.005748485055,0.1816974097,0.0216663146,0.02381805804,0.0264125845,0.03167477616,0.03594979985,0.04006889377,0.04470104412,0.009537215349,0.02303472952,1,1,1,1
jitter_sigma0.0025,jitter,0.0025,topology_pair,noisy__to__original,rigid_p2p,45,0.02757277054,0.005160623228,0.1871637535,0.02147582903,0.02197073395,0.02369497103,0.02662308746,0.0288514836,0.03770936437,0.04509406208,0.005156512571,0.02361823304,0.8977362173,0.5406727626,1.025331468,0.8405138311
jitter_sigma0.0025,jitter,0.0025,topology_pair,noisy__to__original,nicp_p2p,45,0.02296069075,0.001897982051,0.0826622366,0.01951067356,0.01980569191,0.0218563407,0.02288541208,0.02421215154,0.02626303913,0.02841141111,0.002355810844,0.008900737551,0.3301708246,0.2470124411,0.3864051255,0.7225121959
jitter_sigma0.0025,jitter,0.0025,topology_pair,noisy__to__original,nicp_p2tri,45,0.02096584963,0.002006876505,0.09572121047,0.01720089914,0.01764415386,0.0199297766,0.02086256299,0.02234884731,0.0244628584,0.02678545078,0.002419070702,0.009584551639,0.3491139815,0.2536453895,0.4160913472,0.6586491057
jitter_sigma0.0025,jitter,0.0025,topology_pair,noisy__to__remesh,latent_distance,45,0.4386460039,0.08979668331,0.2047133281,0.2724814117,0.3043866694,0.3515330255,0.4364846945,0.5070667267,0.5641891122,0.6693364978,0.1555337012,0.3968550861,14.61836945,19.48228311,15.45632364,13.09483843
jitter_sigma0.0025,jitter,0.0025,topology_pair,noisy__to__remesh,raw_chamfer,45,0.03455741565,0.006142729094,0.1777542961,0.02640411387,0.02751804708,0.02976884876,0.0333325758,0.03775218933,0.04603600595,0.05208001814,0.007983340573,0.02567590426,1,1,1,1
jitter_sigma0.0025,jitter,0.0025,topology_pair,noisy__to__remesh,rigid_p2p,45,0.02843494068,0.006044230551,0.2125635013,0.02057101855,0.02175973635,0.02416444786,0.02662422871,0.03098764456,0.03834813611,0.04853670414,0.0068231967,0.02796568559,0.9839650191,0.8546793962,1.089180163,0.7987450136
jitter_sigma0.0025,jitter,0.0025,topology_pair,noisy__to__remesh,nicp_p2p,45,0.02314991155,0.001665684698,0.07195209771,0.02030962039,0.02043488391,0.02223622763,0.02314063705,0.02407208652,0.02549132831,0.02727365992,0.001835858889,0.006964039525,0.2711636265,0.2299612389,0.2712285984,0.6942348888
jitter_sigma0.0025,jitter,0.0025,topology_pair,noisy__to__remesh,nicp_p2tri,45,0.02118884055,0.001794616622,0.08469631068,0.01807962743,0.01828056807,0.02017330442,0.02123976301,0.02221281982,0.02377792488,0.02551278815,0.002039515396,0.007433160717,0.292152982,0.2554714255,0.2894994716,0.6372073715
jitter_sigma0.0025,jitter,0.0025,topology_pair,noisy__to__up60k,latent_distance,45,0.4342298938,0.1016290428,0.2340443259,0.2518143058,0.2888508558,0.3523333669,0.4388626516,0.5085953474,0.5926134586,0.6792945862,0.1562619805,0.4274802804,16.56431967,23.3090941,16.80875354,14.08416787
jitter_sigma0.0025,jitter,0.0025,topology_pair,noisy__to__up60k,raw_chamfer,45,0.0321517573,0.00613541907,0.1908268656,0.02302920821,0.02357942136,0.0274900499,0.03115999863,0.03419395611,0.04461385893,0.04846121181,0.006703906203,0.0254320036,1,1,1,1
jitter_sigma0.0025,jitter,0.0025,topology_pair,noisy__to__up60k,rigid_p2p,45,0.02743536289,0.005210515348,0.1899196802,0.02004185659,0.02163407981,0.02385201464,0.02655532318,0.029059984,0.03729622726,0.04545716086,0.005207969354,0.02541530427,0.8492517444,0.7768559399,0.9993433735,0.8522247866
jitter_sigma0.0025,jitter,0.0025,topology_pair,noisy__to__up60k,nicp_p2p,45,0.02306930227,0.001857481323,0.080517447,0.01954856066,0.02000398313,0.02220922815,0.02304743872,0.02379745558,0.02595384504,0.02885282279,0.001588227426,0.009304262136,0.3027472617,0.2369107469,0.3658485695,0.7396482585
jitter_sigma0.0025,jitter,0.0025,topology_pair,noisy__to__up60k,nicp_p2tri,45,0.02111823469,0.001967499992,0.09316593083,0.01746611013,0.01779665932,0.02009916085,0.02116293335,0.0220518228,0.02398306859,0.02733986809,0.001952661959,0.009873757964,0.3206789902,0.2912722672,0.3882414504,0.6791699064
jitter_sigma0.0025,jitter,0.0025,topology_pair,original__to__crop,latent_distance,45,0.4691847053,0.1003236805,0.2138255561,0.217802614,0.3360149264,0.3925418258,0.4664327204,0.5447782874,0.637812531,0.6437350512,0.1522364616,0.4259324372,6.216310126,5.559212418,7.032574935,8.826531759
jitter_sigma0.0025,jitter,0.0025,topology_pair,original__to__crop,raw_chamfer,45,0.05551737216,0.01613878305,0.2906978919,0.02841516802,0.03375318614,0.04184018238,0.05284439383,0.06922472001,0.0789215259,0.08898081305,0.02738453763,0.06056564504,1,1,1,1
jitter_sigma0.0025,jitter,0.0025,topology_pair,original__to__crop,rigid_p2p,45,0.03457563636,0.007083923896,0.2048819528,0.02334752287,0.02643360635,0.02913124267,0.03302986519,0.03788241118,0.0480068377,0.05328192143,0.008751168512,0.02993439857,0.438937922,0.3195660497,0.4942471685,0.6250400997
jitter_sigma0.0025,jitter,0.0025,topology_pair,original__to__crop,nicp_p2p,45,0.02672912497,0.002457828028,0.09195317957,0.0216189312,0.02331463391,0.02506179935,0.02609606442,0.02830877174,0.03059943155,0.03260297526,0.003246972387,0.01098404406,0.152293269,0.118569553,0.1813576665,0.4938284372
jitter_sigma0.0025,jitter,0.0025,topology_pair,original__to__crop,nicp_p2tri,45,0.02491583849,0.002631970207,0.1056344224,0.01949535806,0.02128633169,0.02313761453,0.02435595985,0.02661047616,0.0290514997,0.03112306982,0.003472861635,0.01162771176,0.1630835608,0.1268183412,0.1919852707,0.4608995976
jitter_sigma0.0025,jitter,0.0025,topology_pair,original__to__down8k,latent_distance,45,0.4288101276,0.09941843029,0.2318472067,0.2509554327,0.2855412662,0.3498227,0.4245555401,0.5022123456,0.5955916405,0.6582000256,0.1523896456,0.4072445929,11.67955828,15.37373041,11.15445314,12.82466712
jitter_sigma0.0025,jitter,0.0025,topology_pair,original__to__down8k,raw_chamfer,45,0.03519737413,0.008512173823,0.241841161,0.0231364832,0.02520211885,0.02889803689,0.03310460507,0.03881037706,0.05323282144,0.05964608056,0.009912340173,0.03650959735,1,1,1,1
jitter_sigma0.0025,jitter,0.0025,topology_pair,original__to__down8k,rigid_p2p,45,0.02788933463,0.006455813733,0.2314796613,0.02033095429,0.02106139283,0.02353915825,0.02619793813,0.02985124978,0.04035324311,0.04949245353,0.00631209153,0.02916149924,0.758421276,0.6367912542,0.7987351643,0.7913683934
jitter_sigma0.0025,jitter,0.0025,topology_pair,original__to__down8k,nicp_p2p,45,0.02142194859,0.001622723381,0.07575050301,0.01882944879,0.01941838402,0.02001856405,0.02128047468,0.02235469273,0.02456153238,0.02584270741,0.002336128683,0.007013258621,0.190635602,0.2356788248,0.1920935625,0.6428252091
jitter_sigma0.0025,jitter,0.0025,topology_pair,original__to__down8k,nicp_p2tri,45,0.01932143091,0.001751747075,0.09066342358,0.01646568069,0.01715941504,0.01780168519,0.01915751151,0.02035184327,0.02277106993,0.02392584968,0.002550158087,0.007460168987,0.2057931512,0.2572710422,0.2043344635,0.5786962711
jitter_sigma0.0025,jitter,0.0025,topology_pair,original__to__noisy,latent_distance,45,0.4255763627,0.1059674791,0.2489975676,0.2321840972,0.2546583235,0.3364557326,0.4250276387,0.494024843,0.605998981,0.640978992,0.1575691104,0.4087948948,19.1292318,23.91325132,16.6013188,14.49478053
jitter_sigma0.0025,jitter,0.0025,topology_pair,original__to__noisy,raw_chamfer,45,0.03049715864,0.005539557483,0.1816417571,0.02266837871,0.0236014703,0.02642559974,0.02932280609,0.03301479618,0.04021005998,0.04729262091,0.006589196438,0.0246242422,1,1,1,1
jitter_sigma0.0025,jitter,0.0025,topology_pair,original__to__noisy,rigid_p2p,45,0.02571195877,0.004936856477,0.1920062381,0.01999781877,0.02055370493,0.02229533841,0.02413139341,0.02760512262,0.03441251881,0.04323564515,0.005309784216,0.02323782638,0.8912005142,0.8058318288,0.9436971176,0.8229564842
jitter_sigma0.0025,jitter,0.0025,topology_pair,original__to__noisy,nicp_p2p,45,0.02184483324,0.001553486751,0.0711146079,0.01912052272,0.01952285678,0.02089093256,0.0217300026,0.02288446504,0.02454872676,0.02588547213,0.001993532476,0.006764949414,0.2804351711,0.3025456131,0.2747272123,0.7410614978
jitter_sigma0.0025,jitter,0.0025,topology_pair,original__to__noisy,nicp_p2tri,45,0.01952469379,0.001727266571,0.08846574444,0.01662602882,0.01676264237,0.01833430418,0.01933266173,0.02072011276,0.02267839759,0.02385515311,0.002385808582,0.007229124288,0.3118058755,0.3620788368,0.2935775335,0.659304627
jitter_sigma0.0025,jitter,0.0025,topology_pair,original__to__remesh,latent_distance,45,0.4485471361,0.09134808052,0.2036532466,0.2832477093,0.3146788359,0.3674682379,0.4499604404,0.5229662657,0.5795203567,0.6792112589,0.1554980278,0.3959635496,13.10676449,17.24126405,13.28540897,13.29711449
jitter_sigma0.0025,jitter,0.0025,topology_pair,original__to__remesh,raw_chamfer,45,0.03550442686,0.006969537035,0.1963005082,0.0263428168,0.02795190358,0.03045635405,0.03383895361,0.03947529996,0.05019124864,0.05614720976,0.009018945906,0.02980439295,1,1,1,1
jitter_sigma0.0025,jitter,0.0025,topology_pair,original__to__remesh,rigid_p2p,45,0.02769719578,0.005974365342,0.2157028961,0.01979558943,0.02075114469,0.02365383568,0.02620554084,0.02959653673,0.04066040033,0.04592303491,0.005942701054,0.02612744548,0.8572112197,0.6589130388,0.8766306873,0.7744193612
jitter_sigma0.0025,jitter,0.0025,topology_pair,original__to__remesh,nicp_p2p,45,0.02221074837,0.001711863566,0.07707365541,0.01922846401,0.01937509901,0.02131834136,0.02235465437,0.0231796101,0.02485638355,0.02695572686,0.001861268741,0.007727262847,0.2456208436,0.2063732015,0.2592659028,0.6606189609
jitter_sigma0.0025,jitter,0.0025,topology_pair,original__to__remesh,nicp_p2tri,45,0.02014928732,0.001847907472,0.09171081057,0.01677054168,0.01704842223,0.01924399775,0.02024259556,0.02111578491,0.02300664832,0.02509011801,0.001871787165,0.008319576333,0.2651406346,0.2075394602,0.2791392647,0.5982039455
jitter_sigma0.0025,jitter,0.0025,topology_pair,original__to__up60k,latent_distance,45,0.4412747496,0.1007782065,0.2283797263,0.2649241388,0.3001550674,0.3578679264,0.4284919202,0.5210992098,0.5988261819,0.6818237305,0.1632312834,0.4168995917,13.84113892,17.50341712,13.7376962,13.43698761
jitter_sigma0.0025,jitter,0.0025,topology_pair,original__to__up60k,raw_chamfer,45,0.0333679283,0.007281063147,0.2182054301,0.02234972474,0.02396366452,0.02806410481,0.03188898677,0.03738978575,0.04872115461,0.05269685032,0.009325680942,0.03034712558,1,1,1,1
jitter_sigma0.0025,jitter,0.0025,topology_pair,original__to__up60k,rigid_p2p,45,0.02709843155,0.005127039944,0.1892006161,0.02078088487,0.02132151503,0.02312209273,0.02630721457,0.02921387252,0.03619300486,0.04487686597,0.006091779793,0.0240959811,0.7041608952,0.6532262717,0.7940119745,0.8249623846
jitter_sigma0.0025,jitter,0.0025,topology_pair,original__to__up60k,nicp_p2p,45,0.0223008439,0.001795796288,0.0805259342,0.01956622501,0.01990851336,0.02098821518,0.02200800046,0.02356351198,0.02561030055,0.02722228424,0.002575296799,0.007656059229,0.2466392959,0.2761510731,0.2522828466,0.6901442376
jitter_sigma0.0025,jitter,0.0025,topology_pair,original__to__up60k,nicp_p2tri,45,0.02026080212,0.001914486069,0.09449211626,0.01731821705,0.01764598797,0.01880781125,0.01985469956,0.0215979885,0.02377173655,0.02559310849,0.002790177257,0.008274891443,0.2629404567,0.2991928713,0.2726746367,0.6226193296
jitter_sigma0.0025,jitter,0.0025,topology_pair,remesh__to__crop,latent_distance,45,0.4909982251,0.1064398478,0.2167825511,0.2041892111,0.3330018997,0.4187944829,0.4785155356,0.5817322731,0.6761124372,0.700320363,0.1629377902,0.4961311519,6.0222858,6.444455704,6.925660102,7.875850821
jitter_sigma0.0025,jitter,0.0025,topology_pair,remesh__to__crop,raw_chamfer,45,0.0612200924,0.01767432688,0.2887014082,0.02816975863,0.03842267903,0.046264117,0.06075731327,0.07154752303,0.08991049897,0.09980641775,0.02528340602,0.07163665912,1,1,1,1
jitter_sigma0.0025,jitter,0.0025,topology_pair,remesh__to__crop,rigid_p2p,45,0.03454199836,0.007016036037,0.2031161013,0.02564474669,0.02623245619,0.02968484347,0.03300479573,0.03674521118,0.04792120572,0.05418026908,0.007060367708,0.0285355224,0.3969619937,0.2792490736,0.3983368676,0.5432234237
jitter_sigma0.0025,jitter,0.0025,topology_pair,remesh__to__crop,nicp_p2p,45,0.02791889666,0.002763025173,0.09896613059,0.02181365768,0.02410481354,0.02643945879,0.02751258492,0.02942800807,0.03208331368,0.03539801762,0.002988549274,0.01358435994,0.1563298671,0.1182020046,0.1896286079,0.4528275435
jitter_sigma0.0025,jitter,0.0025,topology_pair,remesh__to__crop,nicp_p2tri,45,0.02603752316,0.002903506761,0.1115124024,0.01943172018,0.02190300467,0.02437468946,0.0255687937,0.02773805748,0.03047193023,0.03378280548,0.00336336802,0.0143510853,0.1642782087,0.1330266981,0.2003315827,0.4208348317
jitter_sigma0.0025,jitter,0.0025,topology_pair,remesh__to__down8k,latent_distance,45,0.4139788525,0.1050149246,0.2536721959,0.2050159276,0.2662190795,0.3352938592,0.4217711985,0.4826576412,0.5847299933,0.624316752,0.1473637819,0.4193008244,16.4472111,19.3993026,13.94377042,11.50379039
jitter_sigma0.0025,jitter,0.0025,topology_pair,remesh__to__down8k,raw_chamfer,45,0.03743978689,0.006384968488,0.170539659,0.02842214255,0.02978554827,0.03277279276,0.03666367207,0.04036913707,0.04926264797,0.05849297791,0.007596344311,0.03007083535,1,1,1,1
jitter_sigma0.0025,jitter,0.0025,topology_pair,remesh__to__down8k,rigid_p2p,45,0.0307924637,0.006846807869,0.2223533633,0.02074743931,0.02320555887,0.02627372919,0.02833052944,0.03456561788,0.04433462305,0.05398560991,0.008291888686,0.0332381706,1.072332288,1.09156304,1.105329141,0.772713911
jitter_sigma0.0025,jitter,0.0025,topology_pair,remesh__to__down8k,nicp_p2p,45,0.02260076001,0.001966153506,0.08699501724,0.01937062749,0.01962172446,0.02093797935,0.02258834363,0.02406087123,0.0260175026,0.0278222535,0.003122891875,0.008451626012,0.3079347236,0.4111045717,0.2810572408,0.6160960525
jitter_sigma0.0025,jitter,0.0025,topology_pair,remesh__to__down8k,nicp_p2tri,45,0.02045714179,0.002108649684,0.1030764564,0.017040051,0.01738576411,0.0186417556,0.02052653972,0.02202828579,0.02393214705,0.02618427225,0.003386530191,0.00914422125,0.3302521677,0.4458105178,0.3040893657,0.5598604438
jitter_sigma0.0025,jitter,0.0025,topology_pair,remesh__to__noisy,latent_distance,45,0.4391961621,0.1106765589,0.2519980101,0.194878459,0.2584686935,0.3663799763,0.4399463236,0.5069308281,0.6258016109,0.6743611693,0.1405508518,0.4794827104,18.21697819,14.2400711,18.36000654,12.82080103
jitter_sigma0.0025,jitter,0.0025,topology_pair,remesh__to__noisy,raw_chamfer,45,0.03609893238,0.006075462007,0.1683003238,0.02695767401,0.02888325213,0.0311996167,0.03431504184,0.04106971151,0.04595498535,0.05307328074,0.009870094807,0.02611560674,1,1,1,1
jitter_sigma0.0025,jitter,0.0025,topology_pair,remesh__to__noisy,rigid_p2p,45,0.0276522571,0.00528414015,0.1910925438,0.02098544287,0.02268077315,0.02416475689,0.02604032208,0.0291727896,0.03864523136,0.0484656941,0.005008032711,0.02748025124,0.8697511636,0.5073945903,1.052253984,0.7588602746
jitter_sigma0.0025,jitter,0.0025,topology_pair,remesh__to__noisy,nicp_p2p,45,0.02321786352,0.001646575745,0.07091848668,0.02015917318,0.02063682078,0.02212267486,0.02302351007,0.02436866522,0.02618556645,0.02744222375,0.002245990354,0.00728305057,0.2710206636,0.2275550942,0.2788773259,0.6709451258
jitter_sigma0.0025,jitter,0.0025,topology_pair,remesh__to__noisy,nicp_p2tri,45,0.02094689358,0.001776843537,0.0848261118,0.01775788477,0.01829448533,0.01963828393,0.02084181938,0.02221222634,0.02414807107,0.02533556408,0.002573942407,0.007577679314,0.2924622909,0.2607819335,0.2901590375,0.6073668649
jitter_sigma0.0025,jitter,0.0025,topology_pair,remesh__to__original,latent_distance,45,0.4469037897,0.1146149468,0.2564644772,0.197134763,0.2599819362,0.3695931435,0.4561477304,0.5220281482,0.6385602117,0.6822750568,0.1524350047,0.4851402938,16.22309902,12.80060065,17.8163129,12.57999247
jitter_sigma0.0025,jitter,0.0025,topology_pair,remesh__to__original,raw_chamfer,45,0.03777915214,0.007064923086,0.1870058666,0.02635476402,0.02906462192,0.03179650422,0.03625977769,0.04370493015,0.05056907933,0.05358488153,0.01190842593,0.02723011751,1,1,1,1
jitter_sigma0.0025,jitter,0.0025,topology_pair,remesh__to__original,rigid_p2p,45,0.02866812079,0.005774553258,0.2014276869,0.02151717085,0.02282207101,0.02503747144,0.0269831001,0.03034168795,0.0407247224,0.05013469286,0.005304216507,0.02861752201,0.8173554316,0.4454170968,1.050951102,0.7441606603
jitter_sigma0.0025,jitter,0.0025,topology_pair,remesh__to__original,nicp_p2p,45,0.02321679136,0.001972166107,0.08494567901,0.01920976544,0.02081694448,0.02154698499,0.0232918146,0.02422483371,0.02718268378,0.02911503775,0.002677848728,0.009905272317,0.2791489848,0.224870083,0.3637616443,0.6423595534
jitter_sigma0.0025,jitter,0.0025,topology_pair,remesh__to__original,nicp_p2tri,45,0.02111246864,0.002096181789,0.09928643707,0.01692002542,0.01852932704,0.01937833067,0.02116402163,0.02223408993,0.02532874383,0.02724635736,0.002855759269,0.01032633193,0.2967027048,0.2398099702,0.3792246556,0.5836776444
jitter_sigma0.0025,jitter,0.0025,topology_pair,remesh__to__up60k,latent_distance,45,0.4184165746,0.1088585796,0.2601679431,0.199436605,0.2688105285,0.3379183412,0.4210436642,0.4709237516,0.6041536212,0.6486386657,0.1330054104,0.4492020607,17.72894639,13.83240448,15.99343331,12.68486016
jitter_sigma0.0025,jitter,0.0025,topology_pair,remesh__to__up60k,raw_chamfer,45,0.03420076697,0.006140160685,0.1795328359,0.02528376568,0.02641237198,0.02932219199,0.03319261378,0.03893768657,0.04438053815,0.05337042175,0.009615494586,0.02808665607,1,1,1,1
jitter_sigma0.0025,jitter,0.0025,topology_pair,remesh__to__up60k,rigid_p2p,45,0.02931156032,0.00563746225,0.1923289715,0.02176437702,0.02348540633,0.02548434137,0.02756391348,0.03163749627,0.04040476609,0.04918381185,0.006153154902,0.02741943483,0.9181294334,0.639920791,0.9762441911,0.8304231074
jitter_sigma0.0025,jitter,0.0025,topology_pair,remesh__to__up60k,nicp_p2p,45,0.02330621769,0.00196787032,0.08443542175,0.01890294484,0.02021136679,0.02200285913,0.02320365702,0.02444722507,0.0271821867,0.02866035234,0.002444365943,0.009757407496,0.3204916648,0.2542111507,0.3474036736,0.6990608566
jitter_sigma0.0025,jitter,0.0025,topology_pair,remesh__to__up60k,nicp_p2tri,45,0.02120211032,0.002092792102,0.09870678301,0.0166545848,0.01781349179,0.01981809573,0.02111018257,0.02248888918,0.02526672459,0.02679696326,0.002670793451,0.01014237846,0.3408366995,0.2777593421,0.3611102167,0.6359903655
jitter_sigma0.0025,jitter,0.0025,topology_pair,up60k__to__crop,latent_distance,45,0.479267584,0.1029887824,0.2148878536,0.2053809464,0.3225180447,0.4205166996,0.486178875,0.5498705506,0.6472015977,0.6672801375,0.1293538511,0.4618991911,5.739290552,4.259574391,6.464252059,7.439124959
jitter_sigma0.0025,jitter,0.0025,topology_pair,up60k__to__crop,raw_chamfer,45,0.066259113,0.01794451448,0.2708233429,0.03157888528,0.04470271021,0.04944074213,0.0653543095,0.0798085299,0.09247769024,0.1030332758,0.03036778777,0.07145439054,1,1,1,1
jitter_sigma0.0025,jitter,0.0025,topology_pair,up60k__to__crop,rigid_p2p,45,0.035569361,0.006754375087,0.189893068,0.02435394265,0.02741849662,0.02992932809,0.03551986571,0.03917279429,0.04715205049,0.05322467326,0.009243466208,0.02887073062,0.3764033346,0.3043839176,0.4040441798,0.5434969167
jitter_sigma0.0025,jitter,0.0025,topology_pair,up60k__to__crop,nicp_p2p,45,0.02811713829,0.002694673465,0.09583740127,0.0223869671,0.02438317002,0.02624975353,0.02762661864,0.0297999949,0.03240851119,0.03466502355,0.003550241376,0.01227805645,0.1501669754,0.1169081332,0.1718306791,0.4227206874
jitter_sigma0.0025,jitter,0.0025,topology_pair,up60k__to__crop,nicp_p2tri,45,0.02639936639,0.002857291419,0.1082333332,0.02025319675,0.02241632497,0.02422426324,0.02590114315,0.02811530846,0.03097640888,0.03323518098,0.003891045217,0.01298198423,0.1592292409,0.1281306774,0.1816821071,0.396318825
jitter_sigma0.0025,jitter,0.0025,topology_pair,up60k__to__down8k,latent_distance,45,0.4017356823,0.10276754,0.2558088429,0.2066399455,0.2498126686,0.3219982088,0.3981155157,0.4784162045,0.5383889794,0.624687016,0.1564179957,0.4180470705,17.69073331,20.30355399,15.12645039,12.85937367
jitter_sigma0.0025,jitter,0.0025,topology_pair,up60k__to__down8k,raw_chamfer,45,0.03211344395,0.005809117023,0.1808936167,0.02293462369,0.02483119031,0.02737761504,0.03095916846,0.03508158626,0.04230635843,0.05057144924,0.007703971224,0.02763682554,1,1,1,1
jitter_sigma0.0025,jitter,0.0025,topology_pair,up60k__to__down8k,rigid_p2p,45,0.02740559524,0.005802741134,0.2117356358,0.02000078064,0.02172799526,0.02334043821,0.02582361525,0.02881826584,0.03958073083,0.04880836144,0.005477827629,0.02880758081,0.998902434,0.7110394717,1.042362147,0.8341185032
jitter_sigma0.0025,jitter,0.0025,topology_pair,up60k__to__down8k,nicp_p2p,45,0.02184402513,0.001760250772,0.08058271134,0.01950492465,0.01968673973,0.02058257744,0.02164301147,0.02274119241,0.02572986942,0.02667303365,0.002158614968,0.007168108994,0.3030152026,0.2801950975,0.2593680299,0.6990824544
jitter_sigma0.0025,jitter,0.0025,topology_pair,up60k__to__down8k,nicp_p2tri,45,0.01976945857,0.001886839743,0.09544215572,0.01735715456,0.01743892272,0.01847327206,0.01945631543,0.02063950488,0.02385266162,0.02479467225,0.002166232813,0.007437517693,0.3248066334,0.281183918,0.2691162081,0.6284508402
jitter_sigma0.0025,jitter,0.0025,topology_pair,up60k__to__noisy,latent_distance,45,0.4307883011,0.1068389492,0.2480080097,0.2065258026,0.2475079834,0.3464845419,0.4333217442,0.5122618675,0.585190022,0.6523481607,0.1657773256,0.4458223581,16.45021963,15.73831727,17.03142912,12.77718175
jitter_sigma0.0025,jitter,0.0025,topology_pair,up60k__to__noisy,raw_chamfer,45,0.03503526377,0.006494682234,0.1853755769,0.02306507621,0.02568029978,0.02972658832,0.03391371843,0.04025994604,0.04667866612,0.04924152652,0.01053335772,0.02617645032,1,1,1,1
jitter_sigma0.0025,jitter,0.0025,topology_pair,up60k__to__noisy,rigid_p2p,45,0.02625557384,0.004510037752,0.1717744879,0.02111074185,0.02142232148,0.02314938331,0.02504128215,0.0282050815,0.03530480257,0.04209874882,0.005055698199,0.02098800697,0.6944200794,0.4799702369,0.8017896512,0.7383820857
jitter_sigma0.0025,jitter,0.0025,topology_pair,up60k__to__noisy,nicp_p2p,45,0.0228570021,0.001724005727,0.07542571504,0.01992914828,0.02034480485,0.02172163461,0.02281260352,0.02377041827,0.02612234553,0.02762862208,0.002048783657,0.007699473799,0.2654488188,0.1945043273,0.2941374291,0.6726659469
jitter_sigma0.0025,jitter,0.0025,topology_pair,up60k__to__noisy,nicp_p2tri,45,0.02071106733,0.001904894075,0.09197469375,0.01746908926,0.01791074469,0.01941871751,0.02072167724,0.02158879309,0.02447841674,0.02594622968,0.002170075581,0.008477140421,0.2933005814,0.2060193567,0.3238460646,0.6110116553
jitter_sigma0.0025,jitter,0.0025,topology_pair,up60k__to__original,latent_distance,45,0.4376248174,0.1106766482,0.2529030433,0.2102496773,0.2407149136,0.3547083437,0.4470208287,0.5247396231,0.5961461782,0.6807461977,0.1700312793,0.4704965204,14.1859569,14.27838892,14.45425021,12.1399437
jitter_sigma0.0025,jitter,0.0025,topology_pair,up60k__to__original,raw_chamfer,45,0.03784490533,0.007801845794,0.2061531328,0.02307221476,0.02591145527,0.03188273348,0.03682231483,0.04379102932,0.04853866692,0.05562295337,0.01190829584,0.0325507386,1,1,1,1
jitter_sigma0.0025,jitter,0.0025,topology_pair,up60k__to__original,rigid_p2p,45,0.02732947033,0.005061324902,0.185196597,0.02104029928,0.0214346934,0.02358770532,0.02608994039,0.03016536121,0.03722354932,0.04346752214,0.006577655895,0.02242722286,0.6487342913,0.5523591271,0.6889927486,0.7085361285
jitter_sigma0.0025,jitter,0.0025,topology_pair,up60k__to__original,nicp_p2p,45,0.02317530267,0.002187321449,0.09438156987,0.01957272867,0.01993290111,0.02192274147,0.0229529683,0.02421411982,0.02723177119,0.0292547167,0.00229137835,0.009681988026,0.2803594824,0.1924186618,0.2974429596,0.6233439806
jitter_sigma0.0025,jitter,0.0025,topology_pair,up60k__to__original,nicp_p2tri,45,0.02121931728,0.00236248402,0.1113364766,0.01742069024,0.01769658517,0.01995711291,0.02106865571,0.02236220408,0.02572611067,0.02777890682,0.002405091169,0.01035821658,0.3028109095,0.201967704,0.3182175589,0.5721708646
jitter_sigma0.0025,jitter,0.0025,topology_pair,up60k__to__remesh,latent_distance,45,0.4143246022,0.09186381365,0.2217194277,0.2545104325,0.2710754514,0.3532631993,0.4352774024,0.4792561531,0.5452150345,0.6050915718,0.1259929538,0.3505811393,14.7217624,13.0140751,13.0377711,13.07130232
jitter_sigma0.0025,jitter,0.0025,topology_pair,up60k__to__remesh,raw_chamfer,45,0.03472348938,0.006240001105,0.1797054736,0.0237092241,0.02671596666,0.02995777557,0.03330023219,0.03963905932,0.04428419295,0.05059887699,0.009681283748,0.02688965289,1,1,1,1
jitter_sigma0.0025,jitter,0.0025,topology_pair,up60k__to__remesh,rigid_p2p,45,0.02785307309,0.005742858359,0.2061840121,0.01999899225,0.02129664627,0.02396062352,0.02643219567,0.0302413832,0.03894809118,0.04616144587,0.006280759676,0.02616245362,0.9203297023,0.6487527728,0.9729561675,0.7937540952
jitter_sigma0.0025,jitter,0.0025,topology_pair,up60k__to__remesh,nicp_p2p,45,0.02268033387,0.001823719377,0.08040972356,0.01949075143,0.01960769457,0.02178871477,0.0226777655,0.02340439656,0.02592634155,0.02715984658,0.001615681782,0.007669095149,0.2922626689,0.1668871427,0.2852061788,0.6810092305
jitter_sigma0.0025,jitter,0.0025,topology_pair,up60k__to__remesh,nicp_p2tri,45,0.0206668594,0.001983941844,0.09599629077,0.01716297896,0.0173851267,0.01974649778,0.02066696026,0.02144909101,0.02412393002,0.02552979078,0.001702593232,0.008366811825,0.3179393418,0.1758644077,0.3111535824,0.6206251099
jitter_sigma0.0063,jitter,0.0063,overall,all,latent_distance,1350,0.4415237133,0.102985072,0.2332492433,0.1916891336,0.2746806681,0.3678440973,0.4401683658,0.5124356598,0.6179483831,0.7116369009,0.1445915624,0.5199477673,6.650072803,8.410158979,6.098087129,11.80917193
jitter_sigma0.0063,jitter,0.0063,overall,all,raw_chamfer,1350,0.04199284191,0.01548630745,0.3687844583,0.02165089098,0.02598051698,0.03075775011,0.03727343192,0.04795023871,0.07630192756,0.1069149674,0.01719248861,0.08526407646,1,1,1,1
jitter_sigma0.0063,jitter,0.0063,overall,all,rigid_p2p,1350,0.03104231977,0.008756490918,0.2820823631,0.01991663004,0.02214593466,0.02482836976,0.02821744512,0.03507360084,0.04846204571,0.08459081659,0.01024523108,0.06467418655,0.565434397,0.5959132103,0.7585162384,0.7570390937
jitter_sigma0.0063,jitter,0.0063,overall,all,nicp_p2p,1350,0.02428487693,0.002665591119,0.1097634189,0.01929330494,0.02064566535,0.02248161228,0.02374385239,0.02561115671,0.02955797881,0.03598292416,0.003129544432,0.01668961922,0.1721256747,0.1820297517,0.1957403389,0.6370181431
jitter_sigma0.0063,jitter,0.0063,overall,all,nicp_p2tri,1350,0.0221651569,0.002854129739,0.1287665029,0.01695240189,0.01829368566,0.02021483938,0.02156993305,0.02364034066,0.0277844321,0.03446334046,0.003425501275,0.01751093856,0.1843002115,0.1992440625,0.2053729928,0.5786945804
jitter_sigma0.0063,jitter,0.0063,topology_pair,crop__to__down8k,latent_distance,45,0.4553701275,0.08814797283,0.1935743421,0.2851014733,0.3487959087,0.3863068819,0.4335048795,0.5301319957,0.5866009593,0.677729547,0.1438251138,0.3926280737,5.987432511,6.177974469,7.048782057,6.826263611
jitter_sigma0.0063,jitter,0.0063,topology_pair,crop__to__down8k,raw_chamfer,45,0.06240546927,0.01472216558,0.2359114634,0.0345902043,0.03836361906,0.05018582183,0.06350544077,0.07346612421,0.08111818492,0.09029175252,0.02328030239,0.05570154822,1,1,1,1
jitter_sigma0.0063,jitter,0.0063,topology_pair,crop__to__down8k,rigid_p2p,45,0.04631182006,0.0125791914,0.2716194565,0.02599410675,0.02892862789,0.03933057287,0.04472813188,0.0552806911,0.0643765082,0.08459081659,0.01595011824,0.05859670984,0.8544389293,0.6851336367,1.051976322,0.7043196824
jitter_sigma0.0063,jitter,0.0063,topology_pair,crop__to__down8k,nicp_p2p,45,0.02564804898,0.002300539207,0.08969646029,0.02063696392,0.02330416402,0.02404765462,0.02524490185,0.02663656263,0.02899467749,0.03228043323,0.002588908013,0.01164346931,0.1562636417,0.1112059444,0.2090331361,0.397523449
jitter_sigma0.0063,jitter,0.0063,topology_pair,crop__to__down8k,nicp_p2tri,45,0.02365979165,0.0023882961,0.1009432431,0.01848998737,0.02116096365,0.02205880156,0.02324511246,0.02474487707,0.02719521418,0.03057234693,0.002686075511,0.01208235956,0.1622245102,0.1153797518,0.2169124548,0.3660334009
jitter_sigma0.0063,jitter,0.0063,topology_pair,crop__to__noisy,latent_distance,45,0.4545541386,0.09306780417,0.2047452575,0.2778732777,0.3171763182,0.3828136027,0.4476562142,0.5237184167,0.6185337067,0.6546795368,0.140904814,0.3768062592,7.768072799,7.114333733,8.187805876,8.831684427
jitter_sigma0.0063,jitter,0.0063,topology_pair,crop__to__noisy,raw_chamfer,45,0.05032139915,0.01198080999,0.2380857883,0.03035693047,0.03121778823,0.04004136274,0.05068752376,0.05984712661,0.06758171234,0.07637734972,0.01980576387,0.04602041925,1,1,1,1
jitter_sigma0.0063,jitter,0.0063,topology_pair,crop__to__noisy,rigid_p2p,45,0.0395117248,0.01026129253,0.25970247,0.02603592864,0.02622310794,0.03318992302,0.03659808997,0.04638806219,0.05478044886,0.07487350627,0.01319813917,0.04883757763,0.8564773615,0.6663786995,1.0612154,0.7220334958
jitter_sigma0.0063,jitter,0.0063,topology_pair,crop__to__noisy,nicp_p2p,45,0.02506519185,0.002000604292,0.07981603749,0.02053217139,0.02250963549,0.02393543763,0.02459757057,0.02650492824,0.02860173835,0.03122391035,0.002569490616,0.01069173895,0.1669840599,0.1297344871,0.2323259789,0.4852786
jitter_sigma0.0063,jitter,0.0063,topology_pair,crop__to__noisy,nicp_p2tri,45,0.02290989186,0.002124017355,0.09271180189,0.01820694092,0.02009893459,0.02165474352,0.02226945279,0.02456952233,0.02656698506,0.02926417583,0.002914778813,0.01105723491,0.1772849547,0.1471682098,0.2402680179,0.4393478145
jitter_sigma0.0063,jitter,0.0063,topology_pair,crop__to__original,latent_distance,45,0.4574520482,0.09297447282,0.203244194,0.2965799272,0.3219503462,0.3941665292,0.4545252025,0.5104801655,0.6042170405,0.655513227,0.1163136363,0.3589332998,8.124952532,6.06312378,7.997636631,9.2719916
jitter_sigma0.0063,jitter,0.0063,topology_pair,crop__to__original,raw_chamfer,45,0.04902372336,0.01144307889,0.2334192123,0.02994008428,0.0312039563,0.03920109826,0.04902131302,0.05838487886,0.06647834081,0.07482000523,0.01918378059,0.04487992095,1,1,1,1
jitter_sigma0.0063,jitter,0.0063,topology_pair,crop__to__original,rigid_p2p,45,0.04037337049,0.01090398312,0.2700785936,0.02557253778,0.02620198876,0.03331558139,0.03821167784,0.04859585308,0.05691822299,0.07900666983,0.01528027169,0.05343413205,0.9528889229,0.7965203532,1.190602187,0.7794911129
jitter_sigma0.0063,jitter,0.0063,topology_pair,crop__to__original,nicp_p2p,45,0.02520412708,0.002285868362,0.09069420871,0.02024389058,0.02259520351,0.02360157148,0.02467528598,0.0268302944,0.02890933776,0.03219836257,0.003228722915,0.01195447199,0.1997599058,0.1683048291,0.2663657096,0.5033583243
jitter_sigma0.0063,jitter,0.0063,topology_pair,crop__to__original,nicp_p2tri,45,0.02312776621,0.002378174086,0.1028276602,0.01814844587,0.0202584811,0.0215404311,0.02262391298,0.02502302072,0.02721040341,0.03031222895,0.003482589627,0.01216378308,0.2078264171,0.1815382328,0.2710295121,0.4615117709
jitter_sigma0.0063,jitter,0.0063,topology_pair,crop__to__remesh,latent_distance,45,0.4805087845,0.0836875708,0.1741644971,0.3218176663,0.359645921,0.4166552722,0.4733850658,0.5518277287,0.5968082547,0.7085110545,0.1351724565,0.3866933882,5.58867493,5.843441435,6.524825891,8.764019064
jitter_sigma0.0063,jitter,0.0063,topology_pair,crop__to__remesh,raw_chamfer,45,0.05538582515,0.01497449249,0.2703668755,0.02894804168,0.03219056402,0.04458842526,0.05401460932,0.06772076226,0.07824562851,0.08821297758,0.023132337,0.0592649359,1,1,1,1
jitter_sigma0.0063,jitter,0.0063,topology_pair,crop__to__remesh,rigid_p2p,45,0.03782309244,0.01214897963,0.3212053495,0.02282977835,0.02521320295,0.02859900324,0.03389197005,0.04351145996,0.05894796652,0.08031842254,0.01491245672,0.05748864418,0.8113116109,0.6446584587,0.9700279484,0.6274593203
jitter_sigma0.0063,jitter,0.0063,topology_pair,crop__to__remesh,nicp_p2p,45,0.02498563105,0.002340358782,0.09366818781,0.02052482586,0.02208189282,0.02355226124,0.02467860018,0.02663516732,0.02872887988,0.03220965205,0.003082906077,0.01168482619,0.1562896894,0.1332725732,0.1971625551,0.4568875068
jitter_sigma0.0063,jitter,0.0063,topology_pair,crop__to__remesh,nicp_p2tri,45,0.02291413207,0.002464056586,0.1075343625,0.01839463787,0.01974140782,0.02137543669,0.02266884992,0.02481363244,0.02679888944,0.03050206023,0.003438195748,0.01210742236,0.1645502568,0.1486315779,0.2042931824,0.4196799756
jitter_sigma0.0063,jitter,0.0063,topology_pair,crop__to__up60k,latent_distance,45,0.4697749078,0.08662000861,0.1843861968,0.3093455732,0.3565655112,0.409075439,0.4519760311,0.5371807814,0.6063713908,0.7034601569,0.1281053424,0.3941145837,6.115655967,5.678560055,7.351162744,7.714443362
jitter_sigma0.0063,jitter,0.0063,topology_pair,crop__to__up60k,raw_chamfer,45,0.05738590927,0.01416364967,0.2468140672,0.02980749691,0.0350881548,0.04586587241,0.05858828821,0.06842534896,0.07719066525,0.08342004739,0.02255947655,0.05361255048,1,1,1,1
jitter_sigma0.0063,jitter,0.0063,topology_pair,crop__to__up60k,rigid_p2p,45,0.04048128282,0.01115234692,0.2754939109,0.02425104939,0.02623738626,0.03376811341,0.03869780682,0.04674883943,0.05827872305,0.07527783308,0.01298072602,0.05102678369,0.7873921753,0.5754001423,0.9517693755,0.6605041383
jitter_sigma0.0063,jitter,0.0063,topology_pair,crop__to__up60k,nicp_p2p,45,0.02523176575,0.002228684067,0.08832850182,0.02046325865,0.02238116248,0.02370696184,0.02483335908,0.02658511584,0.02887686272,0.03110537936,0.002878154,0.01064212071,0.1573523858,0.1275807084,0.1985005491,0.4238621718
jitter_sigma0.0063,jitter,0.0063,topology_pair,crop__to__up60k,nicp_p2tri,45,0.02324399832,0.002334084292,0.1004166434,0.01843322648,0.02010266958,0.02156250429,0.02289363412,0.02490639263,0.02728105615,0.02933212655,0.003343888335,0.01089890006,0.1647939865,0.1482254399,0.2032900872,0.3907544464
jitter_sigma0.0063,jitter,0.0063,topology_pair,down8k__to__crop,latent_distance,45,0.4750123693,0.104701302,0.2204180538,0.2146861851,0.3346690536,0.4179668128,0.4661786854,0.5438148379,0.6492724299,0.6886233687,0.1258480251,0.4739371836,5.822142054,4.12613544,6.678502975,6.661947096
jitter_sigma0.0063,jitter,0.0063,topology_pair,down8k__to__crop,raw_chamfer,45,0.06937155121,0.01798329567,0.2592315633,0.0359503837,0.04530599029,0.05339973141,0.06997634156,0.08389994811,0.09662791185,0.1069149674,0.0305002167,0.07096458374,1,1,1,1
jitter_sigma0.0063,jitter,0.0063,topology_pair,down8k__to__crop,rigid_p2p,45,0.03668251063,0.006712182468,0.1829804545,0.02484079757,0.02844492573,0.03137080165,0.03629584348,0.0404110725,0.04907081282,0.05645726461,0.009040270853,0.03161646704,0.3732454046,0.2964002171,0.4455245895,0.5186873545
jitter_sigma0.0063,jitter,0.0063,topology_pair,down8k__to__crop,nicp_p2p,45,0.02860884659,0.002344297267,0.08194308917,0.02328212682,0.02505742831,0.02687575913,0.02860900662,0.03001208672,0.03212877731,0.03447908795,0.00313632759,0.01119696113,0.1303597133,0.1028296822,0.157782383,0.4088382728
jitter_sigma0.0063,jitter,0.0063,topology_pair,down8k__to__crop,nicp_p2tri,45,0.0268573716,0.002493730307,0.09285086953,0.02125059249,0.02297035587,0.02482447668,0.02689559053,0.02831844082,0.03070281267,0.03289895654,0.003493964143,0.01164836405,0.1386692602,0.1145553875,0.1641433435,0.3843526245
jitter_sigma0.0063,jitter,0.0063,topology_pair,down8k__to__noisy,latent_distance,45,0.4337799417,0.1051321441,0.2423628527,0.2324506938,0.2500791311,0.3509816229,0.4361199141,0.511968255,0.5974431634,0.671461165,0.1609866321,0.4390104711,15.14941682,16.92346016,15.43403063,11.70564642
jitter_sigma0.0063,jitter,0.0063,topology_pair,down8k__to__noisy,raw_chamfer,45,0.03651944612,0.006939682588,0.1900270493,0.02475537677,0.02626853516,0.03113775711,0.037257226,0.04065038814,0.04672783591,0.05319969451,0.009512631021,0.02844431774,1,1,1,1
jitter_sigma0.0063,jitter,0.0063,topology_pair,down8k__to__noisy,rigid_p2p,45,0.02622623698,0.004201354173,0.1601966068,0.02049947735,0.02095772107,0.02343557646,0.02520176123,0.02771116713,0.03321643444,0.03828275555,0.004275590675,0.0177832782,0.605410135,0.4494645766,0.6251961591,0.6764261308
jitter_sigma0.0063,jitter,0.0063,topology_pair,down8k__to__noisy,nicp_p2p,45,0.02316347777,0.001812324475,0.07824060328,0.02023472273,0.020297289,0.02194408219,0.02292737744,0.02434487723,0.02643389699,0.02779355554,0.002400795035,0.007558832809,0.2611537995,0.2523797076,0.2657413997,0.6153806898
jitter_sigma0.0063,jitter,0.0063,topology_pair,down8k__to__noisy,nicp_p2tri,45,0.02089541564,0.00201232339,0.09630453995,0.01752687472,0.01760870859,0.01964956411,0.02068058147,0.02220033746,0.02455432405,0.02613184924,0.002550773354,0.00860497452,0.2899734051,0.2681459365,0.302519983,0.5550757178
jitter_sigma0.0063,jitter,0.0063,topology_pair,down8k__to__original,latent_distance,45,0.440735757,0.1090366848,0.2473969563,0.2314126641,0.2575422823,0.3726699352,0.4405033588,0.5262575746,0.606627059,0.7116369009,0.1535876393,0.4802242368,13.44875989,15.06701311,14.38244586,11.09127971
jitter_sigma0.0063,jitter,0.0063,topology_pair,down8k__to__original,raw_chamfer,45,0.03966781176,0.008107564246,0.2043864757,0.02608857771,0.02644513591,0.03486502251,0.03971618879,0.04505865798,0.0519478979,0.05947818624,0.01019363547,0.03338960853,1,1,1,1
jitter_sigma0.0063,jitter,0.0063,topology_pair,down8k__to__original,rigid_p2p,45,0.02742521488,0.004796658138,0.1748995644,0.02022009785,0.02120654224,0.02404857334,0.02654625824,0.02917202749,0.03536962429,0.04030538326,0.005123454157,0.02008528541,0.5916275212,0.5026130442,0.6015430037,0.6683989339
jitter_sigma0.0063,jitter,0.0063,topology_pair,down8k__to__original,nicp_p2p,45,0.02357280277,0.002105467519,0.08931765727,0.02000311579,0.02019314672,0.02243199164,0.02329231509,0.02486894815,0.02727800985,0.02911831877,0.002436956505,0.009115202978,0.2596917465,0.2390664755,0.2729952036,0.5864690395
jitter_sigma0.0063,jitter,0.0063,topology_pair,down8k__to__original,nicp_p2tri,45,0.02144510611,0.002268831579,0.105797172,0.01729717618,0.01760984044,0.02023117931,0.02117825318,0.02301731642,0.02552406703,0.02735133604,0.002786137108,0.01005415985,0.2798413321,0.2733212419,0.301116434,0.5332398156
jitter_sigma0.0063,jitter,0.0063,topology_pair,down8k__to__remesh,latent_distance,45,0.4258612129,0.08715217075,0.2046492334,0.2754148245,0.2851376235,0.3664462268,0.4323893487,0.4958824813,0.5324855328,0.6085425019,0.1294362545,0.3331276774,15.11975785,14.65542871,14.80403084,11.46284297
jitter_sigma0.0063,jitter,0.0063,topology_pair,down8k__to__remesh,raw_chamfer,45,0.03761072611,0.005764124769,0.1532574711,0.0277976073,0.02891323325,0.03288396219,0.03772095195,0.04171592862,0.04881555602,0.05030010551,0.008831966436,0.02250249821,1,1,1,1
jitter_sigma0.0063,jitter,0.0063,topology_pair,down8k__to__remesh,rigid_p2p,45,0.02863772823,0.005249207329,0.1832969182,0.02215672401,0.02294894181,0.02447777229,0.02760965062,0.03170378053,0.03844601933,0.04398317296,0.00722600824,0.02182644894,0.9106685818,0.8181652741,0.9699567018,0.7319446936
jitter_sigma0.0063,jitter,0.0063,topology_pair,down8k__to__remesh,nicp_p2p,45,0.02367018874,0.001623575627,0.06859157926,0.02079540267,0.02145960144,0.0227321251,0.02366732513,0.02500310813,0.02647144964,0.0275338746,0.002270983028,0.006738471932,0.2816690638,0.2571322077,0.2994543926,0.6274318093
jitter_sigma0.0063,jitter,0.0063,topology_pair,down8k__to__remesh,nicp_p2tri,45,0.02152850116,0.001764936097,0.08198137362,0.01832270868,0.01910072147,0.02034760281,0.02146234894,0.02289949658,0.02448850183,0.0256069408,0.00255189377,0.007284232119,0.3061932501,0.2889383455,0.323707708,0.5689768637
jitter_sigma0.0063,jitter,0.0063,topology_pair,down8k__to__up60k,latent_distance,45,0.4167249319,0.1028574514,0.2468233685,0.2348545492,0.2568475008,0.3431201279,0.3982021213,0.4890614152,0.5565478683,0.6740552187,0.1459412873,0.4392006695,16.62402408,14.64237969,16.80758623,12.30504624
jitter_sigma0.0063,jitter,0.0063,topology_pair,down8k__to__up60k,raw_chamfer,45,0.03329540976,0.006187277578,0.1858297472,0.02222976506,0.02438751937,0.02819846447,0.03236087972,0.03816551152,0.04370227075,0.04836086225,0.009967047049,0.0261310972,1,1,1,1
jitter_sigma0.0063,jitter,0.0063,topology_pair,down8k__to__up60k,rigid_p2p,45,0.02680839014,0.004646684357,0.1733294813,0.01991663004,0.0208469319,0.02357397795,0.02574473374,0.02833426717,0.03465013522,0.0386927915,0.004760289217,0.01877616146,0.7510062864,0.4776027637,0.7185370489,0.7955511085
jitter_sigma0.0063,jitter,0.0063,topology_pair,down8k__to__up60k,nicp_p2p,45,0.02317876954,0.002103042207,0.09073139987,0.01967616934,0.01998807642,0.02180355565,0.02291634395,0.02445565514,0.02683470454,0.0287821944,0.002652099486,0.009106025056,0.3398978276,0.2660867831,0.3484746541,0.7081495974
jitter_sigma0.0063,jitter,0.0063,topology_pair,down8k__to__up60k,nicp_p2tri,45,0.02100533984,0.002289711726,0.1090061738,0.01700418589,0.01739992675,0.0196209832,0.02075881862,0.02251863779,0.02490304977,0.02702495365,0.002897654588,0.01002076775,0.3700677231,0.2907234785,0.3834805587,0.6414788102
jitter_sigma0.0063,jitter,0.0063,topology_pair,noisy__to__crop,latent_distance,45,0.4703287456,0.1017871004,0.2164169241,0.2137622535,0.3260611236,0.4066461623,0.4675669968,0.5327595472,0.6387096286,0.6455901265,0.126113385,0.431827873,6.439645702,4.753678915,7.360450208,9.107935941
jitter_sigma0.0063,jitter,0.0063,topology_pair,noisy__to__crop,raw_chamfer,45,0.05459983146,0.01580631997,0.2894939333,0.02729094033,0.03418625804,0.04139830505,0.0513362193,0.06792794393,0.0785680814,0.08595961695,0.02652963888,0.05866867661,1,1,1,1
jitter_sigma0.0063,jitter,0.0063,topology_pair,noisy__to__crop,rigid_p2p,45,0.03453522437,0.006783000127,0.1964081673,0.02495927981,0.02738815079,0.0293528546,0.03245223813,0.03755626784,0.04724947152,0.0525387764,0.008203413247,0.02757949659,0.4291321536,0.3092169209,0.47008895,0.6321509175
jitter_sigma0.0063,jitter,0.0063,topology_pair,noisy__to__crop,nicp_p2p,45,0.02767143012,0.002316846596,0.08372702768,0.02249109101,0.02433314491,0.02612976778,0.02754526345,0.02907735198,0.03077840354,0.03392379729,0.002947584196,0.01143270628,0.1465772299,0.1111053267,0.1948689989,0.5365658755
jitter_sigma0.0063,jitter,0.0063,topology_pair,noisy__to__crop,nicp_p2tri,45,0.02580807485,0.002464831659,0.09550621942,0.02025437704,0.02233411117,0.02403243793,0.02560952047,0.02735435683,0.02922013972,0.03232254117,0.003321918904,0.01206816414,0.1559396282,0.1252153834,0.2057002958,0.4988587166
jitter_sigma0.0063,jitter,0.0063,topology_pair,noisy__to__down8k,latent_distance,45,0.4225274639,0.0989997683,0.2343037477,0.2491250783,0.2752936006,0.3375290334,0.4277257919,0.4928454161,0.5803826809,0.6543617249,0.1553163826,0.4052366465,14.51798502,24.03038458,13.72701833,13.77923554
jitter_sigma0.0063,jitter,0.0063,topology_pair,noisy__to__down8k,raw_chamfer,45,0.03259642062,0.006819112169,0.2091981892,0.02273166272,0.02441842136,0.02796054932,0.0310413296,0.03442388252,0.04774279747,0.05225276023,0.006463333207,0.02952109751,1,1,1,1
jitter_sigma0.0063,jitter,0.0063,topology_pair,noisy__to__down8k,rigid_p2p,45,0.02874504449,0.006451704725,0.2244458076,0.0211608694,0.02212289998,0.02430059957,0.02690780706,0.02968151387,0.04406807539,0.04624117512,0.005380914301,0.02508030572,0.9461209267,0.8325293048,0.8495722664,0.8668380964
jitter_sigma0.0063,jitter,0.0063,topology_pair,noisy__to__down8k,nicp_p2p,45,0.02284105365,0.001383548243,0.06057287305,0.02029193137,0.02074501539,0.02190765301,0.02292618952,0.02354875435,0.02567118712,0.02693726617,0.001641101343,0.0066453348,0.202892724,0.2539094443,0.2251045984,0.7385698298
jitter_sigma0.0063,jitter,0.0063,topology_pair,noisy__to__down8k,nicp_p2tri,45,0.02065724244,0.001490602285,0.07215882222,0.01806898292,0.018441151,0.01955461027,0.02058376799,0.02143819536,0.02379551006,0.02486670237,0.00188358509,0.006797719452,0.2185918413,0.2914262702,0.2302664882,0.6631084512
jitter_sigma0.0063,jitter,0.0063,topology_pair,noisy__to__original,latent_distance,45,0.4263978352,0.1126217485,0.2641236404,0.2272524089,0.2476171076,0.3573049009,0.4262484312,0.5021913648,0.6041516542,0.6936584115,0.1448864639,0.4664060026,21.0930428,15.76043605,21.33304766,13.93684497
jitter_sigma0.0063,jitter,0.0063,topology_pair,noisy__to__original,raw_chamfer,45,0.03083474218,0.005339284123,0.1731580595,0.02165089098,0.02371516817,0.02594953092,0.03058428447,0.03514258011,0.03848825757,0.04351396512,0.009193049189,0.02186307414,1,1,1,1
jitter_sigma0.0063,jitter,0.0063,topology_pair,noisy__to__original,rigid_p2p,45,0.02732560641,0.005159783045,0.1888259301,0.02161992217,0.02214825964,0.02371762492,0.02561142573,0.02861115,0.03718426496,0.04234585871,0.00489352508,0.02072593655,0.966381059,0.5323070702,0.9479882111,0.837404771
jitter_sigma0.0063,jitter,0.0063,topology_pair,noisy__to__original,nicp_p2p,45,0.02326039149,0.001536954376,0.06607603216,0.02061089675,0.02103553063,0.02238420707,0.02318980642,0.02407864188,0.02541637426,0.02745801944,0.001694434812,0.006847122688,0.2878577617,0.1843169526,0.3131820641,0.7582262204
jitter_sigma0.0063,jitter,0.0063,topology_pair,noisy__to__original,nicp_p2tri,45,0.0210851531,0.001692321934,0.08026130645,0.01809397382,0.01866153804,0.02003404265,0.02116833486,0.02207207389,0.02358487965,0.02578825093,0.002038031247,0.007694277109,0.3169567109,0.2216926294,0.3519302482,0.6921311132
jitter_sigma0.0063,jitter,0.0063,topology_pair,noisy__to__remesh,latent_distance,45,0.4392437028,0.08967718519,0.2041627111,0.2648400664,0.3041231871,0.363797009,0.4379144609,0.5003053546,0.5655687571,0.6702446342,0.1365083456,0.4054045677,15.5301151,17.75161261,16.96116208,13.53301097
jitter_sigma0.0063,jitter,0.0063,topology_pair,noisy__to__remesh,raw_chamfer,45,0.03378518524,0.005774405702,0.1709153186,0.02681541493,0.02734608114,0.02934936644,0.03235898219,0.03703927882,0.0443247116,0.0507173484,0.007689912383,0.02390193347,1,1,1,1
jitter_sigma0.0063,jitter,0.0063,topology_pair,noisy__to__remesh,rigid_p2p,45,0.02794629605,0.005417027779,0.193837057,0.0212842876,0.02210380069,0.02389002915,0.02666992958,0.02972031487,0.04024704046,0.0441130864,0.005830285724,0.0228287988,0.938110008,0.7581732318,0.9551025998,0.8241893834
jitter_sigma0.0063,jitter,0.0063,topology_pair,noisy__to__remesh,nicp_p2p,45,0.02327229947,0.0014174106,0.06090548128,0.0207457161,0.02092823791,0.02230219972,0.02354941239,0.02405166227,0.0250733991,0.0272814648,0.001749462553,0.006535748695,0.2454643253,0.2275009735,0.2734401676,0.7277550402
jitter_sigma0.0063,jitter,0.0063,topology_pair,noisy__to__remesh,nicp_p2tri,45,0.02114305237,0.001527228933,0.07223313389,0.01840796385,0.01869056741,0.0200834467,0.02137413699,0.02194747324,0.0231981895,0.0252818794,0.001864026537,0.006873915546,0.2644824441,0.2423989304,0.2875882637,0.6605318073
jitter_sigma0.0063,jitter,0.0063,topology_pair,noisy__to__up60k,latent_distance,45,0.4340829227,0.1016560461,0.234185776,0.2517930865,0.292504257,0.3598638475,0.4306260943,0.5022964478,0.5951535463,0.6837407947,0.1424326003,0.4319477081,17.74778015,24.25391109,17.91066556,14.26708262
jitter_sigma0.0063,jitter,0.0063,topology_pair,noisy__to__up60k,raw_chamfer,45,0.03143877451,0.005727817521,0.1821895926,0.02297613335,0.02378143616,0.02717128994,0.03018319203,0.03304385209,0.04332586339,0.04709292045,0.005872562151,0.0241167871,1,1,1,1
jitter_sigma0.0063,jitter,0.0063,topology_pair,noisy__to__up60k,rigid_p2p,45,0.02728233445,0.004601227671,0.1686522713,0.02155548494,0.02262198885,0.02398603349,0.02567871119,0.02899377613,0.03784643855,0.04062618674,0.00500774264,0.0190707018,0.8033125452,0.8527355712,0.7907646122,0.8507619461
jitter_sigma0.0063,jitter,0.0063,topology_pair,noisy__to__up60k,nicp_p2p,45,0.02336233449,0.001688798368,0.07228722663,0.02073276863,0.02106173485,0.02219483012,0.02325022064,0.0242304503,0.02613944509,0.0279222432,0.002035620174,0.007189474575,0.2948415102,0.3466323765,0.298110795,0.7703035722
jitter_sigma0.0063,jitter,0.0063,topology_pair,noisy__to__up60k,nicp_p2tri,45,0.02123252643,0.001811543879,0.08531928051,0.01840314808,0.01860478964,0.02008758836,0.020941021,0.02216592996,0.02435839302,0.02634245199,0.0020783416,0.007939303904,0.3162712276,0.3539071272,0.329202388,0.6937974282
jitter_sigma0.0063,jitter,0.0063,topology_pair,original__to__crop,latent_distance,45,0.4651795665,0.09777435677,0.2101862674,0.2306632996,0.3326242685,0.395349741,0.4553013444,0.5360767841,0.6282587528,0.6314117312,0.1407270432,0.4007484317,6.291569989,5.412803185,6.861028363,8.873433693
jitter_sigma0.0063,jitter,0.0063,topology_pair,original__to__crop,raw_chamfer,45,0.05352147911,0.01554053391,0.2903606958,0.0274390983,0.03229454901,0.0403502802,0.0513106155,0.06634920134,0.0766231982,0.08584848105,0.02599892114,0.05840938275,1,1,1,1
jitter_sigma0.0063,jitter,0.0063,topology_pair,original__to__crop,rigid_p2p,45,0.03379315452,0.006879967524,0.203590568,0.0234952111,0.02570678297,0.02853364612,0.03251152039,0.03661865737,0.04565693875,0.05232963486,0.008085011254,0.02883442376,0.4427111426,0.3109748751,0.4936608197,0.6336217188
jitter_sigma0.0063,jitter,0.0063,topology_pair,original__to__crop,nicp_p2p,45,0.02697137808,0.002480911418,0.09198311672,0.02103653137,0.02341716817,0.02537318511,0.02697523174,0.02831698854,0.03049690737,0.03380762736,0.002943803428,0.01277109599,0.1596413245,0.1132279071,0.2186480218,0.5257241894
jitter_sigma0.0063,jitter,0.0063,topology_pair,original__to__crop,nicp_p2tri,45,0.02505553771,0.002658130985,0.1060895606,0.01881393638,0.02121520421,0.02331825842,0.02527110008,0.0264675872,0.02891150427,0.03216602644,0.003149328776,0.01335209006,0.1710450233,0.1211330562,0.2285949523,0.4925121211
jitter_sigma0.0063,jitter,0.0063,topology_pair,original__to__down8k,latent_distance,45,0.4257946326,0.09853366007,0.231411231,0.250364244,0.2835398614,0.3427352011,0.418692857,0.5021550059,0.5992378712,0.6504660845,0.1594198048,0.4001018405,12.48448155,16.20508992,11.97124885,12.8463769
jitter_sigma0.0063,jitter,0.0063,topology_pair,original__to__down8k,raw_chamfer,45,0.03423501921,0.007892491145,0.2305385341,0.02341725745,0.02514011273,0.028212381,0.03259229123,0.03805001878,0.05118242981,0.05683915398,0.00983763778,0.03342189653,1,1,1,1
jitter_sigma0.0063,jitter,0.0063,topology_pair,original__to__down8k,rigid_p2p,45,0.02803463213,0.006492608516,0.2315924278,0.02031067885,0.02152135831,0.02355793205,0.02639861357,0.02935525238,0.04197434087,0.04837224108,0.005797320328,0.02806156223,0.8226310802,0.5893000391,0.8396160943,0.8099649511
jitter_sigma0.0063,jitter,0.0063,topology_pair,original__to__down8k,nicp_p2p,45,0.02215349581,0.001461983059,0.06599333446,0.0197216794,0.02002328535,0.02106091638,0.02203007262,0.02301512319,0.02498665885,0.02629744002,0.00195420681,0.00657576062,0.1852372124,0.1986459406,0.1967500741,0.6759289327
jitter_sigma0.0063,jitter,0.0063,topology_pair,original__to__down8k,nicp_p2tri,45,0.01993072858,0.001582965559,0.0794233664,0.01729221251,0.01764835917,0.01865290519,0.01977951594,0.02079947917,0.02308150902,0.02422319018,0.002146573974,0.006930977671,0.2005660228,0.2182001433,0.2073783474,0.6068771233
jitter_sigma0.0063,jitter,0.0063,topology_pair,original__to__noisy,latent_distance,45,0.4227023668,0.1064450808,0.2518204041,0.2305852324,0.2544120729,0.3364121616,0.4191347659,0.5008153915,0.603112185,0.6344664097,0.16440323,0.4038811773,20.51492895,26.57104778,17.0943825,14.61230799
jitter_sigma0.0063,jitter,0.0063,topology_pair,original__to__noisy,raw_chamfer,45,0.0299343506,0.005188664365,0.1733347897,0.0224743469,0.02340790504,0.02622199915,0.02868367995,0.03240930616,0.03854101422,0.04610089071,0.006187307002,0.02362654382,1,1,1,1
jitter_sigma0.0063,jitter,0.0063,topology_pair,original__to__noisy,rigid_p2p,45,0.02550175686,0.004527653558,0.1775428094,0.01997784395,0.02079599257,0.02222145143,0.02417019631,0.02727611417,0.0350228724,0.04206151915,0.005054662748,0.0220836752,0.8726048246,0.8169406733,0.9346976591,0.8426462835
jitter_sigma0.0063,jitter,0.0063,topology_pair,original__to__noisy,nicp_p2p,45,0.02228369709,0.001544173674,0.0692961167,0.01947969311,0.02007696783,0.02132072001,0.02218726317,0.0231281386,0.02523845721,0.02615506646,0.001807418594,0.006675373353,0.2976052343,0.2921171672,0.2825370229,0.7735152255
jitter_sigma0.0063,jitter,0.0063,topology_pair,original__to__noisy,nicp_p2tri,45,0.01992493572,0.001685265345,0.08458071681,0.01695240189,0.01749102812,0.01879444371,0.01977390536,0.02089721947,0.02308792813,0.02401438795,0.002102775759,0.007061986051,0.3247975253,0.3398531476,0.2989005123,0.6893782594
jitter_sigma0.0063,jitter,0.0063,topology_pair,original__to__remesh,latent_distance,45,0.4468699065,0.09050171377,0.2025236259,0.2754635513,0.3139449358,0.3629915416,0.4446331859,0.5220007896,0.5813000083,0.6717354655,0.159009248,0.3962719142,14.05223395,18.05287733,14.1474422,13.440576
jitter_sigma0.0063,jitter,0.0063,topology_pair,original__to__remesh,raw_chamfer,45,0.03455533418,0.006440379097,0.1863787241,0.02597580582,0.02732268598,0.02999953867,0.03308140855,0.03880751122,0.04786305286,0.05398595131,0.008807972551,0.02801014549,1,1,1,1
jitter_sigma0.0063,jitter,0.0063,topology_pair,original__to__remesh,rigid_p2p,45,0.02722754061,0.005597501072,0.2055823238,0.0202903605,0.02094326801,0.02347890388,0.02544250373,0.02889943831,0.03844603456,0.0455608861,0.005420534427,0.02527052561,0.8691260232,0.6154122751,0.9021918723,0.7690876793
jitter_sigma0.0063,jitter,0.0063,topology_pair,original__to__remesh,nicp_p2p,45,0.02255920351,0.001482980003,0.06573725006,0.01968221262,0.01996530628,0.02176785518,0.02255810126,0.02330452811,0.0245626617,0.0269778875,0.001536672927,0.007295674882,0.2302628433,0.1744638642,0.2604654404,0.6818966377
jitter_sigma0.0063,jitter,0.0063,topology_pair,original__to__remesh,nicp_p2tri,45,0.02037657781,0.001636621214,0.08031874781,0.01710090713,0.01748443057,0.01941397571,0.0205239139,0.02120117044,0.02260757368,0.02508278586,0.001787194726,0.007981878729,0.25411877,0.2029064822,0.284963844,0.6204062886
jitter_sigma0.0063,jitter,0.0063,topology_pair,original__to__up60k,latent_distance,45,0.4388087577,0.09947977696,0.226704174,0.2605187893,0.2994840622,0.3645035326,0.4232523143,0.5197942257,0.5951299906,0.6791836619,0.155290693,0.4186648726,14.95940017,18.03178487,15.30566007,13.53693093
jitter_sigma0.0063,jitter,0.0063,topology_pair,original__to__up60k,raw_chamfer,45,0.03254377018,0.006649984344,0.2043397033,0.02287549737,0.02397211341,0.02802771169,0.0312664899,0.03663976502,0.0465124436,0.05022909537,0.008612053335,0.027353598,1,1,1,1
jitter_sigma0.0063,jitter,0.0063,topology_pair,original__to__up60k,rigid_p2p,45,0.02720305604,0.005123683053,0.1883495386,0.02071962063,0.02250415668,0.02340471928,0.02569280958,0.02951684138,0.0372542627,0.04489247952,0.006112122101,0.02417285888,0.7704804685,0.7097171677,0.8837177062,0.8217362954
jitter_sigma0.0063,jitter,0.0063,topology_pair,original__to__up60k,nicp_p2p,45,0.02271440507,0.001627498958,0.07165052103,0.01929330494,0.02043011997,0.02162658706,0.02268190299,0.02353209594,0.02537567809,0.0268547883,0.001905508881,0.007561483355,0.2447372616,0.2212606921,0.2764346889,0.7254380986
jitter_sigma0.0063,jitter,0.0063,topology_pair,original__to__up60k,nicp_p2tri,45,0.02056704447,0.001762432837,0.08569208085,0.01708917279,0.01812543343,0.0194570773,0.02044606694,0.02174715209,0.02342295646,0.02512744191,0.002290074791,0.008038269116,0.2650281182,0.265915073,0.2938651477,0.6539290786
jitter_sigma0.0063,jitter,0.0063,topology_pair,remesh__to__crop,latent_distance,45,0.4875591397,0.103702468,0.2126972085,0.2224629819,0.3367092133,0.4135772884,0.4893083274,0.5701297522,0.6734007001,0.6952906847,0.1565524638,0.4728277028,6.164903777,6.633500124,7.005987882,8.441656854
jitter_sigma0.0063,jitter,0.0063,topology_pair,remesh__to__crop,raw_chamfer,45,0.0590956814,0.01682142524,0.2846472845,0.02809100714,0.0372928881,0.04506412948,0.05796354151,0.06866441,0.08637726553,0.09558009087,0.02360028052,0.06748908372,1,1,1,1
jitter_sigma0.0063,jitter,0.0063,topology_pair,remesh__to__crop,rigid_p2p,45,0.03431916837,0.006539116027,0.1905383009,0.02549662091,0.02670793043,0.02924539621,0.03352012879,0.03624732275,0.04802798424,0.05031902794,0.007001926541,0.02482240703,0.3887373355,0.296688276,0.3677988448,0.5782967694
jitter_sigma0.0063,jitter,0.0063,topology_pair,remesh__to__crop,nicp_p2p,45,0.02830960448,0.002577104605,0.09103287211,0.02291729835,0.02466734915,0.02663778254,0.02787808659,0.02995511172,0.03203958948,0.03514440812,0.00331732918,0.01222710977,0.1532037011,0.140563125,0.1811716666,0.4809589937
jitter_sigma0.0063,jitter,0.0063,topology_pair,remesh__to__crop,nicp_p2tri,45,0.02636406458,0.002729676221,0.1035377611,0.02057724111,0.02254629852,0.02444877933,0.02580344165,0.02834352993,0.03043768999,0.03347092396,0.003894750593,0.01289368285,0.1622737778,0.1650298432,0.1910484206,0.4451667544
jitter_sigma0.0063,jitter,0.0063,topology_pair,remesh__to__down8k,latent_distance,45,0.4119769073,0.1044342583,0.253495418,0.2060202062,0.2608317733,0.3254517615,0.4182904363,0.4834872484,0.5864038229,0.6183997393,0.1580354869,0.4123795331,17.43328128,21.71317125,14.76438262,11.77612808
jitter_sigma0.0063,jitter,0.0063,topology_pair,remesh__to__down8k,raw_chamfer,45,0.03655123959,0.005990510716,0.1638935036,0.02802236237,0.02971201264,0.03190190349,0.03552020099,0.0391802271,0.04776745709,0.05595306179,0.00727832361,0.02793069942,1,1,1,1
jitter_sigma0.0063,jitter,0.0063,topology_pair,remesh__to__down8k,rigid_p2p,45,0.03169224899,0.007220301499,0.2278254693,0.02317337843,0.02373155804,0.02618419697,0.02933760065,0.03588707634,0.04507974193,0.05358792151,0.009702879371,0.03041454308,1.205289806,1.333120083,1.088928803,0.8259412904
jitter_sigma0.0063,jitter,0.0063,topology_pair,remesh__to__down8k,nicp_p2p,45,0.02357416646,0.001542257927,0.06542152527,0.02083394016,0.02152097362,0.02245744438,0.0233676479,0.02456037765,0.02613025338,0.0279091154,0.002102933268,0.007075175241,0.2574501575,0.2889309931,0.2533117819,0.6578692475
jitter_sigma0.0063,jitter,0.0063,topology_pair,remesh__to__down8k,nicp_p2tri,45,0.02133456486,0.001693691023,0.07938718387,0.01843121262,0.01910470081,0.02005939864,0.02125566417,0.02248985856,0.02405895853,0.02592893009,0.002430459921,0.007497717465,0.2827289865,0.3339312803,0.2684400183,0.5984105825
jitter_sigma0.0063,jitter,0.0063,topology_pair,remesh__to__noisy,latent_distance,45,0.4376716995,0.1112437579,0.2541716955,0.1916891336,0.2549190402,0.3575876951,0.4410011768,0.4954995811,0.6298848748,0.677783072,0.137911886,0.4860939384,19.572928,16.21137466,19.704948,13.17648591
jitter_sigma0.0063,jitter,0.0063,topology_pair,remesh__to__noisy,raw_chamfer,45,0.03542485683,0.005683552196,0.1604396659,0.0271678816,0.0285258369,0.0311452907,0.03346880039,0.03965239691,0.04488031989,0.05183650485,0.008507106207,0.02466862325,1,1,1,1
jitter_sigma0.0063,jitter,0.0063,topology_pair,remesh__to__noisy,rigid_p2p,45,0.02836472734,0.005421315359,0.1911287669,0.02250213981,0.02332881998,0.02497961096,0.02685826612,0.03037429671,0.04095512291,0.0469193504,0.005394685752,0.0244172106,0.9538603978,0.6341387566,0.9898084037,0.8024866682
jitter_sigma0.0063,jitter,0.0063,topology_pair,remesh__to__noisy,nicp_p2p,45,0.02378706569,0.001373761924,0.0577524753,0.02102831468,0.0217260487,0.02281507526,0.02377376047,0.02439096544,0.02632345797,0.02656149428,0.001575890186,0.005533179606,0.2417083325,0.185243977,0.2243003004,0.7103260406
jitter_sigma0.0063,jitter,0.0063,topology_pair,remesh__to__noisy,nicp_p2tri,45,0.02146812459,0.001505541579,0.0701291616,0.01843525841,0.01928589674,0.02026950756,0.02133200392,0.02212376082,0.02421607454,0.02456778441,0.001854253263,0.006132526,0.2648944757,0.2179652185,0.2485962001,0.6373698391
jitter_sigma0.0063,jitter,0.0063,topology_pair,remesh__to__original,latent_distance,45,0.4459844328,0.1154994485,0.2589764126,0.1926309913,0.2639010906,0.3728282452,0.4562436044,0.5149306655,0.6361001372,0.684340775,0.1421024203,0.4917097837,17.55314369,12.36475944,19.0184285,12.89910772
jitter_sigma0.0063,jitter,0.0063,topology_pair,remesh__to__original,raw_chamfer,45,0.03677061776,0.006579986496,0.1789468575,0.02621670242,0.02869599109,0.03159803132,0.03537016779,0.04309056548,0.04897574034,0.052071088,0.01149253417,0.02585438558,1,1,1,1
jitter_sigma0.0063,jitter,0.0063,topology_pair,remesh__to__original,rigid_p2p,45,0.02922066546,0.005834618877,0.1996744012,0.022077948,0.02325831909,0.02560391384,0.02752718684,0.03114599515,0.04160682737,0.04971630803,0.005542081311,0.02763836003,0.886722014,0.4822331812,1.069000845,0.7782600017
jitter_sigma0.0063,jitter,0.0063,topology_pair,remesh__to__original,nicp_p2p,45,0.02395656532,0.001709035684,0.07133892781,0.02101756961,0.02152663156,0.0229118618,0.02382816633,0.02462754753,0.02718664776,0.02928258572,0.001715685734,0.008265016108,0.2597324,0.1492869813,0.3196755955,0.6736797652
jitter_sigma0.0063,jitter,0.0063,topology_pair,remesh__to__original,nicp_p2tri,45,0.02176562356,0.001813293857,0.08330998889,0.01869720245,0.01928157841,0.02069715381,0.02153457548,0.02260226803,0.02526450413,0.02733503085,0.001905114222,0.008637828392,0.2755771396,0.1657697244,0.3340952878,0.6088344169
jitter_sigma0.0063,jitter,0.0063,topology_pair,remesh__to__up60k,latent_distance,45,0.4163972139,0.1087834813,0.2612493015,0.1948224753,0.2621010363,0.339281112,0.418735981,0.4672499299,0.6055306315,0.6452052593,0.1279688179,0.450382784,19.41342364,14.3813268,17.35057799,12.90880409
jitter_sigma0.0063,jitter,0.0063,topology_pair,remesh__to__up60k,raw_chamfer,45,0.03339978031,0.005603518643,0.1677711228,0.02513353886,0.02651437831,0.02883771451,0.03243801502,0.0377359768,0.04294783778,0.05109133601,0.008898262289,0.02595779715,1,1,1,1
jitter_sigma0.0063,jitter,0.0063,topology_pair,remesh__to__up60k,rigid_p2p,45,0.02877934807,0.00516487278,0.179464551,0.02203085607,0.02335038584,0.02487646943,0.02749000864,0.03097474996,0.03880212991,0.0467712911,0.006098280535,0.02474043503,0.9217195675,0.6853338705,0.9531022564,0.8474627263
jitter_sigma0.0063,jitter,0.0063,topology_pair,remesh__to__up60k,nicp_p2p,45,0.02372294554,0.001602219158,0.06753879509,0.02063828012,0.0214361717,0.02256895325,0.0238391949,0.02435731041,0.02655155611,0.02867675112,0.001788357156,0.008038471001,0.2859309052,0.200978247,0.3096746212,0.734915342
jitter_sigma0.0063,jitter,0.0063,topology_pair,remesh__to__up60k,nicp_p2tri,45,0.02150600134,0.001740947798,0.08095171995,0.01819874726,0.01900705714,0.02028191388,0.02154404316,0.02238641701,0.0247461631,0.02662492327,0.002104503137,0.008426176003,0.3106883208,0.2365072043,0.324610596,0.6641603422
jitter_sigma0.0063,jitter,0.0063,topology_pair,up60k__to__crop,latent_distance,45,0.474557671,0.1002660509,0.2112831738,0.213730827,0.321293366,0.4132323861,0.4768846035,0.5469586849,0.636120379,0.6563333869,0.1337262988,0.4426025599,5.776976718,4.638065084,6.411328447,7.561039075
jitter_sigma0.0063,jitter,0.0063,topology_pair,up60k__to__crop,raw_chamfer,45,0.06385978157,0.01735614592,0.2717852378,0.03051237545,0.04291088476,0.04815351175,0.06307130525,0.07698585808,0.08959253516,0.09954682963,0.02883234633,0.06903445418,1,1,1,1
jitter_sigma0.0063,jitter,0.0063,topology_pair,up60k__to__crop,rigid_p2p,45,0.03452360298,0.006028757918,0.1746271361,0.02382764214,0.02722896208,0.02967713931,0.03385877061,0.03805811293,0.04562615921,0.05156883727,0.008380973629,0.02774119513,0.3473557981,0.290679556,0.4018456502,0.5368331997
jitter_sigma0.0063,jitter,0.0063,topology_pair,up60k__to__crop,nicp_p2p,45,0.02809529661,0.002539297486,0.09038158669,0.02318027379,0.02467694338,0.02591437964,0.02802776609,0.02956837988,0.03180456558,0.03598292416,0.003654000238,0.01280265037,0.1463053778,0.1267326702,0.1854530542,0.4443822112
jitter_sigma0.0063,jitter,0.0063,topology_pair,up60k__to__crop,nicp_p2tri,45,0.02628841012,0.002682972223,0.1020591284,0.02105868645,0.02282594886,0.02404332108,0.02637903824,0.02783802924,0.03022861934,0.03446334046,0.003794708156,0.01340465401,0.1545834102,0.1316128806,0.1941733902,0.4182415147
jitter_sigma0.0063,jitter,0.0063,topology_pair,up60k__to__down8k,latent_distance,45,0.3977300406,0.1004392033,0.2525310967,0.2057462782,0.2533176482,0.3138621449,0.3964673579,0.4754299819,0.5295282722,0.6110827923,0.161567837,0.4053365141,18.64706027,24.37580758,15.72788673,13.08472726
jitter_sigma0.0063,jitter,0.0063,topology_pair,up60k__to__down8k,raw_chamfer,45,0.03132133914,0.005386329098,0.1719699491,0.0228563932,0.02443419024,0.02709781307,0.03030000931,0.03372601755,0.04078135622,0.04862822899,0.006628204479,0.02577183579,1,1,1,1
jitter_sigma0.0063,jitter,0.0063,topology_pair,up60k__to__down8k,rigid_p2p,45,0.02678839645,0.005205047659,0.194302323,0.02091929059,0.02129021458,0.02302942343,0.02550068303,0.02827944662,0.03809297296,0.04448848811,0.005250023184,0.02356919752,0.9663441584,0.7920732079,0.9145331251,0.8416064419
jitter_sigma0.0063,jitter,0.0063,topology_pair,up60k__to__down8k,nicp_p2p,45,0.02238390842,0.001694207694,0.07568864483,0.01962315299,0.01991951613,0.02132724435,0.02254419415,0.02314829996,0.02604718673,0.02649924864,0.001821055612,0.006876095651,0.3145384664,0.2747434268,0.266806591,0.7440325814
jitter_sigma0.0063,jitter,0.0063,topology_pair,up60k__to__down8k,nicp_p2tri,45,0.02011789015,0.001815264087,0.09023133506,0.01729743155,0.01742242653,0.01896095324,0.02022656468,0.02109274827,0.02385398929,0.02464617143,0.002131795036,0.007348739874,0.3370132151,0.3216248145,0.2851461547,0.6675431836
jitter_sigma0.0063,jitter,0.0063,topology_pair,up60k__to__noisy,latent_distance,45,0.4268533021,0.106625337,0.2497938671,0.2087199092,0.2429571986,0.3444066644,0.4363473654,0.5148764849,0.5821828365,0.6395565867,0.1704698205,0.4308366776,17.57899518,17.65195955,17.57925212,13.12787973
jitter_sigma0.0063,jitter,0.0063,topology_pair,up60k__to__noisy,raw_chamfer,45,0.0340860138,0.006065496688,0.1779467885,0.02286151459,0.02531303266,0.02945758027,0.03323822081,0.03911485486,0.04447155499,0.04736976298,0.009657274592,0.02450824839,1,1,1,1
jitter_sigma0.0063,jitter,0.0063,topology_pair,up60k__to__noisy,rigid_p2p,45,0.02580426934,0.004055506234,0.1571641569,0.02093430327,0.02138623868,0.02332236144,0.02451896369,0.02740888732,0.03440927271,0.03994696467,0.004086525879,0.01901266141,0.6686189842,0.4231551915,0.7757658199,0.7376737711
jitter_sigma0.0063,jitter,0.0063,topology_pair,up60k__to__noisy,nicp_p2p,45,0.02296240901,0.001502777614,0.06544512003,0.02043631548,0.02055889903,0.02204965835,0.02297119552,0.02373565457,0.02561701703,0.02669584907,0.001685996224,0.006259533596,0.2477583768,0.1745830263,0.2554051802,0.6911078559
jitter_sigma0.0063,jitter,0.0063,topology_pair,up60k__to__noisy,nicp_p2tri,45,0.02070286251,0.001663502524,0.08035132937,0.01780386469,0.01801410634,0.01962282058,0.02076028123,0.02128410395,0.02370577953,0.02500999984,0.001661283368,0.007206135146,0.2742566041,0.1720240377,0.2940289747,0.6245906285
jitter_sigma0.0063,jitter,0.0063,topology_pair,up60k__to__original,latent_distance,45,0.4341918419,0.1103668619,0.2541891654,0.2083623558,0.2443968356,0.3622610867,0.4375704527,0.5190279484,0.5944321632,0.6796676517,0.1567668617,0.4713052958,15.18635739,13.82318519,15.62499552,12.43063366
jitter_sigma0.0063,jitter,0.0063,topology_pair,up60k__to__original,raw_chamfer,45,0.03647334515,0.007267500631,0.1992551163,0.02289395335,0.02547852726,0.03055651464,0.03520097726,0.04189737853,0.04674625979,0.05305750093,0.01134086389,0.03016354758,1,1,1,1
jitter_sigma0.0063,jitter,0.0063,topology_pair,up60k__to__original,rigid_p2p,45,0.02675888828,0.004677671951,0.1748081573,0.02058467909,0.02131543499,0.02368976913,0.0255223599,0.02896650451,0.03620948973,0.04162935698,0.005276735378,0.02104467788,0.6436424555,0.4652851344,0.6976857688,0.7250469129
jitter_sigma0.0063,jitter,0.0063,topology_pair,up60k__to__original,nicp_p2p,45,0.02331704612,0.00184947127,0.07931842055,0.02012537612,0.02046625906,0.02216788291,0.02335360187,0.02401709802,0.02643528201,0.02829349452,0.001849215108,0.008168118405,0.2544851888,0.1630576935,0.2707943548,0.6634361794
jitter_sigma0.0063,jitter,0.0063,topology_pair,up60k__to__original,nicp_p2tri,45,0.02120190216,0.001984114563,0.09358191299,0.01776884006,0.01805689754,0.01996333069,0.02120264096,0.022112067,0.02473190505,0.02663347503,0.002148736314,0.008864634973,0.2730119561,0.1894684863,0.2938856893,0.602331032
jitter_sigma0.0063,jitter,0.0063,topology_pair,up60k__to__remesh,latent_distance,45,0.4110790299,0.09050774963,0.2201711667,0.2545851767,0.2697739422,0.3439674377,0.4236376882,0.4817917645,0.53523525,0.5981875062,0.1378243268,0.3436023295,15.85400492,16.25441831,13.80380389,13.19061279
jitter_sigma0.0063,jitter,0.0063,topology_pair,up60k__to__remesh,raw_chamfer,45,0.03377042323,0.00570882563,0.1690480925,0.02398208971,0.02648668649,0.02940232225,0.03211660405,0.03788151382,0.04268508349,0.04887394794,0.00847919157,0.02489185823,1,1,1,1
jitter_sigma0.0063,jitter,0.0063,topology_pair,up60k__to__remesh,rigid_p2p,45,0.02714226037,0.004846385638,0.1785549756,0.02068426061,0.0215383953,0.02379533201,0.02543288567,0.02902363018,0.03716421576,0.04014695455,0.005228298175,0.01946269394,0.8489286504,0.6166033792,0.7818899559,0.7918921201
jitter_sigma0.0063,jitter,0.0063,topology_pair,up60k__to__remesh,nicp_p2p,45,0.02301876144,0.001501638596,0.06523542111,0.02032574757,0.02051140114,0.02205658978,0.02296534508,0.02391921844,0.02521920581,0.02729994422,0.00186262866,0.006974196649,0.263038091,0.2196705481,0.2801798316,0.715061438
jitter_sigma0.0063,jitter,0.0063,topology_pair,up60k__to__remesh,nicp_p2tri,45,0.02083707507,0.001624107942,0.07794318236,0.01791539904,0.01811762419,0.0197821192,0.02081320712,0.02184862222,0.02335993636,0.02521653748,0.002066503021,0.007301138439,0.2844907249,0.2437146282,0.2933143187,0.6480513034
jitter_sigma0.0158,jitter,0.0158,overall,all,latent_distance,1350,0.4369343944,0.1004229692,0.2298353493,0.1869154423,0.2719844773,0.3661248386,0.4329024851,0.507804215,0.6117482454,0.7175200582,0.1416793764,0.5306046158,7.791639192,10.84237467,7.285869983,12.50420254
jitter_sigma0.0158,jitter,0.0158,overall,all,raw_chamfer,1350,0.03888452142,0.01288855486,0.3314572069,0.02347596465,0.02647364598,0.02982656395,0.03462055927,0.04289375455,0.06817148774,0.09630249286,0.0130671906,0.07282652821,1,1,1,1
jitter_sigma0.0158,jitter,0.0158,overall,all,rigid_p2p,1350,0.03052390196,0.006806654744,0.2229942539,0.02254710025,0.02395082711,0.02577081828,0.02827051386,0.03319631487,0.04386314303,0.07289629797,0.00742549659,0.05034919772,0.5281162098,0.5682550148,0.691357929,0.8165816629
jitter_sigma0.0158,jitter,0.0158,overall,all,nicp_p2p,1350,0.0260648643,0.002171532615,0.08331263844,0.02219912293,0.02322601835,0.02450291455,0.02561535362,0.02737652353,0.03031045349,0.03541639498,0.002873608983,0.01321727205,0.1684853452,0.2199102371,0.1814898002,0.7398884986
jitter_sigma0.0158,jitter,0.0158,overall,all,nicp_p2tri,1350,0.0234745215,0.002372734896,0.1010770292,0.01911152907,0.02033306831,0.02179820126,0.02301542453,0.02484034286,0.02805057152,0.03354620618,0.003042141597,0.0144346771,0.1840962716,0.232807624,0.1982063056,0.6647906624
jitter_sigma0.0158,jitter,0.0158,topology_pair,crop__to__down8k,latent_distance,45,0.4504066183,0.08941606621,0.1985229848,0.2606240511,0.3419632137,0.3808188736,0.4231430292,0.5269526243,0.5786930323,0.6771701574,0.1461337507,0.4165461063,6.997273093,7.046908992,8.587867153,7.471988928
jitter_sigma0.0158,jitter,0.0158,topology_pair,crop__to__down8k,raw_chamfer,45,0.05587700824,0.01277870179,0.2286933784,0.03212654998,0.03550255392,0.0448903602,0.05663057498,0.06562764386,0.0725132981,0.08063057303,0.02073728366,0.04850402305,1,1,1,1
jitter_sigma0.0158,jitter,0.0158,topology_pair,crop__to__down8k,rigid_p2p,45,0.04356316318,0.009642743577,0.2213508587,0.02667711768,0.03075937592,0.03755578983,0.04239478022,0.04824070216,0.05761879879,0.07289629797,0.01068491233,0.04621918029,0.7545949295,0.5152512983,0.9528937474,0.7486199855
jitter_sigma0.0158,jitter,0.0158,topology_pair,crop__to__down8k,nicp_p2p,45,0.02733294701,0.001750243642,0.06403420901,0.02318144614,0.02458590392,0.02646526376,0.02730343106,0.02809370407,0.0299543939,0.03213979323,0.00162844031,0.008958347082,0.1369656848,0.07852717533,0.1846928671,0.4821323299
jitter_sigma0.0158,jitter,0.0158,topology_pair,crop__to__down8k,nicp_p2tri,45,0.02488458576,0.00183464791,0.07372627892,0.02078266514,0.0221120167,0.02386144857,0.02472295833,0.02570700182,0.02769863961,0.02998568533,0.001845553253,0.009203020193,0.1435707586,0.08899686591,0.189737255,0.4365655538
jitter_sigma0.0158,jitter,0.0158,topology_pair,crop__to__noisy,latent_distance,45,0.4499589629,0.09339108394,0.2075546698,0.257529676,0.3327798784,0.3765094876,0.4330352843,0.5206599236,0.6009789944,0.6574619412,0.1441504359,0.3999322653,9.220862739,8.692567734,10.2325937,9.422000515
jitter_sigma0.0158,jitter,0.0158,topology_pair,crop__to__noisy,raw_chamfer,45,0.04581192051,0.01012823708,0.2210830057,0.02954237942,0.03032683382,0.03686163059,0.04596001493,0.05344481295,0.06097603802,0.06862653317,0.01658318236,0.03908415374,1,1,1,1
jitter_sigma0.0158,jitter,0.0158,topology_pair,crop__to__noisy,rigid_p2p,45,0.03694101544,0.008561817456,0.2317699542,0.02731049931,0.02746176936,0.0312951043,0.03552990886,0.04035474815,0.05127011751,0.07208611825,0.009059643842,0.04477561894,0.8453413348,0.546315155,1.145620786,0.7730612993
jitter_sigma0.0158,jitter,0.0158,topology_pair,crop__to__noisy,nicp_p2p,45,0.02707650786,0.001707171909,0.06304992939,0.02379705552,0.02435371081,0.02599718218,0.02696852953,0.02807986129,0.0298616121,0.03256114161,0.002082679113,0.008764086093,0.168555682,0.1255898336,0.2242363017,0.5867824363
jitter_sigma0.0158,jitter,0.0158,topology_pair,crop__to__noisy,nicp_p2tri,45,0.02449781087,0.001800296693,0.07348806399,0.02093715784,0.02170908155,0.02338438594,0.02459013936,0.02549673114,0.02752583183,0.03024135274,0.002112345206,0.009304194898,0.1777502519,0.12737876,0.2380554267,0.5350333198
jitter_sigma0.0158,jitter,0.0158,topology_pair,crop__to__original,latent_distance,45,0.4526831607,0.09039838362,0.199694602,0.2997393012,0.3286457896,0.3841083944,0.4368779361,0.5173859596,0.6152157068,0.6423253417,0.1332775652,0.3425860405,9.551276053,8.178716793,9.421894665,9.92347522
jitter_sigma0.0158,jitter,0.0158,topology_pair,crop__to__original,raw_chamfer,45,0.04418961633,0.009464534698,0.2141800605,0.02910809698,0.03029063663,0.03549731512,0.04402469159,0.05179297232,0.05929298431,0.06546872854,0.01629565721,0.03636063156,1,1,1,1
jitter_sigma0.0158,jitter,0.0158,topology_pair,crop__to__original,rigid_p2p,45,0.03731893667,0.008175457132,0.2190699377,0.02700104805,0.02764313724,0.0315774335,0.03552828143,0.04133352568,0.05299996304,0.06323009618,0.00975609218,0.03622904813,0.8637991611,0.5986927718,0.9963811566,0.8070080708
jitter_sigma0.0158,jitter,0.0158,topology_pair,crop__to__original,nicp_p2p,45,0.02704030452,0.001655966588,0.0612406782,0.02380517877,0.02439518537,0.02564441641,0.02721715437,0.02794531996,0.03024238043,0.03164183971,0.002300903548,0.007836660936,0.1749654516,0.141197346,0.2155259851,0.6182247593
jitter_sigma0.0158,jitter,0.0158,topology_pair,crop__to__original,nicp_p2tri,45,0.02451252915,0.00171818453,0.0700941351,0.02123717772,0.02186937731,0.02315654055,0.02470716739,0.0253469584,0.02784481461,0.02934769787,0.002190417857,0.008110520149,0.1815392499,0.1344172763,0.2230577358,0.561211595
jitter_sigma0.0158,jitter,0.0158,topology_pair,crop__to__remesh,latent_distance,45,0.4732373893,0.08683546436,0.1834924,0.299117595,0.3527846098,0.4117619693,0.4628793299,0.5456953049,0.5985756278,0.7175200582,0.1339333355,0.4184024632,6.938373644,7.048144325,8.382780772,9.519643229
jitter_sigma0.0158,jitter,0.0158,topology_pair,crop__to__remesh,raw_chamfer,45,0.04984719935,0.01251524764,0.2510722327,0.02858033063,0.03111575687,0.04093599059,0.04862360057,0.05993862865,0.06920746474,0.07849246296,0.01900263805,0.04991213233,1,1,1,1
jitter_sigma0.0158,jitter,0.0158,topology_pair,crop__to__remesh,rigid_p2p,45,0.0363277807,0.009489305202,0.2612134575,0.02644453981,0.0270047868,0.02957447182,0.03183248467,0.04012066621,0.054373295,0.06721739341,0.01054619439,0.0407728536,0.7582195317,0.5549858059,0.8168926411,0.6546714825
jitter_sigma0.0158,jitter,0.0158,topology_pair,crop__to__remesh,nicp_p2p,45,0.02712949988,0.001898607071,0.06998312094,0.02358243082,0.02438679472,0.02585215437,0.02675969886,0.02811628944,0.03071181429,0.03221961849,0.002264135068,0.008637187669,0.1517035161,0.1191484605,0.1730478596,0.5503438361
jitter_sigma0.0158,jitter,0.0158,topology_pair,crop__to__remesh,nicp_p2tri,45,0.02460168164,0.002048653417,0.08327290172,0.02106112644,0.02158960215,0.02320596479,0.0242146187,0.02579233605,0.02852134537,0.0301488015,0.002586371261,0.009087675052,0.1636925994,0.1361059056,0.1820734685,0.4980013496
jitter_sigma0.0158,jitter,0.0158,topology_pair,crop__to__up60k,latent_distance,45,0.467318207,0.09324326436,0.1995284219,0.2906929255,0.3543420911,0.3961986899,0.4430946708,0.541477263,0.6134373784,0.7111914754,0.145278573,0.4204985499,7.76487317,7.703954462,9.247270322,8.440755579
jitter_sigma0.0158,jitter,0.0158,topology_pair,crop__to__up60k,raw_chamfer,45,0.05141598052,0.01200834351,0.2335527474,0.02936073255,0.03290104645,0.04175061555,0.05249466907,0.06060827804,0.06896871363,0.07483345426,0.01885766248,0.04547272171,1,1,1,1
jitter_sigma0.0158,jitter,0.0158,topology_pair,crop__to__up60k,rigid_p2p,45,0.03898243804,0.008435838259,0.2164009919,0.02721674216,0.02781944647,0.03332242007,0.03688705104,0.0467071226,0.05272640742,0.06244954929,0.01338470253,0.03523280712,0.7024980798,0.7097752724,0.7748119268,0.7026818474
jitter_sigma0.0158,jitter,0.0158,topology_pair,crop__to__up60k,nicp_p2p,45,0.02732050231,0.001841026458,0.06738625947,0.02319417936,0.0244928839,0.02606618728,0.02711304058,0.02849866117,0.03041264308,0.03136176928,0.002432473897,0.008167589918,0.1533122746,0.1289912734,0.1796151541,0.5164913134
jitter_sigma0.0158,jitter,0.0158,topology_pair,crop__to__up60k,nicp_p2tri,45,0.02482741908,0.001923540083,0.07747644154,0.02066762698,0.02182653684,0.0236378499,0.02463794216,0.02597226747,0.02805796472,0.02914331937,0.00233441757,0.008475692389,0.1601836324,0.1237914599,0.1863906991,0.4693417941
jitter_sigma0.0158,jitter,0.0158,topology_pair,down8k__to__crop,latent_distance,45,0.464782243,0.1040159132,0.2237949378,0.1992005855,0.3041326702,0.4062174559,0.4531878531,0.5191960335,0.629451561,0.6630932093,0.1129785776,0.4638926238,6.57249805,4.180787979,7.444765645,7.250915625
jitter_sigma0.0158,jitter,0.0158,topology_pair,down8k__to__crop,raw_chamfer,45,0.0622389991,0.01582593291,0.25427679,0.03399124682,0.04187042765,0.04752650264,0.06250077598,0.07454977628,0.08680070465,0.09630249286,0.02702327364,0.06231124604,1,1,1,1
jitter_sigma0.0158,jitter,0.0158,topology_pair,down8k__to__crop,rigid_p2p,45,0.03500665112,0.005239034423,0.1496582579,0.02656936278,0.02878664553,0.03131802536,0.03452634199,0.0366899222,0.04492188262,0.05042740801,0.005371896849,0.02385804523,0.3310411118,0.1987877901,0.3828850608,0.5524146132
jitter_sigma0.0158,jitter,0.0158,topology_pair,down8k__to__crop,nicp_p2p,45,0.02953502464,0.002081839518,0.07048714343,0.02532061424,0.02661530099,0.02829308729,0.02943586066,0.03075820084,0.03325126265,0.03541639498,0.002465113548,0.01009578074,0.1315460852,0.09122186972,0.162021808,0.4709679232
jitter_sigma0.0158,jitter,0.0158,topology_pair,down8k__to__crop,nicp_p2tri,45,0.02744793057,0.002218361818,0.0808207312,0.02313934965,0.02442022924,0.02591973104,0.02733481782,0.02881207282,0.03141037645,0.03354620618,0.002892341779,0.01040685653,0.1401725782,0.1070315098,0.1670140976,0.4373516551
jitter_sigma0.0158,jitter,0.0158,topology_pair,down8k__to__noisy,latent_distance,45,0.4304458075,0.09833597224,0.2284514578,0.2514212728,0.2649781466,0.3606052697,0.4288176,0.50049299,0.5897834539,0.6501091719,0.1398877203,0.3986878991,18.59709079,17.99226095,18.43627424,12.45062175
jitter_sigma0.0158,jitter,0.0158,topology_pair,down8k__to__noisy,raw_chamfer,45,0.03426007033,0.005287707274,0.1543402341,0.02566192338,0.02685315289,0.0298183698,0.03444146073,0.03759325261,0.04256389816,0.04728711153,0.00777488281,0.02162518815,1,1,1,1
jitter_sigma0.0158,jitter,0.0158,topology_pair,down8k__to__noisy,rigid_p2p,45,0.02681839115,0.002796123541,0.1042614199,0.02258618391,0.02350077503,0.02486523112,0.02626113398,0.02772166109,0.03191306494,0.03453109021,0.002856429978,0.0119449063,0.5287969618,0.36739203,0.5523608034,0.7624860683
jitter_sigma0.0158,jitter,0.0158,topology_pair,down8k__to__noisy,nicp_p2p,45,0.02506661744,0.001483469219,0.05918106909,0.02250408379,0.02298780356,0.02398858549,0.02510454116,0.02580377188,0.02780199939,0.02966625832,0.001815186391,0.007162174533,0.2805505566,0.2334680065,0.3311959408,0.7289046582
jitter_sigma0.0158,jitter,0.0158,topology_pair,down8k__to__noisy,nicp_p2tri,45,0.02242682641,0.001651328496,0.0736318401,0.01944899967,0.0200617748,0.02122620361,0.02219149094,0.02329634474,0.0253399672,0.02739808118,0.002070141137,0.00794908151,0.3122957476,0.2662601081,0.3675843862,0.6443249058
jitter_sigma0.0158,jitter,0.0158,topology_pair,down8k__to__original,latent_distance,45,0.4391595619,0.1013381525,0.2307547445,0.2415076345,0.2891242623,0.3723871708,0.4391173422,0.51653409,0.6008031607,0.6805034876,0.1441469193,0.4389958531,16.55257614,15.74828344,17.51664305,12.15104247
jitter_sigma0.0158,jitter,0.0158,topology_pair,down8k__to__original,raw_chamfer,45,0.03637641629,0.00612219824,0.1683013025,0.02634792097,0.02689466409,0.03165996279,0.03613824438,0.04081314572,0.04555553437,0.05140956388,0.009153182936,0.02506164291,1,1,1,1
jitter_sigma0.0158,jitter,0.0158,topology_pair,down8k__to__original,rigid_p2p,45,0.02744178539,0.003097557608,0.1128774081,0.02336632128,0.02384867166,0.02511904405,0.02687329405,0.02855840327,0.03311661739,0.03574446663,0.003439359215,0.01237814535,0.5059551302,0.375755542,0.4939079772,0.7436247808
jitter_sigma0.0158,jitter,0.0158,topology_pair,down8k__to__original,nicp_p2p,45,0.02542489927,0.001723525467,0.06778888081,0.02281953735,0.02319333397,0.02396125286,0.02510734,0.0266277319,0.02847619944,0.03095961412,0.00266647904,0.008140076766,0.281520689,0.2913171361,0.3248022005,0.6947581553
jitter_sigma0.0158,jitter,0.0158,topology_pair,down8k__to__original,nicp_p2tri,45,0.02287394602,0.001888964129,0.08258147187,0.01990606765,0.02030833149,0.02126116331,0.02273660247,0.02421458739,0.02618406407,0.02875224098,0.00295342408,0.008846173323,0.3085434439,0.3226663447,0.3529765927,0.6291562544
jitter_sigma0.0158,jitter,0.0158,topology_pair,down8k__to__remesh,latent_distance,45,0.4234575477,0.08291017734,0.195793363,0.2715784311,0.3020787001,0.3624822497,0.431995362,0.487606287,0.5370646834,0.6276885271,0.1251240373,0.356110096,18.84797602,19.43230969,21.0508243,12.2069993
jitter_sigma0.0158,jitter,0.0158,topology_pair,down8k__to__remesh,raw_chamfer,45,0.03501257221,0.004398890218,0.1256374479,0.02774573419,0.02838610477,0.03156072509,0.03538915269,0.03799969396,0.04393420621,0.04466241598,0.006438968874,0.01691668179,1,1,1,1
jitter_sigma0.0158,jitter,0.0158,topology_pair,down8k__to__remesh,rigid_p2p,45,0.02839214192,0.003363853865,0.1184783407,0.0245286446,0.02479139079,0.02581701666,0.02743007927,0.03026001021,0.03508412601,0.03856665214,0.004442993557,0.01403800753,0.7647051183,0.6900163123,0.829832216,0.775098503
jitter_sigma0.0158,jitter,0.0158,topology_pair,down8k__to__remesh,nicp_p2p,45,0.02557404742,0.001102339359,0.04310382869,0.02370112885,0.02400788263,0.02487726751,0.02550930496,0.02633891294,0.02748188342,0.02869325383,0.001461645426,0.00499212498,0.2505948783,0.226999921,0.2951007203,0.7208227104
jitter_sigma0.0158,jitter,0.0158,topology_pair,down8k__to__remesh,nicp_p2tri,45,0.02300519556,0.001249403053,0.05430960368,0.02101446658,0.02126352373,0.02205369936,0.022969192,0.02392554254,0.02509398855,0.02647657067,0.001871843178,0.005462104094,0.2840268775,0.2907054242,0.3228827121,0.649046113
jitter_sigma0.0158,jitter,0.0158,topology_pair,down8k__to__up60k,latent_distance,45,0.4181999856,0.1011648381,0.2419054078,0.2511900663,0.2692278922,0.3499483466,0.4040265679,0.4856068194,0.5723734617,0.6516169906,0.1356584728,0.4004269242,22.15843275,17.580736,21.10398699,13.15389007
jitter_sigma0.0158,jitter,0.0158,topology_pair,down8k__to__up60k,raw_chamfer,45,0.03153565027,0.004565523166,0.1447733954,0.02391201269,0.02539656215,0.02765615894,0.03071536753,0.03537247257,0.03951944556,0.04288600677,0.007716313626,0.01897399408,1,1,1,1
jitter_sigma0.0158,jitter,0.0158,topology_pair,down8k__to__up60k,rigid_p2p,45,0.02672529601,0.002942445833,0.1100996536,0.02271446558,0.02306450574,0.02444872467,0.02639078084,0.0282824163,0.03197692369,0.03471933715,0.003833691627,0.01200487157,0.6444925862,0.4968294205,0.6327013449,0.8592044624
jitter_sigma0.0158,jitter,0.0158,topology_pair,down8k__to__up60k,nicp_p2p,45,0.02486490363,0.00163815234,0.06588211096,0.02219912293,0.02253200865,0.02353441677,0.02470612127,0.02604039558,0.02772560018,0.02954381588,0.002505978803,0.007344692953,0.3588093369,0.3247637311,0.3870926134,0.8043570127
jitter_sigma0.0158,jitter,0.0158,topology_pair,down8k__to__up60k,nicp_p2tri,45,0.02218375923,0.0018273729,0.08237435692,0.01911152907,0.01943810221,0.0205315164,0.02207211624,0.02343723636,0.02542833077,0.02726498261,0.002905719958,0.008153453532,0.4002548742,0.3765684106,0.4297173014,0.7186017299
jitter_sigma0.0158,jitter,0.0158,topology_pair,noisy__to__crop,latent_distance,45,0.4654923982,0.09804497584,0.2106263737,0.2035157979,0.3311796725,0.3995123804,0.4599545002,0.5301465988,0.6175517678,0.6407880783,0.1306342185,0.4372722805,7.193181188,5.646314026,8.947840352,9.686453365
jitter_sigma0.0158,jitter,0.0158,topology_pair,noisy__to__crop,raw_chamfer,45,0.05002947551,0.0136302664,0.272444719,0.02767646134,0.03246331988,0.03880755475,0.04748430441,0.06194374906,0.07161824182,0.07654549155,0.02313619431,0.04886903021,1,1,1,1
jitter_sigma0.0158,jitter,0.0158,topology_pair,noisy__to__crop,rigid_p2p,45,0.03279007154,0.004917451239,0.1499676886,0.02521842647,0.02764199817,0.02903241177,0.03148864893,0.03502530534,0.04127925353,0.04709295384,0.005992893567,0.02187452737,0.3607744042,0.259026765,0.4476153359,0.6631380479
jitter_sigma0.0158,jitter,0.0158,topology_pair,noisy__to__crop,nicp_p2p,45,0.02853882969,0.001864103358,0.06531814298,0.02479329121,0.02547625028,0.02740102298,0.0286131583,0.02941509984,0.03174318611,0.03324026417,0.002014076863,0.008446972955,0.1367620635,0.08705307521,0.1728492036,0.6025813931
jitter_sigma0.0158,jitter,0.0158,topology_pair,noisy__to__crop,nicp_p2tri,45,0.02617463326,0.001987284799,0.07592407427,0.02186377164,0.02309973542,0.02484071037,0.02622038311,0.02720264751,0.0298863912,0.03093918922,0.002361937137,0.009075417579,0.14579941,0.1020884033,0.1857089764,0.5521905277
jitter_sigma0.0158,jitter,0.0158,topology_pair,noisy__to__down8k,latent_distance,45,0.4245099518,0.09563110063,0.2252741078,0.2474560142,0.2842501879,0.3509698808,0.4222457409,0.4982232153,0.5780517578,0.660821259,0.1472533345,0.4133652449,19.46160224,31.05721945,19.89251651,14.12684887
jitter_sigma0.0158,jitter,0.0158,topology_pair,noisy__to__down8k,raw_chamfer,45,0.03112402666,0.004913834918,0.1578791514,0.02453147925,0.02557344603,0.02758595192,0.02988959143,0.03232730794,0.04213805769,0.0453114165,0.004741356023,0.02077993725,1,1,1,1
jitter_sigma0.0158,jitter,0.0158,topology_pair,noisy__to__down8k,rigid_p2p,45,0.0278277804,0.004012415113,0.1441873932,0.02348025744,0.024103259,0.02503021041,0.02667648889,0.02831004219,0.03504123792,0.0435205611,0.003279831779,0.02004030365,0.8165547237,0.6917497364,0.9644063605,0.8925009548
jitter_sigma0.0158,jitter,0.0158,topology_pair,noisy__to__down8k,nicp_p2p,45,0.02474097758,0.0009883746539,0.0399488925,0.02295222967,0.02326072797,0.02406932039,0.02476745325,0.02517651262,0.02628918806,0.02745886431,0.00110719223,0.004506634644,0.2011412004,0.2335180536,0.2168743144,0.828631375
jitter_sigma0.0158,jitter,0.0158,topology_pair,noisy__to__down8k,nicp_p2tri,45,0.02199674438,0.001078091602,0.04901141656,0.02022774744,0.02035727992,0.02121458266,0.02207188359,0.02257977175,0.02374489659,0.02476619267,0.001365189081,0.00453844523,0.2193992309,0.2879322022,0.218405146,0.7384471493
jitter_sigma0.0158,jitter,0.0158,topology_pair,noisy__to__original,latent_distance,45,0.4291504171,0.1036552789,0.2415360087,0.2486924827,0.2691423833,0.3579034209,0.4261704981,0.4946484864,0.6050361514,0.6646699309,0.1367450655,0.4159774482,25.9877773,21.57605469,26.10243862,14.33553639
jitter_sigma0.0158,jitter,0.0158,topology_pair,noisy__to__original,raw_chamfer,45,0.02994861331,0.003988616559,0.1331820114,0.02347596465,0.02446262824,0.02671817182,0.02972825617,0.03305598786,0.03591825933,0.03941230892,0.006337816038,0.01593634428,1,1,1,1
jitter_sigma0.0158,jitter,0.0158,topology_pair,noisy__to__original,rigid_p2p,45,0.02742915537,0.003760782077,0.1371089276,0.02333425047,0.02385791092,0.02505410946,0.02601898909,0.02965271157,0.03542924937,0.04060946387,0.004598602105,0.01727521339,0.9428788206,0.7255815058,1.084013566,0.8752275596
jitter_sigma0.0158,jitter,0.0158,topology_pair,noisy__to__original,nicp_p2p,45,0.02493069346,0.00132062075,0.05297168135,0.0230037708,0.02302541939,0.02416845347,0.02494338394,0.02543196514,0.0274316968,0.0287360461,0.001263511671,0.005732275295,0.3310974445,0.1993607362,0.3596982593,0.83904632
jitter_sigma0.0158,jitter,0.0158,topology_pair,noisy__to__original,nicp_p2tri,45,0.0221619064,0.001423341841,0.06422470233,0.01998188629,0.0200773429,0.0212973926,0.02211543835,0.02274108309,0.02491379625,0.02610128008,0.00144369049,0.006119393794,0.3568510084,0.2277899014,0.383989809,0.7439197991
jitter_sigma0.0158,jitter,0.0158,topology_pair,noisy__to__remesh,latent_distance,45,0.4392330004,0.08669868572,0.197386548,0.2706948519,0.3132714808,0.3759381175,0.4324347377,0.4962496758,0.5677906513,0.6739465594,0.1203115582,0.4032517076,20.84439773,22.64691616,22.40823045,13.85348616
jitter_sigma0.0158,jitter,0.0158,topology_pair,noisy__to__remesh,raw_chamfer,45,0.03233814508,0.004159327933,0.1286198674,0.0272232404,0.02787508975,0.02929452533,0.03121486771,0.03460701721,0.0396428998,0.0452189366,0.005312491882,0.0179956962,1,1,1,1
jitter_sigma0.0158,jitter,0.0158,topology_pair,noisy__to__remesh,rigid_p2p,45,0.02785152343,0.003836367574,0.1377435451,0.0235543909,0.02418450724,0.02544563864,0.02619027338,0.02885213055,0.0356970231,0.04086135026,0.003406491905,0.01730695936,0.922352754,0.6412229855,0.9617276913,0.8390320159
jitter_sigma0.0158,jitter,0.0158,topology_pair,noisy__to__remesh,nicp_p2p,45,0.02517582088,0.001080468565,0.04291691499,0.02340929879,0.02362737307,0.02445670685,0.02502339208,0.02572627173,0.02709878272,0.02822860653,0.001269564879,0.00481930774,0.2597699874,0.2389772835,0.2678033507,0.8016497881
jitter_sigma0.0158,jitter,0.0158,topology_pair,noisy__to__remesh,nicp_p2tri,45,0.02241186203,0.001228311485,0.0548063112,0.02030535448,0.02068599872,0.02149830274,0.02228898201,0.02310963082,0.02431277294,0.02572899625,0.001611328075,0.005423641767,0.2953148933,0.3033092776,0.3013854928,0.7140501834
jitter_sigma0.0158,jitter,0.0158,topology_pair,noisy__to__up60k,latent_distance,45,0.4380701767,0.101092537,0.2307679051,0.2557468414,0.305287075,0.3623805046,0.4265239537,0.5148807168,0.6137892723,0.6935039759,0.1525002122,0.4377571344,24.10680662,35.46918723,24.57311124,14.5933218
jitter_sigma0.0158,jitter,0.0158,topology_pair,noisy__to__up60k,raw_chamfer,45,0.03047978399,0.00419352669,0.1375838717,0.02448883961,0.02482356226,0.02766544942,0.02922733833,0.03196496187,0.03873192714,0.042303317,0.004299512453,0.01781447738,1,1,1,1
jitter_sigma0.0158,jitter,0.0158,topology_pair,noisy__to__up60k,rigid_p2p,45,0.0270696192,0.003252831824,0.1201654076,0.0233162052,0.02392384462,0.02504777118,0.02597226112,0.02826571154,0.03347287549,0.03854255173,0.003217940351,0.01522634653,0.7756792943,0.7484430818,0.8547175538,0.8886290235
jitter_sigma0.0158,jitter,0.0158,topology_pair,noisy__to__up60k,nicp_p2p,45,0.0248307932,0.001246872449,0.05021476515,0.02271277788,0.02305075326,0.02405234098,0.02475062781,0.0253232072,0.02702646006,0.02895446637,0.001270866222,0.006241688484,0.2973326609,0.2955837984,0.3503716865,0.8468313989
jitter_sigma0.0158,jitter,0.0158,topology_pair,noisy__to__up60k,nicp_p2tri,45,0.02207158581,0.001360162018,0.06162502456,0.01988877438,0.02008300565,0.02111400159,0.02205567269,0.02261602095,0.02443491865,0.02645464488,0.001502019367,0.0065658705,0.3243480054,0.3493464395,0.3685693584,0.7546247436
jitter_sigma0.0158,jitter,0.0158,topology_pair,original__to__crop,latent_distance,45,0.4565326876,0.09547970174,0.2091409976,0.2096859217,0.3310702384,0.3871990144,0.4521099627,0.5278308392,0.6179090261,0.6280100346,0.1406318247,0.4183241129,7.164396876,6.393058604,8.599860719,9.817432661
jitter_sigma0.0158,jitter,0.0158,topology_pair,original__to__crop,raw_chamfer,45,0.04868835371,0.01332696993,0.2737198717,0.02824402701,0.03116172792,0.03718912555,0.04605175083,0.05918670659,0.06885542272,0.07688715352,0.02199758104,0.04864312651,1,1,1,1
jitter_sigma0.0158,jitter,0.0158,topology_pair,original__to__crop,rigid_p2p,45,0.03299368706,0.005788447205,0.1754410531,0.02647300415,0.02665607412,0.02827812983,0.03170579832,0.03553193442,0.0460986612,0.04832000223,0.00725380459,0.02184699808,0.4343408317,0.3297546479,0.4491281636,0.6884819307
jitter_sigma0.0158,jitter,0.0158,topology_pair,original__to__crop,nicp_p2p,45,0.02824891253,0.001918910243,0.06792864119,0.02446382563,0.02534164234,0.02682955288,0.02809313878,0.02950263898,0.03148904304,0.03316137035,0.002673086101,0.008697544726,0.1439869868,0.1215172748,0.1788031599,0.610034109
jitter_sigma0.0158,jitter,0.0158,topology_pair,original__to__crop,nicp_p2tri,45,0.0259584767,0.00212885443,0.08200999056,0.02154589393,0.02273205922,0.02428900915,0.02591360985,0.02711218119,0.02961260036,0.03125657237,0.002823172035,0.009710678445,0.1597403191,0.1283401129,0.1996310505,0.5627062898
jitter_sigma0.0158,jitter,0.0158,topology_pair,original__to__down8k,latent_distance,45,0.417180006,0.09474132919,0.2270994003,0.2327240407,0.2938595057,0.3423204422,0.4098479152,0.4860184193,0.5766226768,0.6584098935,0.1436979771,0.4256858528,16.47731138,21.5152351,17.38691251,13.21871293
jitter_sigma0.0158,jitter,0.0158,topology_pair,original__to__down8k,raw_chamfer,45,0.03230704017,0.005749805112,0.1779737507,0.02477957131,0.02614817545,0.0279979536,0.03100513018,0.03467684772,0.04494839815,0.04926269058,0.006678894114,0.02448311927,1,1,1,1
jitter_sigma0.0158,jitter,0.0158,topology_pair,original__to__down8k,rigid_p2p,45,0.02872120132,0.005638640341,0.1963232763,0.02254710025,0.02304496829,0.02464145784,0.02638407667,0.0316457392,0.04150213358,0.04427080627,0.007004281365,0.02172370602,0.9806663411,1.048718732,0.8872932314,0.8509584224
jitter_sigma0.0158,jitter,0.0158,topology_pair,original__to__down8k,nicp_p2p,45,0.02459237286,0.001321532496,0.0537374943,0.02234708078,0.02243779597,0.0236674899,0.02418663939,0.0254680544,0.02657563244,0.02779587235,0.001800564497,0.005448791571,0.2298395286,0.2695902145,0.2225529971,0.7800850778
jitter_sigma0.0158,jitter,0.0158,topology_pair,original__to__down8k,nicp_p2tri,45,0.02195831553,0.001427649913,0.06501636754,0.01947027727,0.01962241792,0.02080875166,0.02168030881,0.02295376558,0.02415360687,0.02549107628,0.002145013924,0.006020799019,0.248295357,0.321163038,0.2459163374,0.6992490818
jitter_sigma0.0158,jitter,0.0158,topology_pair,original__to__noisy,latent_distance,45,0.4145891981,0.101473027,0.2447555976,0.2224844098,0.268751651,0.3414191008,0.4187174141,0.486654669,0.5739777446,0.6339480281,0.1452355683,0.4114636183,26.88579972,32.53781003,23.65557838,14.95008222
jitter_sigma0.0158,jitter,0.0158,topology_pair,original__to__noisy,raw_chamfer,45,0.02927556352,0.003774223866,0.1289206223,0.02396714533,0.02485618841,0.02666327966,0.02800769976,0.0311268735,0.03547266994,0.04136108141,0.004463593835,0.01739393608,1,1,1,1
jitter_sigma0.0158,jitter,0.0158,topology_pair,original__to__noisy,rigid_p2p,45,0.02780030701,0.004597264134,0.1653673872,0.02255647446,0.02330085964,0.02449201614,0.02646674749,0.02846091421,0.03984378736,0.04057071553,0.003968898068,0.01801424107,1.218068747,0.8891709717,1.03566214,0.9449811201
jitter_sigma0.0158,jitter,0.0158,topology_pair,original__to__noisy,nicp_p2p,45,0.02467205567,0.001336196278,0.05415828724,0.02228035337,0.02283166327,0.02372478769,0.02457031401,0.02545174027,0.02705204353,0.0287399729,0.00172695258,0.006459619533,0.3540320673,0.3868973397,0.3713719254,0.877269973
jitter_sigma0.0158,jitter,0.0158,topology_pair,original__to__noisy,nicp_p2tri,45,0.02193111738,0.001440445141,0.0656804264,0.01934569919,0.01983562394,0.02074329285,0.0219338516,0.02264490118,0.02451755087,0.02638620546,0.00190160833,0.007040506271,0.3816533391,0.4260262918,0.4047678592,0.783136487
jitter_sigma0.0158,jitter,0.0158,topology_pair,original__to__remesh,latent_distance,45,0.4344577968,0.0877897053,0.20206728,0.2599155903,0.3120800257,0.3589996397,0.439176321,0.4929281473,0.5651090026,0.6784347892,0.1339285076,0.4185191989,18.51627195,20.82168935,20.17752289,13.82912009
jitter_sigma0.0158,jitter,0.0158,topology_pair,original__to__remesh,raw_chamfer,45,0.0328261749,0.004741219265,0.1444341072,0.02689877332,0.02772931404,0.0293116738,0.03175735825,0.03574383717,0.04220748845,0.04764062558,0.006432163371,0.02074185227,1,1,1,1
jitter_sigma0.0158,jitter,0.0158,topology_pair,original__to__remesh,rigid_p2p,45,0.02796183467,0.004030709586,0.1441503977,0.02362727523,0.02407273788,0.02530470449,0.02637928669,0.02905857692,0.03618899266,0.04231402927,0.003753872428,0.01868675403,0.8501419912,0.5836096211,0.9009202164,0.8306511669
jitter_sigma0.0158,jitter,0.0158,topology_pair,original__to__remesh,nicp_p2p,45,0.02499392933,0.001151850462,0.04608520919,0.02303695591,0.02341089409,0.02410448207,0.02487383096,0.02563952392,0.02703431365,0.02841848547,0.001535041845,0.005381529558,0.2429439343,0.2386509416,0.2594526992,0.7832462248
jitter_sigma0.0158,jitter,0.0158,topology_pair,original__to__remesh,nicp_p2tri,45,0.02239159654,0.00128583599,0.05742493562,0.02013949453,0.02044218229,0.02133058538,0.02226759814,0.02327813857,0.0248031491,0.02602945286,0.001947553189,0.005889958337,0.2712036541,0.3027835391,0.283964916,0.7011791713
jitter_sigma0.0158,jitter,0.0158,topology_pair,original__to__up60k,latent_distance,45,0.4310825672,0.1004899499,0.2331106789,0.2456540167,0.3060525715,0.3487098217,0.409408927,0.5007357001,0.6047154546,0.6920226216,0.1520258784,0.4463686049,20.96692389,28.32943669,22.26728039,13.72683238
jitter_sigma0.0158,jitter,0.0158,topology_pair,original__to__up60k,raw_chamfer,45,0.03106826079,0.0047927846,0.1542662665,0.02414271802,0.02495367257,0.02778093623,0.02982544811,0.0331472935,0.04130322632,0.04418865973,0.005366357267,0.02004594171,1,1,1,1
jitter_sigma0.0158,jitter,0.0158,topology_pair,original__to__up60k,rigid_p2p,45,0.0280163931,0.004482579217,0.1599984409,0.02282504696,0.0234003506,0.02510044843,0.02682724401,0.02932360911,0.03617773669,0.04418694423,0.004223160685,0.02136189726,0.9352765857,0.7869697217,1.065646981,0.8994749689
jitter_sigma0.0158,jitter,0.0158,topology_pair,original__to__up60k,nicp_p2p,45,0.02473070565,0.00138075675,0.0558316762,0.02231710736,0.02253700592,0.02393170327,0.02453915071,0.02538476829,0.02691012889,0.02847295813,0.001453065021,0.006155850768,0.2880907166,0.270773068,0.307087133,0.822758827
jitter_sigma0.0158,jitter,0.0158,topology_pair,original__to__up60k,nicp_p2tri,45,0.02210126646,0.001484233679,0.06715604655,0.0196052889,0.01967860962,0.02124684035,0.02184431288,0.0226926394,0.02465201521,0.0261506108,0.001445799057,0.006545321901,0.3096808647,0.2694190836,0.3265160597,0.7324051861
jitter_sigma0.0158,jitter,0.0158,topology_pair,remesh__to__crop,latent_distance,45,0.4776564416,0.1023294546,0.2142323347,0.2160340399,0.330333066,0.400144875,0.4668715894,0.5602398515,0.6485895753,0.6825454235,0.1600949764,0.4665113837,7.088167971,8.182102069,8.18908217,9.199948836
jitter_sigma0.0158,jitter,0.0158,topology_pair,remesh__to__crop,raw_chamfer,45,0.05315590276,0.01443665769,0.2715908665,0.02833713205,0.03469204274,0.04117548141,0.05074719412,0.06074196629,0.07659211899,0.08530461314,0.01956648488,0.05696748109,1,1,1,1
jitter_sigma0.0158,jitter,0.0158,topology_pair,remesh__to__crop,rigid_p2p,45,0.03293211258,0.004530384422,0.1375673793,0.02652696209,0.027505453,0.02936853654,0.03210573039,0.03477199034,0.04265506263,0.04384992396,0.005403453802,0.01732296187,0.3138111687,0.2761586373,0.3040850945,0.6326602081
jitter_sigma0.0158,jitter,0.0158,topology_pair,remesh__to__crop,nicp_p2p,45,0.02918716689,0.00202748408,0.06946491546,0.02481491241,0.02618696555,0.0275201681,0.02903888407,0.0304292761,0.03251832561,0.03397749402,0.002909107998,0.009162581607,0.1404399913,0.1486781103,0.1608388054,0.5722263975
jitter_sigma0.0158,jitter,0.0158,topology_pair,remesh__to__crop,nicp_p2tri,45,0.02681171226,0.00216326379,0.08068353747,0.02207098983,0.02349455701,0.02522897417,0.02682417,0.02835779511,0.03022303859,0.03167719107,0.003128820935,0.009606201239,0.1498451953,0.1599071552,0.1686260487,0.5285842985
jitter_sigma0.0158,jitter,0.0158,topology_pair,remesh__to__down8k,latent_distance,45,0.4055942959,0.0992749123,0.2447640741,0.194886446,0.2545977354,0.3280565143,0.410190016,0.4571425021,0.560547173,0.6037134528,0.1290859878,0.4088270068,21.81139898,23.74152277,18.57322607,12.27422573
jitter_sigma0.0158,jitter,0.0158,topology_pair,remesh__to__down8k,raw_chamfer,45,0.03407075199,0.004551515121,0.1335900987,0.02837693133,0.0291415041,0.03049209266,0.03341880989,0.03592923285,0.04224396295,0.05038856276,0.005437140197,0.02201163143,1,1,1,1
jitter_sigma0.0158,jitter,0.0158,topology_pair,remesh__to__down8k,rigid_p2p,45,0.02949073823,0.004058368089,0.137615005,0.023100634,0.02512553901,0.02715890559,0.02831328156,0.03043745203,0.03723186519,0.04367028763,0.003278546437,0.02056965363,0.891652116,0.6029909691,0.9344901898,0.8472259083
jitter_sigma0.0158,jitter,0.0158,topology_pair,remesh__to__down8k,nicp_p2p,45,0.02552824206,0.001329315383,0.05207234324,0.02262413779,0.02380649456,0.02471830192,0.0254509145,0.02636591391,0.02783626166,0.0282650559,0.001647611992,0.005640918117,0.2920599729,0.3030291536,0.2562698787,0.761574532
jitter_sigma0.0158,jitter,0.0158,topology_pair,remesh__to__down8k,nicp_p2tri,45,0.02283914612,0.001458426718,0.06385644673,0.01972494939,0.02078974435,0.02196254469,0.02274266472,0.02371875797,0.0254218619,0.02582503847,0.001756213279,0.006100089084,0.3204266444,0.3230031258,0.2771302574,0.6805348483
jitter_sigma0.0158,jitter,0.0158,topology_pair,remesh__to__noisy,latent_distance,45,0.429236923,0.1051257503,0.2449131112,0.1946179271,0.2537064075,0.3642751276,0.4366976321,0.4896306098,0.6140514731,0.6312850118,0.1253554821,0.4366670847,24.39091402,17.95176157,22.99088599,13.65005712
jitter_sigma0.0158,jitter,0.0158,topology_pair,remesh__to__noisy,raw_chamfer,45,0.03363081119,0.004310037342,0.1281574006,0.02732902547,0.02817758939,0.03045065441,0.03199236664,0.03743356144,0.0402892018,0.04632207711,0.006982907032,0.01899305163,1,1,1,1
jitter_sigma0.0158,jitter,0.0158,topology_pair,remesh__to__noisy,rigid_p2p,45,0.02834336319,0.004173932405,0.1472631309,0.02347684268,0.02415330353,0.02546567783,0.02708377743,0.02882163472,0.03861355225,0.04080889628,0.003355956891,0.0173320536,0.9684214019,0.4805959574,0.9125470692,0.8465699875
jitter_sigma0.0158,jitter,0.0158,topology_pair,remesh__to__noisy,nicp_p2p,45,0.02554782629,0.001612819802,0.06312943357,0.02316504743,0.02330296301,0.02456451724,0.02527082569,0.02672723487,0.02844464937,0.02929352743,0.002162717628,0.00612848,0.3742008884,0.3097159419,0.3226695803,0.7899017278
jitter_sigma0.0158,jitter,0.0158,topology_pair,remesh__to__noisy,nicp_p2tri,45,0.02282079661,0.001730409915,0.07582600839,0.02015600439,0.02035680619,0.02181955765,0.02263372287,0.02404297035,0.02581281871,0.02681349889,0.002223412701,0.006657494497,0.4014837408,0.318407891,0.3505226346,0.7074726017
jitter_sigma0.0158,jitter,0.0158,topology_pair,remesh__to__original,latent_distance,45,0.4396863371,0.1096207646,0.2493158313,0.1871286929,0.277142179,0.3732591271,0.4230140448,0.497148186,0.6244180679,0.6589446068,0.1238890588,0.4718159139,22.27324405,14.90607056,23.82785526,12.86092176
jitter_sigma0.0158,jitter,0.0158,topology_pair,remesh__to__original,raw_chamfer,45,0.03438417427,0.004921634425,0.1431366182,0.02678015489,0.0279701832,0.03083380829,0.0328914251,0.03914512403,0.04293418599,0.04658117805,0.008311315738,0.01980102316,1,1,1,1
jitter_sigma0.0158,jitter,0.0158,topology_pair,remesh__to__original,rigid_p2p,45,0.02835433023,0.004058360216,0.1431301739,0.02394140595,0.02427681881,0.02577119512,0.02752188474,0.02958821282,0.03653935936,0.04459253884,0.003817017695,0.0206511329,0.8245960317,0.4592555277,1.042932616,0.8367495375
jitter_sigma0.0158,jitter,0.0158,topology_pair,remesh__to__original,nicp_p2p,45,0.02563226866,0.001581609335,0.06170383728,0.02303133666,0.02327427599,0.02441830706,0.02559123923,0.02675363169,0.02825461729,0.02901644923,0.00233532463,0.005985112575,0.3213585565,0.2809813397,0.3022627935,0.7780520047
jitter_sigma0.0158,jitter,0.0158,topology_pair,remesh__to__original,nicp_p2tri,45,0.02295597541,0.001682606542,0.07329710511,0.02006474483,0.02051965631,0.0216824865,0.02282020363,0.02422550056,0.02577126028,0.02649366069,0.002543014056,0.00642891586,0.3418796272,0.3059700938,0.3246759426,0.6938040406
jitter_sigma0.0158,jitter,0.0158,topology_pair,remesh__to__up60k,latent_distance,45,0.4110007375,0.1068192815,0.2599004618,0.1869154423,0.2568842471,0.3414447904,0.4070752263,0.4639847875,0.5904853344,0.6277708411,0.1225399971,0.4408553988,25.19936811,17.82932946,21.45340995,13.16205341
jitter_sigma0.0158,jitter,0.0158,topology_pair,remesh__to__up60k,raw_chamfer,45,0.03173342657,0.004238966669,0.1335804899,0.02615956276,0.02668250031,0.02839201124,0.03092794213,0.03526495604,0.03882528644,0.04670899521,0.006872944796,0.02054943246,1,1,1,1
jitter_sigma0.0158,jitter,0.0158,topology_pair,remesh__to__up60k,rigid_p2p,45,0.0283728866,0.004121146813,0.1452494725,0.02326658594,0.02390173805,0.02556887855,0.02765701993,0.02959392715,0.03571438591,0.04373573406,0.004025048599,0.02046914813,0.9722055242,0.585636684,0.9960931121,0.8942405483
jitter_sigma0.0158,jitter,0.0158,topology_pair,remesh__to__up60k,nicp_p2p,45,0.0253992207,0.001644105761,0.0647305593,0.02225149761,0.02287188493,0.0244270789,0.02534870333,0.0263840075,0.02819077283,0.02894645564,0.001956928597,0.006694958023,0.387855317,0.2847292762,0.3257977093,0.8196052365
jitter_sigma0.0158,jitter,0.0158,topology_pair,remesh__to__up60k,nicp_p2tri,45,0.02267563225,0.001758128337,0.07753381771,0.01916562968,0.01995700272,0.02164118463,0.0227479113,0.02380191904,0.02551190089,0.02633630154,0.002160734413,0.007170671858,0.4147539895,0.3143826231,0.3489474404,0.735513252
jitter_sigma0.0158,jitter,0.0158,topology_pair,up60k__to__crop,latent_distance,45,0.4682744996,0.102953921,0.2198580558,0.2093799859,0.3169191658,0.4056859016,0.4669443965,0.5412967801,0.645513463,0.649456203,0.1356108785,0.4400762171,6.851514407,5.339536858,7.3850744,8.351573071
jitter_sigma0.0158,jitter,0.0158,topology_pair,up60k__to__crop,raw_chamfer,45,0.0569611638,0.01502644743,0.2638016225,0.02989751433,0.03868958701,0.04299993525,0.05591095145,0.06839743359,0.07983723098,0.08948746471,0.02539749833,0.05958995038,1,1,1,1
jitter_sigma0.0158,jitter,0.0158,topology_pair,up60k__to__crop,rigid_p2p,45,0.03329640629,0.004814971751,0.1446093524,0.02562727973,0.02733641558,0.02950483481,0.03297521999,0.03541831893,0.04206273652,0.04651820244,0.005913484121,0.02089092271,0.3204331412,0.2328372678,0.3505779511,0.589781056
jitter_sigma0.0158,jitter,0.0158,topology_pair,up60k__to__crop,nicp_p2p,45,0.02893004783,0.001992775795,0.06888256136,0.02516181675,0.02588902144,0.02771506526,0.02857973991,0.02967367356,0.03236896459,0.03386655546,0.001958608295,0.008704738711,0.1326178928,0.07711815823,0.1460772942,0.5111653294
jitter_sigma0.0158,jitter,0.0158,topology_pair,up60k__to__crop,nicp_p2tri,45,0.02664310872,0.002168980213,0.08140867627,0.0222139221,0.02353803347,0.0253087489,0.0261667313,0.02757426223,0.03044690888,0.03185858862,0.002265513326,0.009644666525,0.1443441787,0.08920222363,0.1618505547,0.468007262
jitter_sigma0.0158,jitter,0.0158,topology_pair,up60k__to__down8k,latent_distance,45,0.3959839831,0.1002946591,0.2532795856,0.1935091466,0.2460368276,0.3226400316,0.3974275291,0.4745289683,0.5195260763,0.603919208,0.1518889368,0.4104100615,25.67414052,34.66584022,21.91349842,13.58940335
jitter_sigma0.0158,jitter,0.0158,topology_pair,up60k__to__down8k,raw_chamfer,45,0.03002069533,0.003906446607,0.1301251208,0.0242850683,0.02530409562,0.02708133629,0.02924539944,0.03146285238,0.03655580856,0.04301371005,0.004381516092,0.01872864175,1,1,1,1
jitter_sigma0.0158,jitter,0.0158,topology_pair,up60k__to__down8k,rigid_p2p,45,0.02713129304,0.003532520267,0.1302009551,0.02282932786,0.02372938615,0.02501174522,0.02596771833,0.02779809096,0.03339281949,0.0395324011,0.002786345741,0.01670307323,0.9042796747,0.6359318743,0.8918464806,0.8879248985
jitter_sigma0.0158,jitter,0.0158,topology_pair,up60k__to__down8k,nicp_p2p,45,0.02457453259,0.001070879506,0.04357680056,0.02244811174,0.02306267433,0.02387218739,0.0245486266,0.02510856189,0.02663783151,0.02719187595,0.001236374507,0.004743764211,0.274131356,0.2821796111,0.2532892814,0.8394013098
jitter_sigma0.0158,jitter,0.0158,topology_pair,up60k__to__down8k,nicp_p2tri,45,0.02181274525,0.001192338484,0.05466246776,0.01954524283,0.02001547224,0.02091731589,0.02177648726,0.02237030661,0.0239317005,0.02468745723,0.001452990717,0.005142214395,0.3052232897,0.3316182542,0.2745641922,0.7446124065
jitter_sigma0.0158,jitter,0.0158,topology_pair,up60k__to__noisy,latent_distance,45,0.4227672574,0.10533277,0.249150728,0.2107735574,0.2442606747,0.3434407413,0.4335668981,0.5119674206,0.5854724646,0.6343613863,0.1685266793,0.4235878289,22.89080395,22.90565381,23.95313281,13.81462131
jitter_sigma0.0158,jitter,0.0158,topology_pair,up60k__to__noisy,raw_chamfer,45,0.03223100605,0.004601532134,0.1427672511,0.02417710522,0.02571140188,0.02869655291,0.03138463868,0.03605398006,0.04082890693,0.04186113145,0.007357427152,0.01768402623,1,1,1,1
jitter_sigma0.0158,jitter,0.0158,topology_pair,up60k__to__noisy,rigid_p2p,45,0.02692710312,0.003489435686,0.129588232,0.02334166571,0.02374365135,0.02440933357,0.02579547521,0.02823544786,0.03317817797,0.04075088921,0.003826114286,0.0174092235,0.7583203993,0.5200342738,0.9844603981,0.8219140414
jitter_sigma0.0158,jitter,0.0158,topology_pair,up60k__to__noisy,nicp_p2p,45,0.02497312344,0.001379615614,0.05524401531,0.02290081632,0.02330038357,0.02398737143,0.02474775108,0.02550819591,0.02784456646,0.02927787986,0.001520824481,0.006377063538,0.2998165771,0.2067060196,0.3606115177,0.7885306994
jitter_sigma0.0158,jitter,0.0158,topology_pair,up60k__to__noisy,nicp_p2tri,45,0.02224570064,0.001572712271,0.07069735842,0.01975667995,0.02025275077,0.02115813629,0.02186277018,0.02292484812,0.02541063901,0.02702528792,0.001766711831,0.007268607965,0.3417801344,0.2401263097,0.4110267578,0.6966073563
jitter_sigma0.0158,jitter,0.0158,topology_pair,up60k__to__original,latent_distance,45,0.432037675,0.1091190107,0.2525682758,0.197277382,0.2524549663,0.3640521765,0.4343368709,0.5111592412,0.5867872715,0.6697130203,0.1471070647,0.4724356383,20.05405,15.81425818,21.58221974,13.12682638
jitter_sigma0.0158,jitter,0.0158,topology_pair,up60k__to__original,raw_chamfer,45,0.03379189756,0.005441245567,0.1610221965,0.02400675842,0.02600564141,0.02873984346,0.03308772876,0.03804202273,0.0421282347,0.04589679772,0.009302179276,0.0218900393,1,1,1,1
jitter_sigma0.0158,jitter,0.0158,topology_pair,up60k__to__original,rigid_p2p,45,0.02727212822,0.003390601466,0.1243247846,0.0235811731,0.02406596048,0.0250598002,0.02606965973,0.02897849085,0.03442569628,0.0402061259,0.003918690652,0.01662495279,0.6231296536,0.4212658707,0.7594756942,0.7878951109
jitter_sigma0.0158,jitter,0.0158,topology_pair,up60k__to__original,nicp_p2p,45,0.02525081713,0.001484467878,0.05878890453,0.02330010295,0.02334170753,0.02423142979,0.02510340084,0.02588368102,0.02826688426,0.03006280243,0.001652251229,0.00676269948,0.272817659,0.1776198007,0.3089395769,0.7586921732
jitter_sigma0.0158,jitter,0.0158,topology_pair,up60k__to__original,nicp_p2tri,45,0.02262543548,0.001646971108,0.07279290201,0.02034497896,0.02048605561,0.0215433999,0.02248828927,0.02330401521,0.0257266162,0.0277770251,0.001760615315,0.007432046143,0.3026827383,0.1892691232,0.339517259,0.6796564803
jitter_sigma0.0158,jitter,0.0158,topology_pair,up60k__to__remesh,latent_distance,45,0.4058459991,0.08875045093,0.2186801179,0.2460465729,0.2610439241,0.3530604243,0.4363227785,0.4690757692,0.5322639823,0.6053243876,0.1160153449,0.3592778146,21.7424146,19.81088123,20.40116186,14.04625377
jitter_sigma0.0158,jitter,0.0158,topology_pair,up60k__to__remesh,raw_chamfer,45,0.03190494238,0.004081904082,0.1279395535,0.02541136712,0.02693958536,0.0288315017,0.03106328461,0.03468764427,0.03839247918,0.04302202171,0.005856142566,0.01761065459,1,1,1,1
jitter_sigma0.0158,jitter,0.0158,topology_pair,up60k__to__remesh,rigid_p2p,45,0.02761752456,0.003654110411,0.132311294,0.02318957379,0.02397049717,0.02516649495,0.02646054031,0.02842647872,0.03528519428,0.03982091097,0.003259983769,0.01663133718,0.8951975199,0.5566776649,0.9443906301,0.8518268637
jitter_sigma0.0158,jitter,0.0158,topology_pair,up60k__to__remesh,nicp_p2p,45,0.02510233858,0.001108753923,0.04416934778,0.02302085451,0.0235550279,0.02425591905,0.02493084792,0.02594312145,0.02712888254,0.02738091307,0.001687202398,0.004360058559,0.2716266479,0.2881081496,0.247580721,0.8025824773
jitter_sigma0.0158,jitter,0.0158,topology_pair,up60k__to__remesh,nicp_p2tri,45,0.02238620366,0.00128369366,0.05734307077,0.01980115487,0.02040886988,0.021484358,0.02217583778,0.0233094894,0.02467420423,0.02485185789,0.001825131396,0.00505070302,0.3144840336,0.3116610252,0.2867981423,0.7138922383
jitter_sigma0.0398,jitter,0.0398,overall,all,latent_distance,1350,0.4412055479,0.09600042439,0.2175866211,0.2051384449,0.2911265627,0.3742332682,0.4334136099,0.5072607994,0.6078067631,0.7306919098,0.1330275312,0.5255534649,13.33166354,20.56852137,12.6063587,12.63076958
jitter_sigma0.0398,jitter,0.0398,overall,all,raw_chamfer,1350,0.03698392113,0.007200933637,0.1947044396,0.02928823712,0.03062676111,0.03220590893,0.03431410945,0.03867343904,0.05362981354,0.07097779057,0.006467530105,0.04168955345,1,1,1,1
jitter_sigma0.0398,jitter,0.0398,overall,all,rigid_p2p,1350,0.03278853527,0.003574891347,0.1090286991,0.02787505496,0.02910520017,0.03034481127,0.03174402215,0.03437316992,0.03945865688,0.05542719442,0.004028358654,0.02755213946,0.4964483117,0.6228588949,0.6608883325,0.9251011509
jitter_sigma0.0398,jitter,0.0398,overall,all,nicp_p2p,1350,0.03100321342,0.001871170677,0.0603540882,0.02759001825,0.02856154668,0.02965430052,0.03058199986,0.03204624369,0.03481006936,0.03942949595,0.002391943174,0.0118394777,0.2598511209,0.3698387383,0.2839914732,0.8912368803
jitter_sigma0.0398,jitter,0.0398,overall,all,nicp_p2tri,1350,0.02680536033,0.002048123964,0.07640725356,0.02283005213,0.02422708022,0.02532041286,0.02631331279,0.02793926445,0.03110067882,0.03590371262,0.002618851597,0.01307366049,0.2844247797,0.4049229852,0.3135955991,0.7668365349
jitter_sigma0.0398,jitter,0.0398,topology_pair,crop__to__down8k,latent_distance,45,0.4535683831,0.08703273429,0.1918844821,0.2773720026,0.3319529712,0.3860794604,0.4391310513,0.5189391971,0.6043466091,0.6916089058,0.1328597367,0.4142369032,11.35594797,10.09570049,13.67490585,9.436455315
jitter_sigma0.0398,jitter,0.0398,topology_pair,crop__to__down8k,raw_chamfer,45,0.04650922632,0.007664065958,0.1647859267,0.03324056906,0.03504075517,0.03908068465,0.04653559379,0.05224071618,0.05867141822,0.06353232446,0.01316003153,0.0302917554,1,1,1,1
jitter_sigma0.0398,jitter,0.0398,topology_pair,crop__to__down8k,rigid_p2p,45,0.03795524087,0.005008864189,0.1319676565,0.03034762754,0.03111698279,0.03437421073,0.03770770511,0.0410102069,0.04703929817,0.05101109455,0.006635996172,0.020663467,0.6535518113,0.5042538203,0.6821482191,0.8102981405
jitter_sigma0.0398,jitter,0.0398,topology_pair,crop__to__down8k,nicp_p2p,45,0.03198330573,0.001542241786,0.04822021209,0.02906700114,0.02946213417,0.0310472537,0.03187530366,0.03309123336,0.03415616716,0.03610472,0.002043979668,0.007037718857,0.2012302339,0.1553172318,0.2323311661,0.6849660886
jitter_sigma0.0398,jitter,0.0398,topology_pair,crop__to__down8k,nicp_p2tri,45,0.02806687599,0.001666488601,0.05937563558,0.02493665155,0.02527735797,0.02715399783,0.02811754361,0.02930303469,0.03049994036,0.03252783101,0.002149036854,0.007591179455,0.2174418396,0.1633002816,0.250602164,0.6042158554
jitter_sigma0.0398,jitter,0.0398,topology_pair,crop__to__noisy,latent_distance,45,0.4381922079,0.07147941381,0.1631234251,0.3416772485,0.3465277731,0.3777692318,0.4241262376,0.4949711263,0.5518155932,0.6289522648,0.1172018945,0.2872750163,12.45877259,12.48880615,12.59824776,10.48751567
jitter_sigma0.0398,jitter,0.0398,topology_pair,crop__to__noisy,raw_chamfer,45,0.04062754392,0.005737275747,0.1412164063,0.03193510839,0.03229106175,0.03512189873,0.04044105877,0.04450645423,0.04992747739,0.05473788396,0.009384555506,0.02280277557,1,1,1,1
jitter_sigma0.0398,jitter,0.0398,topology_pair,crop__to__noisy,rigid_p2p,45,0.03441377445,0.004375649737,0.1271482076,0.02821471878,0.02920648888,0.03128699767,0.03337637301,0.03658949801,0.04255878741,0.04958026526,0.005302500346,0.02136554648,0.7626702863,0.5650241338,0.9369713093,0.8253090801
jitter_sigma0.0398,jitter,0.0398,topology_pair,crop__to__noisy,nicp_p2p,45,0.03103333823,0.001869358033,0.06023709147,0.02799240664,0.02847093053,0.02961287024,0.03058474318,0.03227914437,0.03450864003,0.03571234406,0.002666274125,0.007719937426,0.3258267714,0.28411299,0.3385525329,0.7562794871
jitter_sigma0.0398,jitter,0.0398,topology_pair,crop__to__noisy,nicp_p2tri,45,0.02692103597,0.002056996719,0.07640852755,0.0235220976,0.02409163939,0.02529469669,0.02651777826,0.02817572964,0.03088298282,0.03196768244,0.002881032953,0.008445584842,0.35853196,0.3069972734,0.3703753,0.6557142436
jitter_sigma0.0398,jitter,0.0398,topology_pair,crop__to__original,latent_distance,45,0.4463116798,0.07929167993,0.177659881,0.3168408871,0.3338899076,0.3877506256,0.4336073697,0.5104786754,0.5623142958,0.6495933533,0.1227280498,0.3327524662,15.20256796,14.87966957,16.63272135,11.0521921
jitter_sigma0.0398,jitter,0.0398,topology_pair,crop__to__original,raw_chamfer,45,0.03962415007,0.005215676728,0.1316287345,0.0319627635,0.03242258248,0.03512002725,0.03923270294,0.04336806322,0.04837104087,0.05196865785,0.008248035967,0.02000589436,1,1,1,1
jitter_sigma0.0398,jitter,0.0398,topology_pair,crop__to__original,rigid_p2p,45,0.03526030771,0.004994123743,0.1416358525,0.02962280303,0.03007932865,0.03136508768,0.03430479361,0.03700107053,0.04507916665,0.05313545438,0.005635982841,0.02351265135,0.9575217184,0.6833121078,1.175286189,0.8743928162
jitter_sigma0.0398,jitter,0.0398,topology_pair,crop__to__original,nicp_p2p,45,0.03147206803,0.001865877881,0.05928678976,0.02889279804,0.02924220586,0.03001875886,0.03139189854,0.03208143379,0.03538916557,0.0369590174,0.002062674931,0.008066219359,0.3577441582,0.2500807392,0.40319214,0.8001462094
jitter_sigma0.0398,jitter,0.0398,topology_pair,crop__to__original,nicp_p2tri,45,0.02735126954,0.002058699599,0.07526888637,0.02436048737,0.0248270369,0.02583530379,0.02723818623,0.0278667865,0.0317150333,0.03337823538,0.002031482716,0.009017748012,0.3947138036,0.2462989642,0.4507545552,0.6942724867
jitter_sigma0.0398,jitter,0.0398,topology_pair,crop__to__remesh,latent_distance,45,0.4684638792,0.08541595871,0.1823320058,0.3472822011,0.3635629952,0.3940544128,0.4552035332,0.5161659718,0.6048237443,0.7205535173,0.1221115589,0.3732713163,12.12823507,11.83688492,12.64031865,10.80222472
jitter_sigma0.0398,jitter,0.0398,topology_pair,crop__to__remesh,raw_chamfer,45,0.04299422602,0.00704273608,0.1638065557,0.03207077432,0.0329062947,0.03783584851,0.0421397948,0.04815203894,0.05517700254,0.06160098845,0.01031619043,0.02953021413,1,1,1,1
jitter_sigma0.0398,jitter,0.0398,topology_pair,crop__to__remesh,rigid_p2p,45,0.03548980649,0.005521970633,0.1555931457,0.02887068159,0.03066000175,0.03156392258,0.0340896244,0.03716688469,0.04666270489,0.0539587507,0.005602962111,0.0250880691,0.784066103,0.543123176,0.8495728813,0.8089651259
jitter_sigma0.0398,jitter,0.0398,topology_pair,crop__to__remesh,nicp_p2p,45,0.03168308552,0.001817043941,0.05735059927,0.02858694486,0.02962589042,0.03026240448,0.03118917444,0.0325927636,0.0352674173,0.03637635753,0.002330359125,0.007789412673,0.2580025604,0.22589338,0.263777724,0.7401358879
jitter_sigma0.0398,jitter,0.0398,topology_pair,crop__to__remesh,nicp_p2tri,45,0.02755537949,0.002035674675,0.07387576265,0.0243639379,0.02522767271,0.0260250153,0.02722445817,0.02860940297,0.03163017944,0.03286622678,0.002584387674,0.008502288878,0.2890459974,0.2505176394,0.2879182941,0.646051038
jitter_sigma0.0398,jitter,0.0398,topology_pair,crop__to__up60k,latent_distance,45,0.4644594159,0.0852772524,0.1836053904,0.3529262841,0.3571085274,0.3945740759,0.4424758852,0.5233255625,0.6003407955,0.7306919098,0.1287514865,0.3777656257,12.35644269,11.56536651,14.23356161,10.02887348
jitter_sigma0.0398,jitter,0.0398,topology_pair,crop__to__up60k,raw_chamfer,45,0.04359827379,0.00690144037,0.158296184,0.03238929199,0.03396079376,0.03698650319,0.04412019814,0.04811900698,0.05375132178,0.0589297768,0.01113250379,0.02654048481,1,1,1,1
jitter_sigma0.0398,jitter,0.0398,topology_pair,crop__to__up60k,rigid_p2p,45,0.03532228349,0.005170283833,0.1463745636,0.02890820661,0.02957463112,0.03171806532,0.03391671504,0.03817875532,0.04386135998,0.05542719442,0.006460689998,0.02651898781,0.7491601109,0.5803447382,0.9991900302,0.7687344224
jitter_sigma0.0398,jitter,0.0398,topology_pair,crop__to__up60k,nicp_p2p,45,0.03131402886,0.001780339782,0.05685438275,0.02845466063,0.02893622863,0.03015683734,0.03109921181,0.03240029643,0.03507822398,0.03576816844,0.002243459096,0.007313507819,0.257966408,0.2015233175,0.2755604456,0.7048747086
jitter_sigma0.0398,jitter,0.0398,topology_pair,crop__to__up60k,nicp_p2tri,45,0.02722495307,0.001968691717,0.07231203343,0.02411389126,0.0246874248,0.02584251046,0.02662465261,0.02825459736,0.03152338433,0.03211162468,0.002412086902,0.007997733425,0.2852580927,0.2166706562,0.3013408943,0.6034572312
jitter_sigma0.0398,jitter,0.0398,topology_pair,down8k__to__crop,latent_distance,45,0.4846003506,0.1059267265,0.2185857405,0.2740380466,0.3416315436,0.4085323215,0.4796337187,0.5641822815,0.6529574752,0.713943541,0.15564996,0.4399054945,10.72184429,9.131761991,11.88218928,9.766414719
jitter_sigma0.0398,jitter,0.0398,topology_pair,down8k__to__crop,raw_chamfer,45,0.05020859932,0.009879524794,0.1967695759,0.03395553111,0.03758438742,0.04120499441,0.04911052137,0.05824989332,0.06602199746,0.07097779057,0.01704489891,0.03702225946,1,1,1,1
jitter_sigma0.0398,jitter,0.0398,topology_pair,down8k__to__crop,rigid_p2p,45,0.03566089538,0.002674203509,0.07498980272,0.03194390346,0.03229734905,0.03378693629,0.03498410836,0.03684434691,0.04029505345,0.04365691949,0.003057410618,0.01171301603,0.2706813906,0.1793739366,0.3163776659,0.712354652
jitter_sigma0.0398,jitter,0.0398,topology_pair,down8k__to__crop,nicp_p2p,45,0.03379105352,0.001621586175,0.04798862439,0.03112768282,0.0314194909,0.03241044052,0.03358053354,0.03504143969,0.03657545243,0.03734976398,0.00263099917,0.006222081163,0.16413605,0.1543569829,0.1680632477,0.6837747311
jitter_sigma0.0398,jitter,0.0398,topology_pair,down8k__to__crop,nicp_p2tri,45,0.02994284593,0.001731275282,0.05781932974,0.02705682029,0.02721832323,0.02875537528,0.02969280514,0.03140319329,0.03293159238,0.03316753504,0.002647818011,0.00611071475,0.1752387203,0.1553437204,0.1650551544,0.6046118899
jitter_sigma0.0398,jitter,0.0398,topology_pair,down8k__to__noisy,latent_distance,45,0.4430734714,0.09382508795,0.2117596607,0.2507749498,0.2945916593,0.3835930526,0.4470816255,0.4924115837,0.5871168137,0.6645182967,0.108818531,0.4137433469,36.72000897,24.55333526,42.29046047,13.1776237
jitter_sigma0.0398,jitter,0.0398,topology_pair,down8k__to__noisy,raw_chamfer,45,0.03412722658,0.00255514883,0.07487127101,0.03026188937,0.03056483546,0.03195558532,0.03392733285,0.03638750994,0.03833841764,0.04004526232,0.004431924619,0.009783372949,1,1,1,1
jitter_sigma0.0398,jitter,0.0398,topology_pair,down8k__to__noisy,rigid_p2p,45,0.03135601737,0.001909707451,0.06090401817,0.02911380922,0.02937986663,0.03007261095,0.03088774748,0.03220441035,0.035340384,0.03766499884,0.002131799408,0.00855118962,0.7473957794,0.4810098527,0.8740533214,0.9104089503
jitter_sigma0.0398,jitter,0.0398,topology_pair,down8k__to__noisy,nicp_p2p,45,0.03050011955,0.001268571857,0.04159235687,0.02860126778,0.02902304208,0.02961339048,0.03021708612,0.03131714382,0.03258991939,0.03461372553,0.001703753335,0.006012457749,0.4964766992,0.3844274172,0.6145587805,0.8906413675
jitter_sigma0.0398,jitter,0.0398,topology_pair,down8k__to__noisy,nicp_p2tri,45,0.0262555619,0.001354763683,0.05159911212,0.02417514112,0.02464795452,0.02537145618,0.02603045279,0.02687756147,0.02864310873,0.03068601385,0.001506105292,0.006510872733,0.530209304,0.3398309812,0.6655038877,0.767241354
jitter_sigma0.0398,jitter,0.0398,topology_pair,down8k__to__original,latent_distance,45,0.4503868368,0.09367237748,0.2079820497,0.2669851482,0.3061247051,0.3927167654,0.4584918022,0.5139455199,0.583248651,0.6683195233,0.1212287545,0.4013343751,31.85578715,27.12405064,35.82519757,13.08939007
jitter_sigma0.0398,jitter,0.0398,topology_pair,down8k__to__original,raw_chamfer,45,0.03514298212,0.002940513667,0.08367285557,0.03058492015,0.03086436213,0.03285293213,0.03502774384,0.0373223514,0.03968568262,0.04178749271,0.004469419266,0.01120257256,1,1,1,1
jitter_sigma0.0398,jitter,0.0398,topology_pair,down8k__to__original,rigid_p2p,45,0.03166208501,0.001622549277,0.05124581265,0.0291939445,0.02988593471,0.0304450281,0.03154232842,0.03214444588,0.03509442741,0.03683636302,0.001699417778,0.007642418523,0.551791102,0.3802323471,0.6822021,0.9004955776
jitter_sigma0.0398,jitter,0.0398,topology_pair,down8k__to__original,nicp_p2p,45,0.03076918702,0.001181303363,0.03839241388,0.02896367368,0.02955819253,0.02985283056,0.0304171871,0.03165066175,0.03299181272,0.03395584989,0.001797831182,0.004992176209,0.4017336754,0.4022516293,0.4456276613,0.8683741447
jitter_sigma0.0398,jitter,0.0398,topology_pair,down8k__to__original,nicp_p2tri,45,0.02651577456,0.001285846735,0.04849365167,0.02437547825,0.02497340497,0.0255270093,0.02622091696,0.0271636177,0.02864490632,0.03013232631,0.001636608402,0.00575684806,0.4372864339,0.3661792069,0.5138862553,0.7485756743
jitter_sigma0.0398,jitter,0.0398,topology_pair,down8k__to__remesh,latent_distance,45,0.4434220102,0.0813870588,0.183543119,0.2725220621,0.3028406739,0.3939760327,0.4491010308,0.5016549826,0.5633901,0.6094103456,0.1076789498,0.3368882835,43.09061522,46.0081082,41.10536743,13.05797281
jitter_sigma0.0398,jitter,0.0398,topology_pair,down8k__to__remesh,raw_chamfer,45,0.03477454292,0.001888742094,0.0543139301,0.03139431611,0.03209351224,0.03347218353,0.03439286002,0.03581261773,0.03861081291,0.03959004101,0.002340434199,0.008195724903,1,1,1,1
jitter_sigma0.0398,jitter,0.0398,topology_pair,down8k__to__remesh,rigid_p2p,45,0.0323283507,0.001867261275,0.05775924952,0.02991755117,0.03031490917,0.03115165589,0.03182320514,0.03305471874,0.03687473163,0.03789964964,0.001903062847,0.007982098472,0.9886269178,0.813123842,0.9739344068,0.9252852227
jitter_sigma0.0398,jitter,0.0398,topology_pair,down8k__to__remesh,nicp_p2p,45,0.03113195689,0.001008216363,0.03238525503,0.02967690847,0.02989138404,0.0304584023,0.03083209548,0.03157191953,0.03298299466,0.03449279471,0.001113517229,0.004815886243,0.5338030887,0.4757737813,0.5876095525,0.8964679141
jitter_sigma0.0398,jitter,0.0398,topology_pair,down8k__to__remesh,nicp_p2tri,45,0.02683079846,0.001057655519,0.03941945749,0.02543955663,0.02551869795,0.02614630799,0.02663606087,0.02721069407,0.02895996174,0.03061307455,0.001064386087,0.005173517918,0.5599787937,0.4547814622,0.6312459214,0.7744648411
jitter_sigma0.0398,jitter,0.0398,topology_pair,down8k__to__up60k,latent_distance,45,0.4439617025,0.09479839898,0.2135283257,0.278901279,0.302785188,0.3827649951,0.4333371222,0.515458107,0.5801895261,0.679929316,0.1326931119,0.4010280371,44.29020559,38.41060268,53.01963452,13.43870735
jitter_sigma0.0398,jitter,0.0398,topology_pair,down8k__to__up60k,raw_chamfer,45,0.03290681687,0.002140391938,0.06504402862,0.02999799983,0.03025912402,0.03117815559,0.03224544674,0.03463275152,0.03700516029,0.03756176447,0.003454595935,0.007563764646,1,1,1,1
jitter_sigma0.0398,jitter,0.0398,topology_pair,down8k__to__up60k,rigid_p2p,45,0.03130089374,0.00180497365,0.0576652432,0.02888494524,0.02930080978,0.03012850622,0.0308105923,0.03212229523,0.03361230894,0.03879297809,0.001993789006,0.00990803285,0.8432911833,0.5771410154,1.309934049,0.955502107
jitter_sigma0.0398,jitter,0.0398,topology_pair,down8k__to__up60k,nicp_p2p,45,0.03031775785,0.001115250176,0.03678537779,0.02849351737,0.02874715126,0.02948374629,0.03021217535,0.03101197111,0.03247813439,0.03273783691,0.001528224821,0.004244319535,0.5210495127,0.4423744049,0.5611384983,0.9369439225
jitter_sigma0.0398,jitter,0.0398,topology_pair,down8k__to__up60k,nicp_p2tri,45,0.02591447137,0.001201336902,0.04635776222,0.02375911384,0.02427757197,0.025007811,0.02573372667,0.02654818137,0.02814548525,0.02890873595,0.001540370372,0.005149622104,0.5612695883,0.445890171,0.6808279138,0.7980576879
jitter_sigma0.0398,jitter,0.0398,topology_pair,noisy__to__crop,latent_distance,45,0.4654396302,0.09163133318,0.196870501,0.2609952688,0.337377739,0.4087631404,0.4462741017,0.5366457105,0.6375974536,0.6529071927,0.12788257,0.3919119239,11.50784352,10.26702086,13.94943165,10.84076738
jitter_sigma0.0398,jitter,0.0398,topology_pair,noisy__to__crop,raw_chamfer,45,0.04309670893,0.007962511223,0.184759148,0.03088424292,0.03385659224,0.03640007781,0.04116628334,0.04885574258,0.05670606892,0.05897943229,0.01245566477,0.02809518937,1,1,1,1
jitter_sigma0.0398,jitter,0.0398,topology_pair,noisy__to__crop,rigid_p2p,45,0.03432206036,0.002533777191,0.07382357483,0.03052034998,0.03130438946,0.03212839458,0.03438372553,0.03565477065,0.03947632777,0.04057318113,0.003526376069,0.01005283115,0.3182133274,0.2831142403,0.3578132548,0.8352399765
jitter_sigma0.0398,jitter,0.0398,topology_pair,noisy__to__crop,nicp_p2p,45,0.03266599929,0.001606337072,0.04917458848,0.02982749977,0.03027818393,0.03140026606,0.03237210854,0.03418530121,0.0353991361,0.03589879892,0.002785035148,0.006071299152,0.2017374955,0.2235958658,0.2160974632,0.7863743316
jitter_sigma0.0398,jitter,0.0398,topology_pair,noisy__to__crop,nicp_p2tri,45,0.0286305034,0.001709266779,0.05970089856,0.02529363902,0.02614643612,0.02723868474,0.02843096846,0.03022900265,0.03142924929,0.03184035941,0.00299031791,0.006546720384,0.2146642851,0.2400769421,0.2330192652,0.6906372437
jitter_sigma0.0398,jitter,0.0398,topology_pair,noisy__to__down8k,latent_distance,45,0.431972397,0.09416970916,0.2179993671,0.2742086053,0.3086796522,0.3706308007,0.4146263003,0.502448082,0.6049225211,0.678814888,0.1318172812,0.4046062827,42.16028338,57.21265132,43.5655301,12.87481046
jitter_sigma0.0398,jitter,0.0398,topology_pair,noisy__to__down8k,raw_chamfer,45,0.03286958195,0.002233611864,0.06795376551,0.03015336596,0.03064394862,0.03128586598,0.03220445859,0.03358985431,0.03797970457,0.03944066905,0.002303988335,0.009287303099,1,1,1,1
jitter_sigma0.0398,jitter,0.0398,topology_pair,noisy__to__down8k,rigid_p2p,45,0.03244091971,0.003620329089,0.1115976095,0.02909302432,0.02921672701,0.03009142573,0.03091989927,0.03410596329,0.03786079013,0.04628134224,0.004014537552,0.01718831793,1.620840732,1.742429634,1.850732957,0.9601123763
jitter_sigma0.0398,jitter,0.0398,topology_pair,noisy__to__down8k,nicp_p2p,45,0.03036350587,0.001192472234,0.03927320642,0.02847990305,0.02871212236,0.02951943532,0.03004740485,0.031460649,0.03210006425,0.03303799354,0.001941213681,0.004558090486,0.5338762086,0.8425449259,0.4907873079,0.9330200278
jitter_sigma0.0398,jitter,0.0398,topology_pair,noisy__to__down8k,nicp_p2tri,45,0.02615610101,0.001252655677,0.04789152926,0.02426623836,0.02439941016,0.02517128814,0.02599636107,0.02722121975,0.02818293075,0.02883550343,0.002049931616,0.004569265072,0.5608206586,0.8897317684,0.4919905191,0.8072286326
jitter_sigma0.0398,jitter,0.0398,topology_pair,noisy__to__original,latent_distance,45,0.4212699417,0.0949798323,0.2254607388,0.240197584,0.271933639,0.3649485707,0.4231719375,0.4782357514,0.5829231739,0.6453403234,0.1132871807,0.4051427394,53.83913294,46.27078003,57.1229787,13.28714387
jitter_sigma0.0398,jitter,0.0398,topology_pair,noisy__to__original,raw_chamfer,45,0.0320797424,0.001764141194,0.05499237409,0.02946447503,0.02979913823,0.03076928363,0.03184822424,0.03321763614,0.03548583141,0.03655694024,0.002448352515,0.007092465216,1,1,1,1
jitter_sigma0.0398,jitter,0.0398,topology_pair,noisy__to__original,rigid_p2p,45,0.0312836938,0.002435701785,0.07785850998,0.02877475255,0.02903187863,0.02965950516,0.03084850819,0.03192692425,0.03530134006,0.04184101967,0.002267419086,0.01306626712,1.380672813,0.9260999271,1.842274403,0.9686099907
jitter_sigma0.0398,jitter,0.0398,topology_pair,noisy__to__original,nicp_p2p,45,0.03012101312,0.001374450294,0.04563094506,0.02827880576,0.02855052159,0.02920787738,0.02984021904,0.03063772709,0.03278929145,0.03498725461,0.001429849709,0.006708448854,0.7791044724,0.5840048362,0.9458557286,0.9369507956
jitter_sigma0.0398,jitter,0.0398,topology_pair,noisy__to__original,nicp_p2tri,45,0.02574632346,0.001493112619,0.05799323625,0.02398188735,0.02402064159,0.02475408658,0.02525753581,0.02610883377,0.02898901706,0.03099469288,0.001354747184,0.007012805531,0.8463679799,0.5533301169,0.9887684067,0.7930594689
jitter_sigma0.0398,jitter,0.0398,topology_pair,noisy__to__remesh,latent_distance,45,0.4386359288,0.09159006974,0.2088065836,0.2811791003,0.3269249737,0.3534053862,0.4235985577,0.5107934475,0.585643518,0.7030263543,0.1573880613,0.421847254,49.64559147,68.12632446,51.23051304,12.74735699
jitter_sigma0.0398,jitter,0.0398,topology_pair,noisy__to__remesh,raw_chamfer,45,0.03360374237,0.001844878206,0.05490097459,0.0310067507,0.03139322181,0.03223877879,0.03323030476,0.03454901734,0.03645368117,0.03924104758,0.002310238553,0.008234296887,1,1,1,1
jitter_sigma0.0398,jitter,0.0398,topology_pair,noisy__to__remesh,rigid_p2p,45,0.03213675631,0.002365215096,0.07359843891,0.02964652688,0.02978894172,0.03065136035,0.03104152989,0.03261647674,0.03728682056,0.03928685678,0.00196511639,0.009640329898,1.282044033,0.8506118935,1.170753257,0.9341331688
jitter_sigma0.0398,jitter,0.0398,topology_pair,noisy__to__remesh,nicp_p2p,45,0.03071788074,0.001216373335,0.03959821791,0.02904997341,0.02932856422,0.02996482408,0.03033937655,0.03135669969,0.03324827134,0.034160421,0.001391875611,0.005110447594,0.6593244644,0.6024813365,0.6206295042,0.9130032591
jitter_sigma0.0398,jitter,0.0398,topology_pair,noisy__to__remesh,nicp_p2tri,45,0.02637654175,0.001342629882,0.05090242286,0.02446359867,0.02487694721,0.02550128781,0.0259191014,0.02699877002,0.02930450104,0.03022161983,0.001497482216,0.005758021163,0.7277607148,0.6481937607,0.6992729607,0.7799838607
jitter_sigma0.0398,jitter,0.0398,topology_pair,noisy__to__up60k,latent_distance,45,0.439965111,0.09855763229,0.2240123815,0.2944364846,0.3171831548,0.365698576,0.421843946,0.5034925342,0.6075199246,0.7154955268,0.1377939582,0.4210590422,52.12580267,62.37848278,52.57192627,13.1674818
jitter_sigma0.0398,jitter,0.0398,topology_pair,noisy__to__up60k,raw_chamfer,45,0.03254007415,0.001890764789,0.05810573081,0.02985860082,0.03026145546,0.03124909186,0.03203679733,0.03345809009,0.03636814324,0.03786780025,0.002208998232,0.008009199435,1,1,1,1
jitter_sigma0.0398,jitter,0.0398,topology_pair,noisy__to__up60k,rigid_p2p,45,0.03156732666,0.002722231096,0.08623571849,0.02843639681,0.02894706301,0.02971988952,0.03065831043,0.03259822985,0.03681940472,0.04147366091,0.00287834033,0.0130372641,1.439751317,1.303007077,1.627786173,0.956971763
jitter_sigma0.0398,jitter,0.0398,topology_pair,noisy__to__up60k,nicp_p2p,45,0.03017676866,0.001387285228,0.04597196088,0.0279774074,0.02831239831,0.02917910378,0.03020854495,0.03081236105,0.03251125395,0.03410350452,0.001633257275,0.006126097117,0.7337164496,0.7393655871,0.7648825787,0.9429327354
jitter_sigma0.0398,jitter,0.0398,topology_pair,noisy__to__up60k,nicp_p2tri,45,0.02579693409,0.001481569813,0.0574320114,0.02351011827,0.02367872747,0.02470271714,0.02553181648,0.0265339326,0.02833725509,0.03005797421,0.001831215458,0.006547855943,0.7835822948,0.8289800469,0.8175418774,0.7969528355
jitter_sigma0.0398,jitter,0.0398,topology_pair,original__to__crop,latent_distance,45,0.4696613302,0.09889476032,0.2105661121,0.2470366508,0.345464164,0.4095380902,0.4527416527,0.5510758758,0.6245769024,0.6895810366,0.1415377855,0.4425443858,12.96883251,10.82847597,15.87825116,11.40021708
jitter_sigma0.0398,jitter,0.0398,topology_pair,original__to__crop,raw_chamfer,45,0.04222807456,0.007625571556,0.1805806122,0.03121590644,0.03312634165,0.03567952444,0.03971342384,0.04875041142,0.05468245093,0.05908701021,0.01307088698,0.02787110377,1,1,1,1
jitter_sigma0.0398,jitter,0.0398,topology_pair,original__to__crop,rigid_p2p,45,0.03373352027,0.002685101526,0.07959743024,0.03009898212,0.03026609331,0.03170793036,0.0332021167,0.0349104648,0.0393743139,0.0411670831,0.003202534445,0.01106810098,0.3521180684,0.2450127868,0.3971174257,0.8360426649
jitter_sigma0.0398,jitter,0.0398,topology_pair,original__to__crop,nicp_p2p,45,0.03215557386,0.001626634929,0.05058640647,0.0292679195,0.0297248097,0.03096734947,0.03208390568,0.03326797122,0.03523017202,0.03560423963,0.002300621746,0.006336320125,0.2133131815,0.1760111421,0.2273437097,0.8078856613
jitter_sigma0.0398,jitter,0.0398,topology_pair,original__to__crop,nicp_p2tri,45,0.02827322378,0.001821031033,0.06440832666,0.02497811133,0.02562738694,0.02706762007,0.02815202366,0.02938824091,0.03159714494,0.03185779833,0.002320620837,0.006879686999,0.2388058416,0.1775411907,0.2468394167,0.7088792892
jitter_sigma0.0398,jitter,0.0398,topology_pair,original__to__down8k,latent_distance,45,0.4301206162,0.09664165495,0.22468501,0.2167256325,0.277987361,0.3693178296,0.4169274569,0.5027032495,0.5619286776,0.6680881381,0.1333854198,0.4513625056,37.4983141,47.67543989,44.13540616,12.79741243
jitter_sigma0.0398,jitter,0.0398,topology_pair,original__to__down8k,raw_chamfer,45,0.0332388429,0.002577226664,0.07753659392,0.03024306137,0.03039910104,0.03138113832,0.03257904354,0.0341789189,0.03920094506,0.04046982815,0.002797780579,0.01022676678,1,1,1,1
jitter_sigma0.0398,jitter,0.0398,topology_pair,original__to__down8k,rigid_p2p,45,0.03044675122,0.001675188307,0.05502026454,0.02854368691,0.02867488949,0.02918265339,0.02995530585,0.03132025676,0.03285981857,0.03649435074,0.002137603371,0.007950663828,0.6499964981,0.7640353881,0.7774367009,0.9194654784
jitter_sigma0.0398,jitter,0.0398,topology_pair,original__to__down8k,nicp_p2p,45,0.02940905237,0.000995240784,0.03384130749,0.02787655915,0.02798226629,0.02862686719,0.02929108287,0.02991261354,0.03146541331,0.03210004535,0.00128574635,0.004223486204,0.3861673472,0.4595593949,0.4129835259,0.8990774343
jitter_sigma0.0398,jitter,0.0398,topology_pair,original__to__down8k,nicp_p2tri,45,0.02517487454,0.001052637642,0.04181302436,0.02356553994,0.02374676317,0.02437215657,0.02502995991,0.02575057384,0.02714751394,0.02792754624,0.001378417275,0.004362006292,0.4084381312,0.4926824088,0.4265283823,0.7682840623
jitter_sigma0.0398,jitter,0.0398,topology_pair,original__to__noisy,latent_distance,45,0.4124318646,0.09365277381,0.2270745348,0.2385397553,0.2581269443,0.3431229293,0.4060424864,0.464148581,0.5618395448,0.6315973401,0.1210256517,0.3930575848,56.29396054,51.01389618,46.82604667,12.96965971
jitter_sigma0.0398,jitter,0.0398,topology_pair,original__to__noisy,raw_chamfer,45,0.03170420434,0.001663638033,0.05247373552,0.02928823712,0.02967333163,0.03051039659,0.03130710408,0.03288280217,0.0342352436,0.03768223176,0.002372405575,0.008393994641,1,1,1,1
jitter_sigma0.0398,jitter,0.0398,topology_pair,original__to__noisy,rigid_p2p,45,0.0298212503,0.00143589053,0.0481499104,0.02787505496,0.02834681777,0.02873702831,0.0292622552,0.03032134351,0.033061982,0.03339249554,0.001584315208,0.005517440589,0.863102731,0.6678095956,0.6573080906,0.9346841897
jitter_sigma0.0398,jitter,0.0398,topology_pair,original__to__noisy,nicp_p2p,45,0.02907957299,0.001036062541,0.03562853353,0.02763990965,0.02769734671,0.02835861867,0.02878081341,0.02984132353,0.03088068781,0.03197880271,0.001482704858,0.004338893064,0.6227692085,0.6249795034,0.5169044358,0.919306153
jitter_sigma0.0398,jitter,0.0398,topology_pair,original__to__noisy,nicp_p2tri,45,0.02472249855,0.001127925154,0.04562342886,0.02283005213,0.02339376556,0.02393691998,0.02453835301,0.0254084662,0.02684364399,0.02798186601,0.001471546222,0.005151813882,0.677987117,0.6202759921,0.6137499609,0.7837950438
jitter_sigma0.0398,jitter,0.0398,topology_pair,original__to__remesh,latent_distance,45,0.4311696556,0.08721523626,0.2022759142,0.2607633471,0.3093640268,0.3711132407,0.425368458,0.4966902733,0.5585799575,0.686791718,0.1255770326,0.4260283709,40.26620772,59.37103483,41.83544096,12.8290027
jitter_sigma0.0398,jitter,0.0398,topology_pair,original__to__remesh,raw_chamfer,45,0.03367348715,0.002165965985,0.06432259229,0.03122269852,0.03138617937,0.03227411085,0.03315678296,0.03438923371,0.03770334963,0.04140613058,0.002115122853,0.01018343206,1,1,1,1
jitter_sigma0.0398,jitter,0.0398,topology_pair,original__to__remesh,rigid_p2p,45,0.03086341747,0.001878758569,0.06087331613,0.02886037728,0.02916725564,0.02967967041,0.03025412491,0.03104099688,0.03542008584,0.03657538521,0.001361326473,0.007715007931,0.8673998493,0.6436157932,0.7576039082,0.9124565839
jitter_sigma0.0398,jitter,0.0398,topology_pair,original__to__remesh,nicp_p2p,45,0.02987697352,0.001039086674,0.03477884643,0.02825332425,0.02877650543,0.02911686666,0.029729899,0.03013829069,0.03190320848,0.03326054469,0.001021424029,0.005007220437,0.4797336066,0.4829147526,0.4917026407,0.896646066
jitter_sigma0.0398,jitter,0.0398,topology_pair,original__to__remesh,nicp_p2tri,45,0.02557410596,0.001125325412,0.04400253183,0.02403483015,0.02428981701,0.02478414324,0.02536257176,0.02588068417,0.02762637478,0.02947955348,0.001096540921,0.005444723326,0.519548977,0.5184289509,0.5346648646,0.7649286057
jitter_sigma0.0398,jitter,0.0398,topology_pair,original__to__up60k,latent_distance,45,0.4314536035,0.09922738096,0.2299838967,0.2695293427,0.2909448087,0.3508496881,0.4188240767,0.4807538688,0.586956358,0.691388309,0.1299041808,0.4218589664,46.31979326,59.48107265,44.97040044,13.0131172
jitter_sigma0.0398,jitter,0.0398,topology_pair,original__to__up60k,raw_chamfer,45,0.03272746321,0.002142224176,0.06545646885,0.02987584344,0.03004109894,0.03134333302,0.03218476176,0.03352729129,0.03696817538,0.03925665753,0.002183958274,0.009380814097,1,1,1,1
jitter_sigma0.0398,jitter,0.0398,topology_pair,original__to__up60k,rigid_p2p,45,0.03031520995,0.001623869973,0.05356617934,0.02789370609,0.02825292799,0.02910662911,0.03006267078,0.03116771636,0.03363780059,0.03457399205,0.002061087245,0.006680285959,0.7580298977,0.9437392964,0.7121221986,0.9340653508
jitter_sigma0.0398,jitter,0.0398,topology_pair,original__to__up60k,nicp_p2p,45,0.02945082381,0.001126680377,0.03825632804,0.02759001825,0.02786009627,0.02850147416,0.02925638596,0.03030038245,0.0314649287,0.03225102365,0.001798908288,0.004661005408,0.5259395301,0.8236916927,0.4968657688,0.9090135942
jitter_sigma0.0398,jitter,0.0398,topology_pair,original__to__up60k,nicp_p2tri,45,0.02511115167,0.001200503535,0.04780758567,0.02319225896,0.02332284998,0.02430399999,0.02500519527,0.02583530054,0.02761656325,0.02816552264,0.001531300553,0.004973263678,0.5604005165,0.7011583376,0.530152674,0.7769265301
jitter_sigma0.0398,jitter,0.0398,topology_pair,remesh__to__crop,latent_distance,45,0.4915631466,0.1016115011,0.2067109826,0.2589796185,0.3527710855,0.4113118947,0.487110436,0.5697773099,0.6367726445,0.7133631706,0.1584654152,0.4543835521,12.06212434,13.6996565,13.2838381,11.33560094
jitter_sigma0.0398,jitter,0.0398,topology_pair,remesh__to__crop,raw_chamfer,45,0.04527245542,0.008424013732,0.1860737098,0.03215555211,0.03489172701,0.03867558287,0.04297173468,0.05024269152,0.06006790542,0.06636129511,0.01156710865,0.034205743,1,1,1,1
jitter_sigma0.0398,jitter,0.0398,topology_pair,remesh__to__crop,rigid_p2p,45,0.03528866517,0.003173852427,0.08993971326,0.03054612942,0.03167615578,0.03313014111,0.03473655573,0.03650653296,0.04023912623,0.04876709125,0.003376391853,0.01822096184,0.3767624944,0.2918959226,0.5326872109,0.8083582381
jitter_sigma0.0398,jitter,0.0398,topology_pair,remesh__to__crop,nicp_p2p,45,0.03348765543,0.00189813253,0.05668155937,0.02976968719,0.03073945109,0.03211166417,0.0332000979,0.03499058978,0.03621700304,0.03942949595,0.002878925615,0.009659808756,0.2253240071,0.2488889576,0.2824031262,0.7726031575
jitter_sigma0.0398,jitter,0.0398,topology_pair,remesh__to__crop,nicp_p2tri,45,0.02958541869,0.002040595126,0.06897300145,0.02584874862,0.02644684114,0.02820192779,0.02931943611,0.03122565943,0.032414773,0.03590371262,0.003023731649,0.01005496401,0.2422354938,0.2614077328,0.2939554334,0.682295847
jitter_sigma0.0398,jitter,0.0398,topology_pair,remesh__to__down8k,latent_distance,45,0.4248035318,0.1000603859,0.2355450893,0.2357721627,0.2737664342,0.3519805074,0.4135932326,0.4956586659,0.5652496576,0.6948956251,0.1436781585,0.4591234624,43.90679311,54.32273731,39.14204734,12.17672571
jitter_sigma0.0398,jitter,0.0398,topology_pair,remesh__to__down8k,raw_chamfer,45,0.03429446465,0.002278927218,0.06645175076,0.03158327767,0.03178880191,0.03255010218,0.03396588234,0.03519500127,0.03821115773,0.04331295186,0.002644899091,0.01172967419,1,1,1,1
jitter_sigma0.0398,jitter,0.0398,topology_pair,remesh__to__down8k,rigid_p2p,45,0.0329450949,0.002943919122,0.08935834396,0.02845271206,0.02895424736,0.03040320268,0.03314482999,0.0355045093,0.03821649713,0.03861970905,0.005101306623,0.01016699699,1.291800414,1.928733932,0.8667757372,0.975827145
jitter_sigma0.0398,jitter,0.0398,topology_pair,remesh__to__down8k,nicp_p2p,45,0.03097148394,0.001598140978,0.05160040057,0.02806343529,0.02836125953,0.02964070868,0.0310689552,0.03227665653,0.03343154592,0.03378574904,0.002635947853,0.005722313754,0.7012689854,0.9966156601,0.4878493351,0.9147106761
jitter_sigma0.0398,jitter,0.0398,topology_pair,remesh__to__down8k,nicp_p2tri,45,0.02677789555,0.001553095453,0.05799916016,0.02386668726,0.02422995835,0.02557099732,0.02685395716,0.02805631764,0.02920784259,0.02970704298,0.00248532032,0.005840355719,0.6815028758,0.9396654598,0.4979128682,0.7906156209
jitter_sigma0.0398,jitter,0.0398,topology_pair,remesh__to__noisy,latent_distance,45,0.4287814726,0.1005505941,0.2345031223,0.2212337852,0.2728055716,0.3629336655,0.430429548,0.491953522,0.590808773,0.6675208807,0.1290198565,0.4462870955,49.2444556,42.3256705,48.80169296,12.79542357
jitter_sigma0.0398,jitter,0.0398,topology_pair,remesh__to__noisy,raw_chamfer,45,0.03412795336,0.002041866296,0.05982973179,0.03133238916,0.03185851665,0.0325187452,0.03363933563,0.03556701011,0.03726190064,0.04047729927,0.003048264917,0.009144910115,1,1,1,1
jitter_sigma0.0398,jitter,0.0398,topology_pair,remesh__to__noisy,rigid_p2p,45,0.03192085462,0.002556957504,0.08010304029,0.02932583549,0.0294683679,0.03021000749,0.03079567025,0.03260269413,0.03675347921,0.04037316438,0.002392686642,0.01104732889,1.252264906,0.7849339565,1.208030342,0.9154660658
jitter_sigma0.0398,jitter,0.0398,topology_pair,remesh__to__noisy,nicp_p2p,45,0.0306568756,0.001644231045,0.05363335344,0.02846145344,0.02893275659,0.0294641612,0.03020733734,0.03162907499,0.03400526122,0.03562525535,0.002164913789,0.00716380191,0.8052589184,0.7102118248,0.7833649341,0.8979766327
jitter_sigma0.0398,jitter,0.0398,topology_pair,remesh__to__noisy,nicp_p2tri,45,0.02645869262,0.001693101754,0.06399037847,0.024532565,0.02475890856,0.02529687838,0.02580438022,0.02710564294,0.02969673699,0.03194905798,0.001808764554,0.007416492976,0.8291932522,0.5933751179,0.8109968149,0.7670894723
jitter_sigma0.0398,jitter,0.0398,topology_pair,remesh__to__original,latent_distance,45,0.4311688973,0.1033123422,0.2396099136,0.2051384449,0.2778115094,0.3481439948,0.4347620904,0.499905467,0.5938526392,0.6693086624,0.1517614722,0.4641702175,45.27655048,38.2508149,52.62136844,12.96137339
jitter_sigma0.0398,jitter,0.0398,topology_pair,remesh__to__original,raw_chamfer,45,0.03443747169,0.002281806832,0.06625941802,0.03138170257,0.03153857822,0.03258081246,0.03354290301,0.03654834812,0.03807827791,0.04020264796,0.003967535662,0.008820945393,1,1,1,1
jitter_sigma0.0398,jitter,0.0398,topology_pair,remesh__to__original,rigid_p2p,45,0.03273241571,0.002999855631,0.09164785324,0.02940150201,0.02958626581,0.03085319932,0.03182508961,0.03364342642,0.03859478614,0.04292604552,0.002790227107,0.01352454351,1.314684306,0.7032645311,1.533230613,0.9487875753
jitter_sigma0.0398,jitter,0.0398,topology_pair,remesh__to__original,nicp_p2p,45,0.03122182737,0.001864173486,0.05970737919,0.02869388303,0.02895644274,0.03013696283,0.0307087534,0.03200694501,0.03472301542,0.03728720358,0.001869982183,0.008593320547,0.8169725235,0.4713208254,0.9741949602,0.9155067286
jitter_sigma0.0398,jitter,0.0398,topology_pair,remesh__to__original,nicp_p2tri,45,0.02703949827,0.001907672468,0.0705513264,0.02479221868,0.02492541581,0.02581391989,0.02642984685,0.02773333647,0.03089497179,0.03342343424,0.00191941658,0.008631215565,0.8360359172,0.4837805488,0.9784909871,0.7879415458
jitter_sigma0.0398,jitter,0.0398,topology_pair,remesh__to__up60k,latent_distance,45,0.4157574697,0.1059398283,0.2548116053,0.2087516934,0.262674731,0.3503640294,0.4159282148,0.4625791311,0.5957531691,0.6801460981,0.1122151017,0.4713944048,53.78133628,45.704046,48.49640571,12.7069882
jitter_sigma0.0398,jitter,0.0398,topology_pair,remesh__to__up60k,raw_chamfer,45,0.0332344796,0.00196982514,0.0592705276,0.03083374653,0.03099689772,0.03184499905,0.03273224215,0.03430025436,0.03673343297,0.04055393914,0.002455255312,0.009720192617,1,1,1,1
jitter_sigma0.0398,jitter,0.0398,topology_pair,remesh__to__up60k,rigid_p2p,45,0.03187450057,0.00237950637,0.07465234993,0.02888354977,0.02892044618,0.03045278644,0.03130372767,0.03305695116,0.0365597671,0.03999258347,0.002604164721,0.0111090337,1.207978476,1.060649256,1.142882053,0.9563575733
jitter_sigma0.0398,jitter,0.0398,topology_pair,remesh__to__up60k,nicp_p2p,45,0.03056335569,0.001587363146,0.05193680832,0.02822915746,0.02851260138,0.02943041106,0.03041705737,0.03114400024,0.03353034585,0.03541770171,0.001713589183,0.007188544245,0.805839622,0.6979270851,0.7395475098,0.9292689829
jitter_sigma0.0398,jitter,0.0398,topology_pair,remesh__to__up60k,nicp_p2tri,45,0.02627508173,0.001616919662,0.06153814015,0.02400532178,0.0244106639,0.02527191963,0.02593311648,0.0268219553,0.02941338875,0.03149011452,0.00155003567,0.007484792745,0.8208442613,0.6313134372,0.7700251466,0.7922804787
jitter_sigma0.0398,jitter,0.0398,topology_pair,up60k__to__crop,latent_distance,45,0.4759751631,0.08974937795,0.188558952,0.2861564159,0.3496291518,0.4174072742,0.4736558795,0.5432962775,0.6256451607,0.6808090806,0.1258890033,0.3946526647,9.809382928,8.460941007,10.91617203,10.4076401
jitter_sigma0.0398,jitter,0.0398,topology_pair,up60k__to__crop,raw_chamfer,45,0.04710741528,0.009149339831,0.1942229217,0.0319940843,0.03596064604,0.03901755701,0.04551040151,0.05389639888,0.06178385218,0.06814711152,0.01487884187,0.03615302722,1,1,1,1
jitter_sigma0.0398,jitter,0.0398,topology_pair,up60k__to__crop,rigid_p2p,45,0.03500548996,0.002597969567,0.07421606069,0.03086632591,0.03136786049,0.0330305913,0.03494982331,0.03717257311,0.03943505277,0.04214323704,0.004141981811,0.01127691112,0.2839515872,0.2783806595,0.3119216285,0.7679524274
jitter_sigma0.0398,jitter,0.0398,topology_pair,up60k__to__crop,nicp_p2p,45,0.03332853055,0.001711628268,0.05135624762,0.03034201918,0.03064277087,0.03187155438,0.03323792298,0.03468383384,0.03626238252,0.03635337183,0.002812279461,0.006011352655,0.1870766962,0.1890119867,0.1662752228,0.7303368435
jitter_sigma0.0398,jitter,0.0398,topology_pair,up60k__to__crop,nicp_p2tri,45,0.02941639235,0.001870061998,0.06357210551,0.02557142761,0.02656781409,0.02797124283,0.0291675501,0.03098460871,0.03240057276,0.03276712015,0.003013365879,0.007195692536,0.2043931073,0.2025269108,0.199034302,0.6408985448
jitter_sigma0.0398,jitter,0.0398,topology_pair,up60k__to__down8k,latent_distance,45,0.4139646808,0.09065291747,0.2189870819,0.2269050181,0.2845138252,0.3471410871,0.4052852094,0.4801670313,0.5457805991,0.6079018712,0.1330259442,0.3809968531,52.04648251,67.89178615,45.92355206,12.79323807
jitter_sigma0.0398,jitter,0.0398,topology_pair,up60k__to__down8k,raw_chamfer,45,0.0322208782,0.001741768379,0.05405713551,0.02985204002,0.0301217798,0.03104805577,0.03167964257,0.03300743778,0.0350599831,0.03814836807,0.001959382008,0.00829632805,1,1,1,1
jitter_sigma0.0398,jitter,0.0398,topology_pair,up60k__to__down8k,rigid_p2p,45,0.03173095282,0.002325853004,0.07329918572,0.02826489678,0.02910674949,0.0299828924,0.0309477592,0.03344760042,0.03621748474,0.03662642561,0.003464708013,0.008361528828,1.335340009,1.768265708,1.007858992,0.9768973602
jitter_sigma0.0398,jitter,0.0398,topology_pair,up60k__to__down8k,nicp_p2p,45,0.03035615561,0.001380945393,0.04549144533,0.02782502415,0.02853700316,0.02920421324,0.03013590467,0.03128396823,0.03272747863,0.03321224589,0.002079754983,0.005387221744,0.7928410057,1.061434154,0.6493501356,0.9512703497
jitter_sigma0.0398,jitter,0.0398,topology_pair,up60k__to__down8k,nicp_p2tri,45,0.02597829644,0.001419710817,0.05464988129,0.02332869282,0.02403213293,0.02508834487,0.02580797117,0.02712732775,0.02862433144,0.0289567754,0.002038982878,0.005628082582,0.8150973652,1.040625498,0.6783823576,0.814654746
jitter_sigma0.0398,jitter,0.0398,topology_pair,up60k__to__noisy,latent_distance,45,0.4190474874,0.09450563727,0.225524887,0.2322792709,0.2717169344,0.3574046195,0.4232947528,0.4808478951,0.57246387,0.6267129183,0.1234432757,0.3944336474,43.35552174,34.10925885,43.91252147,12.95189307
jitter_sigma0.0398,jitter,0.0398,topology_pair,up60k__to__noisy,raw_chamfer,45,0.03328983269,0.002179783185,0.06547894684,0.02954879795,0.03055784244,0.03149235073,0.03268207592,0.0351114055,0.03723467276,0.03853105709,0.003619054762,0.008982259142,1,1,1,1
jitter_sigma0.0398,jitter,0.0398,topology_pair,up60k__to__noisy,rigid_p2p,45,0.03111781006,0.00196844792,0.06325791937,0.02820082472,0.0292912229,0.02985865156,0.03056568648,0.03202796173,0.03470558966,0.03882279051,0.002169310173,0.0106219658,0.9030475753,0.59941347,1.182549471,0.9352431147
jitter_sigma0.0398,jitter,0.0398,topology_pair,up60k__to__noisy,nicp_p2p,45,0.03023670057,0.001380101435,0.04564325502,0.02805355599,0.0286499114,0.02932403288,0.03003896519,0.03087240639,0.03326185239,0.03472453322,0.001548373512,0.006670977228,0.6331370222,0.4278392049,0.7426836748,0.9191265959
jitter_sigma0.0398,jitter,0.0398,topology_pair,up60k__to__noisy,nicp_p2tri,45,0.02594823634,0.001472901608,0.05676307203,0.0235961208,0.02410026016,0.02501853032,0.02571394332,0.02655794933,0.02908767597,0.03091519357,0.001539419005,0.007319072771,0.6757101433,0.425364938,0.8148365189,0.7867903919
jitter_sigma0.0398,jitter,0.0398,topology_pair,up60k__to__original,latent_distance,45,0.4233112554,0.09721429554,0.2296520452,0.2229798138,0.2662297904,0.347355485,0.4251904488,0.4970192015,0.5719154835,0.6157140136,0.1496637166,0.3927341998,39.25649054,38.4145169,42.43840818,12.6100151
jitter_sigma0.0398,jitter,0.0398,topology_pair,up60k__to__original,raw_chamfer,45,0.03399194297,0.002476387833,0.07285220016,0.02996044142,0.03074623324,0.03183657031,0.03371847262,0.03573259006,0.03841321671,0.03921465751,0.003896019751,0.009254216088,1,1,1,1
jitter_sigma0.0398,jitter,0.0398,topology_pair,up60k__to__original,rigid_p2p,45,0.0315558299,0.002279730446,0.07224435084,0.02911758358,0.02957303279,0.03026024046,0.03083931922,0.03234066429,0.03434863671,0.04280423675,0.00208042383,0.01368665317,0.9205870001,0.5339869823,1.478964079,0.9146119864
jitter_sigma0.0398,jitter,0.0398,topology_pair,up60k__to__original,nicp_p2p,45,0.03062212837,0.001527400683,0.04987898506,0.02867227367,0.0290730465,0.02968471486,0.03028084064,0.03134349081,0.03314832237,0.03711403021,0.001658775947,0.008441756539,0.6167857323,0.4257616884,0.9122065508,0.8980490008
jitter_sigma0.0398,jitter,0.0398,topology_pair,up60k__to__original,nicp_p2tri,45,0.02628960345,0.001678741056,0.06385570094,0.02420163156,0.02464732684,0.02516557886,0.02584050911,0.02694170187,0.02939642388,0.03343478188,0.001776123015,0.009233150319,0.677899089,0.4558814197,0.9977236571,0.7663606059
jitter_sigma0.0398,jitter,0.0398,topology_pair,up60k__to__remesh,latent_distance,45,0.4032333149,0.08604234433,0.2133810406,0.2275978327,0.256038785,0.3397272229,0.4078484476,0.4744159281,0.5330481887,0.5788998604,0.1346887052,0.3513020277,48.10936183,58.83147492,40.99767115,12.38194707
jitter_sigma0.0398,jitter,0.0398,topology_pair,up60k__to__remesh,raw_chamfer,45,0.0332652302,0.001788474032,0.05376406601,0.03019371986,0.0309579785,0.03186158941,0.03293895906,0.03415098816,0.0360475344,0.03876254872,0.002289398751,0.00856882886,1,1,1,1
jitter_sigma0.0398,jitter,0.0398,topology_pair,up60k__to__remesh,rigid_p2p,45,0.03180388308,0.002223244167,0.06990480255,0.0291385493,0.02967945607,0.03063190929,0.03128764676,0.03213291505,0.03529946844,0.04182212891,0.001501005761,0.01268357962,1.243095581,0.6556331703,1.4801999,0.949867502
jitter_sigma0.0398,jitter,0.0398,topology_pair,up60k__to__remesh,nicp_p2p,45,0.03063862418,0.001239533836,0.04045657628,0.0285269072,0.02930875488,0.02993895133,0.03042460915,0.03124885087,0.03258377245,0.03585834941,0.00130989954,0.007331442209,0.6930678412,0.5721587552,0.8555944259,0.9236663821
jitter_sigma0.0398,jitter,0.0398,topology_pair,up60k__to__remesh,nicp_p2tri,45,0.02625047001,0.001391855804,0.0530221289,0.02385151091,0.02467643511,0.02556930508,0.02605236738,0.02668127907,0.02856977372,0.03227761357,0.001111973992,0.008426102658,0.7782365187,0.4857056866,0.9833435579,0.7909286789
jitter_sigma0.1000,jitter,0.1000,overall,all,latent_distance,1350,0.4828856283,0.09565915782,0.1980989953,0.2625233233,0.340346311,0.409690395,0.4745696187,0.5473523289,0.6533878595,0.8047999144,0.1376619339,0.5422765911,36.27701271,58.50180649,33.69611708,11.13321751
jitter_sigma0.1000,jitter,0.1000,overall,all,raw_chamfer,1350,0.04347667154,0.002636908352,0.06065110918,0.04004074551,0.0409431834,0.04178746407,0.04262645711,0.04414058686,0.04956360144,0.05613389327,0.002353122787,0.01609314776,1,1,1,1
jitter_sigma0.1000,jitter,0.1000,overall,all,rigid_p2p,1350,0.04241048046,0.003353306484,0.07906787303,0.03621388691,0.03799153232,0.04009679531,0.04195770651,0.04407656832,0.04859433203,0.06235524846,0.00397977301,0.02614136155,1.271681089,1.69127299,1.624378396,0.9843113726
jitter_sigma0.1000,jitter,0.1000,overall,all,nicp_p2p,1350,0.04073300041,0.002300719158,0.05648292871,0.03574784653,0.03724903658,0.03910389178,0.04046674309,0.04216638251,0.04485529927,0.04882200728,0.003062490724,0.01307416076,0.8725063032,1.301458105,0.8124054383,0.9493339544
jitter_sigma0.1000,jitter,0.1000,overall,all,nicp_p2tri,1350,0.03369675957,0.002191350688,0.06503149609,0.02918133651,0.03067425604,0.03209686329,0.03335301137,0.03504933194,0.03779535916,0.0425657898,0.002952468654,0.0133844533,0.8310302806,1.254702335,0.8316864729,0.7824485924
jitter_sigma0.1000,jitter,0.1000,topology_pair,crop__to__down8k,latent_distance,45,0.5014616489,0.09327076334,0.1859977997,0.3470965624,0.3825513244,0.428709954,0.4769477546,0.5506669283,0.6704465628,0.7106962204,0.1219569743,0.363599658,34.64923553,30.26419885,36.97421233,10.24722288
jitter_sigma0.1000,jitter,0.1000,topology_pair,crop__to__down8k,raw_chamfer,45,0.04659749322,0.002691856311,0.05776826445,0.04252498671,0.04261521753,0.04428123636,0.04654409886,0.04831098038,0.05092383686,0.05235885835,0.004029744017,0.009833871639,1,1,1,1
jitter_sigma0.1000,jitter,0.1000,topology_pair,crop__to__down8k,rigid_p2p,45,0.04409752103,0.004043936802,0.09170440215,0.03943053507,0.04036398852,0.04164562592,0.04308728378,0.04506131471,0.05047852244,0.06235524846,0.003415688795,0.02292471339,1.502285536,0.8476192979,2.331199169,0.9257303253
jitter_sigma0.1000,jitter,0.1000,topology_pair,crop__to__down8k,nicp_p2p,45,0.04116047684,0.001783677599,0.04333471661,0.03846552283,0.03892866183,0.03987072544,0.0408344733,0.04206381278,0.0448166331,0.04526288776,0.002193087339,0.006797364938,0.6626199148,0.5442249756,0.6912196119,0.8773286904
jitter_sigma0.1000,jitter,0.1000,topology_pair,crop__to__down8k,nicp_p2tri,45,0.03436311322,0.001887527764,0.05492889284,0.03161434151,0.03210421361,0.03286107117,0.03387356789,0.03560194337,0.03810212949,0.03873832803,0.002740872202,0.007123986527,0.701199301,0.6801603751,0.7244335485,0.7277736323
jitter_sigma0.1000,jitter,0.1000,topology_pair,crop__to__noisy,latent_distance,45,0.4923417124,0.08602245317,0.1747210342,0.3380845785,0.3780299723,0.4296926558,0.4678977728,0.5543847084,0.6450015187,0.7397316694,0.1246920526,0.4016470909,40.69797409,37.29213217,49.57852725,10.48667348
jitter_sigma0.1000,jitter,0.1000,topology_pair,crop__to__noisy,raw_chamfer,45,0.04472404783,0.002113679,0.04726045835,0.0413736046,0.04166105909,0.04278632823,0.04461832188,0.04612998399,0.04814451937,0.04947483538,0.003343655762,0.008101230779,1,1,1,1
jitter_sigma0.1000,jitter,0.1000,topology_pair,crop__to__noisy,rigid_p2p,45,0.04331003425,0.003360073678,0.07758187533,0.03844713941,0.03935449368,0.04092910972,0.04280313404,0.04461338714,0.04939724008,0.05162685995,0.003684277423,0.01317972054,1.58968021,1.101871032,1.626878791,0.9593174338
jitter_sigma0.1000,jitter,0.1000,topology_pair,crop__to__noisy,nicp_p2p,45,0.04081341822,0.001958716777,0.04799198064,0.03757592664,0.03818161913,0.0393055011,0.04046248734,0.04205862037,0.04447679428,0.04527763784,0.002753119266,0.007701711198,0.9266860184,0.8233859768,0.9506840884,0.9068581165
jitter_sigma0.1000,jitter,0.1000,topology_pair,crop__to__noisy,nicp_p2tri,45,0.03380969011,0.002087741845,0.06174980717,0.0306202513,0.03135386732,0.03208838701,0.03340711359,0.03504469871,0.03793491712,0.03865315707,0.002956311707,0.008032905772,0.9877289053,0.8841555224,0.9915660955,0.7487308394
jitter_sigma0.1000,jitter,0.1000,topology_pair,crop__to__original,latent_distance,45,0.5139708499,0.09494732267,0.1847328943,0.3851135671,0.4048854947,0.4427465498,0.4831827581,0.5578355789,0.7198645473,0.7386115193,0.1150890291,0.3534979522,49.99068397,44.35381597,43.55039872,10.91923268
jitter_sigma0.1000,jitter,0.1000,topology_pair,crop__to__original,raw_chamfer,45,0.04443003853,0.001899300332,0.04274811355,0.04140700735,0.04162923396,0.04308545472,0.04425061471,0.04568024902,0.04734212458,0.04952399279,0.002594794305,0.008116985438,1,1,1,1
jitter_sigma0.1000,jitter,0.1000,topology_pair,crop__to__original,rigid_p2p,45,0.04465839925,0.00434906089,0.09738505998,0.03913784497,0.03929604351,0.04204078641,0.04375693224,0.0459743297,0.05420754938,0.05866407505,0.003933543291,0.01952623009,2.289822634,1.515936459,2.405601222,0.988843489
jitter_sigma0.1000,jitter,0.1000,topology_pair,crop__to__original,nicp_p2p,45,0.04172815155,0.002587894137,0.0620179433,0.03748433876,0.03811349706,0.03982287729,0.04165298139,0.04283675338,0.04665398758,0.04882200728,0.003013876082,0.01133766852,1.3625513,1.16150867,1.396783154,0.9412972377
jitter_sigma0.1000,jitter,0.1000,topology_pair,crop__to__original,nicp_p2tri,45,0.03468716415,0.002681973331,0.07731889867,0.03083107321,0.03107726016,0.03274517111,0.03438911735,0.03582577883,0.03988327043,0.0425657898,0.003080607718,0.01173471659,1.412084906,1.187226175,1.44569886,0.7771443986
jitter_sigma0.1000,jitter,0.1000,topology_pair,crop__to__remesh,latent_distance,45,0.5054806074,0.08442064936,0.167010659,0.3757871985,0.3868137658,0.4380644262,0.4877410829,0.5515725613,0.6573964357,0.6905747652,0.1135081351,0.3147875667,31.73729084,32.51034523,28.53293751,10.65347763
jitter_sigma0.1000,jitter,0.1000,topology_pair,crop__to__remesh,raw_chamfer,45,0.04614402238,0.002659982851,0.05764523146,0.04186866438,0.04227356966,0.04437507693,0.04578233512,0.04786652355,0.05066518725,0.05290109196,0.003491446623,0.01103242758,1,1,1,1
jitter_sigma0.1000,jitter,0.1000,topology_pair,crop__to__remesh,rigid_p2p,45,0.04590768624,0.004458830425,0.09712601071,0.03923263791,0.04143617996,0.04274039205,0.04472926309,0.04792537233,0.05347045391,0.06180540098,0.005184980284,0.02257276307,1.676262847,1.485052141,2.046037729,0.9769982894
jitter_sigma0.1000,jitter,0.1000,topology_pair,crop__to__remesh,nicp_p2p,45,0.0424468734,0.001970771175,0.04642912463,0.0382668222,0.03995294624,0.04097289393,0.04205705211,0.0438602973,0.04620446992,0.04647287085,0.002887403364,0.008206048646,0.7408961959,0.8269934144,0.7438116939,0.9186305592
jitter_sigma0.1000,jitter,0.1000,topology_pair,crop__to__remesh,nicp_p2tri,45,0.03545316574,0.002214333629,0.06245799446,0.03114438088,0.03249993091,0.03384195031,0.03508872277,0.03710940251,0.03959689582,0.03989045986,0.003267452203,0.008746078982,0.8324616185,0.9358448103,0.7927610599,0.7664249253
jitter_sigma0.1000,jitter,0.1000,topology_pair,crop__to__up60k,latent_distance,45,0.5018509626,0.07268763887,0.1448390942,0.3842607141,0.3971607864,0.4553442895,0.4826869369,0.5545539856,0.6313436985,0.6637514234,0.09920969605,0.2794907093,29.76075664,26.85083052,29.74137695,10.44574134
jitter_sigma0.1000,jitter,0.1000,topology_pair,crop__to__up60k,raw_chamfer,45,0.04592826215,0.002442398886,0.05317856091,0.04171748185,0.04212372071,0.04391588149,0.04620896893,0.04761072795,0.04967150188,0.05111485137,0.003694846459,0.009397369521,1,1,1,1
jitter_sigma0.1000,jitter,0.1000,topology_pair,crop__to__up60k,rigid_p2p,45,0.04418987884,0.00380621331,0.08613314655,0.03870915861,0.03970282995,0.04196130117,0.04318504205,0.045926607,0.05109685183,0.05879628975,0.003965305836,0.02008713114,1.558391355,1.073199084,2.137527006,0.9345597412
jitter_sigma0.1000,jitter,0.1000,topology_pair,crop__to__up60k,nicp_p2p,45,0.04139514917,0.002106272509,0.05088210942,0.03779626342,0.03879556049,0.03994250779,0.04094215726,0.04271720392,0.04533636055,0.04750131096,0.00277469613,0.009705047538,0.8623785908,0.750963852,1.032740866,0.8860218742
jitter_sigma0.1000,jitter,0.1000,topology_pair,crop__to__up60k,nicp_p2tri,45,0.03440166574,0.002210176031,0.06424619227,0.03125870741,0.03152386245,0.03292459082,0.03383282991,0.03580313661,0.03800068107,0.041193134,0.002878545798,0.00993442659,0.9049201765,0.7790704782,1.057149723,0.7321701976
jitter_sigma0.1000,jitter,0.1000,topology_pair,down8k__to__crop,latent_distance,45,0.5534587132,0.1032989388,0.1866425379,0.3532488644,0.3998797774,0.4828483164,0.5377519131,0.6235781908,0.7543149829,0.7920517325,0.1407298744,0.4388028681,29.25175949,24.83432175,30.98999904,11.49088028
jitter_sigma0.1000,jitter,0.1000,topology_pair,down8k__to__crop,raw_chamfer,45,0.04789142091,0.003531375228,0.07373711535,0.04197439402,0.04385934772,0.04476056577,0.04679814775,0.05042731503,0.05363916364,0.05613389327,0.005666749259,0.01415949925,1,1,1,1
jitter_sigma0.1000,jitter,0.1000,topology_pair,down8k__to__crop,rigid_p2p,45,0.04587300357,0.002185922137,0.04765160262,0.04086499577,0.04258236931,0.04450232009,0.0457858157,0.04733505962,0.04957051045,0.05117951822,0.002832739526,0.01031452245,0.6190002468,0.4998879245,0.7284524875,0.9783681171
jitter_sigma0.1000,jitter,0.1000,topology_pair,down8k__to__crop,nicp_p2p,45,0.04397957082,0.001778758286,0.04044510332,0.03997790968,0.04108627589,0.04271137177,0.04391329464,0.04531318232,0.04690375615,0.04795564214,0.002601810554,0.007977732457,0.503701298,0.459136347,0.5634191095,0.9383553997
jitter_sigma0.1000,jitter,0.1000,topology_pair,down8k__to__crop,nicp_p2tri,45,0.03682749504,0.00167177394,0.0453947231,0.03340501984,0.03439592169,0.03554903188,0.03676747792,0.037913208,0.03955057154,0.04054208547,0.002364176119,0.007137065631,0.4734059204,0.4172014697,0.5040478837,0.7856609649
jitter_sigma0.1000,jitter,0.1000,topology_pair,down8k__to__noisy,latent_distance,45,0.5003271686,0.104667363,0.2091978401,0.3395596743,0.3524127543,0.4064645469,0.5083057284,0.5697395802,0.6804389,0.7374814749,0.1632750332,0.3979218006,115.3479477,115.7916606,115.8558187,12.1218746
jitter_sigma0.1000,jitter,0.1000,topology_pair,down8k__to__noisy,raw_chamfer,45,0.04218349049,0.0009074055075,0.02151091569,0.04081847489,0.04101550752,0.04147350231,0.04193293077,0.04288357824,0.0436664373,0.04425310429,0.001410075927,0.003434629396,1,1,1,1
jitter_sigma0.1000,jitter,0.1000,topology_pair,down8k__to__noisy,rigid_p2p,45,0.04238544316,0.00176159961,0.04156142956,0.03889767664,0.03992067627,0.04102426332,0.04223700148,0.04355046202,0.0456948092,0.04670931603,0.002526198704,0.007811639387,1.941358737,1.791533814,2.27437621,1.007251358
jitter_sigma0.1000,jitter,0.1000,topology_pair,down8k__to__noisy,nicp_p2p,45,0.04095800432,0.001395980205,0.03408320859,0.03790434647,0.03896257165,0.04000782495,0.0408104018,0.04173919012,0.04372671475,0.04389220831,0.001731365176,0.005987861836,1.538430385,1.227852445,1.743379313,0.9732303716
jitter_sigma0.1000,jitter,0.1000,topology_pair,down8k__to__noisy,nicp_p2tri,45,0.03378753494,0.001408209213,0.04167836499,0.03088774818,0.03193095108,0.03281090329,0.03363995923,0.03459684205,0.03674620167,0.03710552621,0.001785938763,0.006217778028,1.55190728,1.266555033,1.810319925,0.8022324843
jitter_sigma0.1000,jitter,0.1000,topology_pair,down8k__to__original,latent_distance,45,0.5118178791,0.097309867,0.1901259627,0.3233647346,0.3601335764,0.4326565862,0.5098180175,0.5993899703,0.6510302663,0.7058141232,0.1667333841,0.3824493885,98.80872142,105.0134729,99.76886482,12.015076
jitter_sigma0.1000,jitter,0.1000,topology_pair,down8k__to__original,raw_chamfer,45,0.04255803807,0.0009848307478,0.02314088695,0.04090432868,0.04123370521,0.04169482882,0.04243152664,0.04328256209,0.04417555822,0.04473768279,0.001587733265,0.003833354115,1,1,1,1
jitter_sigma0.1000,jitter,0.1000,topology_pair,down8k__to__original,rigid_p2p,45,0.04361932066,0.002978728744,0.06828920531,0.0398207257,0.04002805688,0.04194771638,0.04299931956,0.04482891141,0.04988437121,0.0536157358,0.002881195035,0.0137950101,3.024609814,1.814659363,3.598678777,1.013381393
jitter_sigma0.1000,jitter,0.1000,topology_pair,down8k__to__original,nicp_p2p,45,0.04188797897,0.002092031304,0.04994347675,0.03895770213,0.03912130199,0.04047938003,0.04136575808,0.04275594949,0.04649666722,0.04700869169,0.002276569458,0.008050989553,2.124254658,1.433848814,2.100246758,0.9748826252
jitter_sigma0.1000,jitter,0.1000,topology_pair,down8k__to__original,nicp_p2tri,45,0.03466524181,0.001988954472,0.05737604494,0.03176616917,0.03192990665,0.03351841683,0.03408844424,0.03556383244,0.03897887183,0.03996566844,0.002045415609,0.008199499271,2.019590144,1.288261482,2.138988214,0.8033753894
jitter_sigma0.1000,jitter,0.1000,topology_pair,down8k__to__remesh,latent_distance,45,0.4843594531,0.07372253787,0.1522062538,0.3382752538,0.3814563036,0.4275584519,0.468321085,0.5407492518,0.6075666547,0.6269754767,0.1131908,0.288700223,120.0605976,150.4736001,104.8053059,11.04620356
jitter_sigma0.1000,jitter,0.1000,topology_pair,down8k__to__remesh,raw_chamfer,45,0.04263520507,0.0006140444019,0.01440228564,0.04161358681,0.04188719767,0.0422006687,0.04239656481,0.04295289899,0.04402358067,0.04436822047,0.0007522302906,0.002754633657,1,1,1,1
jitter_sigma0.1000,jitter,0.1000,topology_pair,down8k__to__remesh,rigid_p2p,45,0.0444152567,0.003161266942,0.0711752487,0.04029453484,0.04091419024,0.04196512497,0.0437570608,0.04569008599,0.04978585585,0.05715786654,0.003724961017,0.0168633317,5.148270927,4.951889154,6.121805585,1.032089769
jitter_sigma0.1000,jitter,0.1000,topology_pair,down8k__to__remesh,nicp_p2p,45,0.04228594894,0.001833483914,0.04335917626,0.03951504032,0.0399018636,0.04066388125,0.04225676899,0.04325432358,0.04591767132,0.0478433734,0.002590442331,0.008328333088,2.985914224,3.443682557,3.023390449,0.9967026616
jitter_sigma0.1000,jitter,0.1000,topology_pair,down8k__to__remesh,nicp_p2tri,45,0.03494904607,0.001867332399,0.05343013927,0.03213329812,0.03278154169,0.03347975116,0.03492459974,0.03609091355,0.038618804,0.04083521438,0.002611162383,0.008701916264,3.041038063,3.471227383,3.159010361,0.82376013
jitter_sigma0.1000,jitter,0.1000,topology_pair,down8k__to__up60k,latent_distance,45,0.4810864713,0.1060940665,0.2205301392,0.3168343604,0.3527900696,0.3970021904,0.4578064382,0.5473911166,0.6869408011,0.7602844834,0.1503889263,0.4434501231,113.4478474,92.36663017,126.1717272,11.01068769
jitter_sigma0.1000,jitter,0.1000,topology_pair,down8k__to__up60k,raw_chamfer,45,0.04187827334,0.0009351791938,0.02233089188,0.04030055505,0.04078651171,0.04116825305,0.04157836923,0.04279642684,0.04346029687,0.0438152103,0.00162817379,0.003514655247,1,1,1,1
jitter_sigma0.1000,jitter,0.1000,topology_pair,down8k__to__up60k,rigid_p2p,45,0.04250667626,0.002276247516,0.05355035293,0.03935957624,0.03957225197,0.04104045934,0.04219968092,0.04325073059,0.04618712189,0.05184181936,0.002210271242,0.01248224312,2.434022838,1.357515553,3.551484354,1.014943147
jitter_sigma0.1000,jitter,0.1000,topology_pair,down8k__to__up60k,nicp_p2p,45,0.04094895678,0.001557739312,0.03804100116,0.03851948748,0.03876486234,0.0398580408,0.04062628514,0.04186268539,0.04364148263,0.04543497927,0.002004644593,0.006915491792,1.665712115,1.231222739,1.96761597,0.9771014566
jitter_sigma0.1000,jitter,0.1000,topology_pair,down8k__to__up60k,nicp_p2tri,45,0.03351897234,0.001501382632,0.04479202456,0.03144470741,0.03156413738,0.03237822698,0.03320653933,0.03431708631,0.03603275968,0.03840512997,0.001938859338,0.006960422566,1.60544914,1.190818419,1.980399805,0.7986493925
jitter_sigma0.1000,jitter,0.1000,topology_pair,noisy__to__crop,latent_distance,45,0.5195409516,0.09946981152,0.1914571146,0.3239747882,0.3612591565,0.4358171821,0.5218602419,0.6024122238,0.6591222167,0.751949966,0.1665950418,0.4279751778,32.6528048,32.16306169,39.03874801,11.50431157
jitter_sigma0.1000,jitter,0.1000,topology_pair,noisy__to__crop,raw_chamfer,45,0.04590853146,0.003046286901,0.06635557277,0.04156718771,0.04220434056,0.04345361029,0.04536214432,0.04863331126,0.05118573133,0.05253001822,0.005179700968,0.01096283051,1,1,1,1
jitter_sigma0.1000,jitter,0.1000,topology_pair,noisy__to__crop,rigid_p2p,45,0.04431935486,0.001853478605,0.04182097441,0.04055038299,0.04146222818,0.04299393095,0.04441732543,0.04554205397,0.0472771131,0.04810897076,0.002548123019,0.007558587767,0.6084386224,0.4919440397,0.6894741061,0.9791716441
jitter_sigma0.1000,jitter,0.1000,topology_pair,noisy__to__crop,nicp_p2p,45,0.04264385861,0.001462737532,0.03430124712,0.0398450313,0.04025144172,0.04142383679,0.04277628099,0.04366746328,0.0447696755,0.04590120344,0.002243626497,0.006056172142,0.4801706405,0.4331575338,0.5524277819,0.9429951258
jitter_sigma0.1000,jitter,0.1000,topology_pair,noisy__to__crop,nicp_p2tri,45,0.03550813208,0.001329611539,0.0374452685,0.03284698232,0.03342057199,0.03451930859,0.03555190072,0.03654420024,0.03763439569,0.038296798,0.002024891655,0.005449815682,0.4364695719,0.3909282925,0.4971175717,0.7837350119
jitter_sigma0.1000,jitter,0.1000,topology_pair,noisy__to__down8k,latent_distance,45,0.4557652851,0.1004197751,0.2203322158,0.3067439497,0.3326251447,0.3759020865,0.4513583481,0.5241031647,0.6097364187,0.7277575731,0.1482010782,0.4210136235,119.0664725,137.808831,116.0880126,10.77906305
jitter_sigma0.1000,jitter,0.1000,topology_pair,noisy__to__down8k,raw_chamfer,45,0.04196221464,0.0008433925437,0.02009885682,0.04051260804,0.0407812781,0.04137377667,0.04187361611,0.04244918727,0.04312734973,0.04413928416,0.001075410604,0.003626676123,1,1,1,1
jitter_sigma0.1000,jitter,0.1000,topology_pair,noisy__to__down8k,rigid_p2p,45,0.04133894548,0.002094217535,0.05065967481,0.03702258088,0.03866006023,0.04022890527,0.04115070562,0.04196950342,0.04470546526,0.04900123342,0.001740598151,0.01197865254,2.483087562,1.618542856,3.30292867,0.9827358955
jitter_sigma0.1000,jitter,0.1000,topology_pair,noisy__to__down8k,nicp_p2p,45,0.03989310335,0.00142021579,0.03560053419,0.03644002556,0.03766656443,0.0391417797,0.03973553848,0.04071379053,0.04231034184,0.04392298085,0.001572010835,0.007482955284,1.683932115,1.461777324,2.063309496,0.9489397423
jitter_sigma0.1000,jitter,0.1000,topology_pair,noisy__to__down8k,nicp_p2tri,45,0.03273358435,0.0013046375,0.03985623714,0.02961743338,0.03080284321,0.03216806002,0.03263528299,0.03305338069,0.03476080415,0.03654240122,0.0008853206723,0.00692496784,1.546892381,0.8232396713,1.909453065,0.7793757984
jitter_sigma0.1000,jitter,0.1000,topology_pair,noisy__to__original,latent_distance,45,0.4687264025,0.1007711665,0.2149893113,0.2847491205,0.306078583,0.4142850339,0.4611605704,0.5367102027,0.6360199213,0.6980546713,0.1224251688,0.4133055508,133.2450201,101.4460608,145.861683,11.19746239
jitter_sigma0.1000,jitter,0.1000,topology_pair,noisy__to__original,raw_chamfer,45,0.04144042851,0.000756284673,0.01824992405,0.04038961368,0.04047837465,0.04076652608,0.04118438216,0.04197332669,0.04281821755,0.04322315805,0.001206800617,0.002833544371,1,1,1,1
jitter_sigma0.1000,jitter,0.1000,topology_pair,noisy__to__original,rigid_p2p,45,0.04225909125,0.002647847992,0.0626574759,0.03757131964,0.03916227586,0.0402324653,0.04207168008,0.04398425486,0.04791326875,0.0489080911,0.003751789565,0.01133677146,3.501126079,3.108872761,4.000915453,1.021544524
jitter_sigma0.1000,jitter,0.1000,topology_pair,noisy__to__original,nicp_p2p,45,0.04057576751,0.001902604818,0.04689017448,0.03699959066,0.03801337365,0.038973195,0.04028256294,0.04160738163,0.04455355835,0.04515470488,0.00263418663,0.008155114223,2.515725739,2.182785286,2.878061238,0.9781028834
jitter_sigma0.1000,jitter,0.1000,topology_pair,noisy__to__original,nicp_p2tri,45,0.03329184254,0.001825732373,0.05484023213,0.03068704761,0.03086900086,0.03214634211,0.03285241398,0.03428087702,0.03717858809,0.03784229311,0.00213453491,0.007155245507,2.414080885,1.768755236,2.525192681,0.7976910728
jitter_sigma0.1000,jitter,0.1000,topology_pair,noisy__to__remesh,latent_distance,45,0.4658514195,0.07839322171,0.1682794523,0.3198827207,0.3408569455,0.416618675,0.4635038078,0.5119256973,0.6013473749,0.6689967513,0.09530702233,0.3491140306,124.6825473,136.684948,114.3816448,10.98813673
jitter_sigma0.1000,jitter,0.1000,topology_pair,noisy__to__remesh,raw_chamfer,45,0.04235796772,0.0006287425417,0.01484354835,0.04127437999,0.04148385673,0.04194667914,0.0421822024,0.04264395433,0.04354026558,0.04432656578,0.0006972751844,0.003052185787,1,1,1,1
jitter_sigma0.1000,jitter,0.1000,topology_pair,noisy__to__remesh,rigid_p2p,45,0.04300183411,0.003176675232,0.07387301723,0.03861592912,0.03948940987,0.04093100747,0.04251762437,0.04389692568,0.0482823768,0.05627912269,0.002965918208,0.01766319357,5.052426106,4.253583483,5.787063698,1.007951741
jitter_sigma0.1000,jitter,0.1000,topology_pair,noisy__to__remesh,nicp_p2p,45,0.04121664576,0.001949867595,0.04730776993,0.03800522397,0.03873984613,0.03995003073,0.04098425152,0.04218104486,0.04393472154,0.04845968632,0.002231014133,0.01045446235,3.101217852,3.19961786,3.425237871,0.9716005609
jitter_sigma0.1000,jitter,0.1000,topology_pair,noisy__to__remesh,nicp_p2tri,45,0.03392433125,0.001970976714,0.05809920612,0.03131061682,0.03159421179,0.03280994603,0.03358851541,0.03484848148,0.03695465146,0.04154090065,0.002038535446,0.01023028383,3.134791402,2.92357378,3.351789354,0.7962722072
jitter_sigma0.1000,jitter,0.1000,topology_pair,noisy__to__up60k,latent_distance,45,0.4599400328,0.09118665587,0.1982577061,0.3137728274,0.3274848819,0.3939646482,0.4543558061,0.4824697673,0.6114803553,0.7333144546,0.08850511909,0.4195416272,107.3038129,59.94760092,131.3734087,10.84151574
jitter_sigma0.1000,jitter,0.1000,topology_pair,noisy__to__up60k,raw_chamfer,45,0.04189992124,0.0008497988411,0.02028163338,0.04036381797,0.04082530873,0.0411335259,0.04190888221,0.04260990056,0.04324740373,0.04355732289,0.001476374663,0.003193504921,1,1,1,1
jitter_sigma0.1000,jitter,0.1000,topology_pair,noisy__to__up60k,rigid_p2p,45,0.04154248561,0.002821505365,0.06791854949,0.03741949361,0.03787823533,0.03996943867,0.04107189568,0.04232389114,0.0473422858,0.05164446251,0.002354452465,0.0142249689,3.320203827,1.59475269,4.454343816,0.9800284214
jitter_sigma0.1000,jitter,0.1000,topology_pair,noisy__to__up60k,nicp_p2p,45,0.03999094766,0.001757134549,0.04393830735,0.03680489936,0.03735266378,0.0388609723,0.03988669436,0.04070148503,0.0437084927,0.0447334972,0.001840512729,0.007928597839,2.067706455,1.2466434,2.482726044,0.9517479888
jitter_sigma0.1000,jitter,0.1000,topology_pair,noisy__to__up60k,nicp_p2tri,45,0.03278624883,0.001614372915,0.0492393297,0.03001088635,0.03053735831,0.03173001875,0.03265694174,0.03341083515,0.03637375013,0.03771601405,0.001680816392,0.007705127699,1.899711834,1.138475507,2.412749593,0.7792367636
jitter_sigma0.1000,jitter,0.1000,topology_pair,original__to__crop,latent_distance,45,0.534057639,0.1041085153,0.1949387252,0.325481683,0.3791725814,0.4755975306,0.5283991098,0.5817138553,0.7465338945,0.8047999144,0.1061163247,0.4793182313,36.32177819,23.24967434,42.5383158,11.81003737
jitter_sigma0.1000,jitter,0.1000,topology_pair,original__to__crop,raw_chamfer,45,0.04546540861,0.00286628355,0.06304317143,0.04140991745,0.04199229647,0.04310247129,0.04474152735,0.04766667822,0.05055019531,0.05267783491,0.004564206926,0.01126791746,1,1,1,1
jitter_sigma0.1000,jitter,0.1000,topology_pair,original__to__crop,rigid_p2p,45,0.04318024549,0.002299082277,0.0532438445,0.03881189862,0.03953713675,0.04173031303,0.04289679166,0.04460009017,0.04780502119,0.04866705274,0.002869777141,0.009855154122,0.8021126441,0.628757019,0.8746207235,0.9587690496
jitter_sigma0.1000,jitter,0.1000,topology_pair,original__to__crop,nicp_p2p,45,0.04171429231,0.001808917708,0.04336445874,0.03829916639,0.03861237085,0.04050221338,0.04157560863,0.0431050163,0.04496773218,0.04584400794,0.002602802922,0.007544841552,0.631102149,0.5702640051,0.6695861572,0.9292398156
jitter_sigma0.1000,jitter,0.1000,topology_pair,original__to__crop,nicp_p2tri,45,0.03473222467,0.001688354809,0.04861061522,0.03159307594,0.03211943707,0.03378414444,0.03433359003,0.0359730336,0.03781791782,0.03853066084,0.002188889162,0.006937584899,0.5890397025,0.4795771088,0.6156936207,0.7673763517
jitter_sigma0.1000,jitter,0.1000,topology_pair,original__to__down8k,latent_distance,45,0.4639696598,0.09596998238,0.2068453839,0.2625233233,0.3417838275,0.3875051439,0.4562025368,0.5428518653,0.6024937868,0.692833066,0.1553467214,0.4303097427,102.3634389,111.6504947,114.3032794,10.82045274
jitter_sigma0.1000,jitter,0.1000,topology_pair,original__to__down8k,raw_chamfer,45,0.04217854638,0.0009375416012,0.02222792584,0.04082287968,0.04104855147,0.04133521372,0.04216113206,0.04272657989,0.04378100882,0.04458751133,0.001391366172,0.003764631645,1,1,1,1
jitter_sigma0.1000,jitter,0.1000,topology_pair,original__to__down8k,rigid_p2p,45,0.0403368985,0.002360806127,0.05852720994,0.03651638752,0.03743069112,0.03830361817,0.04046529808,0.04195985269,0.04302564532,0.04953322036,0.003656234528,0.01301683284,2.518081463,2.627801797,3.457664406,0.9597773139
jitter_sigma0.1000,jitter,0.1000,topology_pair,original__to__down8k,nicp_p2p,45,0.0391363497,0.001686518285,0.04309339777,0.03622856583,0.0370419855,0.03755569746,0.03939547083,0.0402554977,0.04137704416,0.04479144594,0.002699800242,0.008562880113,1.798873013,1.9403952,2.274559882,0.9344025861
jitter_sigma0.1000,jitter,0.1000,topology_pair,original__to__down8k,nicp_p2tri,45,0.03220371747,0.001433644613,0.04451798505,0.02992673801,0.03022098957,0.03089035099,0.03231327209,0.03301336216,0.03427259288,0.03757383992,0.002123011169,0.007647101906,1.529153065,1.525846475,2.031301499,0.7664232554
jitter_sigma0.1000,jitter,0.1000,topology_pair,original__to__noisy,latent_distance,45,0.4708172268,0.100722138,0.2139304432,0.3078086972,0.3257539868,0.3798151314,0.468883425,0.5214753747,0.6459970236,0.6581257582,0.1416602433,0.3503170609,157.5123205,132.5038837,133.1934561,11.28699837
jitter_sigma0.1000,jitter,0.1000,topology_pair,original__to__noisy,raw_chamfer,45,0.04144019323,0.0006394556165,0.01543080682,0.04004074551,0.04048845799,0.0408726691,0.04154190596,0.04194177168,0.04244611135,0.0426708827,0.001069102575,0.00263013718,1,1,1,1
jitter_sigma0.1000,jitter,0.1000,topology_pair,original__to__noisy,rigid_p2p,45,0.04002778505,0.002124261207,0.0530696666,0.03621388691,0.03701507502,0.03848808366,0.04009616157,0.04125960567,0.04313048575,0.04702354545,0.002771522008,0.01080965854,3.321983813,2.592381754,4.109921953,0.9651979282
jitter_sigma0.1000,jitter,0.1000,topology_pair,original__to__noisy,nicp_p2p,45,0.03891597912,0.001625991367,0.04178210093,0.03588449792,0.03647560481,0.03750129883,0.03910984495,0.04001502657,0.04081192821,0.04394608902,0.002513727744,0.008061591101,2.542774393,2.351250294,3.06508389,0.9414552377
jitter_sigma0.1000,jitter,0.1000,topology_pair,original__to__noisy,nicp_p2tri,45,0.03186308698,0.001321042697,0.04145997209,0.02918641469,0.03024803209,0.03086775023,0.03188003208,0.0325394508,0.03333686438,0.03673294449,0.001671700565,0.007546529799,2.065886455,1.563648432,2.869253306,0.7674186183
jitter_sigma0.1000,jitter,0.1000,topology_pair,original__to__remesh,latent_distance,45,0.478377433,0.08212428329,0.1716725699,0.3203750551,0.3637820065,0.4116131365,0.4754526317,0.5472359657,0.6127061129,0.6442637444,0.1356228292,0.3238886893,115.8335289,156.0699915,95.58044224,11.22962394
jitter_sigma0.1000,jitter,0.1000,topology_pair,original__to__remesh,raw_chamfer,45,0.04243954699,0.0007089854213,0.0167057726,0.04123450511,0.04158136476,0.0419356406,0.04233914105,0.04280462783,0.04374927443,0.04462315536,0.0008689872272,0.003388650248,1,1,1,1
jitter_sigma0.1000,jitter,0.1000,topology_pair,original__to__remesh,rigid_p2p,45,0.04235658606,0.003657991552,0.08636181269,0.03714273648,0.03822258327,0.04026616718,0.04142886144,0.04333545399,0.04968138567,0.05484218358,0.003069286809,0.01769944709,5.159473583,3.53202753,5.223155475,0.9785002816
jitter_sigma0.1000,jitter,0.1000,topology_pair,original__to__remesh,nicp_p2p,45,0.04059082066,0.002281208494,0.05620010773,0.0366216458,0.03763597838,0.03913171186,0.04007561691,0.04156471636,0.04546864875,0.04744034174,0.002433004507,0.01081869594,3.217567562,2.79981619,3.192626902,0.9465382602
jitter_sigma0.1000,jitter,0.1000,topology_pair,original__to__remesh,nicp_p2tri,45,0.0334428387,0.002190604187,0.0655029379,0.03017047279,0.03078346012,0.03212999341,0.03276301443,0.03433091912,0.03803573871,0.04069749262,0.002200925716,0.01052701982,3.089773246,2.532748063,3.106552477,0.7738233139
jitter_sigma0.1000,jitter,0.1000,topology_pair,original__to__up60k,latent_distance,45,0.4681349119,0.08792883575,0.1878279819,0.330209434,0.3494671583,0.3958736658,0.4602423012,0.5140003562,0.6280570745,0.7214882374,0.1181266904,0.3912788033,99.0528657,91.16655149,99.76691451,10.96719373
jitter_sigma0.1000,jitter,0.1000,topology_pair,original__to__up60k,raw_chamfer,45,0.04206536668,0.0008876960311,0.02110277649,0.04055732987,0.04065766829,0.04140765521,0.04196536621,0.04270337923,0.04355015407,0.04447925935,0.001295724018,0.003921929482,1,1,1,1
jitter_sigma0.1000,jitter,0.1000,topology_pair,original__to__up60k,rigid_p2p,45,0.04146197505,0.002972742086,0.07169803373,0.03641405512,0.0374028191,0.03894630882,0.0414762818,0.04392117393,0.04664090597,0.04846118996,0.004974865116,0.01204713485,3.348828858,3.839448099,3.071736731,0.9883455229
jitter_sigma0.1000,jitter,0.1000,topology_pair,original__to__up60k,nicp_p2p,45,0.03995919658,0.002148547139,0.05376852695,0.03589937186,0.03697092205,0.03801569184,0.03991173632,0.04167425213,0.04381858994,0.04484014608,0.003658560291,0.008940774227,2.420363574,2.823564464,2.279687656,0.9510636968
jitter_sigma0.1000,jitter,0.1000,topology_pair,original__to__up60k,nicp_p2tri,45,0.03286199847,0.001800346365,0.05478505414,0.02956178431,0.03034824848,0.03141199306,0.0325967008,0.03419871686,0.03573579237,0.03741677177,0.0027867238,0.007854987458,2.028111315,2.150707837,2.002837505,0.776752445
jitter_sigma0.1000,jitter,0.1000,topology_pair,remesh__to__crop,latent_distance,45,0.5351664868,0.1013335923,0.18934966,0.3288065195,0.3603204489,0.4647184312,0.5341005325,0.590420723,0.7247980475,0.7401793003,0.1257022917,0.4113727808,31.53793445,29.12438562,30.92268181,11.62795997
jitter_sigma0.1000,jitter,0.1000,topology_pair,remesh__to__crop,raw_chamfer,45,0.0467808847,0.00321307004,0.06868339624,0.04213485847,0.0433241162,0.04440212867,0.04593243646,0.04871817823,0.05224177186,0.05543812833,0.004316049559,0.01330326986,1,1,1,1
jitter_sigma0.1000,jitter,0.1000,topology_pair,remesh__to__crop,rigid_p2p,45,0.04274290408,0.002561925345,0.05993802715,0.03807341083,0.03909105491,0.04068622749,0.04271181397,0.04455694171,0.0466500082,0.04958350227,0.003870714221,0.01151009144,0.7973450044,0.8968187617,0.8652076942,0.9298834824
jitter_sigma0.1000,jitter,0.1000,topology_pair,remesh__to__crop,nicp_p2p,45,0.04146920175,0.002062716591,0.0497409283,0.03775012423,0.0383380178,0.03979914783,0.04125246775,0.0431163903,0.04470928064,0.04722674196,0.003317242472,0.009476617733,0.6419768524,0.7685830357,0.7123525144,0.8981118992
jitter_sigma0.1000,jitter,0.1000,topology_pair,remesh__to__crop,nicp_p2tri,45,0.03491222235,0.001957011581,0.05605519926,0.03078579248,0.03176137623,0.03351780613,0.03489183907,0.03633135866,0.03807262861,0.0399429261,0.002813552525,0.009157133621,0.6090784067,0.6518814221,0.6883370569,0.7596339701
jitter_sigma0.1000,jitter,0.1000,topology_pair,remesh__to__down8k,latent_distance,45,0.4324700885,0.07751886355,0.1792467632,0.3059816062,0.3228925049,0.3691895604,0.4156462848,0.4991492331,0.5618471742,0.57194978,0.1299596727,0.2659681737,89.0020726,137.82251,57.85154462,9.739956761
jitter_sigma0.1000,jitter,0.1000,topology_pair,remesh__to__down8k,raw_chamfer,45,0.04264991613,0.0008709781838,0.0204215685,0.04075695404,0.04132570628,0.04214964887,0.042674346,0.04309259841,0.04396598945,0.04535437966,0.0009429495419,0.004597425626,1,1,1,1
jitter_sigma0.1000,jitter,0.1000,topology_pair,remesh__to__down8k,rigid_p2p,45,0.03961710623,0.002077518846,0.05243994435,0.03623498658,0.03683641535,0.03820834328,0.03937993352,0.04096135623,0.04350890698,0.04465823188,0.002753012948,0.008423245304,2.385270819,2.919576102,1.832165649,0.9228011022
jitter_sigma0.1000,jitter,0.1000,topology_pair,remesh__to__down8k,nicp_p2p,45,0.0386836847,0.001660743872,0.04293137754,0.03574784653,0.03631666398,0.03740589773,0.0384121504,0.0397560182,0.04167848656,0.04227250691,0.002350120465,0.006524660383,1.906757142,2.492307764,1.419198681,0.9001227671
jitter_sigma0.1000,jitter,0.1000,topology_pair,remesh__to__down8k,nicp_p2tri,45,0.03195969813,0.001399621499,0.04379332662,0.02918133651,0.02974976421,0.03095147284,0.03199530735,0.03264350112,0.03453518531,0.03547625209,0.001692028285,0.00629491558,1.606953567,1.794399605,1.369226191,0.7497550719
jitter_sigma0.1000,jitter,0.1000,topology_pair,remesh__to__noisy,latent_distance,45,0.4712694645,0.08497554185,0.1803120046,0.3377518058,0.3409050107,0.3893980682,0.4729044735,0.532777369,0.6107344389,0.6688342094,0.1433793008,0.3310824037,115.4937303,134.9387584,102.0131006,11.16005138
jitter_sigma0.1000,jitter,0.1000,topology_pair,remesh__to__noisy,raw_chamfer,45,0.04247891931,0.0007357589164,0.01732056578,0.04093816954,0.04126992383,0.04189964264,0.04237475775,0.04296219355,0.04356884144,0.04418365862,0.001062550912,0.003245489077,1,1,1,1
jitter_sigma0.1000,jitter,0.1000,topology_pair,remesh__to__noisy,rigid_p2p,45,0.03979967074,0.001937175819,0.04867316192,0.03666070802,0.03713704392,0.0384135082,0.0395660908,0.04144472534,0.04310224703,0.04415136028,0.003031217141,0.007490652269,2.632894791,2.852773553,2.308019559,0.933718395
jitter_sigma0.1000,jitter,0.1000,topology_pair,remesh__to__noisy,nicp_p2p,45,0.03886555422,0.001617843944,0.04162667886,0.03608834977,0.03652288272,0.03777829102,0.03862713427,0.04005293786,0.04134592022,0.04279038685,0.002274646844,0.006702037085,2.198877796,2.14074151,2.065031472,0.9115600021
jitter_sigma0.1000,jitter,0.1000,topology_pair,remesh__to__noisy,nicp_p2tri,45,0.03216445386,0.0013423805,0.0417349073,0.02996788081,0.03021579277,0.03100179148,0.03219200135,0.03280748776,0.03429097706,0.03566821217,0.001805696288,0.005700331357,1.824484176,1.699397428,1.756385932,0.7596975901
jitter_sigma0.1000,jitter,0.1000,topology_pair,remesh__to__original,latent_distance,45,0.4693004443,0.09232247375,0.1967236019,0.2871985435,0.3196137905,0.4005452991,0.4719802737,0.5418333411,0.6146161437,0.6523309946,0.1412880421,0.3651324511,104.7133578,106.4595816,103.1347614,11.10614891
jitter_sigma0.1000,jitter,0.1000,topology_pair,remesh__to__original,raw_chamfer,45,0.04267049515,0.0008816685448,0.02066225249,0.04102423527,0.0414244168,0.04202244063,0.04249720382,0.04334959259,0.04416047331,0.04456457847,0.001327151957,0.003540343199,1,1,1,1
jitter_sigma0.1000,jitter,0.1000,topology_pair,remesh__to__original,rigid_p2p,45,0.04100538589,0.002742588645,0.06688361994,0.03697927569,0.03748438415,0.03897978621,0.04016395282,0.04286555871,0.04603230707,0.04897703675,0.003885772501,0.01199776106,3.110679928,2.92790323,3.388869492,0.9450963643
jitter_sigma0.1000,jitter,0.1000,topology_pair,remesh__to__original,nicp_p2p,45,0.03985858925,0.002216356091,0.05560548261,0.0364105257,0.03678820802,0.03829302203,0.03910317978,0.04143832066,0.04380349107,0.04575401948,0.003145298633,0.009343493784,2.51382008,2.369961192,2.639149161,0.9201353565
jitter_sigma0.1000,jitter,0.1000,topology_pair,remesh__to__original,nicp_p2tri,45,0.03313947224,0.001850364011,0.05583565114,0.03014763086,0.03073059306,0.03166471627,0.03279141407,0.03436027143,0.03654420163,0.03834297859,0.00269555516,0.008195347728,2.098707073,2.031082535,2.314845558,0.7716134504
jitter_sigma0.1000,jitter,0.1000,topology_pair,remesh__to__up60k,latent_distance,45,0.4512310598,0.08707311505,0.1929679111,0.2918577492,0.3289962888,0.3877932727,0.4417403042,0.5184469819,0.5836450934,0.6529322267,0.1306537092,0.3610744774,102.7894878,129.0101761,107.0034601,10.42918668
jitter_sigma0.1000,jitter,0.1000,topology_pair,remesh__to__up60k,raw_chamfer,45,0.04229582052,0.0008471013615,0.0200280158,0.0408513337,0.04092858358,0.04171584867,0.04235616045,0.04272858823,0.04385987401,0.04422575241,0.001012739561,0.003374418707,1,1,1,1
jitter_sigma0.1000,jitter,0.1000,topology_pair,remesh__to__up60k,rigid_p2p,45,0.0398797926,0.002478216556,0.0621421626,0.03628541746,0.03644717431,0.03818290818,0.0395218884,0.04124118171,0.04394714537,0.04647416602,0.003058273526,0.01018874857,2.925525408,3.019802566,3.019408512,0.9330847738
jitter_sigma0.1000,jitter,0.1000,topology_pair,remesh__to__up60k,nicp_p2p,45,0.03891167852,0.002033082082,0.05224863483,0.03575845218,0.03588791671,0.03727634825,0.03839649218,0.04005804469,0.042591257,0.04364689912,0.002781696435,0.007888446936,2.40004582,2.746704623,2.337720248,0.9065149383
jitter_sigma0.1000,jitter,0.1000,topology_pair,remesh__to__up60k,nicp_p2tri,45,0.03202661053,0.001723188287,0.05380489096,0.02948803095,0.0298282909,0.03066560898,0.03151010879,0.03292614812,0.0350479634,0.03690429275,0.002260539139,0.007416261796,2.034217351,2.232103124,2.197789439,0.7439321331
jitter_sigma0.1000,jitter,0.1000,topology_pair,up60k__to__crop,latent_distance,45,0.5100297987,0.07998613072,0.1568263872,0.3542946875,0.3837167203,0.4531243742,0.5085071921,0.5558612347,0.6484758854,0.7006074786,0.1027368605,0.3463127911,24.27918027,18.58572766,26.80478252,10.95083904
jitter_sigma0.1000,jitter,0.1000,topology_pair,up60k__to__crop,raw_chamfer,45,0.04713398717,0.003294432919,0.06989506123,0.04196399846,0.0431748021,0.04440792009,0.04643545489,0.04993564881,0.05274046553,0.05488381196,0.005527728717,0.0129198135,1,1,1,1
jitter_sigma0.1000,jitter,0.1000,topology_pair,up60k__to__crop,rigid_p2p,45,0.04412081107,0.002729441337,0.0618629003,0.03931992245,0.04107252871,0.04211074685,0.04344943496,0.04529623438,0.04906958853,0.05338269245,0.00318548753,0.01406277,0.8285011118,0.5762742155,1.088465402,0.9356952584
jitter_sigma0.1000,jitter,0.1000,topology_pair,up60k__to__crop,nicp_p2p,45,0.04252435669,0.002083718843,0.0490005965,0.03835186974,0.04001213065,0.0409309707,0.04215900824,0.04390994973,0.04636204984,0.04773589022,0.002978979024,0.009384020479,0.6324969712,0.5389155612,0.726327859,0.9079055722
jitter_sigma0.1000,jitter,0.1000,topology_pair,up60k__to__crop,nicp_p2tri,45,0.03571192625,0.00190787644,0.05342406978,0.03191776334,0.03311198726,0.03430107439,0.03571690777,0.0368147411,0.03908731398,0.040919807,0.002513666708,0.009002043662,0.5791213501,0.4547377117,0.6967626632,0.7691732074
jitter_sigma0.1000,jitter,0.1000,topology_pair,up60k__to__down8k,latent_distance,45,0.4359659645,0.08650668447,0.1984253165,0.2951412499,0.3290799797,0.3618603945,0.4269097447,0.4854122996,0.589090395,0.6623194814,0.1235519052,0.3671782315,125.1703307,145.9691167,147.3192834,10.20184015
jitter_sigma0.1000,jitter,0.1000,topology_pair,up60k__to__down8k,raw_chamfer,45,0.04179479832,0.0006911117354,0.01653583133,0.04064014192,0.04075692766,0.04132713207,0.04184634717,0.04217355704,0.04302622903,0.04313253954,0.0008464249695,0.002492397621,1,1,1,1
jitter_sigma0.1000,jitter,0.1000,topology_pair,up60k__to__down8k,rigid_p2p,45,0.04058507392,0.002739823348,0.06750815222,0.03774865616,0.03824078841,0.03894963989,0.03975339366,0.04136470205,0.04535971141,0.05315926593,0.002415062161,0.01541060977,3.964371038,2.853250138,6.18304625,0.9499847978
jitter_sigma0.1000,jitter,0.1000,topology_pair,up60k__to__down8k,nicp_p2p,45,0.03941479176,0.001903678284,0.04829857521,0.03684740273,0.03722511126,0.03814348944,0.03907880169,0.03989781838,0.04303648654,0.04694312027,0.001754328942,0.01009571755,2.75451593,2.07263373,4.050604711,0.9338641084
jitter_sigma0.1000,jitter,0.1000,topology_pair,up60k__to__down8k,nicp_p2tri,45,0.03230494724,0.001684640018,0.05214805045,0.03025851716,0.03037511681,0.0313148036,0.03194307724,0.03270567433,0.03549201654,0.03953370578,0.001390870729,0.009275188618,2.437579818,1.643229795,3.72139202,0.7633420693
jitter_sigma0.1000,jitter,0.1000,topology_pair,up60k__to__noisy,latent_distance,45,0.4541245924,0.08250385893,0.1816767035,0.2739089429,0.3239411175,0.3913319409,0.4429683983,0.5148478746,0.5913669109,0.6329366565,0.1235159338,0.3590277135,102.3286563,114.4700155,110.1820095,10.60552674
jitter_sigma0.1000,jitter,0.1000,topology_pair,up60k__to__noisy,raw_chamfer,45,0.04192513075,0.0008062634836,0.01923103087,0.04065894142,0.04084898862,0.04136134058,0.04176769427,0.04244036493,0.04341765995,0.04391743811,0.001079024347,0.003258496694,1,1,1,1
jitter_sigma0.1000,jitter,0.1000,topology_pair,up60k__to__noisy,rigid_p2p,45,0.04041578087,0.001930250273,0.04775981638,0.03762512943,0.03815282511,0.03887429984,0.03980442958,0.04134059284,0.0441674198,0.04485626202,0.002466293,0.007231132593,2.394068828,2.285669463,2.21916217,0.9529956174
jitter_sigma0.1000,jitter,0.1000,topology_pair,up60k__to__noisy,nicp_p2p,45,0.0393651123,0.001585277192,0.04027112078,0.03701343392,0.03726202455,0.03812791267,0.0391374741,0.04057045524,0.0423307074,0.04302586066,0.002442542566,0.006012426742,1.966202394,2.263658436,1.84515355,0.9370274033
jitter_sigma0.1000,jitter,0.1000,topology_pair,up60k__to__noisy,nicp_p2tri,45,0.0324976426,0.00137072156,0.04217910747,0.03008587106,0.03050413842,0.03147476792,0.03238032084,0.03371019751,0.03479631016,0.03592208949,0.002235429593,0.005836218436,1.700091332,2.071713766,1.791076985,0.7752479854
jitter_sigma0.1000,jitter,0.1000,topology_pair,up60k__to__original,latent_distance,45,0.4572786881,0.08002910797,0.1750116724,0.305504173,0.321955657,0.3930858076,0.4619228244,0.5002110004,0.593402648,0.6218309402,0.1071251929,0.3163267672,88.97659554,73.09919488,93.83872899,10.99388949
jitter_sigma0.1000,jitter,0.1000,topology_pair,up60k__to__original,raw_chamfer,45,0.04222821788,0.0008994399874,0.02129950144,0.04104357677,0.0411125011,0.04139243313,0.04201632415,0.04285791019,0.04382826843,0.04441453853,0.001465477056,0.003370961762,1,1,1,1
jitter_sigma0.1000,jitter,0.1000,topology_pair,up60k__to__original,rigid_p2p,45,0.04158220539,0.002521680846,0.06064326851,0.03749984387,0.03840816735,0.03975637227,0.04133977521,0.04319542494,0.0461948143,0.04666838111,0.00343905267,0.00916853724,2.803612116,2.346712053,2.719857977,0.9838979504
jitter_sigma0.1000,jitter,0.1000,topology_pair,up60k__to__original,nicp_p2p,45,0.04034960855,0.002068002923,0.05125211859,0.03670074511,0.03751507964,0.03876359612,0.04022924031,0.04161177329,0.04366205567,0.04486653647,0.002848177167,0.008165791363,2.299211678,1.94351536,2.422392166,0.9574669161
jitter_sigma0.1000,jitter,0.1000,topology_pair,up60k__to__original,nicp_p2tri,45,0.03328571301,0.001845944121,0.05545755083,0.0302708091,0.03072986557,0.03188244028,0.03303282442,0.03479339811,0.03608384188,0.03756321963,0.002910957828,0.007292410534,2.052326055,1.986355103,2.163302656,0.7861902508
jitter_sigma0.1000,jitter,0.1000,topology_pair,up60k__to__remesh,latent_distance,45,0.4383958313,0.07347270853,0.1675944507,0.2991460562,0.3222670317,0.3865299821,0.4324520528,0.4888757765,0.5591472983,0.6185606718,0.1023457944,0.3194146156,118.3119117,110.8847951,130.3735035,10.26570531
jitter_sigma0.1000,jitter,0.1000,topology_pair,up60k__to__remesh,raw_chamfer,45,0.0422135588,0.0006210085484,0.01471111572,0.04110313911,0.04131644069,0.0417129193,0.04212589781,0.04263591144,0.04339870681,0.04355313552,0.0009229921412,0.00244999641,1,1,1,1
jitter_sigma0.1000,jitter,0.1000,topology_pair,up60k__to__remesh,rigid_p2p,45,0.04177726158,0.0026957861,0.06452759222,0.03879354749,0.03902639583,0.03988548893,0.04077843386,0.04257265658,0.04680705644,0.05005102168,0.002687167654,0.01125747419,4.340980662,2.911365692,4.594894158,0.9680134069
jitter_sigma0.1000,jitter,0.1000,topology_pair,up60k__to__remesh,nicp_p2p,45,0.04030594435,0.001952617306,0.04844489658,0.03774674232,0.03804599918,0.03894280421,0.03953392943,0.04132290139,0.04383842874,0.04588323955,0.00238009718,0.008136497232,3.144267999,2.578675456,3.321024144,0.9384709047
jitter_sigma0.1000,jitter,0.1000,topology_pair,up60k__to__remesh,nicp_p2tri,45,0.03308900627,0.00172825686,0.05223054587,0.0313181242,0.03140181694,0.03183328791,0.03224740535,0.03418515921,0.03622228888,0.03809309231,0.002351871308,0.006774968102,2.782984009,2.548094618,2.765297155,0.7655007257
rotation_sigma0.0010,rotation,0.0010,overall,all,latent_distance,1350,0.44529482,0.1034486094,0.2323148726,0.1939166784,0.2770632833,0.3702904582,0.4435750544,0.5174795538,0.6201317847,0.7127114534,0.1471890956,0.518794775,6.295386011,8.113308141,5.782901684,11.43535082
rotation_sigma0.0010,rotation,0.0010,overall,all,raw_chamfer,1350,0.04372241391,0.01643244897,0.3758358128,0.02173695802,0.02635563097,0.03191850882,0.03878980726,0.05006019567,0.07947307629,0.1114488022,0.01814168685,0.08971184421,1,1,1,1
rotation_sigma0.0010,rotation,0.0010,overall,all,rigid_p2p,1350,0.03152506955,0.009378702295,0.297499813,0.01905705122,0.02171373612,0.02477136363,0.02873947179,0.03580026344,0.04931715378,0.08412255321,0.01102889981,0.06506550199,0.5707428218,0.6079313298,0.7252721484,0.7409026705
rotation_sigma0.0010,rotation,0.0010,overall,all,nicp_p2p,1350,0.02378425023,0.002888110877,0.1214295531,0.01768665864,0.019715913,0.0218102628,0.02328648084,0.02527030947,0.02942080985,0.0351774524,0.003460046667,0.01749079376,0.1757565705,0.1907235361,0.1949663828,0.6003247369
rotation_sigma0.0010,rotation,0.0010,overall,all,nicp_p2tri,1350,0.02178889788,0.003066848815,0.1407528197,0.01547771672,0.01743673802,0.01965655662,0.02127872618,0.0234461536,0.02780193772,0.03370601682,0.003789596981,0.0182283001,0.1866337038,0.2088888984,0.2031872186,0.5485648856
rotation_sigma0.0010,rotation,0.0010,topology_pair,crop__to__down8k,latent_distance,45,0.4616872715,0.0897854409,0.1944724199,0.2819192111,0.3477633476,0.3860449195,0.4345236719,0.5395076871,0.5988140583,0.6830586791,0.1534627676,0.401139468,5.69074352,6.210523767,6.688058712,6.429212026
rotation_sigma0.0010,rotation,0.0010,topology_pair,crop__to__down8k,raw_chamfer,45,0.06539801486,0.01577745344,0.2412527883,0.03511444891,0.03946480026,0.05220858921,0.06758583636,0.076918706,0.08609473135,0.0950929098,0.02471011679,0.0599784609,1,1,1,1
rotation_sigma0.0010,rotation,0.0010,topology_pair,crop__to__down8k,rigid_p2p,45,0.04794907039,0.01351673422,0.2818977326,0.02645632099,0.027609598,0.03871469127,0.04707682255,0.05778330732,0.07038480943,0.08412255321,0.01906861605,0.05766623222,0.856712034,0.771692672,0.9614490162,0.6965486422
rotation_sigma0.0010,rotation,0.0010,topology_pair,crop__to__down8k,nicp_p2p,45,0.02531376307,0.002501699973,0.09882766011,0.01952624511,0.02163772709,0.02396815,0.02504383455,0.02700364123,0.02981870371,0.03140356059,0.003035491231,0.01187731548,0.1585617085,0.1228440666,0.1980263464,0.3705485631
rotation_sigma0.0010,rotation,0.0010,topology_pair,crop__to__down8k,nicp_p2tri,45,0.02348039712,0.002597814838,0.1106376023,0.01760384648,0.01968204585,0.02196662652,0.02317535727,0.02520397321,0.02819916987,0.02974743295,0.003237346692,0.01214358646,0.164653621,0.1310130065,0.2024657899,0.3429025742
rotation_sigma0.0010,rotation,0.0010,topology_pair,crop__to__noisy,latent_distance,45,0.4611957471,0.09462240895,0.2051675662,0.2722705603,0.330390662,0.3837821782,0.4592072964,0.5284751654,0.608641839,0.6688299179,0.1446929872,0.3965593576,7.588242204,7.54208742,8.475684303,8.671167229
rotation_sigma0.0010,rotation,0.0010,topology_pair,crop__to__noisy,raw_chamfer,45,0.05210950889,0.01246960843,0.2392962186,0.03069616534,0.03227725226,0.04181246462,0.05295795644,0.06099720475,0.07108704405,0.07748405213,0.01918474013,0.04678788679,1,1,1,1
rotation_sigma0.0010,rotation,0.0010,topology_pair,crop__to__noisy,rigid_p2p,45,0.03975310475,0.01110746679,0.2794113029,0.02302195431,0.02473586184,0.03229453783,0.03774244795,0.04282089835,0.05924442968,0.07248816175,0.01052636052,0.04946620744,0.8907630784,0.5486840297,1.05724389,0.712687016
rotation_sigma0.0010,rotation,0.0010,topology_pair,crop__to__noisy,nicp_p2p,45,0.02459338655,0.002205202867,0.08966649883,0.01944236908,0.02172560982,0.02317830683,0.02431273706,0.02568992122,0.02841322875,0.03041784395,0.002511614388,0.01097547487,0.1768462,0.1309173004,0.2345794098,0.4590950764
rotation_sigma0.0010,rotation,0.0010,topology_pair,crop__to__noisy,nicp_p2tri,45,0.0224768884,0.002298493631,0.1022603125,0.01728351609,0.01960516763,0.02094818585,0.02217763315,0.02392260512,0.02650015672,0.02854603923,0.002974419268,0.01126252314,0.1843276511,0.1550408944,0.2407145078,0.4187781145
rotation_sigma0.0010,rotation,0.0010,topology_pair,crop__to__original,latent_distance,45,0.4613301171,0.09473416422,0.2053500535,0.2879092693,0.3252797246,0.3932182789,0.4518966079,0.5169510245,0.6068861008,0.6612471342,0.1237327456,0.3733378649,7.846393074,6.119468649,8.027817691,8.788254919
rotation_sigma0.0010,rotation,0.0010,topology_pair,crop__to__original,raw_chamfer,45,0.05126797256,0.01207359399,0.2354997357,0.02967423272,0.03240648678,0.04093738928,0.05142051659,0.06115691368,0.07103889919,0.0761797563,0.0202195244,0.04650552357,1,1,1,1
rotation_sigma0.0010,rotation,0.0010,topology_pair,crop__to__original,rigid_p2p,45,0.04149626791,0.01157898717,0.2790368328,0.02366413088,0.02561260534,0.03407949434,0.0399100862,0.04838489115,0.06241268196,0.0747449817,0.01430539681,0.05108085082,0.959034003,0.7075041196,1.098382448,0.7761510161
rotation_sigma0.0010,rotation,0.0010,topology_pair,crop__to__original,nicp_p2p,45,0.02468169803,0.002227729865,0.09025837126,0.01934216269,0.02161496363,0.02323637992,0.02443223772,0.02625050682,0.02777591508,0.03046242421,0.003014126896,0.01112026152,0.1845125708,0.1490701184,0.2391170052,0.4751457073
rotation_sigma0.0010,rotation,0.0010,topology_pair,crop__to__original,nicp_p2tri,45,0.02277733182,0.002317116919,0.101729076,0.01733497814,0.01948434548,0.0211048378,0.02265172943,0.02452964121,0.02602201043,0.02872666122,0.00342480341,0.01139168308,0.1919160875,0.1693810073,0.2449533346,0.4405192894
rotation_sigma0.0010,rotation,0.0010,topology_pair,crop__to__remesh,latent_distance,45,0.4831813441,0.08620317157,0.1784074915,0.3131950498,0.3622781277,0.4170413315,0.4816851616,0.5451453328,0.6056181073,0.7127114534,0.1281040013,0.3995164037,5.446004536,5.395860298,6.613782163,8.542913581
rotation_sigma0.0010,rotation,0.0010,topology_pair,crop__to__remesh,raw_chamfer,45,0.05788429598,0.01582869992,0.2734541321,0.02967967757,0.03266466213,0.04724733232,0.05638417819,0.07098849576,0.08289187061,0.09008632445,0.02374116345,0.06040664689,1,1,1,1
rotation_sigma0.0010,rotation,0.0010,topology_pair,crop__to__remesh,rigid_p2p,45,0.03921942416,0.01258528462,0.3208941714,0.02155777465,0.0253415761,0.02885040327,0.03585714092,0.04604346183,0.06457757132,0.07823165394,0.01719305856,0.05667387929,0.7950927546,0.7241877003,0.9382060123,0.6359433102
rotation_sigma0.0010,rotation,0.0010,topology_pair,crop__to__remesh,nicp_p2p,45,0.02444100558,0.00264056044,0.108038126,0.01873420774,0.02051831661,0.02247911512,0.02457084053,0.02576605409,0.02808410912,0.03134044126,0.003286938972,0.01260623351,0.1668210563,0.1384489425,0.2086895096,0.4357754484
rotation_sigma0.0010,rotation,0.0010,topology_pair,crop__to__remesh,nicp_p2tri,45,0.02253641952,0.002770832326,0.1229490924,0.01675421972,0.01846755236,0.02045035432,0.02258889249,0.02398319968,0.02637332165,0.02974135483,0.003532845363,0.01298713511,0.1750511627,0.1488067495,0.2149951334,0.4006246649
rotation_sigma0.0010,rotation,0.0010,topology_pair,crop__to__up60k,latent_distance,45,0.4721424103,0.08960154687,0.189776527,0.3004252911,0.3587172389,0.4002493918,0.4551874697,0.5390518308,0.615068078,0.7029389739,0.138802439,0.4025136828,5.976874417,6.094095577,7.112522605,7.284441976
rotation_sigma0.0010,rotation,0.0010,topology_pair,crop__to__up60k,raw_chamfer,45,0.06023774919,0.01499137185,0.2488700532,0.03046644592,0.03625046944,0.04841079309,0.06248762379,0.07118733757,0.0818612311,0.0870586995,0.02277654448,0.05659225358,1,1,1,1
rotation_sigma0.0010,rotation,0.0010,topology_pair,crop__to__up60k,rigid_p2p,45,0.04239561696,0.01127054135,0.2658421355,0.0258275115,0.02597291994,0.03548620925,0.04100486575,0.04724491402,0.0639292886,0.0742453963,0.01175870477,0.0484178848,0.7518018673,0.5162637722,0.8555567545,0.6562077939
rotation_sigma0.0010,rotation,0.0010,topology_pair,crop__to__up60k,nicp_p2p,45,0.02504341011,0.002293926525,0.09159800984,0.02000281447,0.02145306766,0.02350560376,0.02508069714,0.02641812018,0.02866802161,0.03147999561,0.002912516413,0.01147718114,0.1530164516,0.1278734979,0.2028048084,0.4013706335
rotation_sigma0.0010,rotation,0.0010,topology_pair,crop__to__up60k,nicp_p2tri,45,0.02319171274,0.002387772533,0.1029580074,0.01805176058,0.01945465467,0.02158395773,0.02315067311,0.02469827315,0.02681455389,0.0298337515,0.003114315419,0.01178199092,0.159276453,0.1367334462,0.2081908773,0.3704841328
rotation_sigma0.0010,rotation,0.0010,topology_pair,down8k__to__crop,latent_distance,45,0.478649255,0.1064451599,0.2223865571,0.212450996,0.3356239974,0.4151481688,0.4641925395,0.5469961166,0.6430655122,0.6922490001,0.1318479478,0.479798004,5.68408192,4.137535167,6.44019013,6.417253284
rotation_sigma0.0010,rotation,0.0010,topology_pair,down8k__to__crop,raw_chamfer,45,0.07247733972,0.01872688701,0.2583826487,0.03694820608,0.04770054955,0.05571505452,0.07233508152,0.08758135716,0.1005961603,0.1114488022,0.03186630264,0.07450059616,1,1,1,1
rotation_sigma0.0010,rotation,0.0010,topology_pair,down8k__to__crop,rigid_p2p,45,0.03773911974,0.007329363508,0.1942113001,0.02498166393,0.02839615526,0.03173132941,0.0381138018,0.04110652422,0.05179290491,0.05864415625,0.00937519481,0.03366249233,0.3913818406,0.2942040347,0.4518419189,0.5269061844
rotation_sigma0.0010,rotation,0.0010,topology_pair,down8k__to__crop,nicp_p2p,45,0.02856594709,0.002565359568,0.08980481411,0.02353019807,0.02480205535,0.02662908926,0.02848146552,0.02999098925,0.03296585177,0.03462780556,0.003361899992,0.01109760749,0.1369880411,0.1055001589,0.1489599824,0.3937434633
rotation_sigma0.0010,rotation,0.0010,topology_pair,down8k__to__crop,nicp_p2tri,45,0.02687585297,0.002689821567,0.1000832074,0.0216901854,0.02292256495,0.02482072357,0.02673327534,0.02829243652,0.03141864488,0.03315336277,0.003471712951,0.01146317737,0.1436342071,0.1089462116,0.1538669213,0.3695755196
rotation_sigma0.0010,rotation,0.0010,topology_pair,down8k__to__noisy,latent_distance,45,0.4385293166,0.1082261272,0.2467933685,0.2293747365,0.2568395317,0.3433798552,0.4426485896,0.5112550855,0.606517446,0.6831381917,0.1678752303,0.4537634552,14.42918118,15.7276934,14.70817559,11.46569429
rotation_sigma0.0010,rotation,0.0010,topology_pair,down8k__to__noisy,raw_chamfer,45,0.03792784486,0.007500503726,0.1977571822,0.02518968951,0.02686252316,0.03224163073,0.03860634851,0.04291549282,0.04886507434,0.05604079353,0.01067386209,0.03085110402,1,1,1,1
rotation_sigma0.0010,rotation,0.0010,topology_pair,down8k__to__noisy,rigid_p2p,45,0.02606874284,0.00453572938,0.1739911053,0.01926800226,0.0204341731,0.02277433978,0.02466433706,0.02792876875,0.03405295894,0.03965879459,0.005154428975,0.02039079233,0.604723302,0.4829019648,0.6609420628,0.6388673886
rotation_sigma0.0010,rotation,0.0010,topology_pair,down8k__to__noisy,nicp_p2p,45,0.02264285183,0.001912813599,0.08447759202,0.01907642951,0.01968056306,0.02145261759,0.02255193638,0.02398633909,0.02565775979,0.02789871649,0.0025337215,0.008822286978,0.2550246849,0.2373762635,0.2859634123,0.5841509815
rotation_sigma0.0010,rotation,0.0010,topology_pair,down8k__to__noisy,nicp_p2tri,45,0.02036046338,0.002110666973,0.1036649772,0.01642701705,0.01693689599,0.0190719735,0.02027517334,0.02179202288,0.02366678285,0.02618547655,0.002720049377,0.009758459505,0.281403363,0.2548327264,0.3163082754,0.5251771825
rotation_sigma0.0010,rotation,0.0010,topology_pair,down8k__to__original,latent_distance,45,0.4435697662,0.1098753352,0.2477069982,0.2302791178,0.2538276315,0.3625814319,0.4415327311,0.5224435329,0.6077648163,0.7047282457,0.1598621011,0.4744491279,12.54498938,13.52774196,13.16472457,10.3767979
rotation_sigma0.0010,rotation,0.0010,topology_pair,down8k__to__original,raw_chamfer,45,0.04175577355,0.008758503649,0.2097555117,0.02713719631,0.02743066833,0.03628974147,0.0425499981,0.0481070944,0.05511852254,0.06317662315,0.01181735293,0.03603942684,1,1,1,1
rotation_sigma0.0010,rotation,0.0010,topology_pair,down8k__to__original,rigid_p2p,45,0.02760651088,0.005382489787,0.1949717518,0.01905705122,0.02080853432,0.02377344476,0.02567732528,0.0296103393,0.03687512538,0.04247913114,0.00583689454,0.02342207992,0.6145444476,0.4939257187,0.6499015654,0.6034624307
rotation_sigma0.0010,rotation,0.0010,topology_pair,down8k__to__original,nicp_p2p,45,0.02298012947,0.002290180295,0.09965915546,0.01872214419,0.01928434552,0.02156198366,0.0229449389,0.0241459883,0.02696697617,0.02978448523,0.002584004636,0.01106234104,0.2614807719,0.2186618823,0.3069510814,0.5392465319
rotation_sigma0.0010,rotation,0.0010,topology_pair,down8k__to__original,nicp_p2tri,45,0.02092369441,0.002446949261,0.1169463295,0.01629248779,0.01690412806,0.01947364545,0.02095409993,0.02230470703,0.02511745883,0.02814891007,0.002831061574,0.01185642228,0.2793798301,0.2395681664,0.3289847624,0.4924583047
rotation_sigma0.0010,rotation,0.0010,topology_pair,down8k__to__remesh,latent_distance,45,0.4282707598,0.08945704491,0.2088796465,0.2759352922,0.2834060907,0.3694272935,0.4366059303,0.4955658019,0.5445833683,0.6202535033,0.1261385083,0.3443182111,14.05654222,14.02969585,14.00835214,10.88479193
rotation_sigma0.0010,rotation,0.0010,topology_pair,down8k__to__remesh,raw_chamfer,45,0.03934256431,0.006364086098,0.1617608361,0.02804405582,0.02989168887,0.03468680545,0.040111555,0.04367762818,0.0518836279,0.05262355008,0.008990822731,0.02457949426,1,1,1,1
rotation_sigma0.0010,rotation,0.0010,topology_pair,down8k__to__remesh,rigid_p2p,45,0.02903303492,0.005845803119,0.201350053,0.02175911194,0.02225197009,0.02432180409,0.02764599816,0.03183086832,0.04066094746,0.04550929993,0.007509064229,0.02375018798,0.9185612874,0.8351921124,0.9662602382,0.689227784
rotation_sigma0.0010,rotation,0.0010,topology_pair,down8k__to__remesh,nicp_p2p,45,0.02322578995,0.001813921642,0.07809945951,0.01995711765,0.02059663744,0.02189041941,0.02330588123,0.02409485338,0.02661677064,0.02832387847,0.002204433969,0.008366760819,0.285024686,0.2451871241,0.3403959711,0.5810266203
rotation_sigma0.0010,rotation,0.0010,topology_pair,down8k__to__remesh,nicp_p2tri,45,0.02119575628,0.001946825776,0.09184979062,0.01760631507,0.01838536736,0.0197243384,0.02114420067,0.02212121097,0.0247496901,0.02668142085,0.002396872567,0.009075105781,0.3059081455,0.2665910161,0.3692145039,0.5271349034
rotation_sigma0.0010,rotation,0.0010,topology_pair,down8k__to__up60k,latent_distance,45,0.4198700362,0.1046811552,0.2493179941,0.2408946007,0.2587683558,0.3429511487,0.4128631353,0.4941177368,0.5651350737,0.6765267253,0.1511665881,0.4356321245,15.50762758,13.41739031,15.24301301,12.10780823
rotation_sigma0.0010,rotation,0.0010,topology_pair,down8k__to__up60k,raw_chamfer,45,0.03465078578,0.00675030108,0.1948094662,0.02256911653,0.02508198843,0.0285559913,0.03409891595,0.03982245851,0.04615067719,0.0511482514,0.01126646722,0.02857913487,1,1,1,1
rotation_sigma0.0010,rotation,0.0010,topology_pair,down8k__to__up60k,rigid_p2p,45,0.02717153842,0.005224409765,0.1922750815,0.01913536522,0.02012264472,0.0237412837,0.025590302,0.02907502514,0.03613895201,0.04214053848,0.005333741438,0.02300517326,0.7739521101,0.4734173841,0.804963949,0.7504725967
rotation_sigma0.0010,rotation,0.0010,topology_pair,down8k__to__up60k,nicp_p2p,45,0.02273009725,0.002417407632,0.1063527184,0.01878912,0.01900562856,0.02121721327,0.02258458291,0.02404414011,0.0273527256,0.02975619859,0.002826926838,0.01096707859,0.3581184903,0.250915108,0.383744247,0.6623255397
rotation_sigma0.0010,rotation,0.0010,topology_pair,down8k__to__up60k,nicp_p2tri,45,0.02061328107,0.002572999621,0.1248224197,0.01636625396,0.01662291667,0.01894400637,0.02047766377,0.02205509348,0.02545758679,0.02812421194,0.003111087113,0.01175795799,0.3811681272,0.2761368806,0.4114175618,0.6005370903
rotation_sigma0.0010,rotation,0.0010,topology_pair,noisy__to__crop,latent_distance,45,0.4709635867,0.1004841556,0.2133586512,0.222268641,0.3309708655,0.3996657431,0.4735735059,0.5411881208,0.6389999866,0.6511583924,0.1415223777,0.4288897514,6.061273669,4.853952382,7.013239324,8.904237161
rotation_sigma0.0010,rotation,0.0010,topology_pair,noisy__to__crop,raw_chamfer,45,0.0568186126,0.01657805952,0.2917716353,0.0273761048,0.0353049328,0.04286796608,0.05318518558,0.07202407776,0.08169457258,0.0885304062,0.02915611168,0.0611543014,1,1,1,1
rotation_sigma0.0010,rotation,0.0010,topology_pair,noisy__to__crop,rigid_p2p,45,0.03552429331,0.006994265378,0.1968868266,0.02436889868,0.02735416258,0.02994363277,0.03392451025,0.0386801978,0.04868433186,0.05458746067,0.008736565037,0.030218562,0.4218989183,0.2996478109,0.494136329,0.6378563858
rotation_sigma0.0010,rotation,0.0010,topology_pair,noisy__to__crop,nicp_p2p,45,0.02766671996,0.002449771241,0.08854577789,0.02191770382,0.02448205922,0.02569393953,0.02758692018,0.02934294611,0.03126991088,0.03254475783,0.00364900658,0.01062705401,0.1477718932,0.1251540885,0.1737744323,0.5186955705
rotation_sigma0.0010,rotation,0.0010,topology_pair,noisy__to__crop,nicp_p2tri,45,0.02595348924,0.002587416344,0.09969435402,0.01977451624,0.02272901491,0.02398445036,0.02593503831,0.02788679823,0.02982580472,0.03094341038,0.00390234786,0.01116889413,0.1560747409,0.1338432197,0.1826346451,0.4876365105
rotation_sigma0.0010,rotation,0.0010,topology_pair,noisy__to__down8k,latent_distance,45,0.4271032963,0.09687099692,0.2268092936,0.2682821751,0.2836421192,0.3488324881,0.4321591854,0.5064128637,0.5841092944,0.6539024115,0.1575803757,0.3856202364,13.45960828,20.3340424,12.16480083,13.52564094
rotation_sigma0.0010,rotation,0.0010,topology_pair,noisy__to__down8k,raw_chamfer,45,0.03339430893,0.007197163162,0.2155206499,0.02287802666,0.02483817012,0.02834332478,0.03195110585,0.03609290908,0.04860098035,0.05457770196,0.007749584296,0.03169967531,1,1,1,1
rotation_sigma0.0010,rotation,0.0010,topology_pair,noisy__to__down8k,rigid_p2p,45,0.02814710651,0.006018406942,0.2138197381,0.02149479495,0.02225201406,0.02373829922,0.02651652268,0.03026275805,0.04197198064,0.0479044109,0.006524458833,0.02640961595,0.8362193279,0.8419108154,0.8331194465,0.8299093875
rotation_sigma0.0010,rotation,0.0010,topology_pair,noisy__to__down8k,nicp_p2p,45,0.0222064606,0.001573820787,0.07087220316,0.01962070085,0.0200629883,0.02115286701,0.02200718885,0.02287995906,0.02562433863,0.02714429265,0.001727092051,0.007523591802,0.2186723785,0.2228625415,0.2373397118,0.6887770633
rotation_sigma0.0010,rotation,0.0010,topology_pair,noisy__to__down8k,nicp_p2tri,45,0.02024093994,0.001679040613,0.08295269972,0.01733196403,0.01790315671,0.01907800129,0.02010122407,0.0207353999,0.02398697152,0.0253336129,0.00165739861,0.008001648864,0.2332920034,0.213869357,0.2524205307,0.6291245181
rotation_sigma0.0010,rotation,0.0010,topology_pair,noisy__to__original,latent_distance,45,0.4283591217,0.1095542647,0.2557533134,0.2337138653,0.2529680252,0.351952821,0.4341665804,0.5106734633,0.6030331135,0.6720981598,0.1587206423,0.4383842945,18.79710116,18.761607,18.7207408,13.48793134
rotation_sigma0.0010,rotation,0.0010,topology_pair,noisy__to__original,raw_chamfer,45,0.03197274315,0.005828253185,0.1822881808,0.02173695802,0.02432097793,0.0272465653,0.03218926382,0.03570642923,0.04011214792,0.0451539958,0.00845986393,0.02341703778,1,1,1,1
rotation_sigma0.0010,rotation,0.0010,topology_pair,noisy__to__original,rigid_p2p,45,0.0276237089,0.005354451257,0.1938353491,0.02114011179,0.02196726891,0.0237391671,0.02627784189,0.02909722602,0.03908935984,0.04470774611,0.005358058919,0.02356763431,0.9187060149,0.6333504845,1.006431067,0.8163542363
rotation_sigma0.0010,rotation,0.0010,topology_pair,noisy__to__original,nicp_p2p,45,0.02294117535,0.001967039036,0.08574273139,0.01940159828,0.01980659087,0.02169222672,0.02307876375,0.02410273296,0.0255600946,0.02823264285,0.002410506234,0.00883104457,0.3375006153,0.2849343978,0.3771204818,0.7169708471
rotation_sigma0.0010,rotation,0.0010,topology_pair,noisy__to__original,nicp_p2tri,45,0.02096623699,0.00207923218,0.09917049879,0.01736116055,0.01766767227,0.01958843479,0.0210527756,0.02236401039,0.02365382813,0.0265170138,0.0027755756,0.009155853254,0.3567504901,0.3280874991,0.3909910955,0.654030975
rotation_sigma0.0010,rotation,0.0010,topology_pair,noisy__to__remesh,latent_distance,45,0.4407095432,0.09005609028,0.2043434086,0.2800185382,0.3088320673,0.3554651439,0.439047426,0.5052478909,0.5694120765,0.6724300385,0.149782747,0.3924115002,14.42910062,18.03501425,15.10993246,13.12135507
rotation_sigma0.0010,rotation,0.0010,topology_pair,noisy__to__remesh,raw_chamfer,45,0.03501103017,0.0062412823,0.1782661713,0.02692084114,0.02797692557,0.03016162928,0.03346052473,0.03846673761,0.04677846003,0.0528912749,0.008305108326,0.02597043376,1,1,1,1
rotation_sigma0.0010,rotation,0.0010,topology_pair,noisy__to__remesh,rigid_p2p,45,0.02853485101,0.00623160344,0.218385701,0.02090705699,0.02148598992,0.02398442775,0.02617554082,0.0305713305,0.04121074642,0.04633046234,0.00658690275,0.02542340535,0.9984492193,0.7931146099,0.9789364929,0.7822812413
rotation_sigma0.0010,rotation,0.0010,topology_pair,noisy__to__remesh,nicp_p2p,45,0.02301303752,0.001666823051,0.07242951085,0.01977098144,0.02039533524,0.02214180129,0.02309269682,0.02387614838,0.02515259074,0.0278823702,0.001734347098,0.008111388756,0.2670641978,0.2088289556,0.3123316626,0.6901474799
rotation_sigma0.0010,rotation,0.0010,topology_pair,noisy__to__remesh,nicp_p2tri,45,0.02110199952,0.001773620702,0.08404988824,0.01753921651,0.01827556444,0.02008238099,0.02118615046,0.02201275419,0.02351153198,0.02619281319,0.001930373199,0.008653596682,0.2841756896,0.2324320314,0.3332095552,0.6331685061
rotation_sigma0.0010,rotation,0.0010,topology_pair,noisy__to__up60k,latent_distance,45,0.4364540074,0.100138646,0.2294368808,0.27166906,0.294334954,0.3554345369,0.4359925091,0.5054389834,0.599377048,0.6787945032,0.1500044465,0.4071254432,16.07138294,22.35836966,15.56475952,13.76532179
rotation_sigma0.0010,rotation,0.0010,topology_pair,noisy__to__up60k,raw_chamfer,45,0.03255593184,0.006230866778,0.1913896002,0.02300997995,0.02403101785,0.02769809139,0.03167325223,0.03440718731,0.04524805445,0.04916685328,0.006709095914,0.02615687333,1,1,1,1
rotation_sigma0.0010,rotation,0.0010,topology_pair,noisy__to__up60k,rigid_p2p,45,0.02809826563,0.005288494756,0.1882142772,0.02121363567,0.02216630108,0.02375287511,0.02698014787,0.03030619064,0.03881987768,0.04522235961,0.006553315536,0.02400872395,0.8487574754,0.9767807197,0.917874382,0.8518275191
rotation_sigma0.0010,rotation,0.0010,topology_pair,noisy__to__up60k,nicp_p2p,45,0.02316310855,0.001862693192,0.08041637365,0.01998895403,0.02026109715,0.02202425986,0.02299114962,0.02412783225,0.02608285658,0.02822714132,0.002103572392,0.008238187285,0.2989460789,0.3135403666,0.3149530596,0.725885345
rotation_sigma0.0010,rotation,0.0010,topology_pair,noisy__to__up60k,nicp_p2tri,45,0.02125070355,0.001961947309,0.09232387552,0.01775681156,0.01816481948,0.02003567975,0.02114982264,0.02248113941,0.02415636078,0.02668121815,0.002445459659,0.008924406589,0.3148755027,0.3644991352,0.3411878199,0.6677502674
rotation_sigma0.0010,rotation,0.0010,topology_pair,original__to__crop,latent_distance,45,0.4672340675,0.09966686419,0.213312494,0.2232336551,0.3368586838,0.3923822641,0.4651181102,0.5451810956,0.6335693598,0.6446720362,0.1527988315,0.4214383811,6.044101505,5.310333366,6.797047364,8.658199987
rotation_sigma0.0010,rotation,0.0010,topology_pair,original__to__crop,raw_chamfer,45,0.05617897652,0.01648993885,0.2935250848,0.02759145668,0.03398832542,0.04194369346,0.0537199546,0.07071756149,0.08057447424,0.08959461165,0.02877386803,0.06200315497,1,1,1,1
rotation_sigma0.0010,rotation,0.0010,topology_pair,original__to__crop,rigid_p2p,45,0.03483824355,0.00700516983,0.2010770095,0.02399261572,0.02663910497,0.02892698417,0.03322928984,0.03859477567,0.04808021553,0.05418948226,0.009667791504,0.03019686654,0.4248147853,0.3359920708,0.4870214516,0.6185651139
rotation_sigma0.0010,rotation,0.0010,topology_pair,original__to__crop,nicp_p2p,45,0.02665816397,0.002325102203,0.08721914254,0.02174536547,0.02336317458,0.02523674062,0.02625155935,0.02827060928,0.03053307153,0.03161098468,0.003033868655,0.009865619211,0.1410012629,0.1054383322,0.1591147937,0.4886742654
rotation_sigma0.0010,rotation,0.0010,topology_pair,original__to__crop,nicp_p2tri,45,0.02486895692,0.002452709152,0.09862533277,0.01964239668,0.02147285493,0.02330845275,0.02441813517,0.02657745274,0.02912252733,0.03001270816,0.003268999988,0.01037031148,0.1487397361,0.1136100292,0.1672545773,0.4545449703
rotation_sigma0.0010,rotation,0.0010,topology_pair,original__to__down8k,latent_distance,45,0.4320683128,0.09659508847,0.2235643892,0.2598821819,0.2969679058,0.3530016243,0.4244542718,0.5043582916,0.6009488702,0.6571387053,0.1513566673,0.3972565234,11.2389226,14.59347934,10.60702065,12.67177358
rotation_sigma0.0010,rotation,0.0010,topology_pair,original__to__down8k,raw_chamfer,45,0.0355172082,0.008594692919,0.2419867258,0.02292017616,0.02549021658,0.02893436608,0.03349604293,0.03930589324,0.05310674113,0.0603724011,0.01037152716,0.03745222494,1,1,1,1
rotation_sigma0.0010,rotation,0.0010,topology_pair,original__to__down8k,rigid_p2p,45,0.02745558797,0.006276000738,0.2285873734,0.02025989073,0.02090073128,0.02284488926,0.02548817292,0.03007581162,0.03970163515,0.04869417638,0.007230922353,0.02843428565,0.7302181471,0.6971897431,0.7592148584,0.760930865
rotation_sigma0.0010,rotation,0.0010,topology_pair,original__to__down8k,nicp_p2p,45,0.02117799089,0.00160191618,0.07564061144,0.01887302324,0.01903323431,0.01982212071,0.0208149221,0.02210405172,0.02386771485,0.0254948115,0.002281931014,0.006621788259,0.1863843414,0.2200188053,0.1768062717,0.6214143605
rotation_sigma0.0010,rotation,0.0010,topology_pair,original__to__down8k,nicp_p2tri,45,0.01910271248,0.001742388913,0.09121159706,0.0164872638,0.01690506123,0.0175265458,0.01883191398,0.02029363383,0.02198940899,0.02397663883,0.002767088028,0.007489375026,0.2027284662,0.2667965851,0.1999714313,0.5622130954
rotation_sigma0.0010,rotation,0.0010,topology_pair,original__to__noisy,latent_distance,45,0.4289560917,0.1066143117,0.2485436476,0.2338894457,0.2632986903,0.3376355767,0.4349290431,0.4983110428,0.6109524608,0.6473867297,0.1606754661,0.4134972841,18.7946884,24.06001849,16.32767842,14.62977786
rotation_sigma0.0010,rotation,0.0010,topology_pair,original__to__noisy,raw_chamfer,45,0.0308097074,0.005672576709,0.1841165395,0.02247368317,0.02366059307,0.02672717854,0.02972902578,0.03340528921,0.04080586191,0.04779861139,0.006678110663,0.02532492823,1,1,1,1
rotation_sigma0.0010,rotation,0.0010,topology_pair,original__to__noisy,rigid_p2p,45,0.02531354994,0.00490216793,0.1936578608,0.01958892328,0.02015137065,0.02176164269,0.02438541694,0.02770823604,0.03519845781,0.04237165032,0.005946593355,0.02278272704,0.8641871554,0.8904604394,0.8996166478,0.820256174
rotation_sigma0.0010,rotation,0.0010,topology_pair,original__to__noisy,nicp_p2p,45,0.02164472971,0.001603001056,0.07405964767,0.01867803501,0.01908876713,0.02052320854,0.02165738426,0.02278464596,0.02456545093,0.02519645791,0.00226143742,0.006518422895,0.2825878148,0.3386343135,0.2573915644,0.7284929019
rotation_sigma0.0010,rotation,0.0010,topology_pair,original__to__noisy,nicp_p2tri,45,0.01933784994,0.001776162767,0.09184903039,0.01612800595,0.01645564141,0.01802017921,0.01944090048,0.02058732905,0.02264482102,0.02334024732,0.002567149837,0.007212241366,0.3131139266,0.3844125931,0.2847882253,0.6539366821
rotation_sigma0.0010,rotation,0.0010,topology_pair,original__to__remesh,latent_distance,45,0.4498139673,0.09073047305,0.2017066602,0.2764239311,0.3210110605,0.3738468587,0.450458169,0.5235946774,0.5791679382,0.6804119945,0.1497478187,0.4039880633,12.84195424,17.04754489,13.41677738,13.21949186
rotation_sigma0.0010,rotation,0.0010,topology_pair,original__to__remesh,raw_chamfer,45,0.03600367852,0.007065160906,0.1962344182,0.02634357829,0.02794467356,0.03072174238,0.03407530137,0.03950587052,0.05062111941,0.05645424137,0.008784128134,0.03011066308,1,1,1,1
rotation_sigma0.0010,rotation,0.0010,topology_pair,original__to__remesh,rigid_p2p,45,0.02757590012,0.006005038884,0.2177640207,0.01971975233,0.02072751941,0.02310650982,0.02556105779,0.02960552573,0.0401336155,0.04550470908,0.006499015912,0.02578495675,0.8499507604,0.7398589608,0.8563397186,0.75013446
rotation_sigma0.0010,rotation,0.0010,topology_pair,original__to__remesh,nicp_p2p,45,0.02198419363,0.001681790393,0.07649998093,0.01874459971,0.01913279257,0.0210084885,0.02198612538,0.0228585799,0.02437282972,0.02623880475,0.001850091399,0.007494205031,0.238039928,0.2106175332,0.2488887412,0.6452217441
rotation_sigma0.0010,rotation,0.0010,topology_pair,original__to__remesh,nicp_p2tri,45,0.01994770755,0.001830329593,0.09175638796,0.0165712612,0.01686779816,0.01880732124,0.01995994494,0.02105770997,0.02257775766,0.02450579367,0.002250388736,0.007934532475,0.2590641058,0.2561880589,0.2635123795,0.5857598946
rotation_sigma0.0010,rotation,0.0010,topology_pair,original__to__up60k,latent_distance,45,0.4428161177,0.09889868518,0.2233403014,0.2702338994,0.3103904128,0.3595204353,0.4313597679,0.5167554021,0.6028881192,0.6802008152,0.1572349668,0.4099669158,13.41672792,16.75968428,13.31355306,13.22326912
rotation_sigma0.0010,rotation,0.0010,topology_pair,original__to__up60k,raw_chamfer,45,0.03372056092,0.007371296917,0.2185994751,0.02225034834,0.02415238391,0.02834716869,0.03262126514,0.03772890668,0.0487068248,0.05304354939,0.009381737991,0.03079320104,1,1,1,1
rotation_sigma0.0010,rotation,0.0010,topology_pair,original__to__up60k,rigid_p2p,45,0.02697240776,0.005576461665,0.2067468991,0.02075062952,0.02102739705,0.02294149619,0.02535777157,0.02947616353,0.03749807662,0.04693937428,0.00653466734,0.02618874476,0.7565102489,0.6965305731,0.8504716583,0.777338692
rotation_sigma0.0010,rotation,0.0010,topology_pair,original__to__up60k,nicp_p2p,45,0.02202692009,0.001911281987,0.08677027836,0.01870989089,0.01955772484,0.02070228381,0.02162009365,0.0232643209,0.02575328761,0.02758831601,0.002562037085,0.008878425117,0.2592870711,0.2730876824,0.288324202,0.6627607348
rotation_sigma0.0010,rotation,0.0010,topology_pair,original__to__up60k,nicp_p2tri,45,0.02001378949,0.002025361204,0.1011982866,0.01663857939,0.01735710346,0.01878557999,0.01964955387,0.02143806123,0.02410213369,0.0259462209,0.002652481241,0.009307641512,0.2747632102,0.2827281303,0.3022628761,0.6023541326
rotation_sigma0.0010,rotation,0.0010,topology_pair,remesh__to__crop,latent_distance,45,0.4892724789,0.1061922315,0.2170410888,0.2044333667,0.3258155167,0.4162543118,0.4844743907,0.5805895925,0.668260932,0.6919081807,0.1643352807,0.4874748141,5.931849362,6.436924932,6.635509231,7.935174849
rotation_sigma0.0010,rotation,0.0010,topology_pair,remesh__to__crop,raw_chamfer,45,0.06165417924,0.01790204455,0.2903622231,0.02705714204,0.0383260495,0.04681279032,0.06105402842,0.07234288153,0.09015355198,0.1005217093,0.02553009121,0.07346456724,1,1,1,1
rotation_sigma0.0010,rotation,0.0010,topology_pair,remesh__to__crop,rigid_p2p,45,0.03463601505,0.006964589185,0.2010794017,0.02578049817,0.02607604423,0.02979902448,0.03356746392,0.03649131674,0.04914985465,0.05379343355,0.006692292263,0.02801293538,0.3890387585,0.2621335038,0.3813121949,0.5497993301
rotation_sigma0.0010,rotation,0.0010,topology_pair,remesh__to__crop,nicp_p2p,45,0.02760936891,0.002780029437,0.1006915242,0.02155702209,0.023834744,0.02579078058,0.02728822046,0.02905686837,0.03198287628,0.03511183705,0.003266087787,0.01355481496,0.1552911697,0.1279309095,0.1845081986,0.4469520057
rotation_sigma0.0010,rotation,0.0010,topology_pair,remesh__to__crop,nicp_p2tri,45,0.02572344869,0.00291943672,0.1134932083,0.01927208869,0.02175168018,0.02375801185,0.02530757979,0.02717076627,0.03037458722,0.03338356384,0.003412754419,0.01411147515,0.1630783966,0.1336757629,0.1920854594,0.4145112197
rotation_sigma0.0010,rotation,0.0010,topology_pair,remesh__to__down8k,latent_distance,45,0.4166668057,0.102998712,0.2471968263,0.2064139545,0.2727701724,0.3444847167,0.4221906364,0.4872009456,0.5797335148,0.6194063425,0.142716229,0.412992388,15.91566868,17.28240004,13.7877076,11.50166431
rotation_sigma0.0010,rotation,0.0010,topology_pair,remesh__to__down8k,raw_chamfer,45,0.03765955718,0.006471529034,0.1718429403,0.02862427353,0.0295573591,0.03255928154,0.03670691692,0.04081717562,0.04970603096,0.0585779395,0.008257894079,0.02995366598,1,1,1,1
rotation_sigma0.0010,rotation,0.0010,topology_pair,remesh__to__down8k,rigid_p2p,45,0.03201785568,0.007292164935,0.2277530703,0.02264591281,0.02360918105,0.02698474787,0.03023488648,0.03555235289,0.04650291887,0.05488989321,0.00856760502,0.0322439804,1.126807111,1.037504833,1.076461907,0.8236836275
rotation_sigma0.0010,rotation,0.0010,topology_pair,remesh__to__down8k,nicp_p2p,45,0.02272202623,0.001777236295,0.07821645292,0.01980870819,0.02001019746,0.02126262938,0.02273178401,0.02372411904,0.02584904996,0.02744621586,0.002461489658,0.007637507677,0.2746238617,0.2980771652,0.2549773935,0.6192779433
rotation_sigma0.0010,rotation,0.0010,topology_pair,remesh__to__down8k,nicp_p2tri,45,0.02062174919,0.001919909634,0.09310120188,0.01759615933,0.01776568865,0.0190001301,0.0206136288,0.02166249868,0.02392374332,0.02591002557,0.002662368588,0.008313866246,0.2966701724,0.3224028502,0.2775575535,0.5615734181
rotation_sigma0.0010,rotation,0.0010,topology_pair,remesh__to__noisy,latent_distance,45,0.4426410877,0.1117600128,0.2524844979,0.2011930048,0.2652609468,0.3636828661,0.4491908252,0.5016433001,0.6254345536,0.6765758395,0.137960434,0.4753828347,17.9611775,13.65823118,18.09838606,13.06562727
rotation_sigma0.0010,rotation,0.0010,topology_pair,remesh__to__noisy,raw_chamfer,45,0.03638851476,0.00622230991,0.1709965342,0.02728958029,0.02865279846,0.03177414375,0.03437958361,0.04187504423,0.04654879705,0.05355616743,0.01010090048,0.02626658714,1,1,1,1
rotation_sigma0.0010,rotation,0.0010,topology_pair,remesh__to__noisy,rigid_p2p,45,0.02860522416,0.005746541366,0.2008913244,0.02169355,0.02289403349,0.02459825761,0.02719179618,0.03062856401,0.04002509023,0.04754516153,0.006030306407,0.02585161153,0.9235382758,0.5970068131,0.9842013882,0.7909286071
rotation_sigma0.0010,rotation,0.0010,topology_pair,remesh__to__noisy,nicp_p2p,45,0.02316279179,0.001519073377,0.06558248207,0.02029213402,0.02096908507,0.02212370654,0.02313139014,0.02397353859,0.02572433971,0.02738943457,0.001849832046,0.007097300552,0.2441333523,0.18313536,0.2702026157,0.6728234524
rotation_sigma0.0010,rotation,0.0010,topology_pair,remesh__to__noisy,nicp_p2tri,45,0.02084176492,0.001648813669,0.07911103859,0.01785413218,0.01852864471,0.01962644024,0.0206141006,0.02183634931,0.0238025339,0.02527598447,0.002209909069,0.007421852288,0.2649841768,0.2187833721,0.2825586837,0.5996029745
rotation_sigma0.0010,rotation,0.0010,topology_pair,remesh__to__original,latent_distance,45,0.4491697696,0.1136726653,0.2530728313,0.1939166784,0.2622752309,0.3711335957,0.4616466761,0.5191975832,0.6326660395,0.6773013473,0.1480639875,0.4833846688,15.78340042,12.3291076,17.47284522,12.5806596
rotation_sigma0.0010,rotation,0.0010,topology_pair,remesh__to__original,raw_chamfer,45,0.03814163233,0.007202038998,0.1888235652,0.02660550801,0.02900492011,0.03231639484,0.03669495009,0.04432569772,0.0512462984,0.05427041677,0.01200930288,0.02766490876,1,1,1,1
rotation_sigma0.0010,rotation,0.0010,topology_pair,remesh__to__original,rigid_p2p,45,0.02981155907,0.006255906733,0.2098483584,0.02192678409,0.02340619175,0.02518956771,0.0282202074,0.03157594513,0.04276197852,0.05072006565,0.006386377424,0.02879328156,0.8686299442,0.5317858569,1.040787151,0.7690488019
rotation_sigma0.0010,rotation,0.0010,topology_pair,remesh__to__original,nicp_p2p,45,0.02316355063,0.001660974892,0.07170640283,0.01908803729,0.02113175627,0.0221598834,0.02315620884,0.02381464799,0.02660251252,0.02745637785,0.001654764593,0.008368340555,0.2306256454,0.1377902289,0.3024893604,0.6310462009
rotation_sigma0.0010,rotation,0.0010,topology_pair,remesh__to__original,nicp_p2tri,45,0.02107265561,0.001785475165,0.08472948063,0.01669511464,0.01885557608,0.01994926543,0.02108958756,0.02169666769,0.02473304547,0.02566225094,0.001747402266,0.008967136294,0.2479124544,0.1455040549,0.3241339551,0.5747272447
rotation_sigma0.0010,rotation,0.0010,topology_pair,remesh__to__up60k,latent_distance,45,0.4191619883,0.1076914623,0.256920869,0.1995396167,0.2683886945,0.3424485624,0.423129797,0.4785858393,0.5963281393,0.650580883,0.1361372769,0.4510412663,17.32508017,14.33281877,15.86391921,12.67303677
rotation_sigma0.0010,rotation,0.0010,topology_pair,remesh__to__up60k,raw_chamfer,45,0.03455798988,0.006215928654,0.1798695085,0.0253344725,0.02731665888,0.03017622659,0.03338819296,0.03967451713,0.04505547506,0.05376636631,0.009498290535,0.02843189381,1,1,1,1
rotation_sigma0.0010,rotation,0.0010,topology_pair,remesh__to__up60k,rigid_p2p,45,0.02952586012,0.005726959213,0.1939641788,0.02177752728,0.0235948819,0.02511438318,0.02840867854,0.03234397047,0.04250254043,0.04873671524,0.007229587294,0.02695918796,0.9213360596,0.7611461524,0.9482023302,0.8508600202
rotation_sigma0.0010,rotation,0.0010,topology_pair,remesh__to__up60k,nicp_p2p,45,0.02308520282,0.001692019013,0.07329452664,0.01918587538,0.02047292394,0.02216857758,0.02295118013,0.02381798366,0.02632187737,0.02795586579,0.001649406081,0.008769990406,0.2722069552,0.1736529405,0.3084560763,0.6874040819
rotation_sigma0.0010,rotation,0.0010,topology_pair,remesh__to__up60k,nicp_p2tri,45,0.02099684082,0.001793844689,0.08543402813,0.01684905718,0.01826945481,0.02017989552,0.02088226671,0.02160609086,0.02443983816,0.02616467622,0.001426195339,0.009315619049,0.2885883653,0.1501528442,0.3276468009,0.6254386611
rotation_sigma0.0010,rotation,0.0010,topology_pair,up60k__to__crop,latent_distance,45,0.4768962413,0.1046233278,0.219383838,0.2016594857,0.3231711149,0.4091614485,0.4859114885,0.5479606986,0.6451387048,0.6712039709,0.1387992501,0.4695444852,5.736657861,4.527739388,6.491244717,7.301689474
rotation_sigma0.0010,rotation,0.0010,topology_pair,up60k__to__crop,raw_chamfer,45,0.06718084417,0.01823767955,0.2714714258,0.03176460757,0.04466966577,0.05035947726,0.06654781612,0.08101478629,0.09365301255,0.1040996536,0.03065530903,0.072335046,1,1,1,1
rotation_sigma0.0010,rotation,0.0010,topology_pair,up60k__to__crop,rigid_p2p,45,0.03564476241,0.006721952736,0.1885817798,0.02342273427,0.02702836053,0.03039479164,0.03490876072,0.03972299475,0.04789472643,0.05352827647,0.009328203112,0.0301055422,0.3685749997,0.3042932337,0.4161957981,0.5245665861
rotation_sigma0.0010,rotation,0.0010,topology_pair,up60k__to__crop,nicp_p2p,45,0.02789714175,0.002708770257,0.09709848705,0.02213139338,0.02395384306,0.02590767299,0.02765125983,0.02980154882,0.03211529176,0.0351774524,0.003893875827,0.01304605902,0.1485260364,0.1270212551,0.1803559925,0.4155096507
rotation_sigma0.0010,rotation,0.0010,topology_pair,up60k__to__crop,nicp_p2tri,45,0.02621914219,0.002834072546,0.1080917341,0.02010153185,0.02210118758,0.02401420333,0.02595201854,0.02818822639,0.03065863028,0.03370601682,0.004174023059,0.01360448497,0.1553965535,0.1361598755,0.1880759843,0.3899755101
rotation_sigma0.0010,rotation,0.0010,topology_pair,up60k__to__down8k,latent_distance,45,0.4040671812,0.1013289662,0.2507725718,0.2137268335,0.2505023062,0.3254781365,0.3988171816,0.4800231159,0.5394333839,0.6209197044,0.1545449793,0.407192871,17.14719244,19.68237929,14.60667898,12.65003819
rotation_sigma0.0010,rotation,0.0010,topology_pair,up60k__to__down8k,raw_chamfer,45,0.03241359873,0.00590936193,0.1823111953,0.02302165504,0.02525376718,0.02772560958,0.03152695474,0.03557755558,0.04259026152,0.0508988249,0.007851946,0.02787716986,1,1,1,1
rotation_sigma0.0010,rotation,0.0010,topology_pair,up60k__to__down8k,rigid_p2p,45,0.02679820625,0.00566980263,0.2115739605,0.01977085201,0.02080943819,0.02292494154,0.02566121172,0.0284376695,0.03849913555,0.04629977,0.005512727959,0.02652891799,0.9594610547,0.7020842934,0.9516359846,0.813945144
rotation_sigma0.0010,rotation,0.0010,topology_pair,up60k__to__down8k,nicp_p2p,45,0.02147301798,0.001953415027,0.09097067904,0.01768665864,0.0188277378,0.02021260817,0.02126578905,0.02249217268,0.02556668318,0.02658972252,0.002279564512,0.00890306388,0.3305627663,0.2903184143,0.3193675658,0.6745272171
rotation_sigma0.0010,rotation,0.0010,topology_pair,up60k__to__down8k,nicp_p2tri,45,0.01941522696,0.002090278079,0.1076617896,0.01547771672,0.0166054719,0.0180011942,0.01934708924,0.02046384344,0.02376335856,0.02505002346,0.002462649241,0.009572306735,0.3537231436,0.3136355294,0.3433744093,0.6136681896
rotation_sigma0.0010,rotation,0.0010,topology_pair,up60k__to__noisy,latent_distance,45,0.4340740257,0.10895794,0.2510123471,0.2174703032,0.2498933375,0.3442593217,0.4470999241,0.5176557302,0.5953779697,0.6617893577,0.1733964086,0.4443190545,16.69273498,16.40737066,16.76281694,12.76886694
rotation_sigma0.0010,rotation,0.0010,topology_pair,up60k__to__noisy,raw_chamfer,45,0.0352642063,0.00652726711,0.1850961015,0.02279108695,0.02556582963,0.02977913246,0.03501484714,0.04034733453,0.04652910552,0.04929731534,0.01056820207,0.0265062284,1,1,1,1
rotation_sigma0.0010,rotation,0.0010,topology_pair,up60k__to__noisy,rigid_p2p,45,0.02572194004,0.004546483046,0.1767550596,0.01944908547,0.02068945722,0.02276611848,0.02466680358,0.027622553,0.03498590257,0.04120792023,0.004856434514,0.02175883477,0.6965369992,0.4595327078,0.8208951662,0.704466979
rotation_sigma0.0010,rotation,0.0010,topology_pair,up60k__to__noisy,nicp_p2p,45,0.02248107855,0.00180512873,0.08029546831,0.01917780175,0.01938556379,0.02138727654,0.02227576894,0.02367233258,0.02534032407,0.02694046602,0.002285056044,0.007762664271,0.2765519933,0.2162199425,0.2928618947,0.6361806709
rotation_sigma0.0010,rotation,0.0010,topology_pair,up60k__to__noisy,nicp_p2tri,45,0.02027153648,0.001958317449,0.09660429296,0.01666595738,0.01685954761,0.01909382352,0.02005484853,0.02145702029,0.02350873005,0.0252297873,0.002363196765,0.008563829921,0.3000210373,0.2236138891,0.3230874567,0.5727527083
rotation_sigma0.0010,rotation,0.0010,topology_pair,up60k__to__original,latent_distance,45,0.4394468168,0.1105271437,0.2515142663,0.2111327201,0.2424658775,0.3538174629,0.4435902536,0.5273215175,0.5970610142,0.6841715574,0.1735040545,0.4730388373,14.16069147,14.04177334,14.28040525,11.89614013
rotation_sigma0.0010,rotation,0.0010,topology_pair,up60k__to__original,raw_chamfer,45,0.03818138968,0.007805208096,0.204424411,0.02297135159,0.02615596705,0.03190527667,0.03728858677,0.04426155464,0.04936886503,0.05609638053,0.01235627797,0.03312502895,1,1,1,1
rotation_sigma0.0010,rotation,0.0010,topology_pair,up60k__to__original,rigid_p2p,45,0.02684957944,0.005220568355,0.1944376211,0.01946882073,0.02032976907,0.02329726671,0.0255423638,0.02882650048,0.0376080191,0.04329179511,0.005529233768,0.02382297438,0.6688570364,0.4474837636,0.7191835038,0.6849914684
rotation_sigma0.0010,rotation,0.0010,topology_pair,up60k__to__original,nicp_p2p,45,0.02270514091,0.002130369105,0.09382760993,0.01897173536,0.01911497564,0.02137952309,0.02243693992,0.02343233224,0.02606382146,0.02831682659,0.002052809146,0.009345091228,0.2729419996,0.1661349115,0.2821157151,0.6017106538
rotation_sigma0.0010,rotation,0.0010,topology_pair,up60k__to__original,nicp_p2tri,45,0.02074680525,0.002247612721,0.1083353651,0.016606459,0.01694924643,0.01927307275,0.02062501255,0.02145024127,0.02423004841,0.02662765181,0.002177168518,0.01002119282,0.2879632027,0.1761993801,0.3025263112,0.553118644
rotation_sigma0.0010,rotation,0.0010,topology_pair,up60k__to__remesh,latent_distance,45,0.4145440678,0.09187533629,0.2216298421,0.251938343,0.272974664,0.3460162282,0.4331838787,0.4818482101,0.5371615529,0.609438777,0.1358319819,0.3575004339,14.50940643,15.62006501,12.8897289,13.05062628
rotation_sigma0.0010,rotation,0.0010,topology_pair,up60k__to__remesh,raw_chamfer,45,0.03519589715,0.006332122321,0.1799108088,0.0238883,0.02680151206,0.03064794605,0.033192574,0.03934393943,0.04506111317,0.05162359502,0.008695993377,0.02773529502,1,1,1,1
rotation_sigma0.0010,rotation,0.0010,topology_pair,up60k__to__remesh,rigid_p2p,45,0.0276247386,0.005657122021,0.2047846353,0.02002705956,0.02101131732,0.02353532284,0.02593667412,0.02965339131,0.0392070143,0.04431024831,0.006118068471,0.02428318875,0.8934006222,0.703550268,0.8755338184,0.7813999035
rotation_sigma0.0010,rotation,0.0010,topology_pair,up60k__to__remesh,nicp_p2p,45,0.022527608,0.001710819251,0.07594322714,0.01939270193,0.01971910458,0.02141582877,0.02250339009,0.02349993214,0.02488315473,0.0269916876,0.00208410337,0.007598985664,0.2701810174,0.2396624836,0.273982507,0.6779645979
rotation_sigma0.0010,rotation,0.0010,topology_pair,up60k__to__remesh,nicp_p2tri,45,0.02054158308,0.001852972735,0.09020593627,0.01723913669,0.01739768064,0.01936993924,0.02060784675,0.0215433641,0.02326280844,0.02533796749,0.002173424857,0.008098830797,0.2926305969,0.2499340515,0.2920044943,0.6208571456
rotation_sigma0.0025,rotation,0.0025,overall,all,latent_distance,1350,0.4462645774,0.1034268513,0.2317612836,0.1962977499,0.2769342244,0.3734058663,0.4440993518,0.5198428333,0.6218556255,0.7091027498,0.146436967,0.5128049999,6.288626896,7.925774959,5.728217625,11.44826703
rotation_sigma0.0025,rotation,0.0025,overall,all,raw_chamfer,1350,0.04363575949,0.01644665091,0.3769076351,0.02145915043,0.02615599966,0.03178392244,0.03879184076,0.05025996645,0.07982997452,0.1109817618,0.01847604401,0.08952261132,1,1,1,1
rotation_sigma0.0025,rotation,0.0025,overall,all,rigid_p2p,1350,0.0313999848,0.009202960134,0.2930880442,0.01901503789,0.02176466591,0.02476721792,0.02857507107,0.03598458907,0.04958079381,0.08193788974,0.01121737115,0.06292285185,0.5595643868,0.6071305708,0.7028710504,0.7366258088
rotation_sigma0.0025,rotation,0.0025,overall,all,nicp_p2p,1350,0.02375471159,0.002891134095,0.1217078172,0.01848240261,0.01970794068,0.02182228242,0.02321676065,0.02525025601,0.02928370498,0.03479025606,0.003427973594,0.01630785345,0.1757886217,0.1855361241,0.1821646309,0.5984959775
rotation_sigma0.0025,rotation,0.0025,overall,all,nicp_p2tri,1350,0.02176728834,0.003064682126,0.1407930137,0.01610202425,0.01745691463,0.01972116588,0.02120282309,0.02334697198,0.02766204986,0.0331887943,0.003625806103,0.01708677005,0.1863408023,0.1962436386,0.1908654115,0.5465794528
rotation_sigma0.0025,rotation,0.0025,topology_pair,crop__to__down8k,latent_distance,45,0.4648996009,0.09141596115,0.1966359209,0.2801989615,0.3499113142,0.3902837038,0.447704941,0.5469935536,0.5947218657,0.6891508698,0.1567098498,0.4089519083,5.838769897,6.210473175,6.921618844,6.697638817
rotation_sigma0.0025,rotation,0.0025,topology_pair,crop__to__down8k,raw_chamfer,45,0.06527276522,0.01565671584,0.2398659807,0.03515816809,0.03961603844,0.05203205089,0.06684519026,0.07726520872,0.08530056676,0.09424144291,0.02523315783,0.05908327482,1,1,1,1
rotation_sigma0.0025,rotation,0.0025,topology_pair,crop__to__down8k,rigid_p2p,45,0.04753044717,0.01297485926,0.2729799536,0.02702225589,0.02776227729,0.03977088724,0.0464138672,0.05521259449,0.06683964016,0.08124378918,0.01544170725,0.05422153329,0.8287088678,0.6119609506,0.9177137432,0.6943486437
rotation_sigma0.0025,rotation,0.0025,topology_pair,crop__to__down8k,nicp_p2p,45,0.02516224613,0.002359617079,0.09377609084,0.0197446454,0.02152385422,0.02381184544,0.02505446797,0.02652910176,0.02871794918,0.03039996022,0.002717256311,0.01065531481,0.1507095806,0.1076859396,0.1803440118,0.3748133242
rotation_sigma0.0025,rotation,0.0025,topology_pair,crop__to__down8k,nicp_p2tri,45,0.02332595292,0.002442476268,0.1047106747,0.01788347805,0.01944349496,0.02200223146,0.02330550448,0.02498167745,0.02713448598,0.0287233377,0.002979445988,0.01083985965,0.1560018265,0.11807662,0.1834674818,0.3486489363
rotation_sigma0.0025,rotation,0.0025,topology_pair,crop__to__noisy,latent_distance,45,0.4644786457,0.09386518642,0.2020871945,0.2722636163,0.3314341247,0.3885493577,0.461335659,0.5266031623,0.6269857526,0.6641047597,0.1380538046,0.3918411434,7.552854706,7.148779494,8.264891578,8.834939125
rotation_sigma0.0025,rotation,0.0025,topology_pair,crop__to__noisy,raw_chamfer,45,0.05207155937,0.012427776,0.2386672523,0.03047064733,0.03209216739,0.04209075471,0.05221718594,0.06140227561,0.07052629971,0.07788096598,0.01931152091,0.04741031866,1,1,1,1
rotation_sigma0.0025,rotation,0.0025,topology_pair,crop__to__noisy,rigid_p2p,45,0.03889566526,0.01082226769,0.2782384005,0.02403195825,0.02485500762,0.0310887818,0.03703578861,0.04638149467,0.05733255589,0.07408011615,0.01529271287,0.0500481579,0.8708129026,0.7918958297,1.055638505,0.7092643533
rotation_sigma0.0025,rotation,0.0025,topology_pair,crop__to__noisy,nicp_p2p,45,0.02443645498,0.00212865876,0.08710996589,0.01971018894,0.02147401558,0.02316092334,0.02416979641,0.02583047487,0.02796214676,0.03053722987,0.002669551524,0.01082704092,0.1712823566,0.1382362134,0.2283688705,0.4628705278
rotation_sigma0.0025,rotation,0.0025,topology_pair,crop__to__noisy,nicp_p2tri,45,0.02230353436,0.002234602912,0.1001905293,0.01748697688,0.01907712107,0.02090913105,0.0218524086,0.02383176399,0.02602561995,0.02869547561,0.002922632944,0.01120849873,0.1798071443,0.1513414173,0.236414752,0.4184907366
rotation_sigma0.0025,rotation,0.0025,topology_pair,crop__to__original,latent_distance,45,0.4645662771,0.0939967197,0.202332206,0.2856884003,0.3260978758,0.3984404802,0.4476193786,0.5244287252,0.6212985039,0.6597493291,0.125988245,0.3740609288,7.873901968,6.241802535,8.034345472,8.763835303
rotation_sigma0.0025,rotation,0.0025,topology_pair,crop__to__original,raw_chamfer,45,0.05138669154,0.0119377559,0.2323122105,0.03018971674,0.03302033718,0.04107289402,0.0510757406,0.06125748722,0.06996033985,0.07674745192,0.0201845932,0.04655773518,1,1,1,1
rotation_sigma0.0025,rotation,0.0025,topology_pair,crop__to__original,rigid_p2p,45,0.04092274432,0.01139333112,0.27841073,0.02460903497,0.02550525317,0.03243895425,0.03907077856,0.04830551497,0.06066823529,0.07522404647,0.01586656072,0.0506150115,0.9543947133,0.7860728506,1.087145054,0.7649576512
rotation_sigma0.0025,rotation,0.0025,topology_pair,crop__to__original,nicp_p2p,45,0.02464651447,0.002208320386,0.08959970338,0.01986994264,0.0215647298,0.02302055554,0.02438339366,0.02672078354,0.02793239806,0.03022102503,0.003700228002,0.01035108239,0.1849862238,0.1833194241,0.2223278764,0.4773967714
rotation_sigma0.0025,rotation,0.0025,topology_pair,crop__to__original,nicp_p2tri,45,0.02272546132,0.002317920011,0.1019966099,0.01787599279,0.01940929793,0.0208669804,0.02245960937,0.0251500444,0.02614827497,0.02838871061,0.004283063998,0.01051271782,0.1941671475,0.2121947148,0.2257995966,0.439731448
rotation_sigma0.0025,rotation,0.0025,topology_pair,crop__to__remesh,latent_distance,45,0.4896322621,0.08556002477,0.1747434379,0.3201351464,0.3690932274,0.4315602779,0.4870571792,0.5493972898,0.6158371329,0.7091027498,0.1178370118,0.3889676034,5.409087429,5.026340799,6.340025839,8.626067936
rotation_sigma0.0025,rotation,0.0025,topology_pair,crop__to__remesh,raw_chamfer,45,0.05784976976,0.01581782988,0.2734294354,0.02943742312,0.03266048138,0.04702129722,0.05646340637,0.0704651934,0.0823859871,0.09078853009,0.02344389617,0.06135110697,1,1,1,1
rotation_sigma0.0025,rotation,0.0025,topology_pair,crop__to__remesh,rigid_p2p,45,0.03855807219,0.01232595887,0.3196725918,0.02209318348,0.02516444907,0.02929942143,0.03660475712,0.0433340332,0.06264138865,0.08086752501,0.01403461178,0.05877434153,0.7792446223,0.5986467299,0.9579996911,0.6482916898
rotation_sigma0.0025,rotation,0.0025,topology_pair,crop__to__remesh,nicp_p2p,45,0.02424101606,0.002539003699,0.1047399867,0.0189670659,0.02058318328,0.02225218727,0.02413168459,0.02598065929,0.02770908113,0.03122640966,0.003728472019,0.01225934377,0.1605152994,0.1590380708,0.1998226988,0.4273862692
rotation_sigma0.0025,rotation,0.0025,topology_pair,crop__to__remesh,nicp_p2tri,45,0.02233655977,0.002654807226,0.1188547947,0.01698883934,0.01838139849,0.02030087721,0.02222150986,0.02424994218,0.02596080573,0.02950569231,0.00394906497,0.01251685297,0.1678363749,0.1684474688,0.2040200021,0.3935559559
rotation_sigma0.0025,rotation,0.0025,topology_pair,crop__to__up60k,latent_distance,45,0.4766292181,0.08915672541,0.1870567771,0.3074377477,0.3637066364,0.4042484164,0.4642293155,0.5552998185,0.6133943439,0.7018386126,0.1510514021,0.3944008648,5.963167303,6.731574413,7.050346982,7.383367775
rotation_sigma0.0025,rotation,0.0025,topology_pair,crop__to__up60k,raw_chamfer,45,0.06009226679,0.01495123663,0.2488046703,0.03099048529,0.03595119227,0.04825118344,0.06287500903,0.0706904217,0.08116235006,0.08693111713,0.02243923826,0.05594063184,1,1,1,1
rotation_sigma0.0025,rotation,0.0025,topology_pair,crop__to__up60k,rigid_p2p,45,0.04200291222,0.01156478538,0.2753329416,0.02447530042,0.02586188221,0.03533535011,0.03923195698,0.04727171828,0.05933975271,0.08193788974,0.01193636817,0.05746258931,0.7735002569,0.5319417723,1.027206655,0.623967417
rotation_sigma0.0025,rotation,0.0025,topology_pair,crop__to__up60k,nicp_p2p,45,0.0248732927,0.002318978549,0.0932316673,0.01979059699,0.02166258328,0.02338210495,0.02475938179,0.0260893681,0.02863228461,0.03169550851,0.00270726315,0.01190491153,0.1551027923,0.1206486209,0.2128133189,0.3937873278
rotation_sigma0.0025,rotation,0.0025,topology_pair,crop__to__up60k,nicp_p2tri,45,0.02301008506,0.002397490799,0.1041930437,0.01794382267,0.01951450949,0.02141570504,0.02280489032,0.02428583027,0.02679638298,0.03003274951,0.002870125232,0.01208892683,0.1603540134,0.1279065358,0.2161027939,0.3627019809
rotation_sigma0.0025,rotation,0.0025,topology_pair,down8k__to__crop,latent_distance,45,0.4789291624,0.1062850223,0.2219222186,0.1999500245,0.330959183,0.4189332426,0.4714304507,0.5436375737,0.6403930068,0.6837842464,0.1247043312,0.483834222,5.667625198,3.887227518,6.557253436,6.503671948
rotation_sigma0.0025,rotation,0.0025,topology_pair,down8k__to__crop,raw_chamfer,45,0.07223751118,0.01875300828,0.2596020817,0.03719565196,0.04712030037,0.05524831456,0.07248681275,0.08732884769,0.1005346079,0.1109817618,0.03208053313,0.07378610979,1,1,1,1
rotation_sigma0.0025,rotation,0.0025,topology_pair,down8k__to__crop,rigid_p2p,45,0.0375695936,0.007036031364,0.1872799434,0.02543555172,0.02841299947,0.03154614944,0.03784563329,0.04107757308,0.05128930403,0.05839629061,0.00953142364,0.03296073889,0.3751948092,0.2971092657,0.4467065548,0.5221037021
rotation_sigma0.0025,rotation,0.0025,topology_pair,down8k__to__crop,nicp_p2p,45,0.02845542335,0.002627753968,0.09234633184,0.02217753314,0.02462864152,0.02624566552,0.02859265459,0.03034076245,0.03261326594,0.03417945817,0.004095096932,0.01200192503,0.1401243965,0.1276505261,0.1626583251,0.3944531909
rotation_sigma0.0025,rotation,0.0025,topology_pair,down8k__to__crop,nicp_p2tri,45,0.02675700206,0.002745866132,0.1026223389,0.02027812757,0.02270711543,0.02431485099,0.02683437161,0.02869944578,0.03110466461,0.03275449004,0.004384594783,0.01247636246,0.1464227015,0.1366746234,0.1690882268,0.3701965998
rotation_sigma0.0025,rotation,0.0025,topology_pair,down8k__to__noisy,latent_distance,45,0.4357648585,0.1059267278,0.2430823086,0.2285706699,0.2602198005,0.3450299799,0.4381233156,0.504773736,0.5995426536,0.6782085896,0.1597437561,0.4496379197,14.31677493,15.23454724,14.63201947,11.33351616
rotation_sigma0.0025,rotation,0.0025,topology_pair,down8k__to__noisy,raw_chamfer,45,0.03782463757,0.007398784177,0.1956075366,0.02501720264,0.0269559837,0.03193198005,0.03865731601,0.04241760548,0.04858984716,0.05574692663,0.01048562544,0.03072972399,1,1,1,1
rotation_sigma0.0025,rotation,0.0025,topology_pair,down8k__to__noisy,rigid_p2p,45,0.02619804188,0.004420365957,0.1687288683,0.01973893246,0.02072476014,0.02311089061,0.02516160037,0.02828220449,0.03503835628,0.03822433985,0.005171313873,0.01848540739,0.5974449114,0.4931812513,0.6015481103,0.6508884467
rotation_sigma0.0025,rotation,0.0025,topology_pair,down8k__to__noisy,nicp_p2p,45,0.02274730091,0.001871185189,0.08225965782,0.01943945231,0.01957456142,0.02156965831,0.02246177413,0.02402539954,0.02577520188,0.02765446859,0.002455741235,0.00821501628,0.2529044157,0.2342007399,0.2673312746,0.5810484651
rotation_sigma0.0025,rotation,0.0025,topology_pair,down8k__to__noisy,nicp_p2tri,45,0.02048161747,0.002079086361,0.1015098717,0.01667300008,0.01681885414,0.0191599689,0.02024789897,0.02184426488,0.0238074619,0.02589184742,0.002684295983,0.009218847339,0.2810037854,0.2559976989,0.2999977267,0.5237792236
rotation_sigma0.0025,rotation,0.0025,topology_pair,down8k__to__original,latent_distance,45,0.4416980224,0.1076004858,0.2436064468,0.2359883934,0.2517691433,0.3618602157,0.4413714409,0.5138803124,0.6047313333,0.6919612885,0.1520200968,0.455972895,12.34086087,12.730655,12.62120044,10.45803451
rotation_sigma0.0025,rotation,0.0025,topology_pair,down8k__to__original,raw_chamfer,45,0.04164440738,0.008719042124,0.2093688606,0.02672220489,0.02752600491,0.03616503353,0.04220405283,0.04810629631,0.05491297299,0.06284974261,0.01194126278,0.03612753772,1,1,1,1
rotation_sigma0.0025,rotation,0.0025,topology_pair,down8k__to__original,rigid_p2p,45,0.02763748521,0.005250935189,0.1899932338,0.01943062513,0.02013219897,0.02392190921,0.02679450078,0.03044273556,0.03749590804,0.04102216311,0.006520826347,0.02159153798,0.6022376214,0.5460751066,0.5976476489,0.6348798038
rotation_sigma0.0025,rotation,0.0025,topology_pair,down8k__to__original,nicp_p2p,45,0.02308529643,0.002294838986,0.09940695338,0.01887622217,0.01912746096,0.02192286846,0.02295878127,0.02447813021,0.02657918622,0.02965610728,0.002555261752,0.01077988511,0.2631985204,0.2139858907,0.2983841631,0.5439947051
rotation_sigma0.0025,rotation,0.0025,topology_pair,down8k__to__original,nicp_p2tri,45,0.02103475975,0.002442852479,0.1161340804,0.01643134748,0.01680725163,0.020010706,0.02082352251,0.02239535013,0.02457076001,0.02799559808,0.002384644136,0.01156425059,0.2801744096,0.1996978192,0.3200951773,0.4934010151
rotation_sigma0.0025,rotation,0.0025,topology_pair,down8k__to__remesh,latent_distance,45,0.4290471103,0.08871682597,0.2067764211,0.2739227116,0.2824211121,0.3707491159,0.4373090565,0.4925278127,0.5468760133,0.6198022962,0.1217786968,0.3458795846,14.22604222,12.46063404,14.23332021,11.20330908
rotation_sigma0.0025,rotation,0.0025,topology_pair,down8k__to__remesh,raw_chamfer,45,0.03893827609,0.006236226813,0.160156726,0.0280360406,0.02942921493,0.03327154616,0.03903391875,0.04304462002,0.05086172722,0.05233673639,0.009773073856,0.02430069579,1,1,1,1
rotation_sigma0.0025,rotation,0.0025,topology_pair,down8k__to__remesh,rigid_p2p,45,0.02890611521,0.005651201755,0.1955019453,0.02131313768,0.02250539644,0.02452702699,0.02742647812,0.03089911749,0.03996696743,0.04569156231,0.006372090502,0.02437842463,0.9061892589,0.6520047424,1.003198626,0.7026319417
rotation_sigma0.0025,rotation,0.0025,topology_pair,down8k__to__remesh,nicp_p2p,45,0.02311178959,0.001882781504,0.08146411583,0.01955190935,0.02044755036,0.02194502599,0.0229425749,0.02440304412,0.02650798561,0.02793282965,0.00245801813,0.008380920306,0.3019103635,0.2515092147,0.3448839646,0.5877599696
rotation_sigma0.0025,rotation,0.0025,topology_pair,down8k__to__remesh,nicp_p2tri,45,0.02104746034,0.002017852835,0.09587155897,0.01729781604,0.01815503312,0.01970511839,0.02074105046,0.02243280751,0.02465415777,0.0261456065,0.002727689128,0.008847790464,0.3235695069,0.2791024778,0.3640961781,0.5313596772
rotation_sigma0.0025,rotation,0.0025,topology_pair,down8k__to__up60k,latent_distance,45,0.4191283319,0.1040590455,0.2482749019,0.2303056419,0.2578012288,0.3426566422,0.4082777202,0.4962945879,0.5631458998,0.6721529961,0.1536379457,0.4418473542,15.45561563,14.08509916,15.24976002,12.10028768
rotation_sigma0.0025,rotation,0.0025,topology_pair,down8k__to__up60k,raw_chamfer,45,0.03450873235,0.006732766135,0.1951032587,0.02217259444,0.02499093427,0.02915265635,0.03374115814,0.04006049192,0.04595918674,0.05114664738,0.01090783557,0.02897405294,1,1,1,1
rotation_sigma0.0025,rotation,0.0025,topology_pair,down8k__to__up60k,rigid_p2p,45,0.02695990659,0.005217295974,0.1935205508,0.01901503789,0.02007877652,0.02338729255,0.02519964093,0.02914234393,0.03744658047,0.04011891375,0.005755051382,0.02110387586,0.7749112133,0.5276070898,0.7283715505,0.7468516886
rotation_sigma0.0025,rotation,0.0025,topology_pair,down8k__to__up60k,nicp_p2p,45,0.02275681471,0.002427278447,0.1066616079,0.01867010974,0.01894103394,0.02151037014,0.0225814103,0.02409278743,0.02637345488,0.02990878395,0.002582417292,0.01123867421,0.3605172672,0.2367488284,0.3878875433,0.6692541557
rotation_sigma0.0025,rotation,0.0025,topology_pair,down8k__to__up60k,nicp_p2tri,45,0.02062964919,0.002596027504,0.125839634,0.016104206,0.01652624919,0.01937007915,0.02052887098,0.02193776507,0.02438287453,0.02824580233,0.002567685916,0.01214159633,0.3855811195,0.2353982969,0.4190506711,0.6084222389
rotation_sigma0.0025,rotation,0.0025,topology_pair,noisy__to__crop,latent_distance,45,0.4716136959,0.1010712183,0.2143093366,0.2005032599,0.3332680821,0.4069414735,0.4670771658,0.5510718822,0.6342710614,0.6444322467,0.1441304088,0.4439289868,6.088147523,5.059976124,7.263054125,8.700835319
rotation_sigma0.0025,rotation,0.0025,topology_pair,noisy__to__crop,raw_chamfer,45,0.05688103114,0.01660130901,0.2918601979,0.0277154619,0.03565040258,0.04263941415,0.05368187636,0.07112381907,0.08173184594,0.08883699275,0.02848440491,0.06112153085,1,1,1,1
rotation_sigma0.0025,rotation,0.0025,topology_pair,noisy__to__crop,rigid_p2p,45,0.03517409473,0.006756139073,0.1920771274,0.02405629778,0.02754468891,0.03002823986,0.03415005348,0.03880298508,0.04737764711,0.05495495203,0.008774745222,0.03089865425,0.4069642382,0.3080543634,0.5055281474,0.636156107
rotation_sigma0.0025,rotation,0.0025,topology_pair,noisy__to__crop,nicp_p2p,45,0.027486426,0.00248396633,0.0903706553,0.02188019541,0.02377487829,0.02571560108,0.02762860572,0.0291853027,0.03129161032,0.03299887366,0.003469701621,0.01111867824,0.1496247271,0.1218105708,0.1819109909,0.5146728765
rotation_sigma0.0025,rotation,0.0025,topology_pair,noisy__to__crop,nicp_p2tri,45,0.02579437703,0.002613187828,0.1013084295,0.01985238076,0.02199701878,0.02382841865,0.02575270509,0.02754581252,0.02971436261,0.03141361117,0.003717393868,0.01156123041,0.1574085409,0.1305062851,0.189151519,0.47972811
rotation_sigma0.0025,rotation,0.0025,topology_pair,noisy__to__down8k,latent_distance,45,0.4227398465,0.09973368974,0.2359221412,0.2442051768,0.2799570858,0.3364417851,0.4295464456,0.4951018095,0.5793265581,0.662024498,0.1586600244,0.4178193212,13.4567941,20.69973792,12.94021463,13.62098253
rotation_sigma0.0025,rotation,0.0025,topology_pair,noisy__to__down8k,raw_chamfer,45,0.03322660628,0.007411400445,0.2230561972,0.02236616909,0.02451734276,0.02814884257,0.03153564323,0.03581367509,0.0496878481,0.05465460735,0.007664832523,0.03228843825,1,1,1,1
rotation_sigma0.0025,rotation,0.0025,topology_pair,noisy__to__down8k,rigid_p2p,45,0.02777230876,0.00602637135,0.216992091,0.02074741623,0.02159211168,0.0235798158,0.02630519777,0.02996208689,0.03988914348,0.04777600156,0.006382271083,0.02702858533,0.8131218108,0.8326693458,0.8370979457,0.8341417863
rotation_sigma0.0025,rotation,0.0025,topology_pair,noisy__to__down8k,nicp_p2p,45,0.02200338207,0.001540056105,0.06999179034,0.01940726465,0.02004160586,0.02092766396,0.0217489398,0.02302781113,0.02478640398,0.02576429624,0.002100147174,0.006357031595,0.2077955598,0.2739977903,0.1968825976,0.6896621591
rotation_sigma0.0025,rotation,0.0025,topology_pair,noisy__to__down8k,nicp_p2tri,45,0.02004715492,0.001647851295,0.08219876094,0.01717970883,0.01789913275,0.01888796085,0.01982065729,0.02115150825,0.02285613281,0.02420232064,0.002263547395,0.007022611804,0.2223400702,0.2953159627,0.2174961746,0.6285160301
rotation_sigma0.0025,rotation,0.0025,topology_pair,noisy__to__original,latent_distance,45,0.4249223573,0.1087938914,0.2560324009,0.2222665399,0.2523642182,0.351721108,0.4308939874,0.4991950393,0.5917177677,0.6633239388,0.1474739313,0.4410573989,18.65285302,15.40407466,19.32697367,13.46607876
rotation_sigma0.0025,rotation,0.0025,topology_pair,noisy__to__original,raw_chamfer,45,0.03174922756,0.005832560374,0.1837071583,0.02145915043,0.02387435467,0.02614131264,0.03199847522,0.03571500885,0.04055535709,0.04427997104,0.009573696217,0.0228208206,1,1,1,1
rotation_sigma0.0025,rotation,0.0025,topology_pair,noisy__to__original,rigid_p2p,45,0.02777309327,0.005401767065,0.1944964146,0.02147704581,0.02230225402,0.02373729632,0.02610670725,0.02983184337,0.03908026007,0.04467601022,0.006094547049,0.0231989644,0.9261399315,0.6365929012,1.016570123,0.8158734775
rotation_sigma0.0025,rotation,0.0025,topology_pair,noisy__to__original,nicp_p2p,45,0.0228809333,0.00195111279,0.08527243031,0.01956233085,0.01998207224,0.02157155703,0.02256603144,0.02369463982,0.02625682886,0.02853125471,0.002123082794,0.008968923856,0.3345208048,0.2217620808,0.3930149582,0.7052220859
rotation_sigma0.0025,rotation,0.0025,topology_pair,noisy__to__original,nicp_p2tri,45,0.0209229256,0.002056208085,0.09827536184,0.01750751837,0.01772433005,0.01952044356,0.02048477552,0.02168629707,0.02460367509,0.02676341887,0.002165853512,0.009255900493,0.3525395286,0.2262296049,0.4055901694,0.6401797393
rotation_sigma0.0025,rotation,0.0025,topology_pair,noisy__to__remesh,latent_distance,45,0.4402520749,0.08947019959,0.2032249356,0.2795525491,0.3011935532,0.3631520271,0.4409005344,0.5060056448,0.5682877779,0.6715849638,0.1428536177,0.3920324147,14.32340071,17.80436232,15.11503045,13.25640118
rotation_sigma0.0025,rotation,0.0025,topology_pair,noisy__to__remesh,raw_chamfer,45,0.03459176828,0.006246435562,0.1805757807,0.02647076444,0.02772983248,0.0298948236,0.03325944412,0.03791834138,0.04612984999,0.05240735888,0.00802351778,0.02593659444,1,1,1,1
rotation_sigma0.0025,rotation,0.0025,topology_pair,noisy__to__remesh,rigid_p2p,45,0.0283873061,0.00578702979,0.2038597734,0.02100455371,0.021733002,0.02415234618,0.02685104577,0.03019270728,0.04107161077,0.04584786104,0.006040361105,0.02484330732,0.926453132,0.752832021,0.9578476998,0.8073209424
rotation_sigma0.0025,rotation,0.0025,topology_pair,noisy__to__remesh,nicp_p2p,45,0.0230593584,0.001628229843,0.07061037062,0.0197649731,0.02041795745,0.0222181374,0.02308558557,0.02386790643,0.02565797161,0.02777721896,0.001649769021,0.008012245868,0.260665435,0.2056166717,0.3089166501,0.694106176
rotation_sigma0.0025,rotation,0.0025,topology_pair,noisy__to__remesh,nicp_p2tri,45,0.02116507901,0.001723001218,0.08140773854,0.0176618399,0.01830669888,0.02017087228,0.02121654539,0.0221076059,0.02379916786,0.02603352972,0.001936733624,0.008371689824,0.2758375078,0.2413821066,0.3227752142,0.6379104027
rotation_sigma0.0025,rotation,0.0025,topology_pair,noisy__to__up60k,latent_distance,45,0.433989754,0.1004709767,0.2315054117,0.2641660869,0.2902622819,0.3491119146,0.4375928044,0.5101592541,0.595576179,0.6780083776,0.1610473394,0.4138422906,15.95584637,21.65679559,15.8586716,14.1710218
rotation_sigma0.0025,rotation,0.0025,topology_pair,noisy__to__up60k,raw_chamfer,45,0.03220848042,0.006296812739,0.1955017019,0.02266468629,0.02341038501,0.02738096488,0.03087941087,0.03481730692,0.04500885333,0.04876033296,0.007436342038,0.02609564666,1,1,1,1
rotation_sigma0.0025,rotation,0.0025,topology_pair,noisy__to__up60k,rigid_p2p,45,0.02768201922,0.005241916841,0.1893617947,0.02159962213,0.02224851009,0.02376425458,0.02605491256,0.02941530985,0.03835346306,0.04168985824,0.005651055265,0.02009023612,0.8324714515,0.7599240642,0.7698692573,0.8437632659
rotation_sigma0.0025,rotation,0.0025,topology_pair,noisy__to__up60k,nicp_p2p,45,0.02308299447,0.001908616992,0.08268498243,0.01962004287,0.02047533595,0.02167721007,0.02285645792,0.02408858941,0.02648675675,0.02791640868,0.002411379338,0.008296365815,0.303108425,0.3242695569,0.3179214496,0.7401843907
rotation_sigma0.0025,rotation,0.0025,topology_pair,noisy__to__up60k,nicp_p2tri,45,0.02118121438,0.002011924117,0.09498624967,0.01761228373,0.01841744688,0.01984290281,0.02090619918,0.02231255841,0.02489932712,0.02627698444,0.002469655596,0.008664700705,0.3195146815,0.3321062403,0.3320362517,0.6770271386
rotation_sigma0.0025,rotation,0.0025,topology_pair,original__to__crop,latent_distance,45,0.4718421118,0.09973234256,0.2113680404,0.2249394506,0.3437873542,0.3956902623,0.4705488384,0.5597214103,0.631195724,0.6516316533,0.164031148,0.4266922027,6.064891639,5.981028395,6.886278812,8.868877618
rotation_sigma0.0025,rotation,0.0025,topology_pair,original__to__crop,raw_chamfer,45,0.05607496483,0.01644420849,0.2932540134,0.02763594727,0.03367432341,0.04256774765,0.05305618801,0.06999298912,0.08023602644,0.08959861453,0.02742524147,0.06196266726,1,1,1,1
rotation_sigma0.0025,rotation,0.0025,topology_pair,original__to__crop,rigid_p2p,45,0.03472500518,0.007211924418,0.2076867773,0.02329220191,0.02616309478,0.02869446379,0.03323231744,0.03768142616,0.04741577588,0.05261320491,0.008986962375,0.029321003,0.4385692643,0.327689453,0.473204339,0.6263608202
rotation_sigma0.0025,rotation,0.0025,topology_pair,original__to__crop,nicp_p2p,45,0.02661701946,0.002522819365,0.09478218883,0.02130708223,0.02307306894,0.02448811115,0.02690228267,0.02819753603,0.03061132665,0.03241326125,0.003709424872,0.01110617902,0.1534168924,0.1352558692,0.1792398474,0.5070526866
rotation_sigma0.0025,rotation,0.0025,topology_pair,original__to__crop,nicp_p2tri,45,0.02479452994,0.002678768087,0.108038672,0.01917962565,0.02117863229,0.02271022279,0.02505853804,0.02648840691,0.02914101872,0.03083619716,0.003778184124,0.01165657151,0.1629003968,0.1377630213,0.1881224942,0.472301893
rotation_sigma0.0025,rotation,0.0025,topology_pair,original__to__down8k,latent_distance,45,0.432411976,0.09957077436,0.2302683087,0.245770961,0.2887829542,0.3542375863,0.4253826439,0.4951682091,0.5994423509,0.6660815477,0.1409306228,0.4203105867,11.39761027,13.91131888,11.34399931,12.72109608
rotation_sigma0.0025,rotation,0.0025,topology_pair,original__to__down8k,raw_chamfer,45,0.03548033673,0.008736109762,0.2462239812,0.02322936579,0.02527905816,0.02903693326,0.03343915032,0.03916757753,0.05369373527,0.06028072443,0.01013064426,0.03705135864,1,1,1,1
rotation_sigma0.0025,rotation,0.0025,topology_pair,original__to__down8k,rigid_p2p,45,0.02812156468,0.00652523649,0.2320367506,0.02046605208,0.02105906952,0.02364289207,0.02619847354,0.03040980929,0.04107368986,0.05107190918,0.006766917216,0.0306058571,0.7469270268,0.6679651402,0.8260387264,0.7834670824
rotation_sigma0.0025,rotation,0.0025,topology_pair,original__to__down8k,nicp_p2p,45,0.02118605557,0.001601516842,0.07559296903,0.01853523118,0.0190518604,0.02008795732,0.02092396812,0.02193415437,0.02404625088,0.02602171782,0.001846197058,0.007486486646,0.1833215111,0.1822388596,0.2020570074,0.6257326494
rotation_sigma0.0025,rotation,0.0025,topology_pair,original__to__down8k,nicp_p2tri,45,0.01911472016,0.001732948867,0.09066043617,0.016276557,0.01675888301,0.01785750022,0.01897414864,0.01989255125,0.02209554426,0.02453494283,0.002035051029,0.008258385831,0.1983661966,0.2008807117,0.2228902295,0.5674231689
rotation_sigma0.0025,rotation,0.0025,topology_pair,original__to__noisy,latent_distance,45,0.4286354694,0.1059404519,0.2471574554,0.2458782196,0.2589473367,0.3419501781,0.4314212501,0.4997265041,0.6128785014,0.6486259103,0.1577763259,0.4027476907,18.59296641,21.91404376,15.49999676,14.46977717
rotation_sigma0.0025,rotation,0.0025,topology_pair,original__to__noisy,raw_chamfer,45,0.03059900916,0.005697877874,0.1862111889,0.02221237928,0.02356707742,0.02625871875,0.02981533476,0.03345850021,0.04082208136,0.04819610668,0.007199781459,0.02598372741,1,1,1,1
rotation_sigma0.0025,rotation,0.0025,topology_pair,original__to__noisy,rigid_p2p,45,0.02560458219,0.00524629138,0.2048965822,0.01914395326,0.02018431025,0.02205747026,0.02446548079,0.02700297828,0.03650801539,0.04465894268,0.00494550802,0.02551498942,0.9207447924,0.6868969632,0.9819603254,0.8205670333
rotation_sigma0.0025,rotation,0.0025,topology_pair,original__to__noisy,nicp_p2p,45,0.02165746779,0.001651480259,0.07625454072,0.01879855079,0.01903543324,0.02062581417,0.02177557669,0.02274872851,0.02478620593,0.02580111953,0.002122914345,0.00700256874,0.2898412875,0.2948581644,0.2694982375,0.7303482207
rotation_sigma0.0025,rotation,0.0025,topology_pair,original__to__noisy,nicp_p2tri,45,0.01934279757,0.001779636882,0.09200514434,0.01622903069,0.01645240684,0.01801946275,0.0194110454,0.02046116392,0.02284995251,0.02351521807,0.002441701172,0.007286187381,0.3123332794,0.3391354565,0.2804134783,0.6510423429
rotation_sigma0.0025,rotation,0.0025,topology_pair,original__to__remesh,latent_distance,45,0.4535252631,0.09085857438,0.2003385076,0.2820388675,0.3264983714,0.3714390695,0.4548664093,0.52448982,0.5845004082,0.6840603352,0.1530507505,0.4020214677,12.73735601,18.04796349,13.04083344,13.44130696
rotation_sigma0.0025,rotation,0.0025,topology_pair,original__to__remesh,raw_chamfer,45,0.03580034545,0.007133236622,0.199250497,0.02640976335,0.02754590022,0.03091479455,0.03384093604,0.03939501729,0.05048711094,0.05723766016,0.008480222745,0.03082789681,1,1,1,1
rotation_sigma0.0025,rotation,0.0025,topology_pair,original__to__remesh,rigid_p2p,45,0.02753302144,0.006314905437,0.2293575172,0.01914407278,0.02009303959,0.02308580086,0.02605906473,0.029949781,0.03943934621,0.04936182922,0.006863980139,0.03021775643,0.8852791196,0.8094103593,0.9802081738,0.7700456246
rotation_sigma0.0025,rotation,0.0025,topology_pair,original__to__remesh,nicp_p2p,45,0.02189121218,0.001711304235,0.07817311442,0.01848240261,0.01883901284,0.02113979046,0.02203831916,0.02305051547,0.02491979829,0.02544505738,0.001910725012,0.006962654762,0.2399057153,0.2253154273,0.2258556529,0.6512325525
rotation_sigma0.0025,rotation,0.0025,topology_pair,original__to__remesh,nicp_p2tri,45,0.01987272312,0.001835903544,0.09238308879,0.01610202425,0.01671055535,0.01919444453,0.02001519835,0.0211424124,0.0230917839,0.02371259358,0.001947967871,0.007610569329,0.2573731451,0.2297071586,0.2468728041,0.5914493122
rotation_sigma0.0025,rotation,0.0025,topology_pair,original__to__up60k,latent_distance,45,0.4444881678,0.09972892713,0.2243680133,0.2666614652,0.3056579411,0.3637217879,0.4365694821,0.5243771672,0.5992406607,0.6820405126,0.1606553793,0.4153790474,13.43667164,18.49825046,13.69192762,13.41985263
rotation_sigma0.0025,rotation,0.0025,topology_pair,original__to__up60k,raw_chamfer,45,0.03374574092,0.007422145138,0.2199431672,0.02282096396,0.02407525683,0.02841094602,0.03253161522,0.03709584191,0.04923540293,0.05315847808,0.008684895885,0.03033751412,1,1,1,1
rotation_sigma0.0025,rotation,0.0025,topology_pair,original__to__up60k,rigid_p2p,45,0.02698403111,0.005439273718,0.2015738011,0.02029191801,0.02096616679,0.02310418291,0.02569613596,0.02967014863,0.03708332667,0.04706193694,0.006565965723,0.02677001893,0.7328438904,0.7560212362,0.8824064761,0.7898819591
rotation_sigma0.0025,rotation,0.0025,topology_pair,original__to__up60k,nicp_p2p,45,0.02195078325,0.001927844886,0.08782579025,0.01859396083,0.01885969212,0.02071701878,0.02180034696,0.02309959683,0.02511445429,0.02742780228,0.002382578052,0.008833841454,0.259742278,0.274335822,0.2911854089,0.6701280219
rotation_sigma0.0025,rotation,0.0025,topology_pair,original__to__up60k,nicp_p2tri,45,0.01993243479,0.002033839181,0.1020366655,0.01641149137,0.01666568552,0.01866266412,0.01982458202,0.02096728049,0.02324268181,0.02552862937,0.002304616369,0.009117138002,0.2740230949,0.2653591245,0.3005235685,0.609394335
rotation_sigma0.0025,rotation,0.0025,topology_pair,remesh__to__crop,latent_distance,45,0.4923357666,0.1061286545,0.2155615369,0.2003052831,0.3325386345,0.4186905921,0.4833049774,0.5806261301,0.6713763714,0.6907895803,0.1619355381,0.4904842973,5.945526693,6.477543246,6.844677822,7.885695265
rotation_sigma0.0025,rotation,0.0025,topology_pair,remesh__to__crop,raw_chamfer,45,0.0616566932,0.01785016871,0.2895090181,0.02809145217,0.03861283919,0.04662868249,0.06128882251,0.07162821269,0.08999972772,0.09975067559,0.02499953021,0.07165922342,1,1,1,1
rotation_sigma0.0025,rotation,0.0025,topology_pair,remesh__to__crop,rigid_p2p,45,0.03476942474,0.007158097909,0.2058733489,0.02584966885,0.02617462238,0.02954943873,0.03375899037,0.03671561064,0.04948428526,0.05658157445,0.007166171906,0.0307319056,0.4010100984,0.2866522629,0.4288618287,0.5508180609
rotation_sigma0.0025,rotation,0.0025,topology_pair,remesh__to__crop,nicp_p2p,45,0.02788387149,0.00265978883,0.09538807518,0.02172941055,0.02384152127,0.02609697749,0.0276669499,0.02933606119,0.03179461052,0.03479025606,0.003239083706,0.01306084551,0.1490063693,0.129565783,0.1822632857,0.4514191784
rotation_sigma0.0025,rotation,0.0025,topology_pair,remesh__to__crop,nicp_p2tri,45,0.02602510994,0.002794942346,0.1073940649,0.01961518496,0.02167045516,0.02421401928,0.02576951759,0.02742091514,0.03023707094,0.0331887943,0.003206895859,0.01357360934,0.1565779233,0.1282782449,0.1894188729,0.4204603146
rotation_sigma0.0025,rotation,0.0025,topology_pair,remesh__to__down8k,latent_distance,45,0.4164636089,0.1055242209,0.2533816128,0.2039155662,0.2700593233,0.3459750712,0.4202616215,0.4865483642,0.5844662547,0.6252521276,0.140573293,0.4213365614,16.11328513,16.31526785,13.70922579,11.3292951
rotation_sigma0.0025,rotation,0.0025,topology_pair,remesh__to__down8k,raw_chamfer,45,0.03771862181,0.006548895525,0.173624995,0.02847815843,0.02963565435,0.03253634571,0.03709512532,0.04115240364,0.04986979099,0.05921195536,0.00861605793,0.03073379693,1,1,1,1
rotation_sigma0.0025,rotation,0.0025,topology_pair,remesh__to__down8k,rigid_p2p,45,0.0312249571,0.00702045156,0.2248346263,0.0221654266,0.02378841606,0.0266344287,0.02866075505,0.03498553532,0.04458402175,0.05454501354,0.008351106621,0.03237958694,1.07200543,0.9692491264,1.053549843,0.7726286083
rotation_sigma0.0025,rotation,0.0025,topology_pair,remesh__to__down8k,nicp_p2p,45,0.02247817878,0.00180067701,0.08010778045,0.01966365376,0.01996054615,0.02111497862,0.02233107665,0.02366032052,0.02568127055,0.0272655233,0.002545341905,0.007601869538,0.2749588848,0.2954183834,0.2473456032,0.6019949107
rotation_sigma0.0025,rotation,0.0025,topology_pair,remesh__to__down8k,nicp_p2tri,45,0.02040091218,0.001944047104,0.0952921657,0.01723107368,0.01776463726,0.01868225021,0.02026722604,0.02168992046,0.02374778654,0.02569198827,0.003007670253,0.008460914598,0.2968511402,0.3490773017,0.2752967561,0.5463582039
rotation_sigma0.0025,rotation,0.0025,topology_pair,remesh__to__noisy,latent_distance,45,0.441697068,0.1110219753,0.2513532086,0.1983840764,0.2655718327,0.3743027449,0.4399191737,0.5064778924,0.6256634235,0.6779034734,0.1321751475,0.479519397,17.77615635,13.23066366,18.05126101,12.69082433
rotation_sigma0.0025,rotation,0.0025,topology_pair,remesh__to__noisy,raw_chamfer,45,0.03648568994,0.006245555739,0.1711782277,0.0273803102,0.02878045515,0.03174790985,0.0346643498,0.04173797164,0.04683564314,0.05394462594,0.00999006179,0.02656431574,1,1,1,1
rotation_sigma0.0025,rotation,0.0025,topology_pair,remesh__to__noisy,rigid_p2p,45,0.02816639228,0.005324120813,0.1890238821,0.02121120559,0.0224512593,0.02479317641,0.0268183782,0.03025142428,0.03986296933,0.04633111162,0.005458247869,0.02511990603,0.8524655028,0.5463677787,0.9456259394,0.7736587692
rotation_sigma0.0025,rotation,0.0025,topology_pair,remesh__to__noisy,nicp_p2p,45,0.02314370231,0.001707050173,0.07375873356,0.01937231795,0.02066001271,0.02210724212,0.02323650761,0.02399509817,0.02567653796,0.02815761439,0.001887856052,0.008785296439,0.2733223822,0.1889734109,0.3307179648,0.6703286731
rotation_sigma0.0025,rotation,0.0025,topology_pair,remesh__to__noisy,nicp_p2tri,45,0.02089248955,0.001825742828,0.087387519,0.01687356561,0.01833513089,0.01987230545,0.02099420416,0.0218385028,0.02382435189,0.0261944499,0.001966197348,0.009320884286,0.2923267207,0.196815334,0.3508798938,0.6056425199
rotation_sigma0.0025,rotation,0.0025,topology_pair,remesh__to__original,latent_distance,45,0.4494551493,0.1126340109,0.2506012248,0.1962977499,0.2668533564,0.3833943009,0.4564965367,0.5179637074,0.6404554486,0.6777735353,0.1345694065,0.4814757854,15.56415044,11.13344445,17.44162096,12.31041023
rotation_sigma0.0025,rotation,0.0025,topology_pair,remesh__to__original,raw_chamfer,45,0.03839267728,0.007236759327,0.188493219,0.02690999481,0.02936040319,0.03244145841,0.03708215473,0.04452841023,0.05179113744,0.05451498557,0.01208695181,0.02760499076,1,1,1,1
rotation_sigma0.0025,rotation,0.0025,topology_pair,remesh__to__original,rigid_p2p,45,0.02942570995,0.00614644041,0.2088799359,0.02177444674,0.0229059443,0.02507307374,0.02818228514,0.03193606527,0.04240246871,0.05030546472,0.006862991529,0.02853101798,0.8493360262,0.5678016787,1.033545645,0.7599958887
rotation_sigma0.0025,rotation,0.0025,topology_pair,remesh__to__original,nicp_p2p,45,0.02316210534,0.001954283505,0.08437417394,0.01907292578,0.02044434664,0.02199917224,0.02294462628,0.02404905659,0.02701172212,0.0290746229,0.002049884351,0.01000169712,0.2700495369,0.1695948146,0.362314815,0.6187511607
rotation_sigma0.0025,rotation,0.0025,topology_pair,remesh__to__original,nicp_p2tri,45,0.02111901272,0.002073426945,0.09817821375,0.01683910317,0.01803035832,0.01986023453,0.02101840632,0.022147553,0.02539966647,0.02732768795,0.002287318468,0.01048858478,0.2865131823,0.189238652,0.3799524831,0.5668064997
rotation_sigma0.0025,rotation,0.0025,topology_pair,remesh__to__up60k,latent_distance,45,0.4212454554,0.107711923,0.2556987181,0.2000517845,0.2737906635,0.3486436307,0.4257912338,0.4749097526,0.6019193053,0.6485776901,0.1262661219,0.4485259056,17.1680577,13.76625047,15.44133798,12.75411276
rotation_sigma0.0025,rotation,0.0025,topology_pair,remesh__to__up60k,raw_chamfer,45,0.03457733811,0.006273972562,0.1814475291,0.02532209917,0.02647088782,0.03022778208,0.03338462202,0.03939993263,0.04460203414,0.05436918733,0.009172150553,0.02904708816,1,1,1,1
rotation_sigma0.0025,rotation,0.0025,topology_pair,remesh__to__up60k,rigid_p2p,45,0.02912195305,0.005772607647,0.1982218581,0.02146480132,0.02272398755,0.0253256561,0.02790358137,0.03134806559,0.04105737678,0.04905338718,0.006022409486,0.02758858587,0.9200881243,0.6565973216,0.9497883477,0.8358213956
rotation_sigma0.0025,rotation,0.0025,topology_pair,remesh__to__up60k,nicp_p2p,45,0.02292101842,0.001866623299,0.08143718855,0.01886214081,0.02032450506,0.02175011086,0.02282541,0.02395561497,0.02629600865,0.02771692959,0.002205504103,0.008854788777,0.2975185626,0.2404565964,0.3048425622,0.6837103019
rotation_sigma0.0025,rotation,0.0025,topology_pair,remesh__to__up60k,nicp_p2tri,45,0.02085032794,0.00200092302,0.0959660215,0.01656889317,0.01794318721,0.01970362399,0.02094184304,0.02179303164,0.02444018942,0.02608933276,0.002089407646,0.009520439587,0.3189244135,0.2277991006,0.3277588286,0.6272901046
rotation_sigma0.0025,rotation,0.0025,topology_pair,up60k__to__crop,latent_distance,45,0.4808937576,0.101921995,0.2119428531,0.2067377567,0.3190827847,0.425799638,0.4860343635,0.5494685769,0.6393393755,0.665080905,0.1236689389,0.4583431482,5.578210482,3.954892392,6.235994803,7.321995687
rotation_sigma0.0025,rotation,0.0025,topology_pair,up60k__to__crop,raw_chamfer,45,0.06715401352,0.0182714502,0.2720827727,0.03138202071,0.0448307452,0.04989464949,0.06638003958,0.08116451138,0.09371834528,0.1048816247,0.03126986189,0.07349960395,1,1,1,1
rotation_sigma0.0025,rotation,0.0025,topology_pair,up60k__to__crop,rigid_p2p,45,0.03578540118,0.006892058997,0.1925941521,0.02465890932,0.02733383592,0.02992403389,0.03598975324,0.03978593473,0.04821867145,0.05385264041,0.009861900842,0.02919373109,0.3772037207,0.3153803773,0.3971957606,0.5421773393
rotation_sigma0.0025,rotation,0.0025,topology_pair,up60k__to__crop,nicp_p2p,45,0.02796985792,0.002718836052,0.09720593001,0.02278869076,0.02404201341,0.02593111208,0.02765103057,0.02969806062,0.03241544073,0.03438075546,0.003766948542,0.01159206471,0.1488024225,0.1204657876,0.157716016,0.4165564038
rotation_sigma0.0025,rotation,0.0025,topology_pair,up60k__to__crop,nicp_p2tri,45,0.02627350534,0.002859241381,0.1088260338,0.02079389528,0.02215237519,0.02392008323,0.02602861987,0.02810953136,0.03097597843,0.03284750155,0.004189448134,0.01205360627,0.1564868333,0.133977187,0.1639955268,0.3921151604
rotation_sigma0.0025,rotation,0.0025,topology_pair,up60k__to__down8k,latent_distance,45,0.404658046,0.1022232816,0.2526164563,0.2094724178,0.2459189892,0.3340368867,0.4035351276,0.4851805568,0.5415119052,0.6277474761,0.1511436701,0.4182750583,16.85938132,18.56030578,14.69656127,12.83704592
rotation_sigma0.0025,rotation,0.0025,topology_pair,up60k__to__down8k,raw_chamfer,45,0.03232216058,0.00606328783,0.1875891871,0.02283781865,0.02425282698,0.02736613953,0.0314352017,0.03550952208,0.04309084875,0.05129856199,0.008143382542,0.02846074334,1,1,1,1
rotation_sigma0.0025,rotation,0.0025,topology_pair,up60k__to__down8k,rigid_p2p,45,0.02731832237,0.006105532673,0.2234958864,0.02020532962,0.02083463517,0.02291588209,0.02524986026,0.03023405043,0.03882745218,0.04965252971,0.007318168345,0.0294472001,1.006967316,0.8986644441,1.03466026,0.8032351914
rotation_sigma0.0025,rotation,0.0025,topology_pair,up60k__to__down8k,nicp_p2p,45,0.02156272339,0.001738212676,0.08061192662,0.0186286084,0.01904610046,0.02020386222,0.02149623988,0.02254671457,0.02414922494,0.02651231519,0.002342852348,0.007883706786,0.2866782387,0.2877001462,0.2770028419,0.6838270067
rotation_sigma0.0025,rotation,0.0025,topology_pair,up60k__to__down8k,nicp_p2tri,45,0.0195239406,0.001875333798,0.0960530375,0.01628628163,0.01682336681,0.01796872255,0.01943565759,0.02070933119,0.0224057607,0.0247811859,0.002740608642,0.008494904265,0.3092932169,0.3365442588,0.2984779478,0.6182768531
rotation_sigma0.0025,rotation,0.0025,topology_pair,up60k__to__noisy,latent_distance,45,0.4334457215,0.1057395193,0.2439510049,0.2141673416,0.2525233269,0.3487704694,0.4351319373,0.51473701,0.5886890292,0.6597173214,0.1659665406,0.4455499798,16.17152626,15.40987559,17.00232537,12.79862558
rotation_sigma0.0025,rotation,0.0025,topology_pair,up60k__to__noisy,raw_chamfer,45,0.03516878237,0.006538623356,0.1859212323,0.02308668964,0.02566484699,0.02982278789,0.03399833321,0.04059292939,0.04674163325,0.04929192746,0.0107701415,0.02620523782,1,1,1,1
rotation_sigma0.0025,rotation,0.0025,topology_pair,up60k__to__noisy,rigid_p2p,45,0.02605802708,0.004641395614,0.1781176909,0.02028588286,0.02123514143,0.0228926416,0.02465845687,0.02772409113,0.03606310732,0.04160602591,0.004831449528,0.02132014306,0.7098429381,0.4485966623,0.8135832692,0.7252842872
rotation_sigma0.0025,rotation,0.0025,topology_pair,up60k__to__noisy,nicp_p2p,45,0.02258167914,0.001682225438,0.07449514393,0.01958002733,0.02019794681,0.02146094478,0.02247026916,0.02336481689,0.02537268031,0.02713012168,0.001903872108,0.007550094347,0.2572751703,0.176773175,0.2881139411,0.6609226699
rotation_sigma0.0025,rotation,0.0025,topology_pair,up60k__to__noisy,nicp_p2tri,45,0.02041241331,0.001854530352,0.09085306691,0.01695192631,0.0177177425,0.01921251716,0.0202667567,0.02129595112,0.02364148465,0.02547005803,0.00208343396,0.008518131715,0.2836270345,0.1934453657,0.3250545472,0.5961103025
rotation_sigma0.0025,rotation,0.0025,topology_pair,up60k__to__original,latent_distance,45,0.4402794815,0.1077099989,0.2446400602,0.2108214349,0.2525664747,0.3662658036,0.4489329159,0.5248559117,0.5959104538,0.6742236614,0.1585901082,0.4634022266,13.63973827,13.11147901,14.02284932,12.04813901
rotation_sigma0.0025,rotation,0.0025,topology_pair,up60k__to__original,raw_chamfer,45,0.03820592407,0.007896779007,0.20668991,0.02322611718,0.02603102256,0.03221597276,0.03726159828,0.04431148907,0.04901706846,0.05627234166,0.01209551631,0.03304622448,1,1,1,1
rotation_sigma0.0025,rotation,0.0025,topology_pair,up60k__to__original,rigid_p2p,45,0.02731709869,0.005338571438,0.1954296647,0.02065430995,0.021638139,0.02354800648,0.02594211073,0.02944383793,0.03821247947,0.04510484109,0.005895831448,0.02445053114,0.6760441736,0.4874394196,0.7398887929,0.6962157269
rotation_sigma0.0025,rotation,0.0025,topology_pair,up60k__to__original,nicp_p2p,45,0.02287728157,0.002094891458,0.09157082112,0.01905885006,0.01974015916,0.02164048035,0.02277028626,0.02387231135,0.02642108428,0.0286607607,0.002231830997,0.009601910635,0.2652842958,0.1845172161,0.2905599894,0.6110925808
rotation_sigma0.0025,rotation,0.0025,topology_pair,up60k__to__original,nicp_p2tri,45,0.02094063202,0.002220411991,0.1060336664,0.01687862785,0.0175299852,0.01959929593,0.02082355475,0.02182503103,0.02469183159,0.02710292589,0.002225735101,0.01022429804,0.2811794516,0.1840132364,0.3093938325,0.5588475994
rotation_sigma0.0025,rotation,0.0025,topology_pair,up60k__to__remesh,latent_distance,45,0.418269062,0.09028220398,0.2158471954,0.2632881105,0.2723059535,0.3543032408,0.4384640753,0.4864571691,0.5420855165,0.6060758233,0.1321539283,0.3427877128,14.12274073,13.83502731,12.42601053,12.87444775
rotation_sigma0.0025,rotation,0.0025,topology_pair,up60k__to__remesh,raw_chamfer,45,0.03520675572,0.006392682958,0.1815754626,0.02408717512,0.0268367202,0.03020581894,0.03405692298,0.03975794525,0.04498273191,0.05167347982,0.009552126303,0.02758630471,1,1,1,1
rotation_sigma0.0025,rotation,0.0025,topology_pair,up60k__to__remesh,rigid_p2p,45,0.02787424737,0.005651214887,0.2027396403,0.01943564846,0.02093503174,0.02375776761,0.02671494412,0.03019814096,0.03820533621,0.04529673832,0.006440373354,0.02586108986,0.8840130074,0.6742345264,0.9374611837,0.7844203699
rotation_sigma0.0025,rotation,0.0025,topology_pair,up60k__to__remesh,nicp_p2p,45,0.02272914753,0.001888307016,0.08307865543,0.01908589596,0.01959319128,0.02171880061,0.02269846647,0.02360941227,0.02556906649,0.02791755852,0.001890611665,0.008831662565,0.2953856821,0.1979257398,0.3201466329,0.6664861204
rotation_sigma0.0025,rotation,0.0025,topology_pair,up60k__to__remesh,nicp_p2tri,45,0.02076026775,0.002035176402,0.09803228103,0.01672553749,0.01726827694,0.01965791515,0.0208113009,0.02161831142,0.02383474578,0.02625283422,0.001960396269,0.009527296733,0.3183602903,0.2052314015,0.3453632821,0.6110740219
rotation_sigma0.0063,rotation,0.0063,overall,all,latent_distance,1350,0.4462207318,0.1040207586,0.2331150284,0.1916237921,0.2746872514,0.369843021,0.4444024712,0.5201771706,0.6237736613,0.7060338855,0.1503341496,0.5144100934,6.335953296,8.073739002,5.697432684,11.48406135
rotation_sigma0.0063,rotation,0.0063,overall,all,raw_chamfer,1350,0.04367290645,0.01641753872,0.3759204516,0.02146215981,0.02654094455,0.03170710632,0.03869732648,0.0503272462,0.07974014718,0.1117502109,0.01862013988,0.09028805113,1,1,1,1
rotation_sigma0.0063,rotation,0.0063,overall,all,rigid_p2p,1350,0.03151301832,0.008994353076,0.2854170611,0.01923924723,0.02195064183,0.02497477173,0.02883882564,0.03624401724,0.04891285292,0.08299927087,0.01126924551,0.06376002364,0.5478502734,0.605218091,0.7061845155,0.7452407768
rotation_sigma0.0063,rotation,0.0063,overall,all,nicp_p2p,1350,0.02380349515,0.002883850789,0.1211524094,0.01854558501,0.01984761833,0.02190884695,0.02320412056,0.02535451566,0.02946053485,0.03530483273,0.003445668715,0.01675924772,0.175656707,0.1850506353,0.1856197748,0.5996311032
rotation_sigma0.0063,rotation,0.0063,overall,all,nicp_p2tri,1350,0.0218136811,0.003059398903,0.1402513812,0.01607429243,0.0176725004,0.01977233537,0.02118139547,0.02344260407,0.02787621456,0.03385098126,0.003670268703,0.01777668883,0.1863494252,0.1971128427,0.1968886093,0.5473606939
rotation_sigma0.0063,rotation,0.0063,topology_pair,crop__to__down8k,latent_distance,45,0.4646546582,0.08994292363,0.1935694005,0.2826394141,0.3535904109,0.3918043077,0.4463787675,0.5453173518,0.5930027962,0.6875220537,0.1535130441,0.4048826396,5.837869427,6.235986562,7.063062955,6.662625238
rotation_sigma0.0063,rotation,0.0063,topology_pair,crop__to__down8k,raw_chamfer,45,0.06539618011,0.01540680633,0.2355918389,0.03627575862,0.03974571892,0.05240298709,0.06699742992,0.07702026979,0.08526349685,0.09359970465,0.0246172827,0.05732394603,1,1,1,1
rotation_sigma0.0063,rotation,0.0063,topology_pair,crop__to__down8k,rigid_p2p,45,0.04661233108,0.01251248069,0.2684371367,0.02660098797,0.02782892565,0.0408490876,0.04518941062,0.05278852919,0.06577500312,0.08299927087,0.01193944159,0.0563982829,0.812139805,0.4850024161,0.9838520689,0.6744946884
rotation_sigma0.0063,rotation,0.0063,topology_pair,crop__to__down8k,nicp_p2p,45,0.02514654697,0.002442408632,0.09712699857,0.01977830673,0.02141515738,0.02360081902,0.02498438287,0.02655887001,0.0293994605,0.03094855979,0.002958050995,0.01117025305,0.1585278986,0.1201615561,0.1948619003,0.3729155417
rotation_sigma0.0063,rotation,0.0063,topology_pair,crop__to__down8k,nicp_p2tri,45,0.02332675138,0.002518652405,0.1079727033,0.01798375814,0.01938369754,0.02173658506,0.02321041675,0.024752136,0.02784739638,0.02925977748,0.003015550943,0.01127601934,0.1634766058,0.1224973113,0.1967069632,0.3464374197
rotation_sigma0.0063,rotation,0.0063,topology_pair,crop__to__noisy,latent_distance,45,0.4651731948,0.09509935082,0.2044385873,0.2689761519,0.3364812493,0.3904263079,0.4644298553,0.5338358283,0.6315520525,0.6711560488,0.1434095204,0.4021798968,7.686896113,7.160517036,8.557286549,8.807396046
rotation_sigma0.0063,rotation,0.0063,topology_pair,crop__to__noisy,raw_chamfer,45,0.05223449836,0.01237161911,0.2368476676,0.03092303091,0.03214895009,0.04194068733,0.05273180097,0.06196850371,0.0707088177,0.07792156188,0.02002781638,0.04699853096,1,1,1,1
rotation_sigma0.0063,rotation,0.0063,topology_pair,crop__to__noisy,rigid_p2p,45,0.03905130822,0.01037426518,0.265657302,0.02448854914,0.02470818905,0.03173373922,0.03701586499,0.04399346836,0.05469080406,0.07414728083,0.01225972913,0.04965873169,0.838553555,0.6121350874,1.056601785,0.7019647407
rotation_sigma0.0063,rotation,0.0063,topology_pair,crop__to__noisy,nicp_p2p,45,0.02441772974,0.00205892935,0.0843210803,0.01931378582,0.02170604332,0.02307717091,0.02405760548,0.02590199112,0.02746123038,0.02917976278,0.002824820206,0.009865976962,0.1664235968,0.1410448424,0.2099209648,0.4562257506
rotation_sigma0.0063,rotation,0.0063,topology_pair,crop__to__noisy,nicp_p2tri,45,0.02227496737,0.002152916275,0.09665182624,0.01716044889,0.01926250081,0.02086459458,0.02185456172,0.02373179365,0.02552911739,0.02718535356,0.002867199071,0.01002490467,0.1740205754,0.1431608427,0.213302511,0.4144474741
rotation_sigma0.0063,rotation,0.0063,topology_pair,crop__to__original,latent_distance,45,0.4656464232,0.0947225476,0.2034216153,0.2843106389,0.3282764614,0.4030008912,0.4496664107,0.5282242894,0.6181031346,0.6621212363,0.1252233982,0.3778105974,7.88890009,6.073557702,8.280649529,8.701748854
rotation_sigma0.0063,rotation,0.0063,topology_pair,crop__to__original,raw_chamfer,45,0.05119539994,0.01200706645,0.2345340883,0.03110064241,0.03229108015,0.04036893697,0.05167540666,0.06098673701,0.06995068914,0.07672636248,0.02061780004,0.04562572007,1,1,1,1
rotation_sigma0.0063,rotation,0.0063,topology_pair,crop__to__original,rigid_p2p,45,0.04056071919,0.01066691976,0.2629864553,0.02487531182,0.02561220533,0.03423387767,0.03784772152,0.04666811118,0.05793711317,0.07586955448,0.01243423351,0.05099424266,0.8883868353,0.6030824575,1.117664392,0.7324126498
rotation_sigma0.0063,rotation,0.0063,topology_pair,crop__to__original,nicp_p2p,45,0.02443403905,0.002203672831,0.09018864327,0.01937543891,0.02132503188,0.02273172161,0.02424259156,0.02634495692,0.0275480699,0.02997431945,0.003613235314,0.01059888053,0.1835313264,0.175248344,0.2323005646,0.4691320906
rotation_sigma0.0063,rotation,0.0063,topology_pair,crop__to__original,nicp_p2tri,45,0.02249654186,0.002299652557,0.1022224914,0.01745597907,0.01910840911,0.02076636762,0.02228757074,0.02437244281,0.02573795342,0.02811538222,0.003606075189,0.01065940315,0.1915249297,0.1749010652,0.2336270667,0.4312993779
rotation_sigma0.0063,rotation,0.0063,topology_pair,crop__to__remesh,latent_distance,45,0.486530145,0.08484348563,0.1743848485,0.3156798482,0.3685035288,0.4270579517,0.4887650609,0.5416536927,0.6139796138,0.7060338855,0.114595741,0.3903540373,5.389945019,4.943916541,6.399488626,8.689505901
rotation_sigma0.0063,rotation,0.0063,topology_pair,crop__to__remesh,raw_chamfer,45,0.0578304398,0.01574106699,0.2721934512,0.02918689649,0.03316804354,0.04681772161,0.05624773911,0.0699968631,0.08231926842,0.09018458867,0.0231791415,0.06099769217,1,1,1,1
rotation_sigma0.0063,rotation,0.0063,topology_pair,crop__to__remesh,rigid_p2p,45,0.03798584446,0.01189627086,0.3131764221,0.02224348088,0.02367871683,0.02906890267,0.03502408326,0.04136609518,0.05913692193,0.07839229108,0.01229719251,0.0561488102,0.7557474257,0.5305283851,0.9205071241,0.6226753966
rotation_sigma0.0063,rotation,0.0063,topology_pair,crop__to__remesh,nicp_p2p,45,0.02425008954,0.002556652099,0.1054285632,0.0188056836,0.02091887098,0.02247226293,0.02390492882,0.02603042957,0.02776806772,0.03089739091,0.003558166647,0.0120917073,0.1624192375,0.1535072664,0.1982322097,0.4249935944
rotation_sigma0.0063,rotation,0.0063,topology_pair,crop__to__remesh,nicp_p2tri,45,0.02235192591,0.00268300156,0.1200344691,0.016845407,0.01866709697,0.02052975331,0.02183851371,0.0242850925,0.0260711287,0.02926252033,0.003755339186,0.01241711332,0.1704459781,0.1620137306,0.2035669364,0.3882558491
rotation_sigma0.0063,rotation,0.0063,topology_pair,crop__to__up60k,latent_distance,45,0.4787519846,0.08946101737,0.1868629693,0.3072561026,0.3635983586,0.404114604,0.4586311579,0.555945456,0.6232641578,0.703800559,0.151830852,0.3965444565,6.069223193,6.646136358,7.177040184,7.413047517
rotation_sigma0.0063,rotation,0.0063,topology_pair,crop__to__up60k,raw_chamfer,45,0.06017459717,0.01474010998,0.2449556902,0.03111063376,0.03613929642,0.04809284176,0.06186809903,0.07093782174,0.08119639595,0.08636244318,0.02284497998,0.05525180943,1,1,1,1
rotation_sigma0.0063,rotation,0.0063,topology_pair,crop__to__up60k,rigid_p2p,45,0.04182272942,0.01085304965,0.2595012283,0.02518095487,0.02672688979,0.03407221301,0.03959091135,0.04658759483,0.05878248848,0.07714799169,0.01251538182,0.05196703681,0.7362936686,0.5478394742,0.940549049,0.6399244841
rotation_sigma0.0063,rotation,0.0063,topology_pair,crop__to__up60k,nicp_p2p,45,0.02493916188,0.002386868286,0.09570763836,0.01956695123,0.0217190594,0.02299344348,0.02475107739,0.02657307281,0.02930118481,0.03097163206,0.003579629333,0.01140468083,0.1619301544,0.1566921633,0.2064128025,0.4000620317
rotation_sigma0.0063,rotation,0.0063,topology_pair,crop__to__up60k,nicp_p2tri,45,0.02309078368,0.002487279429,0.1077174107,0.01764307666,0.01962968958,0.02110973566,0.02268922955,0.02482973555,0.02743791058,0.02927302451,0.003719999897,0.01162994786,0.1687422571,0.1628366451,0.2104899003,0.3667355213
rotation_sigma0.0063,rotation,0.0063,topology_pair,down8k__to__crop,latent_distance,45,0.4817528344,0.1057783955,0.2195698457,0.2076038271,0.331437856,0.4252561331,0.465177983,0.5546031594,0.6426006079,0.6894618273,0.1293470263,0.4818580002,5.639346089,3.884648299,6.485729404,6.420996956
rotation_sigma0.0063,rotation,0.0063,topology_pair,down8k__to__crop,raw_chamfer,45,0.07251887665,0.0187572094,0.2586527849,0.03745509775,0.04744068826,0.05479922696,0.07244637962,0.08809619914,0.1010527983,0.1117502109,0.03329697218,0.07429511319,1,1,1,1
rotation_sigma0.0063,rotation,0.0063,topology_pair,down8k__to__crop,rigid_p2p,45,0.03755777666,0.00740706084,0.1972177669,0.0244968604,0.02835278328,0.03171249365,0.03753709619,0.04153037365,0.05182271623,0.05929013727,0.009817879991,0.03479327688,0.3948914085,0.2948580411,0.4683117823,0.51813626
rotation_sigma0.0063,rotation,0.0063,topology_pair,down8k__to__crop,nicp_p2p,45,0.02841415009,0.002476386791,0.08715329449,0.02356799255,0.02443697297,0.02645076032,0.02850974905,0.03000507789,0.03239357208,0.03472935636,0.003554317563,0.01116136381,0.132023199,0.1067459691,0.1502301205,0.3935289685
rotation_sigma0.0063,rotation,0.0063,topology_pair,down8k__to__crop,nicp_p2tri,45,0.02670290793,0.002639708627,0.09885472524,0.02157688354,0.02239900265,0.02465699605,0.02683094356,0.0283028489,0.03090513845,0.03336770513,0.003645852854,0.01179082158,0.1407303491,0.1094950266,0.1587025186,0.3703558921
rotation_sigma0.0063,rotation,0.0063,topology_pair,down8k__to__noisy,latent_distance,45,0.436629247,0.1054843157,0.2415878378,0.2311648875,0.2575028419,0.3416454196,0.4456048906,0.5220117569,0.5993419886,0.6705937982,0.1803663373,0.4394289106,13.96232904,16.36054092,14.2226,11.48660543
rotation_sigma0.0063,rotation,0.0063,topology_pair,down8k__to__noisy,raw_chamfer,45,0.03787842621,0.007554922636,0.199451862,0.02536542161,0.02694857351,0.03188132177,0.03879343583,0.0429057945,0.04902046188,0.05626194619,0.01102447274,0.03089652458,1,1,1,1
rotation_sigma0.0063,rotation,0.0063,topology_pair,down8k__to__noisy,rigid_p2p,45,0.02604554331,0.004537525094,0.1742150294,0.01933684349,0.02065009017,0.02290068813,0.02489190892,0.02785914208,0.03421215371,0.03967088671,0.004958453951,0.02033404323,0.6006051038,0.4497679,0.6581336738,0.6416525988
rotation_sigma0.0063,rotation,0.0063,topology_pair,down8k__to__noisy,nicp_p2p,45,0.02275392459,0.002026333767,0.08905425346,0.0191796882,0.01962491058,0.02153505587,0.02234757051,0.02421320751,0.02615481011,0.02814383262,0.002678151632,0.008964144422,0.2682137018,0.2429278657,0.2901343936,0.5760657707
rotation_sigma0.0063,rotation,0.0063,topology_pair,down8k__to__noisy,nicp_p2tri,45,0.02046545335,0.002223622186,0.1086524763,0.01633745481,0.01689677554,0.01919915788,0.02005195154,0.02200372185,0.02428437367,0.02638370709,0.002804563968,0.01004625228,0.2943275918,0.2543943856,0.3251580045,0.5168903221
rotation_sigma0.0063,rotation,0.0063,topology_pair,down8k__to__original,latent_distance,45,0.4419314818,0.1074037973,0.243032691,0.2293138653,0.2521344841,0.3633903563,0.4382389784,0.5135490298,0.6040876746,0.6969050765,0.1501586735,0.4675912112,12.14488155,12.60435854,12.78505683,10.32338768
rotation_sigma0.0063,rotation,0.0063,topology_pair,down8k__to__original,raw_chamfer,45,0.04176854339,0.008843544236,0.2117273795,0.02695635968,0.02771317583,0.03634047908,0.04245108214,0.04825371314,0.05523630563,0.06352961995,0.01191323406,0.03657326028,1,1,1,1
rotation_sigma0.0063,rotation,0.0063,topology_pair,down8k__to__original,rigid_p2p,45,0.02758242403,0.005276878064,0.1913130644,0.01923924723,0.02070697246,0.02385779295,0.02672447556,0.02990870453,0.0365064568,0.0422711678,0.006050911586,0.02303192057,0.5966926747,0.5079151097,0.6297475367,0.6295357907
rotation_sigma0.0063,rotation,0.0063,topology_pair,down8k__to__original,nicp_p2p,45,0.02307887019,0.002395274899,0.1037864886,0.01893853971,0.01934219825,0.02174368955,0.02277441994,0.02493196713,0.02754419541,0.02959411632,0.003188277583,0.01065557661,0.2708501066,0.2676248588,0.2913488306,0.5364862046
rotation_sigma0.0063,rotation,0.0063,topology_pair,down8k__to__original,nicp_p2tri,45,0.02100306916,0.002570601185,0.1223916926,0.01640284082,0.01693566192,0.01963964045,0.02071873325,0.02287034261,0.02588160821,0.02795297958,0.003230702168,0.01155013877,0.2906754483,0.2711859896,0.3158082894,0.4880613687
rotation_sigma0.0063,rotation,0.0063,topology_pair,down8k__to__remesh,latent_distance,45,0.426374093,0.08756944959,0.2053817317,0.2752997875,0.2909762859,0.3669635653,0.4311685562,0.4927246869,0.5389415145,0.6102673411,0.1257611215,0.3349675536,13.92217613,13.11475978,13.72534062,11.11809585
rotation_sigma0.0063,rotation,0.0063,topology_pair,down8k__to__remesh,raw_chamfer,45,0.03896687508,0.006289925423,0.1614172399,0.02827459887,0.02984578791,0.03413953416,0.03878079141,0.04372881551,0.05134460081,0.05267964374,0.009589281358,0.02440504487,1,1,1,1
rotation_sigma0.0063,rotation,0.0063,topology_pair,down8k__to__remesh,rigid_p2p,45,0.0292065109,0.005955296571,0.2039030472,0.02101375666,0.02259189446,0.02448578955,0.02820851777,0.0318646273,0.04035870597,0.04601631563,0.00737883775,0.02500255897,0.9467992338,0.7694880851,1.024483221,0.7273837572
rotation_sigma0.0063,rotation,0.0063,topology_pair,down8k__to__remesh,nicp_p2p,45,0.02315995235,0.001880604228,0.08120069503,0.02011642106,0.02032655791,0.02206410655,0.02314122997,0.02433591627,0.02645372102,0.02840803621,0.002271809716,0.008291615151,0.298986729,0.2369113629,0.3397500474,0.5967188684
rotation_sigma0.0063,rotation,0.0063,topology_pair,down8k__to__remesh,nicp_p2tri,45,0.02112624491,0.002032762559,0.0962197763,0.01760200233,0.01811360503,0.01985028669,0.02110061921,0.02252255471,0.02466613414,0.02664124759,0.002672268023,0.009039245258,0.3231775296,0.2786723971,0.3703842917,0.5440997577
rotation_sigma0.0063,rotation,0.0063,topology_pair,down8k__to__up60k,latent_distance,45,0.4209864861,0.1032728206,0.2453114863,0.2409668714,0.2649727583,0.3532649577,0.409304589,0.495959878,0.5612295866,0.6685808301,0.1426949203,0.4276139587,15.27290089,12.13097729,15.66014513,12.24997737
rotation_sigma0.0063,rotation,0.0063,topology_pair,down8k__to__up60k,raw_chamfer,45,0.03449826034,0.006761834005,0.1960050721,0.0236639686,0.02469069668,0.02831276767,0.03341268124,0.04007562214,0.04594883235,0.05096984317,0.01176285446,0.02730587457,1,1,1,1
rotation_sigma0.0063,rotation,0.0063,topology_pair,down8k__to__up60k,rigid_p2p,45,0.02734093143,0.005237297098,0.191555182,0.01932960388,0.02031550367,0.02383197995,0.02659162545,0.02937893181,0.03616967137,0.04222931938,0.005546951856,0.0228997155,0.7745379574,0.4715651184,0.838636955,0.7958542822
rotation_sigma0.0063,rotation,0.0063,topology_pair,down8k__to__up60k,nicp_p2p,45,0.02290244149,0.002359862748,0.1030397894,0.01854558501,0.01907034967,0.02191618989,0.02277627091,0.02422017621,0.02733316972,0.03009343089,0.002303986321,0.01154784589,0.3489974387,0.1958696615,0.4229070143,0.6816654654
rotation_sigma0.0063,rotation,0.0063,topology_pair,down8k__to__up60k,nicp_p2tri,45,0.0207940559,0.002514410892,0.1209196948,0.01607429243,0.01655629311,0.01981747733,0.02062175911,0.02222950916,0.02550907201,0.02845478241,0.002412031826,0.01238048998,0.3718533892,0.2050549748,0.4534002362,0.6171836066
rotation_sigma0.0063,rotation,0.0063,topology_pair,noisy__to__crop,latent_distance,45,0.4738527844,0.101462538,0.2141224898,0.2065668851,0.3264597237,0.4095592201,0.4737027586,0.5496353507,0.6384385467,0.6472085118,0.1400761306,0.4406416267,6.193692907,4.935628495,7.322980909,8.851602302
rotation_sigma0.0063,rotation,0.0063,topology_pair,noisy__to__crop,raw_chamfer,45,0.05687112581,0.01638159004,0.2880475778,0.02857632649,0.03544905106,0.04298541488,0.05351604629,0.07136602148,0.08149258025,0.08874876613,0.0283806066,0.06017243964,1,1,1,1
rotation_sigma0.0063,rotation,0.0063,topology_pair,noisy__to__crop,rigid_p2p,45,0.03537090743,0.00699622594,0.1977960547,0.02388319585,0.02750763987,0.02949197689,0.03296729904,0.03978274494,0.04808320724,0.05395430901,0.01029076805,0.03007111317,0.4270785635,0.362598594,0.499748944,0.6160264318
rotation_sigma0.0063,rotation,0.0063,topology_pair,noisy__to__crop,nicp_p2p,45,0.02743847911,0.002419991526,0.08819699942,0.02199241282,0.02405123786,0.02576670727,0.02745275468,0.02933301011,0.03127012422,0.03236679569,0.003566302838,0.01037438287,0.1477262903,0.1256598525,0.1724108734,0.5129817424
rotation_sigma0.0063,rotation,0.0063,topology_pair,noisy__to__crop,nicp_p2tri,45,0.02570904667,0.002546292836,0.09904267822,0.01987464225,0.02229462265,0.02364766981,0.02571379779,0.0277703308,0.02975254415,0.03085057501,0.004122660993,0.01097593276,0.1554362446,0.1452633149,0.1824079732,0.4804876214
rotation_sigma0.0063,rotation,0.0063,topology_pair,noisy__to__down8k,latent_distance,45,0.4256238209,0.09791071289,0.2300404914,0.2476512194,0.2758232892,0.3405026495,0.4361774325,0.4966768622,0.573291409,0.6583932042,0.1561742127,0.4107419848,13.49924859,20.22111311,12.75173467,13.86922957
rotation_sigma0.0063,rotation,0.0063,topology_pair,noisy__to__down8k,raw_chamfer,45,0.03330747095,0.007253049102,0.2177604272,0.02219119236,0.02495373922,0.0284193677,0.0314492907,0.03614269192,0.04930601917,0.05440186766,0.007723324223,0.0322106753,1,1,1,1
rotation_sigma0.0063,rotation,0.0063,topology_pair,noisy__to__down8k,rigid_p2p,45,0.02844986812,0.00627634404,0.220610655,0.02056370605,0.02202140104,0.02415638019,0.02687365499,0.03013474411,0.04198167054,0.05207082201,0.00597836392,0.03150711597,0.8653386943,0.7740661595,0.9781575726,0.8545075068
rotation_sigma0.0063,rotation,0.0063,topology_pair,noisy__to__down8k,nicp_p2p,45,0.02211119692,0.001479250794,0.06690053008,0.01940027338,0.01998339874,0.02109935193,0.02204750258,0.02301642071,0.02499512051,0.02592413853,0.001917068777,0.006523865146,0.2039488184,0.2482180886,0.2025373602,0.7010492793
rotation_sigma0.0063,rotation,0.0063,topology_pair,noisy__to__down8k,nicp_p2tri,45,0.02014592236,0.001556767078,0.07727454967,0.01734004413,0.01795456033,0.01916328686,0.02019205111,0.02110964901,0.02309972526,0.02431395673,0.001946362151,0.006973912598,0.2146362249,0.2520109339,0.216509357,0.6420510818
rotation_sigma0.0063,rotation,0.0063,topology_pair,noisy__to__original,latent_distance,45,0.4270268258,0.1102561887,0.2581949939,0.2279676944,0.2456098974,0.3553224504,0.4344986081,0.5050315857,0.601969707,0.6723095179,0.1497091353,0.4443418235,18.77331247,16.44334541,19.03500581,13.61545117
rotation_sigma0.0063,rotation,0.0063,topology_pair,noisy__to__original,raw_chamfer,45,0.03174888011,0.005873027941,0.1849837828,0.02146215981,0.02368947925,0.02709689464,0.03191217116,0.03620143703,0.04064814817,0.04480556343,0.009104542388,0.02334340362,1,1,1,1
rotation_sigma0.0063,rotation,0.0063,topology_pair,noisy__to__original,rigid_p2p,45,0.0276555808,0.005539929475,0.2003186813,0.02112064169,0.0219776601,0.02336798929,0.026552267,0.0286875703,0.03896544732,0.04677249154,0.005319581011,0.02565184985,0.9432833507,0.5842776918,1.098890731,0.8320420089
rotation_sigma0.0063,rotation,0.0063,topology_pair,noisy__to__original,nicp_p2p,45,0.0227742088,0.001786092239,0.07842609393,0.01975209207,0.01991980171,0.02163340331,0.02273456811,0.02318901245,0.02579106267,0.02777596701,0.001555609137,0.008023874945,0.3041177833,0.1708607716,0.3437320057,0.7124105719
rotation_sigma0.0063,rotation,0.0063,topology_pair,noisy__to__original,nicp_p2tri,45,0.02078755777,0.001853772599,0.08917702692,0.01767378369,0.01777559996,0.01956436521,0.02069323766,0.0212075785,0.02378005081,0.02617014931,0.001643213291,0.008496365621,0.3156417128,0.1804827987,0.3639728705,0.6484434278
rotation_sigma0.0063,rotation,0.0063,topology_pair,noisy__to__remesh,latent_distance,45,0.4398066998,0.0893902126,0.2032488651,0.2671634853,0.3098663211,0.3562940359,0.4388250113,0.5129091144,0.5658712745,0.665453732,0.1566150784,0.3982902467,14.4735014,19.59363713,15.26096683,13.3555698
rotation_sigma0.0063,rotation,0.0063,topology_pair,noisy__to__remesh,raw_chamfer,45,0.03460249198,0.006176129061,0.1784879847,0.02653368221,0.02754130442,0.02996127166,0.03285707895,0.03795443175,0.04621291874,0.05263230698,0.007993160094,0.02609862476,1,1,1,1
rotation_sigma0.0063,rotation,0.0063,topology_pair,noisy__to__remesh,rigid_p2p,45,0.02842522799,0.005978731696,0.2103318819,0.02063137377,0.02151038233,0.02424623716,0.02667387883,0.03058357751,0.03975062046,0.04612854164,0.006337340352,0.02549716786,0.9680386593,0.7928454175,0.9769544601,0.8118152824
rotation_sigma0.0063,rotation,0.0063,topology_pair,noisy__to__remesh,nicp_p2p,45,0.02293270848,0.001508860399,0.06579512403,0.01998217743,0.02023217489,0.02216796868,0.02283888382,0.02381263042,0.02534078359,0.02657913391,0.001644661748,0.006596956477,0.2443051924,0.2057586397,0.2527702719,0.6950978159
rotation_sigma0.0063,rotation,0.0063,topology_pair,noisy__to__remesh,nicp_p2tri,45,0.02103358805,0.001622085313,0.07711881155,0.01793978787,0.01804112075,0.02017821443,0.02093549898,0.02204231562,0.02346611593,0.02506815828,0.001864101194,0.007128370405,0.2626378589,0.2332120427,0.2731320317,0.6371685997
rotation_sigma0.0063,rotation,0.0063,topology_pair,noisy__to__up60k,latent_distance,45,0.4395081646,0.1001553996,0.2278806349,0.2644129395,0.2910239637,0.3602606952,0.4439016283,0.514631331,0.5951751828,0.6792827845,0.1543706357,0.4148698449,16.23750865,25.56551124,16.30476169,14.27314859
rotation_sigma0.0063,rotation,0.0063,topology_pair,noisy__to__up60k,raw_chamfer,45,0.03228735679,0.006168150651,0.191039195,0.02280814681,0.0236803011,0.02845753967,0.0311004699,0.03449577744,0.04494321437,0.04825285141,0.006038237776,0.0254447046,1,1,1,1
rotation_sigma0.0063,rotation,0.0063,topology_pair,noisy__to__up60k,rigid_p2p,45,0.02773358709,0.005326788365,0.1920699384,0.02118123964,0.0219710566,0.02379850608,0.02672202932,0.029495186,0.03828165549,0.04536082004,0.005696679913,0.0241795804,0.8635956977,0.9434341813,0.9502794697,0.8592162563
rotation_sigma0.0063,rotation,0.0063,topology_pair,noisy__to__up60k,nicp_p2p,45,0.02296523716,0.001916476833,0.08345121019,0.01926862457,0.02012569079,0.02176834557,0.02258519601,0.02405901651,0.02589866165,0.02832184873,0.002290670932,0.009053224166,0.310705257,0.3793608363,0.3557999319,0.7262011179
rotation_sigma0.0063,rotation,0.0063,topology_pair,noisy__to__up60k,nicp_p2tri,45,0.02104293851,0.001990747849,0.09460408055,0.01716054219,0.01807508587,0.01984189346,0.02077425184,0.02222825787,0.02401986786,0.02681048909,0.002386364406,0.009649946901,0.322746308,0.3952087503,0.3792516774,0.6679722815
rotation_sigma0.0063,rotation,0.0063,topology_pair,original__to__crop,latent_distance,45,0.4708704568,0.1040206895,0.2209114799,0.1916237921,0.335502243,0.3927946091,0.4649581909,0.555873096,0.6389468074,0.6576378345,0.1630784869,0.4660140425,6.438921706,6.004328358,7.636261068,8.669558909
rotation_sigma0.0063,rotation,0.0063,topology_pair,original__to__crop,raw_chamfer,45,0.05595845782,0.01615498591,0.2886960532,0.02864716987,0.03383738041,0.04275987519,0.05363112423,0.06992002987,0.07971415463,0.08967363798,0.02716015467,0.0610264681,1,1,1,1
rotation_sigma0.0063,rotation,0.0063,topology_pair,original__to__crop,rigid_p2p,45,0.03471757103,0.007170628775,0.2065417759,0.02394551052,0.02639376155,0.02899699489,0.032998673,0.03807206765,0.04745243575,0.053227387,0.009075072758,0.02928187648,0.4438647494,0.3341318511,0.4798225653,0.6152896004
rotation_sigma0.0063,rotation,0.0063,topology_pair,original__to__crop,nicp_p2p,45,0.02680654087,0.002598871521,0.0969491563,0.02060818901,0.02336811473,0.02501974689,0.02679396293,0.0283928855,0.03088961425,0.03225079389,0.003373138616,0.01164260488,0.1608711722,0.1241943817,0.1907795951,0.499597264
rotation_sigma0.0063,rotation,0.0063,topology_pair,original__to__crop,nicp_p2tri,45,0.02500054572,0.002751425354,0.1100546118,0.01841711826,0.02122589843,0.02302276106,0.02496590974,0.0266107041,0.02948195931,0.03060455175,0.003587943041,0.01218743349,0.1703143146,0.1321031888,0.1997073379,0.4655115867
rotation_sigma0.0063,rotation,0.0063,topology_pair,original__to__down8k,latent_distance,45,0.4289796121,0.09926999304,0.2314095828,0.2540181875,0.2904758096,0.3424497247,0.4232006371,0.50366503,0.5855597854,0.6656847,0.1612153053,0.4116665125,11.5872927,16.39433104,11.00860056,12.68322574
rotation_sigma0.0063,rotation,0.0063,topology_pair,original__to__down8k,raw_chamfer,45,0.03556916454,0.008567142954,0.2408587063,0.02293584294,0.02517252025,0.02918739487,0.03336695615,0.03902099558,0.05372371254,0.06033083336,0.009833600706,0.03739499042,1,1,1,1
rotation_sigma0.0063,rotation,0.0063,topology_pair,original__to__down8k,rigid_p2p,45,0.02823136347,0.006663660327,0.2360374955,0.0201066336,0.02133632057,0.02381552611,0.02639907681,0.02979279435,0.04061914542,0.05050379062,0.005977268241,0.03039715702,0.7778159373,0.6078412598,0.8128670895,0.7911742591
rotation_sigma0.0063,rotation,0.0063,topology_pair,original__to__down8k,nicp_p2p,45,0.02127218626,0.001544635224,0.07261290426,0.018706352,0.01889397307,0.02017819465,0.02118183475,0.02200779221,0.02375497416,0.02565403757,0.00182959756,0.006947685568,0.1802975896,0.1860557099,0.1857918799,0.6348147147
rotation_sigma0.0063,rotation,0.0063,topology_pair,original__to__down8k,nicp_p2tri,45,0.01920842742,0.001673200537,0.0871076273,0.0163550628,0.0166654682,0.01805597182,0.01920224857,0.01997920513,0.02172234412,0.02405934934,0.001923233306,0.007704286548,0.1953043793,0.1955777302,0.2060245627,0.5754869722
rotation_sigma0.0063,rotation,0.0063,topology_pair,original__to__noisy,latent_distance,45,0.4254383359,0.107948935,0.2537357965,0.2155400068,0.2586639643,0.3335325122,0.431704253,0.492194742,0.6111104012,0.6403617859,0.1586622298,0.4248217791,19.21266215,22.86187032,16.71306992,14.79822962
rotation_sigma0.0063,rotation,0.0063,topology_pair,original__to__noisy,raw_chamfer,45,0.03072791273,0.005618634948,0.182851175,0.02235754716,0.02364674039,0.0266139085,0.02917269594,0.03355394567,0.04072747522,0.04777608374,0.006940037169,0.02541853659,1,1,1,1
rotation_sigma0.0063,rotation,0.0063,topology_pair,original__to__noisy,rigid_p2p,45,0.0260856363,0.005188725822,0.1989112231,0.02024082043,0.02057611,0.02260465728,0.02412959116,0.02795254034,0.03649038271,0.04378431427,0.005347883053,0.02354349384,0.9234851294,0.7705842091,0.9262332536,0.827129286
rotation_sigma0.0063,rotation,0.0063,topology_pair,original__to__noisy,nicp_p2p,45,0.02181441455,0.00143891109,0.06596148096,0.01933932237,0.01976909272,0.02056170704,0.02187425148,0.02269785091,0.02469906495,0.02553518631,0.002136143869,0.006195863941,0.2560962055,0.3078000618,0.2437537629,0.7498193356
rotation_sigma0.0063,rotation,0.0063,topology_pair,original__to__noisy,nicp_p2tri,45,0.01949412047,0.001607152306,0.08244292469,0.01694884819,0.0171604395,0.01808740974,0.01962788362,0.02043706982,0.02264867941,0.02370627234,0.002349660087,0.006757424151,0.2860396379,0.3385659226,0.2658463098,0.6728169268
rotation_sigma0.0063,rotation,0.0063,topology_pair,original__to__remesh,latent_distance,45,0.4468044599,0.09078822929,0.2031945458,0.277515769,0.3140387952,0.3631035984,0.4442352951,0.52549088,0.5782789826,0.6749113202,0.1623872817,0.3973955512,12.77939517,18.29552399,13.11627233,13.06076065
rotation_sigma0.0063,rotation,0.0063,topology_pair,original__to__remesh,raw_chamfer,45,0.03558066001,0.007104266522,0.1996665188,0.02640223672,0.02749577178,0.0305379221,0.03401297268,0.03941371499,0.05043767638,0.05670014007,0.008875792886,0.03029790334,1,1,1,1
rotation_sigma0.0063,rotation,0.0063,topology_pair,original__to__remesh,rigid_p2p,45,0.02770588644,0.006161744819,0.2223984001,0.01974415049,0.02073333996,0.02304896971,0.02655253471,0.02985844381,0.04078447512,0.04624979483,0.006809474095,0.02650564434,0.8673301882,0.7671961461,0.8748342763,0.7806590433
rotation_sigma0.0063,rotation,0.0063,topology_pair,original__to__remesh,nicp_p2p,45,0.02196328417,0.001707045401,0.07772268427,0.01871417451,0.01909849195,0.02103588551,0.0220712101,0.0228231463,0.02464147064,0.02645571083,0.00178726079,0.007741536317,0.2402845384,0.2013635078,0.2555139288,0.6489056488
rotation_sigma0.0063,rotation,0.0063,topology_pair,original__to__remesh,nicp_p2tri,45,0.01991495627,0.001865150031,0.09365574324,0.01616411989,0.01678521289,0.0188573976,0.02012476936,0.02083319071,0.02285190717,0.024662838,0.00197579311,0.008498718112,0.2625394226,0.2226046885,0.2805051563,0.5916792262
rotation_sigma0.0063,rotation,0.0063,topology_pair,original__to__up60k,latent_distance,45,0.4434732457,0.1002761462,0.2261154358,0.2746267617,0.3001296937,0.358848989,0.4319674969,0.5218217969,0.5990801215,0.6835227013,0.1629728079,0.4088959396,13.61441723,18.10849376,13.27523887,13.29956394
rotation_sigma0.0063,rotation,0.0063,topology_pair,original__to__up60k,raw_chamfer,45,0.03366180595,0.007365438013,0.2188069774,0.0224625255,0.02414454944,0.02825130817,0.03247982407,0.03725110738,0.04887761044,0.05326392527,0.008999799212,0.03080139977,1,1,1,1
rotation_sigma0.0063,rotation,0.0063,topology_pair,original__to__up60k,rigid_p2p,45,0.02740089928,0.005539173794,0.2021529928,0.02092275667,0.02132779455,0.02394479876,0.02602724694,0.02949378889,0.0389225135,0.04547682437,0.005548990136,0.02455406769,0.7520494755,0.6165682151,0.7971737608,0.8013358351
rotation_sigma0.0063,rotation,0.0063,topology_pair,original__to__up60k,nicp_p2p,45,0.02207479358,0.001952146925,0.08843330372,0.01856495942,0.0197056283,0.02078687188,0.02181475072,0.02321568701,0.02609114921,0.0276860141,0.002428815135,0.00912105468,0.2650415253,0.2698743692,0.2961246809,0.6716400519
rotation_sigma0.0063,rotation,0.0063,topology_pair,original__to__up60k,nicp_p2tri,45,0.02005842165,0.002057619282,0.1025813156,0.01627241757,0.01761993991,0.0186922459,0.01962827824,0.02142648443,0.02444827577,0.02604972892,0.002734238529,0.009777311346,0.2793614282,0.303811059,0.3174307473,0.6043221846
rotation_sigma0.0063,rotation,0.0063,topology_pair,remesh__to__crop,latent_distance,45,0.4928564943,0.1074694106,0.2180541635,0.1976066381,0.3336162746,0.4201872349,0.4905092716,0.5805932879,0.6785985351,0.6951681376,0.1604060531,0.4975614995,6.074859111,6.473263036,7.061189383,8.01778635
rotation_sigma0.0063,rotation,0.0063,topology_pair,remesh__to__crop,raw_chamfer,45,0.06195190194,0.01769084824,0.2855577905,0.02950821588,0.03927834534,0.04687344946,0.06117764308,0.07165323242,0.09019604808,0.09997247799,0.02477978296,0.07046426211,1,1,1,1
rotation_sigma0.0063,rotation,0.0063,topology_pair,remesh__to__crop,rigid_p2p,45,0.03492795276,0.007202752162,0.2062174159,0.02613992633,0.02639905405,0.02959428786,0.03315503062,0.03646449519,0.04961848605,0.05514250822,0.006870207339,0.02900258189,0.4071456645,0.277250505,0.411592785,0.5419468444
rotation_sigma0.0063,rotation,0.0063,topology_pair,remesh__to__crop,nicp_p2p,45,0.02799560809,0.002739163622,0.09784261923,0.02182462649,0.02378000366,0.02627415228,0.02753935105,0.02945892369,0.03208686762,0.03530483273,0.003184771403,0.01348020623,0.1548350642,0.1285229741,0.1913055757,0.4501538416
rotation_sigma0.0063,rotation,0.0063,topology_pair,remesh__to__crop,nicp_p2tri,45,0.026144081,0.002872585979,0.1098751943,0.01963873446,0.02178278884,0.02447971008,0.0256801317,0.02761709056,0.03049160249,0.03385098126,0.00313738048,0.0142122468,0.1623769499,0.1266104907,0.2016943962,0.4197633385
rotation_sigma0.0063,rotation,0.0063,topology_pair,remesh__to__down8k,latent_distance,45,0.4155982077,0.104306926,0.2509802114,0.2108910084,0.267612052,0.3360445201,0.4262586832,0.4810249507,0.5860552192,0.62609905,0.1449804306,0.4152080417,15.76884572,18.74544892,13.68123485,11.710527
rotation_sigma0.0063,rotation,0.0063,topology_pair,remesh__to__down8k,raw_chamfer,45,0.03773391381,0.006614747071,0.1752997875,0.02854356363,0.03014514802,0.03309259575,0.03639961575,0.04082676265,0.05052438023,0.05889228919,0.007734166903,0.03034872556,1,1,1,1
rotation_sigma0.0063,rotation,0.0063,topology_pair,remesh__to__down8k,rigid_p2p,45,0.03238023642,0.007319100333,0.2260360375,0.02247239832,0.02402654957,0.02697041398,0.02992223229,0.03590395727,0.04573466502,0.05540186348,0.008933543282,0.03292946516,1.106482267,1.155075058,1.085036177,0.8220480264
rotation_sigma0.0063,rotation,0.0063,topology_pair,remesh__to__down8k,nicp_p2p,45,0.02279789635,0.001979943639,0.08684764632,0.0198690804,0.02013761077,0.02114786185,0.02276947425,0.02419643977,0.02627869237,0.02796557887,0.003048577917,0.008096498469,0.2993226525,0.3941701745,0.266782157,0.6255416103
rotation_sigma0.0063,rotation,0.0063,topology_pair,remesh__to__down8k,nicp_p2tri,45,0.02071327895,0.002155356044,0.1040567285,0.01771684641,0.01776122715,0.01888590872,0.02076783653,0.02224644004,0.02451273286,0.02646219412,0.00336053132,0.008745347712,0.3258410368,0.4345046288,0.2881619425,0.5705509824
rotation_sigma0.0063,rotation,0.0063,topology_pair,remesh__to__noisy,latent_distance,45,0.4409816073,0.111545754,0.2529487673,0.196245715,0.2611092687,0.3651164472,0.4428020716,0.5066732764,0.6302695274,0.6846511364,0.1415568292,0.4884054214,18.47890214,16.50314266,19.2220465,12.73650885
rotation_sigma0.0063,rotation,0.0063,topology_pair,remesh__to__noisy,raw_chamfer,45,0.0364490145,0.006036384259,0.1656117276,0.0278094058,0.02868118795,0.03197893513,0.03476636155,0.04055650318,0.04634462699,0.05321801259,0.008577568052,0.0254086068,1,1,1,1
rotation_sigma0.0063,rotation,0.0063,topology_pair,remesh__to__noisy,rigid_p2p,45,0.02879786424,0.005574954236,0.1935891561,0.02208671579,0.02317070132,0.02497600518,0.0271952066,0.03144684765,0.04032938009,0.04898717526,0.006470842474,0.02690045947,0.9235585404,0.754391272,1.058714462,0.7822275723
rotation_sigma0.0063,rotation,0.0063,topology_pair,remesh__to__noisy,nicp_p2p,45,0.02337027663,0.001701717261,0.0728154522,0.02006111662,0.02089057671,0.02218360941,0.02313561091,0.02441216109,0.02630058668,0.02790545852,0.002228551678,0.007844341897,0.2819100289,0.2598115998,0.3087277457,0.6654596533
rotation_sigma0.0063,rotation,0.0063,topology_pair,remesh__to__noisy,nicp_p2tri,45,0.02109052216,0.001870455938,0.08868703788,0.01764962008,0.01821447615,0.01988696301,0.02095454621,0.02224183593,0.0242733168,0.02590250988,0.002354872919,0.008252889798,0.3098636299,0.2745385295,0.3248068603,0.6027247394
rotation_sigma0.0063,rotation,0.0063,topology_pair,remesh__to__original,latent_distance,45,0.4475066023,0.1138674577,0.2544486653,0.1919225603,0.2628623009,0.3686184287,0.4537296891,0.5173127055,0.6365968466,0.6785205603,0.1486942768,0.4865979999,16.00280715,11.83972887,17.63144434,12.34034821
rotation_sigma0.0063,rotation,0.0063,topology_pair,remesh__to__original,raw_chamfer,45,0.03809611567,0.007115467717,0.1867767249,0.02677770191,0.02932905055,0.03216188031,0.03676798106,0.04472080615,0.05129507309,0.05437600813,0.01255892584,0.02759830622,1,1,1,1
rotation_sigma0.0063,rotation,0.0063,topology_pair,remesh__to__original,rigid_p2p,45,0.029827287,0.005952608523,0.1995692241,0.02216153136,0.02343994756,0.02546512089,0.02838069637,0.03180747722,0.04266126134,0.05076180998,0.006342356327,0.02860027862,0.836573049,0.5050078652,1.036305576,0.771886178
rotation_sigma0.0063,rotation,0.0063,topology_pair,remesh__to__original,nicp_p2p,45,0.02337148612,0.001951518592,0.08349997862,0.01938948197,0.02053698399,0.02207687501,0.02335050322,0.02433236353,0.02724582813,0.02874430649,0.002255488518,0.009354824523,0.2742642746,0.1795924705,0.3389637193,0.6350771119
rotation_sigma0.0063,rotation,0.0063,topology_pair,remesh__to__original,nicp_p2tri,45,0.0213387483,0.002090280207,0.09795702061,0.01702890036,0.01822804444,0.01997774556,0.02133127932,0.02250264643,0.02547966162,0.02703509232,0.002524900861,0.01000619196,0.2937656793,0.2010443324,0.3625654372,0.5801591143
rotation_sigma0.0063,rotation,0.0063,topology_pair,remesh__to__up60k,latent_distance,45,0.4211370187,0.1085242859,0.2576935323,0.1967215091,0.2633130968,0.3473342955,0.4258457422,0.4879635572,0.6074957252,0.6473164558,0.1406292617,0.4505949467,17.41676052,14.31972015,15.96540118,12.79862128
rotation_sigma0.0063,rotation,0.0063,topology_pair,remesh__to__up60k,raw_chamfer,45,0.03453187047,0.006231025902,0.1804427567,0.0253834504,0.02703237193,0.02913002672,0.03327278251,0.03895069781,0.04498443829,0.0536066652,0.009820671096,0.0282232148,1,1,1,1
rotation_sigma0.0063,rotation,0.0063,topology_pair,remesh__to__up60k,rigid_p2p,45,0.02984888598,0.005835603294,0.1955048942,0.02254830312,0.02310898588,0.02597134674,0.02819080609,0.03366290295,0.04168728324,0.04969373239,0.007691556209,0.02714542927,0.9365397265,0.7832006727,0.9618120921,0.8472632573
rotation_sigma0.0063,rotation,0.0063,topology_pair,remesh__to__up60k,nicp_p2p,45,0.02326490868,0.001922186816,0.08262172193,0.019391322,0.02031780925,0.02203060927,0.02310513705,0.02439521366,0.02722651709,0.02863529815,0.002364604391,0.009243976144,0.3084864107,0.2407782898,0.3275309425,0.6944155344
rotation_sigma0.0063,rotation,0.0063,topology_pair,remesh__to__up60k,nicp_p2tri,45,0.02118789965,0.002049173017,0.0967143063,0.01701540898,0.01791911428,0.0199962163,0.02111703174,0.02242635787,0.02546945652,0.02680556972,0.002430141572,0.009790160737,0.3288660726,0.2474516811,0.3468832593,0.6346638346
rotation_sigma0.0063,rotation,0.0063,topology_pair,up60k__to__crop,latent_distance,45,0.4825419393,0.1049287689,0.2174500501,0.1991061568,0.3179129779,0.4200913012,0.4856826067,0.5487043858,0.6484485388,0.6646099091,0.1286130846,0.4655037522,5.793812229,4.235687275,6.468710429,7.264327888
rotation_sigma0.0063,rotation,0.0063,topology_pair,up60k__to__crop,raw_chamfer,45,0.06729276375,0.01811048835,0.2691298045,0.03304224935,0.04560196475,0.05040750456,0.06685857441,0.08077166419,0.09407477391,0.1050046223,0.03036415963,0.07196237293,1,1,1,1
rotation_sigma0.0063,rotation,0.0063,topology_pair,up60k__to__crop,rigid_p2p,45,0.03568863516,0.006674682805,0.1870254431,0.02407612722,0.02738928981,0.03018655285,0.0350528051,0.03938811341,0.04797559529,0.05276202241,0.009201560564,0.02868589519,0.3685534413,0.3030401854,0.3986235309,0.5242828674
rotation_sigma0.0063,rotation,0.0063,topology_pair,up60k__to__crop,nicp_p2p,45,0.02810392401,0.002668512395,0.09495159445,0.02205694112,0.02448097907,0.02624595588,0.02808395802,0.02976080793,0.03228295448,0.0340380047,0.003514852053,0.01198106358,0.1473462418,0.1157566057,0.1664906686,0.4200502069
rotation_sigma0.0063,rotation,0.0063,topology_pair,up60k__to__crop,nicp_p2tri,45,0.02644478436,0.002782794604,0.1052303761,0.02010538523,0.02261546278,0.0243555118,0.02656240351,0.02825643865,0.03089483542,0.03262080659,0.003900926853,0.01251542136,0.1536565194,0.1284714249,0.173916185,0.3972924003
rotation_sigma0.0063,rotation,0.0063,topology_pair,up60k__to__down8k,latent_distance,45,0.4054179307,0.1022481372,0.2522042797,0.2098552287,0.2506140232,0.3288620114,0.4058614969,0.4797636867,0.5415527225,0.6282432079,0.1509016752,0.4183879793,17.44538049,21.44361507,15.04112106,12.84726266
rotation_sigma0.0063,rotation,0.0063,topology_pair,up60k__to__down8k,raw_chamfer,45,0.03251151063,0.005861043686,0.1802759568,0.02301936036,0.02454464053,0.02815184993,0.03159128194,0.03518898778,0.0424870855,0.05083563665,0.007037137848,0.02781627629,1,1,1,1
rotation_sigma0.0063,rotation,0.0063,topology_pair,up60k__to__down8k,rigid_p2p,45,0.02728250195,0.005767648071,0.2114046608,0.02022655875,0.02073366452,0.02332452714,0.0256474718,0.02820203215,0.03856761202,0.04627191303,0.004877505012,0.02604535428,0.9840650199,0.6931092039,0.9363350435,0.8118528347
rotation_sigma0.0063,rotation,0.0063,topology_pair,up60k__to__down8k,nicp_p2p,45,0.02155798033,0.001770056126,0.0821067697,0.01867646842,0.01918126905,0.02039723165,0.021363426,0.02235847539,0.02520128883,0.02644943662,0.001961243741,0.007772968208,0.3020035716,0.2786990654,0.2794395672,0.6762443524
rotation_sigma0.0063,rotation,0.0063,topology_pair,up60k__to__down8k,nicp_p2tri,45,0.01951992325,0.001899781183,0.09732523835,0.01643664105,0.01694395768,0.01816580202,0.0192997867,0.02036029838,0.02334072474,0.024767063,0.00219449636,0.008330421957,0.3241370112,0.3118450153,0.299480127,0.6109212896
rotation_sigma0.0063,rotation,0.0063,topology_pair,up60k__to__noisy,latent_distance,45,0.4347462826,0.108248217,0.2489917023,0.2125912458,0.2523606896,0.3444220722,0.4420051277,0.5156071782,0.5948915601,0.6571073532,0.171185106,0.4445161074,16.95016138,16.94888936,17.10492877,12.94315441
rotation_sigma0.0063,rotation,0.0063,topology_pair,up60k__to__noisy,raw_chamfer,45,0.03533846744,0.00638626468,0.1807170809,0.02366661476,0.02611500189,0.03034656395,0.03414972221,0.04044664203,0.04681824943,0.0496542183,0.01010007809,0.02598760354,1,1,1,1
rotation_sigma0.0063,rotation,0.0063,topology_pair,up60k__to__noisy,rigid_p2p,45,0.02594617403,0.004361054979,0.1680808498,0.02018551693,0.0210639746,0.02301889681,0.02485168956,0.02821873181,0.03524997115,0.04022372601,0.005199835001,0.02003820908,0.6828804,0.5148311683,0.7710679842,0.7277274294
rotation_sigma0.0063,rotation,0.0063,topology_pair,up60k__to__noisy,nicp_p2p,45,0.02256748537,0.001689981457,0.07488567862,0.01919066051,0.02003468853,0.02136294226,0.02245928133,0.0235477247,0.02529735214,0.02737217745,0.002184782438,0.008181516944,0.2646275313,0.2163134206,0.3148238325,0.6576709818
rotation_sigma0.0063,rotation,0.0063,topology_pair,up60k__to__noisy,nicp_p2tri,45,0.02041264108,0.001853552786,0.0908041629,0.01674437329,0.01773336723,0.0190639596,0.02035581653,0.02149235291,0.02359858589,0.02570975532,0.002428393308,0.008965382026,0.2902405207,0.2404331222,0.3449868709,0.5960756109
rotation_sigma0.0063,rotation,0.0063,topology_pair,up60k__to__original,latent_distance,45,0.4403744708,0.1106508767,0.2512654209,0.2064789236,0.2458342493,0.3595042527,0.4448964,0.5235325694,0.6000584245,0.6845739484,0.1640283167,0.4780950248,14.12832651,13.86559938,14.35072908,11.87590867
rotation_sigma0.0063,rotation,0.0063,topology_pair,up60k__to__original,raw_chamfer,45,0.03833512207,0.007831845949,0.2042994916,0.02321533915,0.02632515122,0.03197577643,0.03746209341,0.0438056521,0.04914441041,0.05653037299,0.01182987567,0.03331503384,1,1,1,1
rotation_sigma0.0063,rotation,0.0063,topology_pair,up60k__to__original,rigid_p2p,45,0.02723480987,0.005164705035,0.18963617,0.02085869396,0.02128594124,0.0235364841,0.02621712558,0.02988103641,0.03767384996,0.04342711751,0.006344552312,0.02256842355,0.6594492624,0.5363160601,0.6774246022,0.6998307674
rotation_sigma0.0063,rotation,0.0063,topology_pair,up60k__to__original,nicp_p2p,45,0.02278872947,0.00213640545,0.09374833527,0.01861572643,0.01956404416,0.02136439673,0.02259335784,0.02346642646,0.02613188206,0.02896993637,0.002102029729,0.01035420994,0.2727844067,0.1776882351,0.310796921,0.6030991807
rotation_sigma0.0063,rotation,0.0063,topology_pair,up60k__to__original,nicp_p2tri,45,0.02085378042,0.002252290712,0.1080039526,0.01642880735,0.01743242106,0.01944574074,0.02072533895,0.02162987892,0.02430260589,0.02742060633,0.002184138177,0.01099179898,0.2875810794,0.1846290052,0.3299350987,0.5532349387
rotation_sigma0.0063,rotation,0.0063,topology_pair,up60k__to__remesh,latent_distance,45,0.4156464451,0.09156709717,0.2203004458,0.2561780214,0.2719404578,0.3541182578,0.436420083,0.4865015447,0.5454105258,0.6010436416,0.132383287,0.3448656201,14.49785051,14.03157876,12.90165213,13.07171721
rotation_sigma0.0063,rotation,0.0063,topology_pair,up60k__to__remesh,raw_chamfer,45,0.03516908962,0.006315908492,0.1795869203,0.02437538721,0.02714535583,0.03054913007,0.03338659153,0.03998379805,0.04510786805,0.0511057328,0.009434667985,0.0267303456,1,1,1,1
rotation_sigma0.0063,rotation,0.0063,topology_pair,up60k__to__remesh,rigid_p2p,45,0.02791355563,0.005664887933,0.2029439749,0.01973520644,0.02109238975,0.0238405681,0.02655800029,0.02980890146,0.03858423268,0.04341419224,0.005968333359,0.02367898581,0.8969236872,0.6325960138,0.8858466016,0.7954690514
rotation_sigma0.0063,rotation,0.0063,topology_pair,up60k__to__remesh,nicp_p2p,45,0.02263660372,0.001807819329,0.07986265744,0.01937295573,0.01966323648,0.02180837923,0.02268391336,0.02363941681,0.02571117919,0.02692712243,0.001831037579,0.007554166701,0.2862326664,0.1940754653,0.2826063985,0.6794318415
rotation_sigma0.0063,rotation,0.0063,topology_pair,up60k__to__remesh,nicp_p2tri,45,0.02067654756,0.001936690976,0.09366607123,0.01719877571,0.01743314501,0.0197784419,0.02070625746,0.02172776859,0.02397811343,0.02523884414,0.001949326691,0.008040068424,0.3066369595,0.2066131733,0.3007843051,0.620196807
rotation_sigma0.0158,rotation,0.0158,overall,all,latent_distance,1350,0.4446907652,0.1032404918,0.2321624371,0.2014486939,0.2776622027,0.3702934608,0.4422879815,0.514614448,0.6191748202,0.7089753151,0.1443209872,0.5075266212,6.291294569,7.948688184,5.629687899,11.36677058
rotation_sigma0.0158,rotation,0.0158,overall,all,raw_chamfer,1350,0.043780003,0.0164100553,0.3748299264,0.02180744412,0.02635886966,0.03184255005,0.0389106104,0.04999912933,0.07946586901,0.1119592661,0.01815657928,0.09015182197,1,1,1,1
rotation_sigma0.0158,rotation,0.0158,overall,all,rigid_p2p,1350,0.03117380976,0.008666668666,0.278011213,0.01917977992,0.0216645799,0.02471424002,0.02869587876,0.03578574023,0.04867529777,0.07936106696,0.0110715002,0.06018128704,0.5281315941,0.6097789697,0.6675548617,0.7374821022
rotation_sigma0.0158,rotation,0.0158,overall,all,nicp_p2p,1350,0.02371581139,0.002858345763,0.1205248986,0.01872851419,0.01978862605,0.02180646115,0.02315358331,0.02518891157,0.02930856152,0.03555446501,0.003382450415,0.01682595082,0.1741825795,0.1862933741,0.1866401638,0.595045492
rotation_sigma0.0158,rotation,0.0158,overall,all,nicp_p2tri,1350,0.02172603131,0.00303858662,0.1398592581,0.01608705959,0.01745064621,0.01966934868,0.02117488505,0.02327042506,0.02766149276,0.03391618361,0.003601076374,0.01782912401,0.1851661414,0.1983345166,0.1977677613,0.5441930834
rotation_sigma0.0158,rotation,0.0158,topology_pair,crop__to__down8k,latent_distance,45,0.4602209999,0.09099226802,0.1977142895,0.2778505385,0.346367687,0.3946346939,0.4396417737,0.547542274,0.5881232738,0.699095428,0.1529075801,0.4212448895,5.834455875,6.116460182,7.176707808,6.559451283
rotation_sigma0.0158,rotation,0.0158,topology_pair,crop__to__down8k,raw_chamfer,45,0.06525520031,0.01559567335,0.2389951035,0.03521612424,0.03936090857,0.05147591951,0.06702416936,0.07647527789,0.08524366104,0.0939122424,0.02499935838,0.05869611816,1,1,1,1
rotation_sigma0.0158,rotation,0.0158,topology_pair,crop__to__down8k,rigid_p2p,45,0.04490732113,0.01237237114,0.2755090001,0.02520988069,0.02689661158,0.0377069274,0.04342483638,0.05270735561,0.06539253143,0.07936106696,0.0150004282,0.05415118627,0.793320741,0.6000325278,0.9225684418,0.6478981656
rotation_sigma0.0158,rotation,0.0158,topology_pair,crop__to__down8k,nicp_p2p,45,0.02461624891,0.002408159755,0.0978280551,0.01927515828,0.02099375872,0.02272066696,0.02468879226,0.02607575866,0.02840779866,0.0304463688,0.003355091704,0.01117121052,0.1544120411,0.1342071125,0.1903228164,0.368356557
rotation_sigma0.0158,rotation,0.0158,topology_pair,crop__to__down8k,nicp_p2tri,45,0.02277852697,0.002507127805,0.1100654054,0.01722315206,0.018964304,0.02077784972,0.02282553715,0.02442771594,0.02673596779,0.0287891116,0.003649866221,0.01156595954,0.1607579069,0.1459983958,0.1970481166,0.3405568077
rotation_sigma0.0158,rotation,0.0158,topology_pair,crop__to__noisy,latent_distance,45,0.4602787084,0.09201287291,0.1999068635,0.2717785239,0.3259148121,0.3896056712,0.4546052814,0.5194641948,0.619049418,0.6641495228,0.1298585236,0.3923709989,7.375004708,6.466740285,8.445905641,8.652137619
rotation_sigma0.0158,rotation,0.0158,topology_pair,crop__to__noisy,raw_chamfer,45,0.05203450438,0.01247631379,0.2397700129,0.03081039548,0.03171270336,0.04097865339,0.05254253935,0.06105963977,0.07091185475,0.07726734344,0.02008098638,0.04645694796,1,1,1,1
rotation_sigma0.0158,rotation,0.0158,topology_pair,crop__to__noisy,rigid_p2p,45,0.03815241711,0.009734511716,0.2551479684,0.02329956329,0.02378825349,0.03247883976,0.03699802919,0.04341763915,0.05437894654,0.06807279592,0.01093879939,0.04477323263,0.7802394107,0.544734167,0.9637575131,0.7041538083
rotation_sigma0.0158,rotation,0.0158,topology_pair,crop__to__noisy,nicp_p2p,45,0.02427866724,0.001956635842,0.08059074342,0.01991779079,0.02151589338,0.02303042511,0.02412907736,0.02592913608,0.02722098384,0.02884907763,0.002898710965,0.008931286844,0.1568280404,0.1443510249,0.1922486783,0.4592293721
rotation_sigma0.0158,rotation,0.0158,topology_pair,crop__to__noisy,nicp_p2tri,45,0.02215750128,0.002061228315,0.09302620766,0.01773178577,0.0191417666,0.02072929448,0.02206300813,0.02385405692,0.02526835481,0.02679892585,0.003124762438,0.009067140071,0.1652113237,0.1556080154,0.1951729605,0.4199075341
rotation_sigma0.0158,rotation,0.0158,topology_pair,crop__to__original,latent_distance,45,0.4647103131,0.09318296723,0.2005183974,0.2880620658,0.3362960815,0.4041030407,0.4534181356,0.521653235,0.6150088191,0.6749536991,0.1175501943,0.3868916333,7.798597536,6.070440752,8.729401686,8.722440043
rotation_sigma0.0158,rotation,0.0158,topology_pair,crop__to__original,raw_chamfer,45,0.05133855167,0.01194868267,0.2327428858,0.03170989614,0.03237391161,0.04137024848,0.05198294668,0.06073460752,0.07088609643,0.07603041742,0.01936435904,0.04432052129,1,1,1,1
rotation_sigma0.0158,rotation,0.0158,topology_pair,crop__to__original,rigid_p2p,45,0.03990952282,0.01036283477,0.2596581978,0.02334434305,0.02501544732,0.03249890865,0.03828291461,0.04519915765,0.0580122873,0.07261861813,0.012700249,0.04927427509,0.867278432,0.655856926,1.111771109,0.7364514144
rotation_sigma0.0158,rotation,0.0158,topology_pair,crop__to__original,nicp_p2p,45,0.02430798703,0.001992983902,0.08198884999,0.01988541602,0.0213502242,0.02301048858,0.02420809586,0.02603601375,0.0271931932,0.02778725315,0.00302552517,0.007901837134,0.1667952826,0.1562419475,0.178288452,0.4656930283
rotation_sigma0.0158,rotation,0.0158,topology_pair,crop__to__original,nicp_p2tri,45,0.0223917288,0.002088564879,0.09327394496,0.01784559115,0.01936932348,0.0209682723,0.0224635631,0.02436093817,0.02530684806,0.02634963947,0.003392665862,0.008504048319,0.1747945725,0.1752015574,0.1918760897,0.4321333156
rotation_sigma0.0158,rotation,0.0158,topology_pair,crop__to__remesh,latent_distance,45,0.4819434033,0.08537051239,0.1771380453,0.3127374053,0.3667220533,0.4246589243,0.4707291126,0.5446711183,0.6072689891,0.7089753151,0.1200121939,0.3962379098,5.446544504,5.050904647,6.535908174,8.371353259
rotation_sigma0.0158,rotation,0.0158,topology_pair,crop__to__remesh,raw_chamfer,45,0.05787173173,0.01567425224,0.2708447073,0.02939872228,0.03309582219,0.04682807386,0.05623094595,0.07058860832,0.08244872948,0.09002348922,0.02376053446,0.06062476694,1,1,1,1
rotation_sigma0.0158,rotation,0.0158,topology_pair,crop__to__remesh,rigid_p2p,45,0.03702771703,0.0111831623,0.3020213827,0.02179938943,0.02485523815,0.02802573374,0.0351391103,0.04153796789,0.06053600946,0.07329774628,0.01351223416,0.05149835685,0.7134734164,0.5686839317,0.8494606981,0.6249069744
rotation_sigma0.0158,rotation,0.0158,topology_pair,crop__to__remesh,nicp_p2p,45,0.02397040934,0.002221733112,0.09268649028,0.01896882837,0.02089261449,0.02216604672,0.02405067139,0.02544747994,0.02733822297,0.02932403152,0.003281433217,0.01035520316,0.1417441214,0.1381043521,0.1708081314,0.4277123741
rotation_sigma0.0158,rotation,0.0158,topology_pair,crop__to__remesh,nicp_p2tri,45,0.02205746127,0.002329663876,0.1056179516,0.01694215064,0.01873932016,0.02027536269,0.02219367836,0.02353805014,0.02559891943,0.02751791862,0.003262687452,0.01057576798,0.148629985,0.1373154066,0.1744463281,0.394687978
rotation_sigma0.0158,rotation,0.0158,topology_pair,crop__to__up60k,latent_distance,45,0.474523433,0.08782690517,0.1850844427,0.3032079041,0.3570467949,0.405916065,0.4543183148,0.5520703793,0.611104846,0.7045474052,0.1461543143,0.4013395011,5.856666553,6.013036763,7.206240255,7.353373676
rotation_sigma0.0158,rotation,0.0158,topology_pair,crop__to__up60k,raw_chamfer,45,0.0602105924,0.01499605695,0.2490601131,0.03092058228,0.03612162596,0.04714903002,0.0617836567,0.07145526995,0.08127186333,0.08661391014,0.02430623993,0.05569332786,1,1,1,1
rotation_sigma0.0158,rotation,0.0158,topology_pair,crop__to__up60k,rigid_p2p,45,0.04036498329,0.01028668372,0.2548417683,0.0237704715,0.02576885085,0.03342548103,0.03902891341,0.04638060929,0.05987154032,0.06843323979,0.01295512826,0.04466276828,0.6859592326,0.5329959836,0.8019410943,0.6317028726
rotation_sigma0.0158,rotation,0.0158,topology_pair,crop__to__up60k,nicp_p2p,45,0.02453529117,0.002020257961,0.08234090017,0.01979287968,0.02165265872,0.02323154489,0.02430017676,0.02553929399,0.02754293965,0.02960052651,0.002307749105,0.00980764683,0.1347192777,0.09494471839,0.17610093,0.3933107566
rotation_sigma0.0158,rotation,0.0158,topology_pair,crop__to__up60k,nicp_p2tri,45,0.0226844635,0.00210528092,0.09280717262,0.01801356995,0.01970320456,0.02125149355,0.02237391917,0.02386327366,0.02580006489,0.02784216463,0.00261178011,0.009828594681,0.1403889654,0.1074530704,0.1764770586,0.3621332948
rotation_sigma0.0158,rotation,0.0158,topology_pair,down8k__to__crop,latent_distance,45,0.4776067923,0.106404639,0.2227871144,0.2036454827,0.3273269355,0.4210937023,0.468218565,0.540889442,0.6411369681,0.6823195219,0.1197957397,0.4786740392,5.67357974,3.70056115,6.414285839,6.440652398
rotation_sigma0.0158,rotation,0.0158,topology_pair,down8k__to__crop,raw_chamfer,45,0.07269344398,0.01875440972,0.257993138,0.03733302534,0.04767931543,0.05538514443,0.07269738158,0.08775746171,0.1013287936,0.1119592661,0.03237231728,0.07462624075,1,1,1,1
rotation_sigma0.0158,rotation,0.0158,topology_pair,down8k__to__crop,rigid_p2p,45,0.03760429777,0.007417152709,0.1972421544,0.02520628403,0.02861640231,0.0312991283,0.03704083323,0.04154665789,0.05111242719,0.05849003875,0.01024752959,0.03328375472,0.3954884648,0.3165522412,0.4460060481,0.5095208717
rotation_sigma0.0158,rotation,0.0158,topology_pair,down8k__to__crop,nicp_p2p,45,0.02847021199,0.002580107086,0.09062479361,0.02342976559,0.02461720895,0.02669031986,0.02872672517,0.02988211849,0.03251051667,0.03476323422,0.003191798632,0.01133346863,0.137573356,0.09859654483,0.1518697514,0.3951548811
rotation_sigma0.0158,rotation,0.0158,topology_pair,down8k__to__crop,nicp_p2tri,45,0.02676369455,0.002726071713,0.1018570776,0.02155535305,0.0226264863,0.02484640745,0.02701698031,0.02807503575,0.03113136254,0.03327485688,0.0032286283,0.01171950382,0.1453563057,0.09973423505,0.1570426663,0.371636223
rotation_sigma0.0158,rotation,0.0158,topology_pair,down8k__to__noisy,latent_distance,45,0.4342645364,0.1051669246,0.2421724912,0.2289674133,0.2556841195,0.3488869071,0.4432991445,0.5039093494,0.5884514213,0.6635883451,0.1550224423,0.4346209317,14.22819938,14.57370905,14.08301413,11.45458095
rotation_sigma0.0158,rotation,0.0158,topology_pair,down8k__to__noisy,raw_chamfer,45,0.03806739649,0.007391442995,0.1941672843,0.02539959774,0.02690243135,0.03239906918,0.03870059904,0.04303619949,0.04910884616,0.05626095509,0.01063713032,0.03086135736,1,1,1,1
rotation_sigma0.0158,rotation,0.0158,topology_pair,down8k__to__noisy,rigid_p2p,45,0.02610256782,0.00449851911,0.1723400985,0.02010066139,0.02070368966,0.0227581516,0.02485971491,0.02841818028,0.03381614669,0.03942951736,0.005660028681,0.01932885597,0.6086117573,0.5321010941,0.6263125677,0.6423599512
rotation_sigma0.0158,rotation,0.0158,topology_pair,down8k__to__noisy,nicp_p2p,45,0.02287288999,0.002056860281,0.08992568419,0.01962996618,0.01982167122,0.02152296908,0.0226561988,0.02411696229,0.0265914785,0.02832275218,0.002593993213,0.008692786002,0.278275877,0.2438621259,0.2816721864,0.5854224318
rotation_sigma0.0158,rotation,0.0158,topology_pair,down8k__to__noisy,nicp_p2tri,45,0.02057741545,0.00225778541,0.1097215253,0.01701544573,0.01715313364,0.01904689736,0.02023911036,0.02192913844,0.02478309351,0.02652842794,0.002882241075,0.009512982209,0.3054593551,0.2709603989,0.3082489891,0.5229663329
rotation_sigma0.0158,rotation,0.0158,topology_pair,down8k__to__original,latent_distance,45,0.44357059,0.1083411625,0.2442478491,0.2342766523,0.2579816818,0.3705911636,0.4484435022,0.5203664899,0.6056801081,0.7035613656,0.1497753263,0.4692847133,12.17427581,12.8960649,12.85462463,10.66058844
rotation_sigma0.0158,rotation,0.0158,topology_pair,down8k__to__original,raw_chamfer,45,0.04171821959,0.008899187452,0.2133165686,0.02690226617,0.02703920673,0.0363598989,0.04206554869,0.04797393213,0.05554948985,0.06340933867,0.01161403323,0.03650707251,1,1,1,1
rotation_sigma0.0158,rotation,0.0158,topology_pair,down8k__to__original,rigid_p2p,45,0.02762321019,0.005374142667,0.1945517059,0.01972570156,0.02056368031,0.02390322337,0.02656995613,0.02967043634,0.03663437041,0.04238802421,0.005767212969,0.02266232265,0.6038913885,0.4965727974,0.620765268,0.6316322253
rotation_sigma0.0158,rotation,0.0158,topology_pair,down8k__to__original,nicp_p2p,45,0.02306336147,0.00239265991,0.103742896,0.01920944223,0.01933090216,0.02173738309,0.02288690064,0.02439381403,0.02762962841,0.02991359417,0.002656430943,0.01070415193,0.2688627387,0.2287259637,0.2932076224,0.5440770739
rotation_sigma0.0158,rotation,0.0158,topology_pair,down8k__to__original,nicp_p2tri,45,0.02101097537,0.002550133188,0.1213714805,0.01685553351,0.01692025212,0.01964999946,0.02079062955,0.02249308136,0.02588039328,0.02826731055,0.002843081907,0.01141177705,0.2865579809,0.2447971218,0.3125908561,0.4942436316
rotation_sigma0.0158,rotation,0.0158,topology_pair,down8k__to__remesh,latent_distance,45,0.4232540501,0.08841278281,0.2088882145,0.2670082152,0.2816586673,0.3677442372,0.4307427406,0.4920746088,0.5392289281,0.6058947444,0.1243303716,0.3388865292,13.94234905,12.0672322,13.79055925,10.99429484
rotation_sigma0.0158,rotation,0.0158,topology_pair,down8k__to__remesh,raw_chamfer,45,0.03901817152,0.006341311817,0.162522014,0.02807805384,0.02914916413,0.03315825206,0.03917875106,0.04346139113,0.05140070111,0.05265185996,0.01030313907,0.02457380612,1,1,1,1
rotation_sigma0.0158,rotation,0.0158,topology_pair,down8k__to__remesh,rigid_p2p,45,0.02912612631,0.006048496714,0.2076656762,0.02088059245,0.02236549189,0.02401113047,0.02792442578,0.0318684328,0.0398279147,0.04580820692,0.007857302332,0.02492761447,0.9538242068,0.7626124695,1.014397784,0.712744154
rotation_sigma0.0158,rotation,0.0158,topology_pair,down8k__to__remesh,nicp_p2p,45,0.02314195951,0.001894506404,0.08186456307,0.0197976363,0.02021407505,0.0219122683,0.02307698871,0.02433860358,0.02662359665,0.02808326841,0.002426335271,0.00828563211,0.2987562288,0.2354947608,0.3371733329,0.5890179774
rotation_sigma0.0158,rotation,0.0158,topology_pair,down8k__to__remesh,nicp_p2tri,45,0.02108600187,0.002055153282,0.09746528978,0.01748536047,0.01795463287,0.01965963997,0.02095505274,0.02239489913,0.02488360211,0.02635158008,0.002735259157,0.008866219611,0.3240896113,0.2654782331,0.3607996079,0.5348575995
rotation_sigma0.0158,rotation,0.0158,topology_pair,down8k__to__up60k,latent_distance,45,0.4192358365,0.1027421583,0.245070076,0.2364508361,0.2626842558,0.3521025479,0.4094512463,0.4936758578,0.5681989074,0.6662213802,0.1415733099,0.4297705442,15.17691289,13.15362934,14.89356248,12.01299033
rotation_sigma0.0158,rotation,0.0158,topology_pair,down8k__to__up60k,raw_chamfer,45,0.03481615144,0.006769634845,0.1944394933,0.02242163238,0.02498420313,0.02891033891,0.03408404026,0.03967339953,0.04663131117,0.05127776029,0.01076306062,0.02885612791,1,1,1,1
rotation_sigma0.0158,rotation,0.0158,topology_pair,down8k__to__up60k,rigid_p2p,45,0.02763183636,0.005382007268,0.1947755913,0.01917977992,0.02083448038,0.02427339389,0.02683695276,0.02934390195,0.03685690938,0.0432810642,0.005070508052,0.02410128429,0.7950217982,0.4711028053,0.8352223956,0.7873759258
rotation_sigma0.0158,rotation,0.0158,topology_pair,down8k__to__up60k,nicp_p2p,45,0.02280829015,0.002355061228,0.1032546155,0.01875628987,0.01899838315,0.02146279577,0.02259753332,0.02399764002,0.02694642462,0.03018963472,0.002534844248,0.01143334485,0.347886006,0.2355133301,0.3962189551,0.6629945613
rotation_sigma0.0158,rotation,0.0158,topology_pair,down8k__to__up60k,nicp_p2tri,45,0.0207017813,0.002538105934,0.1226032629,0.01608705959,0.01667614594,0.01919281466,0.02050831195,0.02197214702,0.02509825123,0.02856450714,0.002779332356,0.01247744754,0.3749250872,0.2582288119,0.4324020042,0.6016983842
rotation_sigma0.0158,rotation,0.0158,topology_pair,noisy__to__crop,latent_distance,45,0.4708594494,0.1018785036,0.2163671212,0.2080794871,0.3248032928,0.3967279196,0.4758937061,0.5436421037,0.6361531496,0.6507444382,0.1469141841,0.4426649511,6.117317085,5.177993697,7.063926798,8.874994191
rotation_sigma0.0158,rotation,0.0158,topology_pair,noisy__to__crop,raw_chamfer,45,0.05696658935,0.01665411522,0.2923488207,0.0277463596,0.0348357663,0.04264248153,0.05362186113,0.07101528241,0.08142004857,0.09041192278,0.02837280088,0.06266556319,1,1,1,1
rotation_sigma0.0158,rotation,0.0158,topology_pair,noisy__to__crop,rigid_p2p,45,0.03572190716,0.006781839679,0.1898509967,0.02459361909,0.02772684903,0.03071503046,0.0343214939,0.0395374658,0.04844134349,0.05551164066,0.008822435345,0.03091802157,0.4072170506,0.3109469306,0.4933813725,0.6400653236
rotation_sigma0.0158,rotation,0.0158,topology_pair,noisy__to__crop,nicp_p2p,45,0.02768878146,0.00227648991,0.08221704928,0.0231722872,0.0240578413,0.02584007734,0.02767525915,0.029484419,0.03079129132,0.03214740491,0.003644341654,0.008975117715,0.1366923358,0.1284449029,0.1432224855,0.5161189591
rotation_sigma0.0158,rotation,0.0158,topology_pair,noisy__to__crop,nicp_p2tri,45,0.0260283723,0.002374158426,0.09121424877,0.02133711583,0.02220303561,0.02403289442,0.02604940547,0.02800124734,0.0292909461,0.03060002606,0.003968352913,0.009262910234,0.1425568633,0.139864687,0.1478150002,0.4857982345
rotation_sigma0.0158,rotation,0.0158,topology_pair,noisy__to__down8k,latent_distance,45,0.4204389801,0.1010216451,0.2402765915,0.2335957289,0.2739807725,0.3333957493,0.4280693829,0.4883025289,0.5773578882,0.6650018096,0.1549067795,0.4314060807,13.87773133,22.15269468,13.48207102,13.44642347
rotation_sigma0.0158,rotation,0.0158,topology_pair,noisy__to__down8k,raw_chamfer,45,0.0335808333,0.007279406313,0.2167726527,0.02259151089,0.02414012732,0.02889445039,0.0318351853,0.03588713375,0.04914551254,0.0545900132,0.006992683363,0.03199850231,1,1,1,1
rotation_sigma0.0158,rotation,0.0158,topology_pair,noisy__to__down8k,rigid_p2p,45,0.02698475782,0.005752806633,0.2131872619,0.02003733592,0.02119355289,0.02302108413,0.02541243593,0.02942674281,0.03885615297,0.0485284994,0.006405658683,0.02849116348,0.7902851394,0.9160515857,0.8903905316,0.7982499767
rotation_sigma0.0158,rotation,0.0158,topology_pair,noisy__to__down8k,nicp_p2p,45,0.02189708181,0.001710100086,0.0780971684,0.01897715627,0.01934451489,0.02059896388,0.02177140602,0.02302720634,0.0255267807,0.02629777092,0.002428242465,0.007320614655,0.234923016,0.3472547432,0.2287799155,0.6838787276
rotation_sigma0.0158,rotation,0.0158,topology_pair,noisy__to__down8k,nicp_p2tri,45,0.01995181587,0.001820257579,0.09123267729,0.01682204022,0.01707394081,0.01865002616,0.01985445617,0.02121331472,0.02370500084,0.02450443232,0.002563288559,0.0076823921,0.2500557738,0.3665672283,0.2400859898,0.6236639109
rotation_sigma0.0158,rotation,0.0158,topology_pair,noisy__to__original,latent_distance,45,0.4269992034,0.1098477566,0.2572551793,0.2344320863,0.2450502455,0.3493362367,0.4317871034,0.4975857437,0.5981222749,0.6776967049,0.148249507,0.4432646185,18.71523968,14.16194115,19.3250678,13.59249985
rotation_sigma0.0158,rotation,0.0158,topology_pair,noisy__to__original,raw_chamfer,45,0.03184353384,0.005869428256,0.1843208824,0.02180744412,0.02395659243,0.02603513352,0.03176657041,0.03650329642,0.04049548244,0.04474473071,0.0104681629,0.02293728659,1,1,1,1
rotation_sigma0.0158,rotation,0.0158,topology_pair,noisy__to__original,rigid_p2p,45,0.02738781274,0.005239670567,0.1913139474,0.02062393491,0.02170180036,0.02373541019,0.02639117057,0.02925702995,0.03658801121,0.04545262778,0.00552161976,0.02482869287,0.8927054457,0.5274678865,1.082459896,0.8307843822
rotation_sigma0.0158,rotation,0.0158,topology_pair,noisy__to__original,nicp_p2p,45,0.02277982557,0.001935840485,0.08498047884,0.01938278357,0.01983906515,0.02146759729,0.02276644573,0.02354124069,0.02594739713,0.02835929133,0.002073643405,0.00897650776,0.3298175564,0.1980904791,0.3913500284,0.7166793719
rotation_sigma0.0158,rotation,0.0158,topology_pair,noisy__to__original,nicp_p2tri,45,0.02082328519,0.002041502741,0.09803941703,0.01723473684,0.01769050343,0.01938892823,0.0207135386,0.02165623452,0.02400331908,0.02690780046,0.002267306291,0.009673063615,0.3478196942,0.216590658,0.4217178687,0.6520546074
rotation_sigma0.0158,rotation,0.0158,topology_pair,noisy__to__remesh,latent_distance,45,0.4349167367,0.08983112707,0.2065478734,0.2519013286,0.3001022995,0.3558846116,0.4397664368,0.5040835738,0.5671785831,0.6614283919,0.1481989622,0.4095270634,14.68209039,17.89007207,16.3402704,13.35870733
rotation_sigma0.0158,rotation,0.0158,topology_pair,noisy__to__remesh,raw_chamfer,45,0.03480415976,0.006118415341,0.1757955193,0.02689634554,0.02763249494,0.03005500052,0.03291983467,0.03833886666,0.0458464147,0.05195878657,0.008283866138,0.02506244103,1,1,1,1
rotation_sigma0.0158,rotation,0.0158,topology_pair,noisy__to__remesh,rigid_p2p,45,0.02811795078,0.005849945518,0.2080502083,0.02066175108,0.02186130866,0.02370131203,0.02627037575,0.03049923334,0.03784404752,0.04658607474,0.006797921309,0.02592432366,0.9561210203,0.8206218203,1.034389413,0.7980105617
rotation_sigma0.0158,rotation,0.0158,topology_pair,noisy__to__remesh,nicp_p2p,45,0.02290444237,0.001581305814,0.06903926274,0.01987302594,0.02038734555,0.02222110316,0.02263199436,0.0238722894,0.02549932548,0.02733506874,0.001651186246,0.007462042799,0.2584502238,0.1993255587,0.297738069,0.6874880932
rotation_sigma0.0158,rotation,0.0158,topology_pair,noisy__to__remesh,nicp_p2tri,45,0.02101096499,0.001685352668,0.08021300633,0.01775778576,0.01837036777,0.02020033592,0.02068975389,0.0221335389,0.02382818363,0.02561736108,0.001933202976,0.007859575319,0.275455747,0.2333696541,0.313599753,0.6284889977
rotation_sigma0.0158,rotation,0.0158,topology_pair,noisy__to__up60k,latent_distance,45,0.4341401219,0.1005114621,0.2315184823,0.2547622025,0.2893340707,0.3549184501,0.4363401532,0.5127400756,0.5945641994,0.6742511392,0.1578216255,0.4194889367,16.45642498,22.03803214,16.44156632,13.85775166
rotation_sigma0.0158,rotation,0.0158,topology_pair,noisy__to__up60k,raw_chamfer,45,0.03266446004,0.006107733744,0.1869840719,0.02290889782,0.02399288923,0.02881737683,0.0314870813,0.03597870705,0.04449403862,0.04842282567,0.007161330215,0.02551392785,1,1,1,1
rotation_sigma0.0158,rotation,0.0158,topology_pair,noisy__to__up60k,rigid_p2p,45,0.02726242361,0.0050411941,0.1849136442,0.02054710063,0.02120216751,0.02368754061,0.02670106526,0.02905408623,0.03663889777,0.04427760165,0.00536654562,0.02373050102,0.8253788248,0.7493783221,0.9300998717,0.8480006452
rotation_sigma0.0158,rotation,0.0158,topology_pair,noisy__to__up60k,nicp_p2p,45,0.02296228072,0.001963816971,0.08552360259,0.01931859362,0.0198489192,0.02201654948,0.02272167846,0.02411682139,0.02587090507,0.02865724415,0.002100271913,0.009338650531,0.3215295646,0.2932795793,0.3660216721,0.7216190743
rotation_sigma0.0158,rotation,0.0158,topology_pair,noisy__to__up60k,nicp_p2tri,45,0.02108655454,0.002067330923,0.09804024259,0.01726459235,0.0177032953,0.02008484174,0.02094443478,0.02211563587,0.02397492206,0.02722135064,0.002030794133,0.009956758293,0.3384775777,0.2835777813,0.39024796,0.6651754916
rotation_sigma0.0158,rotation,0.0158,topology_pair,original__to__crop,latent_distance,45,0.4713527881,0.09927274484,0.2106124061,0.2137585431,0.3330981016,0.4004361629,0.4676386118,0.5468827486,0.6309538007,0.6467735171,0.1464465857,0.433014974,6.21071749,5.43363807,7.336347632,8.696710152
rotation_sigma0.0158,rotation,0.0158,topology_pair,original__to__crop,raw_chamfer,45,0.05633774262,0.01598410248,0.2837192571,0.02977264247,0.03466106731,0.04272368436,0.05377189806,0.06967553205,0.0797003031,0.08879587797,0.02695184769,0.0590232355,1,1,1,1
rotation_sigma0.0158,rotation,0.0158,topology_pair,original__to__crop,rigid_p2p,45,0.03479177678,0.007279535008,0.2092314817,0.02362501528,0.02580089204,0.02867523541,0.03340291638,0.03767753356,0.04758473521,0.05427711461,0.009002298154,0.03065209933,0.4554234444,0.3340141373,0.5193225866,0.6211965281
rotation_sigma0.0158,rotation,0.0158,topology_pair,original__to__crop,nicp_p2p,45,0.02688728469,0.002565400269,0.09541314039,0.02141658176,0.02315771106,0.02509055683,0.02682516356,0.02853802833,0.03075356543,0.03200431763,0.0034474715,0.01058773587,0.1604969858,0.1279122508,0.1793825056,0.498869568
rotation_sigma0.0158,rotation,0.0158,topology_pair,original__to__crop,nicp_p2tri,45,0.02509420341,0.002724568748,0.1085736297,0.01928575774,0.02122799551,0.02315484193,0.02507888084,0.02681298472,0.02914467929,0.03048297383,0.003658142784,0.01119721609,0.1704549099,0.1357288312,0.1897086121,0.466393818
rotation_sigma0.0158,rotation,0.0158,topology_pair,original__to__down8k,latent_distance,45,0.4292519281,0.1000435917,0.2330649792,0.2439016849,0.2889286041,0.3441722095,0.4265584946,0.4993535876,0.5891210794,0.6712630391,0.1551813781,0.4273613542,11.578862,15.41887903,11.51297717,12.646159
rotation_sigma0.0158,rotation,0.0158,topology_pair,original__to__down8k,raw_chamfer,45,0.03560215233,0.008640192079,0.2426873521,0.02302046492,0.02543009348,0.02965091453,0.03373028085,0.03971528936,0.0530098656,0.06014043379,0.01006437484,0.03711996887,1,1,1,1
rotation_sigma0.0158,rotation,0.0158,topology_pair,original__to__down8k,rigid_p2p,45,0.02799321838,0.006823521776,0.2437562442,0.0201947165,0.02042105976,0.02313872574,0.02584756263,0.03135345895,0.04120513112,0.05176820848,0.008214733209,0.03157349199,0.7897419077,0.8162189249,0.8505797,0.7663014353
rotation_sigma0.0158,rotation,0.0158,topology_pair,original__to__down8k,nicp_p2p,45,0.02127365549,0.001588857249,0.07468661178,0.01877410272,0.01919956943,0.01980591708,0.02099863914,0.02218595956,0.02394630915,0.0254616051,0.002380042484,0.006687502377,0.1838914268,0.2364819001,0.1801591591,0.6225456359
rotation_sigma0.0158,rotation,0.0158,topology_pair,original__to__down8k,nicp_p2tri,45,0.01921096465,0.001706375372,0.08882299265,0.01635790536,0.01700619245,0.0176583314,0.01906478868,0.02011364396,0.0219342456,0.02365190429,0.002455312566,0.00729399893,0.197492759,0.2439607631,0.1964979808,0.565212865
rotation_sigma0.0158,rotation,0.0158,topology_pair,original__to__noisy,latent_distance,45,0.4275405112,0.1042926087,0.2439362023,0.2296530753,0.2570468426,0.3486456573,0.4363868237,0.4979444742,0.6042886257,0.6359617114,0.1492988169,0.4063086361,18.26403517,21.26184713,15.45313994,14.71828423
rotation_sigma0.0158,rotation,0.0158,topology_pair,original__to__noisy,raw_chamfer,45,0.03084422932,0.005710272002,0.1851325881,0.02234098136,0.0235051447,0.026602504,0.02964929994,0.03362441588,0.04038676031,0.04863393138,0.007021911878,0.02629295001,1,1,1,1
rotation_sigma0.0158,rotation,0.0158,topology_pair,original__to__noisy,rigid_p2p,45,0.0260846742,0.005140656317,0.1970757342,0.02020315218,0.02083385197,0.02248853608,0.02445851689,0.0279034071,0.03506882298,0.04607462556,0.005414871016,0.02587147338,0.9002471889,0.7711391299,0.9839699757,0.8249272982
rotation_sigma0.0158,rotation,0.0158,topology_pair,original__to__noisy,nicp_p2p,45,0.02184526156,0.001494902184,0.06843141612,0.01926589348,0.01988692837,0.02069141614,0.02160367896,0.02280162266,0.02451832678,0.02577290731,0.002110206525,0.006507013834,0.2617917646,0.3005173749,0.2474813146,0.7286404402
rotation_sigma0.0158,rotation,0.0158,topology_pair,original__to__noisy,nicp_p2tri,45,0.0195217056,0.001665391801,0.08530974876,0.01673317566,0.01730917771,0.01840933345,0.01928688133,0.02068977201,0.02273017494,0.02394802845,0.002280438563,0.007214852791,0.2916484189,0.3247603506,0.2744025599,0.6505003953
rotation_sigma0.0158,rotation,0.0158,topology_pair,original__to__remesh,latent_distance,45,0.4477891823,0.09054165851,0.2021970653,0.265704602,0.3149611473,0.3710538447,0.452513963,0.5227236748,0.5789903045,0.6734540462,0.1516698301,0.4077494442,12.92289018,17.88773775,13.32215709,13.1894283
rotation_sigma0.0158,rotation,0.0158,topology_pair,original__to__remesh,raw_chamfer,45,0.03596719112,0.007006301011,0.1947970023,0.0262848766,0.02831785653,0.0312447184,0.03430883832,0.03972370172,0.05083516286,0.05689174016,0.008478983322,0.03060686356,1,1,1,1
rotation_sigma0.0158,rotation,0.0158,topology_pair,original__to__remesh,rigid_p2p,45,0.02786735751,0.006286789366,0.2255968965,0.01972690627,0.02030526419,0.02306681435,0.02630955636,0.03032578856,0.03939809299,0.04970199922,0.007258974214,0.02997509294,0.8973050625,0.8561137508,0.9793585313,0.7668448613
rotation_sigma0.0158,rotation,0.0158,topology_pair,original__to__remesh,nicp_p2p,45,0.02205362198,0.001800543631,0.0816438965,0.01897376175,0.0190819561,0.02090812315,0.02221339955,0.02303862245,0.02474001956,0.02690429888,0.002130499305,0.007930537131,0.2569891913,0.2512682504,0.2591097619,0.647454144
rotation_sigma0.0158,rotation,0.0158,topology_pair,original__to__remesh,nicp_p2tri,45,0.020004314,0.001974883679,0.0987228894,0.01649225011,0.01675916584,0.01888353948,0.02021895424,0.02102765538,0.02292360707,0.02517922643,0.0021441159,0.008686976319,0.2818725139,0.2528741735,0.2838244534,0.5893220299
rotation_sigma0.0158,rotation,0.0158,topology_pair,original__to__up60k,latent_distance,45,0.4448742443,0.09778665512,0.2198074094,0.273319155,0.3065174222,0.3663107455,0.4302177727,0.5252658725,0.5994499803,0.6802666187,0.158955127,0.4069474638,13.34162803,17.21987841,13.20287299,13.2169398
rotation_sigma0.0158,rotation,0.0158,topology_pair,original__to__up60k,raw_chamfer,45,0.03403409764,0.007329439474,0.215355775,0.02269955412,0.02444229962,0.02896381903,0.03255048289,0.03819472783,0.04855777203,0.05352219888,0.009230908791,0.03082264475,1,1,1,1
rotation_sigma0.0158,rotation,0.0158,topology_pair,original__to__up60k,rigid_p2p,45,0.02766938837,0.005783657774,0.2090273083,0.02070589104,0.02104103728,0.02342595075,0.02623883395,0.03077341747,0.03722783477,0.04927305546,0.007347466727,0.02856716442,0.7890996023,0.7959635278,0.9268239196,0.806096611
rotation_sigma0.0158,rotation,0.0158,topology_pair,original__to__up60k,nicp_p2p,45,0.0222046673,0.001931276997,0.08697617354,0.01872851419,0.0195467892,0.02114095493,0.0219338503,0.02346463737,0.02548055925,0.02777663826,0.002323682442,0.009048124067,0.2634958654,0.2517284587,0.293554435,0.673841011
rotation_sigma0.0158,rotation,0.0158,topology_pair,original__to__up60k,nicp_p2tri,45,0.020196867,0.002047247738,0.1013646194,0.01648547628,0.01723849159,0.01899122727,0.02002854956,0.02155020279,0.02352998381,0.02620853397,0.002558975525,0.009723057689,0.2793184588,0.2772181572,0.315451765,0.6153072945
rotation_sigma0.0158,rotation,0.0158,topology_pair,remesh__to__crop,latent_distance,45,0.4904181865,0.107038938,0.2182605396,0.204092145,0.3313661695,0.4204674363,0.484792769,0.5789927244,0.6758794308,0.700919807,0.1585252881,0.496827662,6.013642781,6.448489882,6.850874504,7.871615362
rotation_sigma0.0158,rotation,0.0158,topology_pair,remesh__to__crop,raw_chamfer,45,0.06213261861,0.01779935089,0.286473535,0.02829462977,0.03879589916,0.04768091001,0.06158745653,0.07226422967,0.0907745378,0.1008149572,0.02458331966,0.0725203274,1,1,1,1
rotation_sigma0.0158,rotation,0.0158,topology_pair,remesh__to__crop,rigid_p2p,45,0.03483468954,0.006894050908,0.1979076317,0.02613492147,0.02677399776,0.02958328306,0.03352163747,0.03651017269,0.04896691498,0.05108022177,0.006926889634,0.0249453003,0.3873203551,0.2817719384,0.3439766641,0.5442932597
rotation_sigma0.0158,rotation,0.0158,topology_pair,remesh__to__crop,nicp_p2p,45,0.0279619178,0.002812953416,0.1005994452,0.02177755128,0.02424801301,0.02598591643,0.02745984974,0.02928965373,0.03244655658,0.03555446501,0.003303737303,0.01377691372,0.1580368539,0.1343893888,0.1899731319,0.4458675724
rotation_sigma0.0158,rotation,0.0158,topology_pair,remesh__to__crop,nicp_p2tri,45,0.02610391188,0.002963272688,0.1135183379,0.01958480304,0.02234305607,0.02393365294,0.02555883512,0.0276770502,0.03088512343,0.03391618361,0.003743397258,0.01433138057,0.1664820648,0.1522738715,0.1976188068,0.4150006602
rotation_sigma0.0158,rotation,0.0158,topology_pair,remesh__to__down8k,latent_distance,45,0.4125885112,0.1050660008,0.2546508154,0.2185306847,0.259765172,0.3230089247,0.4224350452,0.4852477908,0.5861404896,0.6203778982,0.1622388661,0.4018472135,16.13031079,19.54017557,13.00990466,11.26355768
rotation_sigma0.0158,rotation,0.0158,topology_pair,remesh__to__down8k,raw_chamfer,45,0.03787613544,0.006513575727,0.1719704413,0.02856113135,0.03001480177,0.03274868126,0.03750458402,0.0410515169,0.05009438881,0.05944892216,0.008302835639,0.03088779081,1,1,1,1
rotation_sigma0.0158,rotation,0.0158,topology_pair,remesh__to__down8k,rigid_p2p,45,0.0309450034,0.006767104627,0.2186816573,0.02112159617,0.0234812846,0.02741648116,0.02869562999,0.0350236075,0.04448500728,0.05422363673,0.007607126337,0.03310204056,1.038923152,0.916208229,1.071686893,0.7651232706
rotation_sigma0.0158,rotation,0.0158,topology_pair,remesh__to__down8k,nicp_p2p,45,0.0224250527,0.001903327297,0.08487504234,0.01966682436,0.01978748165,0.02086942113,0.02220351783,0.02375247337,0.02584482162,0.02733635289,0.002883052238,0.00766952853,0.2922092837,0.3472370601,0.2483029161,0.5920214398
rotation_sigma0.0158,rotation,0.0158,topology_pair,remesh__to__down8k,nicp_p2tri,45,0.02030901759,0.002052488791,0.1010629284,0.01733741691,0.0176056009,0.018547031,0.02010141244,0.0217666685,0.02381456978,0.02575585509,0.003219637508,0.008418438176,0.3151093773,0.3877756525,0.2725490543,0.5359721476
rotation_sigma0.0158,rotation,0.0158,topology_pair,remesh__to__noisy,latent_distance,45,0.4394342542,0.1096087903,0.2494316027,0.2014486939,0.2621349275,0.3695161343,0.4473387897,0.5095909834,0.6212478399,0.6767049432,0.1400748491,0.4752562493,17.80415295,14.0171701,17.9349831,12.91847913
rotation_sigma0.0158,rotation,0.0158,topology_pair,remesh__to__noisy,raw_chamfer,45,0.0366515808,0.006156360855,0.1679698589,0.02748729036,0.02895844958,0.03200775112,0.03462782153,0.0420008416,0.04646588605,0.05398613047,0.009993090485,0.0264988401,1,1,1,1
rotation_sigma0.0158,rotation,0.0158,topology_pair,remesh__to__noisy,rigid_p2p,45,0.02818935215,0.005181894287,0.1838245256,0.02128681624,0.02292316374,0.02461426094,0.02691279495,0.03039864576,0.0381234886,0.04577881774,0.005784384819,0.02449200149,0.8417138645,0.5788384312,0.9242669264,0.7772015032
rotation_sigma0.0158,rotation,0.0158,topology_pair,remesh__to__noisy,nicp_p2p,45,0.02301904064,0.001381042069,0.0599956397,0.02021592051,0.02072727056,0.02204613744,0.02282504717,0.02396966632,0.02528606776,0.02624800609,0.001923528878,0.006032085577,0.2243276671,0.1924858862,0.2276358344,0.659153425
rotation_sigma0.0158,rotation,0.0158,topology_pair,remesh__to__noisy,nicp_p2tri,45,0.02072792171,0.001489950187,0.07188131102,0.01788769439,0.01816383395,0.01977951688,0.02065030016,0.02170876979,0.02334084567,0.02414921828,0.001929252902,0.006261523894,0.2420180074,0.1930586843,0.2362942631,0.5963499651
rotation_sigma0.0158,rotation,0.0158,topology_pair,remesh__to__original,latent_distance,45,0.4503630416,0.1130263276,0.250967147,0.2043308765,0.2703545332,0.3860373795,0.4568279088,0.5169545412,0.6336946964,0.6809673905,0.1309171617,0.4766365141,15.8136526,11.06795438,17.72046072,12.46737313
rotation_sigma0.0158,rotation,0.0158,topology_pair,remesh__to__original,raw_chamfer,45,0.03842357925,0.007147389064,0.1860157019,0.02747430274,0.02962970693,0.03277480789,0.03664187348,0.04460329555,0.05129506328,0.05437182654,0.01182848765,0.0268975238,1,1,1,1
rotation_sigma0.0158,rotation,0.0158,topology_pair,remesh__to__original,rigid_p2p,45,0.02938696034,0.005845247937,0.1989061771,0.02164926005,0.02307975285,0.02561188428,0.0276936774,0.03169833324,0.04077078551,0.0486813247,0.006086448962,0.02703206465,0.8178158324,0.5145585083,1.005001979,0.7557931615
rotation_sigma0.0158,rotation,0.0158,topology_pair,remesh__to__original,nicp_p2p,45,0.02292816679,0.001613373541,0.07036644297,0.01916786904,0.02041157052,0.02181199534,0.02287018193,0.02384805238,0.02508691333,0.02737342997,0.002036057038,0.008205560933,0.2257290776,0.1721316451,0.3050675219,0.6241542737
rotation_sigma0.0158,rotation,0.0158,topology_pair,remesh__to__original,nicp_p2tri,45,0.02083401254,0.00169614001,0.08141206629,0.01688211045,0.01826499403,0.01972050165,0.02075662488,0.02190239105,0.02290610718,0.02546138819,0.002181889405,0.008579277742,0.2373090362,0.1844605556,0.3189616191,0.5664728058
rotation_sigma0.0158,rotation,0.0158,topology_pair,remesh__to__up60k,latent_distance,45,0.4194650441,0.1068404367,0.2547064128,0.2125813812,0.2669373155,0.338901639,0.4231987298,0.47606951,0.6020103693,0.6460704803,0.137167871,0.4334890991,17.16295736,13.91960907,14.9683687,12.53433411
rotation_sigma0.0158,rotation,0.0158,topology_pair,remesh__to__up60k,raw_chamfer,45,0.03481086491,0.006225059843,0.1788251989,0.02535344938,0.02693971885,0.03001919528,0.03376316014,0.03987348575,0.04503968422,0.05431379287,0.009854290472,0.02896034349,1,1,1,1
rotation_sigma0.0158,rotation,0.0158,topology_pair,remesh__to__up60k,rigid_p2p,45,0.02941838316,0.005615512991,0.1908844875,0.02187640727,0.02359388556,0.02585429472,0.02796193841,0.0311259715,0.04052281825,0.04999706956,0.005271676776,0.0281206623,0.9020817683,0.5349625923,0.9710058274,0.8281789468
rotation_sigma0.0158,rotation,0.0158,topology_pair,remesh__to__up60k,nicp_p2p,45,0.02313132789,0.001804940272,0.07803011917,0.01922677871,0.02027287464,0.02201767324,0.02300530299,0.02406069975,0.02653178088,0.02776607288,0.002043026506,0.008539294175,0.2899474571,0.2073235523,0.294861633,0.6813729192
rotation_sigma0.0158,rotation,0.0158,topology_pair,remesh__to__up60k,nicp_p2tri,45,0.02103034518,0.001922513858,0.09141618181,0.01700955247,0.01779560067,0.01999815488,0.02091312376,0.02192994735,0.0245930581,0.02587829559,0.001931792471,0.008868743118,0.3088345986,0.1960356737,0.3062374975,0.6194065861
rotation_sigma0.0158,rotation,0.0158,topology_pair,up60k__to__crop,latent_distance,45,0.4827433162,0.1032621716,0.2139069939,0.2083592117,0.3276475132,0.4257791936,0.4893770218,0.5511021018,0.6468216062,0.6633415818,0.1253229082,0.4549823701,5.64906421,4.181693957,6.129270729,7.377068553
rotation_sigma0.0158,rotation,0.0158,topology_pair,up60k__to__crop,raw_chamfer,45,0.06711183925,0.01827951813,0.2723739705,0.03085814623,0.0451387256,0.0506457083,0.06633759986,0.08061512009,0.09374427097,0.1050892237,0.02996941179,0.07423107744,1,1,1,1
rotation_sigma0.0158,rotation,0.0158,topology_pair,up60k__to__crop,rigid_p2p,45,0.03550965774,0.00675168803,0.1901366687,0.02385994803,0.02713850216,0.03006607131,0.03519601951,0.03915632178,0.04786024018,0.05319955229,0.009090250469,0.02933960426,0.369358097,0.3033176137,0.3952469137,0.5305591337
rotation_sigma0.0158,rotation,0.0158,topology_pair,up60k__to__crop,nicp_p2p,45,0.02787280245,0.00276137147,0.09907046394,0.02182289077,0.02382229658,0.02579708387,0.02760792536,0.02952289892,0.03236316939,0.03372870733,0.003725815043,0.01190581656,0.1510636906,0.1243205929,0.1603885726,0.4161731118
rotation_sigma0.0158,rotation,0.0158,topology_pair,up60k__to__crop,nicp_p2tri,45,0.02619367649,0.002900023462,0.11071464,0.01985426409,0.02196039859,0.02412395023,0.02599839788,0.02799425521,0.03092286454,0.03240266909,0.003870304982,0.012548405,0.1586487916,0.12914184,0.1690451685,0.391910439
rotation_sigma0.0158,rotation,0.0158,topology_pair,up60k__to__down8k,latent_distance,45,0.4041502376,0.1031025186,0.255109385,0.2034243643,0.2547181785,0.3183735311,0.402253598,0.486515373,0.544575274,0.620274961,0.1681418419,0.4168505967,17.4237292,24.68274786,14.47303723,12.70880728
rotation_sigma0.0158,rotation,0.0158,topology_pair,up60k__to__down8k,raw_chamfer,45,0.03241574944,0.005917362318,0.182545905,0.02311020864,0.0244997764,0.02799129593,0.03165156171,0.03480341599,0.0426217542,0.05191208277,0.006812120063,0.02880187413,1,1,1,1
rotation_sigma0.0158,rotation,0.0158,topology_pair,up60k__to__down8k,rigid_p2p,45,0.0271219013,0.005596584965,0.2063492859,0.02004192815,0.02058387116,0.02358357294,0.02545665546,0.02924809337,0.03778652969,0.04710532491,0.005664520439,0.02706339675,0.945790483,0.831535614,0.93964013,0.8042780226
rotation_sigma0.0158,rotation,0.0158,topology_pair,up60k__to__down8k,nicp_p2p,45,0.0216042883,0.001830487623,0.08472797611,0.0187452542,0.01931132375,0.02021180956,0.02134146108,0.02256499397,0.02543335353,0.02695874398,0.002353184407,0.008213489782,0.309341819,0.3454408298,0.2851720601,0.6742624986
rotation_sigma0.0158,rotation,0.0158,topology_pair,up60k__to__down8k,nicp_p2tri,45,0.01955671286,0.001972825318,0.1008771429,0.01634476004,0.01693430996,0.01816230449,0.0193830697,0.02069526025,0.02359963165,0.02523822992,0.00253295576,0.008893469878,0.3333960659,0.371830757,0.3087809438,0.6123890468
rotation_sigma0.0158,rotation,0.0158,topology_pair,up60k__to__noisy,latent_distance,45,0.4343012061,0.1059209067,0.2438881247,0.2186436951,0.2566084921,0.3519771993,0.4475188553,0.517757833,0.59276582,0.646769166,0.1657806337,0.4281254709,16.48931463,15.53192917,16.29061971,12.98214208
rotation_sigma0.0158,rotation,0.0158,topology_pair,up60k__to__noisy,raw_chamfer,45,0.03524391961,0.006423608811,0.1822614761,0.02277254567,0.02547552078,0.02980482026,0.03447188088,0.0404783581,0.04629328896,0.04905303582,0.01067353784,0.02628049015,1,1,1,1
rotation_sigma0.0158,rotation,0.0158,topology_pair,up60k__to__noisy,rigid_p2p,45,0.02607896555,0.004402860786,0.1688280456,0.02072979777,0.02095720662,0.02313360037,0.02519739695,0.02758001093,0.03528579632,0.04013761604,0.004446410559,0.01940781828,0.6854185732,0.4165826388,0.7384876831,0.7309550946
rotation_sigma0.0158,rotation,0.0158,topology_pair,up60k__to__noisy,nicp_p2p,45,0.02256707972,0.00166926368,0.07396897162,0.01979103482,0.02005101824,0.02164243774,0.02253595852,0.02331533072,0.02514297605,0.02693301797,0.001672892971,0.007141983155,0.2598638443,0.1567327531,0.2717598916,0.6537490251
rotation_sigma0.0158,rotation,0.0158,topology_pair,up60k__to__noisy,nicp_p2tri,45,0.02038205411,0.001835809714,0.09006990676,0.01721103509,0.01762648338,0.01939589766,0.02041036887,0.02115609517,0.02322243537,0.02513418715,0.001760197506,0.007923152066,0.2857910199,0.1649122842,0.3014841817,0.5920874739
rotation_sigma0.0158,rotation,0.0158,topology_pair,up60k__to__original,latent_distance,45,0.4445230911,0.1084435272,0.2439547673,0.2214949876,0.2659704387,0.3604731262,0.4523217082,0.5331524014,0.6129462838,0.6866915822,0.1726792753,0.4651965946,13.76753252,15.96548413,13.96073597,12.00819173
rotation_sigma0.0158,rotation,0.0158,topology_pair,up60k__to__original,raw_chamfer,45,0.03806952554,0.007876758388,0.2069045589,0.02272724248,0.02584507531,0.03322260491,0.03766776201,0.04403839188,0.04918665003,0.05604902404,0.01081578698,0.03332178156,1,1,1,1
rotation_sigma0.0158,rotation,0.0158,topology_pair,up60k__to__original,rigid_p2p,45,0.02748376085,0.005145601387,0.1872233358,0.02114462388,0.02146860683,0.02369671247,0.02654567472,0.02958756821,0.03729277762,0.04400197016,0.005890855741,0.02285734628,0.6532638344,0.5446534546,0.6859581094,0.7047319327
rotation_sigma0.0158,rotation,0.0158,topology_pair,up60k__to__original,nicp_p2p,45,0.02276588354,0.002023689726,0.0888913326,0.01921169061,0.0199372827,0.02150978413,0.0226480461,0.02327485013,0.02642777452,0.0287871522,0.001765066,0.00957546159,0.2569191063,0.1631934878,0.2873634344,0.6012580757
rotation_sigma0.0158,rotation,0.0158,topology_pair,up60k__to__original,nicp_p2tri,45,0.02083507941,0.002139054749,0.1026660233,0.01714045747,0.01779293508,0.0193752872,0.02067412118,0.02144505675,0.02469887668,0.02718866128,0.002069769554,0.01004820381,0.2715653628,0.1913655991,0.3015506176,0.5488545131
rotation_sigma0.0158,rotation,0.0158,topology_pair,up60k__to__remesh,latent_distance,45,0.414964258,0.0901540721,0.2172574393,0.2549360096,0.2756463826,0.3464694321,0.4331335723,0.4874390662,0.5375914931,0.6025646925,0.1409696341,0.3476286829,14.39621444,16.19643949,12.47719154,12.98036033
rotation_sigma0.0158,rotation,0.0158,topology_pair,up60k__to__remesh,raw_chamfer,45,0.03499532418,0.006262345733,0.1789480704,0.02310755456,0.0267684943,0.03025755173,0.03336837817,0.03896129394,0.04434416299,0.05096868675,0.008703742211,0.02786113219,1,1,1,1
rotation_sigma0.0158,rotation,0.0158,topology_pair,up60k__to__remesh,rigid_p2p,45,0.02791435159,0.005605028268,0.2007937834,0.01964931503,0.0206356733,0.02406258972,0.02596891125,0.03018674651,0.03725725796,0.04420002343,0.006124156797,0.0245507084,0.8950365417,0.7036234126,0.8811812897,0.778249129
rotation_sigma0.0158,rotation,0.0158,topology_pair,up60k__to__remesh,nicp_p2p,45,0.02263656218,0.001978708082,0.08741204012,0.01925220885,0.01943713805,0.02150821655,0.02265982476,0.02396170894,0.02563020455,0.02770361131,0.002453492391,0.008451402457,0.3159691537,0.281889368,0.3033402376,0.6790807945
rotation_sigma0.0158,rotation,0.0158,topology_pair,up60k__to__remesh,nicp_p2tri,45,0.02066960956,0.002140207104,0.1035436638,0.01707248145,0.01712995973,0.01931234446,0.02074514307,0.02214418391,0.02376604057,0.02608337393,0.002831839449,0.009010892482,0.3417580561,0.3253588377,0.3234216191,0.6217006702
rotation_sigma0.0398,rotation,0.0398,overall,all,latent_distance,1350,0.4462172332,0.1027134463,0.2301870898,0.1927248836,0.2791219711,0.3724347949,0.4446877837,0.5184222013,0.6189068556,0.7149902582,0.1459874064,0.5222653747,6.279549328,7.891437297,5.759317861,11.4867729
rotation_sigma0.0398,rotation,0.0398,overall,all,raw_chamfer,1350,0.04380169745,0.01635681813,0.3734288643,0.0218908452,0.02647090662,0.03195483278,0.03871302999,0.05045430263,0.07949405379,0.1125726564,0.01849946985,0.09068181116,1,1,1,1
rotation_sigma0.0398,rotation,0.0398,overall,all,rigid_p2p,1350,0.03126669477,0.008646929612,0.2765540034,0.0189109953,0.02192005085,0.02489526555,0.028805554,0.03578172146,0.04822010384,0.07947985556,0.01088645591,0.06056886027,0.5286437461,0.5884739401,0.6679273329,0.744079035
rotation_sigma0.0398,rotation,0.0398,overall,all,nicp_p2p,1350,0.02374129302,0.002817583896,0.1186786201,0.01857446738,0.01985639765,0.02185701289,0.02317854966,0.02518177322,0.02929550677,0.03486498044,0.003324760334,0.01629051305,0.172257457,0.179721925,0.1796447694,0.5987273448
rotation_sigma0.0398,rotation,0.0398,overall,all,nicp_p2tri,1350,0.02175616453,0.00299917622,0.137854088,0.01596547839,0.01766062016,0.01974433387,0.02115464574,0.02330428327,0.02765201691,0.03324616309,0.003559949399,0.0172806847,0.1833593915,0.1924352118,0.1905639563,0.5464476881
rotation_sigma0.0398,rotation,0.0398,topology_pair,crop__to__down8k,latent_distance,45,0.4624607934,0.09068168894,0.196085139,0.2921403646,0.3471320331,0.3853532672,0.438508004,0.5336696506,0.6021534801,0.6907452941,0.1483163834,0.3986049294,5.835737606,5.983146734,6.87439491,6.513409242
rotation_sigma0.0398,rotation,0.0398,topology_pair,crop__to__down8k,raw_chamfer,45,0.06526277867,0.01553902781,0.2380993902,0.03579825689,0.03944815533,0.05205643373,0.06732388334,0.0768454603,0.0846112948,0.09378225907,0.02478902657,0.05798400218,1,1,1,1
rotation_sigma0.0398,rotation,0.0398,topology_pair,crop__to__down8k,rigid_p2p,45,0.04478959719,0.01169983349,0.2612176537,0.02590230085,0.02799821405,0.03809117075,0.043578576,0.05349966471,0.06280438963,0.07947985556,0.01540849396,0.05357755471,0.7529321418,0.6215852775,0.9240058066,0.6472974201
rotation_sigma0.0398,rotation,0.0398,topology_pair,crop__to__down8k,nicp_p2p,45,0.02462019811,0.002265928601,0.09203535205,0.02010084186,0.02160603225,0.02303024248,0.02445390059,0.02598321763,0.0284108369,0.03040964142,0.002952975155,0.01030879956,0.145821774,0.1191242886,0.1777869615,0.3632277192
rotation_sigma0.0398,rotation,0.0398,topology_pair,crop__to__down8k,nicp_p2tri,45,0.02278752304,0.002353645516,0.1032865885,0.01827227979,0.01959898007,0.02107223217,0.02256360333,0.02436192613,0.02692381161,0.02870936852,0.003289693958,0.01043708873,0.1514667163,0.13270767,0.179999454,0.3351500569
rotation_sigma0.0398,rotation,0.0398,topology_pair,crop__to__noisy,latent_distance,45,0.4602563348,0.09432890152,0.2049486219,0.2751604021,0.3352086067,0.3799461126,0.4586477876,0.5259863138,0.6058494806,0.6621357203,0.1460402012,0.3869753182,7.391591571,7.34795388,7.834186978,8.769629069
rotation_sigma0.0398,rotation,0.0398,topology_pair,crop__to__noisy,raw_chamfer,45,0.05206684625,0.01276164959,0.2451012594,0.02920942928,0.03095232477,0.04168584411,0.05229956523,0.0615607921,0.07054845331,0.07860515079,0.01987494799,0.04939572151,1,1,1,1
rotation_sigma0.0398,rotation,0.0398,topology_pair,crop__to__noisy,rigid_p2p,45,0.03770676357,0.00968618284,0.2568818409,0.02475411362,0.02581469695,0.02996624567,0.03647456628,0.04279625333,0.05454573966,0.06886417852,0.01283000765,0.0441100649,0.7590071153,0.6455366655,0.892993635,0.6974162426
rotation_sigma0.0398,rotation,0.0398,topology_pair,crop__to__noisy,nicp_p2p,45,0.02415533445,0.001737380526,0.07192533514,0.01981739978,0.0216461454,0.02312689767,0.02393778064,0.02489375483,0.02653473047,0.02950110937,0.001766857162,0.009683709589,0.1361407484,0.08889870622,0.1960434891,0.4577051555
rotation_sigma0.0398,rotation,0.0398,topology_pair,crop__to__noisy,nicp_p2tri,45,0.02203556397,0.001831758952,0.08312739142,0.01766424859,0.01934964625,0.02088362111,0.02172599019,0.02286272168,0.02456216746,0.02758036527,0.00197910057,0.009916116686,0.1435362207,0.09957764776,0.2007484937,0.4154143555
rotation_sigma0.0398,rotation,0.0398,topology_pair,crop__to__original,latent_distance,45,0.4608035233,0.09567297532,0.2076220569,0.2913159728,0.3234048188,0.3863046169,0.4544938803,0.5199231505,0.6023453832,0.6650887132,0.1336185336,0.3737727404,7.812602054,6.558614798,7.62588102,8.766779958
rotation_sigma0.0398,rotation,0.0398,topology_pair,crop__to__original,raw_chamfer,45,0.05149809293,0.01224598087,0.237794842,0.02858526786,0.03220892039,0.0409908358,0.05184273843,0.06136381664,0.07056055352,0.07759898043,0.02037298084,0.04901371257,1,1,1,1
rotation_sigma0.0398,rotation,0.0398,topology_pair,crop__to__original,rigid_p2p,45,0.03927674515,0.01027475547,0.2615989545,0.02523980805,0.0261248646,0.03181448801,0.03782182224,0.04169133218,0.05860490503,0.07329412692,0.009876844174,0.04805431887,0.8390308275,0.4848011321,0.9804260146,0.7295490822
rotation_sigma0.0398,rotation,0.0398,topology_pair,crop__to__original,nicp_p2p,45,0.02422847063,0.002063936758,0.08518642344,0.01981559573,0.02145780485,0.02263271671,0.02407864393,0.02620299456,0.02685188189,0.02983208088,0.003570277848,0.01001648515,0.1685399299,0.1752457275,0.2043608742,0.4644554794
rotation_sigma0.0398,rotation,0.0398,topology_pair,crop__to__original,nicp_p2tri,45,0.02231160742,0.002162473487,0.09692145647,0.01789992063,0.01938010226,0.02058902087,0.02230627215,0.0244351334,0.02516808698,0.02804153714,0.003846112526,0.01014161651,0.1765863845,0.1887849676,0.206913861,0.4302680149
rotation_sigma0.0398,rotation,0.0398,topology_pair,crop__to__remesh,latent_distance,45,0.4856517474,0.08570319105,0.1764704678,0.3231319189,0.35835042,0.4249227643,0.4847600162,0.5474444032,0.6130416751,0.7149902582,0.1225216389,0.3918583393,5.370329183,5.104677292,6.244861476,8.667523891
rotation_sigma0.0398,rotation,0.0398,topology_pair,crop__to__remesh,raw_chamfer,45,0.05783367519,0.01595864762,0.2759404027,0.02878793607,0.03356700004,0.04670834238,0.05592831613,0.07071018067,0.08224693874,0.09153686025,0.02400183829,0.06274892419,1,1,1,1
rotation_sigma0.0398,rotation,0.0398,topology_pair,crop__to__remesh,rigid_p2p,45,0.03716661543,0.01188288373,0.3197192854,0.02204076457,0.02468374214,0.02868402872,0.03411450628,0.04152323963,0.06005104582,0.0794262533,0.01283921091,0.05738548873,0.7446046813,0.5349261484,0.9145254596,0.6099684138
rotation_sigma0.0398,rotation,0.0398,topology_pair,crop__to__remesh,nicp_p2p,45,0.024082699,0.002414160324,0.1002445915,0.01953202525,0.02099757906,0.02220648253,0.02399849632,0.02543068197,0.02724997009,0.03085224052,0.003224199443,0.01132021527,0.1512759966,0.1343313543,0.1804049299,0.4290938469
rotation_sigma0.0398,rotation,0.0398,topology_pair,crop__to__remesh,nicp_p2tri,45,0.02216026138,0.002558150718,0.1154386527,0.01740362925,0.01874852575,0.02015941404,0.02205622061,0.02364753419,0.02537579417,0.02927852327,0.003488120148,0.01187489402,0.1602987157,0.1453272081,0.1892445835,0.394365898
rotation_sigma0.0398,rotation,0.0398,topology_pair,crop__to__up60k,latent_distance,45,0.4748505129,0.08959164969,0.1886733767,0.3142048419,0.3560881793,0.4015206099,0.4620118141,0.5540522337,0.6173483253,0.7069901824,0.1525316238,0.3927853405,5.987968208,6.673648136,6.977158372,7.456409524
rotation_sigma0.0398,rotation,0.0398,topology_pair,crop__to__up60k,raw_chamfer,45,0.06007432961,0.01496194478,0.2490572076,0.0304052799,0.03564878261,0.04843092349,0.06196170055,0.071286732,0.08109220482,0.08670116995,0.02285580851,0.05629589005,1,1,1,1
rotation_sigma0.0398,rotation,0.0398,topology_pair,crop__to__up60k,rigid_p2p,45,0.04026500122,0.01029840253,0.2557656082,0.02540151489,0.02674236854,0.03293559999,0.03963629465,0.04563250003,0.05846975337,0.07096364976,0.01269690005,0.04556213486,0.6883064118,0.5555218072,0.809333236,0.6396902328
rotation_sigma0.0398,rotation,0.0398,topology_pair,crop__to__up60k,nicp_p2p,45,0.02447395635,0.001931932721,0.07893830869,0.02062544543,0.02162645347,0.0231364498,0.0244336106,0.02575912292,0.02727054256,0.03034315023,0.002622673122,0.009717704805,0.1291231019,0.1147486478,0.1726183705,0.3943340868
rotation_sigma0.0398,rotation,0.0398,topology_pair,crop__to__up60k,nicp_p2tri,45,0.02260821227,0.002017558153,0.08924005708,0.01871916412,0.0196434449,0.02126696575,0.02266070211,0.02391173988,0.02564943627,0.02859296549,0.002644774132,0.009873801371,0.1348459831,0.1157156235,0.1753911584,0.3657211133
rotation_sigma0.0398,rotation,0.0398,topology_pair,down8k__to__crop,latent_distance,45,0.4763840006,0.1050267874,0.2204666557,0.206449002,0.326676029,0.4153899848,0.4625422955,0.5415064692,0.6426407814,0.678257525,0.1261164844,0.4718085229,5.489245834,3.911442892,6.178451307,6.28766402
rotation_sigma0.0398,rotation,0.0398,topology_pair,down8k__to__crop,raw_chamfer,45,0.07254326145,0.01913319072,0.2637486975,0.03620909864,0.04615662239,0.05596124567,0.07356345599,0.08820420252,0.1011151942,0.1125726564,0.03224295686,0.07636355771,1,1,1,1
rotation_sigma0.0398,rotation,0.0398,topology_pair,down8k__to__crop,rigid_p2p,45,0.03772756111,0.007423610286,0.196768889,0.02479407414,0.02811359931,0.03187643773,0.03771593108,0.04160348624,0.05173075453,0.0586273461,0.009727048508,0.03383327196,0.387996461,0.3016797917,0.4430552082,0.5126992821
rotation_sigma0.0398,rotation,0.0398,topology_pair,down8k__to__crop,nicp_p2p,45,0.02839584588,0.002470175726,0.08699074282,0.02313574271,0.02464638643,0.0264381257,0.02875132441,0.0300852123,0.0324177803,0.0344128466,0.003647086602,0.0112771039,0.1291042233,0.1131126596,0.1476765126,0.3908370538
rotation_sigma0.0398,rotation,0.0398,topology_pair,down8k__to__crop,nicp_p2tri,45,0.02670435094,0.002611050197,0.09777620892,0.02119478055,0.02264645452,0.02446167247,0.02701691107,0.02820039259,0.03088500102,0.03288474292,0.003738720115,0.01168996237,0.1364670554,0.1159546295,0.1530829982,0.3672599486
rotation_sigma0.0398,rotation,0.0398,topology_pair,down8k__to__noisy,latent_distance,45,0.4365932392,0.1048339148,0.2401180443,0.2321960181,0.2589213789,0.3562149107,0.4409742653,0.5051336884,0.5944161177,0.6811852455,0.1489187777,0.4489892274,14.06917093,15.5326745,14.69972483,11.4746892
rotation_sigma0.0398,rotation,0.0398,topology_pair,down8k__to__noisy,raw_chamfer,45,0.03790434946,0.007451321422,0.1965822268,0.02527537279,0.02727774933,0.032486327,0.03843017076,0.04207377942,0.04882911414,0.05581942941,0.009587452421,0.03054405662,1,1,1,1
rotation_sigma0.0398,rotation,0.0398,topology_pair,down8k__to__noisy,rigid_p2p,45,0.02614571143,0.004597654238,0.1758473565,0.01926688944,0.02021389373,0.02284709447,0.02478750742,0.02816597866,0.03358946715,0.03874560812,0.005318884193,0.01947871868,0.617025354,0.5547755503,0.6377253331,0.6450012303
rotation_sigma0.0398,rotation,0.0398,topology_pair,down8k__to__noisy,nicp_p2p,45,0.02263413796,0.001932210789,0.08536710308,0.01896842647,0.01930714202,0.02168675127,0.02252148378,0.02377536397,0.02645301471,0.02768734315,0.002088612698,0.008718916685,0.2593111583,0.2178485593,0.2854537887,0.5860365264
rotation_sigma0.0398,rotation,0.0398,topology_pair,down8k__to__noisy,nicp_p2tri,45,0.02036575023,0.002144425792,0.1052956934,0.01606178513,0.01653372605,0.0193309415,0.02021473577,0.02162197263,0.0246047209,0.02591987786,0.002291031128,0.009858092731,0.287791342,0.2389614078,0.3227499495,0.5260121246
rotation_sigma0.0398,rotation,0.0398,topology_pair,down8k__to__original,latent_distance,45,0.4430703763,0.1087625322,0.24547462,0.2260307968,0.250714457,0.3693884313,0.4496141076,0.5151900649,0.6051739931,0.7056737542,0.1458016336,0.4796429574,12.42917722,11.98585502,13.14361201,10.6467095
rotation_sigma0.0398,rotation,0.0398,topology_pair,down8k__to__original,raw_chamfer,45,0.04167753657,0.008750581821,0.20995919,0.02687212552,0.02754537275,0.03600731404,0.0422303349,0.04817178903,0.05494608245,0.06336460242,0.01216447499,0.0364924769,1,1,1,1
rotation_sigma0.0398,rotation,0.0398,topology_pair,down8k__to__original,rigid_p2p,45,0.02773037474,0.005406221877,0.194956683,0.0189109953,0.02043222592,0.02420250016,0.02629466896,0.02995192686,0.03662919832,0.04201164265,0.005749426697,0.02310064735,0.6178128481,0.4726407594,0.6330249223,0.6226488381
rotation_sigma0.0398,rotation,0.0398,topology_pair,down8k__to__original,nicp_p2p,45,0.02298802989,0.00237195201,0.1031820483,0.0185748144,0.01909717829,0.02171127147,0.02289463396,0.02422773735,0.02743280054,0.02956138493,0.002516465873,0.01098657053,0.2710622058,0.2068700766,0.3010639853,0.5421371633
rotation_sigma0.0398,rotation,0.0398,topology_pair,down8k__to__original,nicp_p2tri,45,0.02096799196,0.002546209888,0.1214331774,0.01596547839,0.01661223821,0.01959437317,0.02086052643,0.02230535522,0.02581843376,0.02791876965,0.002710982048,0.01195329126,0.2909760677,0.2228605879,0.327554945,0.4939701871
rotation_sigma0.0398,rotation,0.0398,topology_pair,down8k__to__remesh,latent_distance,45,0.4293843044,0.0874686115,0.2037070536,0.2782764435,0.2877864778,0.3709962666,0.4411285818,0.4941326082,0.5404621005,0.6177836657,0.1231363416,0.3395072222,13.84201778,14.00142323,13.86230828,11.73993004
rotation_sigma0.0398,rotation,0.0398,topology_pair,down8k__to__remesh,raw_chamfer,45,0.0389926916,0.006319065102,0.1620576791,0.02906986636,0.02937636584,0.03455124064,0.03757506051,0.04334579957,0.05158206013,0.05356125807,0.008794558922,0.02449139171,1,1,1,1
rotation_sigma0.0398,rotation,0.0398,topology_pair,down8k__to__remesh,rigid_p2p,45,0.02905062132,0.005961804058,0.2052212237,0.02116236949,0.02237915037,0.02409024133,0.02767919966,0.03182338059,0.0407667961,0.04573187266,0.007733139259,0.02456950317,0.9434629904,0.8793095057,1.003189343,0.7366375273
rotation_sigma0.0398,rotation,0.0398,topology_pair,down8k__to__remesh,nicp_p2p,45,0.02310820961,0.001910750565,0.08268708813,0.01963309395,0.02040703492,0.02171628539,0.02287132655,0.02410572255,0.02667295367,0.02823949485,0.002389437167,0.008606400902,0.3023786801,0.2716949409,0.3514051387,0.6086836917
rotation_sigma0.0398,rotation,0.0398,topology_pair,down8k__to__remesh,nicp_p2tri,45,0.02106955855,0.002051983083,0.09739089116,0.01735335623,0.01808732572,0.01966854543,0.02084183542,0.02214687092,0.02484456603,0.02660440511,0.002478325486,0.009251048877,0.3247289037,0.2818021356,0.3777265492,0.5546720388
rotation_sigma0.0398,rotation,0.0398,topology_pair,down8k__to__up60k,latent_distance,45,0.4217730853,0.1024461337,0.2428939571,0.2439607233,0.2758132219,0.3578116298,0.4052871168,0.4929398,0.5640425205,0.676817596,0.1351281703,0.4328568727,15.18689527,12.18941889,15.18341277,11.83436694
rotation_sigma0.0398,rotation,0.0398,topology_pair,down8k__to__up60k,raw_chamfer,45,0.03472590018,0.006745693039,0.194255383,0.02281052565,0.02535338587,0.02923872461,0.03424662417,0.0403244188,0.04533171408,0.05131906186,0.0110856942,0.0285085362,1,1,1,1
rotation_sigma0.0398,rotation,0.0398,topology_pair,down8k__to__up60k,rigid_p2p,45,0.02738936744,0.005300915376,0.1935391676,0.01893950899,0.01987948315,0.02379044958,0.02643469025,0.02883183329,0.03663959407,0.04088350467,0.005041383707,0.02194399568,0.7858222047,0.4547648182,0.7697342132,0.7718918548
rotation_sigma0.0398,rotation,0.0398,topology_pair,down8k__to__up60k,nicp_p2p,45,0.02276915105,0.002439620818,0.107145884,0.01857446738,0.01879083334,0.02153876154,0.02253514111,0.02411430343,0.02736584314,0.02998259482,0.002575541891,0.01140812743,0.3616560677,0.2323302307,0.4001653172,0.6580251822
rotation_sigma0.0398,rotation,0.0398,topology_pair,down8k__to__up60k,nicp_p2tri,45,0.02067335723,0.002615974948,0.1265384678,0.01613847507,0.01635082785,0.01939643397,0.02039474694,0.02222999964,0.0255162031,0.02839837575,0.00283356567,0.01225990068,0.3877992866,0.2556056138,0.430043149,0.5955257615
rotation_sigma0.0398,rotation,0.0398,topology_pair,noisy__to__crop,latent_distance,45,0.4689673321,0.09982945705,0.2128708126,0.1982403249,0.3333567202,0.4021364152,0.4613571763,0.5451287031,0.6249497414,0.6467862725,0.1429922879,0.4485459477,6.0822348,5.052829792,7.555172017,8.453535944
rotation_sigma0.0398,rotation,0.0398,topology_pair,noisy__to__crop,raw_chamfer,45,0.05686103792,0.01641328563,0.2886561032,0.02913197012,0.03621251425,0.042765044,0.05457564495,0.0710644908,0.08136962233,0.08850135928,0.0282994468,0.05936938916,1,1,1,1
rotation_sigma0.0398,rotation,0.0398,topology_pair,noisy__to__crop,rigid_p2p,45,0.03554063884,0.006956881937,0.1957444257,0.02437213633,0.02720171804,0.02966920698,0.0348423943,0.03858180644,0.04841603995,0.05397169165,0.008912599463,0.02959955532,0.423856752,0.3149389996,0.49856594,0.638423867
rotation_sigma0.0398,rotation,0.0398,topology_pair,noisy__to__crop,nicp_p2p,45,0.02767901967,0.002436481349,0.08802628771,0.02195967428,0.02435995927,0.0260266935,0.02790551859,0.02922303933,0.03127336312,0.03281616324,0.003196345835,0.01085648897,0.1484456801,0.1129472904,0.1828634102,0.5113181642
rotation_sigma0.0398,rotation,0.0398,topology_pair,noisy__to__crop,nicp_p2tri,45,0.02597863411,0.002576421992,0.09917465181,0.01982848507,0.02252130526,0.0242175752,0.02637421287,0.02755856537,0.02984403916,0.03127487172,0.003340990167,0.01144638665,0.1569717392,0.1180584974,0.1927994681,0.4832597561
rotation_sigma0.0398,rotation,0.0398,topology_pair,noisy__to__down8k,latent_distance,45,0.427587129,0.09616618989,0.2249043139,0.2537994683,0.2823093176,0.3512597382,0.4347680211,0.495750308,0.583913815,0.6598841548,0.1444905698,0.4060846865,13.25131899,21.01663865,12.87601861,13.33064896
rotation_sigma0.0398,rotation,0.0398,topology_pair,noisy__to__down8k,raw_chamfer,45,0.03373302501,0.007257103234,0.2151334851,0.02317582553,0.02484225325,0.02900579253,0.03261416772,0.03588084863,0.04969041813,0.05471388856,0.006875056104,0.03153806303,1,1,1,1
rotation_sigma0.0398,rotation,0.0398,topology_pair,noisy__to__down8k,rigid_p2p,45,0.02803303878,0.006322575315,0.2255401337,0.02096696691,0.02129542278,0.02370225219,0.02591303508,0.03064034682,0.03852561915,0.05134542678,0.00693809463,0.03037845987,0.8712257647,1.009169165,0.9632316303,0.7945330785
rotation_sigma0.0398,rotation,0.0398,topology_pair,noisy__to__down8k,nicp_p2p,45,0.02211650351,0.001632406226,0.07380941679,0.01949768135,0.01982097437,0.020932002,0.02200366215,0.02291003035,0.02541994907,0.02670671366,0.001978028348,0.00720903231,0.2249390939,0.2877108664,0.2285819615,0.6746657567
rotation_sigma0.0398,rotation,0.0398,topology_pair,noisy__to__down8k,nicp_p2tri,45,0.02018472389,0.00172518163,0.08546966701,0.01729464208,0.01783749964,0.01873890472,0.02010378068,0.0209568588,0.02380186872,0.0248454101,0.00221795408,0.007550768024,0.2377231761,0.3226088699,0.2394176211,0.6164125006
rotation_sigma0.0398,rotation,0.0398,topology_pair,noisy__to__original,latent_distance,45,0.4280632095,0.109439513,0.2556620392,0.2242108285,0.2458334535,0.3531110287,0.4352722466,0.4985116422,0.6023244858,0.6718095541,0.1454006135,0.4475987256,18.69949678,16.44471958,19.23657439,13.94011676
rotation_sigma0.0398,rotation,0.0398,topology_pair,noisy__to__original,raw_chamfer,45,0.03211633243,0.005852537869,0.182229334,0.0218908452,0.02387069928,0.02764445151,0.03122443335,0.03648623278,0.04042307282,0.04515895502,0.008841781269,0.02326810982,1,1,1,1
rotation_sigma0.0398,rotation,0.0398,topology_pair,noisy__to__original,rigid_p2p,45,0.02741949181,0.005239193876,0.1910755281,0.02041887296,0.02189718158,0.02365894755,0.02638957512,0.02910729494,0.03688143272,0.04706544444,0.005448347391,0.02664657148,0.8952003377,0.6162047245,1.145197082,0.8451578551
rotation_sigma0.0398,rotation,0.0398,topology_pair,noisy__to__original,nicp_p2p,45,0.0228727606,0.00196680195,0.08598883119,0.01963478758,0.01979116313,0.02196484205,0.02262848476,0.0238397485,0.02648916265,0.02818406615,0.001874906454,0.00854927857,0.3360596709,0.2120507618,0.3674247129,0.7247044167
rotation_sigma0.0398,rotation,0.0398,topology_pair,noisy__to__original,nicp_p2tri,45,0.020921746,0.002090107489,0.09990119795,0.01734718442,0.01762526623,0.01989704635,0.02077833563,0.02190175515,0.02477396064,0.02659364174,0.002004708794,0.009246457315,0.3571284006,0.2267313263,0.3973875569,0.6654511675
rotation_sigma0.0398,rotation,0.0398,topology_pair,noisy__to__remesh,latent_distance,45,0.4409351514,0.0901190769,0.2043817024,0.2731803358,0.3047683179,0.3732726872,0.4346757531,0.5044384003,0.5792011499,0.6736683249,0.1311657131,0.4004879892,14.56836581,16.15147322,15.49754788,12.79236082
rotation_sigma0.0398,rotation,0.0398,topology_pair,noisy__to__remesh,raw_chamfer,45,0.03498010475,0.006185942752,0.1768417446,0.02714768571,0.02763646674,0.03015261121,0.03397932244,0.03827358639,0.04652701491,0.05298970874,0.008120975174,0.02584202303,1,1,1,1
rotation_sigma0.0398,rotation,0.0398,topology_pair,noisy__to__remesh,rigid_p2p,45,0.02849287625,0.00580549109,0.2037523709,0.02071581497,0.02166614688,0.02460643441,0.02712717504,0.03068442188,0.0405058837,0.04681061376,0.006077987473,0.02609479879,0.9384973839,0.7484307417,1.009781578,0.798343613
rotation_sigma0.0398,rotation,0.0398,topology_pair,noisy__to__remesh,nicp_p2p,45,0.02306361717,0.001765620784,0.07655437438,0.01975893992,0.02018785526,0.02204332131,0.02291447366,0.02401032296,0.02602514672,0.02782407629,0.001967001658,0.008065136368,0.2854246886,0.2422124949,0.3120938465,0.6743652321
rotation_sigma0.0398,rotation,0.0398,topology_pair,noisy__to__remesh,nicp_p2tri,45,0.02116863388,0.001896273084,0.08957937931,0.01770464668,0.01794940748,0.02015896621,0.02108218929,0.02208774605,0.02431312472,0.02608264814,0.00192877984,0.008378001462,0.3065455274,0.2375059397,0.3242006809,0.6204417209
rotation_sigma0.0398,rotation,0.0398,topology_pair,noisy__to__up60k,latent_distance,45,0.4379797816,0.0997594698,0.2277718607,0.2730754018,0.2913691342,0.3551174998,0.4327882826,0.5116147995,0.6020489216,0.6820523143,0.1564972997,0.4089769125,16.08275566,25.46631993,15.6630182,13.63987586
rotation_sigma0.0398,rotation,0.0398,topology_pair,noisy__to__up60k,raw_chamfer,45,0.03293094124,0.006202884127,0.1883603655,0.02344416492,0.024904153,0.02871080621,0.031729635,0.03485607181,0.04543738483,0.04955515497,0.006145265595,0.02611099005,1,1,1,1
rotation_sigma0.0398,rotation,0.0398,topology_pair,noisy__to__up60k,rigid_p2p,45,0.02773218483,0.005031664256,0.1814377153,0.0211391455,0.02193896447,0.02369593554,0.02697342945,0.02946388856,0.0369641403,0.04589395268,0.005767953029,0.02475480718,0.8111814042,0.938601097,0.9480608407,0.8501021032
rotation_sigma0.0398,rotation,0.0398,topology_pair,noisy__to__up60k,nicp_p2p,45,0.02301611613,0.001935958691,0.08411317879,0.01958810154,0.02006554703,0.02167497721,0.02260160039,0.02406541313,0.02668059714,0.02841783479,0.00239043592,0.008829733254,0.3121062156,0.3889882192,0.3381615648,0.7123183229
rotation_sigma0.0398,rotation,0.0398,topology_pair,noisy__to__up60k,nicp_p2tri,45,0.02112283951,0.002040767429,0.09661425623,0.01729086706,0.0180987673,0.01990139648,0.02069909698,0.02241441383,0.02492459633,0.02701007387,0.002513017357,0.00971920681,0.3290029907,0.408935516,0.3722266674,0.6523584963
rotation_sigma0.0398,rotation,0.0398,topology_pair,original__to__crop,latent_distance,45,0.4679267347,0.09760082129,0.2085814168,0.218796283,0.3386687636,0.3963848352,0.4653440416,0.5530826449,0.6213620067,0.6426308751,0.1566978097,0.4238345921,6.027685656,5.886814469,6.831737944,8.689652509
rotation_sigma0.0398,rotation,0.0398,topology_pair,original__to__crop,raw_chamfer,45,0.05606635874,0.01619208878,0.2888022184,0.02803137988,0.03433151524,0.0432589647,0.05355151327,0.06987740333,0.07970186966,0.09007043869,0.02661843863,0.06203905881,1,1,1,1
rotation_sigma0.0398,rotation,0.0398,topology_pair,original__to__crop,rigid_p2p,45,0.03492170465,0.00731800678,0.2095546839,0.02345882619,0.02625247353,0.02908142071,0.03385704439,0.03830074741,0.04781112807,0.05378744653,0.009219326701,0.03032862033,0.4519495217,0.3463511451,0.4888633212,0.6322331962
rotation_sigma0.0398,rotation,0.0398,topology_pair,original__to__crop,nicp_p2p,45,0.02679813266,0.002665711359,0.09947377279,0.02109900242,0.02289618668,0.02479874565,0.02706437761,0.02829278556,0.03119008744,0.03259716498,0.003494039909,0.01149816256,0.1646304807,0.1312638941,0.1853374758,0.5053895951
rotation_sigma0.0398,rotation,0.0398,topology_pair,original__to__crop,nicp_p2tri,45,0.02500063136,0.002823112216,0.1129216369,0.01898655175,0.02099093425,0.02319403339,0.02542197596,0.02654940946,0.02960264624,0.03100823499,0.003355376072,0.01202168323,0.1743513301,0.1260545789,0.1937760415,0.4747200296
rotation_sigma0.0398,rotation,0.0398,topology_pair,original__to__down8k,latent_distance,45,0.4333821787,0.09774489056,0.2255397092,0.252387464,0.2950685322,0.3434150517,0.4261618257,0.5056157708,0.6037672281,0.6636936069,0.1622007191,0.4113061428,11.42616163,16.55954766,10.82069764,12.4798204
rotation_sigma0.0398,rotation,0.0398,topology_pair,original__to__down8k,raw_chamfer,45,0.03599808083,0.008554481701,0.2376371602,0.02256507964,0.02577466349,0.02987102467,0.0341480736,0.03966602164,0.05425826042,0.06057613554,0.009794996967,0.0380110559,1,1,1,1
rotation_sigma0.0398,rotation,0.0398,topology_pair,original__to__down8k,rigid_p2p,45,0.0282308462,0.006734994681,0.2385686434,0.01963777999,0.02123238294,0.02360460187,0.02657604509,0.02981064705,0.04090539402,0.05033100877,0.00620604518,0.03069322878,0.7873059896,0.6335933743,0.8074816142,0.7782589848
rotation_sigma0.0398,rotation,0.0398,topology_pair,original__to__down8k,nicp_p2p,45,0.02134527272,0.001705419396,0.07989681921,0.01859592174,0.01879016715,0.02014511441,0.02137143561,0.0223022581,0.02510810409,0.02614642969,0.002157143686,0.007550507952,0.1993597573,0.2202291326,0.1986397845,0.62584601
rotation_sigma0.0398,rotation,0.0398,topology_pair,original__to__down8k,nicp_p2tri,45,0.01926518019,0.001842068667,0.09561647742,0.01640670698,0.01659191435,0.01803476687,0.01936721044,0.02018928295,0.0231862715,0.02461321878,0.002154516078,0.008206511797,0.215333755,0.2199608724,0.2158980223,0.5671538216
rotation_sigma0.0398,rotation,0.0398,topology_pair,original__to__noisy,latent_distance,45,0.4273821801,0.1054251771,0.246676586,0.2397836894,0.2552644432,0.3461112976,0.4309535325,0.4945772886,0.6098043203,0.6393682361,0.148465991,0.3995845467,18.27565704,19.56010376,14.93043312,14.28719082
rotation_sigma0.0398,rotation,0.0398,topology_pair,original__to__noisy,raw_chamfer,45,0.03094411421,0.00576861214,0.1864203351,0.02230073854,0.02370814854,0.02647909971,0.03016362963,0.03406934529,0.0404912033,0.04906382996,0.007590245576,0.02676309142,1,1,1,1
rotation_sigma0.0398,rotation,0.0398,topology_pair,original__to__noisy,rigid_p2p,45,0.02592713161,0.004813571045,0.1856576777,0.02028550885,0.02062735996,0.02221118961,0.02464815757,0.02783376174,0.03553540843,0.04172059866,0.00562257213,0.02143508981,0.8344417909,0.7407628744,0.8009197991,0.8171482635
rotation_sigma0.0398,rotation,0.0398,topology_pair,original__to__noisy,nicp_p2p,45,0.02184745447,0.001508312602,0.06903836804,0.01924079816,0.01967839329,0.02068193414,0.02174710595,0.02279597897,0.02458864544,0.02552879998,0.002114044827,0.006288001827,0.2614688881,0.2785212686,0.2349505043,0.7209711238
rotation_sigma0.0398,rotation,0.0398,topology_pair,original__to__noisy,nicp_p2tri,45,0.01951599238,0.001667853825,0.08546087706,0.01673416223,0.01709225781,0.0181983733,0.01950638174,0.02057952308,0.02270267281,0.02361070567,0.002381149783,0.006876543437,0.2891256658,0.3137118238,0.2569412976,0.6466854942
rotation_sigma0.0398,rotation,0.0398,topology_pair,original__to__remesh,latent_distance,45,0.4504845507,0.09218999335,0.204646293,0.2771168351,0.3206104279,0.3730869889,0.4532206059,0.5263857245,0.5889079928,0.68433851,0.1532987356,0.4072216749,13.12912248,17.47890727,13.10928879,13.22081485
rotation_sigma0.0398,rotation,0.0398,topology_pair,original__to__remesh,raw_chamfer,45,0.03612481453,0.00702179399,0.1943759181,0.02667903543,0.02795297472,0.03104569195,0.03428083753,0.03981619078,0.05075672959,0.05774263326,0.008770498822,0.03106359783,1,1,1,1
rotation_sigma0.0398,rotation,0.0398,topology_pair,original__to__remesh,rigid_p2p,45,0.02774539263,0.006243840311,0.2250406183,0.01941544415,0.02047604805,0.0234333637,0.02594563921,0.03039713644,0.04047537496,0.04811176604,0.006963772736,0.02869632189,0.8892087008,0.7939996205,0.9237926026,0.7568554644
rotation_sigma0.0398,rotation,0.0398,topology_pair,original__to__remesh,nicp_p2p,45,0.02203613995,0.00189537,0.08601188794,0.01866224565,0.01895040888,0.02106310726,0.02194415765,0.02318651925,0.0248883156,0.02676248775,0.002123411984,0.008100242105,0.2699267455,0.2421084624,0.2607631656,0.6401289824
rotation_sigma0.0398,rotation,0.0398,topology_pair,original__to__remesh,nicp_p2tri,45,0.02001337024,0.0020419233,0.1020279581,0.01627842114,0.0166490023,0.01888660631,0.02003508398,0.02111741719,0.02304042123,0.02478237376,0.002230810886,0.008503952629,0.2907979503,0.2543539349,0.2737594233,0.5844397461
rotation_sigma0.0398,rotation,0.0398,topology_pair,original__to__up60k,latent_distance,45,0.4439766606,0.0997554104,0.2246861587,0.2781904638,0.3057723939,0.3572480381,0.4424802661,0.5245623589,0.6016357541,0.6870360374,0.1673143208,0.4088455737,13.79126279,19.6300534,13.18802983,13.32007134
rotation_sigma0.0398,rotation,0.0398,topology_pair,original__to__up60k,raw_chamfer,45,0.03441221194,0.007233232511,0.2101937685,0.02267075237,0.02578642195,0.02979204319,0.03321906128,0.03831541893,0.05006149864,0.0536720148,0.008523375735,0.03100126243,1,1,1,1
rotation_sigma0.0398,rotation,0.0398,topology_pair,original__to__up60k,rigid_p2p,45,0.0276316228,0.005820253964,0.2106374282,0.0209012611,0.02109111713,0.02381647495,0.02573703013,0.03028460992,0.03832878488,0.04669550158,0.006468134972,0.02579424049,0.8046546209,0.7588700971,0.8320383901,0.7747669302
rotation_sigma0.0398,rotation,0.0398,topology_pair,original__to__up60k,nicp_p2p,45,0.02217562385,0.001960573219,0.08841118661,0.0187237465,0.01922533276,0.02094036258,0.02184555896,0.02352660384,0.02573295575,0.02808953211,0.002586241256,0.009365785609,0.2710507668,0.3034292205,0.3021098134,0.6576212007
rotation_sigma0.0398,rotation,0.0398,topology_pair,original__to__up60k,nicp_p2tri,45,0.02016741482,0.002085399952,0.103404426,0.01656544152,0.01709787328,0.01885668583,0.0198386604,0.02164643252,0.0239103821,0.02657619183,0.00278974669,0.0100107503,0.2883081595,0.3273053748,0.3229142788,0.5972071347
rotation_sigma0.0398,rotation,0.0398,topology_pair,remesh__to__crop,latent_distance,45,0.4881622321,0.1076875287,0.2205978292,0.1927248836,0.319245559,0.4149872959,0.4891400337,0.5707772374,0.671562922,0.7011032701,0.1557899415,0.5083783865,6.024862745,6.087721432,7.030039339,7.984601189
rotation_sigma0.0398,rotation,0.0398,topology_pair,remesh__to__crop,raw_chamfer,45,0.06159159614,0.01787385593,0.2901995897,0.02756593627,0.03920744239,0.04687193194,0.06126042142,0.07246277792,0.09042156384,0.09988109156,0.02559084598,0.07231515529,1,1,1,1
rotation_sigma0.0398,rotation,0.0398,topology_pair,remesh__to__crop,rigid_p2p,45,0.03478612184,0.007122677158,0.2047562873,0.02617591649,0.02661647716,0.0294850661,0.03370202636,0.03589634994,0.04901694365,0.05550194341,0.006411283844,0.02932602691,0.3984969548,0.2505303595,0.4055308572,0.5501435604
rotation_sigma0.0398,rotation,0.0398,topology_pair,remesh__to__crop,nicp_p2p,45,0.02777844473,0.002641676486,0.09509807015,0.02188343242,0.02416642461,0.02610221762,0.02729011791,0.02951979433,0.03159663889,0.03486498044,0.003417576709,0.01298154802,0.1477955566,0.1335468437,0.1795135192,0.4454771495
rotation_sigma0.0398,rotation,0.0398,topology_pair,remesh__to__crop,nicp_p2tri,45,0.02593726824,0.002769280295,0.1067683871,0.01967820042,0.02232021139,0.0242082154,0.02530487881,0.02790591687,0.02997735624,0.03324616309,0.003697701465,0.01356796267,0.1549346882,0.1444931312,0.1876226721,0.4130705964
rotation_sigma0.0398,rotation,0.0398,topology_pair,remesh__to__down8k,latent_distance,45,0.4189714955,0.1029822466,0.2457977397,0.2294553965,0.2723442733,0.340162605,0.4245314896,0.4831063449,0.5878142357,0.6226326227,0.1429437399,0.3931772262,15.8009735,16.04473427,12.97084272,11.35716701
rotation_sigma0.0398,rotation,0.0398,topology_pair,remesh__to__down8k,raw_chamfer,45,0.03796426101,0.006517462143,0.1716736207,0.02831198746,0.02943315739,0.03294207361,0.03738005167,0.04185114854,0.05030538356,0.05862437616,0.008909074934,0.0303123887,1,1,1,1
rotation_sigma0.0398,rotation,0.0398,topology_pair,remesh__to__down8k,rigid_p2p,45,0.03149300856,0.007380069425,0.2343399301,0.02109035526,0.02315666774,0.0262993908,0.02929287327,0.0351675608,0.04626774737,0.05473526764,0.008868169991,0.03364491239,1.132353248,0.9954086206,1.109939329,0.7836498872
rotation_sigma0.0398,rotation,0.0398,topology_pair,remesh__to__down8k,nicp_p2p,45,0.0224687362,0.001748137446,0.07780310519,0.01967090227,0.01994798869,0.0213130927,0.02247514238,0.02337312678,0.02558230928,0.02666594757,0.002060034087,0.006995045301,0.268223644,0.2312287305,0.2307652284,0.6012603347
rotation_sigma0.0398,rotation,0.0398,topology_pair,remesh__to__down8k,nicp_p2tri,45,0.02038008595,0.001890689905,0.09277143922,0.01737202224,0.01768194645,0.01913248477,0.0202831242,0.0215497745,0.02364122656,0.02512939928,0.002417289728,0.00775737704,0.2900960318,0.2713289254,0.255914409,0.5426189449
rotation_sigma0.0398,rotation,0.0398,topology_pair,remesh__to__noisy,latent_distance,45,0.4417894128,0.1105883592,0.25031917,0.2171286941,0.2583620131,0.3619410694,0.4323791265,0.5106279254,0.640509057,0.6793672442,0.148686856,0.4622385502,17.73780284,15.42028402,17.68745747,12.45388792
rotation_sigma0.0398,rotation,0.0398,topology_pair,remesh__to__noisy,raw_chamfer,45,0.03634664171,0.006234614294,0.1715320591,0.02711012525,0.0284198817,0.03188251195,0.03471840516,0.04152480231,0.04654109132,0.05324381636,0.009642290366,0.02613369112,1,1,1,1
rotation_sigma0.0398,rotation,0.0398,topology_pair,remesh__to__noisy,rigid_p2p,45,0.02838721376,0.005432263999,0.1913630568,0.02141054933,0.02287363558,0.02451206826,0.02706463392,0.03083506299,0.03984119813,0.04671350094,0.006322994721,0.02530295161,0.871307148,0.6557565144,0.9682119336,0.7795471535
rotation_sigma0.0398,rotation,0.0398,topology_pair,remesh__to__noisy,nicp_p2p,45,0.02326697159,0.001556282011,0.06688803502,0.02062935512,0.02080299707,0.02237790023,0.02328276832,0.02384401054,0.02580439145,0.02851293204,0.001466110315,0.007883576917,0.2496196136,0.1520500067,0.3016633541,0.6706174494
rotation_sigma0.0398,rotation,0.0398,topology_pair,remesh__to__noisy,nicp_p2tri,45,0.02098973528,0.001668662143,0.07949896082,0.01817671778,0.01838608388,0.01986467838,0.02098010689,0.02156447469,0.02381289323,0.02643979696,0.001699796312,0.008263079187,0.2676448076,0.1762855346,0.3161849258,0.6042935092
rotation_sigma0.0398,rotation,0.0398,topology_pair,remesh__to__original,latent_distance,45,0.4506371333,0.1140058176,0.2529880679,0.213452667,0.2580590367,0.3739585578,0.4546149373,0.5332806706,0.6524914145,0.6827992797,0.1593221128,0.4693466127,16.07229696,13.9228732,17.21700623,12.40031469
rotation_sigma0.0398,rotation,0.0398,topology_pair,remesh__to__original,raw_chamfer,45,0.0382751962,0.007093312048,0.1853239892,0.02658569659,0.02895811674,0.03320510706,0.03666156455,0.04464829918,0.05137892945,0.05384633682,0.01144319211,0.02726064023,1,1,1,1
rotation_sigma0.0398,rotation,0.0398,topology_pair,remesh__to__original,rigid_p2p,45,0.02958508623,0.00599801682,0.2027378516,0.02190671666,0.02341401996,0.02537706638,0.0284527206,0.03213126589,0.04257521639,0.0497311379,0.006754199514,0.02782442124,0.8455876155,0.5902373609,1.020681136,0.7760912811
rotation_sigma0.0398,rotation,0.0398,topology_pair,remesh__to__original,nicp_p2p,45,0.02324750756,0.001651205117,0.07102718915,0.01925981046,0.02103447646,0.02219881799,0.02317955829,0.02414342918,0.02678789525,0.02740249372,0.001944611194,0.008142683258,0.2327833747,0.1699360785,0.298697433,0.6322577493
rotation_sigma0.0398,rotation,0.0398,topology_pair,remesh__to__original,nicp_p2tri,45,0.02121506061,0.001741810163,0.08210253062,0.01686992081,0.01880539615,0.02013791145,0.02114913942,0.02220953382,0.02492392693,0.02564403495,0.002071622367,0.008774114142,0.2455566809,0.1810353567,0.3218601642,0.5768749828
rotation_sigma0.0398,rotation,0.0398,topology_pair,remesh__to__up60k,latent_distance,45,0.4225169967,0.1074435857,0.2542941148,0.2219795138,0.2687477291,0.3348520994,0.421433419,0.4770002961,0.6113434076,0.6459861398,0.1421481967,0.424006626,17.71204783,15.88249562,15.60042613,12.48605845
rotation_sigma0.0398,rotation,0.0398,topology_pair,remesh__to__up60k,raw_chamfer,45,0.03477892081,0.006066130053,0.1744197322,0.02581952052,0.02724228367,0.03065516134,0.03375231828,0.03960515258,0.04514296041,0.05299869001,0.008949991242,0.02717916949,1,1,1,1
rotation_sigma0.0398,rotation,0.0398,topology_pair,remesh__to__up60k,rigid_p2p,45,0.02965296857,0.005718915145,0.1928614712,0.02206864615,0.02356140515,0.02544876274,0.02841341867,0.03208765244,0.04079912782,0.04936963775,0.006638889699,0.0273009916,0.9427617105,0.7417761113,1.004482187,0.8418212471
rotation_sigma0.0398,rotation,0.0398,topology_pair,remesh__to__up60k,nicp_p2p,45,0.02313622985,0.00154863718,0.06693558934,0.01934070632,0.02078322769,0.02213646808,0.02310099531,0.0239507367,0.0261038588,0.02733863886,0.001814268617,0.007997932538,0.2552924462,0.2027117757,0.2942669952,0.684426922
rotation_sigma0.0398,rotation,0.0398,topology_pair,remesh__to__up60k,nicp_p2tri,45,0.02105431029,0.001637460267,0.07777316114,0.01710639145,0.0183844949,0.02013455038,0.02117711217,0.02183072706,0.0241175802,0.02540028477,0.001696176686,0.008293893313,0.2699349095,0.1895171336,0.3051562453,0.6274268925
rotation_sigma0.0398,rotation,0.0398,topology_pair,up60k__to__crop,latent_distance,45,0.4803993089,0.1016485408,0.2115917715,0.2023795396,0.3332629681,0.4246043861,0.4809596837,0.5342712402,0.6361058712,0.6598837376,0.1096668541,0.457504198,5.540286267,3.574386276,6.15227114,7.272543621
rotation_sigma0.0398,rotation,0.0398,topology_pair,up60k__to__crop,raw_chamfer,45,0.0668785533,0.01834716401,0.2743355397,0.03005242059,0.04475054122,0.04989490044,0.06613362651,0.08057621065,0.09343109242,0.1044158853,0.03068131021,0.07436346473,1,1,1,1
rotation_sigma0.0398,rotation,0.0398,topology_pair,up60k__to__crop,rigid_p2p,45,0.03550144338,0.006744267302,0.1899716367,0.02406907565,0.02762434009,0.02978802799,0.03510906261,0.03912389269,0.04793766474,0.05423014701,0.009335864699,0.03016107136,0.367591814,0.3042850724,0.4055899153,0.5308806497
rotation_sigma0.0398,rotation,0.0398,topology_pair,up60k__to__crop,nicp_p2p,45,0.0279386383,0.002726773601,0.09759865785,0.02212574389,0.02406032688,0.02589460394,0.02770823207,0.03007882983,0.03247301781,0.03406662564,0.004184225894,0.01194088175,0.1486209857,0.1363770277,0.1605745751,0.4189734259
rotation_sigma0.0398,rotation,0.0398,topology_pair,up60k__to__crop,nicp_p2tri,45,0.02625422794,0.002883164875,0.1098171647,0.02018029251,0.02205018148,0.02396352451,0.02601340277,0.02841677597,0.03111094319,0.03260085164,0.004453251466,0.01242055913,0.1571449884,0.1451454138,0.1670250193,0.3933460804
rotation_sigma0.0398,rotation,0.0398,topology_pair,up60k__to__down8k,latent_distance,45,0.409000452,0.1009826164,0.2469009897,0.2241877466,0.2574886322,0.3338729143,0.4220864773,0.4853037596,0.5345763803,0.6229285598,0.1514308453,0.3987408131,16.85587198,20.73472054,14.00529467,13.21106754
rotation_sigma0.0398,rotation,0.0398,topology_pair,up60k__to__down8k,raw_chamfer,45,0.03262421254,0.005990945857,0.1836349567,0.02307062392,0.02480284527,0.027875259,0.03194946025,0.03517850888,0.04330894873,0.0515413432,0.007303249877,0.02847071928,1,1,1,1
rotation_sigma0.0398,rotation,0.0398,topology_pair,up60k__to__down8k,rigid_p2p,45,0.02766170678,0.006236044254,0.2254396051,0.0197706521,0.02117864084,0.02336211145,0.02560289957,0.03095996876,0.03870818311,0.05041628484,0.007597857308,0.03064563274,1.040911469,1.040339224,1.076391237,0.8013562473
rotation_sigma0.0398,rotation,0.0398,topology_pair,up60k__to__down8k,nicp_p2p,45,0.021708664,0.001723609315,0.0793973003,0.01894859269,0.01926983986,0.02038915014,0.02151291699,0.02252698974,0.02513379403,0.02656185335,0.002137839601,0.007613260661,0.2877023689,0.2927244222,0.2674066849,0.6733421104
rotation_sigma0.0398,rotation,0.0398,topology_pair,up60k__to__down8k,nicp_p2tri,45,0.01967998158,0.001872981638,0.09517192029,0.01677404149,0.01710078611,0.01817585354,0.01955939788,0.02075347105,0.02328290813,0.02490924054,0.002577617506,0.008135199049,0.3126353806,0.3529411631,0.2857391472,0.6121980692
rotation_sigma0.0398,rotation,0.0398,topology_pair,up60k__to__noisy,latent_distance,45,0.4356734693,0.1055730529,0.2423215098,0.2166191936,0.2662755013,0.3492104113,0.4446002543,0.5212785602,0.5977927446,0.6570026875,0.1720681489,0.4403834939,15.88303761,16.47227581,16.29837784,12.57296128
rotation_sigma0.0398,rotation,0.0398,topology_pair,up60k__to__noisy,raw_chamfer,45,0.03534561397,0.006646905679,0.1880546108,0.02274227994,0.02543719011,0.03040163566,0.03536161803,0.04084756012,0.04646527342,0.04976236122,0.01044592446,0.02702008128,1,1,1,1
rotation_sigma0.0398,rotation,0.0398,topology_pair,up60k__to__noisy,rigid_p2p,45,0.02630666041,0.004612832873,0.1753484783,0.02094547362,0.02148956314,0.0229384193,0.0247210824,0.02816910603,0.0355688079,0.04253921482,0.005230686735,0.0215937412,0.6939819965,0.5007394754,0.7991738063,0.6990936439
rotation_sigma0.0398,rotation,0.0398,topology_pair,up60k__to__noisy,nicp_p2p,45,0.02270690034,0.001590285004,0.07003531878,0.02007849597,0.02063395277,0.02149199793,0.02243266291,0.02342407957,0.02552718869,0.02700472312,0.001932081645,0.006926227153,0.2392519288,0.1849603309,0.2563362812,0.6343788593
rotation_sigma0.0398,rotation,0.0398,topology_pair,up60k__to__noisy,nicp_p2tri,45,0.02051753596,0.001774816931,0.08650244037,0.0176992968,0.01811068483,0.01899543989,0.02015033252,0.02144517794,0.02368771176,0.02532716065,0.002449738043,0.00762786385,0.2670140087,0.2345161553,0.2823035124,0.5698362701
rotation_sigma0.0398,rotation,0.0398,topology_pair,up60k__to__original,latent_distance,45,0.4434423463,0.1096075266,0.2471742438,0.2122799158,0.2487016618,0.3569176495,0.4537469745,0.5304756165,0.6110349178,0.6830655932,0.1735579669,0.4707856774,13.91009016,14.16368137,14.07153516,11.74596936
rotation_sigma0.0398,rotation,0.0398,topology_pair,up60k__to__original,raw_chamfer,45,0.03835424052,0.007879713599,0.205445695,0.02336494217,0.02607670425,0.03184558688,0.03863001517,0.04409931967,0.0496856365,0.05682153891,0.0122537328,0.03345659674,1,1,1,1
rotation_sigma0.0398,rotation,0.0398,topology_pair,up60k__to__original,rigid_p2p,45,0.02774929589,0.005212878346,0.1878562384,0.02154452345,0.02198572514,0.02377579304,0.02618774946,0.03009558086,0.03809819551,0.04556174469,0.006319787817,0.02401722124,0.6615568295,0.5157438898,0.7178620535,0.6779119643
rotation_sigma0.0398,rotation,0.0398,topology_pair,up60k__to__original,nicp_p2p,45,0.0229301939,0.001967925179,0.08582243953,0.01910908651,0.02051164738,0.02149039111,0.02270652186,0.02401170518,0.02681123764,0.02887817817,0.002521314066,0.009769091665,0.249745775,0.2057588579,0.2919929885,0.5877947954
rotation_sigma0.0398,rotation,0.0398,topology_pair,up60k__to__original,nicp_p2tri,45,0.02097807457,0.002107730021,0.1004729969,0.01686932606,0.01828910799,0.01947462405,0.0207500736,0.02216534869,0.02506380214,0.02736531567,0.002690724647,0.01049598961,0.2674881511,0.2195840804,0.3137195839,0.5371489892
rotation_sigma0.0398,rotation,0.0398,topology_pair,up60k__to__remesh,latent_distance,45,0.4180113223,0.0920401466,0.2201857742,0.2599973083,0.2687919676,0.3504448235,0.4365105629,0.4916243553,0.5464150548,0.6220834255,0.1411795318,0.3620861173,14.67575137,14.93750418,13.16761096,12.82129048
rotation_sigma0.0398,rotation,0.0398,topology_pair,up60k__to__remesh,raw_chamfer,45,0.03514520364,0.006271579852,0.1784476743,0.02394895044,0.02684977841,0.0298385743,0.03404575877,0.03928992106,0.04486596197,0.05144718975,0.009451346763,0.02749823931,1,1,1,1
rotation_sigma0.0398,rotation,0.0398,topology_pair,up60k__to__remesh,rigid_p2p,45,0.02795405065,0.005854233469,0.2094234407,0.01979090346,0.02085302881,0.02394425613,0.026294382,0.02944323203,0.03996388593,0.04613591237,0.005498975904,0.0263450089,0.933454346,0.5818192943,0.9580616637,0.7723247461
rotation_sigma0.0398,rotation,0.0398,topology_pair,up60k__to__remesh,nicp_p2p,45,0.02264983052,0.001923719626,0.08493306934,0.01937651976,0.01943391471,0.02162611507,0.02257634187,0.02369720292,0.02601942942,0.02718452607,0.002071087854,0.007808006317,0.3067360492,0.2191315065,0.2839456821,0.6631176007
rotation_sigma0.0398,rotation,0.0398,topology_pair,up60k__to__remesh,nicp_p2tri,45,0.02065531203,0.002105167891,0.1019189586,0.0170241534,0.01716063988,0.01960133731,0.02067543981,0.02188700286,0.02441674099,0.02554482674,0.002285665549,0.008520673338,0.3356678765,0.2418349053,0.3098625058,0.6072838603
rotation_sigma0.1000,rotation,0.1000,overall,all,latent_distance,1350,0.451519698,0.1025175024,0.2270499002,0.180723846,0.2879497811,0.3794002458,0.4478402585,0.5211673826,0.6277392507,0.7297483087,0.1417671368,0.5490244627,6.284886896,7.981588208,6.061683036,11.30503676
rotation_sigma0.1000,rotation,0.1000,overall,all,raw_chamfer,1350,0.04411532576,0.01631174977,0.3697524497,0.02164381669,0.02649932694,0.03240818716,0.03961422398,0.05016995751,0.07943334278,0.1122167581,0.01776177035,0.09057294144,1,1,1,1
rotation_sigma0.1000,rotation,0.1000,overall,all,rigid_p2p,1350,0.03152506438,0.00934489362,0.2964274238,0.01904065474,0.02171608693,0.0247812418,0.02862603532,0.0359448797,0.05048178907,0.08809022728,0.0111636379,0.06904957254,0.5728933899,0.6285205631,0.7623642496,0.7226201207
rotation_sigma0.1000,rotation,0.1000,overall,all,nicp_p2p,1350,0.02384278534,0.002918798788,0.1224185323,0.01753807527,0.01974591089,0.02183713149,0.0232443102,0.02540731965,0.02937309229,0.03561235593,0.003570188168,0.01807428065,0.1789384235,0.2010040722,0.1995549705,0.5867667687
rotation_sigma0.1000,rotation,0.1000,overall,all,nicp_p2tri,1350,0.0218534466,0.003099093382,0.141812568,0.01528635348,0.01749241428,0.01978229815,0.02123370241,0.02355417116,0.02764943245,0.03401847993,0.003771873016,0.01873212645,0.189991474,0.2123590691,0.2068181308,0.5360120753
rotation_sigma0.1000,rotation,0.1000,topology_pair,crop__to__down8k,latent_distance,45,0.4639882916,0.08968288781,0.1932869631,0.2805227935,0.3546889782,0.3968173862,0.4446995556,0.5460671186,0.5923770189,0.7067943215,0.1492497325,0.426271528,5.769020574,5.895444946,7.337125718,6.574242829
rotation_sigma0.1000,rotation,0.1000,topology_pair,crop__to__down8k,raw_chamfer,45,0.06559149725,0.01554560027,0.2370063335,0.03547572868,0.03889841909,0.05192995361,0.06764270308,0.07724606357,0.08483082965,0.09357361938,0.02531610996,0.0580978907,1,1,1,1
rotation_sigma0.1000,rotation,0.1000,topology_pair,crop__to__down8k,rigid_p2p,45,0.0484066459,0.01374461319,0.2839406229,0.02645225849,0.02870358094,0.0401141861,0.04634100647,0.05782775457,0.07044818754,0.08809022728,0.01771356847,0.06163796879,0.8841481159,0.6996955101,1.060932988,0.6850850773
rotation_sigma0.1000,rotation,0.1000,topology_pair,crop__to__down8k,nicp_p2p,45,0.02538401287,0.00257694231,0.1015183188,0.01987299742,0.02223271349,0.02369578138,0.02498422146,0.02687666128,0.02960977808,0.03174590823,0.003180879901,0.01187291081,0.1657666648,0.125646472,0.2043604452,0.3693557519
rotation_sigma0.1000,rotation,0.1000,topology_pair,crop__to__down8k,nicp_p2tri,45,0.02355360181,0.002662996119,0.1130610996,0.01795741595,0.02037083629,0.0220230226,0.0231648558,0.02512042097,0.02792190402,0.03001915659,0.003097398371,0.01206174064,0.1713022381,0.1223489065,0.2076106463,0.3424590495
rotation_sigma0.1000,rotation,0.1000,topology_pair,crop__to__noisy,latent_distance,45,0.4619380169,0.09085577153,0.1966839017,0.2809145749,0.3309661269,0.3919995725,0.4554201066,0.5230889916,0.6099055409,0.6758679748,0.1310894191,0.3949533999,7.261064905,6.549439726,8.252281257,8.69197983
rotation_sigma0.1000,rotation,0.1000,topology_pair,crop__to__noisy,raw_chamfer,45,0.05240096952,0.0125127337,0.2387882097,0.03088343287,0.03249943238,0.04256162642,0.05239543988,0.06257699027,0.07047226387,0.07874333822,0.02001536385,0.04785990535,1,1,1,1
rotation_sigma0.1000,rotation,0.1000,topology_pair,crop__to__noisy,rigid_p2p,45,0.03959273409,0.01053947381,0.2661971711,0.02466124419,0.0257933229,0.03315099168,0.0379120427,0.04398677488,0.054721546,0.07371785652,0.0108357832,0.04905661233,0.8422998574,0.5413732812,1.025004374,0.7235752344
rotation_sigma0.1000,rotation,0.1000,topology_pair,crop__to__noisy,nicp_p2p,45,0.02460433051,0.002156288187,0.08763856369,0.01979323157,0.02209134025,0.02317349098,0.02425860424,0.02559241992,0.0282052162,0.03071734081,0.002418928938,0.01092410924,0.1723275056,0.1208536081,0.2282517937,0.4629907545
rotation_sigma0.1000,rotation,0.1000,topology_pair,crop__to__noisy,nicp_p2tri,45,0.02246904383,0.00225662776,0.1004327455,0.01747785454,0.01975690795,0.02091741453,0.02217142714,0.02356342844,0.02623006389,0.0287777931,0.002646013911,0.01129993856,0.1803465026,0.1321991412,0.2361044903,0.4231556637
rotation_sigma0.1000,rotation,0.1000,topology_pair,crop__to__original,latent_distance,45,0.4633205977,0.09399356812,0.2028693924,0.2854318619,0.33099944,0.3810493946,0.4642409384,0.5283856392,0.6042508245,0.6847358346,0.1473362446,0.3993039727,7.660084099,7.020454399,8.310764129,9.190164867
rotation_sigma0.1000,rotation,0.1000,topology_pair,crop__to__original,raw_chamfer,45,0.05108031218,0.01227056608,0.2402210472,0.02918585402,0.03235951324,0.04032181296,0.0505149739,0.06130852354,0.07115244766,0.07723245557,0.02098671058,0.04804660155,1,1,1,1
rotation_sigma0.1000,rotation,0.1000,topology_pair,crop__to__original,rigid_p2p,45,0.0414039102,0.01117235398,0.2698381366,0.0259874091,0.02695755031,0.03436653165,0.03903259302,0.04619782425,0.05882927496,0.07703869742,0.0118312926,0.05105128831,0.91050029,0.5637516448,1.062536926,0.7726935204
rotation_sigma0.1000,rotation,0.1000,topology_pair,crop__to__original,nicp_p2p,45,0.02454600585,0.002163025279,0.08812127286,0.01991827691,0.02208815522,0.02307227293,0.02422159941,0.02561336545,0.02812029774,0.03028271412,0.002541092522,0.01036443721,0.1762775462,0.1210810295,0.2157163435,0.479493456
rotation_sigma0.1000,rotation,0.1000,topology_pair,crop__to__original,nicp_p2tri,45,0.0225981502,0.002251315451,0.09962388206,0.01781015211,0.01997679587,0.02107894124,0.02212797904,0.02376294256,0.02645281932,0.02853458619,0.002684001315,0.01072443409,0.1834728272,0.1278905194,0.2232090041,0.438047916
rotation_sigma0.1000,rotation,0.1000,topology_pair,crop__to__remesh,latent_distance,45,0.487819416,0.08717366879,0.1787006952,0.3198747337,0.364796418,0.4270191193,0.4858072102,0.5456072092,0.6122685194,0.7297483087,0.1185880899,0.409873575,5.536469445,4.967513285,6.736312793,8.555041161
rotation_sigma0.1000,rotation,0.1000,topology_pair,crop__to__remesh,raw_chamfer,45,0.05805706089,0.01574535354,0.2712047992,0.02965453988,0.03400718787,0.04705919484,0.05678607514,0.07093192212,0.08200361314,0.09049992928,0.02387272729,0.0608453894,1,1,1,1
rotation_sigma0.1000,rotation,0.1000,topology_pair,crop__to__remesh,rigid_p2p,45,0.03954374136,0.012335499,0.3119456728,0.0231888105,0.02565802878,0.02877777642,0.03706032261,0.04545600515,0.06296024431,0.0799198887,0.01667822873,0.0567310782,0.7834374102,0.6986310583,0.9323808881,0.6526304648
rotation_sigma0.1000,rotation,0.1000,topology_pair,crop__to__remesh,nicp_p2p,45,0.02465933155,0.002531617241,0.1026636604,0.01970846155,0.02125259524,0.0226880477,0.02451826779,0.02596794986,0.02848561342,0.03079840456,0.003279902158,0.01108994301,0.1607850363,0.1373911794,0.1822643115,0.4317654941
rotation_sigma0.1000,rotation,0.1000,topology_pair,crop__to__remesh,nicp_p2tri,45,0.02275380395,0.002668646519,0.1172835331,0.01764396994,0.01903140676,0.02070353825,0.02271644657,0.02433811208,0.0267239089,0.02913462591,0.003634573838,0.01149065596,0.1694878754,0.152247952,0.1888500686,0.4000355107
rotation_sigma0.1000,rotation,0.1000,topology_pair,crop__to__up60k,latent_distance,45,0.4811784307,0.08759150552,0.1820353946,0.3201911151,0.3599871457,0.4114833176,0.4600546062,0.5488664508,0.6167473793,0.7245582342,0.1373831332,0.4043671191,5.941395376,6.077570671,7.32831327,7.29391978
rotation_sigma0.1000,rotation,0.1000,topology_pair,crop__to__up60k,raw_chamfer,45,0.0604914141,0.01474258149,0.2437136197,0.0312163083,0.03786351681,0.04848382601,0.06307371346,0.07108876811,0.08164523059,0.08639505192,0.02260494211,0.05517874362,1,1,1,1
rotation_sigma0.1000,rotation,0.1000,topology_pair,crop__to__up60k,rigid_p2p,45,0.04282000312,0.01167322122,0.2726114052,0.02572880533,0.02648885341,0.03590221773,0.04086645227,0.04826065784,0.06227658016,0.08046283564,0.0123584401,0.05473403031,0.7918030657,0.546714079,0.991940496,0.6479157485
rotation_sigma0.1000,rotation,0.1000,topology_pair,crop__to__up60k,nicp_p2p,45,0.02503648492,0.002343543363,0.0936051275,0.02027967046,0.02238976684,0.02329490717,0.02461426792,0.02603006028,0.02896441509,0.03164375542,0.002735153108,0.01136408496,0.1589642468,0.1209980143,0.2059504115,0.3902460561
rotation_sigma0.1000,rotation,0.1000,topology_pair,crop__to__up60k,nicp_p2tri,45,0.0231701903,0.002438951062,0.1052624527,0.01841214832,0.02041221366,0.02148757592,0.02271452924,0.02435907812,0.02746140218,0.02995819104,0.002871502199,0.01154604271,0.1654358202,0.1270298409,0.2092480176,0.3601267152
rotation_sigma0.1000,rotation,0.1000,topology_pair,down8k__to__crop,latent_distance,45,0.4827299866,0.1039693631,0.2153778841,0.2315868437,0.3333524525,0.4227997363,0.4762418866,0.537335813,0.6412313581,0.6782153249,0.1145360768,0.4466284811,5.48785744,3.559302331,5.881675362,6.515632102
rotation_sigma0.1000,rotation,0.1000,topology_pair,down8k__to__crop,raw_chamfer,45,0.07269156167,0.01894534693,0.260626495,0.03628116943,0.0475450078,0.05552137504,0.07309220029,0.08770073666,0.1013870663,0.1122167581,0.03217936161,0.0759355887,1,1,1,1
rotation_sigma0.1000,rotation,0.1000,topology_pair,down8k__to__crop,rigid_p2p,45,0.03760671519,0.007293894358,0.1939519132,0.02482626269,0.02794554644,0.03173306931,0.03763312582,0.04166665949,0.05131710644,0.05827496907,0.009933590183,0.03344870638,0.3849966107,0.3086944453,0.4404878787,0.5148719791
rotation_sigma0.1000,rotation,0.1000,topology_pair,down8k__to__crop,nicp_p2p,45,0.02859828986,0.002572827876,0.08996439609,0.02297142572,0.02456789846,0.02704269391,0.02865010889,0.03053984508,0.03240926372,0.03495099603,0.003497151164,0.01197957032,0.1358026267,0.1086768347,0.1577596292,0.3919721772
rotation_sigma0.1000,rotation,0.1000,topology_pair,down8k__to__crop,nicp_p2tri,45,0.02691431979,0.002716476144,0.1009305145,0.02099396351,0.02261481962,0.0253073779,0.02703790908,0.02883081255,0.0308956976,0.03359866507,0.003523434648,0.01260470156,0.1433848719,0.1094936155,0.1659920174,0.3699151068
rotation_sigma0.1000,rotation,0.1000,topology_pair,down8k__to__noisy,latent_distance,45,0.4388812469,0.1022392365,0.2329542152,0.2515226603,0.2738703668,0.360224992,0.4343611896,0.5127726197,0.6134086967,0.6642118692,0.1525476277,0.412689209,13.2248562,13.86955517,13.39363638,10.86373033
rotation_sigma0.1000,rotation,0.1000,topology_pair,down8k__to__noisy,raw_chamfer,45,0.03850926787,0.007730839183,0.2007526918,0.02516793056,0.02635427668,0.03298371024,0.03998269254,0.04398244998,0.04938722472,0.0559802654,0.01099873974,0.03081233484,1,1,1,1
rotation_sigma0.1000,rotation,0.1000,topology_pair,down8k__to__noisy,rigid_p2p,45,0.02620259756,0.004498511497,0.1716818909,0.01950502138,0.02023467563,0.0230130032,0.02556343877,0.02777975967,0.03423567412,0.03929202559,0.004766756474,0.0197870042,0.5818917443,0.4333911508,0.6421780208,0.639362613
rotation_sigma0.1000,rotation,0.1000,topology_pair,down8k__to__noisy,nicp_p2p,45,0.0227254903,0.001939157099,0.08532960447,0.01925433321,0.01949497447,0.02167190296,0.02265430338,0.02397558699,0.02564746865,0.02789170033,0.002303684032,0.008637367126,0.250833972,0.2094498175,0.2803217338,0.5666027459
rotation_sigma0.1000,rotation,0.1000,topology_pair,down8k__to__noisy,nicp_p2tri,45,0.02045888185,0.002139403255,0.1045708789,0.01637143055,0.01689451607,0.01920004882,0.02037453425,0.02177084216,0.02361625612,0.02619137307,0.002570793336,0.009819942517,0.2767362255,0.2337352639,0.3187016683,0.5095838464
rotation_sigma0.1000,rotation,0.1000,topology_pair,down8k__to__original,latent_distance,45,0.4507555869,0.1047554847,0.2323997477,0.2512739599,0.2775878251,0.3737398982,0.4578991234,0.51569736,0.6267534375,0.6937606931,0.1419574618,0.4424867332,11.64578106,11.1352937,11.90051112,10.80310101
rotation_sigma0.1000,rotation,0.1000,topology_pair,down8k__to__original,raw_chamfer,45,0.04207282319,0.008995144605,0.213799406,0.02598209072,0.02696311356,0.03597962535,0.04238589669,0.04872805082,0.05516340173,0.06316425281,0.01274842548,0.03718216208,1,1,1,1
rotation_sigma0.1000,rotation,0.1000,topology_pair,down8k__to__original,rigid_p2p,45,0.02764293789,0.005311758198,0.192156066,0.01928066336,0.02063052596,0.02398276108,0.02699639269,0.02940521841,0.03675036594,0.04155010718,0.005422457329,0.02226944381,0.5905139308,0.4253432974,0.5989281571,0.6369192302
rotation_sigma0.1000,rotation,0.1000,topology_pair,down8k__to__original,nicp_p2p,45,0.02313056689,0.002390178253,0.1033341839,0.01889394964,0.01927473833,0.02177136613,0.02301344054,0.0244936473,0.02719403977,0.02978665932,0.002722281171,0.01089270968,0.2657187136,0.2135386191,0.2929552525,0.542950423
rotation_sigma0.1000,rotation,0.1000,topology_pair,down8k__to__original,nicp_p2tri,45,0.02109171361,0.002563805935,0.1215551274,0.01631485377,0.01692839868,0.01953185949,0.02094947652,0.02255231204,0.02542690574,0.02820601272,0.003020452556,0.01189115895,0.2850210917,0.2369274984,0.319808163,0.4942558292
rotation_sigma0.1000,rotation,0.1000,topology_pair,down8k__to__remesh,latent_distance,45,0.4354899671,0.08384235794,0.1925242009,0.2970415652,0.3068658054,0.3781455457,0.4382179081,0.4990453124,0.5406926036,0.6426234841,0.1208997667,0.345581919,12.77921797,12.14023643,13.45353973,10.82172214
rotation_sigma0.1000,rotation,0.1000,topology_pair,down8k__to__remesh,raw_chamfer,45,0.04023539587,0.006560836362,0.1630613101,0.02741378202,0.03026479055,0.03542397984,0.0404942857,0.04538258051,0.05126804157,0.05310084474,0.00995860067,0.02568706273,1,1,1,1
rotation_sigma0.1000,rotation,0.1000,topology_pair,down8k__to__remesh,rigid_p2p,45,0.02904658474,0.0058098529,0.2000184515,0.0212925053,0.02251028813,0.02446693047,0.027978063,0.03178228831,0.0404942889,0.04487760521,0.007315357843,0.02358509991,0.8855354073,0.7345768834,0.9181703706,0.6909138541
rotation_sigma0.1000,rotation,0.1000,topology_pair,down8k__to__remesh,nicp_p2p,45,0.02316246232,0.001856022965,0.0801306415,0.01976954173,0.02053993993,0.02194587464,0.02299148212,0.02421592714,0.02638523335,0.02779485898,0.002270052497,0.008025317251,0.2828942626,0.2279489431,0.3124264279,0.5677710256
rotation_sigma0.1000,rotation,0.1000,topology_pair,down8k__to__remesh,nicp_p2tri,45,0.02109478771,0.001997761633,0.09470404065,0.01740629537,0.01825308282,0.01987625682,0.02091860961,0.02217196367,0.02462981258,0.02602426276,0.002295706853,0.008617967386,0.3044980126,0.2305250435,0.3354983587,0.5165817657
rotation_sigma0.1000,rotation,0.1000,topology_pair,down8k__to__up60k,latent_distance,45,0.4346107337,0.09536469056,0.2194255299,0.2728562653,0.2960532248,0.3758169115,0.4361586869,0.4990295172,0.5670696378,0.6643505096,0.1232126057,0.3914942443,13.65776438,11.46273484,13.63855967,12.59151275
rotation_sigma0.1000,rotation,0.1000,topology_pair,down8k__to__up60k,raw_chamfer,45,0.03523031797,0.006982452467,0.1981944209,0.02242495754,0.02440337763,0.02998240745,0.03463910141,0.04073137857,0.04673626219,0.05112991274,0.01074897112,0.02870495519,1,1,1,1
rotation_sigma0.1000,rotation,0.1000,topology_pair,down8k__to__up60k,rigid_p2p,45,0.02727045018,0.00519215319,0.1903948471,0.01904065474,0.02006382197,0.02380011441,0.02631281778,0.02896877435,0.03583271156,0.04042021573,0.005168659938,0.02137956099,0.74360022,0.480851598,0.7448038445,0.7596276091
rotation_sigma0.1000,rotation,0.1000,topology_pair,down8k__to__up60k,nicp_p2p,45,0.0228297871,0.002448272332,0.1072402612,0.0186943901,0.01884572815,0.02166386604,0.02261809109,0.02431868876,0.02713980893,0.02991997574,0.002654822722,0.01122558565,0.3506321516,0.2469838921,0.3910678686,0.652964141
rotation_sigma0.1000,rotation,0.1000,topology_pair,down8k__to__up60k,nicp_p2tri,45,0.02074013882,0.002622458004,0.126443609,0.01621460838,0.01643959263,0.01945616463,0.02049115291,0.02233988785,0.02535486206,0.0283326307,0.002883723224,0.01211802232,0.3755783539,0.2682790002,0.4221578551,0.5915613304
rotation_sigma0.1000,rotation,0.1000,topology_pair,noisy__to__crop,latent_distance,45,0.4719245904,0.1047061544,0.2218705202,0.1987268925,0.3348841369,0.4012788236,0.4730508327,0.5534082055,0.6473549843,0.6696654558,0.1521293819,0.4709385633,6.300553926,5.152166294,7.794634995,8.729833297
rotation_sigma0.1000,rotation,0.1000,topology_pair,noisy__to__crop,raw_chamfer,45,0.05648253282,0.01661856332,0.2942248247,0.02923426655,0.03629781646,0.04114524007,0.05418784262,0.07067250554,0.08170222225,0.08965256243,0.02952726547,0.06041829588,1,1,1,1
rotation_sigma0.1000,rotation,0.1000,topology_pair,noisy__to__crop,rigid_p2p,45,0.0353972023,0.006846526609,0.1934199927,0.0238270066,0.02770117515,0.02960272769,0.03480965136,0.03902668487,0.04804909627,0.05378933876,0.009423957181,0.02996233216,0.4119806555,0.3191611899,0.4959148834,0.6423885815
rotation_sigma0.1000,rotation,0.1000,topology_pair,noisy__to__crop,nicp_p2p,45,0.02770579874,0.002505244638,0.09042311545,0.02199370514,0.02385938702,0.02627027497,0.02793543772,0.02932064853,0.03160554417,0.03301019865,0.003050373559,0.01101649351,0.1507497724,0.1033070117,0.1823370446,0.5155296164
rotation_sigma0.1000,rotation,0.1000,topology_pair,noisy__to__crop,nicp_p2tri,45,0.02600874471,0.002643116342,0.1016241411,0.01995373207,0.02192735196,0.0242803758,0.02623698176,0.02780782671,0.030064559,0.03163231313,0.00352745091,0.01167858106,0.1590460193,0.119464192,0.1932954396,0.48418576
rotation_sigma0.1000,rotation,0.1000,topology_pair,noisy__to__down8k,latent_distance,45,0.4216371311,0.1032966876,0.2449895419,0.2238355875,0.2850723445,0.3403428495,0.4270839691,0.4871531725,0.5860953212,0.6859869957,0.146810323,0.4621514082,14.89839396,21.81568587,14.948256,13.45828506
rotation_sigma0.1000,rotation,0.1000,topology_pair,noisy__to__down8k,raw_chamfer,45,0.03389562594,0.006933410936,0.2045517893,0.02304367649,0.02583186764,0.02925419155,0.03173390719,0.03598376787,0.04873512169,0.05396042078,0.006729576319,0.03091674429,1,1,1,1
rotation_sigma0.1000,rotation,0.1000,topology_pair,noisy__to__down8k,rigid_p2p,45,0.02779791793,0.005915791848,0.2128142066,0.02129783815,0.02161424885,0.02398290434,0.02578625475,0.02960056372,0.03916233515,0.04955293063,0.005617659384,0.02825509248,0.8532296589,0.8347716286,0.9139090525,0.8125773671
rotation_sigma0.1000,rotation,0.1000,topology_pair,noisy__to__down8k,nicp_p2p,45,0.02217385235,0.001594627856,0.07191478642,0.01940248892,0.02016620236,0.02095348917,0.02194111836,0.02307789506,0.02526286192,0.02682295363,0.002124405889,0.007420464707,0.229991828,0.315681967,0.2400144284,0.6914092939
rotation_sigma0.1000,rotation,0.1000,topology_pair,noisy__to__down8k,nicp_p2tri,45,0.02020309916,0.001706259858,0.08445535235,0.01725118827,0.01811044603,0.01892846536,0.02014561379,0.02124678698,0.02366792813,0.02513868135,0.002318321618,0.007887493084,0.2460924174,0.3444974108,0.2551204296,0.6348292905
rotation_sigma0.1000,rotation,0.1000,topology_pair,noisy__to__original,latent_distance,45,0.4329144908,0.1118863671,0.2584491151,0.2084979862,0.2489365637,0.3519510031,0.430657059,0.5007036328,0.6119806886,0.6907488108,0.1487526298,0.4822508246,18.94304281,15.62097833,21.35523798,13.56552462
rotation_sigma0.1000,rotation,0.1000,topology_pair,noisy__to__original,raw_chamfer,45,0.03172064011,0.00590646224,0.1862024921,0.02164381669,0.02357957978,0.02646534041,0.03174643599,0.03598795971,0.0402831946,0.04422613701,0.009522619299,0.02258232032,1,1,1,1
rotation_sigma0.1000,rotation,0.1000,topology_pair,noisy__to__original,rigid_p2p,45,0.02749539578,0.005274288593,0.1918244289,0.0214892427,0.0215985417,0.02364488166,0.02619062971,0.0291548535,0.03729592593,0.04683351323,0.005509971845,0.02534427053,0.8929691545,0.5786193559,1.122305865,0.8249943306
rotation_sigma0.1000,rotation,0.1000,topology_pair,noisy__to__original,nicp_p2p,45,0.02288200813,0.001895537141,0.08283963237,0.01955789967,0.0201930375,0.02183086429,0.02265146343,0.0238233581,0.02591598358,0.02842200595,0.001992493814,0.008864106285,0.320925973,0.2092379997,0.3925241587,0.7135120124
rotation_sigma0.1000,rotation,0.1000,topology_pair,noisy__to__original,nicp_p2tri,45,0.02092524559,0.002017902581,0.09643387802,0.01720772465,0.01796710349,0.01978575098,0.02068899144,0.02192879107,0.0240829477,0.02697715626,0.002143040086,0.009769431606,0.3416431865,0.2250473341,0.4326141631,0.6516949318
rotation_sigma0.1000,rotation,0.1000,topology_pair,noisy__to__remesh,latent_distance,45,0.4417756114,0.09110805021,0.2062315073,0.2952660918,0.3143275917,0.3648921847,0.435854882,0.5111818314,0.5769259334,0.6916403174,0.1462896466,0.3963742256,14.73717512,18.07981028,15.89030465,12.93484801
rotation_sigma0.1000,rotation,0.1000,topology_pair,noisy__to__remesh,raw_chamfer,45,0.03485972057,0.006182192278,0.1773448604,0.02645447433,0.02812558405,0.03010079695,0.03369617345,0.03819212337,0.04670129242,0.05139888126,0.008091326422,0.02494440693,1,1,1,1
rotation_sigma0.1000,rotation,0.1000,topology_pair,noisy__to__remesh,rigid_p2p,45,0.02835639604,0.005868455923,0.2069535182,0.02059741189,0.02164977797,0.02391052896,0.02669382264,0.0308800651,0.03960891435,0.04655683992,0.006969536136,0.02595942802,0.9492516018,0.8613589135,1.04069133,0.7921915135
rotation_sigma0.1000,rotation,0.1000,topology_pair,noisy__to__remesh,nicp_p2p,45,0.02313694773,0.001700981548,0.07351797514,0.02012229859,0.02040930924,0.02219692572,0.02320668499,0.02417281682,0.02551278316,0.02732875351,0.001975891096,0.007206454915,0.2751421294,0.2441986632,0.2889006315,0.6887038678
rotation_sigma0.1000,rotation,0.1000,topology_pair,noisy__to__remesh,nicp_p2tri,45,0.02123766459,0.001854599655,0.08732596973,0.01801054725,0.01819869855,0.02026920557,0.02130997888,0.02234077244,0.02387398647,0.0257330075,0.002071566863,0.007722460246,0.2999906136,0.2560231481,0.3095868451,0.6324153961
rotation_sigma0.1000,rotation,0.1000,topology_pair,noisy__to__up60k,latent_distance,45,0.442809601,0.09983408853,0.2254560161,0.2938769758,0.3116280377,0.3534962237,0.4312154949,0.518394053,0.6055723429,0.7040928602,0.1648978293,0.4102158844,16.42133424,25.68318224,16.2164466,13.92186587
rotation_sigma0.1000,rotation,0.1000,topology_pair,noisy__to__up60k,raw_chamfer,45,0.03245896622,0.006079535746,0.1872991181,0.02279174903,0.02499712884,0.0283898619,0.03097397281,0.03481032132,0.0454242725,0.04808803585,0.006420459418,0.02529628683,1,1,1,1
rotation_sigma0.1000,rotation,0.1000,topology_pair,noisy__to__up60k,rigid_p2p,45,0.02776840716,0.005086307033,0.1831688438,0.02133174938,0.02207167907,0.0240621555,0.02663977306,0.02972745456,0.03822876155,0.04408725559,0.005665299055,0.02275550621,0.8366275396,0.8823821921,0.8995591473,0.860069621
rotation_sigma0.1000,rotation,0.1000,topology_pair,noisy__to__up60k,nicp_p2p,45,0.02307594178,0.001925937929,0.08346085924,0.01955814744,0.02062660757,0.02175615668,0.0228593279,0.02397439204,0.02642280643,0.02899110955,0.002218235361,0.009432962105,0.316790296,0.3454948029,0.3728990808,0.7380173036
rotation_sigma0.1000,rotation,0.1000,topology_pair,noisy__to__up60k,nicp_p2tri,45,0.02116546744,0.002025996531,0.09572179481,0.01758444793,0.01861586373,0.01981022893,0.02088582597,0.02203705937,0.02461547086,0.02750519634,0.002226830441,0.009920748411,0.3332485597,0.3468335046,0.392182002,0.674302457
rotation_sigma0.1000,rotation,0.1000,topology_pair,original__to__crop,latent_distance,45,0.4737192906,0.09416903595,0.1987865764,0.2428765446,0.3463834226,0.4079497159,0.4674496651,0.5441849232,0.6187461257,0.6552112699,0.1362352073,0.4123347253,5.714756142,4.739240107,6.656915026,8.725479727
rotation_sigma0.1000,rotation,0.1000,topology_pair,original__to__crop,raw_chamfer,45,0.05619812258,0.01647822472,0.2932166408,0.02792978287,0.0344224313,0.0418680729,0.05357294724,0.07061428627,0.08049036229,0.08987059534,0.02874621337,0.06194081248,1,1,1,1
rotation_sigma0.1000,rotation,0.1000,topology_pair,original__to__crop,rigid_p2p,45,0.03478233173,0.006957228092,0.2000219003,0.02331117861,0.02617491732,0.02930077359,0.03378963486,0.03907732403,0.0470595075,0.05387209746,0.009776550442,0.03056091885,0.4222073803,0.3400987224,0.4933890537,0.6307219707
rotation_sigma0.1000,rotation,0.1000,topology_pair,original__to__crop,nicp_p2p,45,0.02677593023,0.002532964989,0.09459858042,0.02100910721,0.02339175408,0.02504136753,0.02673158169,0.02857376095,0.03070030202,0.03222301674,0.003532393419,0.01121390953,0.1537158906,0.1228820427,0.1810423383,0.4989753797
rotation_sigma0.1000,rotation,0.1000,topology_pair,original__to__crop,nicp_p2tri,45,0.0249677969,0.002704923119,0.1083364756,0.0187412718,0.02143676532,0.0230598751,0.02489580254,0.02687054373,0.02920158635,0.03062433204,0.003810668625,0.01188306024,0.1641513673,0.1325624553,0.1918454047,0.4647084737
rotation_sigma0.1000,rotation,0.1000,topology_pair,original__to__down8k,latent_distance,45,0.4373027513,0.09647875546,0.2206223381,0.2422619611,0.2869043708,0.35956195,0.4381745458,0.5131845474,0.5948170781,0.6582664251,0.1536225975,0.416004464,11.46554469,14.32410904,11.57335647,12.87056164
rotation_sigma0.1000,rotation,0.1000,topology_pair,original__to__down8k,raw_chamfer,45,0.03633815878,0.008414668304,0.231565621,0.02399090695,0.02607900755,0.02997984327,0.03404471056,0.04070460089,0.05346776889,0.05993592128,0.01072475761,0.03594501433,1,1,1,1
rotation_sigma0.1000,rotation,0.1000,topology_pair,original__to__down8k,rigid_p2p,45,0.02761026648,0.006543094386,0.2369804867,0.01952025203,0.02075779816,0.0232479859,0.02544182308,0.03049887501,0.03985167691,0.05034912679,0.007250889114,0.03082887476,0.7775819735,0.676088857,0.8576676164,0.7473061942
rotation_sigma0.1000,rotation,0.1000,topology_pair,original__to__down8k,nicp_p2p,45,0.02121927997,0.001744079726,0.08219316247,0.01753807527,0.0189863152,0.01998093003,0.02118265672,0.02224522221,0.02515228335,0.02572580882,0.002264292175,0.008187733547,0.2072666043,0.2111275851,0.2277849571,0.6222011104
rotation_sigma0.1000,rotation,0.1000,topology_pair,original__to__down8k,nicp_p2tri,45,0.01913410396,0.001872860802,0.09788076862,0.01528635348,0.01679531558,0.01773293185,0.01913451062,0.02015203001,0.02322297424,0.02406606219,0.002419098167,0.008779708711,0.2225709599,0.2255620364,0.244253866,0.5620406315
rotation_sigma0.1000,rotation,0.1000,topology_pair,original__to__noisy,latent_distance,45,0.4335811406,0.1035417828,0.2388060113,0.246058628,0.2637746096,0.3534518182,0.4378020167,0.507981956,0.5937535882,0.638856113,0.1545301378,0.392797485,17.57107958,18.60533115,15.27082191,14.09510365
rotation_sigma0.1000,rotation,0.1000,topology_pair,original__to__noisy,raw_chamfer,45,0.03144864502,0.005892738824,0.1873765569,0.02262761729,0.0234182956,0.02636300036,0.03106057448,0.03466869169,0.04084740253,0.04834970922,0.008305691339,0.02572209193,1,1,1,1
rotation_sigma0.1000,rotation,0.1000,topology_pair,original__to__noisy,rigid_p2p,45,0.02569846545,0.004644603007,0.1807346441,0.02025803308,0.02056749289,0.02223801646,0.02440033288,0.02764209884,0.03428315372,0.04201426013,0.005404082376,0.02175622705,0.7881908814,0.6506481105,0.8458187272,0.7855724914
rotation_sigma0.1000,rotation,0.1000,topology_pair,original__to__noisy,nicp_p2p,45,0.02182608923,0.001622071036,0.07431798792,0.01904617943,0.01950193615,0.02082076024,0.02158365661,0.02305946291,0.02475524454,0.02619522479,0.002238702664,0.007149045351,0.2752660664,0.2695383891,0.2779340565,0.6948891631
rotation_sigma0.1000,rotation,0.1000,topology_pair,original__to__noisy,nicp_p2tri,45,0.0195149092,0.001810848248,0.09279306552,0.01647171183,0.01700142152,0.01823040738,0.01933438526,0.02076005153,0.02291885341,0.0244089421,0.002529644147,0.007937230272,0.3073016304,0.3045675602,0.3085763901,0.6224735243
rotation_sigma0.1000,rotation,0.1000,topology_pair,original__to__remesh,latent_distance,45,0.4595503065,0.08819407704,0.1919138684,0.3187180161,0.3429509997,0.389893353,0.4540168345,0.5309697986,0.5930456638,0.6829351783,0.1410764456,0.3642171621,12.47892975,14.88493307,12.58606085,13.17470853
rotation_sigma0.1000,rotation,0.1000,topology_pair,original__to__remesh,raw_chamfer,45,0.03644620185,0.007067439178,0.1939142851,0.02723505224,0.02788455729,0.03110838017,0.03446124317,0.04058618198,0.05043226543,0.05617318995,0.00947780181,0.02893813771,1,1,1,1
rotation_sigma0.1000,rotation,0.1000,topology_pair,original__to__remesh,rigid_p2p,45,0.02772003206,0.005987520272,0.21599976,0.01964547183,0.02052619489,0.02366222548,0.02644652659,0.03023453133,0.03969450575,0.04659050779,0.006572305842,0.02694503596,0.8471979909,0.693442,0.9311254312,0.7674281064
rotation_sigma0.1000,rotation,0.1000,topology_pair,original__to__remesh,nicp_p2p,45,0.02211976711,0.001769906124,0.08001468168,0.01875172733,0.01917597226,0.02107405043,0.02225157054,0.02309833647,0.02525899062,0.02662682861,0.002024286039,0.007875101279,0.2504310373,0.2135818072,0.2721357316,0.6456984281
rotation_sigma0.1000,rotation,0.1000,topology_pair,original__to__remesh,nicp_p2tri,45,0.0200772994,0.001944759063,0.09686357833,0.0161666821,0.01674471739,0.01887749225,0.0202272096,0.02112161019,0.02350159381,0.02462932373,0.002244117933,0.008462641625,0.2751716731,0.2367762038,0.2924390542,0.586955308
rotation_sigma0.1000,rotation,0.1000,topology_pair,original__to__up60k,latent_distance,45,0.4594386154,0.0909811158,0.1980267064,0.2999623418,0.3314626753,0.3893674612,0.4444002807,0.5300264359,0.6071213007,0.6858507395,0.1406589746,0.3858883977,12.34218196,13.93261095,12.60415295,13.32533995
rotation_sigma0.1000,rotation,0.1000,topology_pair,original__to__up60k,raw_chamfer,45,0.03436567002,0.007371558455,0.2145035569,0.02283321545,0.02499900717,0.02833798407,0.03335001451,0.0384336492,0.04939871545,0.05344918776,0.01009566513,0.03061597231,1,1,1,1
rotation_sigma0.1000,rotation,0.1000,topology_pair,original__to__up60k,rigid_p2p,45,0.0273109879,0.005367974107,0.1965499793,0.02051302671,0.02123747801,0.02327237858,0.02624158026,0.02962911486,0.03685252622,0.04617142971,0.006356736278,0.025658403,0.7282007108,0.6296500719,0.8380724525,0.7868536385
rotation_sigma0.1000,rotation,0.1000,topology_pair,original__to__up60k,nicp_p2p,45,0.0220625741,0.00182424741,0.08268515729,0.01856212809,0.01965566428,0.02093797411,0.02184962073,0.02292988283,0.02568063672,0.02750332637,0.001991908717,0.008941198285,0.2474710634,0.1973033664,0.2920435841,0.6551607563
rotation_sigma0.1000,rotation,0.1000,topology_pair,original__to__up60k,nicp_p2tri,45,0.02003064351,0.001952678244,0.09748454878,0.0163888105,0.01738915712,0.01883015409,0.01983861616,0.02106896266,0.02385964409,0.02589384311,0.002238808573,0.009505032613,0.264893544,0.2217593931,0.3104599298,0.5948607953
rotation_sigma0.1000,rotation,0.1000,topology_pair,remesh__to__crop,latent_distance,45,0.5005355838,0.1099334186,0.2196315749,0.209642157,0.3465371847,0.4319552183,0.4805634618,0.5776656866,0.7073958516,0.7225046158,0.1457104683,0.5128624588,6.123753444,6.073723338,7.08702147,7.717130577
rotation_sigma0.1000,rotation,0.1000,topology_pair,remesh__to__crop,raw_chamfer,45,0.06185738403,0.01795196681,0.2902154219,0.02807078693,0.03924378568,0.04734438404,0.06227229888,0.07133468788,0.09049812999,0.1004372191,0.02399030384,0.07236643222,1,1,1,1
rotation_sigma0.1000,rotation,0.1000,topology_pair,remesh__to__crop,rigid_p2p,45,0.03492729554,0.007097899753,0.2032192772,0.02589207403,0.02613803443,0.02987026825,0.0336567346,0.03674038064,0.04834287041,0.05530097105,0.006870112393,0.02940889702,0.3953828474,0.2863703786,0.4063886545,0.5404768284
rotation_sigma0.1000,rotation,0.1000,topology_pair,remesh__to__crop,nicp_p2p,45,0.02798704635,0.002897571182,0.1035325824,0.02159403783,0.02367816401,0.02659833648,0.02742982063,0.02925032302,0.03298550053,0.03561235593,0.002651986537,0.0140183181,0.1614068928,0.1105440996,0.193712992,0.4404819016
rotation_sigma0.1000,rotation,0.1000,topology_pair,remesh__to__crop,nicp_p2tri,45,0.02613624346,0.003032695952,0.1160341178,0.01937021246,0.0217222632,0.02469158807,0.02550136673,0.02754198437,0.03142967226,0.03401847993,0.002850396295,0.01464826747,0.1689339104,0.1188145142,0.2024179861,0.4095138158
rotation_sigma0.1000,rotation,0.1000,topology_pair,remesh__to__down8k,latent_distance,45,0.4221479201,0.1073530949,0.2543020817,0.2096636742,0.2727878869,0.3359053135,0.424041599,0.4930341542,0.5892368436,0.629612565,0.1571288407,0.4199488908,16.67251474,17.65780083,13.86758083,11.43315092
rotation_sigma0.1000,rotation,0.1000,topology_pair,remesh__to__down8k,raw_chamfer,45,0.03878401381,0.006438926372,0.1660201134,0.02765710326,0.03187470814,0.03304480508,0.03708877823,0.04194335605,0.05026536724,0.05793988264,0.00889855097,0.03028277938,1,1,1,1
rotation_sigma0.1000,rotation,0.1000,topology_pair,remesh__to__down8k,rigid_p2p,45,0.03126557566,0.007007268072,0.2241208717,0.02089653327,0.02318996937,0.02643895181,0.0289609338,0.03558727531,0.04378896888,0.05339266735,0.009148323503,0.03249613408,1.088266532,1.0280689,1.073089549,0.7808543494
rotation_sigma0.1000,rotation,0.1000,topology_pair,remesh__to__down8k,nicp_p2p,45,0.02254360667,0.002015916251,0.08942296949,0.01924087578,0.01974316106,0.02114708282,0.02241336367,0.02386533631,0.02616893411,0.02789364067,0.00271825349,0.008652764891,0.3130826685,0.305471475,0.2857321907,0.6043165813
rotation_sigma0.1000,rotation,0.1000,topology_pair,remesh__to__down8k,nicp_p2tri,45,0.02045893025,0.002141819842,0.1046887504,0.01698929468,0.01750136517,0.01881663993,0.02011225268,0.02171046319,0.02426502433,0.02636379307,0.002893823267,0.009374498391,0.3326361754,0.3252016285,0.3095653234,0.5422732601
rotation_sigma0.1000,rotation,0.1000,topology_pair,remesh__to__noisy,latent_distance,45,0.4448727161,0.1103606539,0.2480724258,0.1965253204,0.2676616669,0.3740956485,0.4372660518,0.5114894509,0.6510860085,0.6654550433,0.1373938024,0.4689297229,16.958668,14.28896056,17.22323889,12.55502829
rotation_sigma0.1000,rotation,0.1000,topology_pair,remesh__to__noisy,raw_chamfer,45,0.03722766281,0.006507625118,0.174806169,0.02631247466,0.02854786263,0.0322196842,0.03482796229,0.04183506538,0.04827850001,0.05353904487,0.009615381174,0.02722657021,1,1,1,1
rotation_sigma0.1000,rotation,0.1000,topology_pair,remesh__to__noisy,rigid_p2p,45,0.02802130405,0.005147210962,0.1836892013,0.02154121406,0.02306507711,0.02432617738,0.02664478422,0.0308041275,0.0382923161,0.04693392395,0.006477950129,0.02539270989,0.7909507492,0.6737070545,0.9326444608,0.7650399985
rotation_sigma0.1000,rotation,0.1000,topology_pair,remesh__to__noisy,nicp_p2p,45,0.02315390144,0.001626775082,0.07025922116,0.01971856,0.02100991449,0.02209537485,0.02303184386,0.02391316088,0.0262065388,0.02750355748,0.001817786031,0.00778499748,0.2499798394,0.1890498148,0.2859338294,0.6613032271
rotation_sigma0.1000,rotation,0.1000,topology_pair,remesh__to__noisy,nicp_p2tri,45,0.0208802969,0.001752952101,0.08395245094,0.01721362884,0.01843571356,0.01979661232,0.02069686859,0.02170184139,0.02429080114,0.02536480217,0.001905229065,0.00815117333,0.2693689433,0.1981438936,0.299383039,0.5942601069
rotation_sigma0.1000,rotation,0.1000,topology_pair,remesh__to__original,latent_distance,45,0.4605383943,0.1190750721,0.2585562324,0.2047766894,0.2630611718,0.3794326782,0.4494564235,0.5244407058,0.6444939137,0.7232736945,0.1450080276,0.5184970051,16.22028671,11.58837754,18.84691269,12.05714648
rotation_sigma0.1000,rotation,0.1000,topology_pair,remesh__to__original,raw_chamfer,45,0.03848902371,0.007341120058,0.1907328207,0.02648973063,0.02906279163,0.03284259564,0.03727718031,0.04535582514,0.05237172696,0.05400070889,0.01251322949,0.02751097825,1,1,1,1
rotation_sigma0.1000,rotation,0.1000,topology_pair,remesh__to__original,rigid_p2p,45,0.0292335663,0.005877176388,0.2010420599,0.02165561974,0.02333739642,0.02510023691,0.02773424099,0.03198327139,0.04134306835,0.05062854102,0.006883034478,0.02897292128,0.8005830639,0.5500605965,1.05314035,0.7440005052
rotation_sigma0.1000,rotation,0.1000,topology_pair,remesh__to__original,nicp_p2p,45,0.02323635302,0.001865686374,0.08029170376,0.01903073065,0.02046754208,0.02201778487,0.02332173486,0.02398367074,0.0271006724,0.02762332517,0.001965885871,0.008592594517,0.2541419237,0.1571045965,0.3123332961,0.6256303365
rotation_sigma0.1000,rotation,0.1000,topology_pair,remesh__to__original,nicp_p2tri,45,0.02119525394,0.00196773561,0.09283850128,0.01682827762,0.01821311866,0.01996322527,0.02115404749,0.02207551864,0.02524588028,0.02604097582,0.002112293372,0.009212698198,0.2680429682,0.1688048136,0.3348735226,0.5674798178
rotation_sigma0.1000,rotation,0.1000,topology_pair,remesh__to__up60k,latent_distance,45,0.4362984892,0.1084361591,0.2485366366,0.2218988389,0.2735590637,0.3616982996,0.4334449172,0.4998237491,0.631655848,0.6615980864,0.1381254494,0.4396992475,17.56587826,17.87337427,15.89154717,12.71527261
rotation_sigma0.1000,rotation,0.1000,topology_pair,remesh__to__up60k,raw_chamfer,45,0.03549670539,0.006173113434,0.1739066588,0.02501856898,0.02730540093,0.0314364789,0.03408852727,0.03916447963,0.04625101307,0.05268731909,0.00772800073,0.02766875011,1,1,1,1
rotation_sigma0.1000,rotation,0.1000,topology_pair,remesh__to__up60k,rigid_p2p,45,0.02964000536,0.006301811154,0.2126116739,0.02163425806,0.02312020737,0.02546431667,0.02794653291,0.03244317374,0.04059734302,0.05305535147,0.006978857064,0.03142109341,1.020848105,0.903061129,1.135616654,0.8198222436
rotation_sigma0.1000,rotation,0.1000,topology_pair,remesh__to__up60k,nicp_p2p,45,0.0233088375,0.002049951401,0.08794738911,0.01928074471,0.02042464038,0.02191976843,0.02299614388,0.02443725729,0.02751185267,0.02918743149,0.00251748886,0.00990668678,0.3320773906,0.3257619852,0.3580460534,0.674600686
rotation_sigma0.1000,rotation,0.1000,topology_pair,remesh__to__up60k,nicp_p2tri,45,0.02124517771,0.002159581971,0.1016504545,0.01698858201,0.01809570095,0.01979562937,0.02090084925,0.02246237668,0.02566582412,0.02737342634,0.002666747311,0.01038484433,0.3498367548,0.3450759652,0.3753275549,0.6131344157
rotation_sigma0.1000,rotation,0.1000,topology_pair,up60k__to__crop,latent_distance,45,0.4856253561,0.1043462193,0.2148697921,0.1995562762,0.3414528966,0.4240888655,0.4772607684,0.5703718066,0.6509209752,0.657882154,0.1462829411,0.4583258778,5.687397964,4.672558431,6.308690641,7.113166338
rotation_sigma0.1000,rotation,0.1000,topology_pair,up60k__to__crop,raw_chamfer,45,0.06711759944,0.01834691716,0.2733547879,0.03167858738,0.04485302691,0.05004810168,0.06709540389,0.08135492069,0.09372618962,0.1043285086,0.03130681901,0.07264992118,1,1,1,1
rotation_sigma0.1000,rotation,0.1000,topology_pair,up60k__to__crop,rigid_p2p,45,0.03563674858,0.00645466223,0.1811237694,0.023661889,0.02744506715,0.030371609,0.03506149544,0.03909113718,0.04720405366,0.05364111814,0.008719528175,0.02997922914,0.3518118153,0.2785184969,0.4126532921,0.5225618061
rotation_sigma0.1000,rotation,0.1000,topology_pair,up60k__to__crop,nicp_p2p,45,0.02780821958,0.002530758854,0.09100758309,0.02263680942,0.02421130791,0.02632845161,0.02750579496,0.02933792339,0.03170275624,0.0337949599,0.003009471777,0.01115815048,0.1379391879,0.09612831558,0.1535879228,0.4099505087
rotation_sigma0.1000,rotation,0.1000,topology_pair,up60k__to__crop,nicp_p2tri,45,0.026118314,0.002647937825,0.1013824179,0.02073496322,0.02231810205,0.02441899953,0.02571782136,0.02755788588,0.03026012835,0.03233856898,0.003138886351,0.01160360575,0.1443260359,0.1002620659,0.1597194541,0.3833022811
rotation_sigma0.1000,rotation,0.1000,topology_pair,up60k__to__down8k,latent_distance,45,0.4078731954,0.1025320365,0.2513821396,0.180723846,0.2507512391,0.3234634697,0.4083753526,0.4953194857,0.5481938839,0.6146698594,0.1718560159,0.4339460135,17.86407735,22.68115514,15.98452268,12.65762443
rotation_sigma0.1000,rotation,0.1000,topology_pair,up60k__to__down8k,raw_chamfer,45,0.03351645141,0.005739565191,0.1712462075,0.02335371919,0.02642542446,0.02982306696,0.03226319085,0.03740010679,0.04265111275,0.05050160605,0.007577039831,0.02714788687,1,1,1,1
rotation_sigma0.1000,rotation,0.1000,topology_pair,up60k__to__down8k,rigid_p2p,45,0.02679144739,0.005632888698,0.2102495104,0.01966798163,0.02053041274,0.02262296874,0.02584256415,0.02853288376,0.0374800823,0.04733989135,0.005909915021,0.02767190972,0.9814138372,0.7799767658,1.019302528,0.8009921981
rotation_sigma0.1000,rotation,0.1000,topology_pair,up60k__to__down8k,nicp_p2p,45,0.02164985783,0.001834100888,0.08471653269,0.01839778445,0.01895906076,0.02019016187,0.02147938486,0.02273012866,0.02531329808,0.02597234357,0.002539966795,0.007574559121,0.3195539779,0.3352188786,0.2790110022,0.6657551312
rotation_sigma0.1000,rotation,0.1000,topology_pair,up60k__to__down8k,nicp_p2tri,45,0.01958769762,0.001957286505,0.09992427606,0.01629610307,0.01670682823,0.01811443206,0.01931889673,0.0208904273,0.02341894788,0.0243176868,0.00277599524,0.008021583729,0.3410165125,0.3663693608,0.2954772785,0.598790641
rotation_sigma0.1000,rotation,0.1000,topology_pair,up60k__to__noisy,latent_distance,45,0.4375437316,0.1032606198,0.2360006838,0.211105153,0.2876612902,0.3729240596,0.4364515543,0.5353485942,0.6005915403,0.6427474022,0.1624245346,0.4316422492,15.22938879,13.9851742,16.01525782,12.78345784
rotation_sigma0.1000,rotation,0.1000,topology_pair,up60k__to__noisy,raw_chamfer,45,0.03584363393,0.006780352204,0.1891647543,0.02311487794,0.02563403247,0.02993319675,0.03414190117,0.04154724834,0.04597661801,0.05006681677,0.01161405159,0.02695193883,1,1,1,1
rotation_sigma0.1000,rotation,0.1000,topology_pair,up60k__to__noisy,rigid_p2p,45,0.02584904623,0.004682574653,0.1811507709,0.01983379479,0.0206607155,0.02285494533,0.0247270193,0.02763900786,0.03495335846,0.04304843258,0.004784062528,0.02321463778,0.6906093537,0.4119202065,0.8613346123,0.7242426006
rotation_sigma0.1000,rotation,0.1000,topology_pair,up60k__to__noisy,nicp_p2p,45,0.02252629026,0.001647266907,0.07312641752,0.01941406198,0.01965741208,0.02151201031,0.02262108666,0.0234542804,0.02499404835,0.02657311219,0.001942270087,0.00715905021,0.2429471002,0.167234498,0.2656228279,0.6625608383
rotation_sigma0.1000,rotation,0.1000,topology_pair,up60k__to__noisy,nicp_p2tri,45,0.02036608226,0.001795340528,0.08815345557,0.01695938564,0.01726073506,0.01924940873,0.02035799873,0.02150475593,0.02314541843,0.02472914744,0.002255347202,0.007769761802,0.2647857329,0.1941912506,0.2882821103,0.5962760722
rotation_sigma0.1000,rotation,0.1000,topology_pair,up60k__to__original,latent_distance,45,0.4492978384,0.1119938612,0.2492641887,0.2261240482,0.2530640006,0.3579159975,0.4536257088,0.5269138217,0.622017324,0.6759648919,0.1689978242,0.4498408437,14.06282076,13.92337406,13.99679925,12.22045055
rotation_sigma0.1000,rotation,0.1000,topology_pair,up60k__to__original,raw_chamfer,45,0.03857887241,0.007963826254,0.206429731,0.02444439915,0.02586820381,0.0320168385,0.03712021147,0.04415454474,0.04957607648,0.05658323573,0.01213770624,0.03213883658,1,1,1,1
rotation_sigma0.1000,rotation,0.1000,topology_pair,up60k__to__original,rigid_p2p,45,0.02710016289,0.005304843836,0.1957495185,0.02012954312,0.02133446926,0.02367797743,0.02574829467,0.02916310292,0.03801027266,0.04514610426,0.005485125486,0.02501656114,0.6661174751,0.4519079122,0.7783903776,0.6936462281
rotation_sigma0.1000,rotation,0.1000,topology_pair,up60k__to__original,nicp_p2p,45,0.02279771128,0.002073253634,0.09094130584,0.01937094804,0.01956812484,0.02155826678,0.0228008848,0.02406689009,0.02652667335,0.02831286495,0.002508623308,0.008941916911,0.2603338606,0.2066801798,0.2782277725,0.6142444747
rotation_sigma0.1000,rotation,0.1000,topology_pair,up60k__to__original,nicp_p2tri,45,0.02085992039,0.002181280033,0.1045679941,0.01717819261,0.01736263625,0.01946843233,0.02089899409,0.02213466505,0.02478700615,0.02657611421,0.002666232727,0.009397921595,0.2738984959,0.2196652872,0.2924163596,0.5630084867
rotation_sigma0.1000,rotation,0.1000,topology_pair,up60k__to__remesh,latent_distance,45,0.4254919118,0.08949311541,0.2103285936,0.260063082,0.2811119497,0.3533267379,0.4384412467,0.5018643737,0.5500052571,0.6209595799,0.1485376358,0.360896498,14.1205593,16.20879123,12.16073101,12.82363896
rotation_sigma0.1000,rotation,0.1000,topology_pair,up60k__to__remesh,raw_chamfer,45,0.03597352137,0.006337788293,0.1761792577,0.02284858913,0.02802518951,0.03136558151,0.03419008037,0.04052959836,0.04656866981,0.05252579336,0.009164016843,0.02967720423,1,1,1,1
rotation_sigma0.1000,rotation,0.1000,topology_pair,up60k__to__remesh,rigid_p2p,45,0.02781305635,0.005466005546,0.1965266052,0.01979573857,0.02176511578,0.02386284599,0.02626956304,0.02969709171,0.03722181958,0.04396434329,0.005834245724,0.02416860473,0.8624468495,0.6366472066,0.8143828015,0.7683387334
rotation_sigma0.1000,rotation,0.1000,topology_pair,up60k__to__remesh,nicp_p2p,45,0.02261678463,0.001839600881,0.08133786087,0.01950663049,0.01975512111,0.02159488079,0.02247428734,0.02370864484,0.02582683188,0.02727346207,0.002113764049,0.007766831584,0.2902591245,0.2306591187,0.2617103526,0.6573335628
rotation_sigma0.1000,rotation,0.1000,topology_pair,up60k__to__remesh,nicp_p2tri,45,0.020645875,0.001974674822,0.09564500524,0.01731375455,0.01751731072,0.01951312976,0.02054502352,0.0217996574,0.02419127662,0.02545276244,0.002286527633,0.008139007892,0.3115715974,0.2495115048,0.2742511669,0.6009059732
translation_sigma0.0010,translation,0.0010,overall,all,latent_distance,1350,0.4443371218,0.104143014,0.2343783782,0.1909869313,0.2738147512,0.370305039,0.4421238303,0.516686812,0.6194064289,0.7095631361,0.1463817731,0.5185762048,6.301780475,7.859565898,5.723294794,11.36923821
translation_sigma0.0010,translation,0.0010,overall,all,raw_chamfer,1350,0.04377003757,0.01652596665,0.377563456,0.02146722456,0.02642521604,0.03178601085,0.03888772689,0.05041067473,0.07977538805,0.1120752088,0.01862466388,0.09060798428,1,1,1,1
translation_sigma0.0010,translation,0.0010,overall,all,rigid_p2p,1350,0.03139313262,0.009068975498,0.2888840565,0.01914688493,0.02168060011,0.02468162588,0.02870692378,0.03610937301,0.04925642381,0.07796626961,0.01142774713,0.05881938468,0.5487712573,0.6135813891,0.6491633728,0.7382000974
translation_sigma0.0010,translation,0.0010,overall,all,nicp_p2p,1350,0.02378020143,0.002923905105,0.1229554389,0.01840688847,0.0197344807,0.0218272506,0.02323373092,0.02524303883,0.02946711902,0.03600438652,0.003415788236,0.01759749805,0.176927932,0.1834013359,0.1942157547,0.5974566472
translation_sigma0.0010,translation,0.0010,overall,all,nicp_p2tri,1350,0.02179221375,0.003106245545,0.1425392381,0.01595726964,0.01746647716,0.01966520338,0.02121772897,0.02342484371,0.02782805669,0.03440479404,0.003759640332,0.0184475244,0.1879615039,0.2018635266,0.2035971173,0.5456150479
translation_sigma0.0010,translation,0.0010,topology_pair,crop__to__down8k,latent_distance,45,0.4610858613,0.08994252733,0.195066765,0.2807400227,0.3492710412,0.3921558261,0.4403492808,0.5432680249,0.5945421338,0.6765719652,0.1511121988,0.3958319426,5.766441299,6.205682549,6.717934949,6.551524408
translation_sigma0.0010,translation,0.0010,topology_pair,crop__to__down8k,raw_chamfer,45,0.06546916532,0.01559757963,0.2382431417,0.03584658697,0.03946527384,0.05276141917,0.06721325502,0.07711203614,0.08626970213,0.09476825644,0.02435061698,0.05892166947,1,1,1,1
translation_sigma0.0010,translation,0.0010,topology_pair,crop__to__down8k,rigid_p2p,45,0.04710489767,0.01216953821,0.258349743,0.02721070954,0.02804904893,0.04017867167,0.04543436388,0.05543447126,0.06919796379,0.07796626961,0.01525579959,0.05075556007,0.7802196558,0.6265056694,0.8614073655,0.6759732714
translation_sigma0.0010,translation,0.0010,topology_pair,crop__to__down8k,nicp_p2p,45,0.02505693361,0.002444617088,0.09756250008,0.01868848226,0.02188599071,0.02357148137,0.02498734135,0.0263341743,0.02918291921,0.03049114337,0.002762692935,0.01180266111,0.1567305406,0.1134547407,0.2003110437,0.3717621076
translation_sigma0.0010,translation,0.0010,topology_pair,crop__to__down8k,nicp_p2tri,45,0.023222485,0.002549512688,0.1097863854,0.01656805485,0.0200520804,0.02151796396,0.0231983154,0.02467030763,0.02765153079,0.02882314996,0.003152343671,0.01225509512,0.163455661,0.1294564188,0.2079896111,0.3451449478
translation_sigma0.0010,translation,0.0010,topology_pair,crop__to__noisy,latent_distance,45,0.4628171662,0.09383202214,0.2027410152,0.2801577747,0.3312094331,0.3871288896,0.4559138119,0.5221156478,0.6243151188,0.6611908674,0.1349867582,0.3810330927,7.376342212,6.986865225,8.219047349,8.623713194
translation_sigma0.0010,translation,0.0010,topology_pair,crop__to__noisy,raw_chamfer,45,0.05227566801,0.01272067096,0.2433382765,0.03110142549,0.0320637023,0.04189572954,0.05286745995,0.06121580426,0.07201084372,0.07746118916,0.01932007472,0.04635976368,1,1,1,1
translation_sigma0.0010,translation,0.0010,topology_pair,crop__to__noisy,rigid_p2p,45,0.03910004044,0.009943400344,0.2543066511,0.02494407224,0.02526770319,0.0321313038,0.03703683483,0.04602156574,0.05482494625,0.06858364632,0.01389026194,0.04363957408,0.7816726318,0.7189548766,0.9413243428,0.7005601341
translation_sigma0.0010,translation,0.0010,topology_pair,crop__to__noisy,nicp_p2p,45,0.02460164903,0.00202875132,0.08246403799,0.0197856374,0.02243294883,0.0231271664,0.02459781687,0.02612155246,0.02725152473,0.03038230858,0.00299438606,0.01059667117,0.1594846158,0.154988327,0.2285747453,0.465273287
translation_sigma0.0010,translation,0.0010,topology_pair,crop__to__noisy,nicp_p2tri,45,0.02249255679,0.00213576188,0.09495416191,0.01753342575,0.02025179742,0.020803229,0.02240048045,0.02420003252,0.02519899709,0.02853762363,0.003396803511,0.01100419788,0.1678969519,0.1758173071,0.2373652712,0.4237101701
translation_sigma0.0010,translation,0.0010,topology_pair,crop__to__original,latent_distance,45,0.4624995689,0.09480434669,0.2049825623,0.2842471004,0.3239188075,0.3982376456,0.4477005899,0.5120446682,0.6135271788,0.6683388948,0.1138070226,0.3840917945,7.813902703,5.557767539,8.512908644,8.738745824
translation_sigma0.0010,translation,0.0010,topology_pair,crop__to__original,raw_chamfer,45,0.05134387497,0.01213277798,0.2363042912,0.0312799381,0.03245241769,0.04048113871,0.05123167545,0.06095824967,0.07145746764,0.07639868782,0.02047711096,0.04511874972,1,1,1,1
translation_sigma0.0010,translation,0.0010,topology_pair,crop__to__original,rigid_p2p,45,0.04096818431,0.01077599975,0.263033374,0.02527766204,0.02586749807,0.03377410698,0.03922922144,0.04886177518,0.05893945175,0.07459296784,0.0150876682,0.0493153058,0.8881724993,0.7368064876,1.093011356,0.7657220088
translation_sigma0.0010,translation,0.0010,topology_pair,crop__to__original,nicp_p2p,45,0.02460345005,0.00221622579,0.0900778462,0.0195796145,0.02190510011,0.02285480911,0.02441011033,0.02618925085,0.02760504317,0.03104985846,0.00333444174,0.01147024396,0.1826643323,0.162837509,0.2542234443,0.476465197
translation_sigma0.0010,translation,0.0010,topology_pair,crop__to__original,nicp_p2tri,45,0.02269859648,0.002311426828,0.1018312665,0.01770658853,0.01969219359,0.02076391617,0.02257518736,0.02437011776,0.02580694371,0.02933640962,0.003606201594,0.0116298211,0.1905109309,0.1761089053,0.2577602698,0.4406490158
translation_sigma0.0010,translation,0.0010,topology_pair,crop__to__remesh,latent_distance,45,0.4852852636,0.08610133914,0.1774241783,0.3164834976,0.3638035238,0.4193518162,0.4819510579,0.5427718759,0.6137119293,0.7095631361,0.1234200597,0.3930796385,5.388780424,5.135336443,6.386206038,8.534615868
translation_sigma0.0010,translation,0.0010,topology_pair,crop__to__remesh,raw_chamfer,45,0.05795223723,0.01597788968,0.275707901,0.02909039176,0.0336105519,0.04659154661,0.05647015231,0.07062503713,0.08337014967,0.09064174731,0.02403349051,0.06155135556,1,1,1,1
translation_sigma0.0010,translation,0.0010,topology_pair,crop__to__remesh,rigid_p2p,45,0.03830787467,0.01156415736,0.3018741565,0.02229991014,0.02531723733,0.02942506326,0.03479091003,0.04287413668,0.06259640066,0.07302666188,0.01344907342,0.05072675174,0.723759995,0.5595971761,0.8241370361,0.6160937878
translation_sigma0.0010,translation,0.0010,topology_pair,crop__to__remesh,nicp_p2p,45,0.02419269756,0.002476368647,0.1023601705,0.01867109948,0.02084679275,0.02213565662,0.02399781816,0.02539848164,0.02816871299,0.03019853429,0.003262825021,0.01152743481,0.1549872164,0.1357615956,0.187281575,0.4249646438
translation_sigma0.0010,translation,0.0010,topology_pair,crop__to__remesh,nicp_p2tri,45,0.02226816291,0.002593644998,0.1164732362,0.01665600519,0.01869091618,0.02006788651,0.0220713865,0.02363816957,0.02635200212,0.02852924992,0.003570283063,0.01187324473,0.1623271314,0.1485544957,0.192899809,0.3908504866
translation_sigma0.0010,translation,0.0010,topology_pair,crop__to__up60k,latent_distance,45,0.4739647236,0.08961748989,0.1890805063,0.3040079176,0.3585493445,0.4015517235,0.4582931399,0.5478211045,0.6225124955,0.6954010725,0.146269381,0.3913931549,5.901402657,5.900162051,6.866547525,7.369926658
translation_sigma0.0010,translation,0.0010,topology_pair,crop__to__up60k,raw_chamfer,45,0.06031446612,0.01518579482,0.2517769914,0.03073664037,0.03695122693,0.04757300782,0.0621842199,0.07236374743,0.08284423875,0.0877366325,0.02479073961,0.05699999212,1,1,1,1
translation_sigma0.0010,translation,0.0010,topology_pair,crop__to__up60k,rigid_p2p,45,0.04188324886,0.01044650658,0.2494196813,0.02631553112,0.02664803162,0.03550088438,0.04111442618,0.04819626699,0.05966156556,0.07174523109,0.01269538261,0.04542969997,0.68791306,0.5121018093,0.7970123903,0.6611713751
translation_sigma0.0010,translation,0.0010,topology_pair,crop__to__up60k,nicp_p2p,45,0.02482639757,0.002225066086,0.08962500823,0.01939858468,0.02233024261,0.02335016162,0.02461068585,0.02626528444,0.02880228801,0.03040523956,0.002915122816,0.01100665488,0.1465228599,0.117589183,0.1930992351,0.3957705973
translation_sigma0.0010,translation,0.0010,topology_pair,crop__to__up60k,nicp_p2tri,45,0.02296867975,0.002308605631,0.1005110287,0.01762492712,0.02027419299,0.02145575182,0.02279647731,0.02467128654,0.02731029781,0.02874265698,0.003215534719,0.01111772986,0.1520240237,0.129707091,0.1950479193,0.3665958558
translation_sigma0.0010,translation,0.0010,topology_pair,down8k__to__crop,latent_distance,45,0.4781409277,0.1051462963,0.2199064966,0.207842648,0.3377876639,0.4215382636,0.4692490995,0.5413786173,0.643140316,0.6838944554,0.1198403537,0.4760518074,5.597358374,3.750915465,6.434663572,6.409084883
translation_sigma0.0010,translation,0.0010,topology_pair,down8k__to__crop,raw_chamfer,45,0.07296669423,0.01878498557,0.2574460275,0.03809281612,0.04756142008,0.05592451674,0.07321624039,0.08787414473,0.1015091411,0.1120752088,0.03194962799,0.07398239272,1,1,1,1
translation_sigma0.0010,translation,0.0010,topology_pair,down8k__to__crop,rigid_p2p,45,0.03772007485,0.007334560949,0.1944471473,0.02490657193,0.02843775546,0.03121032233,0.03763684003,0.04141228371,0.05126993437,0.05817530407,0.01020196138,0.03326873215,0.390448048,0.3193139334,0.4496844576,0.5140504323
translation_sigma0.0010,translation,0.0010,topology_pair,down8k__to__crop,nicp_p2p,45,0.02853587159,0.00257449016,0.09021943318,0.02280989824,0.0247934415,0.02711427438,0.02843159455,0.02991685136,0.03258590963,0.03494475284,0.002802576988,0.0121348546,0.1370504199,0.08771861098,0.1640235487,0.3883236069
translation_sigma0.0010,translation,0.0010,topology_pair,down8k__to__crop,nicp_p2tri,45,0.02685498781,0.00272052501,0.1013042728,0.02079883184,0.02300717153,0.02538209372,0.02664846981,0.02823743632,0.03118309197,0.03347949,0.002855342602,0.01268065816,0.1448244397,0.0893701361,0.1714010279,0.3639693826
translation_sigma0.0010,translation,0.0010,topology_pair,down8k__to__noisy,latent_distance,45,0.4358143068,0.1062392404,0.2437718054,0.231298402,0.2614346206,0.3530159295,0.4414281547,0.5066982508,0.6049836755,0.6733675003,0.1536823213,0.4420690984,14.54911258,14.62485737,14.89189829,11.34970803
translation_sigma0.0010,translation,0.0010,topology_pair,down8k__to__noisy,raw_chamfer,45,0.03774575623,0.007302111368,0.1934551615,0.02589021755,0.0267184474,0.0320995077,0.03889334893,0.04260780309,0.04864143324,0.05557542555,0.01050829539,0.029685208,1,1,1,1
translation_sigma0.0010,translation,0.0010,topology_pair,down8k__to__noisy,rigid_p2p,45,0.02606284715,0.004477196322,0.1717846211,0.01951309595,0.02090368738,0.0230975749,0.02465373981,0.02789097733,0.03444087682,0.03996102571,0.004793402421,0.02044792976,0.6131372278,0.4561541375,0.6888255511,0.6338806117
translation_sigma0.0010,translation,0.0010,topology_pair,down8k__to__noisy,nicp_p2p,45,0.02262188967,0.001811890619,0.0800945741,0.01931967428,0.01975561935,0.02157012086,0.02249380844,0.02344973216,0.02576758124,0.02774922115,0.0018796113,0.008429546868,0.2481324274,0.1788692866,0.2839645546,0.5783458883
translation_sigma0.0010,translation,0.0010,topology_pair,down8k__to__noisy,nicp_p2tri,45,0.02034178884,0.002002475358,0.09844145832,0.01660139141,0.01707881929,0.01921979384,0.020330688,0.02126502996,0.02380465671,0.02603164526,0.002045236121,0.009430253857,0.2742323771,0.194630627,0.3176751821,0.52272917
translation_sigma0.0010,translation,0.0010,topology_pair,down8k__to__original,latent_distance,45,0.4401826964,0.1095485517,0.2488706453,0.2290050387,0.2534303367,0.3596816659,0.4406719506,0.5112910867,0.6124902487,0.6949312687,0.1516094208,0.46592623,12.73241696,11.85225154,12.99301276,10.47316805
translation_sigma0.0010,translation,0.0010,topology_pair,down8k__to__original,raw_chamfer,45,0.04176202034,0.008603908594,0.2060223266,0.02746173058,0.02805592954,0.03540502138,0.04207627994,0.04819663487,0.05500823288,0.06332148372,0.01279161349,0.03585975314,1,1,1,1
translation_sigma0.0010,translation,0.0010,topology_pair,down8k__to__original,rigid_p2p,45,0.02758696392,0.005327076644,0.1931012292,0.01954791762,0.02091665381,0.02401595673,0.02582896432,0.02999613051,0.03667159643,0.04278593771,0.00598017378,0.02323802009,0.6191461225,0.4675073855,0.6480250994,0.6138604543
translation_sigma0.0010,translation,0.0010,topology_pair,down8k__to__original,nicp_p2p,45,0.02291261169,0.002312830304,0.1009413652,0.01906977489,0.01929685744,0.02157115194,0.02256333871,0.02411956312,0.02718436501,0.02972343847,0.002548411177,0.01065366358,0.2688115848,0.1992251547,0.2970924962,0.5362484218
translation_sigma0.0010,translation,0.0010,topology_pair,down8k__to__original,nicp_p2tri,45,0.02085511195,0.002461670103,0.1180367725,0.01667737362,0.01696028936,0.0195374571,0.02056781054,0.02216774497,0.02541033658,0.02810086215,0.002630287868,0.01142348854,0.2861106759,0.205625965,0.3185601555,0.4888219818
translation_sigma0.0010,translation,0.0010,topology_pair,down8k__to__remesh,latent_distance,45,0.427531545,0.09015972175,0.2108843728,0.2735851109,0.2794258773,0.3712943792,0.4371631444,0.4931978285,0.5449712038,0.6325428486,0.1219034493,0.3589577377,14.16162318,12.79325731,14.68887128,11.09112172
translation_sigma0.0010,translation,0.0010,topology_pair,down8k__to__remesh,raw_chamfer,45,0.03920318532,0.006366482189,0.1623970638,0.02835776397,0.02946046702,0.03390822957,0.03941559343,0.04343695602,0.05173114672,0.05279515816,0.009528726446,0.0244373942,1,1,1,1
translation_sigma0.0010,translation,0.0010,topology_pair,down8k__to__remesh,rigid_p2p,45,0.02908870313,0.005814122776,0.199875627,0.02147769666,0.02254475487,0.02423367428,0.02802785268,0.0320009314,0.04065972109,0.04508790539,0.00776725712,0.02361020874,0.9132394631,0.8151411591,0.966150832,0.7110853913
translation_sigma0.0010,translation,0.0010,topology_pair,down8k__to__remesh,nicp_p2p,45,0.02319683229,0.001968547699,0.08486278103,0.01968962719,0.02065625804,0.02180084385,0.02288637422,0.02432492893,0.02691537843,0.02825765281,0.002524085087,0.00856802562,0.3092049331,0.2648921764,0.350611262,0.5806426399
translation_sigma0.0010,translation,0.0010,topology_pair,down8k__to__remesh,nicp_p2tri,45,0.02114468398,0.002116968146,0.1001182211,0.01730591591,0.01833556235,0.019663434,0.02088070669,0.02243317594,0.02521328221,0.02650149243,0.002769741936,0.009195576519,0.3325177206,0.2906728356,0.3762912054,0.5297575116
translation_sigma0.0010,translation,0.0010,topology_pair,down8k__to__up60k,latent_distance,45,0.4187345525,0.1045521261,0.2496859299,0.2301683426,0.2535687089,0.3444895744,0.4091072977,0.4940048456,0.561593461,0.6667075753,0.1495152712,0.4365392327,15.43642139,13.47328076,15.19283122,12.05291867
translation_sigma0.0010,translation,0.0010,topology_pair,down8k__to__up60k,raw_chamfer,45,0.03447479137,0.006773080593,0.1964647304,0.02217350015,0.02463457327,0.0288834549,0.03394259174,0.03998062372,0.04602077465,0.05090673797,0.01109716882,0.02873323782,1,1,1,1
translation_sigma0.0010,translation,0.0010,topology_pair,down8k__to__up60k,rigid_p2p,45,0.02737167083,0.005202460348,0.1900673284,0.01920355019,0.0201074574,0.02378985036,0.02566404184,0.02949196573,0.03610751728,0.04203298787,0.005702115373,0.02282943768,0.768108437,0.5138351471,0.7945306348,0.7561014206
translation_sigma0.0010,translation,0.0010,topology_pair,down8k__to__up60k,nicp_p2p,45,0.02277818228,0.002462614352,0.1081128565,0.01868567287,0.01890542797,0.02152694732,0.02262607305,0.02373561979,0.0275981361,0.03013316215,0.002208672475,0.01144748929,0.3635885205,0.1990302672,0.3984058239,0.6665982735
translation_sigma0.0010,translation,0.0010,topology_pair,down8k__to__up60k,nicp_p2tri,45,0.02067395839,0.002650683254,0.1282136301,0.01595726964,0.01649374134,0.01923002062,0.02049764084,0.02177348929,0.02576663054,0.02851992977,0.002543468667,0.01256266014,0.3913556346,0.2291997813,0.4372170033,0.603891447
translation_sigma0.0010,translation,0.0010,topology_pair,noisy__to__crop,latent_distance,45,0.4709319638,0.09943308864,0.211141091,0.219766438,0.3268437326,0.4061575532,0.4674251676,0.5387508869,0.6295172691,0.6489930153,0.1325933337,0.4292265773,5.988215094,4.595078316,6.946926622,8.713047722
translation_sigma0.0010,translation,0.0010,topology_pair,noisy__to__crop,raw_chamfer,45,0.05720117026,0.01660479577,0.2902876932,0.02832513392,0.03553478914,0.04328940057,0.05364657494,0.07214491175,0.0820718969,0.09011167647,0.02885551118,0.06178654255,1,1,1,1
translation_sigma0.0010,translation,0.0010,topology_pair,noisy__to__crop,rigid_p2p,45,0.0358681659,0.006810650128,0.1898800777,0.0246396894,0.02744261881,0.0302690509,0.03461114921,0.03969619077,0.04804043971,0.05449970844,0.009427139877,0.02986001904,0.4101616318,0.3267015378,0.4832770666,0.6451697849
translation_sigma0.0010,translation,0.0010,topology_pair,noisy__to__crop,nicp_p2p,45,0.02793976192,0.002436900124,0.08721978846,0.02270757835,0.0242678627,0.02613404684,0.02758140576,0.02996281161,0.03151065243,0.03359329091,0.003828764772,0.01088571256,0.1467588134,0.1326874699,0.1761825814,0.5141317184
translation_sigma0.0010,translation,0.0010,topology_pair,noisy__to__crop,nicp_p2tri,45,0.02627023412,0.00254791401,0.09698862975,0.02075846742,0.0224619332,0.02435059627,0.02594603047,0.02831699703,0.03010690915,0.03218143596,0.003966400764,0.01142296854,0.1534444655,0.1374573037,0.1848779374,0.4836474742
translation_sigma0.0010,translation,0.0010,topology_pair,noisy__to__down8k,latent_distance,45,0.4222858704,0.09842689372,0.2330811913,0.2426275164,0.278576386,0.3397665024,0.4264864028,0.4934480488,0.5735753894,0.650261879,0.1536815464,0.4076343626,13.46785893,20.64357573,12.67668629,13.54364825
translation_sigma0.0010,translation,0.0010,topology_pair,noisy__to__down8k,raw_chamfer,45,0.03341713175,0.007308280718,0.2186986236,0.02267869076,0.02473489825,0.02841405982,0.03148977254,0.03585858147,0.04933485167,0.05483491464,0.007444521649,0.03215622388,1,1,1,1
translation_sigma0.0010,translation,0.0010,topology_pair,noisy__to__down8k,rigid_p2p,45,0.02724361332,0.005801730437,0.2129574506,0.02090056674,0.02099289895,0.0233431224,0.02591509934,0.02894273553,0.03838158411,0.05003748497,0.005599613132,0.02913691823,0.7938570863,0.752179038,0.9061050929,0.8229687691
translation_sigma0.0010,translation,0.0010,topology_pair,noisy__to__down8k,nicp_p2p,45,0.02204930067,0.001771758551,0.0803544102,0.01925473242,0.01964716417,0.02067063081,0.02190990613,0.0230249079,0.02587085331,0.02649388557,0.00235427709,0.007239153145,0.2424316497,0.3162428966,0.2251244789,0.6957784818
translation_sigma0.0010,translation,0.0010,topology_pair,noisy__to__down8k,nicp_p2tri,45,0.02009583378,0.001894334388,0.09426503071,0.01713000562,0.01750280208,0.01847791647,0.01989606263,0.02121845654,0.02424322948,0.02471109877,0.002740540061,0.007581093155,0.2592038348,0.3681284292,0.2357581905,0.631826178
translation_sigma0.0010,translation,0.0010,topology_pair,noisy__to__original,latent_distance,45,0.4249327964,0.1101388521,0.2591912252,0.228493318,0.2426868141,0.3487542272,0.4340436459,0.4920199215,0.5976099253,0.6794167757,0.1432656944,0.4509234577,18.52253396,14.49163997,18.91333083,13.63932402
translation_sigma0.0010,translation,0.0010,topology_pair,noisy__to__original,raw_chamfer,45,0.03198057427,0.005946208674,0.1859318918,0.02146722456,0.02391752399,0.02638408751,0.03182295875,0.03627018009,0.04042115157,0.04530879227,0.009886092583,0.02384156771,1,1,1,1
translation_sigma0.0010,translation,0.0010,topology_pair,noisy__to__original,rigid_p2p,45,0.02735138715,0.005227480131,0.1911230353,0.02013284227,0.02111081959,0.02374672615,0.02630813141,0.02902855658,0.03747978278,0.04597780477,0.005281830422,0.02584496249,0.8791282676,0.5342687596,1.08402949,0.8267028723
translation_sigma0.0010,translation,0.0010,topology_pair,noisy__to__original,nicp_p2p,45,0.0229327801,0.001976704766,0.08619560114,0.01935644052,0.01973539607,0.02203307892,0.02287591735,0.02365902318,0.02683129511,0.02821579115,0.001625944266,0.008859350628,0.3324311128,0.1644678372,0.3715926207,0.7188494798
translation_sigma0.0010,translation,0.0010,topology_pair,noisy__to__original,nicp_p2tri,45,0.02100974107,0.002082258105,0.09910917504,0.01716822419,0.01755908957,0.02009710253,0.0208963361,0.02166712373,0.02516209567,0.02651599047,0.001570021201,0.009347766282,0.3501824808,0.1588110963,0.3920785073,0.6566434084
translation_sigma0.0010,translation,0.0010,topology_pair,noisy__to__remesh,latent_distance,45,0.4405810283,0.09136552162,0.2073750701,0.2671661079,0.3065818667,0.3555628359,0.441906631,0.5097681284,0.5720330834,0.673437953,0.1542052925,0.4062718451,14.51107226,19.02212696,15.30977232,13.37508193
translation_sigma0.0010,translation,0.0010,topology_pair,noisy__to__remesh,raw_chamfer,45,0.0348568203,0.006296262603,0.180632156,0.02666078294,0.02788356049,0.02997172852,0.03303954574,0.03807835575,0.04682506232,0.05319754891,0.008106627235,0.02653676597,1,1,1,1
translation_sigma0.0010,translation,0.0010,topology_pair,noisy__to__remesh,rigid_p2p,45,0.02839817924,0.005858027916,0.2062818136,0.02083812868,0.0223950887,0.0239013201,0.02649560258,0.03061157471,0.03954245708,0.04715289874,0.006710254605,0.02631477005,0.9303976478,0.8277492488,0.9916344018,0.8019360432
translation_sigma0.0010,translation,0.0010,topology_pair,noisy__to__remesh,nicp_p2p,45,0.02308256742,0.001734756828,0.07515441402,0.02007551275,0.02051789015,0.02194488358,0.02304443711,0.02397176852,0.02632406797,0.02786810126,0.002026884936,0.007792588513,0.2755216765,0.2500281408,0.2936525317,0.6974804466
translation_sigma0.0010,translation,0.0010,topology_pair,noisy__to__remesh,nicp_p2tri,45,0.02119281371,0.001845713545,0.0870914816,0.01799248721,0.01850753725,0.01994528313,0.02116829535,0.02205318482,0.02460872815,0.02617185178,0.002107901685,0.008179364569,0.2931443082,0.2600220318,0.3082276332,0.6406957141
translation_sigma0.0010,translation,0.0010,topology_pair,noisy__to__up60k,latent_distance,45,0.4351154341,0.1017143178,0.2337639851,0.2498758435,0.2936648607,0.3536751866,0.4389888048,0.5130448937,0.5955953121,0.6732906103,0.1593697071,0.4234147668,15.97128691,21.49002664,16.24898483,13.92498868
translation_sigma0.0010,translation,0.0010,topology_pair,noisy__to__up60k,raw_chamfer,45,0.03254608034,0.006368573704,0.1956786697,0.02296539935,0.02348502153,0.02801990315,0.03152525398,0.03543588777,0.04536543387,0.04902332059,0.007415984621,0.02605792123,1,1,1,1
translation_sigma0.0010,translation,0.0010,topology_pair,noisy__to__up60k,rigid_p2p,45,0.02747359707,0.005373465539,0.1955865308,0.02052287685,0.02139535721,0.02376721059,0.02638227236,0.02932028412,0.03631128512,0.04876193864,0.005553073525,0.02823906178,0.8437470913,0.7487978749,1.083703551,0.8368615324
translation_sigma0.0010,translation,0.0010,topology_pair,noisy__to__up60k,nicp_p2p,45,0.02303681,0.002021867363,0.08776681161,0.01951636033,0.01977716178,0.02201718222,0.02282287881,0.02369047487,0.02685069378,0.02921766359,0.001673292649,0.009701303257,0.3174756951,0.2256332415,0.372297666,0.7239554303
translation_sigma0.0010,translation,0.0010,topology_pair,noisy__to__up60k,nicp_p2tri,45,0.02114032082,0.002136077193,0.1010427992,0.01726741775,0.01769551919,0.02002160873,0.02096962328,0.02175725627,0.02505083141,0.02784292367,0.001735647542,0.01057550592,0.3354090401,0.234041416,0.4058461081,0.6651690513
translation_sigma0.0010,translation,0.0010,topology_pair,original__to__crop,latent_distance,45,0.4694384807,0.09899415803,0.2108778085,0.2201830149,0.336455369,0.4011245966,0.4658400714,0.5504252315,0.6320108175,0.6415910125,0.1493006349,0.4214079976,6.145583154,5.699993183,6.983825979,8.68152168
translation_sigma0.0010,translation,0.0010,topology_pair,original__to__crop,raw_chamfer,45,0.05622484018,0.01610817974,0.2864957852,0.02816675913,0.03471019179,0.04337245098,0.05365880414,0.06956557614,0.07950426778,0.08850732301,0.02619312516,0.06034056388,1,1,1,1
translation_sigma0.0010,translation,0.0010,topology_pair,original__to__crop,rigid_p2p,45,0.03466148813,0.006883260224,0.1985852482,0.02342581238,0.02673721817,0.02905498686,0.03386546389,0.03816152858,0.04653841224,0.05378733468,0.009106541719,0.03036152229,0.4273145903,0.3476691561,0.5031693498,0.6311259529
translation_sigma0.0010,translation,0.0010,topology_pair,original__to__crop,nicp_p2p,45,0.02689833765,0.002604652744,0.09683322359,0.02127581867,0.02353051404,0.024558941,0.0273260406,0.02852213949,0.03075192236,0.0324823635,0.003963198499,0.01120654483,0.1616975218,0.151306821,0.1857215794,0.5092554901
translation_sigma0.0010,translation,0.0010,topology_pair,original__to__crop,nicp_p2tri,45,0.02509241134,0.002765120518,0.1101974809,0.01914992047,0.02165448024,0.02255362275,0.02548249558,0.02677580206,0.02922547081,0.03096032739,0.004222179301,0.01181040692,0.1716594031,0.1611941788,0.195729144,0.474898686
translation_sigma0.0010,translation,0.0010,topology_pair,original__to__down8k,latent_distance,45,0.4273203661,0.09941169944,0.2326397413,0.2470640987,0.2766502619,0.3424190879,0.4198228717,0.4990323484,0.5913985014,0.6547082067,0.1566132605,0.4076441079,11.69161348,15.95580517,11.06608528,12.50107669
translation_sigma0.0010,translation,0.0010,topology_pair,original__to__down8k,raw_chamfer,45,0.03554844589,0.008502821245,0.2391896757,0.02277479575,0.0254660939,0.02930509002,0.03358293707,0.03912053079,0.05327388407,0.05961204194,0.009815440765,0.0368372462,1,1,1,1
translation_sigma0.0010,translation,0.0010,topology_pair,original__to__down8k,rigid_p2p,45,0.02728450277,0.006095455822,0.2234035883,0.01995629988,0.02082834978,0.02316394142,0.02561069839,0.02955956824,0.03950011736,0.0481788932,0.006395626821,0.02822259332,0.716874511,0.6515883468,0.7661428644,0.7626104393
translation_sigma0.0010,translation,0.0010,topology_pair,original__to__down8k,nicp_p2p,45,0.02115721995,0.001716000356,0.08110708117,0.01840688847,0.01901732021,0.01985085043,0.02100718437,0.02210233073,0.02452702401,0.0255071418,0.002251480302,0.007100253338,0.20181541,0.2293814772,0.1927465832,0.6255314812
translation_sigma0.0010,translation,0.0010,topology_pair,original__to__down8k,nicp_p2tri,45,0.01908173558,0.001853442295,0.09713174606,0.01604609835,0.01679124291,0.01767488536,0.01900212336,0.02014522628,0.02275266049,0.02389591136,0.00247034092,0.007849813003,0.2179796848,0.2516790615,0.2130944577,0.565826727
translation_sigma0.0010,translation,0.0010,topology_pair,original__to__noisy,latent_distance,45,0.4260601226,0.1064548065,0.2498586487,0.2333211452,0.2560431302,0.3302157521,0.4266523719,0.4962884486,0.6050354481,0.643566072,0.1660726964,0.4102449268,18.77231406,23.88227764,16.15040939,14.40979481
translation_sigma0.0010,translation,0.0010,topology_pair,original__to__noisy,raw_chamfer,45,0.03063014021,0.005670840908,0.1851392409,0.02233310782,0.02334619117,0.02656739985,0.02960849737,0.03352120463,0.04073355567,0.04773462656,0.006953804781,0.02540151874,1,1,1,1
translation_sigma0.0010,translation,0.0010,topology_pair,original__to__noisy,rigid_p2p,45,0.02519287047,0.004798715887,0.1904791235,0.01941570587,0.02033745287,0.02186764072,0.02432004672,0.02750185648,0.03460702038,0.04220663388,0.005634215764,0.02279092801,0.8462088718,0.8102349636,0.8972269825,0.8213874016
translation_sigma0.0010,translation,0.0010,topology_pair,original__to__noisy,nicp_p2p,45,0.02166443504,0.001639092687,0.0756582244,0.01885777422,0.01903742283,0.02031054778,0.02169337754,0.02271456329,0.02424492414,0.02592350497,0.002404015514,0.007065730753,0.2890387359,0.3457122524,0.278161744,0.7326740451
translation_sigma0.0010,translation,0.0010,topology_pair,original__to__noisy,nicp_p2tri,45,0.01934360019,0.001810465661,0.09359507244,0.01626244934,0.01634057814,0.01783865066,0.01926183675,0.02046786015,0.02242390091,0.02379867049,0.002629209488,0.007536221146,0.3192587644,0.3780965342,0.2966838804,0.6505509722
translation_sigma0.0010,translation,0.0010,topology_pair,original__to__remesh,latent_distance,45,0.4494167209,0.09290612168,0.2067260014,0.276425302,0.3159677446,0.3698325753,0.4502624869,0.5254989266,0.5895434737,0.6832578182,0.1556663513,0.4068325162,12.96357009,17.26170926,13.14087307,13.22879471
translation_sigma0.0010,translation,0.0010,topology_pair,original__to__remesh,raw_chamfer,45,0.03585269058,0.007166708018,0.1998931713,0.02642452254,0.02755673914,0.03093762841,0.03403654654,0.03995564331,0.04997255329,0.0573838442,0.009018014901,0.03095932166,1,1,1,1
translation_sigma0.0010,translation,0.0010,topology_pair,original__to__remesh,rigid_p2p,45,0.02749020914,0.006126910452,0.2228760946,0.01914688493,0.02014553792,0.02331191469,0.02615615881,0.02944569765,0.03984350228,0.04657259532,0.006133782956,0.02742571039,0.8549128047,0.6801699734,0.8858627685,0.7684727585
translation_sigma0.0010,translation,0.0010,topology_pair,original__to__remesh,nicp_p2p,45,0.02194469869,0.001686421881,0.07684871432,0.01872874078,0.01905526423,0.02093627275,0.02216135993,0.02303822063,0.02494178727,0.02561622984,0.002101947888,0.006887489064,0.2353133232,0.2330832129,0.2224689914,0.6511048325
translation_sigma0.0010,translation,0.0010,topology_pair,original__to__remesh,nicp_p2tri,45,0.0199173241,0.001803175788,0.09053303441,0.0163711343,0.01681480771,0.01890589658,0.02016822381,0.0211266419,0.02307375954,0.02360308225,0.002220745317,0.007231947946,0.2516044721,0.2462565588,0.2335951681,0.5925461264
translation_sigma0.0010,translation,0.0010,topology_pair,original__to__up60k,latent_distance,45,0.4411612312,0.1014791307,0.2300273086,0.2594574094,0.2971009612,0.3592583835,0.4282841682,0.5184243321,0.6075796127,0.6770607233,0.1591659486,0.4176033139,13.68183122,16.79484667,13.60897903,13.1804565
translation_sigma0.0010,translation,0.0010,topology_pair,original__to__up60k,raw_chamfer,45,0.03379509777,0.007417072252,0.2194718389,0.02262370056,0.02435843733,0.0283668404,0.03249387973,0.03784391106,0.04965841735,0.05330956707,0.009477070658,0.03068586651,1,1,1,1
translation_sigma0.0010,translation,0.0010,topology_pair,original__to__up60k,rigid_p2p,45,0.02683310735,0.005389623292,0.200857218,0.02063601232,0.02104038357,0.02309722949,0.02565175115,0.03000757527,0.0372684329,0.04495783189,0.006910345773,0.02432181957,0.7266510436,0.7291647411,0.7926065753,0.7894333136
translation_sigma0.0010,translation,0.0010,topology_pair,original__to__up60k,nicp_p2p,45,0.02211610299,0.002041207989,0.09229510236,0.01853812456,0.01925980803,0.02099725131,0.02189601583,0.02317171224,0.02583869859,0.02737482661,0.002174460931,0.008836702053,0.275204005,0.2294444148,0.2879730331,0.6738504607
translation_sigma0.0010,translation,0.0010,topology_pair,original__to__up60k,nicp_p2tri,45,0.0201017763,0.002174824815,0.1081906784,0.01623765265,0.01697982704,0.01898158776,0.0196705115,0.02136259808,0.02411893784,0.02564195021,0.002381010323,0.009404297553,0.2932187716,0.2512390599,0.3064700014,0.6053605066
translation_sigma0.0010,translation,0.0010,topology_pair,remesh__to__crop,latent_distance,45,0.4899441017,0.1061122995,0.2165804204,0.2049447894,0.3329775453,0.4185630679,0.4792667925,0.5794841051,0.6764469385,0.6940271854,0.1609210372,0.489082396,5.986025089,6.174042,6.771762256,7.818425039
translation_sigma0.0010,translation,0.0010,topology_pair,remesh__to__crop,raw_chamfer,45,0.06208811863,0.01772667136,0.2855082704,0.02838240836,0.03995046978,0.04694798773,0.06129965948,0.07301211836,0.09080514715,0.1006062074,0.02606413063,0.072223799,1,1,1,1
translation_sigma0.0010,translation,0.0010,topology_pair,remesh__to__crop,rigid_p2p,45,0.03511969892,0.007464239723,0.2125371217,0.02569355194,0.02622322847,0.0298465429,0.03384187416,0.03695429566,0.05048136717,0.05810600998,0.007107752765,0.03241245804,0.4210739608,0.2727024686,0.4487780827,0.5520727921
translation_sigma0.0010,translation,0.0010,topology_pair,remesh__to__crop,nicp_p2p,45,0.02790953649,0.002869252867,0.1028054647,0.02184484578,0.02411225866,0.02603370711,0.02731616565,0.02947941608,0.03258400883,0.03600438652,0.003445708969,0.01415954073,0.1618607807,0.1322011855,0.1960508991,0.4456169232
translation_sigma0.0010,translation,0.0010,topology_pair,remesh__to__crop,nicp_p2tri,45,0.02605043156,0.003008031556,0.1154695479,0.01957520291,0.02212443192,0.02408275325,0.02543235134,0.02763686205,0.03097472728,0.03440479404,0.003554108804,0.01482959113,0.1696895877,0.1363601516,0.2053283175,0.4148856871
translation_sigma0.0010,translation,0.0010,topology_pair,remesh__to__down8k,latent_distance,45,0.4134168168,0.1046134165,0.2530458663,0.2081909925,0.2649733961,0.3303721845,0.4262426198,0.4808196425,0.579648006,0.6180264354,0.150447458,0.4098354429,16.14174077,20.35050742,13.4077276,11.51111381
translation_sigma0.0010,translation,0.0010,topology_pair,remesh__to__down8k,raw_chamfer,45,0.0377174496,0.006480925326,0.1718283022,0.02814661902,0.03022438508,0.03308751099,0.03702879033,0.04048032214,0.04965829143,0.05871372592,0.007392811145,0.0305671069,1,1,1,1
translation_sigma0.0010,translation,0.0010,topology_pair,remesh__to__down8k,rigid_p2p,45,0.03164580814,0.007677217828,0.2425982548,0.0212657688,0.02284982068,0.02615986239,0.02923556494,0.03576280958,0.04553843247,0.05410520182,0.009602947196,0.03283943302,1.184586682,1.298957461,1.074338934,0.7895360525
translation_sigma0.0010,translation,0.0010,topology_pair,remesh__to__down8k,nicp_p2p,45,0.02246271064,0.001793341282,0.07983637019,0.01917119128,0.01984990895,0.02101850792,0.02242039637,0.02357637419,0.02568163699,0.02706108162,0.00255786627,0.007889890345,0.2767106844,0.3459937255,0.2581170136,0.6054855201
translation_sigma0.0010,translation,0.0010,topology_pair,remesh__to__down8k,nicp_p2tri,45,0.02037472861,0.001955830382,0.09599295379,0.01694294241,0.01763921643,0.01877434495,0.02025467031,0.02167835909,0.02376026932,0.0255043141,0.002904014137,0.008561371691,0.3017825825,0.3928159505,0.280084462,0.5469978937
translation_sigma0.0010,translation,0.0010,topology_pair,remesh__to__noisy,latent_distance,45,0.4399278876,0.111930112,0.254428317,0.191562891,0.2588820815,0.3643217385,0.4399758279,0.5024137497,0.6258808255,0.6741974354,0.1380920112,0.4826345444,18.2340959,15.16391546,18.36161743,12.72497288
translation_sigma0.0010,translation,0.0010,topology_pair,remesh__to__noisy,raw_chamfer,45,0.03627942135,0.00613850627,0.1692007767,0.02733087748,0.02887727726,0.03172740579,0.03457577726,0.04083402548,0.04671633838,0.05361584645,0.009106619697,0.02628496897,1,1,1,1
translation_sigma0.0010,translation,0.0010,topology_pair,remesh__to__noisy,rigid_p2p,45,0.02821203891,0.005548233175,0.1966619,0.02103526534,0.02290927501,0.02414113145,0.0268593309,0.02934756135,0.0389545035,0.0490657304,0.005206429902,0.02803046506,0.9038409232,0.5717192631,1.066406626,0.776825079
translation_sigma0.0010,translation,0.0010,topology_pair,remesh__to__noisy,nicp_p2p,45,0.02311774924,0.001539742666,0.06660435018,0.0199736886,0.02049171308,0.02201020517,0.02315388948,0.0241250332,0.02573428998,0.02639762254,0.002114828029,0.006423933943,0.2508334435,0.2322297515,0.244395721,0.6696563698
translation_sigma0.0010,translation,0.0010,topology_pair,remesh__to__noisy,nicp_p2tri,45,0.02082374174,0.001668023987,0.08010203008,0.01749959601,0.01796451655,0.01955414977,0.02087620815,0.02177833857,0.02352415401,0.02457645836,0.002224188802,0.007076862349,0.2717312508,0.2442386831,0.269236093,0.6037813118
translation_sigma0.0010,translation,0.0010,topology_pair,remesh__to__original,latent_distance,45,0.4459696823,0.1150410767,0.257957169,0.1909869313,0.2520182371,0.3714753985,0.4547218382,0.5205773711,0.6345839024,0.6816728711,0.1491019726,0.4906859398,16.01090416,14.28812378,17.6554189,12.37158535
translation_sigma0.0010,translation,0.0010,topology_pair,remesh__to__original,raw_chamfer,45,0.0381797161,0.007185170527,0.1881933985,0.0265815375,0.02903425898,0.03277660168,0.03675534099,0.04321197969,0.05167921394,0.0543739078,0.01043537801,0.02779237029,1,1,1,1
translation_sigma0.0010,translation,0.0010,topology_pair,remesh__to__original,rigid_p2p,45,0.02966580539,0.006364391516,0.2145362795,0.02165119407,0.02344303104,0.02511037171,0.02781983262,0.03151877582,0.04171815456,0.05315017775,0.006408404109,0.03149898368,0.8857676366,0.6141036871,1.13336802,0.7568922467
translation_sigma0.0010,translation,0.0010,topology_pair,remesh__to__original,nicp_p2p,45,0.02319443564,0.0017764147,0.07658796823,0.01901510327,0.0207093527,0.0218733288,0.0231315995,0.0241895509,0.02664254337,0.02735949297,0.002316222103,0.008344389701,0.2472334781,0.2219586202,0.3002403038,0.6293398149
translation_sigma0.0010,translation,0.0010,topology_pair,remesh__to__original,nicp_p2tri,45,0.02113864185,0.001894907104,0.08964185675,0.01682241936,0.01831111197,0.01975253397,0.02118198207,0.02228576714,0.02471872202,0.02555053348,0.002533233166,0.008728114121,0.2637247227,0.2427543271,0.3140471298,0.5762967096
translation_sigma0.0010,translation,0.0010,topology_pair,remesh__to__up60k,latent_distance,45,0.4189315004,0.1088838115,0.2599083893,0.1990050524,0.2700369835,0.3396410048,0.4226894081,0.4760097265,0.6039661646,0.646918714,0.1363687217,0.4479136616,17.30057837,13.07304533,15.50578026,12.77691164
translation_sigma0.0010,translation,0.0010,topology_pair,remesh__to__up60k,raw_chamfer,45,0.03444270743,0.006293651527,0.1827281302,0.02468154653,0.02673220098,0.02880394662,0.0330822831,0.03923523621,0.04480825477,0.05356842962,0.01043128959,0.02888688309,1,1,1,1
translation_sigma0.0010,translation,0.0010,topology_pair,remesh__to__up60k,rigid_p2p,45,0.03014262289,0.006505744217,0.2158320542,0.02161877899,0.02307934749,0.02501263758,0.02826549274,0.03377195685,0.04141875736,0.05397252501,0.008759319265,0.03235374602,1.033699465,0.8397158556,1.120015127,0.8543996994
translation_sigma0.0010,translation,0.0010,topology_pair,remesh__to__up60k,nicp_p2p,45,0.02317581145,0.001847157441,0.07970195326,0.01873877279,0.02084769727,0.02194611705,0.02297380513,0.02431233934,0.02655257935,0.02756751072,0.002366222291,0.008828737932,0.2934953473,0.2268389033,0.3056313797,0.6944443663
translation_sigma0.0010,translation,0.0010,topology_pair,remesh__to__up60k,nicp_p2tri,45,0.02109585884,0.001973615122,0.09355462305,0.01649132167,0.01859048243,0.01980765347,0.0209034918,0.02227772313,0.02460540266,0.02595383348,0.00247006966,0.009462511813,0.3135882425,0.2367942753,0.3275712297,0.6318636393
translation_sigma0.0010,translation,0.0010,topology_pair,up60k__to__crop,latent_distance,45,0.4797462665,0.1028252008,0.214332467,0.2085456401,0.3253358364,0.421418488,0.486418277,0.5470294356,0.6429319143,0.6675425172,0.1256109476,0.4589968771,5.617226258,4.017857174,6.325901107,7.254067022
translation_sigma0.0010,translation,0.0010,topology_pair,up60k__to__crop,raw_chamfer,45,0.06744426304,0.01830533365,0.2714142438,0.03237097481,0.04526398402,0.04983173509,0.06705456064,0.08109490403,0.09442259622,0.1049293138,0.03126316894,0.07255833901,1,1,1,1
translation_sigma0.0010,translation,0.0010,topology_pair,up60k__to__crop,rigid_p2p,45,0.03525916887,0.006784679211,0.192423118,0.02417906768,0.02713178904,0.02974730584,0.03472438896,0.03868169745,0.04773911755,0.05532314637,0.008934391609,0.03114407869,0.3706394726,0.285780102,0.4292281097,0.5178527549
translation_sigma0.0010,translation,0.0010,topology_pair,up60k__to__crop,nicp_p2p,45,0.02782159391,0.002682211974,0.09640755965,0.02209526759,0.02407035734,0.02601571304,0.02757803967,0.02932082259,0.03215560041,0.03499179233,0.003305109557,0.01289652474,0.1465262543,0.1057189552,0.1777400767,0.4112776135
translation_sigma0.0010,translation,0.0010,topology_pair,up60k__to__crop,nicp_p2tri,45,0.02613636731,0.002821921926,0.1079691715,0.02009078302,0.02205885382,0.02413497897,0.02582825508,0.02769402615,0.03072103681,0.03352468071,0.003559047181,0.01343389769,0.1541584535,0.1138415363,0.1851461579,0.3851826756
translation_sigma0.0010,translation,0.0010,topology_pair,up60k__to__down8k,latent_distance,45,0.4024494731,0.1026756207,0.2551267365,0.2014961094,0.2485264182,0.3250502944,0.4026845098,0.4861285388,0.5447598457,0.6187081933,0.1610782444,0.4172120839,17.30768357,20.93620192,14.61298519,12.83311775
translation_sigma0.0010,translation,0.0010,topology_pair,up60k__to__down8k,raw_chamfer,45,0.03236998143,0.005932372189,0.1832677044,0.02263362096,0.02472929486,0.02758029203,0.03137854087,0.03527405832,0.04263214097,0.05118439814,0.007693766284,0.02855077718,1,1,1,1
translation_sigma0.0010,translation,0.0010,topology_pair,up60k__to__down8k,rigid_p2p,45,0.0275493538,0.005827325339,0.2115231225,0.02045226707,0.02167798724,0.02323055021,0.02619988437,0.02922101475,0.03959209156,0.04691542959,0.005990464537,0.02646316252,0.9822926064,0.7786127517,0.9268806366,0.8349618446
translation_sigma0.0010,translation,0.0010,topology_pair,up60k__to__down8k,nicp_p2p,45,0.02164194429,0.001768216917,0.0817032376,0.0189078164,0.01909265098,0.02046864935,0.02142137091,0.02269587816,0.0244848408,0.02659014739,0.002227228809,0.007682330995,0.2980623704,0.2894848539,0.2690760727,0.6826758132
translation_sigma0.0010,translation,0.0010,topology_pair,up60k__to__down8k,nicp_p2tri,45,0.01957475159,0.001903906479,0.09726337877,0.01657373075,0.01693829089,0.01834193561,0.01950747466,0.0206364684,0.02268933804,0.02494891363,0.002294532785,0.008375182875,0.3209351029,0.2982327121,0.2933434289,0.6216820196
translation_sigma0.0010,translation,0.0010,topology_pair,up60k__to__noisy,latent_distance,45,0.4322449664,0.1084379102,0.2508714239,0.2044682354,0.2479225576,0.3418260515,0.4378970265,0.5180639029,0.5899943113,0.6585049629,0.1762378514,0.4540367275,16.79803639,17.25584736,17.75249204,12.83486347
translation_sigma0.0010,translation,0.0010,topology_pair,up60k__to__noisy,raw_chamfer,45,0.03534133152,0.006455392026,0.1826584271,0.02346524753,0.0264468601,0.02978308901,0.03411777831,0.03999631399,0.04678292145,0.04904119069,0.01021322498,0.02557594316,1,1,1,1
translation_sigma0.0010,translation,0.0010,topology_pair,up60k__to__noisy,rigid_p2p,45,0.02611299677,0.004875807872,0.1867195831,0.0209324429,0.02116964351,0.02277274579,0.02458250734,0.02832503326,0.03682718476,0.04263362846,0.005552287475,0.02170118556,0.7553077879,0.5436370475,0.8484999134,0.7205189951
translation_sigma0.0010,translation,0.0010,topology_pair,up60k__to__noisy,nicp_p2p,45,0.02257293652,0.001694115679,0.07505074394,0.01975070918,0.02016607701,0.02160175415,0.0223441365,0.02353124083,0.02569563345,0.02743875652,0.001929486676,0.007688047337,0.2624342057,0.1889204125,0.300596826,0.6549118264
translation_sigma0.0010,translation,0.0010,topology_pair,up60k__to__noisy,nicp_p2tri,45,0.02039589074,0.001851270197,0.09076682259,0.01727863884,0.01780928519,0.01935191268,0.02026681894,0.02140274511,0.02378836747,0.02580247547,0.002050832423,0.008523836634,0.2867788957,0.2008016495,0.3332755543,0.5940251664
translation_sigma0.0010,translation,0.0010,topology_pair,up60k__to__original,latent_distance,45,0.437479994,0.1118176257,0.2555948323,0.2031348199,0.2383077383,0.3479500115,0.4452016056,0.5171440244,0.5979978204,0.6810970902,0.1691940129,0.4779622704,14.33066072,13.04736344,14.61948466,11.66725945
translation_sigma0.0010,translation,0.0010,topology_pair,up60k__to__original,raw_chamfer,45,0.03851981093,0.007802684602,0.2025628998,0.0235907705,0.02680624273,0.03196363931,0.03815819881,0.0449313177,0.04912114531,0.05628428066,0.01296767838,0.03269351016,1,1,1,1
translation_sigma0.0010,translation,0.0010,topology_pair,up60k__to__original,rigid_p2p,45,0.02729292751,0.005502541453,0.2016105253,0.020722904,0.02120479716,0.02362225955,0.02590115861,0.03003999784,0.03964036271,0.04439638003,0.006417738283,0.02367347603,0.7052113129,0.4949026412,0.7241032216,0.6787835751
translation_sigma0.0010,translation,0.0010,topology_pair,up60k__to__original,nicp_p2p,45,0.02278536109,0.002130784003,0.09351548106,0.01907908487,0.0197553877,0.02137708244,0.02265208472,0.02400356973,0.02678944463,0.02894510528,0.002626487286,0.009866020404,0.2730834465,0.2025410569,0.3017730539,0.5936361104
translation_sigma0.0010,translation,0.0010,topology_pair,up60k__to__original,nicp_p2tri,45,0.02082337666,0.002242352029,0.1076843619,0.0170089075,0.01761558971,0.01914970626,0.02067198069,0.02208549146,0.02519307504,0.02720224984,0.002935785201,0.01019334233,0.2873821182,0.2263925056,0.3117848859,0.5417441423
translation_sigma0.0010,translation,0.0010,topology_pair,up60k__to__remesh,latent_distance,45,0.4167023394,0.0937828585,0.225059592,0.2529745996,0.2664017379,0.3568188548,0.4396529496,0.4862727821,0.5464947224,0.6121467948,0.1294539273,0.3591721952,14.70761447,13.80339486,12.88096186,13.00077693
translation_sigma0.0010,translation,0.0010,topology_pair,up60k__to__remesh,raw_chamfer,45,0.0351574763,0.00637648333,0.1813691994,0.02352786615,0.02668200142,0.03043061627,0.03381743659,0.03980902851,0.04546373232,0.05141182381,0.009378412237,0.02788395766,1,1,1,1
translation_sigma0.0010,translation,0.0010,topology_pair,up60k__to__remesh,rigid_p2p,45,0.02780193094,0.005937450249,0.2135625134,0.01971225454,0.02094718039,0.02353515283,0.02606201697,0.02993516426,0.04011577669,0.04512105427,0.006400011424,0.02540879973,0.9311480861,0.6824195037,0.9112336219,0.7706680222
translation_sigma0.0010,translation,0.0010,topology_pair,up60k__to__remesh,nicp_p2p,45,0.02257543388,0.001802724841,0.07985338625,0.01913849178,0.01952479254,0.02160890666,0.02280286637,0.02355031673,0.02497108363,0.02721398326,0.00194141007,0.008075491484,0.2827145854,0.2070083956,0.2896106637,0.6742931657
translation_sigma0.0010,translation,0.0010,topology_pair,up60k__to__remesh,nicp_p2tri,45,0.02058582083,0.001950149578,0.09473266061,0.01685693338,0.01716150418,0.01958293382,0.02088864058,0.02167520166,0.02337311001,0.02553199207,0.002092267847,0.00867505869,0.3058346548,0.2230940371,0.3111128914,0.6176884675
translation_sigma0.0025,translation,0.0025,overall,all,latent_distance,1350,0.4446481184,0.1048593838,0.2358255426,0.1860850453,0.2744525433,0.3689852804,0.4430033565,0.5168420821,0.6217366636,0.7227882147,0.1478568017,0.5367031693,6.300015202,7.817589289,5.96921399,11.33317905
translation_sigma0.0025,translation,0.0025,overall,all,raw_chamfer,1350,0.04391611093,0.01664430647,0.3790022868,0.0208924225,0.0261949714,0.03174286856,0.03908906358,0.05065621848,0.08006742271,0.1108042887,0.01891334992,0.08991186615,1,1,1,1
translation_sigma0.0025,translation,0.0025,overall,all,rigid_p2p,1350,0.03151053235,0.009331134489,0.2961274784,0.01931413757,0.02182564453,0.02484334875,0.02870231338,0.03617284163,0.05001232711,0.08618019348,0.01132949288,0.06686605591,0.5606202039,0.5990209522,0.7436844409,0.7342798919
translation_sigma0.0025,translation,0.0025,overall,all,nicp_p2p,1350,0.02377039015,0.002906091545,0.1222567878,0.01817309241,0.01977417258,0.02182468984,0.02323826044,0.02522884447,0.02943445361,0.03564835279,0.003404154627,0.01747526038,0.1745997378,0.1799868686,0.1943598896,0.5944951941
translation_sigma0.0025,translation,0.0025,overall,all,nicp_p2tri,1350,0.02177772322,0.003083642996,0.1415962066,0.01566925738,0.01749779569,0.01967741526,0.02120678446,0.02340691596,0.02763579793,0.03400738911,0.003729500708,0.01833813174,0.1852671363,0.1971887965,0.203956747,0.5425247503
translation_sigma0.0025,translation,0.0025,topology_pair,crop__to__down8k,latent_distance,45,0.4631046805,0.09090367918,0.1962918601,0.2750245035,0.3549153984,0.3883833587,0.4400610924,0.5429653525,0.6019979358,0.6900660992,0.1545819938,0.4150415957,5.781675883,6.308421727,7.130633129,6.499556286
translation_sigma0.0025,translation,0.0025,topology_pair,crop__to__down8k,raw_chamfer,45,0.06588982277,0.01572272141,0.2386213947,0.03515067722,0.03951433737,0.05326160571,0.06770632841,0.07776567353,0.08655490707,0.09335611118,0.02450406782,0.05820543396,1,1,1,1
translation_sigma0.0025,translation,0.0025,topology_pair,crop__to__down8k,rigid_p2p,45,0.04671615144,0.01353873284,0.2898083943,0.02587250129,0.02651034253,0.037974688,0.04562992179,0.05567635144,0.06690994467,0.08618019348,0.01770166344,0.06030769219,0.8610934765,0.722396933,1.036117903,0.6739388011
translation_sigma0.0025,translation,0.0025,topology_pair,crop__to__down8k,nicp_p2p,45,0.02496676756,0.002438559621,0.09767222031,0.01937151332,0.02207183986,0.02327149373,0.02471696439,0.02659180205,0.02849115313,0.03074554245,0.003320308314,0.01137402913,0.1550978077,0.1355002908,0.1954118087,0.365061361
translation_sigma0.0025,translation,0.0025,topology_pair,crop__to__down8k,nicp_p2tri,45,0.02312240744,0.002538352023,0.1097788814,0.01736563454,0.02010686035,0.02140853289,0.02294114578,0.02481607955,0.026842545,0.02905715878,0.003407546663,0.01169152424,0.1614448261,0.1390604486,0.2008665418,0.3388331093
translation_sigma0.0025,translation,0.0025,topology_pair,crop__to__noisy,latent_distance,45,0.4612277561,0.09358931628,0.2029134523,0.2700561285,0.3326215386,0.3853035271,0.4516274631,0.5238264799,0.6198579788,0.6645060778,0.1385229528,0.3944499493,7.508269849,7.274014539,8.313216131,8.465299386
translation_sigma0.0025,translation,0.0025,topology_pair,crop__to__noisy,raw_chamfer,45,0.05214207839,0.0124648312,0.2390551276,0.03077867992,0.03193823358,0.04207707609,0.05335044191,0.06112061141,0.07038775082,0.07822721765,0.01904353532,0.04744853773,1,1,1,1
translation_sigma0.0025,translation,0.0025,topology_pair,crop__to__noisy,rigid_p2p,45,0.03971235193,0.01145596557,0.2884736112,0.02306253955,0.02432271031,0.03282918604,0.03801378513,0.04334270116,0.05964644938,0.0724609048,0.01051351511,0.04939836526,0.919063033,0.5520779066,1.041093522,0.7125299018
translation_sigma0.0025,translation,0.0025,topology_pair,crop__to__noisy,nicp_p2p,45,0.02438915991,0.002216901522,0.09089700217,0.0194714754,0.0214138201,0.02278824579,0.02406105114,0.02533307537,0.02808461171,0.02990221443,0.002544829578,0.01043073903,0.1778525105,0.133632203,0.2198326762,0.4510000346
translation_sigma0.0025,translation,0.0025,topology_pair,crop__to__noisy,nicp_p2tri,45,0.02224875635,0.002322325095,0.1043799958,0.01711071237,0.01892579092,0.02060097791,0.02187274713,0.02339179436,0.02616305373,0.0278030118,0.002790816447,0.01069229943,0.1863101921,0.146549283,0.2253451832,0.4099824922
translation_sigma0.0025,translation,0.0025,topology_pair,crop__to__original,latent_distance,45,0.4643322117,0.09660441577,0.2080502135,0.2835161984,0.3290044129,0.4004249871,0.4520778954,0.520534277,0.6141442418,0.6730059981,0.1201092899,0.3894897997,7.96812663,6.122359057,8.374573244,8.741518025
translation_sigma0.0025,translation,0.0025,topology_pair,crop__to__original,raw_chamfer,45,0.05146126449,0.01212385549,0.2355918691,0.03042346612,0.03213881494,0.04102233374,0.05171617723,0.06064047256,0.07078021787,0.07693208075,0.01961813882,0.04650861464,1,1,1,1
translation_sigma0.0025,translation,0.0025,topology_pair,crop__to__original,rigid_p2p,45,0.04129098555,0.01207789672,0.2925068646,0.02425395271,0.02542758736,0.03290246011,0.03909030893,0.04527017301,0.06164545552,0.07770074393,0.01236771291,0.05344679122,0.9962092283,0.6304223362,1.149180461,0.7558623052
translation_sigma0.0025,translation,0.0025,topology_pair,crop__to__original,nicp_p2p,45,0.02462538663,0.002507479892,0.1018249959,0.01944999659,0.02125479088,0.02274908035,0.02432297302,0.02623132696,0.02875327698,0.03050983706,0.003482246614,0.01105984048,0.2068219878,0.1775013749,0.2378019763,0.4703165301
translation_sigma0.0025,translation,0.0025,topology_pair,crop__to__original,nicp_p2tri,45,0.02271691883,0.002616802926,0.1151918068,0.01738813662,0.01904359868,0.02085447999,0.02242694985,0.02447321535,0.02696648094,0.02879315017,0.003618735363,0.01140501356,0.2158391716,0.184458648,0.2452236783,0.4336544396
translation_sigma0.0025,translation,0.0025,topology_pair,crop__to__remesh,latent_distance,45,0.48601378,0.08745129608,0.1799358365,0.3100458086,0.363194406,0.4170154035,0.4847074449,0.545071125,0.6046423793,0.7227882147,0.1280557215,0.4127424061,5.454711756,5.289799148,6.526883587,8.548260086
translation_sigma0.0025,translation,0.0025,topology_pair,crop__to__remesh,raw_chamfer,45,0.05831886567,0.01603224881,0.2749067326,0.02869064535,0.03278194639,0.04719159617,0.05670246811,0.07139964603,0.08311916109,0.09192793167,0.02420804986,0.06323728632,1,1,1,1
translation_sigma0.0025,translation,0.0025,topology_pair,crop__to__remesh,rigid_p2p,45,0.03886458977,0.0124154416,0.3194538184,0.02170533507,0.02500594286,0.02910501499,0.03677205022,0.04462974513,0.06219503498,0.08224873552,0.01552473014,0.06054340045,0.774404249,0.6413044518,0.9574003563,0.6485088119
translation_sigma0.0025,translation,0.0025,topology_pair,crop__to__remesh,nicp_p2p,45,0.02430232953,0.002538255409,0.1044449424,0.01889594948,0.02100787821,0.02250608325,0.02395693128,0.02594142304,0.02824918731,0.03084145151,0.003435339788,0.01194550203,0.1583218573,0.1419089852,0.1888996622,0.4225024427
translation_sigma0.0025,translation,0.0025,topology_pair,crop__to__remesh,nicp_p2tri,45,0.02240112291,0.002657397495,0.1186278699,0.01684020241,0.01878295986,0.02053367036,0.02210487732,0.02409709309,0.02662845442,0.02921098859,0.003563422723,0.01237078618,0.1657532593,0.1471999085,0.1956248742,0.3898397735
translation_sigma0.0025,translation,0.0025,topology_pair,crop__to__up60k,latent_distance,45,0.4750407305,0.08994929148,0.1893506929,0.2972857952,0.3601554453,0.4026949704,0.4612480104,0.5473350883,0.6168621421,0.7068355083,0.1446401179,0.4095497131,5.921876182,6.637273022,7.097929504,7.271845708
translation_sigma0.0025,translation,0.0025,topology_pair,crop__to__up60k,raw_chamfer,45,0.06100311409,0.01518932323,0.2489925877,0.03053124019,0.0365311393,0.04995819045,0.06342929002,0.07175029053,0.08228585368,0.08823112477,0.02179210007,0.05769988458,1,1,1,1
translation_sigma0.0025,translation,0.0025,topology_pair,crop__to__up60k,rigid_p2p,45,0.04217894489,0.01128979246,0.2676641745,0.02459760486,0.02529952302,0.03407916509,0.04091067506,0.04961864657,0.06238900008,0.07311749329,0.01553948148,0.04851988843,0.7432715922,0.7130786584,0.8409009616,0.6449808133
translation_sigma0.0025,translation,0.0025,topology_pair,crop__to__up60k,nicp_p2p,45,0.02481302102,0.002262297906,0.09117381976,0.01955164207,0.02175747899,0.02317040071,0.02467572867,0.02648306818,0.02861399034,0.03044930861,0.003312667466,0.01089766654,0.1489400068,0.1520123098,0.1888680822,0.389027351
translation_sigma0.0025,translation,0.0025,topology_pair,crop__to__up60k,nicp_p2tri,45,0.0229463533,0.002365814761,0.1031019932,0.01769021893,0.01966900863,0.02130705862,0.02281610403,0.02466634286,0.02687266438,0.02871778827,0.003359284244,0.01102756934,0.1557551133,0.1541514693,0.191119435,0.3597092767
translation_sigma0.0025,translation,0.0025,topology_pair,down8k__to__crop,latent_distance,45,0.4791212456,0.1055615171,0.2203231814,0.2078077942,0.3323112011,0.4188677073,0.4710355103,0.5360247493,0.6448408842,0.6874373555,0.117157042,0.4796295613,5.663719639,3.82959363,6.578504743,6.499411869
translation_sigma0.0025,translation,0.0025,topology_pair,down8k__to__crop,raw_chamfer,45,0.07296824709,0.01863819606,0.2554288585,0.03789569012,0.04816564243,0.05635178992,0.07247355912,0.08694434186,0.1008629632,0.1108042887,0.03059255194,0.07290859854,1,1,1,1
translation_sigma0.0025,translation,0.0025,topology_pair,down8k__to__crop,rigid_p2p,45,0.03754326246,0.00712630242,0.1898157473,0.02492472073,0.02830198587,0.03203899303,0.03732615737,0.04116184625,0.05056017836,0.05806666065,0.009122853224,0.03314193992,0.3823493645,0.2982050416,0.4545683306,0.5150313829
translation_sigma0.0025,translation,0.0025,topology_pair,down8k__to__crop,nicp_p2p,45,0.02846432838,0.002520748386,0.08855815432,0.02337720975,0.02470070683,0.02647634711,0.02835768565,0.03042305205,0.03234604993,0.03444406285,0.00394670494,0.0110668531,0.1352463713,0.1290086864,0.1517907808,0.3912831934
translation_sigma0.0025,translation,0.0025,topology_pair,down8k__to__crop,nicp_p2tri,45,0.02675100375,0.002659288456,0.09940892242,0.02139146171,0.0227530297,0.02453297938,0.02666598782,0.02882206137,0.03084765754,0.03303199893,0.004289081988,0.01164053723,0.1426794979,0.1402002029,0.1596593195,0.3679409172
translation_sigma0.0025,translation,0.0025,topology_pair,down8k__to__noisy,latent_distance,45,0.4338917613,0.1062307641,0.2448324065,0.2279233634,0.2549667299,0.3525047302,0.441737324,0.5097738504,0.5952770114,0.6729264259,0.1572691202,0.4450030625,14.28538523,14.16011371,14.49389531,11.46058674
translation_sigma0.0025,translation,0.0025,topology_pair,down8k__to__noisy,raw_chamfer,45,0.03811654187,0.007436324774,0.1950944238,0.02536270862,0.02696307213,0.03230043144,0.03854404089,0.04340691854,0.0489133672,0.05606550127,0.0111064871,0.03070279265,1,1,1,1
translation_sigma0.0025,translation,0.0025,topology_pair,down8k__to__noisy,rigid_p2p,45,0.02607511704,0.004375051425,0.1677864539,0.01949672211,0.02027405455,0.02285734158,0.02562920433,0.02800627767,0.03375711257,0.03875012906,0.00514893609,0.01925340695,0.5883351733,0.4635971794,0.6270897625,0.6649329894
translation_sigma0.0025,translation,0.0025,topology_pair,down8k__to__noisy,nicp_p2p,45,0.02280393599,0.002012151295,0.08823701729,0.01927651422,0.0197244333,0.02145633425,0.02246340283,0.02397973084,0.02641600491,0.02793763796,0.002523396589,0.008661123747,0.2705841065,0.227200245,0.2820956336,0.5827983344
translation_sigma0.0025,translation,0.0025,topology_pair,down8k__to__noisy,nicp_p2tri,45,0.02053173483,0.002234651161,0.1088388867,0.01643883406,0.01696254516,0.01913621859,0.02020889662,0.02190542727,0.02455686442,0.02627905976,0.002769208688,0.009840225709,0.3005047827,0.2493325445,0.3204993702,0.5243066413
translation_sigma0.0025,translation,0.0025,topology_pair,down8k__to__original,latent_distance,45,0.443624062,0.1109528291,0.2501055253,0.2267985046,0.2538958669,0.365637213,0.4457820952,0.5217905045,0.6119535565,0.7051352262,0.1561532915,0.4783367217,12.80663705,14.21132124,13.48571032,10.60261156
translation_sigma0.0025,translation,0.0025,topology_pair,down8k__to__original,raw_chamfer,45,0.04174531636,0.008663697472,0.207536994,0.02667716796,0.0276922872,0.03590324047,0.04204455598,0.04689119077,0.05482553781,0.0621470624,0.0109879503,0.03546989444,1,1,1,1
translation_sigma0.0025,translation,0.0025,topology_pair,down8k__to__original,rigid_p2p,45,0.02748107037,0.005247704745,0.1909570724,0.019394311,0.02036393641,0.02374149604,0.02661081083,0.02988592229,0.03622812229,0.04172487652,0.006144426258,0.02233056552,0.6057119102,0.5591967647,0.6295639125,0.6329192973
translation_sigma0.0025,translation,0.0025,topology_pair,down8k__to__original,nicp_p2p,45,0.02305641406,0.00229254975,0.0994321903,0.0190180695,0.01914724673,0.02184547977,0.02307595182,0.0240312841,0.02708349926,0.02979789194,0.002185804334,0.01077982244,0.2646156283,0.1989273954,0.3039147031,0.5488451782
translation_sigma0.0025,translation,0.0025,topology_pair,down8k__to__original,nicp_p2tri,45,0.0210174593,0.002441101127,0.1161463473,0.01661372828,0.0168371771,0.01971632772,0.02102360097,0.02206516786,0.02534694094,0.02812628747,0.002348840137,0.01151255919,0.2817620462,0.2137650857,0.324572694,0.5000314661
translation_sigma0.0025,translation,0.0025,topology_pair,down8k__to__remesh,latent_distance,45,0.4270032975,0.09112310592,0.2134014104,0.2713481784,0.2800539672,0.3670554459,0.4349120557,0.4974732697,0.5458070993,0.6246380806,0.1304178238,0.3532899022,14.91213712,14.89111355,14.52957587,10.91711504
translation_sigma0.0025,translation,0.0025,topology_pair,down8k__to__remesh,raw_chamfer,45,0.03905633593,0.006110667117,0.1564577673,0.02830913312,0.02925897565,0.03440344438,0.03983763607,0.04316154184,0.05015710341,0.05262435782,0.008758097464,0.0243152247,1,1,1,1
translation_sigma0.0025,translation,0.0025,topology_pair,down8k__to__remesh,rigid_p2p,45,0.0290998592,0.005746213244,0.1974653281,0.02156187388,0.02283839736,0.02460441387,0.02728204962,0.03169973017,0.03980628247,0.04531802353,0.007095316296,0.02375614965,0.9403577603,0.8101435643,0.9770072018,0.684831037
translation_sigma0.0025,translation,0.0025,topology_pair,down8k__to__remesh,nicp_p2p,45,0.02316291101,0.001865586137,0.08054195506,0.01959811035,0.02018941213,0.02198736804,0.02315574291,0.02433346923,0.02649973404,0.02835459086,0.002346101196,0.008756480513,0.3052999127,0.2678779502,0.3601233639,0.5812529354
translation_sigma0.0025,translation,0.0025,topology_pair,down8k__to__remesh,nicp_p2tri,45,0.02110575959,0.002003120879,0.09490873195,0.01720145311,0.01806796563,0.01970051229,0.02105373206,0.02234477364,0.02464019283,0.02669603601,0.002644261355,0.009494582907,0.327807233,0.3019218918,0.3904789293,0.5284884882
translation_sigma0.0025,translation,0.0025,topology_pair,down8k__to__up60k,latent_distance,45,0.418507174,0.1056132325,0.252357042,0.2280136645,0.2517482996,0.3446582258,0.4129506648,0.4917568862,0.5666679502,0.6747110486,0.1470986605,0.4466973841,15.8297741,14.02383486,16.0615099,12.2345036
translation_sigma0.0025,translation,0.0025,topology_pair,down8k__to__up60k,raw_chamfer,45,0.03439794816,0.006671809202,0.1939595109,0.02232471424,0.02472165728,0.02932075245,0.03375295625,0.03980994188,0.04582775266,0.05013638244,0.01048918943,0.0278116682,1,1,1,1
translation_sigma0.0025,translation,0.0025,topology_pair,down8k__to__up60k,rigid_p2p,45,0.02703228701,0.005215422184,0.1929330723,0.01932057119,0.02006857799,0.02329918547,0.02609053024,0.02900657022,0.0360023645,0.04074266863,0.005707384748,0.02142209744,0.7817103316,0.5441206667,0.7702557535,0.77298504
translation_sigma0.0025,translation,0.0025,topology_pair,down8k__to__up60k,nicp_p2p,45,0.02274170334,0.002354458021,0.1035304166,0.01887304079,0.01900623399,0.02143837707,0.02263758376,0.02417367721,0.02706915671,0.0294134337,0.002735300142,0.0105403929,0.3528964857,0.2607732617,0.3789917536,0.6706844755
translation_sigma0.0025,translation,0.0025,topology_pair,down8k__to__up60k,nicp_p2tri,45,0.02065765133,0.002515384412,0.1217652661,0.01653101504,0.01658128399,0.01925197643,0.02059404235,0.02217445023,0.02516765021,0.02764842353,0.002922473797,0.01111740849,0.3770168384,0.2786176963,0.3997390021,0.6101404035
translation_sigma0.0025,translation,0.0025,topology_pair,noisy__to__crop,latent_distance,45,0.4699770732,0.09996658833,0.2127052446,0.2175609916,0.3313913226,0.4061803818,0.4698543847,0.5373352766,0.6306748629,0.6474834681,0.1311548948,0.4299224764,5.98914772,4.610649152,6.967826404,8.778085186
translation_sigma0.0025,translation,0.0025,topology_pair,noisy__to__crop,raw_chamfer,45,0.05713295918,0.01669128781,0.2921481409,0.027252388,0.03594858102,0.04296196864,0.05352584017,0.07140804869,0.08208807339,0.08895347691,0.02844608004,0.0617010889,1,1,1,1
translation_sigma0.0025,translation,0.0025,topology_pair,noisy__to__crop,rigid_p2p,45,0.03545067694,0.007016775826,0.1979306584,0.02368436059,0.02739546608,0.02986086589,0.03465117138,0.03828121771,0.04855438386,0.054013311,0.008420351817,0.03032895041,0.4203855272,0.2960109725,0.491546437,0.6473727692
translation_sigma0.0025,translation,0.0025,topology_pair,noisy__to__crop,nicp_p2p,45,0.02756961071,0.002423818598,0.08791631567,0.02182818729,0.02398519927,0.02601380108,0.02768734499,0.02907537481,0.03153248982,0.03270635989,0.003061573728,0.0108781726,0.1452145949,0.1076272627,0.1763043861,0.5172706286
translation_sigma0.0025,translation,0.0025,topology_pair,noisy__to__crop,nicp_p2tri,45,0.02585373843,0.002553466675,0.09876585863,0.01988900131,0.02218957823,0.02415783376,0.02602670196,0.02739679946,0.03010500757,0.03124096804,0.003238965697,0.01135196673,0.152982005,0.1138633405,0.1839832479,0.4862455568
translation_sigma0.0025,translation,0.0025,topology_pair,noisy__to__down8k,latent_distance,45,0.4222222663,0.09921244187,0.2349768115,0.2436929494,0.2716810942,0.3396404386,0.4269647896,0.4890747368,0.5778946757,0.651764214,0.1494342983,0.4080712646,13.50187651,17.05774703,13.1856617,13.53374722
translation_sigma0.0025,translation,0.0025,topology_pair,noisy__to__down8k,raw_chamfer,45,0.03335137885,0.007348048382,0.2203221766,0.02298608532,0.02485921969,0.02829410207,0.03154815757,0.03705459652,0.05005395525,0.05393419198,0.008760494458,0.03094810666,1,1,1,1
translation_sigma0.0025,translation,0.0025,topology_pair,noisy__to__down8k,rigid_p2p,45,0.02842518019,0.0063848077,0.2246180203,0.0213273481,0.02161041932,0.0238648862,0.02688866292,0.03041573387,0.03913644961,0.05000498328,0.006550847666,0.02867763518,0.8689120387,0.7477714525,0.926636175,0.8523053324
translation_sigma0.0025,translation,0.0025,topology_pair,noisy__to__down8k,nicp_p2p,45,0.02218138338,0.001456999878,0.06568570828,0.01955105563,0.02021581747,0.02122723771,0.02203869137,0.02313612695,0.02469916609,0.02604149277,0.00190888924,0.006490437139,0.1982839254,0.2178974314,0.2097200068,0.6985730094
translation_sigma0.0025,translation,0.0025,topology_pair,noisy__to__down8k,nicp_p2tri,45,0.02022252635,0.001561306769,0.07720631647,0.01737295863,0.01805517568,0.01918045147,0.02008051009,0.02110742082,0.02286597397,0.02440351996,0.001926969349,0.007030561334,0.2124791085,0.2199612543,0.2271725832,0.636503417
translation_sigma0.0025,translation,0.0025,topology_pair,noisy__to__original,latent_distance,45,0.4263924913,0.1123374523,0.263460203,0.2247198522,0.2477397442,0.3500452638,0.4297707677,0.4998539686,0.6010215282,0.6807078719,0.1498087049,0.4559880197,19.19931486,14.79479797,19.05527131,13.58669704
translation_sigma0.0025,translation,0.0025,topology_pair,noisy__to__original,raw_chamfer,45,0.03175040392,0.005851117769,0.1842848294,0.0208924225,0.02439413405,0.02633053066,0.03163173261,0.03645629954,0.04025300264,0.0448221799,0.01012576888,0.0239297574,1,1,1,1
translation_sigma0.0025,translation,0.0025,topology_pair,noisy__to__original,rigid_p2p,45,0.02764724473,0.00540268052,0.1954147899,0.02140165932,0.02189098274,0.02365687585,0.02618293565,0.029408478,0.03784287011,0.04594718547,0.005751602146,0.02454552615,0.923358704,0.5680163367,1.025732344,0.8277426967
translation_sigma0.0025,translation,0.0025,topology_pair,noisy__to__original,nicp_p2p,45,0.02292500731,0.001936305409,0.08446258635,0.019782588,0.020097126,0.02175679859,0.02275159788,0.02415496795,0.02666570531,0.02821027182,0.002398169355,0.008427683818,0.3309291465,0.2368382474,0.3521842565,0.7192649913
translation_sigma0.0025,translation,0.0025,topology_pair,noisy__to__original,nicp_p2tri,45,0.02097905634,0.002031951424,0.09685618795,0.01774503684,0.01800283879,0.0197312276,0.02070470474,0.02234944063,0.02479819239,0.02659753981,0.002618213026,0.008852502966,0.3472757693,0.2585693054,0.3699370127,0.6545548737
translation_sigma0.0025,translation,0.0025,topology_pair,noisy__to__remesh,latent_distance,45,0.4377189312,0.09261122875,0.2115769325,0.2682638466,0.3039219797,0.3509856761,0.4361931086,0.5061593056,0.5743192673,0.6747281551,0.1551736295,0.4064643085,14.66547814,20.58068617,15.98639916,13.1888861
translation_sigma0.0025,translation,0.0025,topology_pair,noisy__to__remesh,raw_chamfer,45,0.03464882976,0.006314913695,0.1822547468,0.02695650417,0.0275758388,0.02997142777,0.03307277848,0.03751119725,0.04679038665,0.05238213657,0.007539769484,0.0254256324,1,1,1,1
translation_sigma0.0025,translation,0.0025,topology_pair,noisy__to__remesh,rigid_p2p,45,0.0285252675,0.005829807777,0.2043734656,0.02076560638,0.02177080215,0.02462757072,0.02686051708,0.03048023902,0.04039775453,0.0466216139,0.005852668299,0.02585600752,0.9231809108,0.7762396864,1.016926821,0.8121639097
translation_sigma0.0025,translation,0.0025,topology_pair,noisy__to__remesh,nicp_p2p,45,0.02307716955,0.001738249744,0.07532335107,0.01989796486,0.02027662723,0.02201295606,0.02312236252,0.02392057534,0.02600597078,0.02767880115,0.001907619277,0.007780836295,0.2752610451,0.2530076392,0.3060233143,0.6991357721
translation_sigma0.0025,translation,0.0025,topology_pair,noisy__to__remesh,nicp_p2tri,45,0.02118527174,0.001866092331,0.08808441795,0.01769304149,0.01810224402,0.02003541349,0.02121426769,0.02215456883,0.0243630367,0.02591988279,0.002119155343,0.008226841307,0.2955055953,0.2810636781,0.3235648646,0.6414419549
translation_sigma0.0025,translation,0.0025,topology_pair,noisy__to__up60k,latent_distance,45,0.4328265766,0.1022544319,0.2362480436,0.2518154681,0.2863153517,0.3536005914,0.4351712763,0.5084655881,0.5941495895,0.6714932323,0.1548649967,0.4196777642,16.19804617,22.34639682,16.32641317,13.96628564
translation_sigma0.0025,translation,0.0025,topology_pair,noisy__to__up60k,raw_chamfer,45,0.0324864927,0.006312763333,0.1943196328,0.02324687834,0.02401266198,0.02793100834,0.03115869798,0.03486120823,0.04549135087,0.0489523263,0.006930199886,0.02570544796,1,1,1,1
translation_sigma0.0025,translation,0.0025,topology_pair,noisy__to__up60k,rigid_p2p,45,0.02799312385,0.005157490168,0.1842413228,0.02166677122,0.02207391563,0.02429114127,0.02661433475,0.03039237475,0.03756030509,0.04571004537,0.00610123348,0.02404327415,0.8169940637,0.8803834783,0.9353376838,0.8541542643
translation_sigma0.0025,translation,0.0025,topology_pair,noisy__to__up60k,nicp_p2p,45,0.02306580941,0.001871025216,0.08111682459,0.0197987092,0.02038042712,0.02184690953,0.02279609071,0.02397848852,0.02662538485,0.02848148219,0.002131578996,0.008682772982,0.29638767,0.3075782851,0.3377794854,0.7316124288
translation_sigma0.0025,translation,0.0025,topology_pair,noisy__to__up60k,nicp_p2tri,45,0.02118799594,0.001977635368,0.09333753764,0.01756725324,0.01832635971,0.01985580006,0.02090781533,0.02211658896,0.02501352606,0.02687456116,0.002260788899,0.009307307925,0.3132757025,0.326222755,0.3620753056,0.6710105583
translation_sigma0.0025,translation,0.0025,topology_pair,original__to__crop,latent_distance,45,0.4705111328,0.09983621667,0.2121867257,0.2218845636,0.3434897959,0.3986742198,0.4655393958,0.5428456068,0.633009553,0.6508240104,0.144171387,0.4289394468,6.089016328,5.514204527,7.040275065,8.689575081
translation_sigma0.0025,translation,0.0025,topology_pair,original__to__crop,raw_chamfer,45,0.05617915457,0.01639611577,0.2918540854,0.0287650247,0.03429558208,0.04241768602,0.05357447188,0.06856314113,0.08010094485,0.08969154289,0.02614545512,0.06092651819,1,1,1,1
translation_sigma0.0025,translation,0.0025,topology_pair,original__to__crop,rigid_p2p,45,0.03465608978,0.007185221565,0.2073292634,0.02300852325,0.02644097294,0.02909787756,0.03301668862,0.0382369718,0.0470074363,0.05346698151,0.009139094234,0.03045845826,0.4382270572,0.3495481028,0.4999212029,0.6162765113
translation_sigma0.0025,translation,0.0025,topology_pair,original__to__crop,nicp_p2p,45,0.02665056259,0.002657150168,0.09970334245,0.02112123725,0.02279419891,0.02469557559,0.02688734948,0.02792166615,0.03083074282,0.03399539378,0.003226090558,0.01287415654,0.1620597345,0.123390109,0.2113062903,0.5018686799
translation_sigma0.0025,translation,0.0025,topology_pair,original__to__crop,nicp_p2tri,45,0.02481741084,0.002768423123,0.1115516498,0.01899570389,0.02095541819,0.02278460109,0.02491637199,0.02618246234,0.029230089,0.03231980975,0.003397861252,0.01332410586,0.168846278,0.1299599199,0.218691405,0.4650791901
translation_sigma0.0025,translation,0.0025,topology_pair,original__to__down8k,latent_distance,45,0.4304811637,0.1004564207,0.2333584583,0.2476153076,0.2808807671,0.3498747945,0.4266854227,0.5013206005,0.5989577532,0.6670731306,0.151445806,0.419457823,11.00173607,13.52876699,10.91114154,12.53980261
translation_sigma0.0025,translation,0.0025,topology_pair,original__to__down8k,raw_chamfer,45,0.03591226137,0.00913096079,0.254257472,0.02307930256,0.02530897418,0.02903410552,0.03402648638,0.04022845946,0.05576317884,0.0615223767,0.01119435394,0.03844307414,1,1,1,1
translation_sigma0.0025,translation,0.0025,topology_pair,original__to__down8k,rigid_p2p,45,0.02792963703,0.006477474884,0.2319211981,0.01993316536,0.02125349206,0.02341981005,0.02624633105,0.03019619762,0.0426505619,0.05116528194,0.006776387567,0.03123211658,0.7093968568,0.6053397638,0.812425054,0.771350023
translation_sigma0.0025,translation,0.0025,topology_pair,original__to__down8k,nicp_p2p,45,0.0212049518,0.001648239567,0.0777289938,0.01817309241,0.0190998408,0.02006359757,0.02106376321,0.02190885661,0.02380190604,0.02651137085,0.001845259041,0.008338278436,0.1805110771,0.1648383687,0.2168993668,0.619040208
translation_sigma0.0025,translation,0.0025,topology_pair,original__to__down8k,nicp_p2tri,45,0.01910372835,0.00179095695,0.09374907962,0.01566925738,0.01685418889,0.01779856684,0.01886827485,0.0197574994,0.02190095534,0.02493184409,0.00195893256,0.009262586712,0.1961411281,0.174992909,0.2409429246,0.554517285
translation_sigma0.0025,translation,0.0025,topology_pair,original__to__noisy,latent_distance,45,0.4262999528,0.1068046774,0.2505387971,0.2308252901,0.2564062297,0.3345588148,0.4336731136,0.4938401878,0.6042733073,0.6485283375,0.159281373,0.4177030474,18.44693521,21.16795696,16.53546528,14.7473215
translation_sigma0.0025,translation,0.0025,topology_pair,original__to__noisy,raw_chamfer,45,0.0308698463,0.005789833169,0.1875562681,0.02241588439,0.02356362631,0.02700491777,0.02940690711,0.03452956332,0.04143367411,0.04767692424,0.007524645545,0.02526103985,1,1,1,1
translation_sigma0.0025,translation,0.0025,topology_pair,original__to__noisy,rigid_p2p,45,0.02577698563,0.004933991402,0.1914107209,0.01998129934,0.0209320078,0.02223778314,0.02459747867,0.02723434413,0.03604326373,0.04417924218,0.004996560983,0.02419794284,0.852181964,0.6640260931,0.9579155485,0.8364524218
translation_sigma0.0025,translation,0.0025,topology_pair,original__to__noisy,nicp_p2p,45,0.02176572196,0.001575473475,0.07238323991,0.0192218902,0.01949632209,0.0205126651,0.02165141802,0.02276018694,0.02454177797,0.02563774712,0.002247521839,0.006415856922,0.2721103404,0.2986880679,0.2539822969,0.7362698137
translation_sigma0.0025,translation,0.0025,topology_pair,original__to__noisy,nicp_p2tri,45,0.0194149049,0.001726940243,0.0889491992,0.01656071228,0.01695747874,0.01802704891,0.01927446505,0.02043005816,0.02269723651,0.02355009665,0.002403009252,0.006989384369,0.2982711578,0.3193518203,0.2766863285,0.6554400631
translation_sigma0.0025,translation,0.0025,topology_pair,original__to__remesh,latent_distance,45,0.4500518289,0.0942150941,0.2093427647,0.2765181065,0.3144167781,0.3714077175,0.4510218501,0.5255666375,0.5854770064,0.6946692467,0.15415892,0.4181511402,12.7403406,17.54089404,13.62243453,13.33223205
translation_sigma0.0025,translation,0.0025,topology_pair,original__to__remesh,raw_chamfer,45,0.03611934038,0.007395021613,0.2047385565,0.02647364642,0.02819534992,0.0307939517,0.03382943293,0.03958249576,0.05315629678,0.05716941812,0.008788544058,0.03069577169,1,1,1,1
translation_sigma0.0025,translation,0.0025,topology_pair,original__to__remesh,rigid_p2p,45,0.02746068821,0.006453967717,0.235025709,0.01931413757,0.0203456186,0.02300766913,0.02548871831,0.02870729492,0.04094392676,0.04874344079,0.005699625793,0.02942930322,0.872744943,0.6485290117,0.9587412727,0.7534479918
translation_sigma0.0025,translation,0.0025,topology_pair,original__to__remesh,nicp_p2p,45,0.02186085915,0.001633927602,0.07474214946,0.01864540373,0.01893669196,0.02114198629,0.02190253466,0.02290007705,0.02451814964,0.02541776192,0.001758090761,0.006772358192,0.2209496723,0.2000434599,0.2206283738,0.647440195
translation_sigma0.0025,translation,0.0025,topology_pair,original__to__remesh,nicp_p2tri,45,0.01978353268,0.001774193257,0.0896803056,0.01635347689,0.01665224451,0.01892382645,0.01997988798,0.02096778786,0.02256905255,0.0236826281,0.002043961417,0.007329151216,0.239917251,0.2325711066,0.2387674527,0.5906066478
translation_sigma0.0025,translation,0.0025,topology_pair,original__to__up60k,latent_distance,45,0.4421118875,0.1020022077,0.2307158224,0.2608577907,0.2999059319,0.3640546799,0.4331720471,0.5224452615,0.5989687324,0.6864818335,0.1583905816,0.4256240427,13.08382954,16.22097726,12.62351525,13.21308303
translation_sigma0.0025,translation,0.0025,topology_pair,original__to__up60k,raw_chamfer,45,0.0343039463,0.007796051407,0.2272639812,0.02271518093,0.02487960017,0.02875552301,0.03278357111,0.03852007536,0.05059067831,0.05643194162,0.009764552349,0.03371676068,1,1,1,1
translation_sigma0.0025,translation,0.0025,topology_pair,original__to__up60k,rigid_p2p,45,0.02702659104,0.005211560999,0.1928308676,0.02068113031,0.02164125492,0.02276877839,0.02598286784,0.03012097101,0.03652578321,0.04546325208,0.007352192628,0.02478212177,0.6684872542,0.7529472284,0.7350089768,0.7925575818
translation_sigma0.0025,translation,0.0025,topology_pair,original__to__up60k,nicp_p2p,45,0.02206831937,0.001920565485,0.08702817157,0.01820569481,0.01914757038,0.02102575407,0.02186467503,0.02318148337,0.02556590874,0.02737522029,0.002155729304,0.009169525473,0.2463510545,0.2207709301,0.2719574861,0.6669400035
translation_sigma0.0025,translation,0.0025,topology_pair,original__to__up60k,nicp_p2tri,45,0.02004846248,0.002048322991,0.1021685824,0.01605725136,0.01684148256,0.0188641785,0.01982813232,0.02142934731,0.02400230284,0.02577658003,0.002565168806,0.009719328666,0.2627385178,0.2627021408,0.2882640108,0.6048191715
translation_sigma0.0025,translation,0.0025,topology_pair,remesh__to__crop,latent_distance,45,0.4915536404,0.1065414754,0.2167443522,0.20503968,0.3329080403,0.4173308611,0.4774780273,0.5810875893,0.6792173028,0.6974620223,0.1637567282,0.4924223423,5.874885077,6.51927795,6.722437906,7.724775976
translation_sigma0.0025,translation,0.0025,topology_pair,remesh__to__crop,raw_chamfer,45,0.06254620922,0.01813507396,0.2899468119,0.02859677754,0.03944898156,0.04743530264,0.0618112459,0.072554147,0.09185000078,0.1018473377,0.02511884436,0.07325056017,1,1,1,1
translation_sigma0.0025,translation,0.0025,topology_pair,remesh__to__crop,rigid_p2p,45,0.03513129611,0.007258610197,0.2066137889,0.02620727222,0.026510927,0.02989680226,0.03416694989,0.0367058841,0.04981964629,0.0573561255,0.00680908184,0.03114885327,0.4002525831,0.2710746458,0.4252370658,0.5527626793
translation_sigma0.0025,translation,0.0025,topology_pair,remesh__to__crop,nicp_p2p,45,0.02800690883,0.002866803119,0.1023605688,0.02162994332,0.02371069839,0.02632608815,0.02738853878,0.03017410066,0.03226143582,0.03564835279,0.003848012502,0.01401840947,0.158080586,0.1531922586,0.1913761402,0.4430996072
translation_sigma0.0025,translation,0.0025,topology_pair,remesh__to__crop,nicp_p2tri,45,0.02615045272,0.003013234907,0.1152268735,0.01946463962,0.02162309268,0.02424930215,0.02552548519,0.02845253928,0.0307194134,0.03400738911,0.004203237131,0.0145427495,0.1661550934,0.1673340171,0.198534311,0.4129585938
translation_sigma0.0025,translation,0.0025,topology_pair,remesh__to__down8k,latent_distance,45,0.4144002229,0.1061057463,0.2560465474,0.2045510858,0.2622069478,0.3339117169,0.4217227101,0.4859954119,0.5833821893,0.6255841255,0.1520836949,0.4210330397,16.17516698,19.73294059,13.61678712,11.38847427
translation_sigma0.0025,translation,0.0025,topology_pair,remesh__to__down8k,raw_chamfer,45,0.03791366632,0.006559792949,0.1730192193,0.02845455094,0.03011126838,0.03318226806,0.03703065927,0.04088936545,0.04981458778,0.05937469648,0.00770709739,0.03092014554,1,1,1,1
translation_sigma0.0025,translation,0.0025,topology_pair,remesh__to__down8k,rigid_p2p,45,0.0317529611,0.007555387679,0.237942775,0.0222450289,0.02333513153,0.02671612168,0.02941920435,0.03546782709,0.04577714264,0.05782902029,0.008751705404,0.03558399139,1.15177228,1.135538447,1.150835184,0.7944553224
translation_sigma0.0025,translation,0.0025,topology_pair,remesh__to__down8k,nicp_p2p,45,0.02267592178,0.001976235536,0.08715127682,0.0195943334,0.01993460579,0.02113494966,0.02224496818,0.02395357542,0.02597373342,0.02766502601,0.002818625753,0.008070692612,0.3012649258,0.3657181959,0.2610172905,0.6007175842
translation_sigma0.0025,translation,0.0025,topology_pair,remesh__to__down8k,nicp_p2tri,45,0.02059529406,0.002117092592,0.1027949679,0.01743107769,0.01769587222,0.01873454528,0.02010116053,0.02207453678,0.02408905531,0.02571372393,0.003339991502,0.008282646239,0.3227377157,0.43336568,0.2678721621,0.5428248085
translation_sigma0.0025,translation,0.0025,topology_pair,remesh__to__noisy,latent_distance,45,0.4383564177,0.1124315345,0.2564842897,0.1878946275,0.2578672349,0.364615351,0.4381183982,0.509213984,0.6293945193,0.6730430722,0.1445986331,0.4851484448,17.59323964,14.92858389,18.72612167,12.66237169
translation_sigma0.0025,translation,0.0025,topology_pair,remesh__to__noisy,raw_chamfer,45,0.03673040656,0.006390610073,0.1739869136,0.02769800521,0.02897365469,0.03178002506,0.03460002667,0.04146604981,0.04742492896,0.05360558251,0.009686024748,0.0259075773,1,1,1,1
translation_sigma0.0025,translation,0.0025,topology_pair,remesh__to__noisy,rigid_p2p,45,0.02813205481,0.00580067299,0.2061944294,0.02130529846,0.02217797686,0.0241758055,0.02649091936,0.03062458561,0.03949996276,0.04974642668,0.006448780112,0.02844112821,0.9076868912,0.6657819157,1.097791889,0.7656329172
translation_sigma0.0025,translation,0.0025,topology_pair,remesh__to__noisy,nicp_p2p,45,0.02307190895,0.001667880208,0.07229051623,0.020089747,0.02038966006,0.02202514341,0.02305743513,0.02389295761,0.02573999028,0.02815601583,0.001867814197,0.008066268835,0.2609891997,0.1928359926,0.3113478633,0.6663993456
translation_sigma0.0025,translation,0.0025,topology_pair,remesh__to__noisy,nicp_p2tri,45,0.02079186657,0.001801636498,0.08665102253,0.01750409415,0.01798232735,0.0195142293,0.02077691902,0.02163537274,0.02389965432,0.02609305298,0.002121143445,0.008588958827,0.2819193282,0.2189900914,0.3315230416,0.6004885262
translation_sigma0.0025,translation,0.0025,topology_pair,remesh__to__original,latent_distance,45,0.4494043373,0.1168682924,0.2600515452,0.1860850453,0.2534530938,0.373355329,0.4586031437,0.5264657736,0.6455814123,0.684092164,0.1531104445,0.4980071187,15.83965159,11.55130896,18.41195777,12.43919647
translation_sigma0.0025,translation,0.0025,topology_pair,remesh__to__original,raw_chamfer,45,0.03842641627,0.00737821105,0.1920088253,0.02732150565,0.02930687247,0.03180020036,0.03686758584,0.04505501374,0.05199104426,0.05436953199,0.01325481338,0.02704802634,1,1,1,1
translation_sigma0.0025,translation,0.0025,topology_pair,remesh__to__original,rigid_p2p,45,0.02945075086,0.006316819221,0.214487544,0.02170444433,0.02281852791,0.02500101359,0.02809506816,0.03165552995,0.04194689955,0.05199746302,0.006654516366,0.03029301868,0.8561450979,0.5020452702,1.119971502,0.7620533736
translation_sigma0.0025,translation,0.0025,topology_pair,remesh__to__original,nicp_p2p,45,0.02325958593,0.001960692712,0.08429611419,0.01908280636,0.02028845437,0.02193951522,0.02313115675,0.0245011937,0.02677070071,0.02902121319,0.002561678478,0.009938406832,0.2657409362,0.193264017,0.3674355646,0.6274117554
translation_sigma0.0025,translation,0.0025,topology_pair,remesh__to__original,nicp_p2tri,45,0.02121622549,0.002077032177,0.09789828911,0.01688678147,0.01802000847,0.01977141056,0.02119713593,0.0223707542,0.02512263577,0.02724098556,0.002599343636,0.01035420409,0.2815089136,0.1961056381,0.3828081192,0.5749531857
translation_sigma0.0025,translation,0.0025,topology_pair,remesh__to__up60k,latent_distance,45,0.4194395704,0.1098043741,0.2617883048,0.2020228207,0.2674420059,0.3403829932,0.4232724309,0.4725029469,0.6048868418,0.6503952742,0.1321199536,0.4483724535,17.33971962,12.73413012,15.54041249,12.60189373
translation_sigma0.0025,translation,0.0025,topology_pair,remesh__to__up60k,raw_chamfer,45,0.03463740025,0.006332534583,0.1828236108,0.02514140861,0.02664652498,0.02939317203,0.03358800194,0.03976843539,0.04491434255,0.05399343899,0.01037526336,0.02885203038,1,1,1,1
translation_sigma0.0025,translation,0.0025,topology_pair,remesh__to__up60k,rigid_p2p,45,0.03012076085,0.00656682452,0.2180165552,0.02168277634,0.02329099282,0.02525797851,0.02796099194,0.03435960391,0.04172529014,0.05350959799,0.009101625404,0.03182682166,1.036997814,0.8772428313,1.103105093,0.8324696418
translation_sigma0.0025,translation,0.0025,topology_pair,remesh__to__up60k,nicp_p2p,45,0.02320839081,0.001891014063,0.08147975784,0.01898876986,0.02026022164,0.02214109022,0.02315498285,0.02400063249,0.02655601342,0.02881178822,0.001859542269,0.009823018363,0.2986188292,0.1792284402,0.3404619444,0.6893825626
translation_sigma0.0025,translation,0.0025,topology_pair,remesh__to__up60k,nicp_p2tri,45,0.02114727831,0.001998134422,0.09448659975,0.01675549325,0.01812524652,0.02001860833,0.02110581203,0.0220427268,0.02486293156,0.02694139054,0.002024118467,0.01018589729,0.3155347034,0.1950908037,0.3530391849,0.6283735506
translation_sigma0.0025,translation,0.0025,topology_pair,up60k__to__crop,latent_distance,45,0.4797603028,0.1017641599,0.21211459,0.2078125328,0.3230104089,0.4173491597,0.4850976169,0.5479974151,0.6434312224,0.6605799198,0.1306482553,0.452767387,5.432489727,4.10769717,6.039240322,7.320573385
translation_sigma0.0025,translation,0.0025,topology_pair,up60k__to__crop,raw_chamfer,45,0.06768452539,0.01873250849,0.2767620573,0.03098737356,0.04461132823,0.050170186,0.06626497562,0.0819759034,0.09657169415,0.1059582909,0.0318057174,0.07497091735,1,1,1,1
translation_sigma0.0025,translation,0.0025,topology_pair,up60k__to__crop,rigid_p2p,45,0.03572352914,0.006850593391,0.1917669826,0.02355635099,0.02739584285,0.0303852837,0.03495167936,0.04003979049,0.04788634399,0.05436919552,0.009654506792,0.03081284452,0.365706141,0.3035462672,0.4109972989,0.5274532893
translation_sigma0.0025,translation,0.0025,topology_pair,up60k__to__crop,nicp_p2p,45,0.02787757061,0.002716486105,0.09744343018,0.02213348949,0.02393689348,0.02608062602,0.0280494682,0.02987572825,0.03194487488,0.03390790206,0.003795102224,0.01177441257,0.1450145402,0.1193213842,0.1570530679,0.4232925152
translation_sigma0.0025,translation,0.0025,topology_pair,up60k__to__crop,nicp_p2tri,45,0.02619683484,0.002856849539,0.1090532332,0.02018923877,0.02183657028,0.02410208448,0.02653560862,0.02825984791,0.0304627693,0.03248558917,0.004157763435,0.0122963504,0.1525075801,0.1307237747,0.1640149385,0.4004469688
translation_sigma0.0025,translation,0.0025,topology_pair,up60k__to__down8k,latent_distance,45,0.4017194162,0.1025780008,0.2553473811,0.2038659155,0.2534903347,0.329053998,0.3999313712,0.479819268,0.5385614157,0.6209372282,0.15076527,0.4170713127,17.06986851,18.35612011,14.46488279,12.75871205
translation_sigma0.0025,translation,0.0025,topology_pair,up60k__to__down8k,raw_chamfer,45,0.03250475492,0.006009302343,0.1848745624,0.02289505954,0.02477095098,0.02758457881,0.03134574788,0.03579793049,0.04304084515,0.0517284292,0.008213351681,0.02883336966,1,1,1,1
translation_sigma0.0025,translation,0.0025,topology_pair,up60k__to__down8k,rigid_p2p,45,0.02705231941,0.005706665352,0.2109492079,0.02037646767,0.02129570629,0.02280083645,0.02582993112,0.02825020301,0.03996121601,0.04641980686,0.005449366566,0.02604333919,0.9496385813,0.66347659,0.9032360593,0.8240330147
translation_sigma0.0025,translation,0.0025,topology_pair,up60k__to__down8k,nicp_p2p,45,0.02152166696,0.00179453092,0.08338252437,0.01841290251,0.01916816996,0.02008348157,0.02128195343,0.02241069598,0.02522373981,0.02622684266,0.002327214411,0.00781394015,0.2986255005,0.2833452774,0.2710033632,0.6789422767
translation_sigma0.0025,translation,0.0025,topology_pair,up60k__to__down8k,nicp_p2tri,45,0.01945886655,0.00194452843,0.09993020019,0.01601905626,0.01699549199,0.01802825163,0.019251168,0.0204974514,0.0236617563,0.0244778285,0.00246919977,0.00845877224,0.3235863863,0.3006324173,0.2933674538,0.6141556447
translation_sigma0.0025,translation,0.0025,topology_pair,up60k__to__noisy,latent_distance,45,0.4299240831,0.106921266,0.2486980148,0.2077257484,0.2471407354,0.3382160664,0.437327832,0.5124953985,0.5880127192,0.6477794647,0.1742793322,0.4400537163,15.42913674,15.7563959,15.0799553,12.5402768
translation_sigma0.0025,translation,0.0025,topology_pair,up60k__to__noisy,raw_chamfer,45,0.03561862935,0.006929828141,0.1945562833,0.0224125694,0.02522527012,0.02990373741,0.03487385796,0.04096460014,0.04748725476,0.05159393682,0.01106086273,0.02918136742,1,1,1,1
translation_sigma0.0025,translation,0.0025,topology_pair,up60k__to__noisy,rigid_p2p,45,0.02597927183,0.004729645765,0.1820545932,0.01967632749,0.02040144132,0.02285590004,0.02499257049,0.02761577322,0.03554062954,0.04245073664,0.004759873179,0.02277440915,0.682505492,0.4303347123,0.7804435214,0.7166563139
translation_sigma0.0025,translation,0.0025,topology_pair,up60k__to__noisy,nicp_p2p,45,0.02245191659,0.001758001239,0.0783007202,0.01918016458,0.01932909386,0.02137933069,0.02247199718,0.02360039706,0.02505835999,0.02693115642,0.002221066374,0.007750991837,0.2536861236,0.2008040809,0.265614415,0.6443794436
translation_sigma0.0025,translation,0.0025,topology_pair,up60k__to__noisy,nicp_p2tri,45,0.02026945389,0.001906038385,0.0940350142,0.01668705599,0.01693403732,0.01925123437,0.02020412046,0.02140288966,0.02329751542,0.02512979857,0.002151655287,0.008442742579,0.2750484349,0.1945287036,0.2893196353,0.5793485907
translation_sigma0.0025,translation,0.0025,topology_pair,up60k__to__original,latent_distance,45,0.439929679,0.1115568292,0.2535787752,0.2045405358,0.2417687893,0.3506681025,0.4449763,0.524010241,0.6048627615,0.6806128621,0.1733421385,0.4760723263,13.47174026,13.48721521,13.57743126,11.91836331
translation_sigma0.0025,translation,0.0025,topology_pair,up60k__to__original,raw_chamfer,45,0.03839796978,0.00828080315,0.2156573172,0.02253863374,0.02561416207,0.03205505652,0.03733535289,0.04490738636,0.05043324946,0.05760213854,0.01285232984,0.03506350481,1,1,1,1
translation_sigma0.0025,translation,0.0025,topology_pair,up60k__to__original,rigid_p2p,45,0.02719764332,0.005304448681,0.1950333938,0.01988359596,0.02098760483,0.02361066736,0.02594304053,0.02892310203,0.03820786979,0.0445249691,0.005312434674,0.02464137314,0.640571764,0.413344097,0.7027641212,0.6948652825
translation_sigma0.0025,translation,0.0025,topology_pair,up60k__to__original,nicp_p2p,45,0.02272767875,0.002114702405,0.09304524354,0.01917788635,0.01922132799,0.02173002409,0.02261030443,0.02328547439,0.02620851099,0.0287809641,0.0015554503,0.009603077746,0.2553740702,0.1210247728,0.2738767217,0.6056003944
translation_sigma0.0025,translation,0.0025,topology_pair,up60k__to__original,nicp_p2tri,45,0.02077246777,0.002231879497,0.1074441189,0.01693796213,0.01706268095,0.0195734994,0.02070173497,0.02130869551,0.02444816918,0.02713599484,0.001735196107,0.01019803271,0.2695245203,0.1350102377,0.290844648,0.5544807634
translation_sigma0.0025,translation,0.0025,topology_pair,up60k__to__remesh,latent_distance,45,0.4144958801,0.09346915684,0.2255008103,0.254512161,0.2684442282,0.3526986837,0.4318103492,0.4839078784,0.5393985629,0.616424799,0.1312091947,0.3619126379,14.52634853,14.57230454,12.53406058,12.60736502
translation_sigma0.0025,translation,0.0025,topology_pair,up60k__to__remesh,raw_chamfer,45,0.03516920181,0.00643445644,0.182957136,0.02353513496,0.02664295031,0.03090179259,0.03425064227,0.03990580389,0.04510737531,0.05240946787,0.009004011297,0.02887433292,1,1,1,1
translation_sigma0.0025,translation,0.0025,topology_pair,up60k__to__remesh,rigid_p2p,45,0.02788927845,0.005942987375,0.2130921883,0.01988243435,0.02117493632,0.02366917964,0.02638655972,0.0298362939,0.03841894877,0.0461589225,0.006167114261,0.02627648816,0.9236191791,0.6849296451,0.9100292719,0.7703960558
translation_sigma0.0025,translation,0.0025,topology_pair,up60k__to__remesh,nicp_p2p,45,0.02261480263,0.001840568556,0.08138777889,0.01941783611,0.01956889629,0.02172025018,0.02262237429,0.02374536662,0.02549399188,0.02726290566,0.002025116437,0.007845069554,0.286048802,0.2249126939,0.2716969974,0.6604948927
translation_sigma0.0025,translation,0.0025,topology_pair,up60k__to__remesh,nicp_p2tri,45,0.02063716056,0.001992158073,0.09653256643,0.01705275562,0.01735457955,0.01962344951,0.02062316576,0.02178587896,0.02380638532,0.02568184643,0.002162429458,0.008629090812,0.3096078265,0.2401628992,0.298849876,0.6021249351
translation_sigma0.0063,translation,0.0063,overall,all,latent_distance,1350,0.4439940844,0.1033856852,0.2328537448,0.1880813986,0.2764123678,0.3703217953,0.4440028667,0.5164399445,0.6198111773,0.7067680359,0.1461181492,0.5186866373,6.323493533,7.868647026,5.846508116,11.42480541
translation_sigma0.0063,translation,0.0063,overall,all,raw_chamfer,1350,0.04369372547,0.01634945694,0.3741831754,0.02114861112,0.02627359821,0.03177842207,0.03886305725,0.05034808832,0.0791261409,0.1098659492,0.01856966626,0.0887173381,1,1,1,1
translation_sigma0.0063,translation,0.0063,overall,all,rigid_p2p,1350,0.03148470131,0.009163147343,0.2910349141,0.01909385647,0.0219542829,0.02493133085,0.02864685017,0.03583703779,0.0500037077,0.08276587057,0.01090570694,0.0636720141,0.5604557617,0.5872861036,0.717695272,0.7371229183
translation_sigma0.0063,translation,0.0063,overall,all,nicp_p2p,1350,0.02375589729,0.002893490453,0.1218009329,0.01829923353,0.01969487403,0.02181453936,0.02317977784,0.02531987192,0.02932501017,0.03502430755,0.003505332558,0.01672507402,0.1769777714,0.188766589,0.188520918,0.5964476158
translation_sigma0.0063,translation,0.0063,overall,all,nicp_p2tri,1350,0.02176559849,0.003070787791,0.1410844637,0.01586995848,0.01744562913,0.01968544939,0.02117893204,0.02343691475,0.0276527114,0.03350404307,0.003751465355,0.0176340846,0.1878220055,0.2020211512,0.1987670615,0.5449630971
translation_sigma0.0063,translation,0.0063,topology_pair,crop__to__down8k,latent_distance,45,0.4625106865,0.09006974728,0.1947408999,0.2773375213,0.3510411263,0.3948693275,0.4400010109,0.5478527546,0.5965180755,0.6805878878,0.152983427,0.4032503664,5.820110873,6.334019589,6.953824682,6.544857131
translation_sigma0.0063,translation,0.0063,topology_pair,crop__to__down8k,raw_chamfer,45,0.06522520866,0.01547560678,0.2372641974,0.03561030712,0.03934901064,0.05213853464,0.06722851272,0.07629119551,0.08584358838,0.09360003003,0.02415266087,0.05798972291,1,1,1,1
translation_sigma0.0063,translation,0.0063,topology_pair,crop__to__down8k,rigid_p2p,45,0.04713792735,0.01273845279,0.2702378637,0.02619505318,0.02785050621,0.04004761561,0.04630680468,0.05518697364,0.06640365547,0.08276587057,0.01513935803,0.05657081739,0.8231310711,0.6268194679,0.9755317762,0.6887971012
translation_sigma0.0063,translation,0.0063,topology_pair,crop__to__down8k,nicp_p2p,45,0.02515486852,0.002509872993,0.09977682811,0.01938335967,0.02141279251,0.02376713598,0.02494070402,0.02657072491,0.02905564942,0.03137399719,0.002803588927,0.01199063753,0.1621825256,0.1160778493,0.2067717679,0.3709840216
translation_sigma0.0063,translation,0.0063,topology_pair,crop__to__down8k,nicp_p2tri,45,0.02332044239,0.002606152298,0.111753982,0.01751628347,0.01927788953,0.02178324855,0.02308466298,0.02472360179,0.02757301572,0.02967569146,0.002940353236,0.01215940799,0.1684038846,0.1217403437,0.2096821192,0.3433760774
translation_sigma0.0063,translation,0.0063,topology_pair,crop__to__noisy,latent_distance,45,0.4643482155,0.09538406889,0.2054149574,0.269116044,0.3314332664,0.3900305927,0.4536334276,0.525080502,0.6258688092,0.6678832769,0.1350499094,0.3987672329,7.658495453,6.803738999,8.367461679,8.727917853
translation_sigma0.0063,translation,0.0063,topology_pair,crop__to__noisy,raw_chamfer,45,0.05184018037,0.01245467461,0.240251375,0.03032286416,0.0320109491,0.04155684379,0.05197498822,0.06140621035,0.07059777625,0.07797975799,0.01984936656,0.04765689383,1,1,1,1
translation_sigma0.0063,translation,0.0063,topology_pair,crop__to__noisy,rigid_p2p,45,0.03972705251,0.01087810889,0.2738211924,0.0244272588,0.02481109482,0.03296468578,0.03722960034,0.04925507102,0.05641429117,0.07389243635,0.01629038524,0.04946517755,0.8734157437,0.8207005094,1.037943802,0.7162983892
translation_sigma0.0063,translation,0.0063,topology_pair,crop__to__noisy,nicp_p2p,45,0.0246291298,0.002241584634,0.09101355397,0.01897148799,0.02202724325,0.02313337052,0.02420178033,0.02650088727,0.02793810991,0.03032254398,0.003367516745,0.01135105599,0.1799793816,0.1696536126,0.2381828751,0.4656428247
translation_sigma0.0063,translation,0.0063,topology_pair,crop__to__noisy,nicp_p2tri,45,0.02251137051,0.002337075911,0.1038175757,0.01678781773,0.0196499208,0.02093420065,0.02209491567,0.02474004257,0.02602454939,0.0284553682,0.003805841925,0.01166755047,0.1876464849,0.1917361904,0.244823981,0.4251066989
translation_sigma0.0063,translation,0.0063,topology_pair,crop__to__original,latent_distance,45,0.4628070719,0.09416058921,0.2034553812,0.2818589211,0.3269652665,0.3986648619,0.4534758031,0.5165449977,0.6165644407,0.6649571657,0.1178801358,0.3830982447,7.856554903,6.171307324,8.285088129,8.97673951
translation_sigma0.0063,translation,0.0063,topology_pair,crop__to__original,raw_chamfer,45,0.05092702271,0.01198497183,0.2353361967,0.03029346326,0.03304646912,0.04077432808,0.05051676086,0.05987565128,0.07070667793,0.07653295265,0.0191013232,0.04623948939,1,1,1,1
translation_sigma0.0063,translation,0.0063,topology_pair,crop__to__original,rigid_p2p,45,0.04149302728,0.01119745366,0.2698635022,0.02480950359,0.02532880034,0.03405791447,0.03943021337,0.04907492317,0.05927857905,0.07562772545,0.01501700869,0.05081822187,0.9342911951,0.7861763573,1.099022124,0.7805372455
translation_sigma0.0063,translation,0.0063,topology_pair,crop__to__original,nicp_p2p,45,0.02451652178,0.00225674399,0.09204992495,0.0191047243,0.02136907513,0.02305304057,0.02439713649,0.02589473862,0.027812057,0.030640467,0.00284169805,0.0115357427,0.1882978135,0.1487696962,0.2494781592,0.482951323
translation_sigma0.0063,translation,0.0063,topology_pair,crop__to__original,nicp_p2tri,45,0.02260250231,0.002358033562,0.1043262171,0.01712953428,0.0192719524,0.02089669314,0.02235255697,0.02419476138,0.02622388608,0.02898071175,0.00329806824,0.01185117746,0.1967491952,0.1726617683,0.2562999207,0.4424780328
translation_sigma0.0063,translation,0.0063,topology_pair,crop__to__remesh,latent_distance,45,0.4848280701,0.08518941045,0.1757105574,0.3165591359,0.3644409418,0.4176357388,0.4808109403,0.5379533172,0.6118697166,0.7067680359,0.1203175783,0.3902089,5.363661164,5.454022884,6.327195106,8.313622506
translation_sigma0.0063,translation,0.0063,topology_pair,crop__to__remesh,raw_chamfer,45,0.0579105781,0.015882698,0.2742624668,0.02895413915,0.0332121294,0.04718847367,0.0578341078,0.06924880985,0.08265005467,0.09062584256,0.02206033617,0.06167170341,1,1,1,1
translation_sigma0.0063,translation,0.0063,topology_pair,crop__to__remesh,rigid_p2p,45,0.03837426008,0.01234898767,0.321803929,0.0221530414,0.02501025589,0.02930556807,0.03591564083,0.04348732828,0.06226267689,0.07772659997,0.01418176021,0.05557355857,0.777511961,0.6428623796,0.901119241,0.62101141
translation_sigma0.0063,translation,0.0063,topology_pair,crop__to__remesh,nicp_p2p,45,0.02419865503,0.002731585989,0.1128817277,0.01864907352,0.02065896281,0.02207223763,0.02374287988,0.02598054241,0.02787391033,0.03109892873,0.003908304772,0.01244985521,0.1719850109,0.1771643343,0.2018730556,0.4105342122
translation_sigma0.0063,translation,0.0063,topology_pair,crop__to__remesh,nicp_p2tri,45,0.02228456801,0.002849575357,0.127872138,0.01672665492,0.01867368857,0.01995653338,0.02185313333,0.02419917349,0.02610449521,0.02953350507,0.004242640107,0.01280685016,0.1794138097,0.1923198302,0.20766169,0.3778589169
translation_sigma0.0063,translation,0.0063,topology_pair,crop__to__up60k,latent_distance,45,0.4756559147,0.08926118371,0.187659148,0.2972618043,0.3636056364,0.4062761068,0.4629425108,0.5494013429,0.6152979374,0.703350842,0.143125236,0.4060890377,6.090877001,6.447404528,7.420631493,7.4834109
translation_sigma0.0063,translation,0.0063,topology_pair,crop__to__up60k,raw_chamfer,45,0.05957918697,0.01465489842,0.2459734542,0.03076404408,0.03575702336,0.04799304396,0.06186250054,0.07019193584,0.08117508141,0.08548836748,0.02219889188,0.0547243234,1,1,1,1
translation_sigma0.0063,translation,0.0063,topology_pair,crop__to__up60k,rigid_p2p,45,0.04199543359,0.01103251072,0.2627073892,0.0253568795,0.02576736091,0.03400094396,0.04081022804,0.05072799888,0.05734145541,0.0769021023,0.01672705492,0.0515452228,0.7528206886,0.7535085538,0.9419069912,0.6596925065
translation_sigma0.0063,translation,0.0063,topology_pair,crop__to__up60k,nicp_p2p,45,0.02479085872,0.002448619967,0.09877108312,0.01911039662,0.02157090685,0.02299377429,0.02442941935,0.02649896203,0.02939695301,0.03109162654,0.003505187741,0.01198122992,0.1670854275,0.1578992213,0.218937927,0.3948986726
translation_sigma0.0063,translation,0.0063,topology_pair,crop__to__up60k,nicp_p2tri,45,0.02293917271,0.002553736683,0.1113264508,0.01714204695,0.01966912374,0.0211338031,0.02258972273,0.02486423112,0.02765881344,0.02943092615,0.003730428017,0.0122888792,0.1742582316,0.1680456861,0.2245597284,0.3651601946
translation_sigma0.0063,translation,0.0063,topology_pair,down8k__to__crop,latent_distance,45,0.4784278141,0.1043318869,0.2180723691,0.2074168026,0.3351229727,0.4219010174,0.4663060009,0.5357193947,0.6436175942,0.6773068905,0.1138183773,0.4698900878,5.594665716,3.512872873,6.461990344,6.503040463
translation_sigma0.0063,translation,0.0063,topology_pair,down8k__to__crop,raw_chamfer,45,0.07248397321,0.01864845769,0.2572769795,0.03714994954,0.04790389208,0.05538078229,0.07170584339,0.08778115127,0.1008860413,0.1098659492,0.03240036898,0.07271599969,1,1,1,1
translation_sigma0.0063,translation,0.0063,topology_pair,down8k__to__crop,rigid_p2p,45,0.03762209028,0.007298513629,0.1939954313,0.02523046489,0.02866245269,0.03195348157,0.03801364196,0.04135833506,0.05187344558,0.05835401142,0.009404853489,0.03312354653,0.391373579,0.2902699502,0.4555193723,0.5301331128
translation_sigma0.0063,translation,0.0063,topology_pair,down8k__to__crop,nicp_p2p,45,0.0284908262,0.002481300395,0.08709120533,0.02368279607,0.02446941081,0.02651819348,0.02862485352,0.03028577729,0.03224758397,0.03491376588,0.003767583814,0.01123096981,0.1330566011,0.1162821268,0.1544497753,0.3991983382
translation_sigma0.0063,translation,0.0063,topology_pair,down8k__to__crop,nicp_p2tri,45,0.02678055144,0.002636924624,0.09846416457,0.0217064336,0.02255634784,0.02478479048,0.02701567791,0.02870052902,0.03077133346,0.03350404307,0.003915738539,0.01179760948,0.1414017539,0.1208547514,0.1622422786,0.3767569926
translation_sigma0.0063,translation,0.0063,topology_pair,down8k__to__noisy,latent_distance,45,0.4367363728,0.1069597134,0.2449068134,0.2302975357,0.256882,0.3482916653,0.4444991648,0.5094456077,0.6045855165,0.6727710366,0.1611539423,0.442473501,14.133702,16.20853006,14.26292098,11.35282659
translation_sigma0.0063,translation,0.0063,topology_pair,down8k__to__noisy,raw_chamfer,45,0.03806446253,0.007567706845,0.1988129174,0.02444609058,0.02627798336,0.03269054221,0.03915317136,0.04263308122,0.04967089102,0.05546873326,0.009942539007,0.03102264268,1,1,1,1
translation_sigma0.0063,translation,0.0063,topology_pair,down8k__to__noisy,rigid_p2p,45,0.0260765284,0.004516057821,0.1731847795,0.01909385647,0.02045274664,0.02291819501,0.0250133538,0.02865244462,0.03414152449,0.03762492407,0.005734249608,0.0185310676,0.5967538006,0.5767389602,0.5973400715,0.6388589463
translation_sigma0.0063,translation,0.0063,topology_pair,down8k__to__noisy,nicp_p2p,45,0.02258255955,0.001920775586,0.08505570779,0.01893657992,0.0195745019,0.02148150146,0.0224114285,0.02384625484,0.02576931433,0.0278976628,0.002364753382,0.008961082884,0.2538121026,0.2378420019,0.2888562066,0.5724039132
translation_sigma0.0063,translation,0.0063,topology_pair,down8k__to__noisy,nicp_p2tri,45,0.0202993645,0.002108614611,0.1038758928,0.01611105011,0.0169131931,0.0190649597,0.02008376922,0.02167850028,0.02381929379,0.02618443657,0.002613540582,0.01007338646,0.2786332312,0.2628645037,0.3247107787,0.5129538304
translation_sigma0.0063,translation,0.0063,topology_pair,down8k__to__original,latent_distance,45,0.4399992867,0.1076781792,0.2447235314,0.2266544104,0.2540156543,0.3633780479,0.4422473013,0.5162317157,0.5993478656,0.6825412512,0.1528536677,0.4558868408,11.83014015,13.88877984,12.05868537,10.39333417
translation_sigma0.0063,translation,0.0063,topology_pair,down8k__to__original,raw_chamfer,45,0.04221317902,0.009102020591,0.2156203537,0.02629499864,0.02748226356,0.03742604003,0.04255105188,0.04843159051,0.05561061176,0.064100682,0.01100555048,0.03780568336,1,1,1,1
translation_sigma0.0063,translation,0.0063,topology_pair,down8k__to__original,rigid_p2p,45,0.02758219945,0.005257912844,0.190627033,0.01941987833,0.02052747946,0.02374255717,0.02649468132,0.02957434004,0.03669284794,0.04109354355,0.005831782872,0.02167366522,0.5776643539,0.5298947001,0.5732911905,0.6226563187
translation_sigma0.0063,translation,0.0063,topology_pair,down8k__to__original,nicp_p2p,45,0.02305427832,0.002443373161,0.1059835024,0.01883823299,0.01922005939,0.02184436218,0.02288381433,0.02491311853,0.02748075308,0.02961089706,0.00306875635,0.01077266407,0.2684429393,0.2788371518,0.28494827,0.5377966776
translation_sigma0.0063,translation,0.0063,topology_pair,down8k__to__original,nicp_p2tri,45,0.02101690101,0.002615700285,0.1244569922,0.01632271943,0.01678492339,0.01987703532,0.02074342264,0.02304229047,0.0257615706,0.02813140273,0.003165255148,0.0118086833,0.287375782,0.2876053454,0.3123520658,0.4874949438
translation_sigma0.0063,translation,0.0063,topology_pair,down8k__to__remesh,latent_distance,45,0.4265999993,0.08793041398,0.2061191142,0.2773351967,0.2867170811,0.3666964173,0.433619976,0.492913276,0.5522990108,0.6149672866,0.1262168586,0.3376320899,13.8083586,12.41421408,13.55116464,11.12268423
translation_sigma0.0063,translation,0.0063,topology_pair,down8k__to__remesh,raw_chamfer,45,0.03927169578,0.006367912111,0.1621501691,0.0279740244,0.03000891423,0.03379158139,0.03898519162,0.04395870577,0.05147934692,0.05288938029,0.01016712438,0.02491535589,1,1,1,1
translation_sigma0.0063,translation,0.0063,topology_pair,down8k__to__remesh,rigid_p2p,45,0.0289235266,0.005761843933,0.199209592,0.02089195154,0.02222377662,0.02439922458,0.02709029749,0.031698418,0.03971773487,0.04512630283,0.007299193423,0.02423435129,0.9048246635,0.7179211301,0.9726672735,0.6948868626
translation_sigma0.0063,translation,0.0063,topology_pair,down8k__to__remesh,nicp_p2p,45,0.02315820139,0.001980518954,0.08552127692,0.01998838265,0.02019069832,0.02200061426,0.02323856395,0.02430886614,0.02707616357,0.02802510886,0.002308251887,0.008036726209,0.3110154348,0.2270309481,0.3225611644,0.5960869494
translation_sigma0.0063,translation,0.0063,topology_pair,down8k__to__remesh,nicp_p2tri,45,0.0211053535,0.002147153641,0.1017350238,0.01761768637,0.017797605,0.0198453084,0.02129236056,0.02237398721,0.02526772711,0.02639079769,0.002528678812,0.008773111324,0.3371833034,0.2487113089,0.3521166369,0.5461653432
translation_sigma0.0063,translation,0.0063,topology_pair,down8k__to__up60k,latent_distance,45,0.4189368927,0.103616146,0.247331156,0.226344496,0.2541471481,0.3434228003,0.411939621,0.4940696061,0.5665316463,0.6658063531,0.1506468058,0.4394618571,15.15311159,13.86866772,15.30938599,12.1374656
translation_sigma0.0063,translation,0.0063,topology_pair,down8k__to__up60k,raw_chamfer,45,0.03454802731,0.006837945154,0.1979257772,0.02170249582,0.02438001105,0.0291934742,0.03393950883,0.04005585903,0.04656426684,0.0504078833,0.01086238483,0.02870538748,1,1,1,1
translation_sigma0.0063,translation,0.0063,topology_pair,down8k__to__up60k,rigid_p2p,45,0.02733750966,0.005222457512,0.1910363298,0.01911512851,0.02024094095,0.0236146663,0.02601389231,0.02957372546,0.03632009711,0.03995514017,0.005959059162,0.02084001166,0.7637466219,0.5485958431,0.7259965284,0.7664781607
translation_sigma0.0063,translation,0.0063,topology_pair,down8k__to__up60k,nicp_p2p,45,0.02278367561,0.002395510715,0.1051415389,0.01859115762,0.01894842315,0.0216678812,0.02252017848,0.02431964525,0.02708894105,0.02978434768,0.002651764052,0.01119319006,0.3503261084,0.2441235599,0.3899334252,0.6635387269
translation_sigma0.0063,translation,0.0063,topology_pair,down8k__to__up60k,nicp_p2tri,45,0.02068319667,0.002562517451,0.1238936849,0.01606881623,0.01643119146,0.01945227075,0.02047416303,0.02230202554,0.0252654901,0.02821259643,0.002849754785,0.0121437802,0.3747496351,0.2623507481,0.4230488164,0.6032545471
translation_sigma0.0063,translation,0.0063,topology_pair,noisy__to__crop,latent_distance,45,0.4693144013,0.1001016012,0.2132932654,0.2053994089,0.3295349538,0.4042525887,0.4696754217,0.5312560797,0.6271920562,0.6446920037,0.1270034909,0.4392925948,6.118712126,4.520485507,7.268747237,8.836723112
translation_sigma0.0063,translation,0.0063,topology_pair,noisy__to__crop,raw_chamfer,45,0.05670137216,0.01635991351,0.2885276473,0.02813442112,0.0357622614,0.04287903019,0.05315040607,0.07097412988,0.08180324939,0.0885702267,0.02809509968,0.06043580558,1,1,1,1
translation_sigma0.0063,translation,0.0063,topology_pair,noisy__to__crop,rigid_p2p,45,0.03518649639,0.006832326098,0.1941746635,0.02386513991,0.02678485782,0.02961209057,0.03475812017,0.03876276233,0.0471111645,0.0546109467,0.009150671756,0.03074580679,0.4176260525,0.3257034806,0.5087349544,0.6539577539
translation_sigma0.0063,translation,0.0063,topology_pair,noisy__to__crop,nicp_p2p,45,0.0275154172,0.002509766918,0.09121311517,0.02205956234,0.0237867832,0.02586666541,0.02771070306,0.02915470674,0.031219264,0.03295592994,0.003288041331,0.0108963676,0.1534095468,0.1170325561,0.1802965559,0.5213639013
translation_sigma0.0063,translation,0.0063,topology_pair,noisy__to__crop,nicp_p2tri,45,0.02579800596,0.002638173814,0.1022627027,0.02008828852,0.02202680728,0.02410372255,0.02600458301,0.0275691654,0.02979311252,0.03136028399,0.003465442854,0.01127199548,0.1612584206,0.1233468787,0.186511876,0.4892640515
translation_sigma0.0063,translation,0.0063,topology_pair,noisy__to__down8k,latent_distance,45,0.4207592027,0.0988835022,0.2350120961,0.2436072677,0.2765686274,0.338211447,0.4234833121,0.4970244467,0.5686711907,0.6470240355,0.1588129997,0.4034167677,13.74109534,22.09232495,13.26594663,13.20781751
translation_sigma0.0063,translation,0.0063,topology_pair,noisy__to__down8k,raw_chamfer,45,0.03348849009,0.007196187769,0.2148854054,0.02284650786,0.02505534578,0.02825591468,0.03206308021,0.03544451978,0.04905456406,0.05325645742,0.007188605095,0.03040994956,1,1,1,1
translation_sigma0.0063,translation,0.0063,topology_pair,noisy__to__down8k,rigid_p2p,45,0.02818552092,0.006295157709,0.2233472188,0.02103857529,0.02176858036,0.02397052392,0.02625460212,0.0299700943,0.04036089248,0.04902273941,0.005999570382,0.02798416411,0.8747906408,0.8345945149,0.9202305338,0.8188421681
translation_sigma0.0063,translation,0.0063,topology_pair,noisy__to__down8k,nicp_p2p,45,0.02209687277,0.001477843752,0.06688022179,0.01987091645,0.0201480365,0.02093116567,0.0220388783,0.02299143503,0.02475167825,0.02610398182,0.002060269354,0.006233065373,0.2053648125,0.2866021053,0.2049679616,0.6873599839
translation_sigma0.0063,translation,0.0063,topology_pair,noisy__to__down8k,nicp_p2tri,45,0.02015201143,0.001576521048,0.07823144868,0.01769431138,0.01808637327,0.01887882542,0.02011727603,0.02119815196,0.02295082848,0.02457519932,0.002319326548,0.006880887943,0.219077253,0.3226393045,0.2262709423,0.6274280542
translation_sigma0.0063,translation,0.0063,topology_pair,noisy__to__original,latent_distance,45,0.4228037357,0.1088586587,0.2574685355,0.2276281267,0.2423517793,0.3437988758,0.4311390817,0.4978086054,0.5908833265,0.6668137312,0.1540097296,0.4391856045,18.12888502,15.13138009,17.7644485,13.39011926
translation_sigma0.0063,translation,0.0063,topology_pair,noisy__to__original,raw_chamfer,45,0.03195206135,0.006004707874,0.1879286537,0.02114861112,0.02413140506,0.0266926689,0.03219830035,0.03687083697,0.04111467726,0.04587133778,0.01017816806,0.02472272665,1,1,1,1
translation_sigma0.0063,translation,0.0063,topology_pair,noisy__to__original,rigid_p2p,45,0.02769803239,0.005216205235,0.1883240355,0.02176955703,0.02249661266,0.02376527541,0.02660972148,0.02980757146,0.03828187332,0.04555318929,0.006042296047,0.02378363226,0.8686859284,0.5936526112,0.9620149345,0.8264324882
translation_sigma0.0063,translation,0.0063,topology_pair,noisy__to__original,nicp_p2p,45,0.02289165613,0.001986802424,0.08679155463,0.01951952322,0.01982656348,0.02170383951,0.02243386922,0.02381446991,0.02665424945,0.02824400339,0.002110630401,0.008724480165,0.3308741183,0.2073683975,0.3528931209,0.6967407898
translation_sigma0.0063,translation,0.0063,topology_pair,noisy__to__original,nicp_p2tri,45,0.02094305528,0.002097502125,0.1001526328,0.0173415466,0.01770236176,0.01964510714,0.02046472803,0.02190336042,0.02490292124,0.02653309004,0.002258253277,0.009191543438,0.3493096032,0.2218722724,0.3717851824,0.6355841088
translation_sigma0.0063,translation,0.0063,topology_pair,noisy__to__remesh,latent_distance,45,0.4365321067,0.08970885972,0.2055034632,0.274317652,0.3029214799,0.3480493426,0.4340226948,0.5028947592,0.5574438572,0.6614150405,0.1548454165,0.3870973885,14.4277564,17.92231688,14.34605036,12.94966571
translation_sigma0.0063,translation,0.0063,topology_pair,noisy__to__remesh,raw_chamfer,45,0.03488600377,0.006217796948,0.1782318488,0.02686844189,0.02733704916,0.03036821177,0.0335161312,0.03900802199,0.04626691173,0.05385129631,0.008639810222,0.02698285443,1,1,1,1
translation_sigma0.0063,translation,0.0063,topology_pair,noisy__to__remesh,rigid_p2p,45,0.02849043855,0.005791849765,0.2032910008,0.0207111365,0.02150396066,0.02455034007,0.02719785904,0.03033145502,0.04105662878,0.04650194712,0.005781114954,0.02579081062,0.9314954821,0.6691252245,0.9558221754,0.8114856361
translation_sigma0.0063,translation,0.0063,topology_pair,noisy__to__remesh,nicp_p2p,45,0.02301612195,0.001673638321,0.07271591301,0.01992258919,0.0201532035,0.02204502625,0.02314141076,0.02403062781,0.02540966641,0.02755167474,0.001985601559,0.007629085557,0.2691690217,0.2298200433,0.2827382692,0.6904559069
translation_sigma0.0063,translation,0.0063,topology_pair,noisy__to__remesh,nicp_p2tri,45,0.02110527911,0.00179584768,0.08508997539,0.01782694093,0.0180248981,0.01992821875,0.02123166017,0.02218976115,0.02363895559,0.02580974388,0.002261542405,0.00798280294,0.2888237901,0.2617583427,0.2958472374,0.6334758642
translation_sigma0.0063,translation,0.0063,topology_pair,noisy__to__up60k,latent_distance,45,0.4353872796,0.1006813981,0.2312456125,0.2540014982,0.2872459829,0.351971209,0.4445231557,0.50616014,0.591833055,0.6735460162,0.154188931,0.419544518,16.42251098,22.22099106,15.88290577,14.38639489
translation_sigma0.0063,translation,0.0063,topology_pair,noisy__to__up60k,raw_chamfer,45,0.03222590944,0.006130694525,0.1902411641,0.02278854534,0.02378455435,0.02729364085,0.03089885681,0.03423252718,0.04442540954,0.04920339184,0.006938886324,0.0264148465,1,1,1,1
translation_sigma0.0063,translation,0.0063,topology_pair,noisy__to__up60k,rigid_p2p,45,0.02762633496,0.005043219631,0.182551165,0.02175944474,0.0220682461,0.02370032485,0.02625089901,0.02921599121,0.0380079352,0.04525859729,0.005515666366,0.02349915255,0.8226179938,0.794892164,0.889619122,0.8495750884
translation_sigma0.0063,translation,0.0063,topology_pair,noisy__to__up60k,nicp_p2p,45,0.02300832816,0.001872765363,0.08139510832,0.01953370082,0.0203228495,0.02166988436,0.02294941182,0.02407996448,0.02617099302,0.02828544032,0.002410080113,0.008751739506,0.3054736058,0.3473295282,0.3313189613,0.7427268897
translation_sigma0.0063,translation,0.0063,topology_pair,noisy__to__up60k,nicp_p2tri,45,0.02111133966,0.001972163547,0.09341726194,0.01754527407,0.01831344527,0.01969128668,0.02103884655,0.02240830787,0.02432585886,0.02662254468,0.00271702119,0.009077270608,0.3216868071,0.3915644476,0.3436427543,0.6808940111
translation_sigma0.0063,translation,0.0063,topology_pair,original__to__crop,latent_distance,45,0.4682122479,0.09938541469,0.2122657302,0.2123376876,0.3409839869,0.3937199116,0.4668534994,0.5417305827,0.6304576516,0.6386099458,0.1480106711,0.4262722582,6.078635071,5.446755795,6.906409778,8.873001319
translation_sigma0.0063,translation,0.0063,topology_pair,original__to__crop,raw_chamfer,45,0.05612002251,0.01634995579,0.2913390812,0.02885851016,0.03424212318,0.04204672275,0.0526150603,0.0692208199,0.08078774665,0.09057976213,0.02717409715,0.06172125197,1,1,1,1
translation_sigma0.0063,translation,0.0063,topology_pair,original__to__crop,rigid_p2p,45,0.03471414976,0.007095236742,0.2043903363,0.02332194592,0.02558555071,0.02865764859,0.03359234642,0.03845453916,0.04750873736,0.0538842563,0.00979689057,0.03056231039,0.4339606071,0.3605231303,0.495166728,0.6384549638
translation_sigma0.0063,translation,0.0063,topology_pair,original__to__crop,nicp_p2p,45,0.02659285991,0.002496346611,0.09387281469,0.02086343641,0.02318614471,0.02464913448,0.02629747883,0.02826827384,0.03039160722,0.03181178225,0.003619139358,0.01094834583,0.1526821627,0.133183426,0.177383729,0.4998089651
translation_sigma0.0063,translation,0.0063,topology_pair,original__to__crop,nicp_p2tri,45,0.02478881102,0.002652827754,0.1070171438,0.01869475167,0.02097322879,0.02275107909,0.02463233956,0.02624267374,0.02875741291,0.03025761326,0.003491594647,0.0115628616,0.1622529007,0.1284898124,0.1873400365,0.4681613862
translation_sigma0.0063,translation,0.0063,topology_pair,original__to__down8k,latent_distance,45,0.4264699886,0.09892337433,0.2319585832,0.2474076003,0.2847958326,0.3382195532,0.4174387157,0.4915376604,0.5886087894,0.6555352807,0.1533181071,0.4081276804,11.54354476,15.73694364,11.26354542,12.49381582
translation_sigma0.0063,translation,0.0063,topology_pair,original__to__down8k,raw_chamfer,45,0.03563178151,0.008569583812,0.2405039391,0.0230132551,0.02568071718,0.02911499947,0.03341162715,0.0388575588,0.0535964223,0.05924764358,0.009742559332,0.03623438848,1,1,1,1
translation_sigma0.0063,translation,0.0063,topology_pair,original__to__down8k,rigid_p2p,45,0.02762650369,0.006675026583,0.2416167699,0.01983345317,0.02040248811,0.02342071386,0.02545572933,0.03086366896,0.03878243529,0.0516544331,0.007442955101,0.03182097993,0.7789207422,0.7639630252,0.8781983432,0.7618823597
translation_sigma0.0063,translation,0.0063,topology_pair,original__to__down8k,nicp_p2p,45,0.02124061067,0.001749598843,0.08237045863,0.01829923353,0.0188782658,0.01970170107,0.02110243926,0.02236376948,0.0246274552,0.02557702586,0.002662068412,0.007277792327,0.2041638055,0.2732411804,0.2008531848,0.6315896909
translation_sigma0.0063,translation,0.0063,topology_pair,original__to__down8k,nicp_p2tri,45,0.01916467708,0.001883967917,0.09830418267,0.01586995848,0.01675530102,0.01752300416,0.01921354544,0.02038010465,0.02264604888,0.02375925499,0.002857100489,0.007889296518,0.2198435721,0.2932597474,0.217729534,0.5750556641
translation_sigma0.0063,translation,0.0063,topology_pair,original__to__noisy,latent_distance,45,0.4261446314,0.1074560029,0.2521585279,0.2261850536,0.2538145721,0.3325744867,0.4311415851,0.4980219901,0.6089366674,0.6477031708,0.1654475033,0.4215181172,18.8447308,23.91424416,17.04306813,14.61327914
translation_sigma0.0063,translation,0.0063,topology_pair,original__to__noisy,raw_chamfer,45,0.03076957836,0.005702177656,0.1853186803,0.02288386682,0.02327433379,0.0264691975,0.02950341131,0.0333875639,0.04088107423,0.04761639233,0.006918366403,0.0247325255,1,1,1,1
translation_sigma0.0063,translation,0.0063,topology_pair,original__to__noisy,rigid_p2p,45,0.02590180533,0.004945540747,0.1909342104,0.02044352427,0.02054082905,0.02230986201,0.02481184543,0.028413289,0.03514367065,0.04376693608,0.006103426989,0.02332341181,0.8673073773,0.8822063812,0.9430258875,0.8409822567
translation_sigma0.0063,translation,0.0063,topology_pair,original__to__noisy,nicp_p2p,45,0.02177239739,0.001540132436,0.07073784336,0.01938647344,0.01957654385,0.02035679022,0.02166238203,0.02266731523,0.02415621902,0.02567443322,0.002310525006,0.006287959777,0.2700954845,0.3339697366,0.2542384835,0.7342331297
translation_sigma0.0063,translation,0.0063,topology_pair,original__to__noisy,nicp_p2tri,45,0.01947266308,0.001697048813,0.08715031971,0.01684621045,0.01699172072,0.01800540953,0.01938975054,0.020592113,0.02222172262,0.02367150861,0.00258670347,0.006825298158,0.29761416,0.3738893431,0.2759644645,0.6572036818
translation_sigma0.0063,translation,0.0063,topology_pair,original__to__remesh,latent_distance,45,0.4463203,0.09074773505,0.2033242383,0.2841615975,0.3103170335,0.3684687614,0.4506237805,0.5163915753,0.5745578647,0.6754760742,0.1479228139,0.3913144767,12.86669965,16.06624612,12.77611464,13.22346428
translation_sigma0.0063,translation,0.0063,topology_pair,original__to__remesh,raw_chamfer,45,0.03596239051,0.007052914696,0.1961191844,0.02644993194,0.02809376239,0.03104872175,0.03407758898,0.04025577689,0.05028339541,0.05707852973,0.009207055139,0.03062859779,1,1,1,1
translation_sigma0.0063,translation,0.0063,topology_pair,original__to__remesh,rigid_p2p,45,0.02767753708,0.006161101333,0.2226029475,0.01960047022,0.02021994192,0.02357067223,0.02622976884,0.02959055586,0.04070065904,0.048715354,0.006019883633,0.02911488378,0.8735539274,0.6538337767,0.9505784098,0.769707295
translation_sigma0.0063,translation,0.0063,topology_pair,original__to__remesh,nicp_p2p,45,0.02207914559,0.001792082313,0.08116628907,0.0187239379,0.01895116726,0.02112843814,0.02219483313,0.02311899749,0.02487965953,0.02691605502,0.001990559349,0.008192117124,0.2540910234,0.2161993513,0.2674662804,0.6513029177
translation_sigma0.0063,translation,0.0063,topology_pair,original__to__remesh,nicp_p2tri,45,0.02005209022,0.001938844966,0.09669041706,0.01652126991,0.01661325928,0.01905969747,0.02015684818,0.02108944495,0.02315173069,0.02514182256,0.002029747477,0.008620552653,0.274899818,0.2204556665,0.2814543687,0.5914986589
translation_sigma0.0063,translation,0.0063,topology_pair,original__to__up60k,latent_distance,45,0.441745266,0.09980186252,0.2259262752,0.2617228627,0.3021677673,0.3663520217,0.4398722351,0.5213117003,0.6013908029,0.6813373566,0.1549596786,0.4196144938,13.81354393,16.22660849,13.97680488,13.46108752
translation_sigma0.0063,translation,0.0063,topology_pair,original__to__up60k,raw_chamfer,45,0.0335567346,0.007224928159,0.2153048634,0.02226419701,0.02436801059,0.02828140129,0.03267731783,0.03783112814,0.04867898117,0.05228640148,0.009549726842,0.03002220447,1,1,1,1
translation_sigma0.0063,translation,0.0063,topology_pair,original__to__up60k,rigid_p2p,45,0.0273980416,0.005424234443,0.1979789111,0.0208635369,0.02107408439,0.0232493554,0.02630168804,0.02992575259,0.03722018391,0.04565135011,0.00667639719,0.02478781321,0.7507665576,0.6991191791,0.8256493366,0.8048912759
translation_sigma0.0063,translation,0.0063,topology_pair,original__to__up60k,nicp_p2p,45,0.0220901242,0.001998933491,0.09048991633,0.01852573369,0.01958103828,0.02054651562,0.02187376453,0.02312567262,0.02605840504,0.02738817066,0.002579157001,0.008862436963,0.2766717463,0.2700765209,0.2951960763,0.669386779
translation_sigma0.0063,translation,0.0063,topology_pair,original__to__up60k,nicp_p2tri,45,0.020081051,0.002129952308,0.1060677705,0.01631454603,0.01728145659,0.01866281175,0.0198287879,0.02141760633,0.02434620921,0.02579766802,0.002754794582,0.009483121989,0.294806019,0.2884684167,0.3158702752,0.6068058586
translation_sigma0.0063,translation,0.0063,topology_pair,remesh__to__crop,latent_distance,45,0.4895863139,0.104859842,0.214180501,0.2056078464,0.3369468391,0.4175653458,0.4816853404,0.5805526972,0.6769289374,0.6886930466,0.1629873514,0.4830852002,5.881968935,6.302794682,6.787680467,7.747781513
translation_sigma0.0063,translation,0.0063,topology_pair,remesh__to__crop,raw_chamfer,45,0.0620439917,0.01782733693,0.2873338165,0.02875989046,0.03875595788,0.04667015278,0.06217074392,0.07252968964,0.09074722025,0.09993077167,0.02585953686,0.07117088121,1,1,1,1
translation_sigma0.0063,translation,0.0063,topology_pair,remesh__to__crop,rigid_p2p,45,0.03511477744,0.007229249339,0.2058748443,0.0263236383,0.02659134538,0.02958097364,0.03387521874,0.03639524332,0.04954515271,0.05653047853,0.006814269682,0.03020684023,0.4055148208,0.2635108942,0.4244269526,0.5448739488
translation_sigma0.0063,translation,0.0063,topology_pair,remesh__to__crop,nicp_p2p,45,0.02782933812,0.002628405106,0.09444727341,0.02212411863,0.02374577708,0.02655262112,0.02719776424,0.02919306403,0.03287302589,0.03502430755,0.002640442904,0.01290018893,0.1474367774,0.1021071227,0.1812565576,0.4374688563
translation_sigma0.0063,translation,0.0063,topology_pair,remesh__to__crop,nicp_p2tri,45,0.02597948957,0.002774913678,0.1068117089,0.01989943533,0.02159962778,0.02463202685,0.02540837401,0.02742269824,0.03130269116,0.03345970073,0.002790671394,0.01356026539,0.1556549747,0.1079165264,0.1905310875,0.408686987
translation_sigma0.0063,translation,0.0063,topology_pair,remesh__to__down8k,latent_distance,45,0.4125926624,0.1034724645,0.2507860026,0.2119886726,0.2670622468,0.3288475573,0.4197622538,0.4824165702,0.5805129051,0.6165872812,0.1535690129,0.4045986086,15.83925342,20.07036126,13.051746,11.26530281
translation_sigma0.0063,translation,0.0063,topology_pair,remesh__to__down8k,raw_chamfer,45,0.03801393467,0.006532660458,0.1718490999,0.02813743841,0.03067748333,0.03322118106,0.03726151538,0.04087271313,0.05023589156,0.05913701567,0.007651532071,0.03099957727,1,1,1,1
translation_sigma0.0063,translation,0.0063,topology_pair,remesh__to__down8k,rigid_p2p,45,0.031491268,0.007334647151,0.2329105055,0.02134209019,0.02308565501,0.02735799026,0.02880575414,0.03420515944,0.04604457736,0.05635332603,0.006847169174,0.03501123584,1.122765709,0.8948755766,1.129410106,0.773069851
translation_sigma0.0063,translation,0.0063,topology_pair,remesh__to__down8k,nicp_p2p,45,0.02231046768,0.00173192979,0.07762857397,0.01937246388,0.01962250414,0.02124494544,0.02207554984,0.02335046273,0.02542021325,0.02648529624,0.002105517295,0.007112832366,0.2651185993,0.2751759093,0.2294493343,0.5924490622
translation_sigma0.0063,translation,0.0063,topology_pair,remesh__to__down8k,nicp_p2tri,45,0.02021537709,0.001862803575,0.09214785192,0.01714389745,0.01733394024,0.01879513514,0.02000979836,0.02155904006,0.02343894833,0.02489459679,0.002763904914,0.007750699341,0.2851523644,0.3612224177,0.2500259689,0.5370097849
translation_sigma0.0063,translation,0.0063,topology_pair,remesh__to__noisy,latent_distance,45,0.4403572046,0.1108560816,0.2517412692,0.2025784552,0.258459574,0.3609351218,0.4429125786,0.5042012334,0.6194096565,0.672480166,0.1432661116,0.4699017107,17.82924566,14.65826897,17.57770149,12.6457935
translation_sigma0.0063,translation,0.0063,topology_pair,remesh__to__noisy,raw_chamfer,45,0.0366081546,0.006217654055,0.1698434167,0.02723100652,0.0290017007,0.03172620888,0.03502449875,0.041499949,0.04676933169,0.05396383681,0.009773740125,0.02673283028,1,1,1,1
translation_sigma0.0063,translation,0.0063,topology_pair,remesh__to__noisy,rigid_p2p,45,0.02853641656,0.005689732951,0.1993849837,0.02169875234,0.02297438483,0.02475969819,0.02670035649,0.03097127065,0.04014107556,0.04907316078,0.006211572469,0.02737440844,0.9150932009,0.6355368967,1.023999634,0.7623337219
translation_sigma0.0063,translation,0.0063,topology_pair,remesh__to__noisy,nicp_p2p,45,0.02321177093,0.001567166793,0.06751603733,0.02000903012,0.02066333261,0.0222837532,0.02310055093,0.02410378621,0.02591726999,0.02785080224,0.00182003301,0.007841772114,0.25205114,0.1862166363,0.2933386413,0.6595540765
translation_sigma0.0063,translation,0.0063,topology_pair,remesh__to__noisy,nicp_p2tri,45,0.02094414357,0.001692926621,0.08083054892,0.0176842913,0.01824449903,0.019905167,0.02093619719,0.02169342978,0.02401319911,0.0257954166,0.001788262789,0.008111125299,0.2722773905,0.1829660668,0.3034143865,0.5977586527
translation_sigma0.0063,translation,0.0063,topology_pair,remesh__to__original,latent_distance,45,0.4453798466,0.1124732949,0.2525334179,0.1880813986,0.2620065689,0.3721405268,0.4560717046,0.5169655085,0.6325441718,0.6761686802,0.1448249817,0.4880872816,15.2329801,12.32640035,17.62324263,12.36043248
translation_sigma0.0063,translation,0.0063,topology_pair,remesh__to__original,raw_chamfer,45,0.03876505871,0.007383538495,0.1904689104,0.02702843185,0.02887840936,0.03275541138,0.03689771417,0.04450458207,0.05319727608,0.05472408876,0.01174917069,0.02769565692,1,1,1,1
translation_sigma0.0063,translation,0.0063,topology_pair,remesh__to__original,rigid_p2p,45,0.02971200812,0.006181294771,0.2080402895,0.02224838028,0.02317200725,0.02522408252,0.02829036932,0.03205720958,0.04200101434,0.05253277646,0.006833127062,0.03028439618,0.8371724174,0.5815837767,1.093470946,0.7667241713
translation_sigma0.0063,translation,0.0063,topology_pair,remesh__to__original,nicp_p2p,45,0.02313331013,0.00168941649,0.0730296045,0.01937881134,0.02039268877,0.02210100741,0.02303492756,0.02410107697,0.0263530226,0.02687269316,0.002000069559,0.007493881817,0.2288085165,0.1702307007,0.2705796739,0.6242914522
translation_sigma0.0063,translation,0.0063,topology_pair,remesh__to__original,nicp_p2tri,45,0.02110965756,0.00179434319,0.08500105626,0.01717744364,0.01808392731,0.01990420991,0.02111153127,0.0222669143,0.02457767739,0.02500062392,0.002362704395,0.007823180272,0.2430194128,0.2010954184,0.282469569,0.5721636625
translation_sigma0.0063,translation,0.0063,topology_pair,remesh__to__up60k,latent_distance,45,0.4179387834,0.1076408381,0.2575516856,0.1970923394,0.2705776691,0.3394749165,0.4218505025,0.4810459316,0.5967417598,0.6462914944,0.1415710151,0.449199155,17.21136172,14.2995925,15.51557072,12.56636783
translation_sigma0.0063,translation,0.0063,topology_pair,remesh__to__up60k,raw_chamfer,45,0.03462887857,0.006254057052,0.1806023559,0.02519843884,0.02707552978,0.02975616176,0.03356980381,0.03965651487,0.04485285029,0.05414994589,0.009900353109,0.02895150705,1,1,1,1
translation_sigma0.0063,translation,0.0063,topology_pair,remesh__to__up60k,rigid_p2p,45,0.02988367263,0.006292688868,0.2105728083,0.02174522505,0.02331147826,0.02565224438,0.02805041522,0.03242976511,0.0425996769,0.05258859303,0.006777520732,0.03084336798,1.006177081,0.6845736366,1.065345853,0.8355847232
translation_sigma0.0063,translation,0.0063,topology_pair,remesh__to__up60k,nicp_p2p,45,0.02302570696,0.001875604171,0.08145696347,0.01891696053,0.02029539611,0.02215123963,0.02273978062,0.02399194088,0.02658970852,0.02857468402,0.001840701248,0.009657723497,0.2999019925,0.1859227876,0.3335827555,0.6773879512
translation_sigma0.0063,translation,0.0063,topology_pair,remesh__to__up60k,nicp_p2tri,45,0.02094045607,0.002002158051,0.09561196015,0.01664024501,0.01797219391,0.02001216724,0.02077671216,0.02197465418,0.02502084314,0.0265871718,0.001962486941,0.009946926791,0.3201374778,0.198223934,0.3435719865,0.6189107413
translation_sigma0.0063,translation,0.0063,topology_pair,up60k__to__crop,latent_distance,45,0.4797456185,0.1025064615,0.2136683642,0.2069805562,0.320254606,0.4147524238,0.4827741086,0.5470527411,0.6418354392,0.6641876698,0.1323003173,0.4572071135,5.688208539,4.467882172,6.319202077,7.276499292
translation_sigma0.0063,translation,0.0063,topology_pair,up60k__to__crop,raw_chamfer,45,0.06665708285,0.0180208691,0.2703519016,0.03121906288,0.04462100713,0.05048246109,0.06634702887,0.08009387702,0.0935137541,0.1035710953,0.02961141592,0.07235203242,1,1,1,1
translation_sigma0.0063,translation,0.0063,topology_pair,up60k__to__crop,rigid_p2p,45,0.03518167737,0.006575508371,0.1869015028,0.02353392947,0.02667978916,0.02979223352,0.03413338259,0.03814776428,0.04721770591,0.05314185688,0.008355530763,0.02960792741,0.3648829772,0.2821726183,0.4092203968,0.5144673872
translation_sigma0.0063,translation,0.0063,topology_pair,up60k__to__crop,nicp_p2p,45,0.02783611976,0.002793341898,0.100349543,0.02190866487,0.02424642338,0.02567899268,0.02743861989,0.0295309571,0.03235947387,0.03420446393,0.003851964417,0.01229579906,0.1550059479,0.1300837632,0.1699440727,0.4135621498
translation_sigma0.0063,translation,0.0063,topology_pair,up60k__to__crop,nicp_p2tri,45,0.02611342305,0.002933982513,0.1123553395,0.01989966478,0.02227392329,0.02396221672,0.02570918261,0.02787541516,0.0309229684,0.03263354378,0.003913198441,0.012733879,0.1628102671,0.1321516827,0.1759989122,0.3874956128
translation_sigma0.0063,translation,0.0063,topology_pair,up60k__to__down8k,latent_distance,45,0.4019296991,0.1021391092,0.2541218265,0.2096077055,0.2457913399,0.3245183825,0.4022693336,0.4880636334,0.5413699508,0.6198664308,0.1635452509,0.4102587253,17.01204895,18.65866646,14.28216233,12.76568196
translation_sigma0.0063,translation,0.0063,topology_pair,up60k__to__down8k,raw_chamfer,45,0.03234529792,0.006003927541,0.1856197941,0.02306209598,0.02485357076,0.02751594631,0.03151177781,0.03628105561,0.04272613069,0.05178734892,0.0087651093,0.02872525293,1,1,1,1
translation_sigma0.0063,translation,0.0063,topology_pair,up60k__to__down8k,rigid_p2p,45,0.0272337428,0.005436287366,0.1996158738,0.02020456236,0.02197071016,0.02319255784,0.02579625221,0.02827754021,0.03923576489,0.04510197771,0.005084982366,0.02489741535,0.9054551923,0.580139071,0.8667431201,0.8186225596
translation_sigma0.0063,translation,0.0063,topology_pair,up60k__to__down8k,nicp_p2p,45,0.02168917887,0.001802966359,0.08312746047,0.01928960111,0.01946174542,0.02050775321,0.02128175062,0.02282491127,0.02585464605,0.02644811305,0.002317158062,0.007158511941,0.3002978212,0.2643615707,0.2492062283,0.6753586151
translation_sigma0.0063,translation,0.0063,topology_pair,up60k__to__down8k,nicp_p2tri,45,0.01962467818,0.001945716364,0.09914640873,0.01715217643,0.01723832174,0.01823193175,0.01915441333,0.02064787604,0.02403014523,0.02494187586,0.002415944283,0.007789699423,0.324073925,0.2756319631,0.2711794894,0.6078493394
translation_sigma0.0063,translation,0.0063,topology_pair,up60k__to__noisy,latent_distance,45,0.4340460777,0.1077407697,0.2482242675,0.2199139297,0.2461442351,0.3549290001,0.4374738634,0.5180601478,0.5925735354,0.6607056856,0.1631311476,0.4407917559,16.72487987,15.37571132,17.24897984,12.8125386
translation_sigma0.0063,translation,0.0063,topology_pair,up60k__to__noisy,raw_chamfer,45,0.03504527873,0.006441945802,0.1838177933,0.02306534829,0.02583239066,0.02957957476,0.03414419865,0.04018923985,0.04614793944,0.04862000486,0.01060966509,0.02555465657,1,1,1,1
translation_sigma0.0063,translation,0.0063,topology_pair,up60k__to__noisy,rigid_p2p,45,0.02589646831,0.004342051887,0.1676696542,0.02056483251,0.02087870593,0.02303255947,0.0248586422,0.0279347799,0.03573199985,0.03878880528,0.00490222043,0.01822397277,0.6740280065,0.4620523257,0.7131370645,0.7280487807
translation_sigma0.0063,translation,0.0063,topology_pair,up60k__to__noisy,nicp_p2p,45,0.02256896041,0.001750557273,0.07756481651,0.01964275874,0.01984242869,0.0213516751,0.02246520906,0.02340667411,0.02569567919,0.02721483839,0.002054999016,0.007572079657,0.271743558,0.1936912238,0.2963091927,0.6579509826
translation_sigma0.0063,translation,0.0063,topology_pair,up60k__to__noisy,nicp_p2tri,45,0.02038241664,0.001924184639,0.09440414611,0.01711880076,0.01737068104,0.01892278159,0.02037400692,0.02134857309,0.02404607471,0.02543457806,0.002425791497,0.008315777307,0.2986961855,0.2286397804,0.3254114288,0.596704791
translation_sigma0.0063,translation,0.0063,topology_pair,up60k__to__original,latent_distance,45,0.4382358693,0.1090998142,0.2489522693,0.2063803226,0.2456732035,0.3674198687,0.445281893,0.5248157978,0.5907971382,0.671934247,0.1573959291,0.4655539244,13.67145192,12.49426244,13.83705739,11.97041701
translation_sigma0.0063,translation,0.0063,topology_pair,up60k__to__original,raw_chamfer,45,0.0383422128,0.007980119069,0.2081288086,0.02327768778,0.02605749759,0.03201513712,0.03719852805,0.04461259374,0.04923887967,0.05692313068,0.01259745662,0.0336454429,1,1,1,1
translation_sigma0.0063,translation,0.0063,topology_pair,up60k__to__original,rigid_p2p,45,0.02710664367,0.005166856506,0.1906121823,0.02036890285,0.02107578068,0.02359113697,0.02587637381,0.02954993773,0.0381331399,0.0424154598,0.005958800755,0.02204655695,0.6474660919,0.4730161759,0.6552613089,0.6956289714
translation_sigma0.0063,translation,0.0063,topology_pair,up60k__to__original,nicp_p2p,45,0.02283216372,0.002101632984,0.09204703549,0.01927282189,0.01974143281,0.02134372559,0.02277061773,0.02376987515,0.0263965163,0.02860650078,0.00242614956,0.009333678894,0.2633585998,0.1925904279,0.2774128705,0.6121376011
translation_sigma0.0063,translation,0.0063,topology_pair,up60k__to__original,nicp_p2tri,45,0.020878411,0.002243219499,0.1074420606,0.01709039297,0.01741844069,0.01930728151,0.02081312913,0.02189123114,0.02458901423,0.02696800188,0.002583949634,0.00987760891,0.2811010061,0.2051167718,0.2935793991,0.5595148577
translation_sigma0.0063,translation,0.0063,topology_pair,up60k__to__remesh,latent_distance,45,0.4154709717,0.09138163207,0.2199470921,0.2584580183,0.268572849,0.3535996974,0.4326627851,0.4859072268,0.5496398568,0.6035935879,0.1323075294,0.3451355696,14.40056414,14.2715832,12.22090387,13.0241413
translation_sigma0.0063,translation,0.0063,topology_pair,up60k__to__remesh,raw_chamfer,45,0.0350040145,0.006345698069,0.1812848657,0.02351766949,0.0267270463,0.0305020879,0.03322006227,0.03977278531,0.04521210791,0.05175908054,0.009270697411,0.02824141105,1,1,1,1
translation_sigma0.0063,translation,0.0063,topology_pair,up60k__to__remesh,rigid_p2p,45,0.02760994863,0.005563203435,0.2014927123,0.01956528949,0.02079888886,0.02369733726,0.02590547278,0.02934420177,0.03884599194,0.04313066033,0.005646864512,0.02356537084,0.8766889592,0.6091089226,0.8344261126,0.7798140947
translation_sigma0.0063,translation,0.0063,topology_pair,up60k__to__remesh,nicp_p2p,45,0.02257679317,0.00191650511,0.08488827868,0.01911811227,0.01940859186,0.02154399526,0.02254471702,0.02385857488,0.02559283387,0.02730002619,0.002314579623,0.008181913917,0.3020164353,0.2496661816,0.289713354,0.6786476448
translation_sigma0.0063,translation,0.0063,topology_pair,up60k__to__remesh,nicp_p2tri,45,0.02056749516,0.002050613252,0.09970165235,0.01681622345,0.01710663387,0.01949651991,0.02055158561,0.02191861712,0.02370617045,0.02553520229,0.002422097212,0.008718978839,0.3231501451,0.2612637545,0.3087302835,0.618649822
translation_sigma0.0158,translation,0.0158,overall,all,latent_distance,1350,0.4433130666,0.102511805,0.2312402064,0.1901707202,0.2773297518,0.3692857698,0.4409292489,0.5144657493,0.6168684989,0.7084242702,0.1451799795,0.5182535499,6.195357675,7.717709992,5.71864319,11.34301083
translation_sigma0.0158,translation,0.0158,overall,all,raw_chamfer,1350,0.04379752152,0.01654655153,0.3777965271,0.02134465546,0.02647332215,0.03176742268,0.03887232902,0.05057869956,0.07987635324,0.1119699196,0.01881127687,0.09062526419,1,1,1,1
translation_sigma0.0158,translation,0.0158,overall,all,rigid_p2p,1350,0.0313167682,0.008889852916,0.2838687842,0.01929524785,0.02186352857,0.02482991444,0.02872090307,0.03580751043,0.04820300068,0.08306221921,0.01097759599,0.06376697136,0.5372631815,0.5835646388,0.7036334948,0.7388521295
translation_sigma0.0158,translation,0.0158,overall,all,nicp_p2p,1350,0.02374947214,0.002897550922,0.1220048557,0.01820329709,0.01974240105,0.02176874599,0.02319766821,0.02533403419,0.02946099007,0.03528266447,0.003565288205,0.01707936738,0.1751150938,0.1895293035,0.1884614355,0.5967655861
translation_sigma0.0158,translation,0.0158,overall,all,nicp_p2tri,1350,0.02175772776,0.003077575903,0.1414474865,0.0159088372,0.01751458223,0.0196242537,0.0211429168,0.02340894935,0.02779033984,0.03371916798,0.003784695645,0.01781033078,0.1859950031,0.2011929158,0.196527215,0.5439066126
translation_sigma0.0158,translation,0.0158,topology_pair,crop__to__down8k,latent_distance,45,0.4621789906,0.08908656993,0.1927533959,0.28741467,0.3541731119,0.3871278763,0.4392094612,0.5370414257,0.6014160275,0.6729141474,0.1499135494,0.3854994774,5.625356051,6.312251457,6.520812891,6.516377912
translation_sigma0.0158,translation,0.0158,topology_pair,crop__to__down8k,raw_chamfer,45,0.06563936159,0.01583661001,0.2412669719,0.03558681349,0.03927192317,0.05445580402,0.06740085782,0.07820542021,0.08696409929,0.09470512953,0.02374961619,0.05911831605,1,1,1,1
translation_sigma0.0158,translation,0.0158,topology_pair,crop__to__down8k,rigid_p2p,45,0.04583830922,0.01206321339,0.2631688122,0.02690355039,0.02781154243,0.03853840164,0.04541572398,0.05145721686,0.06473666798,0.08306221921,0.01291881521,0.05615866882,0.7617295232,0.5439589047,0.9499368821,0.6738152221
translation_sigma0.0158,translation,0.0158,topology_pair,crop__to__down8k,nicp_p2p,45,0.02484024197,0.002496270365,0.1004929971,0.01906387031,0.02093263306,0.02321293648,0.02475323937,0.02654783939,0.02868068494,0.03035586932,0.003334902904,0.01129199901,0.1576265605,0.1404192336,0.191006777,0.3672540702
translation_sigma0.0158,translation,0.0158,topology_pair,crop__to__down8k,nicp_p2tri,45,0.02300727342,0.002607946309,0.1133531236,0.01707925907,0.0188527773,0.02123906055,0.02284841416,0.02477792882,0.02720194204,0.02874523192,0.003538868273,0.01166597285,0.1646783186,0.1490073879,0.197332631,0.3389929283
translation_sigma0.0158,translation,0.0158,topology_pair,crop__to__noisy,latent_distance,45,0.4614584876,0.09379389337,0.2032553217,0.2735806704,0.3342352271,0.3860023618,0.4531007409,0.5227344036,0.6159545064,0.6580665112,0.1367320418,0.3844858408,7.432153482,7.071411138,8.240322836,8.545825421
translation_sigma0.0158,translation,0.0158,topology_pair,crop__to__noisy,raw_chamfer,45,0.0523344304,0.01262001567,0.2411417411,0.03095287049,0.03223119171,0.04212095647,0.05302012604,0.06145684844,0.07123424046,0.07761194544,0.01933589197,0.04665907495,1,1,1,1
translation_sigma0.0158,translation,0.0158,topology_pair,crop__to__noisy,rigid_p2p,45,0.03874023591,0.01004898859,0.2593940989,0.02476226708,0.02498974517,0.03240436807,0.03664150304,0.044284436,0.05553431521,0.07060777716,0.01188006793,0.04584551007,0.7962738599,0.6144049601,0.9825636304,0.691086683
translation_sigma0.0158,translation,0.0158,topology_pair,crop__to__noisy,nicp_p2p,45,0.02433377504,0.002165027801,0.08897213021,0.01893785891,0.02128453767,0.02282955962,0.02405732905,0.02566530334,0.02805242934,0.029606433,0.002835743722,0.01066857409,0.1715550803,0.1466569904,0.2286494986,0.4537395674
translation_sigma0.0158,translation,0.0158,topology_pair,crop__to__noisy,nicp_p2tri,45,0.02221383958,0.002261083761,0.1017871653,0.01684748135,0.01889500237,0.02065026884,0.02187264674,0.02356858421,0.02599170041,0.0277107418,0.002918315373,0.01086326045,0.1791664782,0.1509273726,0.2328220278,0.4125347935
translation_sigma0.0158,translation,0.0158,topology_pair,crop__to__original,latent_distance,45,0.4619588183,0.0952128178,0.2061067221,0.2853307724,0.3248360157,0.3973966837,0.447517544,0.5118749738,0.6081436038,0.6640152931,0.1144782901,0.3786845207,7.868083083,5.656671985,8.397828774,8.696953527
translation_sigma0.0158,translation,0.0158,topology_pair,crop__to__original,raw_chamfer,45,0.05131178429,0.01210114545,0.2358356003,0.03099708245,0.03250164985,0.0407188111,0.05145681676,0.06095655696,0.07113716447,0.07609022866,0.02023774587,0.04509314621,1,1,1,1
translation_sigma0.0158,translation,0.0158,topology_pair,crop__to__original,rigid_p2p,45,0.04058195458,0.01062078252,0.2617119513,0.02502724928,0.02555899988,0.0335272497,0.03815139209,0.04586293428,0.05797685818,0.07430333941,0.01233568458,0.04927609013,0.8776675369,0.6095384667,1.092762299,0.7414254222
translation_sigma0.0158,translation,0.0158,topology_pair,crop__to__original,nicp_p2p,45,0.02436963092,0.002226123947,0.09134828319,0.01946783457,0.02139253651,0.0226474335,0.02415007384,0.0261308965,0.02780203724,0.03036396345,0.003483463006,0.01089612888,0.1839597711,0.1721270259,0.241636031,0.4693270077
translation_sigma0.0158,translation,0.0158,topology_pair,crop__to__original,nicp_p2tri,45,0.02244765087,0.002335403514,0.1040377689,0.01751160277,0.01931961073,0.02061257333,0.022217253,0.02424606032,0.02601225591,0.02865643171,0.003633486987,0.01114482894,0.1929902854,0.1795401035,0.247151283,0.43176501
translation_sigma0.0158,translation,0.0158,topology_pair,crop__to__remesh,latent_distance,45,0.4839512938,0.08473525583,0.1750904625,0.3153748214,0.3645932794,0.4188260734,0.4809009135,0.5425154567,0.6041278481,0.7084242702,0.1236893833,0.3930494487,5.33494944,5.112886789,6.507683057,8.463304097
translation_sigma0.0158,translation,0.0158,topology_pair,crop__to__remesh,raw_chamfer,45,0.05863343252,0.01588304759,0.2708872209,0.02962652138,0.03294195837,0.04715177827,0.05682188752,0.07134347043,0.08355871293,0.09002427667,0.02419169216,0.06039775528,1,1,1,1
translation_sigma0.0158,translation,0.0158,topology_pair,crop__to__remesh,rigid_p2p,45,0.03788517683,0.01174025213,0.3098903874,0.0222583788,0.02420063906,0.02991199692,0.03553683234,0.04343479094,0.05883488056,0.07874624047,0.01352279402,0.05648786167,0.7391687309,0.5589850404,0.9352642561,0.6254074599
translation_sigma0.0158,translation,0.0158,topology_pair,crop__to__remesh,nicp_p2p,45,0.0241267514,0.002426923112,0.1005905466,0.01891173918,0.02017294538,0.02248919188,0.02386855842,0.02605392477,0.02774086048,0.03043560611,0.003564732885,0.01152386693,0.152799587,0.1473535981,0.1907995897,0.4200592317
translation_sigma0.0158,translation,0.0158,topology_pair,crop__to__remesh,nicp_p2tri,45,0.02222106555,0.00254836197,0.1146822579,0.01687524233,0.0181743749,0.02036961538,0.02203437393,0.02421961767,0.02589557009,0.02881330439,0.003850002297,0.01193806206,0.160445403,0.1591456386,0.1976573799,0.3877796901
translation_sigma0.0158,translation,0.0158,topology_pair,crop__to__up60k,latent_distance,45,0.4730115182,0.08800583335,0.1860543136,0.3006369472,0.3616790652,0.4031885862,0.4628411829,0.5506432652,0.6145096183,0.6926395297,0.147454679,0.3920025826,5.806696571,6.495764318,6.775450812,7.447522908
translation_sigma0.0158,translation,0.0158,topology_pair,crop__to__up60k,raw_chamfer,45,0.06030240599,0.0151559208,0.251331942,0.03029453362,0.0354254509,0.04855553163,0.06214699688,0.07125565925,0.08232200216,0.08815084362,0.02270012762,0.05785631,1,1,1,1
translation_sigma0.0158,translation,0.0158,topology_pair,crop__to__up60k,rigid_p2p,45,0.04125109235,0.01108108513,0.2686252533,0.02600035833,0.02625068853,0.03399594469,0.03911446101,0.04766232953,0.05864488856,0.07745151653,0.01366638483,0.0514511582,0.7311390232,0.6020399999,0.889292079,0.6293861806
translation_sigma0.0158,translation,0.0158,topology_pair,crop__to__up60k,nicp_p2p,45,0.02467519427,0.002438017182,0.09880437642,0.01995579505,0.02121015453,0.02284452892,0.02433720691,0.02613424867,0.02904563607,0.03041044841,0.003289719753,0.01045465336,0.1608623596,0.1449207603,0.1807003136,0.3916071271
translation_sigma0.0158,translation,0.0158,topology_pair,crop__to__up60k,nicp_p2tri,45,0.02282082403,0.002559300417,0.11214759,0.01799703659,0.01913752918,0.02088925207,0.02239013452,0.02435469855,0.0273997805,0.02876056814,0.003465446477,0.01076353155,0.1688647262,0.1526619821,0.1860390258,0.3602770148
translation_sigma0.0158,translation,0.0158,topology_pair,down8k__to__crop,latent_distance,45,0.4786209461,0.1056115297,0.220657977,0.2076195627,0.3294641852,0.4207292795,0.4625294209,0.5428914428,0.648144865,0.6861906648,0.1221621633,0.478571102,5.626237494,3.916010198,6.369594482,6.257445403
translation_sigma0.0158,translation,0.0158,topology_pair,down8k__to__crop,raw_chamfer,45,0.07280861159,0.0187712534,0.25781639,0.03683623518,0.04737811183,0.05610490823,0.07391665305,0.08730047645,0.1018704649,0.1119699196,0.03119556822,0.07513368447,1,1,1,1
translation_sigma0.0158,translation,0.0158,topology_pair,down8k__to__crop,rigid_p2p,45,0.03743598936,0.007375328448,0.1970117145,0.02469465709,0.02803169533,0.03131379389,0.03768780092,0.04132532726,0.05129573551,0.05817742078,0.01001153338,0.03348276369,0.3929054864,0.3209280661,0.4456425094,0.5098688775
translation_sigma0.0158,translation,0.0158,topology_pair,down8k__to__crop,nicp_p2p,45,0.02832023687,0.002411632332,0.08515579666,0.02286142388,0.02453964779,0.02680094123,0.02859548807,0.02974703563,0.03204421032,0.03379253968,0.002946094392,0.0109311158,0.128474763,0.09443951691,0.1454888826,0.3868612402
translation_sigma0.0158,translation,0.0158,topology_pair,down8k__to__crop,nicp_p2tri,45,0.02656885007,0.002546578075,0.09584826099,0.02086012932,0.02264177916,0.02473502985,0.0270084297,0.02800012368,0.03049887518,0.03215788117,0.003265093831,0.01129775185,0.1356637205,0.1046653104,0.1503686652,0.3653903225
translation_sigma0.0158,translation,0.0158,topology_pair,down8k__to__noisy,latent_distance,45,0.4344404982,0.1049246772,0.241516796,0.2347329855,0.2539932072,0.3461566269,0.4361062646,0.5075166821,0.593511641,0.6696324348,0.1613600552,0.4348994493,13.95499587,13.73165338,14.1561374,11.48106182
translation_sigma0.0158,translation,0.0158,topology_pair,down8k__to__noisy,raw_chamfer,45,0.03758798673,0.007518789553,0.2000317178,0.02477749439,0.02690723408,0.03085340166,0.03798483723,0.0426043577,0.04890680977,0.05549911266,0.01175095604,0.03072161827,1,1,1,1
translation_sigma0.0158,translation,0.0158,topology_pair,down8k__to__noisy,rigid_p2p,45,0.02612185431,0.004632201771,0.1773305109,0.01976056578,0.02032414974,0.02298536405,0.02519087896,0.02752035648,0.0344933268,0.04074772062,0.004534992431,0.02098715484,0.6160834451,0.3859254019,0.6831396269,0.6631824907
translation_sigma0.0158,translation,0.0158,topology_pair,down8k__to__noisy,nicp_p2p,45,0.02275982709,0.001954987943,0.08589643215,0.01940221679,0.01967929664,0.02157763932,0.02264901134,0.02406779959,0.02591718588,0.02794281108,0.00249016028,0.00854059429,0.2600136537,0.2119112923,0.2779994926,0.5962645359
translation_sigma0.0158,translation,0.0158,topology_pair,down8k__to__noisy,nicp_p2tri,45,0.02048003293,0.00216736952,0.1058284196,0.01656168905,0.01695595107,0.01915015839,0.02022108913,0.0217868244,0.02402352624,0.02618510245,0.002636666009,0.0096234134,0.2882604313,0.2243788506,0.3132456538,0.5323463416
translation_sigma0.0158,translation,0.0158,topology_pair,down8k__to__original,latent_distance,45,0.441008035,0.1094600352,0.2482041743,0.2293628454,0.2510972559,0.3600150347,0.4459235668,0.5184576511,0.6058553576,0.702806592,0.1584426165,0.4734437466,12.50520863,13.13521929,13.33330506,10.79451092
translation_sigma0.0158,translation,0.0158,topology_pair,down8k__to__original,raw_chamfer,45,0.04175565199,0.008753155455,0.2096280393,0.02704976748,0.02757258933,0.03636325295,0.04131021497,0.04842567939,0.05508486119,0.06255812377,0.01206242644,0.03550835629,1,1,1,1
translation_sigma0.0158,translation,0.0158,topology_pair,down8k__to__original,rigid_p2p,45,0.02761390974,0.005415523762,0.1961157914,0.01941087412,0.02025783063,0.02375239477,0.02647446479,0.03000537997,0.03696994088,0.0424665886,0.006252985201,0.02305571448,0.6186938858,0.5183853539,0.6493039072,0.6408696931
translation_sigma0.0158,translation,0.0158,topology_pair,down8k__to__original,nicp_p2p,45,0.02308912609,0.00235267252,0.1018952606,0.01882448467,0.01916943225,0.02167342689,0.02290458056,0.02404794663,0.02740551618,0.02956114965,0.002374519743,0.01073666498,0.2687799311,0.1968525781,0.3023700927,0.5544531921
translation_sigma0.0158,translation,0.0158,topology_pair,down8k__to__original,nicp_p2tri,45,0.02101575187,0.002519265965,0.119875129,0.01638115962,0.01669539151,0.01960201955,0.02073072793,0.0220133418,0.02562655022,0.02794222116,0.002411322252,0.01156106155,0.2878123184,0.1999035819,0.3255870661,0.5018305507
translation_sigma0.0158,translation,0.0158,topology_pair,down8k__to__remesh,latent_distance,45,0.4256530113,0.08776457784,0.2061880816,0.2769859135,0.2851708889,0.3684523106,0.4401208162,0.4909951091,0.5471204519,0.6149336696,0.1225427985,0.3379477561,14.23505401,13.76847714,13.75779937,11.46572599
translation_sigma0.0158,translation,0.0158,topology_pair,down8k__to__remesh,raw_chamfer,45,0.03882886285,0.006165384251,0.1587835388,0.02828918525,0.02954037063,0.03403375338,0.03838577832,0.04293399683,0.04989622971,0.05285327045,0.008900243454,0.0245640852,1,1,1,1
translation_sigma0.0158,translation,0.0158,topology_pair,down8k__to__remesh,rigid_p2p,45,0.02899852175,0.005940665346,0.2048609718,0.02141029347,0.02223286562,0.02432962534,0.02732592781,0.03208067065,0.04021850129,0.04657247887,0.007751045306,0.02516218541,0.9635515167,0.8708801445,1.024348564,0.7118763513
translation_sigma0.0158,translation,0.0158,topology_pair,down8k__to__remesh,nicp_p2p,45,0.02315187008,0.001978190881,0.08544410773,0.01942330752,0.02015639751,0.02212058037,0.02296474879,0.02456629473,0.02659550392,0.0280640086,0.002445714361,0.008640701078,0.3208544351,0.2747918496,0.351761566,0.5982619032
translation_sigma0.0158,translation,0.0158,topology_pair,down8k__to__remesh,nicp_p2tri,45,0.0210851208,0.002151140597,0.1020217345,0.01698988009,0.01786256299,0.01992759004,0.02106826793,0.02266478303,0.02490163245,0.02645971136,0.002737192991,0.009469831272,0.3489061687,0.3075413616,0.3855153243,0.5488560829
translation_sigma0.0158,translation,0.0158,topology_pair,down8k__to__up60k,latent_distance,45,0.4167929613,0.1024833032,0.245885398,0.2331691235,0.2524972022,0.3406445682,0.417588532,0.4876689315,0.562284708,0.6683708429,0.1470243633,0.4352017194,15.19356703,13.19737089,15.32740078,12.33220658
translation_sigma0.0158,translation,0.0158,topology_pair,down8k__to__up60k,raw_chamfer,45,0.03466369794,0.00674517728,0.1945890854,0.02256011682,0.02492139763,0.02902296139,0.03386162316,0.04016338963,0.04629543972,0.05095382334,0.01114042824,0.02839370652,1,1,1,1
translation_sigma0.0158,translation,0.0158,topology_pair,down8k__to__up60k,rigid_p2p,45,0.02732651117,0.005358147528,0.1960787271,0.01929524785,0.01989204446,0.02345932045,0.02578278784,0.02932284568,0.03636183874,0.04113910071,0.005863525227,0.02184385286,0.7943671909,0.5263285309,0.7693202309,0.7614161825
translation_sigma0.0158,translation,0.0158,topology_pair,down8k__to__up60k,nicp_p2p,45,0.02267924213,0.002389532221,0.1053620843,0.01865080198,0.01889376811,0.02142612351,0.02243673185,0.02396192625,0.02706941882,0.02984669757,0.002535802732,0.0111958956,0.3542578826,0.2276216568,0.3943090555,0.6626006008
translation_sigma0.0158,translation,0.0158,topology_pair,down8k__to__up60k,nicp_p2tri,45,0.02055728722,0.002556687335,0.1243689067,0.01618772122,0.01637144014,0.01925693642,0.02032709547,0.02179733894,0.02510735611,0.02822952997,0.002540402523,0.01204180875,0.379039309,0.2280345485,0.4241013317,0.60029891
translation_sigma0.0158,translation,0.0158,topology_pair,noisy__to__crop,latent_distance,45,0.4715755261,0.09965338388,0.2113200927,0.2175227851,0.3278309226,0.4072641432,0.4733254313,0.5408827066,0.633750236,0.6417044401,0.1336185634,0.424181655,6.05731138,4.672838783,6.843338,8.851668221
translation_sigma0.0158,translation,0.0158,topology_pair,noisy__to__crop,raw_chamfer,45,0.05696960693,0.01645175188,0.2887812075,0.02777629688,0.03581209702,0.04312113467,0.05347301995,0.07171586469,0.08220700219,0.08976090951,0.02859473002,0.06198461264,1,1,1,1
translation_sigma0.0158,translation,0.0158,topology_pair,noisy__to__crop,rigid_p2p,45,0.03546949796,0.006997267738,0.1972756351,0.02375302487,0.02724392135,0.02985190819,0.03538335792,0.03901264877,0.04845380675,0.0551042615,0.009160740576,0.03135123663,0.4253205245,0.3203646466,0.5057906357,0.6617048739
translation_sigma0.0158,translation,0.0158,topology_pair,noisy__to__crop,nicp_p2p,45,0.02764047941,0.002572543328,0.09307158859,0.0218059692,0.0243014784,0.02564711422,0.02746577118,0.0294391165,0.03154463519,0.03311713861,0.003792002284,0.01131116941,0.1563689597,0.1326119282,0.1824835057,0.5136379283
translation_sigma0.0158,translation,0.0158,topology_pair,noisy__to__crop,nicp_p2tri,45,0.02595739433,0.002713651152,0.1045425098,0.01980263449,0.02237688802,0.02382942969,0.02578763699,0.02770097966,0.030083215,0.03174021346,0.003871549975,0.01193757897,0.1649460296,0.1353938286,0.1925893937,0.4822551076
translation_sigma0.0158,translation,0.0158,topology_pair,noisy__to__down8k,latent_distance,45,0.4237906996,0.09667543566,0.2281207109,0.2469853014,0.2821323335,0.3404603004,0.4300297797,0.5012142658,0.5794744253,0.650998354,0.1607539654,0.4040130526,13.26858651,22.07300637,13.0566436,13.68682462
translation_sigma0.0158,translation,0.0158,topology_pair,noisy__to__down8k,raw_chamfer,45,0.03336311263,0.007286038766,0.2183860614,0.02309239508,0.02475980973,0.0285232263,0.0314192511,0.03580605686,0.04965374738,0.05403549692,0.007282830561,0.03094310184,1,1,1,1
translation_sigma0.0158,translation,0.0158,topology_pair,noisy__to__down8k,rigid_p2p,45,0.02779569179,0.006054782072,0.217831674,0.02074961295,0.02186731226,0.02381898224,0.02618006183,0.02971917894,0.03924130061,0.04977122133,0.005900196697,0.02902160838,0.8310115094,0.8101515815,0.9379023644,0.833249072
translation_sigma0.0158,translation,0.0158,topology_pair,noisy__to__down8k,nicp_p2p,45,0.02206339061,0.001642567092,0.07444762778,0.01947727031,0.01978103912,0.02093130506,0.02178485761,0.02294068902,0.0256980461,0.02646020701,0.002009383957,0.006982936693,0.2254403448,0.2759070035,0.225670223,0.6933601803
translation_sigma0.0158,translation,0.0158,topology_pair,noisy__to__down8k,nicp_p2tri,45,0.02012196873,0.001746791677,0.08681017751,0.01740501401,0.0178167903,0.01883583047,0.01983847808,0.02086250144,0.02400062128,0.02473482178,0.002026670961,0.007329807779,0.2397450429,0.2782806691,0.2368801879,0.6314115512
translation_sigma0.0158,translation,0.0158,topology_pair,noisy__to__original,latent_distance,45,0.4268301954,0.1100575443,0.2578485438,0.2260698974,0.2475566924,0.3541941941,0.4330707192,0.4930472076,0.6027766347,0.6723039746,0.1388530135,0.4462340772,19.16967932,15.13122103,19.25033394,13.73330348
translation_sigma0.0158,translation,0.0158,topology_pair,noisy__to__original,raw_chamfer,45,0.0317038943,0.00574123033,0.1810891203,0.02134465546,0.02444891681,0.02636291784,0.03153434422,0.03553950797,0.0394387024,0.04452524436,0.009176590128,0.0231805889,1,1,1,1
translation_sigma0.0158,translation,0.0158,topology_pair,noisy__to__original,rigid_p2p,45,0.02774988774,0.005086108184,0.1832839192,0.02187843844,0.02211052619,0.02390291548,0.02676346081,0.02954408194,0.03791428287,0.04384555378,0.00564116646,0.02196711535,0.8858916804,0.6147344909,0.9476513061,0.848708336
translation_sigma0.0158,translation,0.0158,topology_pair,noisy__to__original,nicp_p2p,45,0.02291104171,0.00177525669,0.07748476534,0.01983135082,0.02029649816,0.02198825503,0.02264159616,0.02396867674,0.02591743902,0.02843644714,0.001980421702,0.008605096328,0.3092118916,0.2158123742,0.3712199188,0.7179980024
translation_sigma0.0158,translation,0.0158,topology_pair,noisy__to__original,nicp_p2tri,45,0.02095370575,0.001880422183,0.08974174808,0.01786896256,0.01820206419,0.01995361004,0.02076089021,0.02208108796,0.02402864205,0.02692976715,0.002127477923,0.009060804594,0.3275294797,0.2318375228,0.3908789649,0.6583580768
translation_sigma0.0158,translation,0.0158,topology_pair,noisy__to__remesh,latent_distance,45,0.4387909088,0.08898151517,0.2027879644,0.2712235749,0.3043648064,0.364100486,0.4362825155,0.5081956387,0.5680274725,0.6749989986,0.1440951526,0.4037754238,14.41288065,17.58938949,15.75537828,13.09718598
translation_sigma0.0158,translation,0.0158,topology_pair,noisy__to__remesh,raw_chamfer,45,0.03479352191,0.006173749534,0.1774396265,0.02705152818,0.02764892708,0.03010405135,0.0333111644,0.03829621473,0.04593942033,0.05267931169,0.008192163388,0.02562778351,1,1,1,1
translation_sigma0.0158,translation,0.0158,topology_pair,noisy__to__remesh,rigid_p2p,45,0.02837793841,0.005814500472,0.204895098,0.02073794539,0.02150550738,0.02431244676,0.02735720004,0.03022317972,0.03937871229,0.04668541909,0.005910732963,0.02594747371,0.9418102306,0.7215106295,1.01247436,0.8212621964
translation_sigma0.0158,translation,0.0158,topology_pair,noisy__to__remesh,nicp_p2p,45,0.02306765976,0.001714744323,0.07433542635,0.01978312967,0.0202120985,0.02211540165,0.0231841665,0.02396425433,0.02570936402,0.02777679659,0.001848852681,0.007993666917,0.2777476336,0.2256855233,0.3119140956,0.6959878743
translation_sigma0.0158,translation,0.0158,topology_pair,noisy__to__remesh,nicp_p2tri,45,0.02117000653,0.001830215824,0.08645324798,0.01751822378,0.0181001478,0.02012663823,0.02123921068,0.02211239064,0.02401798439,0.02598866786,0.001985752409,0.00847044408,0.2964512594,0.2423965825,0.3305180129,0.6376003681
translation_sigma0.0158,translation,0.0158,topology_pair,noisy__to__up60k,latent_distance,45,0.434656277,0.09940596017,0.2287001602,0.2508143187,0.2913693488,0.3532167077,0.438391149,0.5105186105,0.5906512976,0.67489779,0.1573019028,0.4240834713,15.9190208,21.62986403,16.53245322,14.03494809
translation_sigma0.0158,translation,0.0158,topology_pair,noisy__to__up60k,raw_chamfer,45,0.03234824932,0.006244477056,0.1930391037,0.02295540359,0.02378579568,0.02758956385,0.03123568013,0.03486200451,0.04479147929,0.04860697906,0.007272440666,0.02565157547,1,1,1,1
translation_sigma0.0158,translation,0.0158,topology_pair,noisy__to__up60k,rigid_p2p,45,0.02764171236,0.004860369577,0.1758346051,0.0218681537,0.02217166885,0.02387289964,0.02655362808,0.02981075471,0.03667613504,0.04403305957,0.005937855064,0.02216490588,0.7783469349,0.8164872477,0.8640758111,0.8501056475
translation_sigma0.0158,translation,0.0158,topology_pair,noisy__to__up60k,nicp_p2p,45,0.02298507477,0.001867918725,0.08126659336,0.01941132108,0.02025933977,0.02158063063,0.02275447673,0.02395647703,0.02648618171,0.02824154425,0.0023758464,0.008830223165,0.2991313296,0.3266917544,0.3442370695,0.7284770697
translation_sigma0.0158,translation,0.0158,topology_pair,noisy__to__up60k,nicp_p2tri,45,0.02108579224,0.00195732528,0.09282673649,0.01724345254,0.0183444401,0.0195849569,0.02088923526,0.02223905874,0.02463377819,0.02674133346,0.002654101837,0.009497880925,0.3134490306,0.3649533849,0.3702650131,0.668761979
translation_sigma0.0158,translation,0.0158,topology_pair,original__to__crop,latent_distance,45,0.4658395115,0.09942717585,0.213436545,0.2144616097,0.3274726689,0.3874201179,0.466191113,0.5374785066,0.6300857186,0.641500175,0.1500583887,0.4270385653,6.142005358,5.689446598,6.803299404,8.69189619
translation_sigma0.0158,translation,0.0158,topology_pair,original__to__crop,raw_chamfer,45,0.05613368743,0.016188064,0.2883841191,0.02830492567,0.0344865728,0.04250300845,0.05363514506,0.06887787393,0.08116440099,0.09107425859,0.02637486548,0.06276933292,1,1,1,1
translation_sigma0.0158,translation,0.0158,topology_pair,original__to__crop,rigid_p2p,45,0.03493106564,0.007068749335,0.2023628311,0.02390514114,0.02670272634,0.02919548948,0.03385617893,0.03832120278,0.04762367537,0.05350435789,0.009125713299,0.02959921675,0.4366642814,0.3460003731,0.4715553818,0.6312312364
translation_sigma0.0158,translation,0.0158,topology_pair,original__to__crop,nicp_p2p,45,0.02688446138,0.00254846598,0.09479326901,0.02078791966,0.02329418282,0.02515208466,0.02685286589,0.02862474211,0.03058654056,0.03204424023,0.003472657458,0.01125632057,0.1574287067,0.1316654092,0.1793283447,0.5006580268
translation_sigma0.0158,translation,0.0158,topology_pair,original__to__crop,nicp_p2tri,45,0.02508681697,0.002688993767,0.1071875228,0.01855866916,0.02132794831,0.02326922134,0.02516188523,0.02695380104,0.02895479561,0.03045860138,0.003684579701,0.01189993222,0.1661096575,0.1397004168,0.189581945,0.4691305523
translation_sigma0.0158,translation,0.0158,topology_pair,original__to__down8k,latent_distance,45,0.4257257508,0.09692041976,0.2276592844,0.2505784035,0.2857459903,0.3476058841,0.4190661907,0.5099397302,0.5928747892,0.6415526271,0.1623338461,0.3909742236,11.1267421,15.18775361,10.57444344,12.51235483
translation_sigma0.0158,translation,0.0158,topology_pair,original__to__down8k,raw_chamfer,45,0.03566809732,0.008710583824,0.2442121806,0.02303295491,0.02571385417,0.02904509657,0.03349219202,0.03973356638,0.05446954319,0.06000645859,0.01068846982,0.03697350369,1,1,1,1
translation_sigma0.0158,translation,0.0158,topology_pair,original__to__down8k,rigid_p2p,45,0.02819454646,0.00690805391,0.2450138334,0.01946304682,0.02137341295,0.02319530699,0.02632543494,0.03065197903,0.04020415429,0.05129478546,0.007456672033,0.03183173863,0.7930643973,0.6976370014,0.8609337894,0.7860170789
translation_sigma0.0158,translation,0.0158,topology_pair,original__to__down8k,nicp_p2p,45,0.0213343369,0.001571850551,0.07367702865,0.01879786017,0.01899108498,0.02008965254,0.02140674373,0.02221518912,0.02378113256,0.02530975713,0.002125536577,0.006511896968,0.1804529504,0.19886257,0.1761233402,0.6391562463
translation_sigma0.0158,translation,0.0158,topology_pair,original__to__down8k,nicp_p2tri,45,0.01926056663,0.001701823018,0.08835788951,0.01641211859,0.01669943238,0.01800360182,0.01936626048,0.02031186747,0.02180259133,0.02358911001,0.002308265651,0.007176991418,0.1953741623,0.2159584759,0.1941117477,0.5782320986
translation_sigma0.0158,translation,0.0158,topology_pair,original__to__noisy,latent_distance,45,0.4233050452,0.1041606146,0.2460651385,0.2363290191,0.2553525805,0.3422097862,0.4290940762,0.4922196865,0.6021220803,0.6366477609,0.1500099003,0.4003187418,18.66668634,23.06179476,16.0359392,14.81992443
translation_sigma0.0158,translation,0.0158,topology_pair,original__to__noisy,raw_chamfer,45,0.0304722858,0.005580027043,0.1831180988,0.02248402685,0.02351449422,0.02664367841,0.02895386399,0.03314837165,0.04011909218,0.04744787441,0.006504693235,0.02496384756,1,1,1,1
translation_sigma0.0158,translation,0.0158,topology_pair,original__to__noisy,rigid_p2p,45,0.02575070034,0.004696871846,0.1823978293,0.0200571333,0.02087511698,0.0221159869,0.02441850368,0.02785413134,0.03523307554,0.04138996327,0.005738144442,0.02133282997,0.8417292263,0.8821545052,0.8545489601,0.8433590655
translation_sigma0.0158,translation,0.0158,topology_pair,original__to__noisy,nicp_p2p,45,0.02181425784,0.001491134709,0.06835596793,0.0194806041,0.01962897605,0.02059552658,0.02165491515,0.02271495845,0.02430927253,0.02552633589,0.002119431865,0.006045731787,0.2672271474,0.3258311789,0.2421794867,0.7479110616
translation_sigma0.0158,translation,0.0158,topology_pair,original__to__noisy,nicp_p2tri,45,0.01949129982,0.0016550346,0.08491145358,0.01690893686,0.01709368272,0.01815546033,0.01917788693,0.020584427,0.02240837398,0.02371254052,0.002428966668,0.006803603661,0.2965997453,0.3734175587,0.2725382633,0.6623601926
translation_sigma0.0158,translation,0.0158,topology_pair,original__to__remesh,latent_distance,45,0.4447449591,0.08946313017,0.2011560296,0.277800709,0.3170839906,0.3636208475,0.4373663366,0.5238429308,0.5667695403,0.6721101999,0.1602220833,0.3943094909,12.84191718,16.89278017,13.38219828,12.75590712
translation_sigma0.0158,translation,0.0158,topology_pair,original__to__remesh,raw_chamfer,45,0.03592607624,0.006966493316,0.1939118892,0.0266047302,0.02837600128,0.03094362012,0.03428735664,0.0404282687,0.05061988975,0.05606995578,0.009484648573,0.02946522557,1,1,1,1
translation_sigma0.0158,translation,0.0158,topology_pair,original__to__remesh,rigid_p2p,45,0.02772408727,0.006276642835,0.2263967348,0.01961495867,0.0205093389,0.02328379448,0.02580919662,0.03003649984,0.04070775317,0.04798368339,0.006752705352,0.02836872472,0.9009759358,0.7119615767,0.9627866125,0.7527321773
translation_sigma0.0158,translation,0.0158,topology_pair,original__to__remesh,nicp_p2p,45,0.02198489639,0.001778830293,0.08091147038,0.0188702443,0.01913849479,0.02072776983,0.02197574692,0.02299449494,0.02465151084,0.02637651975,0.002266725114,0.007506275454,0.2553408455,0.2389888351,0.2547503135,0.6409285834
translation_sigma0.0158,translation,0.0158,topology_pair,original__to__remesh,nicp_p2tri,45,0.01994713263,0.001934771497,0.09699496829,0.01656393952,0.01666255666,0.01848872605,0.01996804588,0.02109288732,0.02273191078,0.02450815793,0.002604161269,0.007944218416,0.2777253073,0.2745659208,0.2696133582,0.5823734414
translation_sigma0.0158,translation,0.0158,topology_pair,original__to__up60k,latent_distance,45,0.4370563163,0.09808562988,0.2244233208,0.2593103945,0.2974688768,0.3584213555,0.429600507,0.5163017511,0.5840326548,0.6637129188,0.1578803957,0.4044025242,13.27717424,16.61501074,13.22877871,13.24788887
translation_sigma0.0158,translation,0.0158,topology_pair,original__to__up60k,raw_chamfer,45,0.03379450962,0.007387538049,0.2186017236,0.02276771703,0.02428088857,0.02843648144,0.03242784652,0.03793875611,0.04897651361,0.05333762322,0.009502274666,0.03056990619,1,1,1,1
translation_sigma0.0158,translation,0.0158,topology_pair,original__to__up60k,rigid_p2p,45,0.02758991547,0.005633673925,0.2041932289,0.0205878622,0.0216684639,0.02339068761,0.0258170875,0.02969498746,0.03911162754,0.04582950787,0.006304299846,0.02524164567,0.7625915275,0.6634516542,0.8257024249,0.7961394381
translation_sigma0.0158,translation,0.0158,topology_pair,original__to__up60k,nicp_p2p,45,0.02206581643,0.001895681918,0.0859103457,0.01853093228,0.01975696829,0.02080743149,0.02178848363,0.02326575643,0.02520881762,0.02782001017,0.002458324939,0.009289077886,0.2566053678,0.2587091013,0.3038634737,0.6719065855
translation_sigma0.0158,translation,0.0158,topology_pair,original__to__up60k,nicp_p2tri,45,0.02005186509,0.00201943185,0.1007104247,0.01621609074,0.0175694267,0.01872370017,0.01988576487,0.02158466953,0.02324632741,0.02621812776,0.002860969358,0.01000203703,0.2733565413,0.3010825784,0.3271857285,0.6132311271
translation_sigma0.0158,translation,0.0158,topology_pair,remesh__to__crop,latent_distance,45,0.4896472848,0.1042046443,0.2128157298,0.2050441056,0.3364364147,0.4173532724,0.4824000001,0.5855070353,0.665545547,0.6843156815,0.1681537628,0.4792715758,5.867871948,6.43665492,6.560231463,7.854912418
translation_sigma0.0158,translation,0.0158,topology_pair,remesh__to__crop,raw_chamfer,45,0.06226415924,0.01775850687,0.285212345,0.02772078081,0.03964315781,0.04719200066,0.06141379744,0.073316403,0.09126825973,0.1007778945,0.02612440233,0.07305711369,1,1,1,1
translation_sigma0.0158,translation,0.0158,topology_pair,remesh__to__crop,rigid_p2p,45,0.03484263556,0.007052032765,0.2023966514,0.02545529103,0.02617885768,0.02947737557,0.03406432809,0.03743137979,0.0500005786,0.05501670639,0.00795400422,0.02956141536,0.3971073029,0.304466457,0.4046343178,0.5546689752
translation_sigma0.0158,translation,0.0158,topology_pair,remesh__to__crop,nicp_p2p,45,0.02795333825,0.00275687615,0.09862421888,0.02172420711,0.02409976285,0.02620511049,0.02766324018,0.02976380989,0.03208962561,0.03528266447,0.003558699396,0.01355845736,0.1552425646,0.1362212751,0.1855870931,0.4504401508
translation_sigma0.0158,translation,0.0158,topology_pair,remesh__to__crop,nicp_p2tri,45,0.02610431432,0.002910717321,0.111503305,0.01944635106,0.02191826303,0.02434558661,0.02597005497,0.02784843707,0.030473101,0.03371916798,0.003502850463,0.01427281692,0.163905521,0.1340834679,0.1953651903,0.4228700398
translation_sigma0.0158,translation,0.0158,topology_pair,remesh__to__down8k,latent_distance,45,0.4127633346,0.1022601756,0.2477452985,0.2078041583,0.2696985483,0.3316109478,0.4194159806,0.4797906578,0.5793218374,0.616019845,0.1481797099,0.4082156867,15.67340429,18.67184478,13.5911423,11.32452608
translation_sigma0.0158,translation,0.0158,topology_pair,remesh__to__down8k,raw_chamfer,45,0.03785854688,0.006524439339,0.1723372891,0.02863338015,0.02975373526,0.03277616315,0.03703607354,0.04071216045,0.05057043327,0.05866880157,0.007935997307,0.03003542142,1,1,1,1
translation_sigma0.0158,translation,0.0158,topology_pair,remesh__to__down8k,rigid_p2p,45,0.0309240009,0.007159333601,0.2315138208,0.02074552287,0.02300841818,0.02633153249,0.0285060051,0.03510793085,0.04536864579,0.05415169301,0.008776398358,0.03340617014,1.097310164,1.105897346,1.112225784,0.7696821605
translation_sigma0.0158,translation,0.0158,topology_pair,remesh__to__down8k,nicp_p2p,45,0.02236755151,0.001909671968,0.08537688928,0.01820329709,0.01960453174,0.02093408574,0.02228640834,0.02348480741,0.02558598792,0.02675378293,0.002550721675,0.008550485833,0.2926951833,0.3214116105,0.2846800687,0.6017486792
translation_sigma0.0158,translation,0.0158,topology_pair,remesh__to__down8k,nicp_p2tri,45,0.02027351526,0.00203402281,0.100329064,0.0159088372,0.01748237178,0.01864112768,0.02028705862,0.02159961357,0.0237751504,0.02521823471,0.002958485887,0.009309397511,0.3117544212,0.3727932071,0.3099472913,0.5477648325
translation_sigma0.0158,translation,0.0158,topology_pair,remesh__to__noisy,latent_distance,45,0.436967713,0.1082525349,0.2477357747,0.1967270523,0.2585230112,0.3628775775,0.4379753768,0.4971623421,0.6126595259,0.6599858403,0.1342847645,0.463258788,17.69213636,13.09854841,17.56261256,12.49123257
translation_sigma0.0158,translation,0.0158,topology_pair,remesh__to__noisy,raw_chamfer,45,0.03660594645,0.006118680791,0.1671499137,0.02711378091,0.02861896444,0.03188197718,0.03506262286,0.04213385856,0.04614729695,0.05349133644,0.01025188138,0.02637755553,1,1,1,1
translation_sigma0.0158,translation,0.0158,topology_pair,remesh__to__noisy,rigid_p2p,45,0.02803896426,0.005433773822,0.1937936713,0.02117286998,0.0222716784,0.02458099057,0.02654587337,0.03091340664,0.03991445297,0.04649551445,0.006332416073,0.02532264447,0.8880629677,0.6176833149,0.9600072472,0.7570989048
translation_sigma0.0158,translation,0.0158,topology_pair,remesh__to__noisy,nicp_p2p,45,0.02314748153,0.001657901479,0.0716234065,0.01993983334,0.02043618489,0.02211193238,0.0232206354,0.02403576773,0.02609494413,0.02761308722,0.001923835357,0.007673253875,0.2709573412,0.1876568102,0.2909008708,0.6622617907
translation_sigma0.0158,translation,0.0158,topology_pair,remesh__to__noisy,nicp_p2tri,45,0.02085936232,0.001790831469,0.08585264696,0.01741425696,0.01798990765,0.01964684856,0.02093384971,0.02193731373,0.02410330775,0.02568340474,0.002290465169,0.008269147784,0.2926826109,0.2234190081,0.313491816,0.59704175
translation_sigma0.0158,translation,0.0158,topology_pair,remesh__to__original,latent_distance,45,0.4449279517,0.1127381156,0.2533851045,0.1901707202,0.2623026133,0.369066596,0.4542593062,0.5082845688,0.6176977634,0.6743109822,0.1392179728,0.484140262,15.68483664,10.83015629,17.61440652,12.35202498
translation_sigma0.0158,translation,0.0158,topology_pair,remesh__to__original,raw_chamfer,45,0.03850897877,0.007187713724,0.1866503333,0.02702970822,0.02896897278,0.03224456652,0.03677610004,0.04509922613,0.05047933109,0.05451517936,0.01285465962,0.02748547114,1,1,1,1
translation_sigma0.0158,translation,0.0158,topology_pair,remesh__to__original,rigid_p2p,45,0.02928417792,0.00603222732,0.2059893003,0.02172265077,0.02271423421,0.0251991563,0.0280652628,0.03172543938,0.04176731388,0.05010895631,0.006526283077,0.02838630554,0.8392414544,0.5076978522,1.03277493,0.7631386353
translation_sigma0.0158,translation,0.0158,topology_pair,remesh__to__original,nicp_p2p,45,0.02317063516,0.001814893773,0.0783273208,0.01885815996,0.02049374775,0.02206000079,0.02314412309,0.02418703566,0.02670482114,0.02736459064,0.002127034872,0.008506430684,0.2524994515,0.1654680042,0.3094882617,0.6293251069
translation_sigma0.0158,translation,0.0158,topology_pair,remesh__to__original,nicp_p2tri,45,0.02109819842,0.001945843583,0.09222794971,0.01663793076,0.01800558823,0.02003402699,0.02106286447,0.02229172867,0.02476246667,0.02558630596,0.002257701682,0.008948375202,0.2707180138,0.1756329417,0.3255674664,0.5727324117
translation_sigma0.0158,translation,0.0158,topology_pair,remesh__to__up60k,latent_distance,45,0.4156315052,0.1061068377,0.2552906514,0.1994315684,0.2665193617,0.3404776156,0.4178138971,0.4657232165,0.5918971539,0.643096149,0.1252456009,0.4436645806,17.25119885,13.6816995,16.00768467,12.59042018
translation_sigma0.0158,translation,0.0158,topology_pair,remesh__to__up60k,raw_chamfer,45,0.03475156497,0.006150693562,0.1769904051,0.0257232007,0.02695156304,0.03043863765,0.03318506382,0.03959288058,0.04494016965,0.05343892534,0.00915424293,0.02771572465,1,1,1,1
translation_sigma0.0158,translation,0.0158,topology_pair,remesh__to__up60k,rigid_p2p,45,0.02902563125,0.005721591763,0.1971220441,0.02172949671,0.02344333672,0.02489230297,0.0271890354,0.03128224504,0.04003459985,0.04891320868,0.006389942073,0.02718371197,0.9302352174,0.6980306423,0.9808046631,0.8193154471
translation_sigma0.0158,translation,0.0158,topology_pair,remesh__to__up60k,nicp_p2p,45,0.02302282328,0.001944143112,0.08444416605,0.01912833228,0.01962661586,0.02164578973,0.0230291193,0.02413079074,0.02667691636,0.02855442534,0.002485001008,0.009426093061,0.3160851849,0.2714589319,0.3400991019,0.6939603741
translation_sigma0.0158,translation,0.0158,topology_pair,remesh__to__up60k,nicp_p2tri,45,0.0209467523,0.002067464549,0.09870095946,0.01683813922,0.01734897712,0.01957606689,0.02105870863,0.02211584436,0.02508122637,0.02658510902,0.002539777472,0.009746969806,0.33613519,0.277442656,0.3516765277,0.6345839423
translation_sigma0.0158,translation,0.0158,topology_pair,up60k__to__crop,latent_distance,45,0.4798089282,0.1020257112,0.2126382091,0.2098226696,0.3222275078,0.4194783866,0.4822498858,0.5502955317,0.6437409282,0.6572429538,0.1308171451,0.4474202842,5.585133678,4.263796016,6.043098238,7.296334261
translation_sigma0.0158,translation,0.0158,topology_pair,up60k__to__crop,raw_chamfer,45,0.06764514248,0.01826737139,0.2700470533,0.03257612117,0.045236375,0.05080961049,0.0660948181,0.08149052126,0.09497920741,0.106614349,0.03068091077,0.07403822783,1,1,1,1
translation_sigma0.0158,translation,0.0158,topology_pair,up60k__to__crop,rigid_p2p,45,0.03573624482,0.006701450905,0.1875253245,0.02430437463,0.02752415401,0.03021892532,0.03520521982,0.03957789873,0.04755868316,0.052184797,0.009358973418,0.02788042236,0.3668535971,0.3050422293,0.3765679323,0.5326472004
translation_sigma0.0158,translation,0.0158,topology_pair,up60k__to__crop,nicp_p2p,45,0.02814713972,0.002763691677,0.09818730092,0.02236192438,0.02424203148,0.02632516019,0.02781279193,0.02990377309,0.03271095907,0.03397363117,0.003578612891,0.01161170679,0.1512911528,0.1166397216,0.1568339375,0.4208013991
translation_sigma0.0158,translation,0.0158,topology_pair,up60k__to__crop,nicp_p2tri,45,0.02646553008,0.002912183499,0.1100368476,0.02029021579,0.02229343378,0.0245696977,0.02608786374,0.02834295277,0.03130212706,0.03248260262,0.00377325507,0.01219238683,0.1594199535,0.1229838025,0.1646769134,0.3947036166
translation_sigma0.0158,translation,0.0158,topology_pair,up60k__to__down8k,latent_distance,45,0.4027354178,0.0996541283,0.2474431697,0.2176214755,0.2480099678,0.3255741298,0.4069529772,0.4763022065,0.5326728463,0.604827702,0.1507280767,0.3872062266,16.78390237,19.04501047,13.46483345,12.87811659
translation_sigma0.0158,translation,0.0158,topology_pair,up60k__to__down8k,raw_chamfer,45,0.03254069875,0.005937482601,0.1824632792,0.02301581285,0.02499885257,0.02804852139,0.03160034889,0.03596282928,0.04304639892,0.05177266512,0.007914307894,0.02875685228,1,1,1,1
translation_sigma0.0158,translation,0.0158,topology_pair,up60k__to__down8k,rigid_p2p,45,0.02717497912,0.005884909462,0.2165561724,0.02048635948,0.02083564349,0.02283008521,0.02558269193,0.02968144175,0.03940062097,0.04748890973,0.006851356542,0.02700255025,0.9911455507,0.8656924439,0.9389953391,0.8095699205
translation_sigma0.0158,translation,0.0158,topology_pair,up60k__to__down8k,nicp_p2p,45,0.0215645644,0.001760084353,0.08161928616,0.01843046088,0.01911888756,0.02009478836,0.02129158654,0.02244843222,0.02422832001,0.02675245094,0.002353643857,0.008321990062,0.296436128,0.2973909896,0.2893915503,0.6737769453
translation_sigma0.0158,translation,0.0158,topology_pair,up60k__to__down8k,nicp_p2tri,45,0.01950859123,0.001885796902,0.09666494517,0.01615380011,0.01689552913,0.01791043917,0.01924842184,0.02042314212,0.02222388753,0.02494999674,0.002512702952,0.008796196632,0.31760883,0.3174886529,0.3058817616,0.6091205484
translation_sigma0.0158,translation,0.0158,topology_pair,up60k__to__noisy,latent_distance,45,0.4326703108,0.1054886407,0.2438083642,0.2148156017,0.2475494325,0.3544878066,0.4379298687,0.5133502483,0.5914330244,0.6379529834,0.1588624418,0.4231373817,16.13738734,14.77645707,15.95775694,12.47457889
translation_sigma0.0158,translation,0.0158,topology_pair,up60k__to__noisy,raw_chamfer,45,0.03524954605,0.006536909506,0.1854466295,0.02314598655,0.02593044172,0.02977442157,0.03510578374,0.04052547245,0.04621925682,0.04966208047,0.01075105088,0.02651609391,1,1,1,1
translation_sigma0.0158,translation,0.0158,topology_pair,up60k__to__noisy,rigid_p2p,45,0.02610727561,0.004541290589,0.1739473186,0.0200636717,0.02124560663,0.02305744367,0.02513966629,0.02772854515,0.03491323386,0.04223546624,0.004671101475,0.02217179454,0.6947152296,0.4344785944,0.8361636754,0.7161118089
translation_sigma0.0158,translation,0.0158,topology_pair,up60k__to__noisy,nicp_p2p,45,0.02251680668,0.001624083265,0.07212760174,0.01940304351,0.02009249011,0.02116324348,0.02259292299,0.02371415456,0.02485359151,0.02698972725,0.002550911083,0.007586683734,0.2484481793,0.2372708596,0.2861161889,0.6435669735
translation_sigma0.0158,translation,0.0158,topology_pair,up60k__to__noisy,nicp_p2tri,45,0.02036074388,0.001767534322,0.08681089118,0.01705745161,0.01768213911,0.0190059335,0.02037446713,0.02164596284,0.0227521073,0.02524105424,0.002640029333,0.008183602634,0.2703929617,0.245560119,0.3086277587,0.5803735157
translation_sigma0.0158,translation,0.0158,topology_pair,up60k__to__original,latent_distance,45,0.4390937868,0.1099348535,0.2503675908,0.2074350566,0.2419027627,0.3568435907,0.4463021457,0.5182256699,0.6010753155,0.6711050868,0.1613820791,0.4636700302,14.02302945,13.81358909,14.4483937,11.66517296
translation_sigma0.0158,translation,0.0158,topology_pair,up60k__to__original,raw_chamfer,45,0.0384715514,0.007839593715,0.2037763862,0.02420713229,0.02649073946,0.03247249192,0.03825936807,0.04415534118,0.04954119175,0.05629859103,0.01168284926,0.03209145874,1,1,1,1
translation_sigma0.0158,translation,0.0158,topology_pair,up60k__to__original,rigid_p2p,45,0.02736902132,0.005225928685,0.1909432063,0.01992718775,0.02130992784,0.02395170717,0.02635563325,0.02977218984,0.03770375171,0.04447823833,0.005820482671,0.02455105058,0.6666070813,0.4982074613,0.7650337984,0.6888674482
translation_sigma0.0158,translation,0.0158,topology_pair,up60k__to__original,nicp_p2p,45,0.022821368,0.002125334282,0.09312913589,0.0191584518,0.01946580511,0.02135693879,0.02287030013,0.02354347223,0.02652244637,0.02880701029,0.002186533438,0.009648558491,0.2711026054,0.1871575494,0.3006581461,0.5977699394
translation_sigma0.0158,translation,0.0158,topology_pair,up60k__to__original,nicp_p2tri,45,0.02086432115,0.002241523416,0.107433326,0.01701761697,0.01722241547,0.01920000033,0.02099279375,0.02170317756,0.02470517318,0.02729648969,0.002503177229,0.01027887272,0.2859234162,0.2142608514,0.3202993297,0.548696824
translation_sigma0.0158,translation,0.0158,topology_pair,up60k__to__remesh,latent_distance,45,0.4137560136,0.08998509796,0.2174834806,0.257496208,0.2753856719,0.3507519662,0.4288226664,0.4846099615,0.5461164474,0.6080575585,0.1338579953,0.3505613506,14.24996317,14.05137875,12.74597041,12.9898995
translation_sigma0.0158,translation,0.0158,topology_pair,up60k__to__remesh,raw_chamfer,45,0.0349902431,0.006314760036,0.1804720252,0.02388482962,0.0268663447,0.03048810163,0.03301200803,0.04001442625,0.04456915633,0.05138852994,0.009526324615,0.02750370032,1,1,1,1
translation_sigma0.0158,translation,0.0158,topology_pair,up60k__to__remesh,rigid_p2p,45,0.02798151672,0.005780357312,0.2065776981,0.01968943115,0.02114064752,0.02382073678,0.02655881416,0.03006681504,0.03804850217,0.04639167307,0.006246078253,0.02670224192,0.9153724416,0.6556650655,0.970859979,0.8045198018
translation_sigma0.0158,translation,0.0158,topology_pair,up60k__to__remesh,nicp_p2p,45,0.02267514469,0.00181538114,0.08006039936,0.01925212984,0.01970511362,0.02178935289,0.02268287718,0.02360204021,0.02555066516,0.02714953501,0.001812687324,0.007897405171,0.2874822051,0.1902819184,0.2871397332,0.6871098892
translation_sigma0.0158,translation,0.0158,topology_pair,up60k__to__remesh,nicp_p2tri,45,0.02070625871,0.001967248554,0.09500743623,0.01703326246,0.0174331596,0.01972601479,0.02060879206,0.02175744327,0.0238368859,0.02543587537,0.002031428475,0.008402612913,0.3115317989,0.2132436755,0.3055084521,0.624281687
translation_sigma0.0398,translation,0.0398,overall,all,latent_distance,1350,0.4451051509,0.1033133329,0.2321099468,0.1829944998,0.2758706465,0.3713657185,0.4431845546,0.5187883526,0.6204456568,0.7237138748,0.1474226341,0.540719375,6.444920697,8.054675267,6.088628961,11.40668553
translation_sigma0.0398,translation,0.0398,overall,all,raw_chamfer,1350,0.04349046765,0.01603019459,0.3685909915,0.02128389942,0.02627510126,0.03176224142,0.03885305275,0.05006498227,0.07861579971,0.1100919675,0.01830274085,0.08880806804,1,1,1,1
translation_sigma0.0398,translation,0.0398,overall,all,rigid_p2p,1350,0.031501517,0.009192593614,0.2918143153,0.01916405457,0.02181852396,0.02484131916,0.02866546229,0.03607839381,0.05002194284,0.08326648078,0.01123707465,0.06410242621,0.5734548986,0.6139558407,0.7218085882,0.7377917631
translation_sigma0.0398,translation,0.0398,overall,all,nicp_p2p,1350,0.02381968942,0.002941415439,0.1234867251,0.01765530333,0.01971061647,0.0218295609,0.02329891969,0.02546884094,0.02951094945,0.03627376854,0.003639280034,0.01861846521,0.1834921855,0.1988379808,0.2096483531,0.599667672
translation_sigma0.0398,translation,0.0398,overall,all,nicp_p2tri,1350,0.02181929212,0.00312482003,0.14321363,0.01530472574,0.01753057271,0.01969860297,0.02128503013,0.02358529288,0.02769761053,0.03463605179,0.003886689915,0.01933132605,0.194933381,0.2123556218,0.217675336,0.5478341758
translation_sigma0.0398,translation,0.0398,topology_pair,crop__to__down8k,latent_distance,45,0.465994768,0.09071197118,0.1946630679,0.2875153124,0.355289048,0.3955932856,0.4396434724,0.5337083936,0.6032352686,0.6922356486,0.138115108,0.4047203362,6.013151219,5.828630924,7.010576536,6.64599377
translation_sigma0.0398,translation,0.0398,topology_pair,crop__to__down8k,raw_chamfer,45,0.06409967333,0.0150855962,0.2353459139,0.03507414914,0.03945984236,0.05094898822,0.06615165281,0.07464496586,0.0840774585,0.09280411388,0.02369597763,0.05772996473,1,1,1,1
translation_sigma0.0398,translation,0.0398,topology_pair,crop__to__down8k,rigid_p2p,45,0.04735776155,0.01263829392,0.2668684817,0.02580405856,0.02795053632,0.04087909821,0.04598042487,0.0574699441,0.06636655006,0.08326648078,0.01659084589,0.05746242222,0.8377722534,0.7001545219,0.9953656215,0.6950759795
translation_sigma0.0398,translation,0.0398,topology_pair,crop__to__down8k,nicp_p2p,45,0.02528634063,0.002399005662,0.09487358008,0.02046861432,0.02176731263,0.02360591094,0.0250512852,0.0269544487,0.0295941851,0.0307002213,0.003348537757,0.01023160698,0.1590262414,0.1413124965,0.1772321711,0.3786947739
translation_sigma0.0398,translation,0.0398,topology_pair,crop__to__down8k,nicp_p2tri,45,0.02344202908,0.002507787649,0.1069782671,0.01844687049,0.01973517974,0.02167729325,0.02313790851,0.02508104532,0.0280219021,0.0291174483,0.003403752077,0.01067057781,0.1662372249,0.1436426101,0.1848360355,0.3497706788
translation_sigma0.0398,translation,0.0398,topology_pair,crop__to__noisy,latent_distance,45,0.4663441877,0.09796518806,0.2100705673,0.2690331638,0.3324398518,0.3873074353,0.4525513947,0.5318585038,0.6183621049,0.7010411024,0.1445510685,0.4320079386,8.072820896,7.268632362,9.429440488,8.722731554
translation_sigma0.0398,translation,0.0398,topology_pair,crop__to__noisy,raw_chamfer,45,0.05159241719,0.01213518661,0.2352126005,0.03067870151,0.0317244627,0.04123695092,0.05188184365,0.06112392021,0.06921972407,0.07649350242,0.01988696929,0.0458148009,1,1,1,1
translation_sigma0.0398,translation,0.0398,topology_pair,crop__to__noisy,rigid_p2p,45,0.04005076324,0.01042039807,0.2601797627,0.02417077977,0.02541897163,0.03356112295,0.03866301395,0.04892841277,0.05725001918,0.06837115635,0.01536728981,0.04420037658,0.8586928581,0.7727316108,0.9647619482,0.7452127995
translation_sigma0.0398,translation,0.0398,topology_pair,crop__to__noisy,nicp_p2p,45,0.02461124251,0.002109193653,0.0857004132,0.01981842776,0.02214120799,0.02326011566,0.02424733722,0.02630935694,0.02794475098,0.02966893858,0.003049241278,0.009850510813,0.1738080938,0.153328606,0.2150071727,0.4673568923
translation_sigma0.0398,translation,0.0398,topology_pair,crop__to__noisy,nicp_p2tri,45,0.02247998034,0.00221865891,0.09869487766,0.01765877924,0.01977131358,0.02089157366,0.0220689977,0.02435448492,0.02595323297,0.0279407598,0.003462911261,0.01028198056,0.1828285778,0.174129663,0.2244248661,0.4253703443
translation_sigma0.0398,translation,0.0398,topology_pair,crop__to__original,latent_distance,45,0.466120563,0.09503362214,0.2038820633,0.3020405471,0.3310743153,0.3984901607,0.4605441391,0.5335598588,0.6267305613,0.6807713509,0.1350696981,0.3787308037,8.211876412,7.393159454,8.333605174,9.268437511
translation_sigma0.0398,translation,0.0398,topology_pair,crop__to__original,raw_chamfer,45,0.05031079149,0.01157270487,0.2300243055,0.03063505826,0.0332560079,0.04076647261,0.04968951224,0.05903602285,0.06965278743,0.07608127221,0.01826955024,0.04544621395,1,1,1,1
translation_sigma0.0398,translation,0.0398,topology_pair,crop__to__original,rigid_p2p,45,0.04213221317,0.01111882247,0.2639031191,0.02554761426,0.02601880121,0.03540061386,0.0405331091,0.05075246282,0.05901097516,0.07358328073,0.01535184896,0.04803566647,0.9607799208,0.8402970383,1.056978399,0.815727651
translation_sigma0.0398,translation,0.0398,topology_pair,crop__to__original,nicp_p2p,45,0.02486659339,0.00231938261,0.09327303399,0.01987736152,0.02191359098,0.02297767337,0.02482960518,0.02676598035,0.02805437912,0.03040579965,0.003788306982,0.01052843813,0.2004183669,0.2073563351,0.231668102,0.4996950878
translation_sigma0.0398,translation,0.0398,topology_pair,crop__to__original,nicp_p2tri,45,0.02297223063,0.002415036799,0.1051285283,0.01789185835,0.0198270979,0.02095393135,0.02309922095,0.02492667915,0.02618762934,0.02878091326,0.003972747803,0.01088905491,0.2086838666,0.2174518667,0.2396031256,0.464871155
translation_sigma0.0398,translation,0.0398,topology_pair,crop__to__remesh,latent_distance,45,0.4882732398,0.0872308495,0.1786517105,0.3138726056,0.3639766335,0.4260093272,0.4899851084,0.5526412725,0.6082034707,0.7237138748,0.1266319454,0.4098412693,5.615751436,5.49765438,6.723077219,8.561052982
translation_sigma0.0398,translation,0.0398,topology_pair,crop__to__remesh,raw_chamfer,45,0.05664831206,0.01553324617,0.2742049252,0.028578887,0.03203871322,0.04699814492,0.05723421049,0.07003195837,0.08173163765,0.08953925618,0.02303381344,0.06096036917,1,1,1,1
translation_sigma0.0398,translation,0.0398,topology_pair,crop__to__remesh,rigid_p2p,45,0.03843679034,0.01165358796,0.3031883738,0.02292464411,0.02441716229,0.03039747298,0.03586010451,0.04435314608,0.06092054832,0.07691851333,0.0139556731,0.05399386922,0.7502351941,0.6058776647,0.8857208372,0.6265501736
translation_sigma0.0398,translation,0.0398,topology_pair,crop__to__remesh,nicp_p2p,45,0.02440797613,0.002411436523,0.09879706988,0.01991682848,0.02105648993,0.0225123818,0.02422921353,0.02589640125,0.02841432935,0.03060637767,0.003384019449,0.01068954918,0.1552435658,0.1469152929,0.1753524352,0.4233344589
translation_sigma0.0398,translation,0.0398,topology_pair,crop__to__remesh,nicp_p2tri,45,0.02247137416,0.002542636726,0.1131500329,0.01784023253,0.01881177527,0.02044048899,0.02223284503,0.02421787272,0.02655733533,0.02902964573,0.003777383731,0.0111894132,0.1636899781,0.163992981,0.1835522546,0.3884537734
translation_sigma0.0398,translation,0.0398,topology_pair,crop__to__up60k,latent_distance,45,0.4776243852,0.08978468702,0.1879817903,0.3045051694,0.3614254713,0.40675807,0.4624239504,0.5470390916,0.6289629936,0.7115247846,0.1402810216,0.4070196152,6.203147406,5.848418405,7.428113555,7.751213742
translation_sigma0.0398,translation,0.0398,topology_pair,crop__to__up60k,raw_chamfer,45,0.05863868895,0.01447405343,0.2468345335,0.03031140275,0.03557674304,0.04484009438,0.05965826331,0.06882624104,0.08026104992,0.08510588215,0.02398614666,0.0547944794,1,1,1,1
translation_sigma0.0398,translation,0.0398,topology_pair,crop__to__up60k,rigid_p2p,45,0.04239014597,0.01126080003,0.2656466444,0.02532534302,0.02628338344,0.03498116854,0.04042772689,0.05067302644,0.06181257393,0.07156515788,0.0156918579,0.04623981486,0.7779990648,0.6542050342,0.8438772549,0.6776551083
translation_sigma0.0398,translation,0.0398,topology_pair,crop__to__up60k,nicp_p2p,45,0.02499324995,0.002182002948,0.08730369009,0.02002325163,0.02216854337,0.0235028357,0.0247863645,0.02635864405,0.02828323538,0.02998779721,0.002855808351,0.009964545587,0.1507527216,0.1190607392,0.1818530935,0.4154724446
translation_sigma0.0398,translation,0.0398,topology_pair,crop__to__up60k,nicp_p2tri,45,0.02313522194,0.002275063827,0.09833767031,0.01819372831,0.02007121349,0.0213734812,0.02290071505,0.02458715787,0.02668640467,0.02835483395,0.00321367667,0.01016110564,0.1571822184,0.1339805312,0.1854403173,0.3838649296
translation_sigma0.0398,translation,0.0398,topology_pair,down8k__to__crop,latent_distance,45,0.4816791021,0.1057958263,0.2196396435,0.2086374611,0.3398733377,0.4204880297,0.4702120721,0.5414686203,0.644259131,0.6896070838,0.1209805906,0.4809696227,5.81963505,4.003733341,6.610529213,6.513221042
translation_sigma0.0398,translation,0.0398,topology_pair,down8k__to__crop,raw_chamfer,45,0.07167323563,0.01817911697,0.2536388487,0.03733385578,0.04722306289,0.05638029303,0.0721934768,0.08659723813,0.09877984799,0.1100919675,0.03021694511,0.07275811168,1,1,1,1
translation_sigma0.0398,translation,0.0398,topology_pair,down8k__to__crop,rigid_p2p,45,0.03758159669,0.007205244113,0.1917226714,0.02496083041,0.0284558302,0.03132823479,0.03726970939,0.04071559379,0.05169745662,0.05793787805,0.009387358999,0.03297704764,0.3963473103,0.3106653888,0.4532422141,0.5162476036
translation_sigma0.0398,translation,0.0398,topology_pair,down8k__to__crop,nicp_p2p,45,0.02857242887,0.002502121964,0.08757120282,0.02263693491,0.02486502009,0.02684385042,0.028713188,0.03026413633,0.03206072449,0.03409162278,0.003420285914,0.01145468787,0.1376371563,0.1131909894,0.1574352,0.3977255186
translation_sigma0.0398,translation,0.0398,topology_pair,down8k__to__crop,nicp_p2tri,45,0.02685583764,0.002629345895,0.09790593504,0.02076499934,0.02280841951,0.02498814045,0.02705726849,0.02839119313,0.03056138924,0.03249450668,0.003403052679,0.01172950734,0.1446355123,0.1126206725,0.1612123661,0.374788273
translation_sigma0.0398,translation,0.0398,topology_pair,down8k__to__noisy,latent_distance,45,0.4365131607,0.107175887,0.2455272755,0.2281975895,0.2607873857,0.3510650694,0.4313150644,0.5128564239,0.6105164647,0.6954780817,0.1617913544,0.4672804922,14.62435399,14.76850592,15.41988713,11.46065315
translation_sigma0.0398,translation,0.0398,topology_pair,down8k__to__noisy,raw_chamfer,45,0.03737664657,0.007328589498,0.196074024,0.02524669416,0.0268333611,0.03121690915,0.03763442266,0.04217206976,0.04857198606,0.05555044984,0.01095516062,0.03030375568,1,1,1,1
translation_sigma0.0398,translation,0.0398,topology_pair,down8k__to__noisy,rigid_p2p,45,0.02604517431,0.004689816158,0.1800646869,0.01942143543,0.02013117526,0.02281711318,0.02481557593,0.02808384466,0.03482199188,0.0403020807,0.005266731482,0.02088064528,0.6399343502,0.4807534701,0.6890448003,0.6593850569
translation_sigma0.0398,translation,0.0398,topology_pair,down8k__to__noisy,nicp_p2p,45,0.02261565857,0.001942832107,0.0859065015,0.01921639262,0.01946069369,0.02153111392,0.02241722203,0.02407615529,0.02533346088,0.02828207238,0.002545041365,0.009065679758,0.2651031426,0.2323143817,0.2991602709,0.5956573915
translation_sigma0.0398,translation,0.0398,topology_pair,down8k__to__noisy,nicp_p2tri,45,0.0203146678,0.00214780537,0.1057268271,0.01645017134,0.01668171413,0.01907235887,0.02000449498,0.02189122736,0.02334083909,0.02654893733,0.002818868487,0.01009876599,0.293072135,0.2573096448,0.3332513006,0.5315478109
translation_sigma0.0398,translation,0.0398,topology_pair,down8k__to__original,latent_distance,45,0.4421146793,0.1051340201,0.237798076,0.2431846112,0.2668738127,0.3762966394,0.4449875057,0.523578465,0.5985687852,0.6928581595,0.1472818255,0.4496735483,11.88056552,13.1554128,11.75531247,10.70891784
translation_sigma0.0398,translation,0.0398,topology_pair,down8k__to__original,raw_chamfer,45,0.04197291593,0.008849243743,0.2108322366,0.02739944214,0.02785482451,0.03632719338,0.04155298531,0.0475227239,0.05521757115,0.06565223633,0.01119553052,0.03825279419,1,1,1,1
translation_sigma0.0398,translation,0.0398,topology_pair,down8k__to__original,rigid_p2p,45,0.02755474578,0.005412941675,0.1964431724,0.01921963382,0.02023243671,0.02371259877,0.02627355702,0.02990829962,0.03725661048,0.04199171853,0.006195700844,0.02277208471,0.6116840977,0.5534084188,0.5953051325,0.6322904797
translation_sigma0.0398,translation,0.0398,topology_pair,down8k__to__original,nicp_p2p,45,0.02296017253,0.002415136216,0.1051880692,0.01862603405,0.01914771333,0.02191655228,0.02262714618,0.0242514027,0.02686902239,0.02992552295,0.002334850413,0.01129948889,0.2729200693,0.2085520118,0.2953898959,0.5445371978
translation_sigma0.0398,translation,0.0398,topology_pair,down8k__to__original,nicp_p2tri,45,0.02089698354,0.002587972864,0.1238443271,0.01608218853,0.0167073595,0.01964445142,0.02065532664,0.02220842488,0.02502840796,0.02831785974,0.002563973457,0.01223567122,0.292451303,0.2290175934,0.319863463,0.4970840598
translation_sigma0.0398,translation,0.0398,topology_pair,down8k__to__remesh,latent_distance,45,0.4270625969,0.08747859974,0.2048378865,0.2719382644,0.2883619905,0.370696038,0.4339617789,0.4971261621,0.5349024653,0.6130081415,0.126430124,0.3410698771,14.20131961,12.59802609,14.21668959,10.95244828
translation_sigma0.0398,translation,0.0398,topology_pair,down8k__to__remesh,raw_chamfer,45,0.03948763856,0.006159892331,0.1559954598,0.02891836236,0.03057389587,0.03384861323,0.03962235364,0.04388432225,0.05149986403,0.05290917084,0.01003570902,0.02399080848,1,1,1,1
translation_sigma0.0398,translation,0.0398,topology_pair,down8k__to__remesh,rigid_p2p,45,0.02896216654,0.006016844871,0.2077484384,0.02051890232,0.02234247702,0.02428362577,0.02712031113,0.03203991547,0.04079668237,0.04560404074,0.007756289702,0.02508513842,0.9767776038,0.7728691304,1.04561455,0.6844699681
translation_sigma0.0398,translation,0.0398,topology_pair,down8k__to__remesh,nicp_p2p,45,0.02316954401,0.00191211064,0.08252689991,0.01940672614,0.02012849267,0.02189033583,0.02315525565,0.02422795084,0.02620983518,0.0285139775,0.002337615009,0.009107251357,0.310412997,0.2329297317,0.3796141911,0.5843987933
translation_sigma0.0398,translation,0.0398,topology_pair,down8k__to__remesh,nicp_p2tri,45,0.02108499064,0.002067460812,0.09805367462,0.01701955512,0.0178157498,0.01980776301,0.02102607392,0.02228457379,0.02441446624,0.02674728472,0.002476810781,0.009727729599,0.3356326216,0.2467997803,0.4054773563,0.5306619114
translation_sigma0.0398,translation,0.0398,topology_pair,down8k__to__up60k,latent_distance,45,0.4195700404,0.1030342541,0.245571047,0.2389842421,0.2581188679,0.3512073755,0.4099467993,0.4827596247,0.5660547972,0.6735239029,0.1315522492,0.4345396608,15.21221939,11.90419017,14.65153515,12.05054071
translation_sigma0.0398,translation,0.0398,topology_pair,down8k__to__up60k,raw_chamfer,45,0.03478254157,0.006773124386,0.1947277019,0.02205148429,0.02530300061,0.02884008911,0.03401895475,0.03989100877,0.04546220461,0.05170978674,0.01105091966,0.02965830245,1,1,1,1
translation_sigma0.0398,translation,0.0398,topology_pair,down8k__to__up60k,rigid_p2p,45,0.02721195607,0.005318514642,0.1954477153,0.01916405457,0.01995608243,0.02354829285,0.02598645775,0.0291405583,0.0368694678,0.04006238226,0.005592265459,0.02089832769,0.7852379993,0.5060452549,0.7046366772,0.7638817223
translation_sigma0.0398,translation,0.0398,topology_pair,down8k__to__up60k,nicp_p2p,45,0.02269913129,0.00241217633,0.1062673412,0.01854081595,0.01885180897,0.02152888087,0.02241397927,0.02425895548,0.02679077211,0.03025006397,0.002730074612,0.01170924802,0.3561393815,0.2470450148,0.3948050648,0.6588673705
translation_sigma0.0398,translation,0.0398,topology_pair,down8k__to__up60k,nicp_p2tri,45,0.0205763158,0.002592416564,0.1259903177,0.01590268628,0.016389215,0.01929500043,0.02029205522,0.0221439122,0.02493470755,0.02875676545,0.002848911772,0.01285407917,0.3827504732,0.2577986139,0.433405762,0.5964926132
translation_sigma0.0398,translation,0.0398,topology_pair,noisy__to__crop,latent_distance,45,0.4731383853,0.1004078113,0.2122165828,0.2266385853,0.3371113956,0.4023520947,0.4751882851,0.5388056636,0.6371109724,0.6493458152,0.1364535689,0.4227072299,6.132374087,4.884897192,6.835507397,8.934679313
translation_sigma0.0398,translation,0.0398,topology_pair,noisy__to__crop,raw_chamfer,45,0.05646534382,0.01637339959,0.2899725474,0.02775157418,0.03479649773,0.04261510368,0.05318470518,0.07054886842,0.08031193462,0.08959149407,0.02793376474,0.06183991989,1,1,1,1
translation_sigma0.0398,translation,0.0398,topology_pair,noisy__to__crop,rigid_p2p,45,0.03525182979,0.006662536744,0.1889983239,0.02360263447,0.02716525887,0.03008428758,0.03348522042,0.03871920298,0.04734678902,0.05338229302,0.008634915398,0.02977965855,0.4069122426,0.3091210755,0.4815604322,0.629602445
translation_sigma0.0398,translation,0.0398,topology_pair,noisy__to__crop,nicp_p2p,45,0.02756337243,0.002481300883,0.09002167237,0.02178171171,0.0242461761,0.02599705548,0.02748779646,0.02919089478,0.03130351659,0.03268296673,0.003193839301,0.01090125502,0.1515446361,0.1143361567,0.1762818425,0.516836492
translation_sigma0.0398,translation,0.0398,topology_pair,noisy__to__crop,nicp_p2tri,45,0.02583897316,0.002608496223,0.1009520079,0.01972202904,0.02252629631,0.02420524072,0.02581336616,0.02753939279,0.02977754293,0.03111700929,0.003334152075,0.01139498025,0.1593130497,0.1193592094,0.1842657666,0.4853531871
translation_sigma0.0398,translation,0.0398,topology_pair,noisy__to__down8k,latent_distance,45,0.4247534404,0.09682360143,0.2279524831,0.242768839,0.2769241273,0.341444701,0.4285688996,0.4993418753,0.57870152,0.6475123763,0.1578971744,0.4047435373,13.15098497,18.5912303,12.31902978,13.47276621
translation_sigma0.0398,translation,0.0398,topology_pair,noisy__to__down8k,raw_chamfer,45,0.0333954467,0.007362460046,0.2204629904,0.02292015777,0.02485096951,0.0281188241,0.03181001533,0.0366119239,0.04961498335,0.05577530501,0.008493099802,0.03285514724,1,1,1,1
translation_sigma0.0398,translation,0.0398,topology_pair,noisy__to__down8k,rigid_p2p,45,0.02796656071,0.006088419829,0.21770356,0.02081675305,0.02184656043,0.02345644276,0.02654616145,0.03052337715,0.03963711451,0.05000370976,0.007066934389,0.02918695671,0.8269545493,0.832079518,0.8883526379,0.8345221207
translation_sigma0.0398,translation,0.0398,topology_pair,noisy__to__down8k,nicp_p2p,45,0.02219304532,0.001679190842,0.07566293035,0.01918904167,0.01971399406,0.02099403434,0.02197156064,0.02326877413,0.02545634143,0.02644977846,0.002274739791,0.007260736785,0.2280746967,0.2678338704,0.2209923679,0.690712042
translation_sigma0.0398,translation,0.0398,topology_pair,noisy__to__down8k,nicp_p2tri,45,0.02023094601,0.001771479978,0.08756288396,0.01695732372,0.01766594936,0.01900800695,0.02000150387,0.02146391233,0.02362658253,0.02490539344,0.00245590538,0.007948069726,0.2406097917,0.2891647852,0.2419124671,0.6287800765
translation_sigma0.0398,translation,0.0398,topology_pair,noisy__to__original,latent_distance,45,0.4252033485,0.1083103598,0.2547260274,0.2327522635,0.2482359946,0.3450405896,0.4325695932,0.5053737164,0.5975004554,0.6522422433,0.1603331268,0.4194899797,17.57634691,16.94736147,16.21358943,13.22297321
translation_sigma0.0398,translation,0.0398,topology_pair,noisy__to__original,raw_chamfer,45,0.03236708994,0.006162279361,0.1903871918,0.02128389942,0.02385145748,0.02693897838,0.03271348934,0.0363996326,0.04237135043,0.04715663917,0.009460654219,0.02587273975,1,1,1,1
translation_sigma0.0398,translation,0.0398,topology_pair,noisy__to__original,rigid_p2p,45,0.0273419823,0.005000222949,0.182877119,0.02113847276,0.02155654968,0.02363290346,0.02644147669,0.02876763279,0.03762750619,0.04395692819,0.005134729327,0.02281845543,0.8114242566,0.5427456926,0.8819497144,0.8082744221
translation_sigma0.0398,translation,0.0398,topology_pair,noisy__to__original,nicp_p2p,45,0.02303586535,0.00198922671,0.08635346145,0.01970623317,0.02012779189,0.02189714926,0.02292220786,0.02442536081,0.0266877834,0.02810637523,0.002528211553,0.008400142056,0.322806967,0.2672343259,0.3246715322,0.7006959
translation_sigma0.0398,translation,0.0398,topology_pair,noisy__to__original,nicp_p2tri,45,0.02106927607,0.002123577785,0.1007902587,0.017555723,0.01780808059,0.01981664155,0.02094741091,0.02262025214,0.0250562805,0.02632742207,0.002803610587,0.008771699076,0.344609139,0.2963442614,0.3390324783,0.6403294583
translation_sigma0.0398,translation,0.0398,topology_pair,noisy__to__remesh,latent_distance,45,0.4403366778,0.08916674808,0.2024967544,0.2665757835,0.3129166067,0.357132405,0.4414462149,0.5075531006,0.5612814069,0.6693540215,0.1504206955,0.4027782381,13.90297236,18.24374684,15.64666592,13.25001209
translation_sigma0.0398,translation,0.0398,topology_pair,noisy__to__remesh,raw_chamfer,45,0.03478583019,0.006413502506,0.184371121,0.02728487768,0.02799747206,0.02978621302,0.03331666508,0.03803126799,0.04735591594,0.05302699042,0.008245054967,0.02574211274,1,1,1,1
translation_sigma0.0398,translation,0.0398,topology_pair,noisy__to__remesh,rigid_p2p,45,0.02808001552,0.005576911239,0.1986078403,0.0205124638,0.0213399005,0.02428781417,0.02669926721,0.03025871686,0.03923243513,0.0453843747,0.005970902684,0.02487191091,0.869557817,0.7241798517,0.9661953998,0.8013787439
translation_sigma0.0398,translation,0.0398,topology_pair,noisy__to__remesh,nicp_p2p,45,0.02303421179,0.001671550299,0.07256815704,0.01988350713,0.02018275996,0.02220875318,0.02302071913,0.02405056273,0.02556010197,0.02736034917,0.001841809551,0.007476842049,0.260629866,0.2233835381,0.2904517638,0.6909670905
translation_sigma0.0398,translation,0.0398,topology_pair,noisy__to__remesh,nicp_p2tri,45,0.02111345875,0.001775559152,0.08409608168,0.017873579,0.01804129494,0.02027710138,0.02125128646,0.02217835567,0.0237780388,0.02561907205,0.001901254285,0.007745493047,0.2768470349,0.230593282,0.3008880089,0.637857553
translation_sigma0.0398,translation,0.0398,topology_pair,noisy__to__up60k,latent_distance,45,0.4357622431,0.09932608697,0.227936423,0.2534042299,0.2865875959,0.3566120565,0.4374375343,0.5200304389,0.5830056071,0.6697046757,0.1634183824,0.4163004458,15.56752812,26.36368404,16.20834465,13.96036376
translation_sigma0.0398,translation,0.0398,topology_pair,noisy__to__up60k,raw_chamfer,45,0.03235063247,0.006380337726,0.1972245127,0.02268327106,0.0236352535,0.02849431518,0.03133425045,0.03469293227,0.04545469609,0.0483675994,0.006198617088,0.02568432834,1,1,1,1
translation_sigma0.0398,translation,0.0398,topology_pair,noisy__to__up60k,rigid_p2p,45,0.02752660633,0.004999366518,0.1816194288,0.02088065073,0.02198366809,0.02395768411,0.02663777101,0.02916051563,0.0375269242,0.0444945151,0.005202831519,0.02361386436,0.7835582899,0.8393535922,0.9193880427,0.8501167456
translation_sigma0.0398,translation,0.0398,topology_pair,noisy__to__up60k,nicp_p2p,45,0.02320728623,0.001979803457,0.08530956344,0.01969250356,0.02028622494,0.02216215243,0.02294813366,0.02450072077,0.02695198471,0.02801577592,0.002338568336,0.008323272364,0.3102975958,0.3772725921,0.3240603473,0.7323658085
translation_sigma0.0398,translation,0.0398,topology_pair,noisy__to__up60k,nicp_p2tri,45,0.02129172769,0.002055552478,0.09654230542,0.01754685563,0.01827108647,0.0201846643,0.0212539121,0.02252762634,0.02531641563,0.02631989952,0.002342962043,0.008773043889,0.3221698546,0.3779814126,0.3415718633,0.6782964901
translation_sigma0.0398,translation,0.0398,topology_pair,original__to__crop,latent_distance,45,0.4694747196,0.09939373459,0.2117126449,0.2210835814,0.3426822603,0.3955788612,0.4665875137,0.5558882952,0.6332968712,0.6439687014,0.1603094339,0.4228851199,6.187726436,6.034762098,7.137016039,8.75400588
translation_sigma0.0398,translation,0.0398,topology_pair,original__to__crop,raw_chamfer,45,0.0556410202,0.01606304603,0.2886907173,0.02894213771,0.03360478239,0.04222404795,0.0532998858,0.06878838161,0.07939105264,0.0881945084,0.02656433366,0.05925237069,1,1,1,1
translation_sigma0.0398,translation,0.0398,topology_pair,original__to__crop,rigid_p2p,45,0.03479096332,0.007031720616,0.202113421,0.02275370065,0.0262162093,0.02928327111,0.03399425835,0.0388490802,0.04741954486,0.0536787774,0.009565809084,0.03092507676,0.4377576085,0.3600997189,0.5219213409,0.63779233
translation_sigma0.0398,translation,0.0398,topology_pair,original__to__crop,nicp_p2p,45,0.02682284053,0.002588511984,0.09650402171,0.02105618173,0.0233244514,0.02452138042,0.02701175433,0.02867854152,0.03068658959,0.03244843607,0.004157161094,0.01139225434,0.161147019,0.1564940851,0.1922666419,0.5067882215
translation_sigma0.0398,translation,0.0398,topology_pair,original__to__crop,nicp_p2tri,45,0.02504987736,0.002729721387,0.1089714472,0.01895591609,0.02136446733,0.02272799209,0.02540003699,0.02713940918,0.02924445746,0.0308193091,0.00441141709,0.01186339301,0.169937967,0.1660654149,0.2002180313,0.4765495574
translation_sigma0.0398,translation,0.0398,topology_pair,original__to__down8k,latent_distance,45,0.4267917239,0.09576435318,0.2243819358,0.2462759167,0.3100816309,0.3470242918,0.4170409143,0.5066138506,0.5907112956,0.6466867328,0.1595895588,0.4004108161,10.74519515,14.6595425,10.09489292,12.45210466
translation_sigma0.0398,translation,0.0398,topology_pair,original__to__down8k,raw_chamfer,45,0.03550527108,0.008912295389,0.2510133036,0.0226413873,0.02515278877,0.02903703409,0.03349160048,0.03992342832,0.05401443328,0.06230607905,0.01088639423,0.03966469175,1,1,1,1
translation_sigma0.0398,translation,0.0398,topology_pair,original__to__down8k,rigid_p2p,45,0.0272906339,0.006466192397,0.2369381533,0.01982093369,0.02043244776,0.02311188123,0.02544165352,0.02986999813,0.04035924311,0.05181797396,0.0067581169,0.03199704027,0.7255361402,0.6207856118,0.8066882375,0.7596428104
translation_sigma0.0398,translation,0.0398,topology_pair,original__to__down8k,nicp_p2p,45,0.02096197476,0.001693621273,0.08079492953,0.01765530333,0.01896372367,0.01965182499,0.02092709716,0.02183105633,0.02474876787,0.02556979506,0.002179231343,0.00791449173,0.190031995,0.2001793521,0.199534936,0.6248461363
translation_sigma0.0398,translation,0.0398,topology_pair,original__to__down8k,nicp_p2tri,45,0.01887797559,0.001823565641,0.09659752087,0.01530472574,0.01672350931,0.01741373702,0.01886118123,0.01966800807,0.02297170648,0.02372881512,0.002254271052,0.008424089384,0.204612343,0.2070723332,0.2123825754,0.5631615377
translation_sigma0.0398,translation,0.0398,topology_pair,original__to__noisy,latent_distance,45,0.4250933372,0.107981343,0.2540179615,0.2243132889,0.2532303214,0.3372581899,0.4209133685,0.5032175183,0.6007954359,0.6557721496,0.1659593284,0.4314588606,18.68637693,23.22255025,16.9104227,14.16333562
translation_sigma0.0398,translation,0.0398,topology_pair,original__to__noisy,raw_chamfer,45,0.0308416393,0.005778613123,0.187364007,0.02239689164,0.02408960248,0.0262094594,0.02971851968,0.0333559324,0.04183196942,0.04791126631,0.007146473004,0.02551437468,1,1,1,1
translation_sigma0.0398,translation,0.0398,topology_pair,original__to__noisy,rigid_p2p,45,0.0257025175,0.004775910951,0.1858149091,0.01951761704,0.0206175627,0.02211809808,0.02477956039,0.02722786667,0.03502952368,0.04120808761,0.005109768592,0.02169047057,0.8264804806,0.7150056524,0.8501274614,0.8338087043
translation_sigma0.0398,translation,0.0398,topology_pair,original__to__noisy,nicp_p2p,45,0.02171207294,0.0015975432,0.07357856638,0.01875068841,0.01930099957,0.02047903134,0.021531238,0.02267120823,0.02429082966,0.02566361585,0.002192176896,0.006912927441,0.2764578916,0.3067494825,0.27094246,0.7245057371
translation_sigma0.0398,translation,0.0398,topology_pair,original__to__noisy,nicp_p2tri,45,0.01937113565,0.001769845422,0.09136508329,0.01612755157,0.01651059403,0.01795248234,0.01913346407,0.02061218552,0.02241673529,0.02364518411,0.002659703183,0.007517632543,0.3062751191,0.3721700455,0.2946430253,0.6438229184
translation_sigma0.0398,translation,0.0398,topology_pair,original__to__remesh,latent_distance,45,0.4463053544,0.08939668941,0.2003038694,0.2743117511,0.3196234405,0.36678496,0.4398191273,0.5176048875,0.572929275,0.674215436,0.1508199275,0.3999036849,12.25540602,16.9189192,12.85858946,12.86009809
translation_sigma0.0398,translation,0.0398,topology_pair,original__to__remesh,raw_chamfer,45,0.0360314269,0.007294469823,0.2024474313,0.02636680849,0.02877659356,0.03071261286,0.03420029337,0.03962688957,0.05212014441,0.05746692925,0.008914276714,0.03110012076,1,1,1,1
translation_sigma0.0398,translation,0.0398,topology_pair,original__to__remesh,rigid_p2p,45,0.02766004042,0.00604148812,0.2184193526,0.01925045673,0.02009140199,0.02348401129,0.0258776588,0.02878817144,0.03952277233,0.04628544817,0.005304160152,0.02703499144,0.8282285439,0.5950185666,0.8692889538,0.7566501994
translation_sigma0.0398,translation,0.0398,topology_pair,original__to__remesh,nicp_p2p,45,0.02199132749,0.001848115989,0.0840384006,0.01848444483,0.0187161089,0.02112509727,0.02195320255,0.02310182343,0.02508328712,0.02686481902,0.001976726161,0.008380374183,0.2533585078,0.221748351,0.2694643615,0.6419010009
translation_sigma0.0398,translation,0.0398,topology_pair,original__to__remesh,nicp_p2tri,45,0.01997352382,0.0019883537,0.09954946949,0.0162131866,0.01639469781,0.01901884099,0.01995825537,0.02130020374,0.02326520968,0.02504904089,0.002281362748,0.008835854286,0.2725837173,0.2559223616,0.2841099671,0.5835697125
translation_sigma0.0398,translation,0.0398,topology_pair,original__to__up60k,latent_distance,45,0.4389238311,0.09724253468,0.2215476303,0.2606596947,0.3015341222,0.3500353098,0.4277917743,0.5109988451,0.5962661386,0.6680711508,0.1609635353,0.4074114561,12.64181634,17.43446403,12.92479621,13.21689828
translation_sigma0.0398,translation,0.0398,topology_pair,original__to__up60k,raw_chamfer,45,0.03372818787,0.007692133162,0.2280624501,0.02247659416,0.02344164788,0.02872415752,0.03236703236,0.03795664869,0.05011611826,0.05399828701,0.009232491173,0.03152169284,1,1,1,1
translation_sigma0.0398,translation,0.0398,topology_pair,original__to__up60k,rigid_p2p,45,0.02721075601,0.0052232589,0.1919556699,0.02090533355,0.02148480805,0.02319871083,0.02616590417,0.02942641838,0.03829686578,0.04396122615,0.006227707545,0.0230558926,0.6790390637,0.6745424857,0.731429391,0.8084122103
translation_sigma0.0398,translation,0.0398,topology_pair,original__to__up60k,nicp_p2p,45,0.02200957112,0.002035961906,0.09250347927,0.01840959689,0.01886150794,0.02059814417,0.02159067634,0.02339398776,0.02583531038,0.02745150122,0.002795843583,0.009041904326,0.2646810531,0.3028265645,0.2868470412,0.6670576438
translation_sigma0.0398,translation,0.0398,topology_pair,original__to__up60k,nicp_p2tri,45,0.01999653004,0.002143736476,0.1072054237,0.01614170678,0.01666580121,0.01859261434,0.01974280235,0.02138973005,0.02412767655,0.0257679425,0.002797115719,0.009626235728,0.2786920651,0.3029643534,0.3053844784,0.6099664044
translation_sigma0.0398,translation,0.0398,topology_pair,remesh__to__crop,latent_distance,45,0.4937505994,0.1061387824,0.2149643617,0.2071661055,0.3370583892,0.413386941,0.4930673242,0.5839320421,0.6774201989,0.6969784498,0.1705451012,0.4898123443,6.006401518,6.624859926,6.853166125,8.362552412
translation_sigma0.0398,translation,0.0398,topology_pair,remesh__to__crop,raw_chamfer,45,0.06068145178,0.0176709436,0.2912083195,0.02791066688,0.03710851767,0.04536792631,0.05896134337,0.07111112739,0.08913409439,0.09938308347,0.02574320108,0.0714724166,1,1,1,1
translation_sigma0.0398,translation,0.0398,topology_pair,remesh__to__crop,rigid_p2p,45,0.03509304792,0.007151069358,0.2037745304,0.02608778602,0.02629224538,0.02946569445,0.03382276631,0.03754989865,0.04925683885,0.05465049135,0.008084204204,0.02856270534,0.4046795418,0.3140325937,0.3996325673,0.5736430748
translation_sigma0.0398,translation,0.0398,topology_pair,remesh__to__crop,nicp_p2p,45,0.02804978495,0.002909254057,0.1037175173,0.02158740464,0.0240419315,0.02658703987,0.0277336646,0.02937065025,0.03307250438,0.03627376854,0.002783610379,0.0146863639,0.1646349014,0.1081299241,0.2054829625,0.4703702971
translation_sigma0.0398,translation,0.0398,topology_pair,remesh__to__crop,nicp_p2tri,45,0.02621087288,0.003037393826,0.1158829712,0.01936056997,0.02193612679,0.02462241644,0.0257871945,0.02742092146,0.03140625724,0.03463605179,0.002798505015,0.01527548183,0.1718863404,0.1087085094,0.2137255539,0.4373576486
translation_sigma0.0398,translation,0.0398,topology_pair,remesh__to__down8k,latent_distance,45,0.4158439742,0.103841571,0.2497128189,0.2038916796,0.2716432095,0.3449480534,0.4164682925,0.48785761,0.5817949891,0.6273357868,0.1429095566,0.4234441072,15.7205736,16.94224156,13.97324893,11.10549387
translation_sigma0.0398,translation,0.0398,topology_pair,remesh__to__down8k,raw_chamfer,45,0.03824053395,0.00660545688,0.1727344312,0.02898249294,0.0305527861,0.03257074911,0.03750110508,0.04100585234,0.05052971614,0.05928640502,0.008435103235,0.03030391209,1,1,1,1
translation_sigma0.0398,translation,0.0398,topology_pair,remesh__to__down8k,rigid_p2p,45,0.03119106249,0.006876217413,0.2204547349,0.02243137959,0.02333467626,0.02674436186,0.02891579916,0.0354185452,0.04537678746,0.05431418281,0.00867418334,0.03188280322,1.040990432,1.028343471,1.052101891,0.7710652552
translation_sigma0.0398,translation,0.0398,topology_pair,remesh__to__down8k,nicp_p2p,45,0.02244022907,0.001896007736,0.08449146084,0.01920384764,0.01969807145,0.02089627244,0.02224682679,0.02368778684,0.02557215774,0.02738938467,0.002791514402,0.008185537036,0.2870365776,0.3309401585,0.2701148621,0.5932312328
translation_sigma0.0398,translation,0.0398,topology_pair,remesh__to__down8k,nicp_p2tri,45,0.02033457248,0.002035968792,0.100123511,0.01700031272,0.01753662674,0.01865675547,0.02016606951,0.02173373982,0.02367787276,0.02586660967,0.003076984353,0.008866296948,0.3082252793,0.3647832477,0.2925792856,0.5377460068
translation_sigma0.0398,translation,0.0398,topology_pair,remesh__to__noisy,latent_distance,45,0.4391025119,0.1136151851,0.2587441018,0.1829944998,0.260845834,0.3656075597,0.4481731653,0.5140941143,0.6257707596,0.6752015948,0.1484865546,0.492207095,18.10125551,14.97838797,18.31726671,13.0126265
translation_sigma0.0398,translation,0.0398,topology_pair,remesh__to__noisy,raw_chamfer,45,0.03609067896,0.006276646667,0.1739132332,0.02686255718,0.02812221052,0.03117775648,0.03444140699,0.04109114334,0.04638064551,0.0537337658,0.009913386869,0.02687120862,1,1,1,1
translation_sigma0.0398,translation,0.0398,topology_pair,remesh__to__noisy,rigid_p2p,45,0.02777591626,0.005472802675,0.1970341005,0.02174844867,0.02225169676,0.02437037512,0.02661355339,0.02872611273,0.03891459775,0.04864956775,0.004355737612,0.02690111908,0.8719309793,0.4393793635,1.001113105,0.7727196917
translation_sigma0.0398,translation,0.0398,topology_pair,remesh__to__noisy,nicp_p2p,45,0.0230806932,0.001661636217,0.0719924745,0.01999152734,0.02063813103,0.02209671513,0.02318890339,0.02392640478,0.02596701674,0.02787731108,0.001829689645,0.007885783741,0.2647331139,0.1845675619,0.2934659119,0.6732856005
translation_sigma0.0398,translation,0.0398,topology_pair,remesh__to__noisy,nicp_p2tri,45,0.02079070738,0.001805436536,0.08683862953,0.01729431725,0.01818421224,0.01957396778,0.02082796156,0.02170605061,0.02417312587,0.02583347432,0.002132082837,0.008539157072,0.2876434873,0.2150710817,0.317780908,0.6047360831
translation_sigma0.0398,translation,0.0398,topology_pair,remesh__to__original,latent_distance,45,0.4470166475,0.1131247934,0.2530661755,0.1863126159,0.2576305985,0.3769091368,0.4599632323,0.5149315596,0.6310992479,0.6830374002,0.1380224228,0.4967247844,15.12725358,11.67662504,16.6928239,12.26059537
translation_sigma0.0398,translation,0.0398,topology_pair,remesh__to__original,raw_chamfer,45,0.03869573651,0.007478210952,0.1932567158,0.02655918548,0.02940257544,0.03295190306,0.03751557067,0.04477230684,0.05321435676,0.05631597123,0.01182040378,0.02975678575,1,1,1,1
translation_sigma0.0398,translation,0.0398,topology_pair,remesh__to__original,rigid_p2p,45,0.02908044402,0.006055450251,0.2082310107,0.02209130901,0.02333934192,0.02509309713,0.02796200234,0.03067192771,0.04180806894,0.05183244679,0.005578830582,0.02974113778,0.8097458456,0.47196616,0.9994741378,0.7453439156
translation_sigma0.0398,translation,0.0398,topology_pair,remesh__to__original,nicp_p2p,45,0.02312673977,0.001955094589,0.08453827079,0.01944247388,0.01994727073,0.02193986647,0.02300935886,0.02403456967,0.02684824601,0.02898804464,0.002094703199,0.009545570755,0.2614388122,0.177210799,0.3207863522,0.6133282379
translation_sigma0.0398,translation,0.0398,topology_pair,remesh__to__original,nicp_p2tri,45,0.02107824903,0.002064968378,0.09796678915,0.01718942421,0.01768644,0.01994745217,0.02098924904,0.02207124844,0.02519753543,0.02710610894,0.002123796263,0.009916684724,0.2761313356,0.179672057,0.3332579267,0.559481001
translation_sigma0.0398,translation,0.0398,topology_pair,remesh__to__up60k,latent_distance,45,0.4186628014,0.1081748143,0.2583817189,0.1968586594,0.2593044579,0.341876626,0.4246061742,0.4799631238,0.6035254121,0.6548355818,0.1380864978,0.4579769224,17.22449962,14.44102197,16.66615419,12.60313675
translation_sigma0.0398,translation,0.0398,topology_pair,remesh__to__up60k,raw_chamfer,45,0.03496275336,0.006280287766,0.1796279515,0.02612025176,0.02727750728,0.03037492934,0.0336905155,0.03993702946,0.04536966353,0.05359971206,0.009562100114,0.0274794603,1,1,1,1
translation_sigma0.0398,translation,0.0398,topology_pair,remesh__to__up60k,rigid_p2p,45,0.0290303171,0.0056821342,0.1957310415,0.02169293816,0.02318460169,0.02550841142,0.02738617818,0.0309358642,0.04142680407,0.05003686081,0.005427452773,0.02834392265,0.9047569811,0.5676004966,1.031458491,0.8128750115
translation_sigma0.0398,translation,0.0398,topology_pair,remesh__to__up60k,nicp_p2p,45,0.02306555814,0.001854246892,0.08039028931,0.01945760885,0.02041709775,0.02155936702,0.02311952808,0.02408693163,0.02668189322,0.0276276056,0.002527564606,0.008169996752,0.2952487149,0.2643315356,0.2973128534,0.6862325415
translation_sigma0.0398,translation,0.0398,topology_pair,remesh__to__up60k,nicp_p2tri,45,0.0209979433,0.001963402786,0.09350452844,0.01718446452,0.01815488441,0.01957042107,0.02101678683,0.02195359818,0.02477810638,0.02603780123,0.002383177102,0.00885333671,0.3126294302,0.2492315573,0.3221801525,0.6238190933
translation_sigma0.0398,translation,0.0398,topology_pair,up60k__to__crop,latent_distance,45,0.4804154555,0.1023514785,0.2130478472,0.2047252953,0.3245570064,0.412648946,0.4804893434,0.5500485897,0.6451500893,0.6629334092,0.1373996437,0.4582081139,5.667465551,4.648210529,6.274246135,7.183582415
translation_sigma0.0398,translation,0.0398,topology_pair,up60k__to__crop,raw_chamfer,45,0.06667940178,0.01805947961,0.2708404564,0.03059464693,0.04433186873,0.05017091792,0.06688714846,0.07973060392,0.09359533982,0.103624634,0.02955968599,0.07302998704,1,1,1,1
translation_sigma0.0398,translation,0.0398,topology_pair,up60k__to__crop,rigid_p2p,45,0.03558523284,0.007000582422,0.1967271776,0.02457469894,0.02697640878,0.03013601851,0.03460360611,0.03891064991,0.04846400859,0.0541325837,0.008774631405,0.02955788476,0.3876403182,0.2968445405,0.4047362728,0.5173431206
translation_sigma0.0398,translation,0.0398,topology_pair,up60k__to__crop,nicp_p2p,45,0.0279109672,0.002872774004,0.1029263509,0.02178886081,0.02385777631,0.02575104527,0.02763391662,0.02994299311,0.03295802421,0.0339638731,0.004191947845,0.01217501228,0.1590729116,0.1418130032,0.1667125078,0.4131423936
translation_sigma0.0398,translation,0.0398,topology_pair,up60k__to__crop,nicp_p2tri,45,0.02620299683,0.003022072498,0.1153330864,0.01975234799,0.02184903051,0.02379649308,0.02602910303,0.02826879635,0.03158291984,0.03251045802,0.004472303271,0.01275811003,0.1673399546,0.1512973877,0.1746968683,0.3891495396
translation_sigma0.0398,translation,0.0398,topology_pair,up60k__to__down8k,latent_distance,45,0.4019491126,0.09851920063,0.245103665,0.2197264284,0.2542088568,0.3245583475,0.4021732509,0.4797848165,0.5311673641,0.6029548645,0.155226469,0.3832284361,16.44818855,22.87211254,13.26957245,12.81714181
translation_sigma0.0398,translation,0.0398,topology_pair,up60k__to__down8k,raw_chamfer,45,0.03251468403,0.00598966873,0.1842142684,0.02297942408,0.02461198052,0.02770646156,0.031377764,0.0344931748,0.04270589788,0.05185966401,0.006786713241,0.02888023993,1,1,1,1
translation_sigma0.0398,translation,0.0398,topology_pair,up60k__to__down8k,rigid_p2p,45,0.0281558374,0.006307914016,0.2240357453,0.02063140907,0.02129742644,0.02431137031,0.02634080859,0.03040594202,0.03972014538,0.0510832723,0.006094571706,0.03045186323,1.053132368,0.8980152086,1.054418637,0.8394737301
translation_sigma0.0398,translation,0.0398,topology_pair,up60k__to__down8k,nicp_p2p,45,0.02176314979,0.001812329823,0.08327516196,0.01915619068,0.01950762204,0.0203563822,0.02148496193,0.02231872273,0.02552440225,0.02724577995,0.001962340535,0.008089589271,0.3025759695,0.28914446,0.2801081048,0.6847193424
translation_sigma0.0398,translation,0.0398,topology_pair,up60k__to__down8k,nicp_p2tri,45,0.01969064206,0.00195175871,0.09912113092,0.01701161007,0.01728473791,0.01803990522,0.01944829314,0.02021689991,0.02370974237,0.02581531367,0.002176994694,0.008803703592,0.3258541995,0.3207730483,0.3048348495,0.6198113142
translation_sigma0.0398,translation,0.0398,topology_pair,up60k__to__noisy,latent_distance,45,0.4304208587,0.1071458842,0.2489328341,0.21795322,0.2491346657,0.3488644958,0.4402207434,0.5070524812,0.5988816857,0.6574679613,0.1581879854,0.4395147413,16.17608549,14.2399725,17.06731383,12.4387521
translation_sigma0.0398,translation,0.0398,topology_pair,up60k__to__noisy,raw_chamfer,45,0.03497491056,0.006623721434,0.1893849428,0.02281460088,0.02567023697,0.02927078419,0.03539106976,0.04037951249,0.04748841618,0.04856644125,0.01110872829,0.02575184037,1,1,1,1
translation_sigma0.0398,translation,0.0398,topology_pair,up60k__to__noisy,rigid_p2p,45,0.02648234524,0.004855278106,0.1833401861,0.02035992022,0.02116797084,0.02324375481,0.02499847139,0.02816315617,0.03640113219,0.04256748607,0.004919401362,0.02220756585,0.733013632,0.4428410914,0.8623681075,0.7063496967
translation_sigma0.0398,translation,0.0398,topology_pair,up60k__to__noisy,nicp_p2p,45,0.02275277689,0.001669095899,0.07335789856,0.01983745885,0.02024128472,0.02177623044,0.02267484177,0.02358671765,0.02584619755,0.02705508089,0.001810487207,0.007217622039,0.251987635,0.1629788,0.28027597,0.6406938791
translation_sigma0.0398,translation,0.0398,topology_pair,up60k__to__noisy,nicp_p2tri,45,0.0205352038,0.001829453031,0.08908862308,0.01721808694,0.01784564883,0.01934347275,0.02052006513,0.02131907146,0.02416056651,0.02523142922,0.001975598711,0.008013342282,0.2761971573,0.1778420229,0.3111755186,0.5798091232
translation_sigma0.0398,translation,0.0398,topology_pair,up60k__to__original,latent_distance,45,0.4370454967,0.1059380779,0.2423959948,0.2186677605,0.2573631108,0.3637935817,0.4423461854,0.5260903835,0.5815156221,0.6590189934,0.1622968018,0.4403512329,13.00975646,12.55440508,12.78811369,10.98594258
translation_sigma0.0398,translation,0.0398,topology_pair,up60k__to__original,raw_chamfer,45,0.03883044528,0.008142971642,0.2097058528,0.02387333019,0.02667995711,0.03149221827,0.04026474581,0.04441969677,0.04921557285,0.05830774669,0.01292747851,0.0344344165,1,1,1,1
translation_sigma0.0398,translation,0.0398,topology_pair,up60k__to__original,rigid_p2p,45,0.02778936903,0.005544515224,0.1995192916,0.02089034883,0.02137142559,0.0237959308,0.02663802455,0.03004836319,0.03871399396,0.04608379756,0.006252432381,0.02519344873,0.6808958041,0.4836544403,0.731635709,0.661571904
translation_sigma0.0398,translation,0.0398,topology_pair,up60k__to__original,nicp_p2p,45,0.02298746614,0.002201295165,0.09576067024,0.01922380952,0.01989187483,0.02141988967,0.0228490149,0.02407647613,0.02712878203,0.02873314778,0.002656586465,0.009509338258,0.2703306927,0.205499198,0.2761579613,0.5674694931
translation_sigma0.0398,translation,0.0398,topology_pair,up60k__to__original,nicp_p2tri,45,0.02099479095,0.002354587295,0.1121510236,0.01700448171,0.01760682199,0.01934291898,0.0207443231,0.0221936825,0.02559551916,0.02706278771,0.002850763517,0.010058306,0.2891557773,0.2205196872,0.2921003759,0.5151981635
translation_sigma0.0398,translation,0.0398,topology_pair,up60k__to__remesh,latent_distance,45,0.4118672861,0.08943147224,0.2171366245,0.2589578032,0.270027715,0.3496311903,0.4335289598,0.4880581498,0.5305641532,0.6003203988,0.1384269595,0.3413625956,13.93155025,13.72064489,11.97208275,12.58254586
translation_sigma0.0398,translation,0.0398,topology_pair,up60k__to__remesh,raw_chamfer,45,0.03534868356,0.006419348214,0.1816007717,0.02385387495,0.02717132083,0.03035859709,0.03445478877,0.04044755141,0.04479824263,0.05236709213,0.01008895432,0.02851321718,1,1,1,1
translation_sigma0.0398,translation,0.0398,topology_pair,up60k__to__remesh,rigid_p2p,45,0.02831671825,0.006174613141,0.2180553935,0.01980421232,0.02098517207,0.02394350591,0.02682565013,0.03086990088,0.04072776803,0.04835071696,0.006926394976,0.02854650464,0.9618754016,0.6865324947,1.00116744,0.7785753763
translation_sigma0.0398,translation,0.0398,topology_pair,up60k__to__remesh,nicp_p2p,45,0.02269941151,0.001861455502,0.08200457097,0.01916855385,0.01944520599,0.02154817568,0.02295081821,0.02356703718,0.02554087014,0.02736430657,0.002018861496,0.00819575272,0.2899757795,0.2001061193,0.2874369689,0.6661140302
translation_sigma0.0398,translation,0.0398,topology_pair,up60k__to__remesh,nicp_p2tri,45,0.02069972926,0.00202628735,0.0978895581,0.01681009665,0.01705044448,0.01949666071,0.02099793845,0.02172242465,0.02370952351,0.02570348896,0.002225763947,0.008893392311,0.315653129,0.2206139386,0.3119042041,0.6094345429
translation_sigma0.1000,translation,0.1000,overall,all,latent_distance,1350,0.446078361,0.101956932,0.2285628287,0.1795754433,0.2772827372,0.3761724979,0.4463042468,0.5163300782,0.6194708169,0.7112531662,0.1401575804,0.5316777229,6.135890681,7.409411092,5.805152558,11.46833224
translation_sigma0.1000,translation,0.1000,overall,all,raw_chamfer,1350,0.04374833257,0.01661648444,0.3798198345,0.02061563388,0.02637523588,0.03159001713,0.03891622926,0.0505061737,0.08029164109,0.1122028433,0.01891615658,0.0915872094,1,1,1,1
translation_sigma0.1000,translation,0.1000,overall,all,rigid_p2p,1350,0.03124046301,0.009027868427,0.2889799817,0.01909736063,0.02165540022,0.0246625586,0.02858593103,0.03581247586,0.04946753468,0.08414500386,0.01114991726,0.06504764323,0.54330797,0.5894388332,0.7102262822,0.734550381
translation_sigma0.1000,translation,0.1000,overall,all,nicp_p2p,1350,0.0237268229,0.00289544363,0.1220325049,0.01841364029,0.01954569091,0.02178890305,0.0231652484,0.02525896445,0.02928239726,0.03575194661,0.003470061401,0.01733830631,0.1742512769,0.1834443158,0.1893092543,0.5952593261
translation_sigma0.1000,translation,0.1000,overall,all,nicp_p2tri,1350,0.02174128752,0.003074754131,0.1414246571,0.01605296787,0.01736433475,0.01972325471,0.0211454104,0.02338151563,0.02754423645,0.03429316044,0.003658260915,0.01824019257,0.1850423983,0.193393457,0.1991565492,0.543357124
translation_sigma0.1000,translation,0.1000,topology_pair,crop__to__down8k,latent_distance,45,0.4621695081,0.08348943624,0.180646786,0.2774091959,0.3567031801,0.3968402743,0.444057256,0.5426396728,0.5821762919,0.6657485366,0.1457993984,0.3883393407,5.305787708,5.458939009,6.583369188,6.638192941
translation_sigma0.1000,translation,0.1000,topology_pair,crop__to__down8k,raw_chamfer,45,0.06511668888,0.01573554029,0.2416514193,0.03507283603,0.04039166438,0.05183769031,0.06689429788,0.07854606682,0.08666318474,0.09406076904,0.02670837651,0.05898793301,1,1,1,1
translation_sigma0.1000,translation,0.1000,topology_pair,crop__to__down8k,rigid_p2p,45,0.04660061434,0.01252244631,0.2687184812,0.02647544266,0.02794831967,0.03925995583,0.04463434271,0.05409074176,0.06571007256,0.08414500386,0.01483078593,0.05766956119,0.7958065676,0.5552859391,0.9776501438,0.6672368815
translation_sigma0.1000,translation,0.1000,topology_pair,crop__to__down8k,nicp_p2p,45,0.02493827985,0.002412864466,0.09675344409,0.019468164,0.02167169072,0.02360476024,0.0247518235,0.02646302614,0.02881217943,0.03112859638,0.002858265904,0.01166043238,0.1533385204,0.1070175831,0.1976748767,0.3700139516
translation_sigma0.1000,translation,0.1000,topology_pair,crop__to__down8k,nicp_p2tri,45,0.02311467134,0.002506826541,0.1084517493,0.01758737184,0.01967541835,0.02149106399,0.02295784416,0.02454521787,0.02731846345,0.0294174892,0.003054153883,0.01183011736,0.1593098486,0.1143519106,0.2005514816,0.3431958311
translation_sigma0.1000,translation,0.1000,topology_pair,crop__to__noisy,latent_distance,45,0.4621280173,0.08834645704,0.1911731246,0.2837577462,0.3358075619,0.3973415196,0.4591494799,0.5147557855,0.6262452841,0.6709270477,0.1174142659,0.3871693015,6.917613392,5.84374726,7.813027425,8.477783833
translation_sigma0.1000,translation,0.1000,topology_pair,crop__to__noisy,raw_chamfer,45,0.05339743944,0.01277123367,0.2391731476,0.03050663205,0.03181228825,0.0432091052,0.05415913981,0.06330139541,0.07094422859,0.08006095721,0.02009229021,0.04955432516,1,1,1,1
translation_sigma0.1000,translation,0.1000,topology_pair,crop__to__noisy,rigid_p2p,45,0.03884580227,0.01012659757,0.2606870492,0.02450845912,0.02578928524,0.03156061904,0.03733349525,0.04560847478,0.05698463254,0.06955027715,0.01404785574,0.04504181804,0.7929224249,0.6991664759,0.9089381782,0.689329546
translation_sigma0.1000,translation,0.1000,topology_pair,crop__to__noisy,nicp_p2p,45,0.0243448603,0.001928090772,0.07919908959,0.01927528097,0.02139501157,0.02312924489,0.02404957144,0.0253818196,0.02720300908,0.02942132029,0.002252574709,0.01014603933,0.1509713801,0.1121113962,0.2047457874,0.4440537928
translation_sigma0.1000,translation,0.1000,topology_pair,crop__to__noisy,nicp_p2tri,45,0.02222118553,0.002003083289,0.09014295329,0.0171891199,0.01904083169,0.02095818348,0.02191821723,0.02338349353,0.02519872957,0.02735004461,0.002425310047,0.01016092472,0.156843367,0.1207084917,0.2050461727,0.4047002464
translation_sigma0.1000,translation,0.1000,topology_pair,crop__to__original,latent_distance,45,0.4645688706,0.09319222968,0.2005993849,0.2825427949,0.3269584358,0.397056967,0.4574512243,0.5257347226,0.6374583364,0.6590645313,0.1286777556,0.3765217364,7.881773072,6.643303925,8.193739998,8.93993053
translation_sigma0.1000,translation,0.1000,topology_pair,crop__to__original,raw_chamfer,45,0.05115933378,0.01182376463,0.23111647,0.03106279389,0.03269985736,0.04093504091,0.05116943837,0.06030458309,0.06999496108,0.07701515954,0.01936954218,0.04595236565,1,1,1,1
translation_sigma0.1000,translation,0.1000,topology_pair,crop__to__original,rigid_p2p,45,0.04024723717,0.01084943606,0.2695697102,0.02518740448,0.02565366524,0.03146457876,0.03872041887,0.04448107767,0.05962761177,0.07372354135,0.01301649891,0.04853613686,0.9175957405,0.6720085992,1.056227164,0.7567098664
translation_sigma0.1000,translation,0.1000,topology_pair,crop__to__original,nicp_p2p,45,0.02438621435,0.002164904648,0.08877575734,0.0197459546,0.02149372169,0.02283224929,0.0239620075,0.02648723057,0.02750886677,0.0298315262,0.003654981281,0.0100855716,0.1830977456,0.18869735,0.2194788333,0.4682874828
translation_sigma0.1000,translation,0.1000,topology_pair,crop__to__original,nicp_p2tri,45,0.02247557815,0.002261975638,0.1006414884,0.01785633664,0.01931565079,0.02069783073,0.02215221993,0.02466638926,0.02591117711,0.02796828062,0.003968558528,0.01011194398,0.1913075664,0.2048865426,0.2200527402,0.4329189578
translation_sigma0.1000,translation,0.1000,topology_pair,crop__to__remesh,latent_distance,45,0.4878435844,0.0826370676,0.1693925476,0.3108622134,0.3783346951,0.4328058958,0.4851110578,0.5453592539,0.618658042,0.6987563372,0.1125533581,0.3878941238,5.192175853,4.549140563,6.311378345,8.27847457
translation_sigma0.1000,translation,0.1000,topology_pair,crop__to__remesh,raw_chamfer,45,0.05882466086,0.01591569121,0.2705615465,0.03074674851,0.03325203464,0.04781367235,0.05859908775,0.07255534751,0.08276326789,0.09220624319,0.02474167516,0.06145949468,1,1,1,1
translation_sigma0.1000,translation,0.1000,topology_pair,crop__to__remesh,rigid_p2p,45,0.03818110725,0.01200094902,0.3143164222,0.02252623306,0.02533135685,0.02884864578,0.03549608285,0.0446191009,0.06096623637,0.07480481991,0.01577045512,0.05227858685,0.7540325371,0.6374045013,0.8506185598,0.6057446321
translation_sigma0.1000,translation,0.1000,topology_pair,crop__to__remesh,nicp_p2p,45,0.02422337476,0.00242999192,0.1003159941,0.01955810706,0.02105652124,0.02205349792,0.02427036144,0.02591041206,0.02755229707,0.03002761384,0.003856914133,0.01046950679,0.1526790064,0.1558873483,0.1703480779,0.4141764381
translation_sigma0.1000,translation,0.1000,topology_pair,crop__to__remesh,nicp_p2tri,45,0.02231818597,0.002564206172,0.1148931268,0.01762045656,0.01888875611,0.02011810007,0.02229121749,0.02429666285,0.02583993493,0.02832983314,0.004178562777,0.01070937658,0.1611118322,0.1688876258,0.1742509703,0.3804021249
translation_sigma0.1000,translation,0.1000,topology_pair,crop__to__up60k,latent_distance,45,0.4726149678,0.08693699252,0.1839488769,0.2963172495,0.364810729,0.405483216,0.4595291615,0.554689765,0.6067727923,0.68315202,0.1492065489,0.3868347704,5.969206291,7.074620942,7.251994037,7.417693708
translation_sigma0.1000,translation,0.1000,topology_pair,crop__to__up60k,raw_chamfer,45,0.05994987532,0.01456424662,0.2429403988,0.03202803647,0.03668306682,0.04946969369,0.06195040932,0.07056008852,0.08142321897,0.08536988541,0.02109039483,0.05334184894,1,1,1,1
translation_sigma0.1000,translation,0.1000,topology_pair,crop__to__up60k,rigid_p2p,45,0.04134002812,0.01081075842,0.2615082502,0.02561232728,0.0263675289,0.03280756061,0.03970940529,0.04782574927,0.0573109815,0.07104928545,0.01501818866,0.04543695817,0.7422806481,0.7120866526,0.8518069597,0.6409869721
translation_sigma0.1000,translation,0.1000,topology_pair,crop__to__up60k,nicp_p2p,45,0.02466211652,0.002149223946,0.08714677607,0.02029660905,0.02155374951,0.02312014473,0.02445424146,0.02641258027,0.02784120879,0.03073439414,0.003292435544,0.01043778509,0.1475684945,0.1561106641,0.1956772271,0.3947389812
translation_sigma0.1000,translation,0.1000,topology_pair,crop__to__up60k,nicp_p2tri,45,0.0228130518,0.002249009447,0.09858433088,0.0184763624,0.01935956653,0.02117709084,0.02248471119,0.02453165185,0.02621896722,0.02903355702,0.003354561015,0.01055719462,0.1544198959,0.1590563402,0.1979157983,0.3629469351
translation_sigma0.1000,translation,0.1000,topology_pair,down8k__to__crop,latent_distance,45,0.482157695,0.1028877071,0.2133901588,0.2136482149,0.329823333,0.4226953089,0.4729495347,0.5594812036,0.6459621787,0.70261693,0.1367858946,0.4889687151,5.394446004,3.957711189,6.574327127,6.384514747
translation_sigma0.1000,translation,0.1000,topology_pair,down8k__to__crop,raw_chamfer,45,0.07297062504,0.0190728959,0.2613777242,0.03782736642,0.04739734562,0.05435120415,0.07407760079,0.08891307289,0.1015862748,0.1122028433,0.03456186874,0.07437547686,1,1,1,1
translation_sigma0.1000,translation,0.1000,topology_pair,down8k__to__crop,rigid_p2p,45,0.03764600548,0.007218342733,0.1917425937,0.02476757995,0.02847927072,0.03163441348,0.03815347433,0.04133617747,0.05132176913,0.05868298536,0.009701763983,0.03391540541,0.3784607628,0.280707159,0.4560025272,0.5150473818
translation_sigma0.1000,translation,0.1000,topology_pair,down8k__to__crop,nicp_p2p,45,0.02839408329,0.00261272572,0.09201655478,0.02292694863,0.02470944847,0.02631973273,0.02858299458,0.03031249362,0.03252440838,0.0353607973,0.003992760892,0.01243384867,0.1369863147,0.1155250291,0.1671767253,0.3858520562
translation_sigma0.1000,translation,0.1000,topology_pair,down8k__to__crop,nicp_p2tri,45,0.02668915601,0.002748618033,0.1029863227,0.02110856748,0.0227198013,0.02429742859,0.02688151963,0.0285108297,0.03099440863,0.0340011963,0.004213401113,0.01289262883,0.1441112061,0.1219089496,0.1733451585,0.362883238
translation_sigma0.1000,translation,0.1000,topology_pair,down8k__to__noisy,latent_distance,45,0.4369137757,0.1007638702,0.2306264435,0.2458343506,0.2560050488,0.3606183827,0.4451417029,0.5170434713,0.5765587926,0.6414996982,0.1564250886,0.3956653476,13.91689882,13.86653916,13.02012768,11.95656025
translation_sigma0.1000,translation,0.1000,topology_pair,down8k__to__noisy,raw_chamfer,45,0.03673521187,0.007240396839,0.1970969125,0.0236821087,0.02599884949,0.03090773076,0.03722991343,0.04218848992,0.04801498565,0.05407085429,0.01128075916,0.03038874559,1,1,1,1
translation_sigma0.1000,translation,0.1000,topology_pair,down8k__to__noisy,rigid_p2p,45,0.02602783322,0.004506045536,0.1731241128,0.01968263252,0.02033732666,0.02276087561,0.02447670394,0.02795145572,0.0340527484,0.03799309851,0.00519058011,0.01831046599,0.6223478679,0.4601268439,0.6025410273,0.6574472429
translation_sigma0.1000,translation,0.1000,topology_pair,down8k__to__noisy,nicp_p2p,45,0.02272395651,0.001997625292,0.08790833983,0.0193736559,0.01969140956,0.02145953435,0.02254566096,0.02372804523,0.02615711142,0.028428649,0.002268510881,0.009054993093,0.2758999729,0.2010955866,0.2979719273,0.6055791938
translation_sigma0.1000,translation,0.1000,topology_pair,down8k__to__noisy,nicp_p2tri,45,0.02045208162,0.002179895173,0.1065854916,0.01651057036,0.01715206668,0.01914994706,0.02036157217,0.02144318367,0.02433530909,0.0266733269,0.00229323661,0.01016275654,0.3010739911,0.2032874364,0.3344250098,0.5469143035
translation_sigma0.1000,translation,0.1000,topology_pair,down8k__to__original,latent_distance,45,0.4433623185,0.1093054073,0.2465374316,0.2253570855,0.2526092887,0.3503829539,0.4447419047,0.5125980973,0.608338809,0.6865603328,0.1622151434,0.4612032473,11.76636264,11.90721007,12.46651378,10.34339949
translation_sigma0.1000,translation,0.1000,topology_pair,down8k__to__original,raw_chamfer,45,0.0428065219,0.009289651412,0.2170148613,0.0269143102,0.0281273529,0.03631638727,0.04299765327,0.04993965775,0.0565419258,0.06390967678,0.01362327048,0.03699536658,1,1,1,1
translation_sigma0.1000,translation,0.1000,topology_pair,down8k__to__original,rigid_p2p,45,0.02752858405,0.005319426639,0.1932328459,0.01934667945,0.02050287036,0.02366191909,0.02594088314,0.02974407198,0.03640710581,0.04104401104,0.006082152892,0.02169733159,0.5726185412,0.446453214,0.5864878119,0.6033092778
translation_sigma0.1000,translation,0.1000,topology_pair,down8k__to__original,nicp_p2p,45,0.02298762046,0.00237509007,0.1033203969,0.01908891176,0.01931835785,0.02178740215,0.02278561634,0.02417197344,0.02743069163,0.03005959512,0.00238457129,0.01097068336,0.2556705268,0.1750366253,0.296542091,0.5299269752
translation_sigma0.1000,translation,0.1000,topology_pair,down8k__to__original,nicp_p2tri,45,0.02093640984,0.002522822863,0.1204993063,0.01657570521,0.01693886311,0.01973844312,0.02076744064,0.02216009403,0.02564681247,0.0284473611,0.002421650911,0.01187165588,0.2715734693,0.1777584108,0.3208957495,0.482990095
translation_sigma0.1000,translation,0.1000,topology_pair,down8k__to__remesh,latent_distance,45,0.4252538105,0.08796352485,0.2068494689,0.2669453621,0.2774394453,0.373880893,0.4350285828,0.4813729525,0.5455120683,0.6087349057,0.1074920595,0.3417895436,14.09643844,11.09384138,13.08209402,11.50749941
translation_sigma0.1000,translation,0.1000,topology_pair,down8k__to__remesh,raw_chamfer,45,0.03886900373,0.006240124072,0.1605424239,0.02742431245,0.02991250114,0.03379674014,0.03780391963,0.04348608541,0.04871264392,0.05355082884,0.009689345265,0.02612651638,1,1,1,1
translation_sigma0.1000,translation,0.1000,topology_pair,down8k__to__remesh,rigid_p2p,45,0.0289596541,0.005848282549,0.2019458702,0.02162943969,0.02227056381,0.02436607304,0.02752475303,0.03162103186,0.0397057528,0.045511752,0.007254958818,0.02388231231,0.9372061328,0.7487563525,0.9141024375,0.7280925708
translation_sigma0.1000,translation,0.1000,topology_pair,down8k__to__remesh,nicp_p2p,45,0.02312040608,0.001899037987,0.08213687857,0.01962950307,0.02056125557,0.02192925076,0.02319143264,0.02408153129,0.0261052189,0.02829548209,0.002152280532,0.008665979026,0.3043269597,0.2221285828,0.3316928633,0.6134663512
translation_sigma0.1000,translation,0.1000,topology_pair,down8k__to__remesh,nicp_p2tri,45,0.02106490688,0.002052607983,0.09744206297,0.01720793592,0.0183069505,0.01961649564,0.0212478001,0.02208831936,0.02432356113,0.02652335303,0.002471823724,0.009315417119,0.3289370466,0.2551074047,0.3565502949,0.5620528323
translation_sigma0.1000,translation,0.1000,topology_pair,down8k__to__up60k,latent_distance,45,0.4169485639,0.1023064461,0.2453694652,0.2260592133,0.2553318322,0.3463181257,0.4279664755,0.4938070476,0.5706292748,0.6524571776,0.1474889219,0.4263979644,15.54181954,13.85496881,16.34495294,12.62506244
translation_sigma0.1000,translation,0.1000,topology_pair,down8k__to__up60k,raw_chamfer,45,0.03448487258,0.006582655647,0.1908853116,0.02186845038,0.02470417666,0.02927328651,0.03389816703,0.03991848709,0.04490157062,0.04795588948,0.01064520057,0.0260874391,1,1,1,1
translation_sigma0.1000,translation,0.1000,topology_pair,down8k__to__up60k,rigid_p2p,45,0.02732454015,0.005223817539,0.1911767778,0.01909736063,0.02020958039,0.02384867824,0.02619092161,0.02910338346,0.03611168933,0.04095345372,0.005254705225,0.02185609309,0.7935729618,0.4936220026,0.8378014036,0.7726353343
translation_sigma0.1000,translation,0.1000,topology_pair,down8k__to__up60k,nicp_p2p,45,0.02273667957,0.002352215183,0.103454648,0.0186845071,0.01898567235,0.02147712357,0.022425155,0.02382546025,0.02695610673,0.0302576147,0.002348336676,0.01157310761,0.3573352927,0.22060051,0.4436275851,0.6615447667
translation_sigma0.1000,translation,0.1000,topology_pair,down8k__to__up60k,nicp_p2tri,45,0.02062962028,0.002505974289,0.1214745718,0.01624681357,0.01663279284,0.01929577992,0.02032181195,0.02189013803,0.02512737039,0.02863569309,0.002594358115,0.01238887953,0.3806935108,0.2437115296,0.4748982634,0.599495894
translation_sigma0.1000,translation,0.1000,topology_pair,noisy__to__crop,latent_distance,45,0.4748788791,0.1026632455,0.2161882746,0.2109727114,0.321029985,0.413672924,0.4556834698,0.5521369576,0.6442154288,0.6953629851,0.1384640336,0.4843902737,6.347707292,4.909101719,7.929900769,8.302902656
translation_sigma0.1000,translation,0.1000,topology_pair,noisy__to__crop,raw_chamfer,45,0.05764867303,0.0161732797,0.280549037,0.02810014591,0.03614024698,0.04457592164,0.05488242951,0.072781496,0.08258918092,0.08918417304,0.02820557437,0.06108402713,1,1,1,1
translation_sigma0.1000,translation,0.1000,topology_pair,noisy__to__crop,rigid_p2p,45,0.03535753201,0.00665273751,0.1881561617,0.024025196,0.02769123444,0.03033240877,0.0333506272,0.03915861996,0.04776098827,0.0543856521,0.008826211199,0.03036045609,0.411341276,0.3129243562,0.4970277423,0.6076740315
translation_sigma0.1000,translation,0.1000,topology_pair,noisy__to__crop,nicp_p2p,45,0.02750458151,0.002277533676,0.08280561095,0.02276017404,0.02399230345,0.02612791436,0.02730641789,0.02900542982,0.0311847352,0.03265046993,0.002877515458,0.009890295895,0.1408207685,0.1020193888,0.1619129642,0.4975438976
translation_sigma0.1000,translation,0.1000,topology_pair,noisy__to__crop,nicp_p2tri,45,0.02580640867,0.002390990228,0.09265102554,0.02084630688,0.02225754313,0.02417101431,0.0256625255,0.02728981877,0.02971274864,0.03112851754,0.003118804459,0.01028221066,0.14783583,0.1105740454,0.1683289584,0.4675909162
translation_sigma0.1000,translation,0.1000,topology_pair,noisy__to__down8k,latent_distance,45,0.4289867024,0.09252321627,0.2156785181,0.2639898658,0.3003507078,0.3513841629,0.4425991178,0.4898375273,0.5633205771,0.6431456804,0.1384533644,0.3791558146,13.81567575,17.34956869,13.68016698,14.06400022
translation_sigma0.1000,translation,0.1000,topology_pair,noisy__to__down8k,raw_chamfer,45,0.03243778553,0.006696973637,0.2064559441,0.02253204829,0.02502397035,0.02765306858,0.0314703577,0.03563328796,0.04724620414,0.05024777832,0.007980219383,0.02771573003,1,1,1,1
translation_sigma0.1000,translation,0.1000,topology_pair,noisy__to__down8k,rigid_p2p,45,0.02730249225,0.006085660547,0.2228976202,0.01996620962,0.02117674376,0.02343427552,0.02593641325,0.02904517565,0.04054797893,0.04939207603,0.005610900129,0.02942586641,0.9087180086,0.7031009876,1.061702736,0.8241537478
translation_sigma0.1000,translation,0.1000,topology_pair,noisy__to__down8k,nicp_p2p,45,0.02192189531,0.001775333569,0.08098449265,0.01872500152,0.01914247806,0.02069635916,0.02186238341,0.02294458318,0.02555088445,0.0265895204,0.002248224017,0.007864518882,0.2650949019,0.2817245879,0.2837565121,0.694697646
translation_sigma0.1000,translation,0.1000,topology_pair,noisy__to__down8k,nicp_p2tri,45,0.0199628994,0.001884965783,0.09442344749,0.01646477839,0.01695645052,0.01865066939,0.0198304246,0.02099755355,0.02381078031,0.02478300179,0.002346884153,0.008318223403,0.2814653134,0.2940876735,0.3001264406,0.6301302572
translation_sigma0.1000,translation,0.1000,topology_pair,noisy__to__original,latent_distance,45,0.4339372936,0.1118495184,0.2577550259,0.2257280052,0.246544838,0.3669444025,0.4383416474,0.5037269592,0.6033354998,0.7112531662,0.1367825568,0.485525161,18.6740527,13.65527475,18.78436303,13.70071752
translation_sigma0.1000,translation,0.1000,topology_pair,noisy__to__original,raw_chamfer,45,0.03240301834,0.005989568528,0.1848460062,0.02061563388,0.02374702249,0.02703391297,0.03199406503,0.03705074231,0.04109453176,0.04646293891,0.01001682934,0.02584730503,1,1,1,1
translation_sigma0.1000,translation,0.1000,topology_pair,noisy__to__original,rigid_p2p,45,0.0269530434,0.005129509612,0.1903128168,0.019808206,0.02090506953,0.02368284016,0.02585336198,0.02849264121,0.03759587499,0.04427530085,0.004809801053,0.02446709485,0.8564071998,0.4801720075,0.9466013893,0.8080674324
translation_sigma0.1000,translation,0.1000,topology_pair,noisy__to__original,nicp_p2p,45,0.02283847111,0.002006631397,0.08786189703,0.01929174495,0.01939838668,0.02196488036,0.02271034965,0.0239772937,0.02640100876,0.0281002376,0.002012413336,0.008808492656,0.3350210266,0.2009032267,0.3407895967,0.7098300774
translation_sigma0.1000,translation,0.1000,topology_pair,noisy__to__original,nicp_p2tri,45,0.02087498097,0.002107584078,0.1009622036,0.01703000805,0.01717154283,0.01991164532,0.02076101712,0.02218789164,0.02477286171,0.02625524033,0.00227624632,0.009225232273,0.3518757768,0.2272421983,0.3569127328,0.6489021353
translation_sigma0.1000,translation,0.1000,topology_pair,noisy__to__remesh,latent_distance,45,0.4463123692,0.08866029761,0.198650774,0.2815217972,0.3078808963,0.3867010474,0.4462007284,0.5092083216,0.5643493414,0.6596426964,0.1225072742,0.3781208992,14.59471607,13.13132991,14.84121036,13.65730182
translation_sigma0.1000,translation,0.1000,topology_pair,noisy__to__remesh,raw_chamfer,45,0.034133865,0.006074821682,0.1779705194,0.0250480028,0.02674942252,0.0290570953,0.03267122117,0.03838648349,0.04534353488,0.05052576977,0.009329388191,0.02547776698,1,1,1,1
translation_sigma0.1000,translation,0.1000,topology_pair,noisy__to__remesh,rigid_p2p,45,0.02800674589,0.005856431636,0.2091078935,0.02057324351,0.02246211428,0.02381115413,0.02663558195,0.02978813621,0.03809450404,0.04786515335,0.005976982078,0.02729190984,0.9640499661,0.6406617407,1.07120494,0.8152612908
translation_sigma0.1000,translation,0.1000,topology_pair,noisy__to__remesh,nicp_p2p,45,0.02299767354,0.001694555718,0.07368378873,0.02009557632,0.02020294236,0.02198667179,0.02306637671,0.02393202759,0.02571361891,0.02758997777,0.001945355809,0.007494401449,0.2789474007,0.2085191193,0.2941545645,0.7060151376
translation_sigma0.1000,translation,0.1000,topology_pair,noisy__to__remesh,nicp_p2tri,45,0.02109943679,0.001810076269,0.08578789502,0.01804796169,0.01810682566,0.01990132986,0.02104815649,0.02212642937,0.0240309958,0.02578732325,0.002225099503,0.007739361559,0.2979636874,0.2385043325,0.3037692262,0.6442414986
translation_sigma0.1000,translation,0.1000,topology_pair,noisy__to__up60k,latent_distance,45,0.4368509836,0.1011036326,0.2314373468,0.252238065,0.289171505,0.3636158109,0.4411178231,0.5090445876,0.5901355267,0.6987690926,0.1454287767,0.4465310276,17.52855102,21.74932082,17.86778437,14.86975078
translation_sigma0.1000,translation,0.1000,topology_pair,noisy__to__up60k,raw_chamfer,45,0.03123174387,0.005767940113,0.1846819741,0.0221581711,0.02317829475,0.02723632462,0.02966544831,0.03392291396,0.04217762279,0.04714901598,0.00668658934,0.02499084488,1,1,1,1
translation_sigma0.1000,translation,0.1000,topology_pair,noisy__to__up60k,rigid_p2p,45,0.02714823728,0.00522551315,0.1924807528,0.0199581672,0.02078771214,0.02387610338,0.02622150048,0.02883580657,0.03754540682,0.04584591496,0.004959703191,0.02588774776,0.9059582879,0.7417388656,1.035889258,0.8839071033
translation_sigma0.1000,translation,0.1000,topology_pair,noisy__to__up60k,nicp_p2p,45,0.02294728014,0.001953694166,0.08513837603,0.019412659,0.0196331905,0.02205204113,0.02287070865,0.02411940173,0.02626003895,0.0280605514,0.0020673606,0.008647892396,0.3387160975,0.3091801358,0.3460424182,0.7709544254
translation_sigma0.1000,translation,0.1000,topology_pair,noisy__to__up60k,nicp_p2tri,45,0.02104034241,0.002053004673,0.09757467979,0.01727671901,0.01751061429,0.02021132545,0.0208351503,0.02222117135,0.0244745034,0.02641810249,0.002009845898,0.009141383483,0.3559337706,0.3005786352,0.3657892931,0.7023372809
translation_sigma0.1000,translation,0.1000,topology_pair,original__to__crop,latent_distance,45,0.4731492029,0.09931426546,0.2099005237,0.2201279104,0.3374930382,0.4022463262,0.4753907025,0.538406074,0.6282258868,0.6679850221,0.1361597478,0.4478571117,5.955363814,4.810102642,7.089987259,8.966986896
translation_sigma0.1000,translation,0.1000,topology_pair,original__to__crop,raw_chamfer,45,0.05630450428,0.01667643969,0.2961830479,0.02846133532,0.03363438829,0.04177638119,0.0530156571,0.07008341702,0.0818841598,0.09162888349,0.02830703583,0.06316754817,1,1,1,1
translation_sigma0.1000,translation,0.1000,topology_pair,original__to__crop,rigid_p2p,45,0.03464767078,0.007221819219,0.2084359224,0.02305387984,0.02585201217,0.02859556896,0.03314613155,0.03868504796,0.04729099646,0.05339721786,0.010089479,0.03034333803,0.4330552177,0.3564300785,0.4803627639,0.6252140096
translation_sigma0.1000,translation,0.1000,topology_pair,original__to__crop,nicp_p2p,45,0.02681942062,0.002683331793,0.1000518181,0.02103331083,0.02327234443,0.02452396723,0.02698054877,0.02841538238,0.03105543022,0.0326919845,0.003891415151,0.01165867367,0.1609055556,0.1374716581,0.184567456,0.5089166153
translation_sigma0.1000,translation,0.1000,topology_pair,original__to__crop,nicp_p2tri,45,0.02502298918,0.002856867695,0.114169721,0.01887538773,0.02115973024,0.02251703722,0.02511406467,0.02670855454,0.02948216811,0.03122257092,0.00419151732,0.0123471832,0.1713116078,0.1480733393,0.1954671909,0.4737103346
translation_sigma0.1000,translation,0.1000,topology_pair,original__to__down8k,latent_distance,45,0.4292222811,0.09460097863,0.2204009037,0.2504436672,0.3054377913,0.3398333788,0.4305518866,0.5037052035,0.5868481755,0.647449255,0.1638718247,0.3970055878,10.56659409,14.33372424,10.56138764,13.01798586
translation_sigma0.1000,translation,0.1000,topology_pair,original__to__down8k,raw_chamfer,45,0.03590243706,0.008952835495,0.2493656762,0.02407414909,0.02525925729,0.02897837302,0.03307361762,0.04041097923,0.05450597533,0.06166443565,0.01143260621,0.03759028656,1,1,1,1
translation_sigma0.1000,translation,0.1000,topology_pair,original__to__down8k,rigid_p2p,45,0.02768995101,0.006653231447,0.2402760281,0.02006744809,0.02062724869,0.02277845042,0.02567067479,0.03064507558,0.03962864541,0.05032181116,0.00786662516,0.03025436307,0.7431423766,0.688086777,0.8048452363,0.7761677322
translation_sigma0.1000,translation,0.1000,topology_pair,original__to__down8k,nicp_p2p,45,0.02124864658,0.00170078605,0.0800420885,0.01841364029,0.019005043,0.01978292371,0.02137027951,0.02213586813,0.02477739968,0.02585398938,0.002352944425,0.007440349084,0.189971775,0.2058099773,0.1979327578,0.6461427883
translation_sigma0.1000,translation,0.1000,topology_pair,original__to__down8k,nicp_p2tri,45,0.01917946665,0.001856640254,0.09680353932,0.01605296787,0.01668161867,0.01756553449,0.01933445361,0.02011246866,0.023058918,0.02404367442,0.002546934171,0.007990706556,0.2073801373,0.2227780896,0.2125737069,0.5845884122
translation_sigma0.1000,translation,0.1000,topology_pair,original__to__noisy,latent_distance,45,0.4265752405,0.1026358093,0.2406042348,0.2437713295,0.2692148447,0.331133008,0.4287695289,0.4995942712,0.6000857115,0.6247593164,0.1684612632,0.3809879869,18.26509011,25.65866274,14.76591234,14.32784328
translation_sigma0.1000,translation,0.1000,topology_pair,original__to__noisy,raw_chamfer,45,0.03090638739,0.005619233669,0.1818146391,0.02204768325,0.02408784629,0.02710745245,0.0299256155,0.03367292567,0.04112245117,0.04784954217,0.006565473223,0.02580185891,1,1,1,1
translation_sigma0.1000,translation,0.1000,topology_pair,original__to__noisy,rigid_p2p,45,0.02544121496,0.004942012597,0.1942522244,0.01984026525,0.02044113786,0.02188331421,0.02415591287,0.02744619396,0.03523011174,0.04264198459,0.005562879749,0.02280171934,0.8794815963,0.8472930373,0.8837238983,0.8071985311
translation_sigma0.1000,translation,0.1000,topology_pair,original__to__noisy,nicp_p2p,45,0.02162394265,0.001614924128,0.07468222394,0.01911250264,0.01938714463,0.02062918752,0.02137777214,0.02248789902,0.02432081038,0.02595635076,0.001858711499,0.006843848122,0.2873922358,0.2831039646,0.2652463199,0.7143636574
translation_sigma0.1000,translation,0.1000,topology_pair,original__to__noisy,nicp_p2tri,45,0.01931334785,0.001777636494,0.09204186182,0.0165014935,0.01675880276,0.01822275928,0.01902071249,0.02051506129,0.02251159581,0.02397149192,0.002292302019,0.007469998422,0.3163485626,0.3491449803,0.2895139628,0.6355997086
translation_sigma0.1000,translation,0.1000,topology_pair,original__to__remesh,latent_distance,45,0.4511115319,0.09276031184,0.2056261152,0.2818153799,0.3125967979,0.3770409822,0.4471082091,0.5197669268,0.5917675853,0.6869766116,0.1427259445,0.4051612318,12.83816875,14.98262876,12.89768429,12.97841861
translation_sigma0.1000,translation,0.1000,topology_pair,original__to__remesh,raw_chamfer,45,0.0364951859,0.007225353835,0.1979810119,0.02585488546,0.02824700957,0.03146842651,0.03445013007,0.04099452148,0.05101834597,0.057268372,0.009526094975,0.03141348654,1,1,1,1
translation_sigma0.1000,translation,0.1000,topology_pair,original__to__remesh,rigid_p2p,45,0.02754014136,0.006218483222,0.2257970698,0.01938690054,0.02008258813,0.02348471527,0.02576552729,0.02960434939,0.03953385542,0.04882425231,0.006119634125,0.02943735177,0.8606475703,0.6424074231,0.9370927907,0.7479079827
translation_sigma0.1000,translation,0.1000,topology_pair,original__to__remesh,nicp_p2p,45,0.02200614277,0.001824908589,0.0829272357,0.0187286578,0.01893470925,0.02099663799,0.02214623328,0.02293895726,0.0249880199,0.02689324568,0.001942319269,0.008164587879,0.2525701343,0.2038945942,0.2599070902,0.6428490468
translation_sigma0.1000,translation,0.1000,topology_pair,original__to__remesh,nicp_p2tri,45,0.01996737748,0.001992314497,0.09977847615,0.01632206824,0.01656385155,0.01893076511,0.0201532478,0.02101131524,0.02322701226,0.02516241702,0.002080550133,0.00884034878,0.2757393676,0.2184053528,0.2814188985,0.5849977272
translation_sigma0.1000,translation,0.1000,topology_pair,original__to__up60k,latent_distance,45,0.4404322896,0.1007910828,0.2288458071,0.2722466588,0.2879820347,0.3546968699,0.4409227073,0.5189284086,0.611042428,0.6837556958,0.1642315388,0.411509037,13.67397941,18.73839992,13.29054298,13.95498412
translation_sigma0.1000,translation,0.1000,topology_pair,original__to__up60k,raw_chamfer,45,0.03376988258,0.007371013206,0.2182718044,0.02250148899,0.0243856011,0.02858114177,0.03159607373,0.03734557947,0.04942505621,0.05346403413,0.008764437703,0.03096254514,1,1,1,1
translation_sigma0.1000,translation,0.1000,topology_pair,original__to__up60k,rigid_p2p,45,0.02711773007,0.005419954197,0.1998675473,0.02071513206,0.0211342977,0.02297438825,0.02577080417,0.02901672277,0.03776321351,0.04563093092,0.006042334529,0.02491579886,0.7353065374,0.689414967,0.804707712,0.8156331192
translation_sigma0.1000,translation,0.1000,topology_pair,original__to__up60k,nicp_p2p,45,0.02214997232,0.001999273814,0.09026078163,0.01856367742,0.01925576057,0.02077711511,0.0218516524,0.02345091669,0.02604052717,0.02757708027,0.002673801576,0.009013402847,0.2712345995,0.3050739439,0.2911066518,0.6915939172
translation_sigma0.1000,translation,0.1000,topology_pair,original__to__up60k,nicp_p2tri,45,0.02013695215,0.002113868928,0.1049746214,0.01636987441,0.01691419095,0.01876643344,0.01994257025,0.02146298995,0.02414058694,0.02592010028,0.00269655651,0.009550225869,0.2867813242,0.3076702239,0.3084444714,0.6311724176
translation_sigma0.1000,translation,0.1000,topology_pair,remesh__to__crop,latent_distance,45,0.4938126908,0.1060726362,0.2148033823,0.2068304121,0.3351833522,0.4253845513,0.4969636798,0.5747862458,0.6788024068,0.7089860439,0.1494016945,0.5021556318,5.970886191,4.890542745,7.098090974,7.970417163
translation_sigma0.1000,translation,0.1000,topology_pair,remesh__to__crop,raw_chamfer,45,0.06300253017,0.01776497371,0.2819723853,0.02987685169,0.04081851924,0.04635095563,0.062351025,0.07690005873,0.09079921077,0.1006220188,0.0305491031,0.07074516707,1,1,1,1
translation_sigma0.1000,translation,0.1000,topology_pair,remesh__to__crop,rigid_p2p,45,0.03504923107,0.007240329673,0.2065759919,0.02596692827,0.0263191893,0.03005127008,0.03375375414,0.03704412712,0.05040167851,0.05291839933,0.006992857044,0.02695147106,0.407562082,0.2289054779,0.3809655441,0.5413504291
translation_sigma0.1000,translation,0.1000,topology_pair,remesh__to__crop,nicp_p2p,45,0.02786872728,0.002844823897,0.1020794336,0.02174361708,0.0238428139,0.02579962582,0.02740252925,0.02908097183,0.03238871453,0.03559265618,0.003281346012,0.01384903909,0.1601366792,0.1074121882,0.195759508,0.4394880317
translation_sigma0.1000,translation,0.1000,topology_pair,remesh__to__crop,nicp_p2tri,45,0.02602418945,0.002986301168,0.1147509771,0.01944324526,0.02189028041,0.02388078009,0.0255110447,0.02740003088,0.03066840302,0.03394486403,0.00351925079,0.01450161877,0.1681005115,0.1151998073,0.204983879,0.4091519698
translation_sigma0.1000,translation,0.1000,topology_pair,remesh__to__down8k,latent_distance,45,0.4117057698,0.09967696886,0.2421072916,0.2153733671,0.268514508,0.3405207992,0.4186209738,0.4777783155,0.5748843551,0.5848730803,0.1372575164,0.3694997132,15.23658113,15.3082961,11.98035449,11.58545147
translation_sigma0.1000,translation,0.1000,topology_pair,remesh__to__down8k,raw_chamfer,45,0.03783078178,0.006541951112,0.1729266699,0.02944502147,0.03012467978,0.03264410856,0.03613333283,0.04161032632,0.04922197482,0.06028715669,0.008966217764,0.03084213522,1,1,1,1
translation_sigma0.1000,translation,0.1000,topology_pair,remesh__to__down8k,rigid_p2p,45,0.03136905127,0.007324009535,0.2334788346,0.02047951394,0.02310109495,0.02642813546,0.0287540877,0.03559300776,0.04492568611,0.05482743819,0.009164872294,0.03434792425,1.119545134,1.022155889,1.113668817,0.795777346
translation_sigma0.1000,translation,0.1000,topology_pair,remesh__to__down8k,nicp_p2p,45,0.02239084259,0.001772262918,0.07915123833,0.01926226153,0.01984341432,0.02062296651,0.022262437,0.02360652905,0.02520444257,0.02655930316,0.002983562539,0.00729704164,0.2709073926,0.3327559755,0.2365932705,0.6161191137
translation_sigma0.1000,translation,0.1000,topology_pair,remesh__to__down8k,nicp_p2tri,45,0.02029114893,0.001913535873,0.09430396871,0.0170091441,0.01757835909,0.01839434183,0.02014460329,0.02166307128,0.02324574985,0.02501661953,0.003268729453,0.008007475432,0.2925023194,0.3645605693,0.2596277908,0.557507479
translation_sigma0.1000,translation,0.1000,topology_pair,remesh__to__noisy,latent_distance,45,0.4430606759,0.1086207839,0.2451600645,0.2196450382,0.2712049723,0.3685298562,0.4337766469,0.5183790326,0.6244628072,0.6826562881,0.1498491764,0.4630112499,18.43853826,19.46691873,17.45971172,12.57606824
translation_sigma0.1000,translation,0.1000,topology_pair,remesh__to__noisy,raw_chamfer,45,0.03556284639,0.005890965016,0.1656494239,0.02694817183,0.0284938921,0.03158749229,0.03449223068,0.03928512428,0.04526372163,0.05346700888,0.007697631992,0.02651883704,1,1,1,1
translation_sigma0.1000,translation,0.1000,topology_pair,remesh__to__noisy,rigid_p2p,45,0.02839737013,0.005532822681,0.194835742,0.02198337292,0.02254797847,0.0246492312,0.02672428251,0.03116793713,0.03975549601,0.04748359417,0.006518705933,0.02550022125,0.9392048103,0.8468456195,0.9615889721,0.7747913653
translation_sigma0.1000,translation,0.1000,topology_pair,remesh__to__noisy,nicp_p2p,45,0.02312910861,0.001637879005,0.07081461862,0.01998216467,0.02104194486,0.02170937927,0.02311970653,0.02401977094,0.02600059233,0.02753196145,0.002310391674,0.007549796777,0.2780323768,0.3001431709,0.2846956209,0.6702873681
translation_sigma0.1000,translation,0.1000,topology_pair,remesh__to__noisy,nicp_p2tri,45,0.02084519911,0.001766797671,0.08475801369,0.01748199884,0.01837806979,0.01944223009,0.02085809062,0.02200160181,0.02417274478,0.02543730812,0.002559371716,0.007955309274,0.2999165105,0.3324881884,0.2999871096,0.6047185179
translation_sigma0.1000,translation,0.1000,topology_pair,remesh__to__original,latent_distance,45,0.4482353601,0.1162081138,0.2592569086,0.1795754433,0.2577614546,0.3714032471,0.4490879178,0.5155801177,0.6509135127,0.6858175993,0.1441768706,0.506242156,16.1772865,11.99026122,19.33541011,12.28142369
translation_sigma0.1000,translation,0.1000,topology_pair,remesh__to__original,raw_chamfer,45,0.03952218475,0.00718341199,0.1817564498,0.02843705742,0.03006957773,0.03345812903,0.03656643799,0.04548262691,0.05325869863,0.05461918406,0.01202449788,0.02618212664,1,1,1,1
translation_sigma0.1000,translation,0.1000,topology_pair,remesh__to__original,rigid_p2p,45,0.02937521555,0.005902466445,0.2009335535,0.02180098386,0.0231479369,0.02548398412,0.02814475586,0.03159001795,0.04136763835,0.04952927357,0.006106033827,0.02772828971,0.8216800669,0.5077994847,1.059054144,0.7696882005
translation_sigma0.1000,translation,0.1000,topology_pair,remesh__to__original,nicp_p2p,45,0.0231880618,0.001771126571,0.07638096645,0.01921091478,0.02072596314,0.02210065646,0.02314513824,0.0240073224,0.02654072527,0.02841339895,0.001906665941,0.009202484165,0.2465578437,0.1585651194,0.3514796293,0.6329612484
translation_sigma0.1000,translation,0.1000,topology_pair,remesh__to__original,nicp_p2tri,45,0.02113961735,0.001887861774,0.089304444,0.01700898284,0.01845849275,0.02008183068,0.02112668286,0.02196368526,0.02490402363,0.02666211457,0.001881854572,0.009653131734,0.2628085061,0.1565017177,0.3686916601,0.5777615766
translation_sigma0.1000,translation,0.1000,topology_pair,remesh__to__up60k,latent_distance,45,0.416450169,0.1075433087,0.2582381199,0.2091235071,0.259665668,0.3420473039,0.4137276709,0.4698648751,0.6022547483,0.6271471977,0.1278175712,0.4180236906,17.23691747,15.122944,14.71225723,12.71144213
translation_sigma0.1000,translation,0.1000,topology_pair,remesh__to__up60k,raw_chamfer,45,0.03422229968,0.006239126507,0.1823117256,0.0264001826,0.02688668765,0.02881753015,0.03254765798,0.03726942755,0.04513444462,0.05481347664,0.008451897408,0.02841329404,1,1,1,1
translation_sigma0.1000,translation,0.1000,topology_pair,remesh__to__up60k,rigid_p2p,45,0.02976796971,0.005993433851,0.2013383482,0.0216247865,0.02336835002,0.0252944703,0.0285762931,0.03262251862,0.04098710803,0.05102369907,0.007328048316,0.02939891257,0.9606206645,0.8670299653,1.03468864,0.8779830831
translation_sigma0.1000,translation,0.1000,topology_pair,remesh__to__up60k,nicp_p2p,45,0.02308287389,0.001780195427,0.0771219145,0.01922043212,0.02006630815,0.02207127553,0.02305948524,0.02397099833,0.0264347352,0.02766820738,0.001899722799,0.008447775261,0.2853276697,0.2247687954,0.297317701,0.7084837026
translation_sigma0.1000,translation,0.1000,topology_pair,remesh__to__up60k,nicp_p2tri,45,0.02103240155,0.001894537115,0.09007707039,0.01690171473,0.01774117142,0.01991019183,0.02097405984,0.02197054317,0.02451798091,0.02593958803,0.002060351341,0.009037873292,0.3036542235,0.2437738228,0.318086079,0.6444107238
translation_sigma0.1000,translation,0.1000,topology_pair,up60k__to__crop,latent_distance,45,0.4818700271,0.1035322145,0.2148550619,0.2130694836,0.3156763434,0.4241918623,0.4726033211,0.5492613912,0.6409139276,0.698148489,0.1250695288,0.4850790054,5.596312945,3.840821401,6.622345478,7.256254937
translation_sigma0.1000,translation,0.1000,topology_pair,up60k__to__crop,raw_chamfer,45,0.06650371511,0.01850007594,0.2781810897,0.03075859427,0.043873837,0.04876391342,0.06513047366,0.08132713773,0.09240624156,0.1040074163,0.03256322431,0.07324882204,1,1,1,1
translation_sigma0.1000,translation,0.1000,topology_pair,up60k__to__crop,rigid_p2p,45,0.03561480049,0.00667300707,0.1873661225,0.02403222442,0.02733354149,0.03020695503,0.03508320125,0.03860976318,0.04813743455,0.05373154657,0.00840280815,0.02969932216,0.3607016042,0.2580459499,0.4054580173,0.5386603118
translation_sigma0.1000,translation,0.1000,topology_pair,up60k__to__crop,nicp_p2p,45,0.02801579578,0.002782515596,0.09931952737,0.02248818601,0.02449195037,0.02607339951,0.02791647439,0.02958050126,0.03255410391,0.03575194661,0.00350710175,0.0132637606,0.150405631,0.1077013049,0.181078142,0.4286238503
translation_sigma0.1000,translation,0.1000,topology_pair,up60k__to__crop,nicp_p2tri,45,0.0263557551,0.002895266927,0.1098533097,0.02069886914,0.02265135179,0.0242602692,0.02614897367,0.02799236879,0.03123539778,0.03429316044,0.003732099594,0.01359429129,0.1565002725,0.1146108739,0.185590579,0.4014860049
translation_sigma0.1000,translation,0.1000,topology_pair,up60k__to__down8k,latent_distance,45,0.4003943145,0.09595712629,0.2396565656,0.2099576741,0.2498859167,0.3317782879,0.4004463553,0.4742239416,0.5352474928,0.60826689,0.1424456537,0.3983092159,15.50567468,14.55116331,14.22003038,12.60647875
translation_sigma0.1000,translation,0.1000,topology_pair,up60k__to__down8k,raw_chamfer,45,0.03283373299,0.006188516675,0.1884804471,0.02328068828,0.0250702257,0.02773624071,0.03176512359,0.03752553732,0.04412073409,0.05129112182,0.009789296611,0.02801043353,1,1,1,1
translation_sigma0.1000,translation,0.1000,topology_pair,up60k__to__down8k,rigid_p2p,45,0.02691108784,0.005704688415,0.2119828247,0.02063314131,0.02099026096,0.02299208812,0.02556354657,0.02827055148,0.03931351268,0.04756714861,0.00527846336,0.0269340073,0.9218183798,0.5392076234,0.9615705258,0.8047677353
translation_sigma0.1000,translation,0.1000,topology_pair,up60k__to__down8k,nicp_p2p,45,0.02149920967,0.001737322678,0.08080867644,0.01852636727,0.01902615691,0.02010965185,0.02136565906,0.02258237182,0.02423866833,0.02665426369,0.002472719972,0.008127896416,0.2807332951,0.2525942435,0.2901738884,0.6726137551
translation_sigma0.1000,translation,0.1000,topology_pair,up60k__to__down8k,nicp_p2tri,45,0.01945548042,0.001875497074,0.09639942235,0.01619904826,0.01686561375,0.01795657683,0.01939277039,0.02067151653,0.02228004386,0.02494730564,0.002714939692,0.008748257378,0.303060842,0.2773375658,0.3123213844,0.6105051139
translation_sigma0.1000,translation,0.1000,topology_pair,up60k__to__noisy,latent_distance,45,0.436303802,0.09948930436,0.2280275897,0.2378400564,0.2715768397,0.36997509,0.4427650869,0.5160930157,0.5650868177,0.641995728,0.1461179256,0.4041556716,16.08181135,16.61279654,15.41503359,13.01414127
translation_sigma0.1000,translation,0.1000,topology_pair,up60k__to__noisy,raw_chamfer,45,0.03376820474,0.006186448915,0.1832033702,0.0221368613,0.02485073166,0.02939256146,0.03402184422,0.0381880659,0.04490509409,0.04835514161,0.008795504437,0.02621828031,1,1,1,1
translation_sigma0.1000,translation,0.1000,topology_pair,up60k__to__noisy,rigid_p2p,45,0.02588068838,0.004708757667,0.1819409746,0.01970556513,0.02085247542,0.02277394125,0.02466078578,0.02774138216,0.03541230417,0.042397875,0.00496744091,0.02269230987,0.7611406369,0.5647704399,0.8655148086,0.7248515283
translation_sigma0.1000,translation,0.1000,topology_pair,up60k__to__noisy,nicp_p2p,45,0.02256406271,0.001764562688,0.07820234817,0.01925233506,0.01989561029,0.02146382526,0.0226721057,0.02328385899,0.02545708876,0.02689327236,0.001820033728,0.007640937298,0.2852303014,0.2069277256,0.2914354872,0.6663984923
translation_sigma0.1000,translation,0.1000,topology_pair,up60k__to__noisy,nicp_p2tri,45,0.02039541194,0.001924933113,0.09438069303,0.01684917102,0.01750298702,0.01928389801,0.0205540812,0.02114438258,0.02354281128,0.02511820832,0.001860484566,0.008269037297,0.3111531575,0.2115267611,0.3153920546,0.6041436515
translation_sigma0.1000,translation,0.1000,topology_pair,up60k__to__original,latent_distance,45,0.4411704686,0.1098050059,0.2488947329,0.197701931,0.2520259976,0.3607896268,0.4396619499,0.5322093964,0.5959213734,0.6898025274,0.1714197695,0.4921005964,13.3116338,15.02603128,14.87825265,11.16842313
translation_sigma0.1000,translation,0.1000,topology_pair,up60k__to__original,raw_chamfer,45,0.0386799649,0.008248800079,0.213257693,0.02234509911,0.02578305792,0.03187302973,0.03936651976,0.04328121638,0.05136598794,0.05542025975,0.01140818666,0.03307516064,1,1,1,1
translation_sigma0.1000,translation,0.1000,topology_pair,up60k__to__original,rigid_p2p,45,0.02715750243,0.005430662767,0.1999691533,0.01996221757,0.02121830367,0.02367993147,0.02580094904,0.02962809334,0.03793913711,0.04556295699,0.005948161876,0.02560073942,0.6583579084,0.5213941581,0.7740170848,0.655403353
translation_sigma0.1000,translation,0.1000,topology_pair,up60k__to__original,nicp_p2p,45,0.02284034181,0.002169497586,0.09498533796,0.01870338653,0.01920375575,0.0214968788,0.02283674301,0.02380681459,0.02638750407,0.02858791298,0.00230993579,0.009884526448,0.2630076575,0.2024805396,0.2988504442,0.580105713
translation_sigma0.1000,translation,0.1000,topology_pair,up60k__to__original,nicp_p2tri,45,0.02088795819,0.002311590475,0.1106661768,0.01636793102,0.01698940142,0.0194867762,0.0209553194,0.02205728236,0.02462786926,0.02706849667,0.002570506161,0.01070056565,0.2802335433,0.2253211872,0.3235227115,0.5323132329
translation_sigma0.1000,translation,0.1000,topology_pair,up60k__to__remesh,latent_distance,45,0.4139296651,0.0878278188,0.2121805374,0.2572532892,0.2677550495,0.3587816656,0.4163708985,0.4832263589,0.5300906062,0.5980644822,0.1244446933,0.340811193,14.00454296,15.13020106,12.56093535,12.56193553
translation_sigma0.1000,translation,0.1000,topology_pair,up60k__to__remesh,raw_chamfer,45,0.03497600022,0.006271380584,0.1793052534,0.02431202741,0.02671640962,0.03083619575,0.03314544143,0.03906111575,0.04658081028,0.05144465594,0.008224920002,0.02713262853,1,1,1,1
translation_sigma0.1000,translation,0.1000,topology_pair,up60k__to__remesh,rigid_p2p,45,0.02778480816,0.00574462884,0.20675431,0.01974465404,0.02159117506,0.0236447358,0.02587889357,0.02977618142,0.03798325226,0.04519929641,0.006131445619,0.02545464237,0.9160070519,0.7454717636,0.9381561516,0.7807678054
translation_sigma0.1000,translation,0.1000,topology_pair,up60k__to__remesh,nicp_p2p,45,0.02265004446,0.00186956052,0.08254114128,0.01944967483,0.01954147096,0.02167812522,0.02264933951,0.02371366482,0.02531968671,0.02746736284,0.002035539595,0.008017688012,0.298109881,0.2474844247,0.2954998629,0.6833319615
translation_sigma0.1000,translation,0.1000,topology_pair,up60k__to__remesh,nicp_p2tri,45,0.02069241447,0.002004145956,0.0968541375,0.0172781459,0.01736224778,0.01963708645,0.02062327435,0.02179171085,0.02362084385,0.02590466368,0.002154624403,0.00862651778,0.3195701376,0.2619629616,0.3179388893,0.6222054516
