F,mean_vertex_error,n_subjects
1,0.0027082519609101957,99
3,0.0026181770841765062,99
5,0.002617182715204219,99
10,0.002612302370453103,99
15,0.002603211353353667,99
